path_loss_db,avg_snr_db,channel,method,label,status,solver_status,solver_name,solve_time_s,error,rate_spectral_efficiency,rate_bps,tx_power_w,system_power_w,energy_efficiency_bit_per_j,sensing_surrogate,delay_fim_per_s2,delay_fim_known_amplitude_per_s2,delay_fim_unknown_amplitude_per_s2,delay_crb_s2,range_rmse_bound_m,psl_db,isl_db,peak_power_w,power_variance_w2,num_active_subcarriers,meets_requirements,max_violation,violated_constraints,slack_power_nonnegative,slack_peak_power,slack_total_power,slack_min_rate,slack_min_sensing,water_level_w,solver_inaccurate,dinkelbach_iterations,dinkelbach_converged,dinkelbach_q_final_bit_per_j,dinkelbach_final_residual_bps,dinkelbach_enforces_min_rate,water_filling_capacity_se
100.0,37.17728766960431,0,uniform,Uniform,ok,closed_form,numpy,2.5809999897319358e-06,,747.6131183152127,11214196.77472819,1.0,3.357142857142857,3340399.0392807373,76781250000.0,2.0255998281153943e+18,2.0255998281153943e+18,2.0255998281153943e+18,4.936809265680052e-19,0.10532073506634214,-13.256466474732292,-9.684463547443015,0.015625,0.0,64,False,29767500000.0,min_sensing,0.015625,0.046875,0.0,74.76126001329396,-29767500000.0,,,,,,,,747.6131758910208
100.0,37.17728766960431,0,water_filling,Water-filling (comm. only),ok,closed_form,numpy,0.00015341100015575648,,747.6131758910208,11214197.638365312,0.9999999999997392,3.357142857142112,3340399.2965350896,76774229460.39888,2.02541461618137e+18,2.02541461618137e+18,2.0254145808580774e+18,4.937260707071213e-19,0.10532555042882584,-13.250836493669457,-9.685928067493741,0.0156332741611287,3.0585857640229047e-10,64,False,29774520539.60112,min_sensing,0.015517563475463575,0.046866725838871304,2.6079138848444927e-13,74.76131758910208,-29774520539.60112,0.015634298530472684,,,,,,,747.6131758910208
100.0,37.17728766960431,0,max_rate_isac,Max-rate ISAC,ok,optimal,CLARABEL,0.008077989999947022,,740.101950160712,11101529.25241068,0.999999999912863,3.3571428568938946,3306838.500963307,106548750020.77557,2.8109093004866826e+18,2.8109093004866826e+18,2.8109092668144686e+18,3.557567651958245e-19,0.08940612885736711,-7.91820875229639,-2.233079157671657,0.03941709548769962,5.257779588891262e-05,64,True,0.0,,0.009966276684857852,0.023082904512300377,8.713696431073004e-11,67.25009185879333,20.77557373046875,,False,,,,,,747.6131758910208
100.0,37.17728766960431,0,dinkelbach_ee_isac,Dinkelbach EE-ISAC,ok,optimal,CLARABEL,0.01956437999933769,,626.058848827695,9390882.732415425,0.624126706910135,2.283219162600386,4113001.0146376113,106548750001.16711,2.8109092999693834e+18,2.8109092999693834e+18,2.810909296400779e+18,3.5575676526129536e-19,0.08940612886559393,-2.1178268859160094,6.7382369441137495,0.06249999975720524,0.00031033259494370294,64,False,46.79300947422371,min_rate,0.00172529768141036,2.4279476346089623e-10,0.37587329308986495,-46.79300947422371,1.1671142578125,,False,5.0,True,4113001.0152716576,-0.0014476664364337921,False,747.6131758910208
100.0,37.17728766960431,1,uniform,Uniform,ok,closed_form,numpy,1.922000137710711e-06,,755.0845779222625,11326268.668833937,1.0,3.357142857142857,3373782.156673939,76781250000.0,2.0255998281153943e+18,2.0255998281153943e+18,2.0255998281153943e+18,4.936809265680052e-19,0.10532073506634214,-13.256466474732292,-9.684463547443015,0.015625,0.0,64,False,29767500000.0,min_sensing,0.015625,0.046875,0.0,75.50842486575868,-29767500000.0,,,,,,,,755.0846145072264
100.0,37.17728766960431,1,water_filling,Water-filling (comm. only),ok,closed_form,numpy,0.0001761139997142891,,755.0846145072264,11326269.217608396,1.0000000000007594,3.357142857145027,3373782.3201364903,76791585416.49728,2.0258724912705313e+18,2.0258724912705313e+18,2.0258724859548744e+18,4.936144818141281e-19,0.10531364724359543,-13.252223324333318,-9.680967851451992,0.015633396960478052,1.9404928544087267e-10,64,False,29757164583.502716,min_sensing,0.015558120254730192,0.04686660303952195,-7.593925488436071e-13,75.50846145072262,-29757164583.502716,0.015633912668915083,,,,,,,755.0846145072264
100.0,37.17728766960431,1,max_rate_isac,Max-rate ISAC,ok,optimal,CLARABEL,0.006122605999735242,,747.5813184879698,11213719.777319547,0.9999999999360213,3.357142856960061,3340256.9551281244,106548750015.82216,2.810909300356005e+18,2.810909300356005e+18,2.810909293986195e+18,3.5575676521236345e-19,0.08940612885944534,-7.919497848956513,-2.2324207880227176,0.03941381523505409,5.259486356592796e-05,64,True,0.0,,0.010072738069750306,0.023086184764945908,6.397871121777143e-11,68.00516543146603,15.822158813476562,,False,,,,,,755.0846145072264
100.0,37.17728766960431,1,dinkelbach_ee_isac,Dinkelbach EE-ISAC,ok,optimal,CLARABEL,0.019838705000438495,,632.7286082655526,9490929.123983288,0.6230495040700931,2.280141440200266,4162429.9951978833,106548750001.42963,2.810909299976309e+18,2.810909299976309e+18,2.810909295930432e+18,3.557567652604188e-19,0.0894061288654838,-2.0957278190633675,6.755461203431935,0.062499999820635053,0.0003110303484283384,64,False,46.84754479095125,min_rate,0.001769668381963587,1.7936494650649948e-10,0.3769504959299069,-46.84754479095125,1.42962646484375,,False,5.0,True,4162429.9966250863,-0.0032542236149311066,False,755.0846145072264
100.0,37.17728766960431,2,uniform,Uniform,ok,closed_form,numpy,1.5740001799713355e-06,,735.6212926138609,11034319.389207913,1.0,3.357142857142857,3286818.5414661868,76781250000.0,2.0255998281153943e+18,2.0255998281153943e+18,2.0255998281153943e+18,4.936809265680052e-19,0.10532073506634214,-13.256466474732292,-9.684463547443015,0.015625,0.0,64,False,29767500000.0,min_sensing,0.015625,0.046875,0.0,73.55796995538253,-29767500000.0,,,,,,,,735.6259140649759
100.0,37.17728766960431,2,water_filling,Water-filling (comm. only),ok,closed_form,numpy,0.00015157600000748062,,735.6259140649759,11034388.710974637,0.9999999999991349,3.357142857140386,3286839.190505503,76721057508.1643,2.0240118635912922e+18,2.0240118635912922e+18,2.0240060157949975e+18,4.940682502846878e-19,0.10536204233413489,-13.295314665763806,-9.70214993071507,0.015653143743959323,2.5821703925205167e-08,64,False,29827692491.835693,min_sensing,0.014352329740497528,0.04684685625604068,8.65085780787922e-13,73.56259140649752,-29827692491.835693,0.015653552330518062,,,,,,,735.6259140649759
100.0,37.17728766960431,2,max_rate_isac,Max-rate ISAC,ok,optimal,CLARABEL,0.005816887000037241,,728.1068205460958,10921602.308191437,0.9999999999352526,3.3571428569578647,3253243.240917142,106548750014.45033,2.810909300319814e+18,2.810909300319814e+18,2.810903453668822e+18,3.5575676521694384e-19,0.08940612886002089,-7.9334012911379475,-2.2248184723424504,0.039496796747277435,5.279288152219205e-05,64,True,0.0,,0.010082036247219919,0.023003203252722565,6.474742964002189e-11,66.04349788761749,14.450332641601562,,False,,,,,,735.6259140649759
100.0,37.17728766960431,2,dinkelbach_ee_isac,Dinkelbach EE-ISAC,ok,optimal,CLARABEL,0.018604360000153974,,615.3245033410316,9229867.550115474,0.6254196705743167,2.286913344498048,4035949.8414406804,106548750000.10922,2.810909299941475e+18,2.810909299941475e+18,2.8109001688678835e+18,3.5575676526482756e-19,0.08940612886603778,-2.151748890066345,6.723607513503712,0.06249999994734022,0.0003098796682961131,64,False,46.73881931744677,min_rate,0.0018666316800733463,5.2659779314900845e-11,0.3745803294256833,-46.73881931744677,0.109222412109375,,False,5.0,True,4035949.8413328324,0.00024664029479026794,False,735.6259140649759
100.0,37.17728766960431,3,uniform,Uniform,ok,closed_form,numpy,1.430999873264227e-06,,732.7091247920135,10990636.871880203,1.0,3.357142857142857,3273806.7277941033,76781250000.0,2.0255998281153943e+18,2.0255998281153943e+18,2.0255998281153943e+18,4.936809265680052e-19,0.10532073506634214,-13.256466474732292,-9.684463547443015,0.015625,0.0,64,False,29767500000.0,min_sensing,0.015625,0.046875,0.0,73.27058989264037,-29767500000.0,,,,,,,,732.7094832215257
100.0,37.17728766960431,3,water_filling,Water-filling (comm. only),ok,closed_form,numpy,0.00013975799993204419,,732.7094832215257,10990642.248322885,0.9999999999993575,3.357142857141022,3273808.3292894578,76787119983.05254,2.0257546867125427e+18,2.0257546867125427e+18,2.0257545405298417e+18,4.936431871831584e-19,0.10531670937332449,-13.238552288910082,-9.680509691757885,0.01564342571603028,1.9123375709138333e-09,64,False,29761630016.947464,min_sensing,0.015435123804856682,0.04685657428396972,6.424860643505781e-13,73.27094832215255,-29761630016.947464,0.01564380496705896,,,,,,,732.7094832215257
100.0,37.17728766960431,3,max_rate_isac,Max-rate ISAC,ok,optimal,CLARABEL,0.0063433259997509595,,725.2130323335314,10878195.48500297,0.9999999999625617,3.3571428570358908,3240313.548827533,106548750008.94144,2.810909300174482e+18,2.810909300174482e+18,2.810909153420309e+18,3.557567652353375e-19,0.08940612886233217,-7.9130053932463635,-2.235605239814942,0.03941775588117805,5.251233630304443e-05,64,True,0.0,,0.009989596007176457,0.023082244118821947,3.7438274702594754e-11,65.7744974341582,8.941436767578125,,False,,,,,,732.7094832215257
100.0,37.17728766960431,3,dinkelbach_ee_isac,Dinkelbach EE-ISAC,ok,optimal,CLARABEL,0.01953200799971455,,612.6890101865027,9190335.15279754,0.6257257343650164,2.2877878124714757,4017127.420077174,106548749999.4739,2.8109092999247145e+18,2.8109092999247145e+18,2.810909298902682e+18,3.557567652669488e-19,0.08940612886630432,-2.148109336684743,6.711201661399549,0.06249999989893412,0.000309219665388239,64,False,46.749524712870425,min_rate,0.001717245316505771,1.0106587788882848e-10,0.37427426563498356,-46.749524712870425,-0.526092529296875,,False,5.0,True,4017127.41926383,0.001860758289694786,False,732.7094832215257
100.0,37.17728766960431,4,uniform,Uniform,ok,closed_form,numpy,1.5440000424860045e-06,,717.6236533305978,10764354.799958967,1.0,3.357142857142857,3206403.557434586,76781250000.0,2.0255998281153943e+18,2.0255998281153943e+18,2.0255998281153943e+18,4.936809265680052e-19,0.10532073506634214,-13.256466474732292,-9.684463547443015,0.015625,0.0,64,False,29767500000.0,min_sensing,0.015625,0.046875,0.0,71.76114050937883,-29767500000.0,,,,,,,,717.6250142457989
100.0,37.17728766960431,4,water_filling,Water-filling (comm. only),ok,closed_form,numpy,0.00014089999967836775,,717.6250142457989,10764375.213686982,0.9999999999991764,3.3571428571405044,3206409.6381217735,76826311841.85344,2.026788624326877e+18,2.026788624326877e+18,2.0267884874606418e+18,4.933913620775887e-19,0.10528984302999567,-13.25135234492409,-9.669052786511207,0.015654899685141995,7.335690161692621e-09,64,False,29722438158.14656,min_sensing,0.015150071630872425,0.046845100314858,8.235634396669411e-13,71.76250142457991,-29722438158.14656,0.015655635810370192,,,,,,,717.6250142457989
100.0,37.17728766960431,4,max_rate_isac,Max-rate ISAC,ok,optimal,CLARABEL,0.00601060700000744,,710.1579124493119,10652368.686739678,0.9999999999271638,3.357142856934754,3173045.991991489,106548750017.44595,2.810909300398843e+18,2.810909300398843e+18,2.8109091772850145e+18,3.557567652069417e-19,0.08940612885876406,-7.918849268091828,-2.2337597373585254,0.03937455096489633,5.2560236857965666e-05,64,True,0.0,,0.009820971119229808,0.02312544903510367,7.28361815305334e-11,64.29539962809292,17.445953369140625,,False,,,,,,717.6250142457989
100.0,37.17728766960431,4,dinkelbach_ee_isac,Dinkelbach EE-ISAC,ok,optimal,CLARABEL,0.019094004000180576,,599.1787019227193,8987680.52884079,0.6272670465768788,2.2921915616482256,3920998.872527957,106548750000.4921,2.8109092999515766e+18,2.8109092999515766e+18,2.8109091988741023e+18,3.5575676526354904e-19,0.08940612886587712,-2.182111424635527,6.68726944747119,0.06249999983437169,0.0003082637044983553,64,False,46.6838108984997,min_rate,0.0015789413427358865,1.656283096784783e-10,0.3727329534231212,-46.6838108984997,0.492095947265625,,False,5.0,True,3920998.8729369747,-0.0009375475347042084,False,717.6250142457989
100.0,37.17728766960431,5,uniform,Uniform,ok,closed_form,numpy,1.8089999684889335e-06,,738.8205492789507,11082308.23918426,1.0,3.357142857142857,3301113.0925229713,76781250000.0,2.0255998281153943e+18,2.0255998281153943e+18,2.0255998281153943e+18,4.936809265680052e-19,0.10532073506634214,-13.256466474732292,-9.684463547443015,0.015625,0.0,64,False,29767500000.0,min_sensing,0.015625,0.046875,0.0,73.88191403755616,-29767500000.0,,,,,,,,738.8207058237717
100.0,37.17728766960431,5,water_filling,Water-filling (comm. only),ok,closed_form,numpy,0.00013477700031216955,,738.8207058237717,11082310.587356577,0.9999999999993441,3.357142857140983,3301113.7919803974,76777083007.41612,2.0254898968566344e+18,2.0254898968566344e+18,2.025489894951912e+18,4.937077205627655e-19,0.1053235931116736,-13.2498742976657,-9.685006756977582,0.01563785929303663,8.337241057357036e-10,64,False,29771666992.583878,min_sensing,0.015447804445391095,0.04686214070696337,6.559197629485425e-13,73.8820705823772,-29771666992.583878,0.015638577003250713,,,,,,,738.8207058237717
100.0,37.17728766960431,5,max_rate_isac,Max-rate ISAC,ok,optimal,CLARABEL,0.006298841999978322,,731.3147277402911,10969720.916104367,0.9999999999477188,3.3571428569934825,3267576.4432403073,106548750012.65097,2.810909300272344e+18,2.810909300272344e+18,2.810909298472513e+18,3.557567652229518e-19,0.08940612886077583,-7.917791870059334,-2.2327457099443127,0.039417413473714046,5.258637910583248e-05,64,True,0.0,,0.010024984533570513,0.023082586526285954,5.228117938571586e-11,66.37609249889658,12.650970458984375,,False,,,,,,738.8207058237717
100.0,37.17728766960431,5,dinkelbach_ee_isac,Dinkelbach EE-ISAC,ok,optimal,CLARABEL,0.019427120999353065,,618.1919282887309,9272878.924330963,0.6251726302051448,2.286207514871842,4056009.2922495585,106548750000.20947,2.81090929994412e+18,2.81090929994412e+18,2.81090929179896e+18,3.557567652644928e-19,0.08940612886599572,-2.1389002892403304,6.721803828661452,0.06249999994903535,0.0003096848357397438,64,False,46.74670695266366,min_rate,0.0017435586449744541,5.096464916753973e-11,0.3748273697948552,-46.74670695266366,0.20947265625,,False,5.0,True,4056009.2916025524,0.0014791898429393768,False,738.8207058237717
100.0,37.17728766960431,6,uniform,Uniform,ok,closed_form,numpy,1.4799998098169453e-06,,699.632633136548,10494489.49704822,1.0,3.357142857142857,3126018.1480569164,76781250000.0,2.0255998281153943e+18,2.0255998281153943e+18,2.0255998281153943e+18,4.936809265680052e-19,0.10532073506634214,-13.256466474732292,-9.684463547443015,0.015625,0.0,64,False,29767500000.0,min_sensing,0.015625,0.046875,0.0,69.9628052300261,-29767500000.0,,,,,,,,699.6331421183576
100.0,37.17728766960431,6,water_filling,Water-filling (comm. only),ok,closed_form,numpy,0.00014751900016563013,,699.6331421183576,10494497.131775364,0.99999999999987,3.357142857142486,3126020.4222313054,76797390299.2128,2.0260256324271393e+18,2.0260256324271393e+18,2.0260251732835674e+18,4.935771709867359e-19,0.10530966699816745,-13.240986011767395,-9.677869741707287,0.01564597678579638,2.726571457848336e-09,64,False,29751359700.7872,min_sensing,0.015322754205169514,0.04685402321420362,1.3000711618360583e-13,69.96331421183572,-29751359700.7872,0.015646955731030074,,,,,,,699.6331421183576
100.0,37.17728766960431,6,max_rate_isac,Max-rate ISAC,ok,optimal,CLARABEL,0.005978886999855604,,692.1444372940874,10382166.559411312,0.9999999998999427,3.357142856856979,3092560.252002887,106548750022.2172,2.810909300524715e+18,2.810909300524715e+18,2.810908851043195e+18,3.55756765191011e-19,0.08940612885676226,-7.914674663063936,-2.23340949211703,0.03940767742666216,5.2569083256698076e-05,64,True,0.0,,0.00977294638299839,0.02309232257333784,1.0005729578210776e-10,62.47460938756558,22.217193603515625,,False,,,,,,699.6331421183576
100.0,37.17728766960431,6,dinkelbach_ee_isac,Dinkelbach EE-ISAC,ok,optimal,CLARABEL,0.019144047999361646,,583.2775217221069,8749162.825831603,0.6305303289182893,2.3015152254808267,3801479.44665617,106548750000.14758,2.810909299942487e+18,2.810909299942487e+18,2.810908442148687e+18,3.5575676526469944e-19,0.08940612886602169,-2.2483521291290796,6.63812055287675,0.06249999985497748,0.0003064380897131022,64,False,46.392306184414906,min_rate,0.0016687877379382874,1.4502252176917807e-10,0.3694696710817107,-46.392306184414906,0.1475830078125,,False,5.0,True,3801479.446783852,-0.00029386207461357117,False,699.6331421183576
100.0,37.17728766960431,7,uniform,Uniform,ok,closed_form,numpy,1.431000328011578e-06,,723.8835537366504,10858253.306049755,1.0,3.357142857142857,3234373.32520631,76781250000.0,2.0255998281153943e+18,2.0255998281153943e+18,2.0255998281153943e+18,4.936809265680052e-19,0.10532073506634214,-13.256466474732292,-9.684463547443015,0.015625,0.0,64,False,29767500000.0,min_sensing,0.015625,0.046875,0.0,72.38354154921421,-29767500000.0,,,,,,,,723.8889024304846
100.0,37.17728766960431,7,water_filling,Water-filling (comm. only),ok,closed_form,numpy,0.00015413900018756976,,723.8889024304846,10858333.536457269,1.0000000000005815,3.357142857144519,3234397.223623968,76778235664.74863,2.0255203056152123e+18,2.0255203056152123e+18,2.0255168594040883e+18,4.937003086208358e-19,0.1053228025069763,-13.29212951812268,-9.683263790594763,0.015658514303684257,2.999147920829179e-08,64,False,29770514335.251373,min_sensing,0.014261934523722698,0.04684148569631574,-5.81534820298657e-13,72.38889024304842,-29770514335.251373,0.01565921236119954,,,,,,,723.8889024304846
100.0,37.17728766960431,7,max_rate_isac,Max-rate ISAC,ok,optimal,CLARABEL,0.006391241000073933,,716.4021720994757,10746032.581492135,0.9999999999156974,3.357142856901993,3200945.8755677403,106548750020.40643,2.8109093004769444e+18,2.8109093004769444e+18,2.8109058273072374e+18,3.55756765197057e-19,0.08940612885752199,-7.932991921923302,-2.227840754163573,0.039438450261779855,5.271440805377843e-05,64,True,0.0,,0.010094830710336762,0.023061549738220145,8.430256492886201e-11,64.90215991203956,20.40643310546875,,False,,,,,,723.8889024304846
100.0,37.17728766960431,7,dinkelbach_ee_isac,Dinkelbach EE-ISAC,ok,optimal,CLARABEL,0.0194181550009489,,604.7829158652055,9071743.737978082,0.6265230296217673,2.2900657989193354,3961346.325620412,106548750001.02257,2.81090929996557e+18,2.81090929996557e+18,2.8109040285360456e+18,3.55756765261778e-19,0.08940612886565459,-2.174334740236346,6.703001867765462,0.062499999822724486,0.000308949567981523,64,False,46.717096322230645,min_rate,0.0018692674719876837,1.7727551371304884e-10,0.3734769703782327,-46.717096322230645,1.0225677490234375,,False,5.0,True,3961346.326423886,-0.0018400084227323532,False,723.8889024304846
100.0,37.17728766960431,8,uniform,Uniform,ok,closed_form,numpy,1.5729997357993852e-06,,739.6264586922332,11094396.880383497,1.0,3.357142857142857,3304713.964369552,76781250000.0,2.0255998281153943e+18,2.0255998281153943e+18,2.0255998281153943e+18,4.936809265680052e-19,0.10532073506634214,-13.256466474732292,-9.684463547443015,0.015625,0.0,64,False,29767500000.0,min_sensing,0.015625,0.046875,0.0,73.96245110372001,-29767500000.0,,,,,,,,739.626675098348
100.0,37.17728766960431,8,water_filling,Water-filling (comm. only),ok,closed_form,numpy,0.0001370820000374806,,739.626675098348,11094400.126475219,0.9999999999997471,3.3571428571421347,3304714.931291202,76797164956.71307,2.0260196875678318e+18,2.0260196875678318e+18,2.0260195324692227e+18,4.935786192682393e-19,0.10530982150078619,-13.256142426036659,-9.6793612901273,0.01563892779326892,1.1546476114674834e-09,64,False,29751585043.286926,min_sensing,0.015404089030774415,0.04686107220673108,2.5290880500961066e-13,73.96266750983477,-29751585043.286926,0.015639442313898157,,,,,,,739.626675098348
100.0,37.17728766960431,8,max_rate_isac,Max-rate ISAC,ok,optimal,CLARABEL,0.00602286000003005,,732.1310558497581,10981965.837746372,0.9999999999129885,3.357142856894253,3271223.866804991,106548750021.443,2.8109093005042903e+18,2.8109093005042903e+18,2.810909155786082e+18,3.55756765193596e-19,0.08940612885708708,-7.920765400498855,-2.2326376728082966,0.039409460077790184,5.2589347201411326e-05,64,True,0.0,,0.010009850390553422,0.023090539922209816,8.70115091089474e-11,66.46704826124494,21.4429931640625,,False,,,,,,739.626675098348
100.0,37.17728766960431,8,dinkelbach_ee_isac,Dinkelbach EE-ISAC,ok,optimal,CLARABEL,0.018922242000371625,,618.8916134701539,9283374.202052308,0.6249126839666811,2.285464811333375,4061919.5517765363,106548750001.22234,2.8109092999708406e+18,2.8109092999708406e+18,2.8109091027746975e+18,3.5575676526111095e-19,0.08940612886557077,-2.134987247566597,6.725648963956584,0.062499999846812385,0.00030981334365389065,64,False,46.77239411835933,min_rate,0.0017739384339948818,1.5318761537042036e-10,0.3750873160333189,-46.77239411835933,1.2223358154296875,,False,5.0,True,4061919.5518463226,-0.0001594945788383484,False,739.626675098348
100.0,37.17728766960431,9,uniform,Uniform,ok,closed_form,numpy,1.7190000107802916e-06,,752.449387418264,11286740.81127396,1.0,3.357142857142857,3362007.9012305415,76781250000.0,2.0255998281153943e+18,2.0255998281153943e+18,2.0255998281153943e+18,4.936809265680052e-19,0.10532073506634214,-13.256466474732292,-9.684463547443015,0.015625,0.0,64,False,29767500000.0,min_sensing,0.015625,0.046875,0.0,75.24484387061057,-29767500000.0,,,,,,,,752.4494928307261
100.0,37.17728766960431,9,water_filling,Water-filling (comm. only),ok,closed_form,numpy,0.00013946300032330328,,752.4494928307261,11286742.39246089,1.0000000000006168,3.35714285714462,3362008.3722206275,76796495209.84418,2.0260020186819704e+18,2.0260020186819704e+18,2.0260020087436365e+18,4.935829237971623e-19,0.10531028070643905,-13.24658357721976,-9.67889770172306,0.01563448309203252,5.610956627241258e-10,64,False,29752254790.155823,min_sensing,0.015475316932677377,0.046865516907967475,-6.16839912481737e-13,75.24494928307263,-29752254790.155823,0.015634997052618043,,,,,,,752.4494928307261
100.0,37.17728766960431,9,max_rate_isac,Max-rate ISAC,ok,optimal,CLARABEL,0.006267589000344742,,744.9495224714503,11174242.837071756,0.9999999999125234,3.3571428568929242,3328497.8666096,106548750020.23822,2.810909300472507e+18,2.810909300472507e+18,2.810909291102888e+18,3.5575676519761863e-19,0.08940612885759255,-7.917338244994381,-2.2331438766476857,0.03940627254512826,5.257605985575774e-05,64,True,0.0,,0.01001792596787388,0.02309372745487174,8.747658153396287e-11,67.74497892379691,20.23822021484375,,False,,,,,,752.4494928307261
100.0,37.17728766960431,9,dinkelbach_ee_isac,Dinkelbach EE-ISAC,ok,optimal,CLARABEL,0.018102542999713478,,630.3621792816941,9455432.689225411,0.6233287317760567,2.2809392336458765,4145411.920558599,106548749999.92036,2.810909299936492e+18,2.810909299936492e+18,2.810909285075012e+18,3.557567652654582e-19,0.08940612886611703,-2.100241490783511,6.750135096895171,0.06249999993826409,0.0003107969150236983,64,False,46.842364265959304,min_rate,0.001693487520348645,6.173590805236273e-11,0.37667126822394326,-46.842364265959304,-0.0796356201171875,,False,5.0,True,4145411.920045666,0.0011699683964252472,False,752.4494928307261
100.0,37.17728766960431,10,uniform,Uniform,ok,closed_form,numpy,1.4239999472920317e-06,,749.1845291212463,11237767.936818695,1.0,3.357142857142857,3347420.2364991857,76781250000.0,2.0255998281153943e+18,2.0255998281153943e+18,2.0255998281153943e+18,4.936809265680052e-19,0.10532073506634214,-13.256466474732292,-9.684463547443015,0.015625,0.0,64,False,29767500000.0,min_sensing,0.015625,0.046875,0.0,74.91825665972476,-29767500000.0,,,,,,,,749.1847471794683
100.0,37.17728766960431,10,water_filling,Water-filling (comm. only),ok,closed_form,numpy,0.00013810600012220675,,749.1847471794683,11237771.207692025,1.0000000000002747,3.357142857143642,3347421.2108010976,76807836959.89195,2.0263012303638246e+18,2.0263012303638246e+18,2.0263011967394964e+18,4.935100393836551e-19,0.10530250515237884,-13.2380235266127,-9.674633251740016,0.015639965705940284,1.1619555596817425e-09,64,False,29740913040.108047,min_sensing,0.015423375909519721,0.046860034294059716,-2.7466917629226373e-13,74.91847471794676,-29740913040.108047,0.015640617510455614,,,,,,,749.1847471794683
100.0,37.17728766960431,10,max_rate_isac,Max-rate ISAC,ok,optimal,CLARABEL,0.006211254999925586,,741.6952778931909,11125429.168397864,0.9999999999716436,3.357142857061839,3313957.624709127,106548750007.39209,2.8109093001336074e+18,2.8109093001336074e+18,2.810909265629103e+18,3.557567652405107e-19,0.0894061288629822,-7.914145104412077,-2.2341938163422594,0.03939531457414835,5.2548776282336466e-05,64,True,0.0,,0.00999672974694314,0.023104685425851652,2.8356428316556048e-11,67.42900543166934,7.39208984375,,False,,,,,,749.1847471794683
100.0,37.17728766960431,10,dinkelbach_ee_isac,Dinkelbach EE-ISAC,ok,optimal,CLARABEL,0.018450338999628002,,627.4018760363589,9411028.140545383,0.6234780738709174,2.2813659253454786,4125172.5713928267,106548750000.44467,2.810909299950324e+18,2.810909299950324e+18,2.8109092861273743e+18,3.5575676526370754e-19,0.08940612886589704,-2.1010988778259834,6.7464931422333505,0.062499999931814786,0.00031062897164177834,64,False,46.86439642516268,min_rate,0.0016624936122421636,6.818521441909198e-11,0.37652192612908264,-46.86439642516268,0.444671630859375,,False,5.0,True,4125172.570679223,0.0016279909759759903,False,749.1847471794683
100.0,37.17728766960431,11,uniform,Uniform,ok,closed_form,numpy,1.5159998838498723e-06,,725.1289022472342,10876933.533708513,1.0,3.357142857142857,3239937.6483387058,76781250000.0,2.0255998281153943e+18,2.0255998281153943e+18,2.0255998281153943e+18,4.936809265680052e-19,0.10532073506634214,-13.256466474732292,-9.684463547443015,0.015625,0.0,64,False,29767500000.0,min_sensing,0.015625,0.046875,0.0,72.51179423077156,-29767500000.0,,,,,,,,725.1301200182919
100.0,37.17728766960431,11,water_filling,Water-filling (comm. only),ok,closed_form,numpy,0.00014413100007004687,,725.1301200182919,10876951.800274378,0.9999999999994642,3.3571428571413264,3239943.089444909,76750921671.70383,2.0247997231863427e+18,2.0247997231863427e+18,2.024798726968264e+18,4.938760058828642e-19,0.10534154189362799,-13.281076342243024,-9.694868743007703,0.01564529100051537,6.6225387802941005e-09,64,False,29797828328.296173,min_sensing,0.014990152027502836,0.04685470899948463,5.357936316841005e-13,72.51301200182922,-29797828328.296173,0.015645913367701155,,,,,,,725.1301200182919
100.0,37.17728766960431,11,max_rate_isac,Max-rate ISAC,ok,optimal,CLARABEL,0.006021456999860675,,717.618327855062,10764274.91782593,0.9999999999634197,3.357142857038342,3206379.7628564816,106548750008.33221,2.8109093001584087e+18,2.8109093001584087e+18,2.8109083031184604e+18,3.557567652373718e-19,0.0894061288625878,-7.9287943249340795,-2.2284900811207193,0.0394664812866916,5.269709353051142e-05,64,True,0.0,,0.010085496223918357,0.0230335187133084,3.658029434916443e-11,65.00121983859935,8.33221435546875,,False,,,,,,725.1301200182919
100.0,37.17728766960431,11,dinkelbach_ee_isac,Dinkelbach EE-ISAC,ok,optimal,CLARABEL,0.020325288999629265,,605.9883299465341,9089824.949198011,0.6270309390290615,2.291516968654461,3966728.1864098078,106548750000.05087,2.8109092999399357e+18,2.8109092999399357e+18,2.810907696968348e+18,3.5575676526502232e-19,0.08940612886606225,-2.183282833897559,6.695690194420257,0.06249999990814906,0.00030870075507233476,64,False,46.62877806992856,min_rate,0.001905674289221325,9.185093657881893e-11,0.3729690609709385,-46.62877806992856,0.050872802734375,,False,5.0,True,3966728.1852413146,0.0026776213198900223,False,725.1301200182919
100.0,37.17728766960431,12,uniform,Uniform,ok,closed_form,numpy,1.421999968442833e-06,,756.1475442450228,11342213.163675342,1.0,3.357142857142857,3378531.580669251,76781250000.0,2.0255998281153943e+18,2.0255998281153943e+18,2.0255998281153943e+18,4.936809265680052e-19,0.10532073506634214,-13.256466474732292,-9.684463547443015,0.015625,0.0,64,False,29767500000.0,min_sensing,0.015625,0.046875,0.0,75.61472528644333,-29767500000.0,,,,,,,,756.1475766206438
100.0,37.17728766960431,12,water_filling,Water-filling (comm. only),ok,closed_form,numpy,0.0001472760000069684,,756.1475766206438,11342213.649309658,1.0000000000006335,3.3571428571446673,3378531.7253244594,76787111094.91257,2.0257544522306243e+18,2.0257544522306243e+18,2.0257544521596055e+18,4.936432443225621e-19,0.10531671546855072,-13.252152678878875,-9.682295011357267,0.015632794459410352,1.71742185293681e-10,64,False,29761638905.087433,min_sensing,0.015553481840348713,0.04686720554058965,-6.334932578511143e-13,75.61475766206433,-29761638905.087433,0.015633360666516643,,,,,,,756.1475766206438
100.0,37.17728766960431,12,max_rate_isac,Max-rate ISAC,ok,optimal,CLARABEL,0.006320238999705907,,748.6416450202313,11229624.67530347,0.9999999999118403,3.3571428568909725,3344994.5843839217,106548750021.61389,2.8109093005087985e+18,2.8109093005087985e+18,2.8109093004757243e+18,3.5575676519302543e-19,0.08940612885701539,-7.9192866301203715,-2.232469385326194,0.03941544938486539,5.259359596391792e-05,64,True,0.0,,0.010039707224423615,0.023084550615134612,8.815970176101473e-11,68.10882606165183,21.6138916015625,,False,,,,,,756.1475766206438
100.0,37.17728766960431,12,dinkelbach_ee_isac,Dinkelbach EE-ISAC,ok,optimal,CLARABEL,0.01781163599980573,,633.6836635921916,9505254.953882873,0.6229506845006322,2.279859098573235,4169229.1246557226,106548750000.10779,2.810909299941437e+18,2.810909299941437e+18,2.8109092966975775e+18,3.5575676526483233e-19,0.08940612886603838,-2.093696950753457,6.757084363589906,0.06249999992879297,0.000311097810677061,64,False,46.84915536638789,min_rate,0.001763733107756549,7.120703332530454e-11,0.3770493154993678,-46.84915536638789,0.1077880859375,,False,5.0,True,4169229.12421489,0.0010050367563962936,False,756.1475766206438
100.0,37.17728766960431,13,uniform,Uniform,ok,closed_form,numpy,1.6859999050211627e-06,,723.5518855662422,10853278.283493632,1.0,3.357142857142857,3232891.403593848,76781250000.0,2.0255998281153943e+18,2.0255998281153943e+18,2.0255998281153943e+18,4.936809265680052e-19,0.10532073506634214,-13.256466474732292,-9.684463547443015,0.015625,0.0,64,False,29767500000.0,min_sensing,0.015625,0.046875,0.0,72.33435441961376,-29767500000.0,,,,,,,,723.5750346073648
100.0,37.17728766960431,13,water_filling,Water-filling (comm. only),ok,closed_form,numpy,0.0001409020001119643,,723.5750346073648,10853625.519110473,0.9999999999995355,3.3571428571415303,3232994.835480993,76577656552.55566,2.020228740093922e+18,2.020228740093922e+18,2.0201760972768084e+18,4.94993453045079e-19,0.10546064779872687,-13.376463988594494,-9.73486880702336,0.015699096741800037,1.3586575969910037e-07,64,False,29971093447.444336,min_sensing,0.012932761509455545,0.046800903258199966,4.645173135031655e-13,72.35750346073644,-29971093447.444336,0.015699671419044832,,,,,,,723.5750346073648
100.0,37.17728766960431,13,max_rate_isac,Max-rate ISAC,ok,optimal,CLARABEL,0.006029545000274084,,716.0295232476778,10740442.848715167,0.9999999999390791,3.3571428569687973,3199280.848719329,106548750015.23627,2.810909300340548e+18,2.810909300340548e+18,2.8108566565692774e+18,3.5575676521431967e-19,0.08940612885969114,-7.958665952391474,-2.2072823265103865,0.0396916239315995,5.32542348687766e-05,64,True,0.0,,0.010108240166542265,0.0228083760684005,6.092093496334883e-11,64.81199210104944,15.23626708984375,,False,,,,,,723.5750346073648
100.0,37.17728766960431,13,dinkelbach_ee_isac,Dinkelbach EE-ISAC,ok,optimal,CLARABEL,0.021087680000619002,,604.485084960491,9067276.274407364,0.6262989656153173,2.289425616043764,3960502.674061998,106548750001.90796,2.8109092999889285e+18,2.8109092999889285e+18,2.810824159832019e+18,3.557567652588217e-19,0.08940612886528311,-2.1807556014008136,6.7204216622976345,0.06249999989443182,0.0003100439505055647,64,False,46.732446186137395,min_rate,0.0019035182728288239,1.0556817919837869e-10,0.3737010343846827,-46.732446186137395,1.907958984375,,False,5.0,True,3960502.6739507965,0.00025458820164203644,False,723.5750346073648
100.0,37.17728766960431,14,uniform,Uniform,ok,closed_form,numpy,1.3479998415277805e-06,,748.8365932329813,11232548.898494719,1.0,3.357142857142857,3345865.629338852,76781250000.0,2.0255998281153943e+18,2.0255998281153943e+18,2.0255998281153943e+18,4.936809265680052e-19,0.10532073506634214,-13.256466474732292,-9.684463547443015,0.015625,0.0,64,False,29767500000.0,min_sensing,0.015625,0.046875,0.0,74.87757313205464,-29767500000.0,,,,,,,,748.8433556676962
100.0,37.17728766960431,14,water_filling,Water-filling (comm. only),ok,closed_form,numpy,0.0001394149999214278,,748.8433556676962,11232650.335015442,0.9999999999993758,3.357142857141074,3345895.844474462,76875461476.60933,2.0280852623955914e+18,2.0280852623955914e+18,2.0280851255371359e+18,4.930759167485846e-19,0.10525617959153209,-13.241353022802391,-9.647542259848404,0.015662443244144342,3.7884927051609577e-08,64,False,29673288523.39067,min_sensing,0.014188107035954052,0.04683755675585566,6.24167384444263e-13,74.88433556676955,-29673288523.39067,0.015663209674710576,,,,,,,748.8433556676962
100.0,37.17728766960431,14,max_rate_isac,Max-rate ISAC,ok,optimal,CLARABEL,0.006019607999860455,,741.4064034001925,11121096.051002888,0.9999999999255588,3.3571428569301682,3312666.909019242,106548750019.00111,2.81090930043987e+18,2.81090930043987e+18,2.8109091630250993e+18,3.557567652017492e-19,0.08940612885811158,-7.915621111745336,-2.235156224492827,0.039317244803286154,5.252362414661104e-05,64,True,0.0,,0.009378800918440497,0.023182755196713846,7.444123095723398e-11,67.44738329926588,19.001113891601562,,False,,,,,,748.8433556676962
100.0,37.17728766960431,14,dinkelbach_ee_isac,Dinkelbach EE-ISAC,ok,optimal,CLARABEL,0.01901855100049943,,626.9036507553617,9403554.761330426,0.622227462223959,2.2777927492113115,4128362.7602144303,106548750001.8746,2.8109092999880484e+18,2.8109092999880484e+18,2.8109090409920067e+18,3.5575676525893306e-19,0.0894061288652971,-2.0741995095085533,6.762914793284363,0.06249999981130162,0.00031118613024413115,64,False,47.05536934556494,min_rate,0.0005714657989657179,1.8869838330770605e-10,0.37777253777604103,-47.05536934556494,1.874603271484375,,False,5.0,True,4128362.7593919532,0.0018734317272901535,False,748.8433556676962
100.0,37.17728766960431,15,uniform,Uniform,ok,closed_form,numpy,1.603000328032067e-06,,750.868791891025,11263031.878365375,1.0,3.357142857142857,3354945.6658960693,76781250000.0,2.0255998281153943e+18,2.0255998281153943e+18,2.0255998281153943e+18,4.936809265680052e-19,0.10532073506634214,-13.256466474732292,-9.684463547443015,0.015625,0.0,64,False,29767500000.0,min_sensing,0.015625,0.046875,0.0,75.0868322237634,-29767500000.0,,,,,,,,750.8688440747351
100.0,37.17728766960431,15,water_filling,Water-filling (comm. only),ok,closed_form,numpy,0.0001432060003025981,,750.8688440747351,11263032.661121026,0.9999999999997304,3.357142857142087,3354945.899058096,76767992428.73083,2.0252500743137298e+18,2.0252500743137298e+18,2.0252500318015306e+18,4.937661835854305e-19,0.10532982894015824,-13.255030853925629,-9.68822428736602,0.015634581298167305,2.76842743540888e-10,64,False,29780757571.269165,min_sensing,0.015549227839380054,0.046865418701832695,2.69562150378988e-13,75.08688440747346,-29780757571.269165,0.015635596793164754,,,,,,,750.8688440747351
100.0,37.17728766960431,15,max_rate_isac,Max-rate ISAC,ok,optimal,CLARABEL,0.005734192000090843,,743.3558220690418,11150337.331035627,0.9999999999342934,3.3571428569551243,3321377.077515494,106548750015.41113,2.810909300345161e+18,2.810909300345161e+18,2.810909258256693e+18,3.557567652137358e-19,0.08940612885961778,-7.919518412553263,-2.232439900357937,0.03943330180426939,5.259436548337754e-05,64,True,0.0,,0.010042017379196364,0.02306669819573061,6.570655131099556e-11,67.57386240178016,15.4111328125,,False,,,,,,750.8688440747351
100.0,37.17728766960431,15,dinkelbach_ee_isac,Dinkelbach EE-ISAC,ok,optimal,CLARABEL,0.051217508999798156,,628.9647584538876,9434471.376808314,0.6236741990163768,2.2819262829039335,4134433.0215620263,106548750000.12022,2.810909299941765e+18,2.810909299941765e+18,2.8109092785786435e+18,3.5575676526479083e-19,0.08940612886603316,-2.1090389709494177,6.745837805773565,0.062499999958108954,0.00031064771190573125,64,False,46.817201213374005,min_rate,0.0017588299775003456,4.189104618745887e-11,0.3763258009836232,-46.817201213374005,0.1202239990234375,,False,5.0,True,4134433.021568594,-1.498684287071228e-05,False,750.8688440747351
100.0,37.17728766960431,16,uniform,Uniform,ok,closed_form,numpy,1.6049998521339148e-06,,755.8945975898541,11338418.963847812,1.0,3.357142857142857,3377401.393486582,76781250000.0,2.0255998281153943e+18,2.0255998281153943e+18,2.0255998281153943e+18,4.936809265680052e-19,0.10532073506634214,-13.256466474732292,-9.684463547443015,0.015625,0.0,64,False,29767500000.0,min_sensing,0.015625,0.046875,0.0,75.58939052224571,-29767500000.0,,,,,,,,755.8946745195649
100.0,37.17728766960431,16,water_filling,Water-filling (comm. only),ok,closed_form,numpy,0.00012691799975073081,,755.8946745195649,11338420.117793472,1.0000000000007443,3.357142857144984,3377401.7372129373,76776354804.34645,2.0254706858121052e+18,2.0254706858121052e+18,2.0254705493902088e+18,4.937124032476696e-19,0.10532409259346162,-13.260282702199929,-9.686258190030703,0.015632877044538418,4.092530889205662e-10,64,False,29772395195.65355,min_sensing,0.015485389987192056,0.04686712295546158,-7.442935157087049e-13,75.58946745195647,-29772395195.65355,0.015633786276805374,,,,,,,755.8946745195649
100.0,37.17728766960431,16,max_rate_isac,Max-rate ISAC,ok,optimal,CLARABEL,0.005847557999913988,,748.3839974292865,11225759.961439298,0.9999999998919091,3.3571428568340265,3343843.3930767598,106548750024.8315,2.8109093005936845e+18,2.8109093005936845e+18,2.8109091731687793e+18,3.55756765182282e-19,0.08940612885566541,-7.922179389847534,-2.231381560601023,0.03943748340097404,5.2621880354324335e-05,64,True,0.0,,0.010041624049863043,0.02306251659902596,1.0809086958829539e-10,68.0787903616781,24.831497192382812,,False,,,,,,755.8946745195649
100.0,37.17728766960431,16,dinkelbach_ee_isac,Dinkelbach EE-ISAC,ok,optimal,CLARABEL,0.019465203999516234,,633.4653010893433,9501979.51634015,0.6230359171188657,2.2801026203396164,4167347.307782511,106548750001.5901,2.8109092999805425e+18,2.8109092999805425e+18,2.8109091405522627e+18,3.5575676525988303e-19,0.08940612886541646,-2.097065391454525,6.756688946507479,0.06249999977712779,0.00031109823295631786,64,False,46.839905978265165,min_rate,0.0017776649735929749,2.2287220680095032e-10,0.37696408288113425,-46.839905978265165,1.5901031494140625,,False,5.0,True,4167347.309960661,-0.004966404289007187,False,755.8946745195649
100.0,37.17728766960431,17,uniform,Uniform,ok,closed_form,numpy,1.5690002328483388e-06,,747.2369930068605,11208554.895102909,1.0,3.357142857142857,3338718.479392356,76781250000.0,2.0255998281153943e+18,2.0255998281153943e+18,2.0255998281153943e+18,4.936809265680052e-19,0.10532073506634214,-13.256466474732292,-9.684463547443015,0.015625,0.0,64,False,29767500000.0,min_sensing,0.015625,0.046875,0.0,74.72290681618267,-29767500000.0,,,,,,,,747.2378735451977
100.0,37.17728766960431,17,water_filling,Water-filling (comm. only),ok,closed_form,numpy,0.00013248999994175392,,747.2378735451977,11208568.103177965,1.0000000000000948,3.357142857143128,3338722.4137123157,76767507565.77246,2.025237282931392e+18,2.025237282931392e+18,2.0252365886494328e+18,4.93769302208662e-19,0.10533016157080788,-13.265386281290287,-9.688796742150425,0.015644756415412076,4.744844320752667e-09,64,False,29781242434.22754,min_sensing,0.015151860937081832,0.046855243584587924,-9.481304630298837e-14,74.7237873545198,-29781242434.22754,0.01564551241565078,,,,,,,747.2378735451977
100.0,37.17728766960431,17,max_rate_isac,Max-rate ISAC,ok,optimal,CLARABEL,0.005831300999943778,,739.7336246403976,11096004.369605964,0.9999999999478864,3.357142856993961,3305192.791093049,106548750012.73312,2.8109093002745114e+18,2.8109093002745114e+18,2.810908592939698e+18,3.557567652226775e-19,0.08940612886074135,-7.923347576915224,-2.2302221428444975,0.039442364816017525,5.26519674154344e-05,64,True,0.0,,0.010089908682104062,0.023057635183982475,5.211364673129992e-11,67.21953844971972,12.733123779296875,,False,,,,,,747.2378735451977
100.0,37.17728766960431,17,dinkelbach_ee_isac,Dinkelbach EE-ISAC,ok,optimal,CLARABEL,0.01938419799989788,,625.6765084133349,9385147.626200024,0.6238111219553928,2.2823174913011224,4112113.087671103,106548750000.5028,2.810909299951858e+18,2.810909299951858e+18,2.8109083227355597e+18,3.557567652635134e-19,0.08940612886587265,-2.1130269873114873,6.744806155180566,0.06249999984800563,0.00031063400770127696,64,False,46.83757777734297,min_rate,0.0017538673150586678,1.5199436848023495e-10,0.3761888780446072,-46.83757777734297,0.5028076171875,,False,5.0,True,4112113.0882474803,-0.0013154763728380203,False,747.2378735451977
100.0,37.17728766960431,18,uniform,Uniform,ok,closed_form,numpy,1.3960002434032504e-06,,741.5454796950677,11123182.195426015,1.0,3.357142857142857,3313288.3135311534,76781250000.0,2.0255998281153943e+18,2.0255998281153943e+18,2.0255998281153943e+18,4.936809265680052e-19,0.10532073506634214,-13.256466474732292,-9.684463547443015,0.015625,0.0,64,False,29767500000.0,min_sensing,0.015625,0.046875,0.0,74.15450496430105,-29767500000.0,,,,,,,,741.5455274786295
100.0,37.17728766960431,18,water_filling,Water-filling (comm. only),ok,closed_form,numpy,0.00013946099988970673,,741.5455274786295,11123182.912179444,0.9999999999996979,3.3571428571419943,3313288.5270330263,76776968709.254,2.025486881506695e+18,2.025486881506695e+18,2.025486876043827e+18,4.937084555473062e-19,0.10532367150945904,-13.262380251357635,-9.686296667948536,0.015634072239006255,2.5359975149564373e-10,64,False,29771781290.746002,min_sensing,0.015540251985968373,0.04686592776099374,3.020916850005051e-13,74.15455274786291,-29771781290.746002,0.015634842617990693,,,,,,,741.5455274786295
100.0,37.17728766960431,18,max_rate_isac,Max-rate ISAC,ok,optimal,CLARABEL,0.006071346000226185,,734.0361031767325,11010541.547650987,0.9999999999035416,3.357142856867262,3279735.7804205986,106548750022.72577,2.810909300538131e+18,2.810909300538131e+18,2.8109092962404065e+18,3.5575676518931306e-19,0.08940612885654892,-7.922868199243611,-2.231213412448521,0.039428710446955124,5.2626245539565196e-05,64,True,0.0,,0.010070124995552404,0.023071289553044876,9.645839682548285e-11,66.64512844596584,22.72576904296875,,False,,,,,,741.5455274786295
100.0,37.17728766960431,18,dinkelbach_ee_isac,Dinkelbach EE-ISAC,ok,optimal,CLARABEL,0.018485347000478214,,620.6518697028265,9309778.045542397,0.6249579644957701,2.285594184273629,4073241.9208972924,106548749999.8144,2.8109092999336975e+18,2.8109092999336975e+18,2.8109092930898637e+18,3.5575676526581186e-19,0.08940612886616146,-2.137407028973675,6.726509003528563,0.06249999989702862,0.00030988779650179053,64,False,46.73910502794013,min_rate,0.0018468002871638678,1.0297138142156825e-10,0.3750420355042299,-46.73910502794013,-0.1855926513671875,,False,5.0,True,4073241.920656714,0.0005498640239238739,False,741.5455274786295
100.0,37.17728766960431,19,uniform,Uniform,ok,closed_form,numpy,1.5180003174464218e-06,,723.3787591630139,10850681.38744521,1.0,3.357142857142857,3232117.8600900625,76781250000.0,2.0255998281153943e+18,2.0255998281153943e+18,2.0255998281153943e+18,4.936809265680052e-19,0.10532073506634214,-13.256466474732292,-9.684463547443015,0.015625,0.0,64,False,29767500000.0,min_sensing,0.015625,0.046875,0.0,72.33750197894858,-29767500000.0,,,,,,,,723.3791746489615
100.0,37.17728766960431,19,water_filling,Water-filling (comm. only),ok,closed_form,numpy,0.00014224200003809528,,723.3791746489615,10850687.619734421,1.0000000000007496,3.357142857144999,3232119.716514574,76818389597.68121,2.0265796241291261e+18,2.0265796241291261e+18,2.0265796121583777e+18,4.934422452953093e-19,0.10529527213587066,-13.231222017021532,-9.670703219249756,0.015644697551076444,2.219532357961835e-09,64,False,29730360402.318787,min_sensing,0.015384019882018572,0.04685530244892355,-7.496225862269057e-13,72.33791746489612,-29730360402.318787,0.01564547886242718,,,,,,,723.3791746489615
100.0,37.17728766960431,19,max_rate_isac,Max-rate ISAC,ok,optimal,CLARABEL,0.0056857069998841325,,715.8991300011785,10738486.950017678,0.9999999999078595,3.357142856879599,3198698.240681631,106548750021.95428,2.810909300517779e+18,2.810909300517779e+18,2.810909288830512e+18,3.5575676519188884e-19,0.08940612885687257,-7.911615205912548,-2.2350127217877382,0.03938298385562265,5.2527519344576384e-05,64,True,0.0,,0.009852197496812213,0.023117016144377348,9.214051743811069e-11,64.85787281711316,21.95428466796875,,False,,,,,,723.3791746489615
100.0,37.17728766960431,19,dinkelbach_ee_isac,Dinkelbach EE-ISAC,ok,optimal,CLARABEL,0.020297996999488532,,604.3644308807109,9065466.463210663,0.6268698131625012,2.291056609035718,3956893.263770651,106548750001.57382,2.810909299980113e+18,2.810909299980113e+18,2.81090929460615e+18,3.557567652599374e-19,0.08940612886542329,-2.1700271191526004,6.692286677896147,0.062499999793360586,0.00030845729783147643,64,False,46.67682630335446,min_rate,0.001657821391165918,2.0663941391330098e-10,0.37313018683749877,-46.67682630335446,1.573822021484375,,False,5.0,True,3956893.2648897287,-0.0025638695806264877,False,723.3791746489615
105.0,32.17728766960431,0,uniform,Uniform,ok,closed_form,numpy,1.6049998521339148e-06,,624.3418642922932,9365127.964384397,1.0,3.357142857142857,2789612.585135778,76781250000.0,2.0255998281153943e+18,2.0255998281153943e+18,2.0255998281153943e+18,4.936809265680052e-19,0.10532073506634214,-13.256466474732292,-9.684463547443015,0.015625,0.0,64,False,29767500000.0,min_sensing,0.015625,0.046875,0.0,62.43258236290967,-29767500000.0,,,,,,,,624.3436465882039
105.0,32.17728766960431,0,water_filling,Water-filling (comm. only),ok,closed_form,numpy,0.00014005899993208004,,624.3436465882039,9365154.698823059,1.000000000000682,3.3571428571448054,2789620.548583973,76853935059.06834,2.027517364534187e+18,2.027517364534187e+18,2.0275173637514506e+18,4.932140249411603e-19,0.10527091943427416,-13.215422370374517,-9.65696781385065,0.015673656331617988,9.627686582355708e-09,64,False,29694814940.931656,min_sensing,0.015073872295577875,0.04682634366838201,-6.818989817247711e-13,62.434364658820414,-29694814940.931656,0.01567593988324625,,,,,,,624.3436465882039
105.0,32.17728766960431,0,max_rate_isac,Max-rate ISAC,ok,optimal,CLARABEL,0.006107627000346838,,616.9079214174221,9253618.821261331,0.9999999998852143,3.357142856814898,2756397.095964137,106548750020.4397,2.810909300477822e+18,2.810909300477822e+18,2.8109092984244997e+18,3.557567651969459e-19,0.08940612885750802,-7.904337121200237,-2.23946933859771,0.039342750037245695,5.2412163046441426e-05,64,True,0.0,,0.009682318155688787,0.023157249962754305,1.1478573647139001e-10,54.998639488038634,20.439697265625,,False,,,,,,624.3436465882039
105.0,32.17728766960431,0,dinkelbach_ee_isac,Dinkelbach EE-ISAC,ok,optimal,CLARABEL,0.019280368999716302,,516.8904966931988,7753357.450397981,0.6425109302786242,2.3357455150817836,3319435.8719025543,106548749998.05777,2.8109092998873544e+18,2.8109092998873544e+18,2.810908793347114e+18,3.557567652716772e-19,0.08940612886689847,-2.4867707608941956,6.410911687129169,0.06249999976852443,0.000296534167058673,64,False,45.018785236184726,min_rate,0.001731974714593149,2.314755678800573e-10,0.35748906972137584,-45.018785236184726,-1.942230224609375,,False,5.0,True,3319435.8721461934,-0.0005690790712833405,False,624.3436465882039
105.0,32.17728766960431,1,uniform,Uniform,ok,closed_form,numpy,1.3869998838345055e-06,,624.9529789325422,9374294.683988133,1.0,3.357142857142857,2792343.097358167,76781250000.0,2.0255998281153943e+18,2.0255998281153943e+18,2.0255998281153943e+18,4.936809265680052e-19,0.10532073506634214,-13.256466474732292,-9.684463547443015,0.015625,0.0,64,False,29767500000.0,min_sensing,0.015625,0.046875,0.0,62.49382161511505,-29767500000.0,,,,,,,,624.9546192415858
105.0,32.17728766960431,1,water_filling,Water-filling (comm. only),ok,closed_form,numpy,0.000141509000059159,,624.9546192415858,9374319.288623786,0.9999999999991497,3.357142857140428,2792350.426400595,76737694668.08014,2.024450775803139e+18,2.024450775803139e+18,2.024448567423701e+18,4.939611335342448e-19,0.10535062017598795,-13.289761994195954,-9.699546193182082,0.01566381120748694,8.931734404057387e-09,64,False,29811055331.91986,min_sensing,0.01493912946346657,0.046836188792513056,8.503198145604074e-13,62.495461924158576,-29811055331.91986,0.01566576280184884,,,,,,,624.9546192415858
105.0,32.17728766960431,1,max_rate_isac,Max-rate ISAC,ok,optimal,CLARABEL,0.0064138139996430255,,617.4545273533117,9261817.910299676,0.9999999999586311,3.3571428570246606,2758839.377633205,106548750006.85352,2.810909300119399e+18,2.810909300119399e+18,2.8109070917773194e+18,3.5575676524230897e-19,0.08940612886320819,-7.930851742457544,-2.2269618589727482,0.03948413455074192,5.273694671825101e-05,64,True,0.0,,0.010023170886641456,0.02301586544925808,4.136890829897766e-11,54.99537003588455,6.853515625,,False,,,,,,624.9546192415858
105.0,32.17728766960431,1,dinkelbach_ee_isac,Dinkelbach EE-ISAC,ok,optimal,CLARABEL,0.01988150399938604,,517.5750267908438,7763625.401862658,0.6435330889238092,2.338665968353741,3319681.1801762837,106548749998.85971,2.8109092999085107e+18,2.8109092999085107e+18,2.810905338868834e+18,3.5575676526899956e-19,0.08940612886656202,-2.524450491500567,6.413346504564369,0.06249999979940616,0.000297157475518553,64,False,44.88413052658336,min_rate,0.0021994176599003964,2.0059384014947668e-10,0.3564669110761908,-44.88413052658336,-1.140289306640625,,False,5.0,True,3319681.179563114,0.0014339983463287354,False,624.9546192415858
105.0,32.17728766960431,2,uniform,Uniform,ok,closed_form,numpy,1.4419997569348197e-06,,646.0914526149611,9691371.789224416,1.0,3.357142857142857,2886791.5967902513,76781250000.0,2.0255998281153943e+18,2.0255998281153943e+18,2.0255998281153943e+18,4.936809265680052e-19,0.10532073506634214,-13.256466474732292,-9.684463547443015,0.015625,0.0,64,False,29767500000.0,min_sensing,0.015625,0.046875,0.0,64.60870827479744,-29767500000.0,,,,,,,,646.0919381557374
105.0,32.17728766960431,2,water_filling,Water-filling (comm. only),ok,closed_form,numpy,0.00017856699969343026,,646.0919381557374,9691379.07233606,0.9999999999991678,3.3571428571404796,2886793.7662298074,76751339573.70277,2.0248107480422449e+18,2.0248107480422449e+18,2.0248098483545856e+18,4.938733167862147e-19,0.10534125510709698,-13.267249337034954,-9.694188045559645,0.015650960337643127,2.6017952351936784e-09,64,False,29797410426.297226,min_sensing,0.01531858698723204,0.04684903966235687,8.322231792590173e-13,64.60919381557369,-29797410426.297226,0.015653102515043347,,,,,,,646.0919381557374
105.0,32.17728766960431,2,max_rate_isac,Max-rate ISAC,ok,optimal,CLARABEL,0.006029778999618429,,638.5868696659561,9578803.044989342,0.9999999998852522,3.3571428568150066,2853260.4817648297,106548750018.76337,2.8109093004335985e+18,2.8109093004335985e+18,2.8109083685861294e+18,3.55756765202543e-19,0.08940612885821134,-7.922941464124056,-2.2302998778271013,0.039457091113035685,5.264990633520813e-05,64,True,0.0,,0.010024293460610983,0.023042908886964315,1.1474776684394783e-10,57.10412532579244,18.76336669921875,,False,,,,,,646.0919381557374
105.0,32.17728766960431,2,dinkelbach_ee_isac,Dinkelbach EE-ISAC,ok,optimal,CLARABEL,0.019219386999338894,,535.94512918944,8039176.9378416,0.6395570290067102,2.3273057971620292,3454284.7560663316,106548749992.63905,2.810909299744401e+18,2.810909299744401e+18,2.810907903327558e+18,3.557567652897698e-19,0.08940612886917193,-2.4441276480890646,6.508253308470514,0.06249999973833842,0.00030186493843875037,64,False,45.537615150723695,min_rate,0.002120731731413926,2.6166158129115047e-10,0.3604429709932898,-45.537615150723695,-7.3609466552734375,,False,5.0,True,3454284.757476816,-0.003282628022134304,False,646.0919381557374
105.0,32.17728766960431,3,uniform,Uniform,ok,closed_form,numpy,1.44300020110677e-06,,640.7759669816423,9611639.504724635,1.0,3.357142857142857,2863041.5545988274,76781250000.0,2.0255998281153943e+18,2.0255998281153943e+18,2.0255998281153943e+18,4.936809265680052e-19,0.10532073506634214,-13.256466474732292,-9.684463547443015,0.015625,0.0,64,False,29767500000.0,min_sensing,0.015625,0.046875,0.0,64.07713172286867,-29767500000.0,,,,,,,,640.7764836208596
105.0,32.17728766960431,3,water_filling,Water-filling (comm. only),ok,closed_form,numpy,0.00015240599987009773,,640.7764836208596,9611647.254312893,1.0000000000006484,3.35714285714471,2863043.8629852394,76765350390.54948,2.025180373545821e+18,2.025180373545821e+18,2.0251795793518203e+18,4.93783177569084e-19,0.10533164149643448,-13.267111520955272,-9.689766233847113,0.015655414253638252,2.765439933813765e-09,64,False,29783399609.450516,min_sensing,0.015328710503615003,0.046844585746361744,-6.483702463810914e-13,64.07764836208594,-29783399609.450516,0.015657379780993665,,,,,,,640.7764836208596
105.0,32.17728766960431,3,max_rate_isac,Max-rate ISAC,ok,optimal,CLARABEL,0.006211348999840993,,633.2819633487422,9499229.450231133,0.9999999998921436,3.357142856834696,2829557.708839219,106548750017.84848,2.8109093004094623e+18,2.8109093004094623e+18,2.8109084939323105e+18,3.557567652055977e-19,0.08940612885859518,-7.922776485160403,-2.2312965349434775,0.039445586388897405,5.2624195921924595e-05,64,True,0.0,,0.010059738051888879,0.023054413611102595,1.0785639048549456e-10,56.58312808996857,17.848480224609375,,False,,,,,,640.7764836208596
105.0,32.17728766960431,3,dinkelbach_ee_isac,Dinkelbach EE-ISAC,ok,optimal,CLARABEL,0.01929175200075406,,531.2249589984319,7968374.384976479,0.6402649141516502,2.3293283261475723,3420889.3162584803,106548749993.85846,2.810909299776571e+18,2.810909299776571e+18,2.810907359557272e+18,3.557567652856983e-19,0.08940612886866033,-2.4591438547289974,6.497004977223729,0.06249999977746184,0.00030143985839535135,64,False,45.47387626034174,min_rate,0.0021715437921050783,2.2253816150952233e-10,0.3597350858483498,-45.47387626034174,-6.14154052734375,,False,5.0,True,3420889.3176201656,-0.0031718118116259575,False,640.7764836208596
105.0,32.17728766960431,4,uniform,Uniform,ok,closed_form,numpy,1.5959999473125208e-06,,658.5067959885234,9877601.939827852,1.0,3.357142857142857,2942264.4076082963,76781250000.0,2.0255998281153943e+18,2.0255998281153943e+18,2.0255998281153943e+18,4.936809265680052e-19,0.10532073506634214,-13.256466474732292,-9.684463547443015,0.015625,0.0,64,False,29767500000.0,min_sensing,0.015625,0.046875,0.0,65.85052475957605,-29767500000.0,,,,,,,,658.5069680321637
105.0,32.17728766960431,4,water_filling,Water-filling (comm. only),ok,closed_form,numpy,0.00013429999989966745,,658.5069680321637,9877604.520482456,1.0000000000005604,3.3571428571444586,2942265.1763125197,76776903378.01495,2.025485157974627e+18,2.025485157974627e+18,2.0254851517034273e+18,4.937088756552256e-19,0.10532371632062096,-13.262002206079215,-9.686282702977811,0.015646726484348505,9.149989762605596e-10,64,False,29771846621.985046,min_sensing,0.015514374610705279,0.046853273515651495,-5.60440582830779e-13,65.85069680321635,-29771846621.985046,0.015648502862537265,,,,,,,658.5069680321637
105.0,32.17728766960431,4,max_rate_isac,Max-rate ISAC,ok,optimal,CLARABEL,0.005739173000165465,,651.0099078675001,9765148.618012503,0.9999999999036044,3.3571428568674415,2908767.673689164,106548750017.77487,2.81090930040752e+18,2.81090930040752e+18,2.810909294619125e+18,3.557567652058435e-19,0.08940612885862606,-7.922042707970084,-2.2310945473696777,0.0394338861312958,5.2629265856043154e-05,64,True,0.0,,0.01001388016249811,0.023066113868704198,9.639555820228907e-11,58.35363663855276,17.774871826171875,,False,,,,,,658.5069680321637
105.0,32.17728766960431,4,dinkelbach_ee_isac,Dinkelbach EE-ISAC,ok,optimal,CLARABEL,0.017968457999813836,,546.8979579013753,8203469.36852063,0.637383347106482,2.3210952774470917,3534309.620216624,106548749997.58124,2.8109092998747827e+18,2.8109092998747827e+18,2.8109092927990646e+18,3.557567652732683e-19,0.08940612886709841,-2.3974685161307736,6.539016141830988,0.06249999976726455,0.0003029031505772966,64,False,45.75831332757207,min_rate,0.002061780805056401,2.3273544896840193e-10,0.36261665289351797,-45.75831332757207,-2.41876220703125,,False,5.0,True,3534309.619894869,0.0007468229159712791,False,658.5069680321637
105.0,32.17728766960431,5,uniform,Uniform,ok,closed_form,numpy,1.7219999790540896e-06,,615.9644281337673,9239466.42200651,1.0,3.357142857142857,2752181.4874061947,76781250000.0,2.0255998281153943e+18,2.0255998281153943e+18,2.0255998281153943e+18,4.936809265680052e-19,0.10532073506634214,-13.256466474732292,-9.684463547443015,0.015625,0.0,64,False,29767500000.0,min_sensing,0.015625,0.046875,0.0,61.561148093128736,-29767500000.0,,,,,,,,616.0036444895984
105.0,32.17728766960431,5,water_filling,Water-filling (comm. only),ok,closed_form,numpy,0.00013711400015381514,,616.0036444895984,9240054.667343976,0.9999999999991369,3.357142857140391,2752356.7094236314,76991641841.14963,2.0311502675425925e+18,2.0311502675425925e+18,2.0311502674884436e+18,4.923318653374967e-19,0.1051767338375309,-13.204688746742743,-9.5729319188459,0.015739210770522764,2.383646766668722e-07,64,False,29557108158.850372,min_sensing,0.012011666831983563,0.04676078922947724,8.630873793435967e-13,61.600364448959795,-29557108158.850372,0.015740907157343963,,,,,,,616.0036444895984
105.0,32.17728766960431,5,max_rate_isac,Max-rate ISAC,ok,optimal,CLARABEL,0.005948710999746254,,608.6904754697132,9130357.132045697,0.9999999998921258,3.3571428568346455,2719680.848093087,106548750019.67737,2.8109093004577106e+18,2.8109093004577106e+18,2.810909300244366e+18,3.5575676519949126e-19,0.08940612885782787,-7.899145684762684,-2.2371965012774977,0.039168945380221316,5.246792164908103e-05,64,True,0.0,,0.00721461557142585,0.023331054619778684,1.0787415405388856e-10,54.287195429074586,19.6773681640625,,False,,,,,,616.0036444895984
105.0,32.17728766960431,5,dinkelbach_ee_isac,Dinkelbach EE-ISAC,ok,optimal,CLARABEL,0.020169027000065398,,509.737186260205,7646057.793903075,0.6419475705761688,2.334135915931911,3275755.169917071,106548749997.75444,2.8109092998793523e+18,2.8109092998793523e+18,2.8109077702456197e+18,3.5575676527268993e-19,0.08940612886702574,-2.4703941938500873,6.401365316499403,0.062499999739059835,0.0002955490006634365,64,False,44.666093780433584,min_rate,1.2214894406454927e-10,2.6094016530864295e-10,0.3580524294238312,-44.666093780433584,-2.2455596923828125,,False,5.0,True,3275755.1696149358,0.0007052244618535042,False,616.0036444895984
105.0,32.17728766960431,6,uniform,Uniform,ok,closed_form,numpy,1.3909998415329028e-06,,635.7564877204279,9536347.315806419,1.0,3.357142857142857,2840614.094069997,76781250000.0,2.0255998281153943e+18,2.0255998281153943e+18,2.0255998281153943e+18,4.936809265680052e-19,0.10532073506634214,-13.256466474732292,-9.684463547443015,0.015625,0.0,64,False,29767500000.0,min_sensing,0.015625,0.046875,0.0,62.29458011894917,-29767500000.0,,,,,,,,637.1798973349763
105.0,32.17728766960431,6,water_filling,Water-filling (comm. only),ok,closed_form,numpy,0.00014234999980544671,,637.1798973349763,9557698.460024646,0.9999999999994429,3.3571428571412656,2846974.009370393,76942726336.08032,2.0298598061518162e+18,2.0298598061518162e+18,2.0294830104856566e+18,4.926448599895123e-19,0.1052101610104329,-13.566473870064453,-9.01600200805324,0.015908676322411452,3.882659007828748e-06,63,False,29606023663.919678,min_sensing,0.0,0.046591323677588545,5.571099137569036e-13,63.717989733497575,-29606023663.919678,0.015910986518334894,,,,,,,637.1798973349763
105.0,32.17728766960431,6,max_rate_isac,Max-rate ISAC,ok,optimal,CLARABEL,0.005947660999936488,,629.9587161114597,9449380.741671896,0.9999999999098956,3.3571428568854165,2814709.1573096006,106548750016.73207,2.8109093003800095e+18,2.8109093003800095e+18,2.81066544071995e+18,3.5575676520932535e-19,0.08940612885906359,-8.004939070197954,-2.1245783670068965,0.039320263038848495,5.545528007809706e-05,64,True,0.0,,7.910361550121421e-11,0.023179736961151505,9.010436841094815e-11,56.49680850998095,16.732070922851562,,False,,,,,,637.1798973349763
105.0,32.17728766960431,6,dinkelbach_ee_isac,Dinkelbach EE-ISAC,ok,optimal,CLARABEL,0.023041261000344093,,528.8315304547366,7932472.956821049,0.6387510865219245,2.3250031043483554,3411811.770051093,106548749996.97586,2.8109092998588124e+18,2.8109092998588124e+18,2.8108971100347505e+18,3.5575676527528955e-19,0.08940612886735239,-2.435834187692503,6.521966836531339,0.06249999985660206,0.0003023442779978487,64,False,44.63037714674215,min_rate,2.8153045145395004e-11,1.4339793935613798e-10,0.36124891347807553,-44.63037714674215,-3.024139404296875,,False,5.0,True,3411811.770438557,-0.0009008552879095078,False,637.1798973349763
105.0,32.17728766960431,7,uniform,Uniform,ok,closed_form,numpy,1.3400003808783367e-06,,615.1814071334497,9227721.107001746,1.0,3.357142857142857,2748682.8829366905,76781250000.0,2.0255998281153943e+18,2.0255998281153943e+18,2.0255998281153943e+18,4.936809265680052e-19,0.10532073506634214,-13.256466474732292,-9.684463547443015,0.015625,0.0,64,False,29767500000.0,min_sensing,0.015625,0.046875,0.0,61.51725739699873,-29767500000.0,,,,,,,,615.1823885960566
105.0,32.17728766960431,7,water_filling,Water-filling (comm. only),ok,closed_form,numpy,0.00013396699978329707,,615.1823885960566,9227735.82894085,1.0000000000001485,3.3571428571432818,2748687.2681947993,76771192483.95857,2.0253344963740544e+18,2.0253344963740544e+18,2.0253329874577818e+18,4.937456019192359e-19,0.10532763368454648,-13.273345266490528,-9.688371161089325,0.01566191233185066,5.299357501385684e-09,64,False,29777557516.041428,min_sensing,0.015131761388846024,0.04683808766814934,-1.4854784069484595e-13,61.51823885960562,-29777557516.041428,0.015664543649470668,,,,,,,615.1823885960566
105.0,32.17728766960431,7,max_rate_isac,Max-rate ISAC,ok,optimal,CLARABEL,0.005954800999916188,,607.6971287633974,9115456.931450961,0.999999999878969,3.3571428567970547,2715242.490499119,106548750016.87079,2.810909300383669e+18,2.810909300383669e+18,2.8109077795045284e+18,3.5575676520886216e-19,0.08940612885900537,-7.925399493456323,-2.229907310496424,0.03943422399729633,5.266037729651046e-05,64,True,0.0,,0.010066749891997129,0.023065776002703667,1.2103096302951144e-10,54.03297902694635,16.87078857421875,,False,,,,,,615.1823885960566
105.0,32.17728766960431,7,dinkelbach_ee_isac,Dinkelbach EE-ISAC,ok,optimal,CLARABEL,0.018390463999367057,,509.21482527886997,7638222.379183049,0.645660675466718,2.344744787047766,3257592.221284016,106548749994.5202,2.8109092997940285e+18,2.8109092997940285e+18,2.810906879313697e+18,3.5575676528348877e-19,0.08940612886838267,-2.559199617851225,6.34417211755458,0.062499999856102016,0.0002933968989336321,64,False,44.44932445758104,min_rate,0.0022634323779357596,1.4389798380642915e-10,0.354339324533282,-44.44932445758104,-5.47979736328125,,False,5.0,True,3257592.2202544864,0.002413984388113022,False,615.1823885960566
105.0,32.17728766960431,8,uniform,Uniform,ok,closed_form,numpy,1.638999947317643e-06,,618.0893740095219,9271340.610142827,1.0,3.357142857142857,2761675.926425523,76781250000.0,2.0255998281153943e+18,2.0255998281153943e+18,2.0255998281153943e+18,4.936809265680052e-19,0.10532073506634214,-13.256466474732292,-9.684463547443015,0.015625,0.0,64,False,29767500000.0,min_sensing,0.015625,0.046875,0.0,61.71604101552691,-29767500000.0,,,,,,,,618.1925922155499
105.0,32.17728766960431,8,water_filling,Water-filling (comm. only),ok,closed_form,numpy,0.00013387199987846543,,618.1925922155499,9272888.88323325,0.9999999999994476,3.357142857141279,2762137.1141558834,75922376937.1922,2.002941521192852e+18,2.002941521192852e+18,2.002710012418202e+18,4.99265699681761e-19,0.10591478097445174,-13.300083955762076,-9.819719136057085,0.015769854124854987,7.018623444647527e-07,64,False,30626373062.8078,min_sensing,0.00901481762064777,0.04673014587514501,5.524469770534779e-13,61.819259221554944,-30626373062.8078,0.01577177357192976,,,,,,,618.1925922155499
105.0,32.17728766960431,8,max_rate_isac,Max-rate ISAC,ok,optimal,CLARABEL,0.0060175369999342365,,610.3998816062249,9155998.224093374,0.9999999998767772,3.357142856790792,2727318.620228722,106548750018.0499,2.810909300414776e+18,2.810909300414776e+18,2.8106779937320074e+18,3.557567652049252e-19,0.08940612885851067,-7.893145546166089,-2.219050823158202,0.04050535102774087,5.294892122956673e-05,64,True,0.0,,0.0099570569971163,0.021994648972259133,1.2322276532472642e-10,54.02654861222993,18.049896240234375,,False,,,,,,618.1925922155499
105.0,32.17728766960431,8,dinkelbach_ee_isac,Dinkelbach EE-ISAC,ok,optimal,CLARABEL,0.017673026999091235,,511.3363682685294,7670045.524027941,0.6447080090901982,2.3420228831148524,3274966.0899243243,106548749997.59842,2.8109092998752364e+18,2.8109092998752364e+18,2.810908857732881e+18,3.557567652732109e-19,0.0894061288670912,-2.5368592060797717,6.360447250241181,0.062499999947107254,0.00029405846256115977,64,False,45.036964725465566,min_rate,0.00201425153442798,5.2892745738830627e-11,0.3552919909098018,-45.036964725465566,-2.401580810546875,,False,5.0,True,3274966.0896755196,0.0005827061831951141,False,618.1925922155499
105.0,32.17728766960431,9,uniform,Uniform,ok,closed_form,numpy,1.5599998732795939e-06,,635.0403374331257,9525605.061496885,1.0,3.357142857142857,2837414.27363737,76781250000.0,2.0255998281153943e+18,2.0255998281153943e+18,2.0255998281153943e+18,4.936809265680052e-19,0.10532073506634214,-13.256466474732292,-9.684463547443015,0.015625,0.0,64,False,29767500000.0,min_sensing,0.015625,0.046875,0.0,63.501082362788225,-29767500000.0,,,,,,,,635.0436167448195
105.0,32.17728766960431,9,water_filling,Water-filling (comm. only),ok,closed_form,numpy,0.00015177600016613724,,635.0436167448195,9525654.251172293,1.0000000000005882,3.357142857144538,2837428.925879688,76797459212.05228,2.0260274504469788e+18,2.0260274504469788e+18,2.0260266489568504e+18,4.935767280840058e-19,0.10530961974927483,-13.266436484754138,-9.67748188600545,0.01567465546254354,1.7912888239163816e-08,64,False,29751290787.947723,min_sensing,0.014791177587327715,0.04682534453745646,-5.881961584464079e-13,63.50436167448197,-29751290787.947723,0.015676359404430577,,,,,,,635.0436167448195
105.0,32.17728766960431,9,max_rate_isac,Max-rate ISAC,ok,optimal,CLARABEL,0.006302634999883594,,627.5814935952427,9413722.403928641,0.9999999998867755,3.3571428568193586,2804087.5248446944,106548750019.04831,2.8109093004411146e+18,2.8109093004411146e+18,2.8109085118128947e+18,3.557567652015917e-19,0.0894061288580918,-7.922797005915142,-2.230870746223807,0.039412439083622255,5.263508666097283e-05,64,True,0.0,,0.009748815536758246,0.023087560916377745,1.1322454085416211e-10,56.0422385249052,19.048309326171875,,False,,,,,,635.0436167448195
105.0,32.17728766960431,9,dinkelbach_ee_isac,Dinkelbach EE-ISAC,ok,optimal,CLARABEL,0.01870896200034622,,526.0907265577918,7891360.898366876,0.640455362367655,2.329872463907586,3387035.565514064,106548749994.99445,2.81090929980654e+18,2.81090929980654e+18,2.8109080104646185e+18,3.557567652819053e-19,0.0894061288681837,-2.4611213631442515,6.488934333748948,0.062499999767256446,0.00030096642003321796,64,False,45.44852851254575,min_rate,0.0018509100325912022,2.327435535964817e-10,0.359544637632345,-45.44852851254575,-5.00555419921875,,False,5.0,True,3387035.5656184545,-0.00024321675300598145,False,635.0436167448195
105.0,32.17728766960431,10,uniform,Uniform,ok,closed_form,numpy,1.5519999578827992e-06,,650.608262920093,9759123.943801396,1.0,3.357142857142857,2906973.089642969,76781250000.0,2.0255998281153943e+18,2.0255998281153943e+18,2.0255998281153943e+18,4.936809265680052e-19,0.10532073506634214,-13.256466474732292,-9.684463547443015,0.015625,0.0,64,False,29767500000.0,min_sensing,0.015625,0.046875,0.0,65.05854404801698,-29767500000.0,,,,,,,,650.6107987467511
105.0,32.17728766960431,10,water_filling,Water-filling (comm. only),ok,closed_form,numpy,0.00018625699976837495,,650.6107987467511,9759161.981201267,0.9999999999994768,3.3571428571413624,2906984.4199335864,76663407605.73404,2.022490976233329e+18,2.022490976233329e+18,2.0224840085910129e+18,4.944397832925772e-19,0.10540165034378181,-13.272880863076201,-9.719067003864687,0.01565753437755113,1.3962891883063518e-08,64,False,29885342394.26596,min_sensing,0.01470764424315634,0.04684246562244887,5.232481115058363e-13,65.0610798746751,-29885342394.26596,0.015660058683120204,,,,,,,650.6107987467511
105.0,32.17728766960431,10,max_rate_isac,Max-rate ISAC,ok,optimal,CLARABEL,0.005971797000256629,,643.0701223795623,9646051.835693436,0.9999999998747438,3.357142856784982,2873292.036470298,106548750020.97127,2.8109093004918456e+18,2.8109093004918456e+18,2.810902333088515e+18,3.5575676519517106e-19,0.08940612885728501,-7.921151732280167,-2.2292315514802326,0.03957575252454097,5.267757534785092e-05,64,True,0.0,,0.010081818820262293,0.022924247475459028,1.2525624981662986e-10,57.52040350748632,20.971267700195312,,False,,,,,,650.6107987467511
105.0,32.17728766960431,10,dinkelbach_ee_isac,Dinkelbach EE-ISAC,ok,optimal,CLARABEL,0.019541427999683947,,539.9701848410471,8099552.772615706,0.6390178475522357,2.3257652787206737,3482532.32891627,106548749997.70819,2.8109092998781327e+18,2.8109092998781327e+18,2.810902270951657e+18,3.557567652728443e-19,0.08940612886704513,-2.4304444098308173,6.513276426591325,0.06249999990765435,0.0003019494289627568,64,False,45.57953403102897,min_rate,0.0021609116824395183,9.23456519585919e-11,0.3609821524477643,-45.57953403102897,-2.29180908203125,,False,5.0,True,3482532.3285998986,0.000735805369913578,False,650.6107987467511
105.0,32.17728766960431,11,uniform,Uniform,ok,closed_form,numpy,1.5480000001844019e-06,,627.2946991783074,9409420.48767461,1.0,3.357142857142857,2802806.1027115863,76781250000.0,2.0255998281153943e+18,2.0255998281153943e+18,2.0255998281153943e+18,4.936809265680052e-19,0.10532073506634214,-13.256466474732292,-9.684463547443015,0.015625,0.0,64,False,29767500000.0,min_sensing,0.015625,0.046875,0.0,62.72805231112693,-29767500000.0,,,,,,,,627.2962742968672
105.0,32.17728766960431,11,water_filling,Water-filling (comm. only),ok,closed_form,numpy,0.00015341599964813213,,627.2962742968672,9409444.114453008,0.999999999999855,3.357142857142443,2802813.14047571,76875023599.28696,2.0280737105619215e+18,2.0280737105619215e+18,2.0280736361218263e+18,4.9307872529097e-19,0.10525647935877962,-13.214149780189825,-9.651035838688298,0.01566775565275158,8.51483676880127e-09,64,False,29673726400.713043,min_sensing,0.015066772255849094,0.04683224434724842,1.4499512701604544e-13,62.72962742968673,-29673726400.713043,0.015670107302682753,,,,,,,627.2962742968672
105.0,32.17728766960431,11,max_rate_isac,Max-rate ISAC,ok,optimal,CLARABEL,0.005452877000152512,,619.8653063894867,9297979.5958423,0.9999999999631557,3.357142857037588,2769610.9435292333,106548750005.99397,2.8109093000967235e+18,2.8109093000967235e+18,2.8109092256428897e+18,3.5575676524517884e-19,0.08940612886356879,-7.905335199056845,-2.2381406274142317,0.03929691375319778,5.244648224434586e-05,64,True,0.0,,0.00957127490872161,0.023203086246802222,3.6844305384420295e-11,55.29865952230625,5.9939727783203125,,False,,,,,,627.2962742968672
105.0,32.17728766960431,11,dinkelbach_ee_isac,Dinkelbach EE-ISAC,ok,optimal,CLARABEL,0.019692478999786545,,519.4516943489522,7791775.415234283,0.6419899987058784,2.3342571391596527,3338010.746339356,106548749996.94827,2.8109092998580844e+18,2.8109092998580844e+18,2.8109091062475387e+18,3.557567652753817e-19,0.08940612886736397,-2.4777128233401378,6.428648214850034,0.06249999984045712,0.0002975254148211299,64,False,45.11495251822828,min_rate,0.0016815289520718858,1.5954287890806995e-10,0.35801000129412164,-45.11495251822828,-3.051727294921875,,False,5.0,True,3338010.7460833904,0.0005974899977445602,False,627.2962742968672
105.0,32.17728766960431,12,uniform,Uniform,ok,closed_form,numpy,1.3690000741917174e-06,,639.156253997135,9587343.809957024,1.0,3.357142857142857,2855804.5391361346,76781250000.0,2.0255998281153943e+18,2.0255998281153943e+18,2.0255998281153943e+18,4.936809265680052e-19,0.10532073506634214,-13.256466474732292,-9.684463547443015,0.015625,0.0,64,False,29767500000.0,min_sensing,0.015625,0.046875,0.0,63.91298627312949,-29767500000.0,,,,,,,,639.1591863600061
105.0,32.17728766960431,12,water_filling,Water-filling (comm. only),ok,closed_form,numpy,0.0001768619999893417,,639.1591863600061,9587387.79540009,0.999999999999455,3.3571428571413002,2855817.64118433,76711669048.94936,2.0237641825315016e+18,2.0237641825315016e+18,2.0237610340476083e+18,4.941287174818523e-19,0.10536848957342472,-13.280538507256278,-9.705154875592285,0.015666167651470886,1.6108354441139187e-08,64,False,29837080951.050644,min_sensing,0.014702259650924072,0.046833832348529114,5.450084827884893e-13,63.91591863600058,-29837080951.050644,0.015669376068879144,,,,,,,639.1591863600061
105.0,32.17728766960431,12,max_rate_isac,Max-rate ISAC,ok,optimal,CLARABEL,0.005759926999871823,,631.6499805044585,9474749.707566878,0.9999999998832545,3.3571428568092987,2822265.870619484,106548750020.5235,2.810909300480033e+18,2.810909300480033e+18,2.810906180480955e+18,3.557567651966661e-19,0.08940612885747287,-7.9258991244791455,-2.2270436330405055,0.03951841060646565,5.2734207813773704e-05,64,True,0.0,,0.00998297469543673,0.022981589393534348,1.1674550215445834e-10,56.40671278045306,20.52349853515625,,False,,,,,,639.1591863600061
105.0,32.17728766960431,12,dinkelbach_ee_isac,Dinkelbach EE-ISAC,ok,optimal,CLARABEL,0.018974965000779775,,529.817258209448,7947258.87314172,0.6404927714397868,2.3299793469708194,3410870.951913743,106548749996.17476,2.810909299837678e+18,2.810909299837678e+18,2.810904498663622e+18,3.557567652779644e-19,0.0894061288676885,-2.463572475707834,6.495052004706581,0.06249999956304681,0.00030143284881866794,64,False,45.42600951455745,min_rate,0.0020677305945010567,4.369531889092393e-10,0.3595072285602132,-45.42600951455745,-3.8252410888671875,,False,5.0,True,3410870.953383234,-0.003423883579671383,False,639.1591863600061
105.0,32.17728766960431,13,uniform,Uniform,ok,closed_form,numpy,1.4320003174361773e-06,,644.2584038334151,9663876.057501227,1.0,3.357142857142857,2878601.3788301526,76781250000.0,2.0255998281153943e+18,2.0255998281153943e+18,2.0255998281153943e+18,4.936809265680052e-19,0.10532073506634214,-13.256466474732292,-9.684463547443015,0.015625,0.0,64,False,29767500000.0,min_sensing,0.015625,0.046875,0.0,64.05901195046545,-29767500000.0,,,,,,,,644.6659909810551
105.0,32.17728766960431,13,water_filling,Water-filling (comm. only),ok,closed_form,numpy,0.00018153000019083265,,644.6659909810551,9669989.864715826,0.9999999999997518,3.357142857142148,2880422.512894684,77480986281.19405,2.0440598778138916e+18,2.0440598778138916e+18,2.0438542394738191e+18,4.892224591138169e-19,0.10484407692889759,-13.133459575163087,-8.897282630494882,0.01588607936517938,3.510709643123502e-06,64,False,29067763718.805954,min_sensing,0.0007568168594607062,0.046613920634820616,2.48245868306185e-13,64.46659909810546,-29067763718.805954,0.015888613884738594,,,,,,,644.6659909810551
105.0,32.17728766960431,13,max_rate_isac,Max-rate ISAC,ok,optimal,CLARABEL,0.007517183999880217,,637.6445605277852,9564668.407916779,0.9999999998801481,3.357142856800423,2849050.164350925,106548750022.1387,2.810909300522644e+18,2.810909300522644e+18,2.810785885014566e+18,3.557567651912731e-19,0.0894061288567952,-7.887560368849035,-2.183569799426293,0.03882437925061597,5.387611781893267e-05,64,True,0.0,,3.881495889655645e-10,0.02367562074938403,1.1985190617735952e-10,57.445168644835576,22.138702392578125,,False,,,,,,644.6659909810551
105.0,32.17728766960431,13,dinkelbach_ee_isac,Dinkelbach EE-ISAC,ok,optimal,CLARABEL,0.01867137599947455,,535.5789328149549,8033683.992224324,0.6371274311259515,2.3203640889312904,3462251.476200213,106548749995.8084,2.810909299828013e+18,2.810909299828013e+18,2.8108973571055365e+18,3.557567652791876e-19,0.0894061288678422,-2.3846504064940204,6.537412407589265,0.062499999768793155,0.00030272078884396435,64,False,44.620459067994716,min_rate,4.7091411158425756e-11,2.3120684533584068e-10,0.3628725688740485,-44.620459067994716,-4.1916046142578125,,False,5.0,True,3462251.4765615975,-0.0008385423570871353,False,644.6659909810551
105.0,32.17728766960431,14,uniform,Uniform,ok,closed_form,numpy,1.4620000001741573e-06,,622.4609629602079,9336914.444403118,1.0,3.357142857142857,2781208.5579073117,76781250000.0,2.0255998281153943e+18,2.0255998281153943e+18,2.0255998281153943e+18,4.936809265680052e-19,0.10532073506634214,-13.256466474732292,-9.684463547443015,0.015625,0.0,64,False,29767500000.0,min_sensing,0.015625,0.046875,0.0,62.208538874266765,-29767500000.0,,,,,,,,622.5026934288235
105.0,32.17728766960431,14,water_filling,Water-filling (comm. only),ok,closed_form,numpy,0.0001407280001330946,,622.5026934288235,9337540.401432352,0.9999999999998819,3.3571428571425197,2781395.0131928953,76980637835.68054,2.0308599660485852e+18,2.0308599660485852e+18,2.0308563489382976e+18,4.924022417683901e-19,0.10518425081861817,-13.084076489065911,-9.564079416419277,0.015735474843328486,2.567072241242073e-07,64,False,29568112164.319458,min_sensing,0.011759845643701135,0.04676452515667151,1.1812772982011666e-13,62.25026934288235,-29568112164.319458,0.01573754645401022,,,,,,,622.5026934288235
105.0,32.17728766960431,14,max_rate_isac,Max-rate ISAC,ok,optimal,CLARABEL,0.006224240999927133,,615.1814142764616,9227721.214146925,0.9999999998820563,3.3571428568058757,2748682.915128181,106548750019.52164,2.8109093004536023e+18,2.8109093004536023e+18,2.810905734517603e+18,3.557567652000112e-19,0.0894061288578932,-7.8548609992427645,-2.2430455235256725,0.03919639041673016,5.231512916063812e-05,64,True,0.0,,0.00624144445118105,0.023303609583269838,1.179436548426338e-10,54.928990190520494,19.521636962890625,,False,,,,,,622.5026934288235
105.0,32.17728766960431,14,dinkelbach_ee_isac,Dinkelbach EE-ISAC,ok,optimal,CLARABEL,0.019041822000417596,,515.6064969118062,7734097.453677093,0.6413385918900169,2.3323959768286198,3315945.28995596,106548749993.81136,2.810909299775328e+18,2.810909299775328e+18,2.81090229308483e+18,3.5575676528585554e-19,0.08940612886868007,-2.4472634645898728,6.420652941039649,0.06249999972145316,0.00029671555821961275,64,False,44.645927174134954,min_rate,8.265110633422646e-11,2.785468383725842e-10,0.35866140810998315,-44.645927174134954,-6.1886444091796875,,False,5.0,True,3315945.290277203,-0.0007492657750844955,False,622.5026934288235
105.0,32.17728766960431,15,uniform,Uniform,ok,closed_form,numpy,1.419000000169035e-06,,645.2442795098057,9678664.192647085,1.0,3.357142857142857,2883006.3552565784,76781250000.0,2.0255998281153943e+18,2.0255998281153943e+18,2.0255998281153943e+18,4.936809265680052e-19,0.10532073506634214,-13.256466474732292,-9.684463547443015,0.015625,0.0,64,False,29767500000.0,min_sensing,0.015625,0.046875,0.0,64.5223883304717,-29767500000.0,,,,,,,,645.2465457548155
105.0,32.17728766960431,15,water_filling,Water-filling (comm. only),ok,closed_form,numpy,0.00012845499986724462,,645.2465457548155,9678698.186322233,0.9999999999998781,3.357142857142509,2883016.4810324535,76845354440.48929,2.0272909954724836e+18,2.0272909954724836e+18,2.0272885693253553e+18,4.932690976447308e-19,0.1052767965910626,-13.244026609651478,-9.661893529218634,0.01566331634552398,1.2326326749955383e-08,64,False,29703395559.51071,min_sensing,0.01494055723276448,0.04683668365447602,1.219024881038422e-13,64.52465457548158,-29703395559.51071,0.015665680343705156,,,,,,,645.2465457548155
105.0,32.17728766960431,15,max_rate_isac,Max-rate ISAC,ok,optimal,CLARABEL,0.006113350999839895,,637.7975351745399,9566963.027618099,0.9999999998764533,3.3571428567898667,2849733.6681007743,106548750021.36118,2.8109093005021317e+18,2.8109093005021317e+18,2.810906863520514e+18,3.557567651938692e-19,0.08940612885712142,-7.916056217910764,-2.234666987898965,0.039352569066117594,5.2537164873154736e-05,64,True,0.0,,0.009628517025406479,0.023147430933882406,1.2354672840331204e-10,57.07564399520595,21.361175537109375,,False,,,,,,645.2465457548155
105.0,32.17728766960431,15,dinkelbach_ee_isac,Dinkelbach EE-ISAC,ok,optimal,CLARABEL,0.019641963000594842,,535.0426155410153,8025639.233115229,0.6386246303540385,2.3246418010115386,3452419.7360741654,106548749996.2826,2.810909299840523e+18,2.810909299840523e+18,2.81090575057671e+18,3.5575676527760433e-19,0.08940612886764326,-2.4201196344804536,6.518152318159867,0.06249999976567796,0.00030210449459463096,64,False,45.6792756383187,min_rate,0.0015452339295015064,2.343220409373181e-10,0.3613753696459615,-45.6792756383187,-3.7174072265625,,False,5.0,True,3452419.735169667,0.0021026358008384705,False,645.2465457548155
105.0,32.17728766960431,16,uniform,Uniform,ok,closed_form,numpy,2.530000074330019e-06,,616.7152625603455,9250728.938405182,1.0,3.357142857142857,2755536.279524948,76781250000.0,2.0255998281153943e+18,2.0255998281153943e+18,2.0255998281153943e+18,4.936809265680052e-19,0.10532073506634214,-13.256466474732292,-9.684463547443015,0.015625,0.0,64,False,29767500000.0,min_sensing,0.015625,0.046875,0.0,61.671070154770746,-29767500000.0,,,,,,,,616.7157693395275
105.0,32.17728766960431,16,water_filling,Water-filling (comm. only),ok,closed_form,numpy,0.00013658299985763733,,616.7157693395275,9250736.540092912,0.9999999999997244,3.35714285714207,2755538.543858109,76807306772.92525,2.0262872432689462e+18,2.0262872432689462e+18,2.0262872289973934e+18,4.935134459943256e-19,0.10530286859383899,-13.237300392899513,-9.674520794765705,0.015663243270914506,2.7047245592754677e-09,64,False,29741443227.074753,min_sensing,0.015427897277055246,0.046836756729085494,2.7555735471196385e-13,61.67157693395268,-29741443227.074753,0.015666475917271987,,,,,,,616.7157693395275
105.0,32.17728766960431,16,max_rate_isac,Max-rate ISAC,ok,optimal,CLARABEL,0.006014677000166557,,609.249415496627,9138741.232449405,0.9999999998803533,3.3571428568010093,2722178.2397302054,106548750018.95193,2.810909300438573e+18,2.810909300438573e+18,2.8109092843254436e+18,3.5575676520191336e-19,0.0894061288581322,-7.9122723114966576,-2.2345243299631043,0.03939579277184931,5.2540084714176194e-05,64,True,0.0,,0.009877001692928915,0.023104207228150687,1.196467369624088e-10,54.205223091052176,18.951934814453125,,False,,,,,,616.7157693395275
105.0,32.17728766960431,16,dinkelbach_ee_isac,Dinkelbach EE-ISAC,ok,optimal,CLARABEL,0.017937492000328348,,510.4857130571221,7657285.695856831,0.6450055937945278,2.3428731251272223,3268331.3550924896,106548749994.45386,2.810909299792278e+18,2.810909299792278e+18,2.810909287528044e+18,3.5575676528371034e-19,0.08940612886841053,-2.5381049224960623,6.351934493107344,0.062499999755180356,0.00029365395810004695,64,False,44.55847934845269,min_rate,0.0020794936091115793,2.4481964372435883e-10,0.3549944062054722,-44.55847934845269,-5.546142578125,,False,5.0,True,3268331.3554326887,-0.0007970426231622696,False,616.7157693395275
105.0,32.17728766960431,17,uniform,Uniform,ok,closed_form,numpy,1.4740003280167002e-06,,603.8061135282303,9057091.702923454,1.0,3.357142857142857,2697857.1029984755,76781250000.0,2.0255998281153943e+18,2.0255998281153943e+18,2.0255998281153943e+18,4.936809265680052e-19,0.10532073506634214,-13.256466474732292,-9.684463547443015,0.015625,0.0,64,False,29767500000.0,min_sensing,0.015625,0.046875,0.0,60.378778844699696,-29767500000.0,,,,,,,,603.8081496483674
105.0,32.17728766960431,17,water_filling,Water-filling (comm. only),ok,closed_form,numpy,0.00012899200009997003,,603.8081496483674,9057122.24472551,0.999999999999133,3.35714285714038,2697866.2005585255,76885937906.99873,2.028361645700057e+18,2.028361645700057e+18,2.0283615598690831e+18,4.930087305288528e-19,0.10524900827623873,-13.195417502448429,-9.645839041478744,0.015680388238138224,1.1047506568908442e-08,64,False,29662812093.001266,min_sensing,0.01497243705781745,0.04681961176186178,8.669731599297847e-13,60.38081496483676,-29662812093.001266,0.01568232875753775,,,,,,,603.8081496483674
105.0,32.17728766960431,17,max_rate_isac,Max-rate ISAC,ok,optimal,CLARABEL,0.005526352999822848,,596.3932960486181,8945899.440729272,0.9999999999092968,3.3571428568837054,2664736.003827187,106548750013.95428,2.8109093003067274e+18,2.8109093003067274e+18,2.810909214618491e+18,3.5575676521860014e-19,0.08940612886022901,-7.8979418455735795,-2.239605011547913,0.039293495434363244,5.2408293387244834e-05,64,True,0.0,,0.00947737210075279,0.023206504565636756,9.070322271043096e-11,52.96596136508754,13.95428466796875,,False,,,,,,603.8081496483674
105.0,32.17728766960431,17,dinkelbach_ee_isac,Dinkelbach EE-ISAC,ok,optimal,CLARABEL,0.02222529900018344,,499.31123166598553,7489668.474989783,0.6469524608723689,2.348435602492483,3189216.032596643,106548749996.68924,2.8109092998512507e+18,2.8109092998512507e+18,2.810909077474555e+18,3.557567652762466e-19,0.08940612886747265,-2.5619184834256177,6.278419614241486,0.06249999990067324,0.00028957789439353217,64,False,44.11610301754507,min_rate,0.0016815191384486308,9.93267620930105e-11,0.3530475391276311,-44.11610301754507,-3.310760498046875,,False,5.0,True,3189216.03248113,0.00027127470821142197,False,603.8081496483674
105.0,32.17728766960431,18,uniform,Uniform,ok,closed_form,numpy,1.44300020110677e-06,,636.6945774382712,9550418.661574068,1.0,3.357142857142857,2844805.5587667436,76781250000.0,2.0255998281153943e+18,2.0255998281153943e+18,2.0255998281153943e+18,4.936809265680052e-19,0.10532073506634214,-13.256466474732292,-9.684463547443015,0.015625,0.0,64,False,29767500000.0,min_sensing,0.015625,0.046875,0.0,63.59519380831023,-29767500000.0,,,,,,,,636.7770929221788
105.0,32.17728766960431,18,water_filling,Water-filling (comm. only),ok,closed_form,numpy,0.00013658999978360953,,636.7770929221788,9551656.393832682,1.000000000000949,3.357142857145569,2845174.244969139,77096418452.91307,2.033914425286554e+18,2.033914425286554e+18,2.0338866030869396e+18,4.9166276986265635e-19,0.10510524018884007,-13.218936557074038,-9.489579809289888,0.01574984626504872,5.467474760220769e-07,64,False,29452331547.08693,min_sensing,0.009787757507666372,0.04675015373495128,-9.490186414495838e-13,63.677709292217855,-29452331547.08693,0.01575216263207062,,,,,,,636.7770929221788
105.0,32.17728766960431,18,max_rate_isac,Max-rate ISAC,ok,optimal,CLARABEL,0.005960810000033234,,629.522721719502,9442840.82579253,0.999999999917717,3.357142856907763,2812761.097241556,106548750013.79758,2.8109093003025935e+18,2.8109093003025935e+18,2.8108815019864136e+18,3.557567652191233e-19,0.08940612886029475,-7.906798334523635,-2.227186946297052,0.03905448992611623,5.273198391110913e-05,64,True,0.0,,0.00538437930604463,0.02344551007388377,8.228295822476639e-11,56.42333808954106,13.797576904296875,,False,,,,,,636.7770929221788
105.0,32.17728766960431,18,dinkelbach_ee_isac,Dinkelbach EE-ISAC,ok,optimal,CLARABEL,0.01710416499963685,,528.1004806896799,7921507.210345198,0.6380974480336011,2.323135565810289,3409834.245976191,106548749994.58139,2.810909299795643e+18,2.810909299795643e+18,2.8109018310172867e+18,3.5575676528328447e-19,0.08940612886835701,-2.407208476194514,6.523016734534157,0.06249999984348543,0.0003021879976987928,64,False,44.99890294028103,min_rate,4.9439833598394714e-11,1.5651457213605724e-10,0.36190255196639887,-44.99890294028103,-5.418609619140625,,False,5.0,True,3409834.2467228184,-0.0017345165833830833,False,636.7770929221788
105.0,32.17728766960431,19,uniform,Uniform,ok,closed_form,numpy,1.8519999684940558e-06,,639.3507255297194,9590260.88294579,1.0,3.357142857142857,2856673.4544944908,76781250000.0,2.0255998281153943e+18,2.0255998281153943e+18,2.0255998281153943e+18,4.936809265680052e-19,0.10532073506634214,-13.256466474732292,-9.684463547443015,0.015625,0.0,64,False,29767500000.0,min_sensing,0.015625,0.046875,0.0,63.93406821410781,-29767500000.0,,,,,,,,639.3518414617906
105.0,32.17728766960431,19,water_filling,Water-filling (comm. only),ok,closed_form,numpy,0.0001656509998611,,639.3518414617906,9590277.621926859,0.9999999999993515,3.3571428571410045,2856678.4405755345,76818016361.63556,2.026569777625326e+18,2.026569777625326e+18,2.0265697023871985e+18,4.934446427853918e-19,0.10529552793486886,-13.24666784291233,-9.671458535118907,0.01566058973388529,6.011974585130242e-09,64,False,29730733638.36444,min_sensing,0.015173885134195268,0.04683941026611471,6.484812686835539e-13,63.93518414617904,-29730733638.36444,0.015662806383071267,,,,,,,639.3518414617906
105.0,32.17728766960431,19,max_rate_isac,Max-rate ISAC,ok,optimal,CLARABEL,0.00565556200035644,,631.8872656296269,9478308.984444404,0.9999999998788269,3.3571428567966484,2823326.08076396,106548750020.5221,2.810909300479996e+18,2.810909300479996e+18,2.8109092253854566e+18,3.557567651966708e-19,0.08940612885747345,-7.916431522744026,-2.2339711369048336,0.03938551621105907,5.255462691442727e-05,64,True,0.0,,0.00986237518046765,0.02311448378894093,1.2117307157666346e-10,56.470608314015294,20.5220947265625,,False,,,,,,639.3518414617906
105.0,32.17728766960431,19,dinkelbach_ee_isac,Dinkelbach EE-ISAC,ok,optimal,CLARABEL,0.01784958700000061,,529.894453847767,7948416.807716505,0.639987444949881,2.32853555699966,3413483.1155243833,106548749995.59076,2.8109092998222715e+18,2.8109092998222715e+18,2.810909257000959e+18,3.557567652799143e-19,0.08940612886793352,-2.4493390862352493,6.499035203115822,0.06249999980345917,0.00030146749739630246,64,False,45.52220346784463,min_rate,0.0019068927048810688,1.9654083222020446e-10,0.360012555050119,-45.52220346784463,-4.40924072265625,,False,5.0,True,3413483.1157615576,-0.0005522696301341057,False,639.3518414617906
110.0,27.177287669604308,0,uniform,Uniform,ok,closed_form,numpy,1.4649999684479553e-06,,532.4441577160871,7986662.365741307,1.0,3.357142857142857,2379005.8110718788,76781250000.0,2.0255998281153943e+18,2.0255998281153943e+18,2.0255998281153943e+18,4.936809265680052e-19,0.10532073506634214,-13.256466474732292,-9.684463547443015,0.015625,0.0,64,False,29767500000.0,min_sensing,0.015625,0.046875,0.0,53.00000830260734,-29767500000.0,,,,,,,,532.7157215705331
110.0,27.177287669604308,0,water_filling,Water-filling (comm. only),ok,closed_form,numpy,0.00012899800003651762,,532.7157215705331,7990735.823557996,1.0000000000001323,3.3571428571432356,2380219.1814850923,77636077567.65337,2.0481514090561446e+18,2.0481514090561446e+18,2.0480896348783685e+18,4.882451539365602e-19,0.10473930262724186,-12.870374167371947,-9.046987739676837,0.015895566033975687,2.154457628969537e-06,64,False,28912672432.346634,min_sensing,0.004022511550004661,0.04660443396602432,-1.3233858453531866e-13,53.2715721570533,-28912672432.346634,0.015902095389958838,,,,,,,532.7157215705331
110.0,27.177287669604308,0,max_rate_isac,Max-rate ISAC,ok,optimal,CLARABEL,0.005646805999731441,,525.8281865876493,7887422.798814739,0.999999999847252,3.3571428567064343,2349445.0893140696,106548750009.97733,2.8109093002018094e+18,2.8109093002018094e+18,2.8108560565492557e+18,3.5575676523187885e-19,0.08940612886189757,-7.7962975097944724,-2.214677032019371,0.03850889072528161,5.304747253895633e-05,64,True,0.0,,7.065110164993404e-10,0.02399110927471839,1.5274803644160784e-10,46.384037174169464,9.977325439453125,,False,,,,,,532.7157215705331
110.0,27.177287669604308,0,dinkelbach_ee_isac,Dinkelbach EE-ISAC,ok,optimal,CLARABEL,0.01740024099990478,,439.69465247480406,6595419.787122061,0.6620467822332088,2.3915622349520254,2757787.2282526507,106548749992.8623,2.810909299750291e+18,2.810909299750291e+18,2.810892415269861e+18,3.557567652890243e-19,0.08940612886907826,-2.8214326878857925,5.8341611232845825,0.06249999990466768,0.0002674468301799814,64,False,39.74949693867575,min_rate,1.2639246928174952e-11,9.533231842828727e-11,0.3379532177667912,-39.74949693867575,-7.1376953125,,False,5.0,True,2757787.2282122895,9.652599692344666e-05,False,532.7157215705331
110.0,27.177287669604308,1,uniform,Uniform,ok,closed_form,numpy,1.4239999472920317e-06,,517.3441449205147,7760162.173807721,1.0,3.357142857142857,2311537.668793789,76781250000.0,2.0255998281153943e+18,2.0255998281153943e+18,2.0255998281153943e+18,4.936809265680052e-19,0.10532073506634214,-13.256466474732292,-9.684463547443015,0.015625,0.0,64,False,29767500000.0,min_sensing,0.015625,0.046875,0.0,51.72488860810313,-29767500000.0,,,,,,,,517.3547292360129
110.0,27.177287669604308,1,water_filling,Water-filling (comm. only),ok,closed_form,numpy,0.00014350199990076362,,517.3547292360129,7760320.938540193,0.9999999999992968,3.357142857140848,2311584.960417611,76922860539.69104,2.0293357178652682e+18,2.0293357178652682e+18,2.0293336444167898e+18,4.927720885196542e-19,0.10522374571526105,-13.192088147333472,-9.62523284813913,0.01574881886199897,5.9172719420739095e-08,64,False,29625889460.30896,min_sensing,0.014293827248283233,0.04675118113800103,7.032152637975742e-13,51.735472923601264,-29625889460.30896,0.01575613496010403,,,,,,,517.3547292360129
110.0,27.177287669604308,1,max_rate_isac,Max-rate ISAC,ok,optimal,CLARABEL,0.005810988000121142,,510.0227523588444,7650341.285382666,0.9999999999140898,3.3571428568973998,2278825.063897623,106548750004.69362,2.810909300062418e+18,2.810909300062418e+18,2.8109072315926134e+18,3.5575676524952066e-19,0.08940612886411438,-7.8922445040660385,-2.2432321341932275,0.03923559667467524,5.231403118659455e-05,64,True,0.0,,0.008797352923982297,0.023264403325324763,8.591016786851924e-11,44.40349604643279,4.6936187744140625,,False,,,,,,517.3547292360129
110.0,27.177287669604308,1,dinkelbach_ee_isac,Dinkelbach EE-ISAC,ok,optimal,CLARABEL,0.018759104999844567,,425.96291541600806,6389443.731240121,0.6682360579860236,2.409245879960068,2652051.326262317,106548749972.88037,2.810909299223139e+18,2.810909299223139e+18,2.8109080551062083e+18,3.5575676535574224e-19,0.08940612887746179,-2.941842886113182,5.6893043280450915,0.06249999963017522,0.00026119138011252547,64,False,39.65634089640355,min_rate,0.0014132067713331507,3.698247819095002e-10,0.3317639420139764,-39.65634089640355,-27.11962890625,,False,5.0,True,2652051.3274433333,-0.0028453590348362923,False,517.3547292360129
110.0,27.177287669604308,2,uniform,Uniform,ok,closed_form,numpy,1.3200001376389991e-06,,499.1691555049656,7487537.332574484,1.0,3.357142857142857,2230330.269277506,76781250000.0,2.0255998281153943e+18,2.0255998281153943e+18,2.0255998281153943e+18,4.936809265680052e-19,0.10532073506634214,-13.256466474732292,-9.684463547443015,0.015625,0.0,64,False,29767500000.0,min_sensing,0.015625,0.046875,0.0,49.87757334363283,-29767500000.0,,,,,,,,499.2128690681475
110.0,27.177287669604308,2,water_filling,Water-filling (comm. only),ok,closed_form,numpy,0.00014089299975239555,,499.2128690681475,7488193.036022212,1.0000000000004219,3.357142857144063,2230525.585197305,76945439444.59146,2.0299313818572626e+18,2.0299313818572626e+18,2.029931366353594e+18,4.926274892528936e-19,0.10520830613052304,-13.249723932130408,-9.588519506295025,0.015899891020564993,2.502128725026722e-07,64,False,29603310555.40854,min_sensing,0.013735765898273643,0.046600108979435007,-4.218847493575595e-13,49.921286906814714,-29603310555.40854,0.015905735171958053,,,,,,,499.2128690681475
110.0,27.177287669604308,2,max_rate_isac,Max-rate ISAC,ok,optimal,CLARABEL,0.005877997999959916,,492.02122620759576,7380318.393113936,0.9999999999019485,3.35714285686271,2198392.7130259005,106548750007.2556,2.810909300130007e+18,2.810909300130007e+18,2.810909277582873e+18,3.5575676524096635e-19,0.08940612886303946,-7.904714478127049,-2.2383776036832153,0.039238083615299894,5.243844506960086e-05,64,True,0.0,,0.00900126233202402,0.023261916384700106,9.805145584351749e-11,42.72964404626299,7.2555999755859375,,False,,,,,,499.2128690681475
110.0,27.177287669604308,2,dinkelbach_ee_isac,Dinkelbach EE-ISAC,ok,optimal,CLARABEL,0.018206393000582466,,409.8219890143598,6147329.835215397,0.667829704270136,2.408084869343246,2552787.8661900945,106548749982.49756,2.810909299476854e+18,2.810909299476854e+18,2.8108919679626813e+18,3.557567653236313e-19,0.08940612887342683,-2.930749663155498,5.6683709128279345,0.06249999968381812,0.0002596030720906949,64,False,39.469593146972954,min_rate,0.0014449105534359975,3.1618187928961206e-10,0.332170295729864,-39.469593146972954,-17.50244140625,,False,5.0,True,2552787.866228189,-9.173434227705002e-05,False,499.2128690681475
110.0,27.177287669604308,3,uniform,Uniform,ok,closed_form,numpy,1.5430000530614052e-06,,504.23049118655024,7563457.367798254,1.0,3.357142857142857,2252944.747854799,76781250000.0,2.0255998281153943e+18,2.0255998281153943e+18,2.0255998281153943e+18,4.936809265680052e-19,0.10532073506634214,-13.256466474732292,-9.684463547443015,0.015625,0.0,64,False,29767500000.0,min_sensing,0.015625,0.046875,0.0,50.415293022684466,-29767500000.0,,,,,,,,504.23910907096194
110.0,27.177287669604308,3,water_filling,Water-filling (comm. only),ok,closed_form,numpy,0.00013756999987890595,,504.23910907096194,7563586.636064429,1.0000000000007518,3.3571428571450053,2252983.253294346,76771098971.53815,2.0253320293818816e+18,2.0253320293818816e+18,2.0253049162152868e+18,4.937462033349631e-19,0.105327697832638,-13.298389908822099,-9.682449969360219,0.01575735689562663,4.753174006866471e-08,64,False,29777651028.461853,min_sensing,0.014710086454943205,0.04674264310437337,-7.51843032276156e-13,50.42391090709617,-29777651028.461853,0.015769280217269036,,,,,,,504.23910907096194
110.0,27.177287669604308,3,max_rate_isac,Max-rate ISAC,ok,optimal,CLARABEL,0.005705158000182564,,496.84757893036465,7452713.68395547,0.9999999997623252,3.3571428564637866,2219957.2680102484,106548750008.6722,2.810909300167378e+18,2.810909300167378e+18,2.8108820555736494e+18,3.557567652362366e-19,0.08940612886244514,-7.926853006535949,-2.2314679911852933,0.039427931695072346,5.2622369366283936e-05,64,True,0.0,,0.009915390048766255,0.023072068304927654,2.376747687549141e-10,43.032380766498875,8.672195434570312,,False,,,,,,504.23910907096194
110.0,27.177287669604308,3,dinkelbach_ee_isac,Dinkelbach EE-ISAC,ok,optimal,CLARABEL,0.01760379799952716,,415.09249026718743,6226387.354007811,0.6731242357079015,2.4232121020225756,2569476.8315207944,106548749991.11606,2.810909299704222e+18,2.810909299704222e+18,2.8108733808126935e+18,3.5575676529485493e-19,0.0894061288698109,-3.053510727014512,5.586932005008743,0.062499999892813664,0.00025704268062879255,64,False,38.722707896678344,min_rate,0.0025604867486213505,1.0718633619566376e-10,0.3268757642920985,-38.722707896678344,-8.883941650390625,,False,5.0,True,2569476.8315230003,-5.345791578292847e-06,False,504.23910907096194
110.0,27.177287669604308,4,uniform,Uniform,ok,closed_form,numpy,1.4770002962904982e-06,,545.2598948739048,8178898.423108573,1.0,3.357142857142857,2436267.615394043,76781250000.0,2.0255998281153943e+18,2.0255998281153943e+18,2.0255998281153943e+18,4.936809265680052e-19,0.10532073506634214,-13.256466474732292,-9.684463547443015,0.015625,0.0,64,False,29767500000.0,min_sensing,0.015625,0.046875,0.0,54.27821190576873,-29767500000.0,,,,,,,,545.535203297929
110.0,27.177287669604308,4,water_filling,Water-filling (comm. only),ok,closed_form,numpy,0.0001395979998051189,,545.535203297929,8183028.0494689355,1.0000000000001967,3.3571428571434194,2437497.716862679,76616531679.86331,2.0212543218758328e+18,2.0212543218758328e+18,2.020891507283228e+18,4.947422940186697e-19,0.10543388910703862,-13.610821411588534,-9.38601833816305,0.015868821807817568,2.1909993382823146e-06,64,False,29932218320.13669,min_sensing,0.0038905997502857465,0.04663117819218243,-1.9673151996357774e-13,54.55352032979289,-29932218320.13669,0.015874774629304693,,,,,,,545.535203297929
110.0,27.177287669604308,4,max_rate_isac,Max-rate ISAC,ok,optimal,CLARABEL,0.007600043999900663,,538.1644851290026,8072467.276935039,0.9999999998079729,3.3571428565942085,2404564.721182132,106548750014.07996,2.810909300310043e+18,2.810909300310043e+18,2.810546592095056e+18,3.557567652181805e-19,0.08940612886017628,-8.037767783285307,-2.1146512222878933,0.039656443310446994,5.5730185877578056e-05,64,True,0.0,,0.0029937749867633926,0.022843556689553006,1.920270609190311e-10,47.182802160866515,14.0799560546875,,False,,,,,,545.535203297929
110.0,27.177287669604308,4,dinkelbach_ee_isac,Dinkelbach EE-ISAC,ok,optimal,CLARABEL,0.021194307999849116,,450.1100674202448,6751651.011303672,0.6599469666463891,2.385562761846826,2830213.1133522396,106548749979.1117,2.81090929938753e+18,2.81090929938753e+18,2.810815279208172e+18,3.5575676533493637e-19,0.08940612887484739,-2.835385142483578,5.9457806854385495,0.062499999656785044,0.00027346553586828917,64,False,40.87161554789134,min_rate,1.31556966258538e-10,3.4321495645528444e-10,0.3400530333536109,-40.87161554789134,-20.8883056640625,,False,5.0,True,2830213.1135428124,-0.0004546241834759712,False,545.535203297929
110.0,27.177287669604308,5,uniform,Uniform,ok,closed_form,numpy,1.5140003597480245e-06,,518.6676466320422,7780014.699480633,1.0,3.357142857142857,2317451.1870793374,76781250000.0,2.0255998281153943e+18,2.0255998281153943e+18,2.0255998281153943e+18,4.936809265680052e-19,0.10532073506634214,-13.256466474732292,-9.684463547443015,0.015625,0.0,64,False,29767500000.0,min_sensing,0.015625,0.046875,0.0,51.8545981991179,-29767500000.0,,,,,,,,518.6811649254714
110.0,27.177287669604308,5,water_filling,Water-filling (comm. only),ok,closed_form,numpy,0.00017071499996745843,,518.6811649254714,7780217.473882072,1.0000000000000004,3.3571428571428585,2317511.5879648714,76787965578.18613,2.025776994728591e+18,2.025776994728591e+18,2.025776858053342e+18,4.936377511454452e-19,0.10531612949377285,-13.26203930906476,-9.669900983701273,0.015759909526209977,7.562663835342953e-08,64,False,29760784421.813873,min_sensing,0.014309448550020386,0.04674009047379002,-4.440892098500626e-16,51.86811649254713,-29760784421.813873,0.015766775709607907,,,,,,,518.6811649254714
110.0,27.177287669604308,5,max_rate_isac,Max-rate ISAC,ok,optimal,CLARABEL,0.005824839999604592,,511.2953346499568,7669430.019749353,0.9999999998062569,3.3571428565893053,2284511.070089261,106548750008.41183,2.81090930016051e+18,2.81090930016051e+18,2.8109091587426043e+18,3.5575676523710583e-19,0.08940612886255436,-7.915722333206557,-2.230851851798686,0.03941224711108413,5.263484325358256e-05,64,True,0.0,,0.009043553509300915,0.023087752888915868,1.937431326481942e-10,44.48228621703254,8.411834716796875,,False,,,,,,518.6811649254714
110.0,27.177287669604308,5,dinkelbach_ee_isac,Dinkelbach EE-ISAC,ok,optimal,CLARABEL,0.01696115299955636,,427.08427029176926,6406264.054376539,0.6681707701051773,2.40905934315765,2659238.7906806786,106548749984.07373,2.8109092995184353e+18,2.8109092995184353e+18,2.81090912929821e+18,3.5575676531836866e-19,0.08940612887276556,-2.956577729530281,5.712063523991678,0.06249999983248569,0.0002625475079804213,64,False,39.72877814115503,min_rate,0.0016609333349437154,1.675143079804542e-10,0.33182922989482266,-39.72877814115503,-15.92626953125,,False,5.0,True,2659238.7906131917,0.00016258005052804947,False,518.6811649254714
110.0,27.177287669604308,6,uniform,Uniform,ok,closed_form,numpy,1.5720002011221368e-06,,508.3129222620216,7624693.833930324,1.0,3.357142857142857,2271185.3973409473,76781250000.0,2.0255998281153943e+18,2.0255998281153943e+18,2.0255998281153943e+18,4.936809265680052e-19,0.10532073506634214,-13.256466474732292,-9.684463547443015,0.015625,0.0,64,False,29767500000.0,min_sensing,0.015625,0.046875,0.0,50.441889416299375,-29767500000.0,,,,,,,,508.74559205080243
110.0,27.177287669604308,6,water_filling,Water-filling (comm. only),ok,closed_form,numpy,0.0001747709998198843,,508.74559205080243,7631183.880762037,1.0000000000005316,3.357142857144376,2273118.602779153,76125126126.84787,2.0082903364793587e+18,2.0082903364793587e+18,2.0075070496063562e+18,4.979359716250261e-19,0.1057736419408613,-13.941384934531547,-9.366046327278756,0.016102851096881924,3.354455271671322e-06,64,False,30423623873.15213,min_sensing,0.0036909823875679506,0.04639714890311808,-5.31574784190525e-13,50.87455920508023,-30423623873.15213,0.01610823433341329,,,,,,,508.74559205080243
110.0,27.177287669604308,6,max_rate_isac,Max-rate ISAC,ok,optimal,CLARABEL,0.006016907999764953,,501.35134244982083,7520270.136747313,0.9999999998511663,3.3571428567176183,2240080.466548901,106548750009.84839,2.8109093001984087e+18,2.8109093001984087e+18,2.8101268539867715e+18,3.5575676523230925e-19,0.08940612886195165,-8.132093487962807,-2.0369380119168348,0.04030404849355008,5.787950348959705e-05,64,True,0.0,,0.002775491912736041,0.022195951506449922,1.4883372312368692e-10,43.480309604098636,9.848388671875,,False,,,,,,508.74559205080243
110.0,27.177287669604308,6,dinkelbach_ee_isac,Dinkelbach EE-ISAC,ok,optimal,CLARABEL,0.018723345000125846,,418.19257819002064,6272888.67285031,0.6650026400034919,2.4000075428671197,2613695.399205509,106548749994.82445,2.8109092998020547e+18,2.8109092998020547e+18,2.810444463072455e+18,3.55756765282473e-19,0.08940612886825504,-2.9705658583848225,5.858318681509644,0.062499999915793,0.00027017693529655387,64,False,39.67845465570156,min_rate,3.205056586056777e-11,8.42070024820174e-11,0.33499735999650815,-39.67845465570156,-5.1755523681640625,,False,5.0,True,2613695.399012762,0.0004625944420695305,False,508.74559205080243
110.0,27.177287669604308,7,uniform,Uniform,ok,closed_form,numpy,1.3419999049801845e-06,,524.3876599816247,7865814.89972437,1.0,3.357142857142857,2343008.6935349186,76781250000.0,2.0255998281153943e+18,2.0255998281153943e+18,2.0255998281153943e+18,4.936809265680052e-19,0.10532073506634214,-13.256466474732292,-9.684463547443015,0.015625,0.0,64,False,29767500000.0,min_sensing,0.015625,0.046875,0.0,52.21449114594964,-29767500000.0,,,,,,,,524.6368542618611
110.0,27.177287669604308,7,water_filling,Water-filling (comm. only),ok,closed_form,numpy,0.0001313409998147108,,524.6368542618611,7869552.813927917,1.0000000000008367,3.3571428571452477,2344122.11478537,75356703003.2059,1.9880182290681219e+18,1.9880182290681219e+18,1.9871572666473354e+18,5.030134962438183e-19,0.10631156859952312,-13.38373451155695,-9.782469797139477,0.01590453309125905,1.914100764352935e-06,64,False,31192046996.794098,min_sensing,0.0048800361227806545,0.046595466908740946,-8.36664071357518e-13,52.46368542618609,-31192046996.794098,0.015911059673027087,,,,,,,524.6368542618611
110.0,27.177287669604308,7,max_rate_isac,Max-rate ISAC,ok,optimal,CLARABEL,0.005985854999835283,,516.7027849156048,7750541.773734071,0.9999999998411662,3.3571428566890464,2308672.0180201023,106548750009.80705,2.810909300197317e+18,2.810909300197317e+18,2.8100472396642545e+18,3.5575676523244743e-19,0.08940612886196901,-7.8942765736850635,-2.1794308590074944,0.0412390823812904,5.402534333629746e-05,64,True,0.0,,0.009873686848362841,0.0212609176187096,1.588338349733931e-10,44.529616079929724,9.807052612304688,,False,,,,,,524.6368542618611
110.0,27.177287669604308,7,dinkelbach_ee_isac,Dinkelbach EE-ISAC,ok,optimal,CLARABEL,0.018870313000206806,,431.59226106002626,6473883.915900394,0.6675400498063018,2.4072572851608625,2689319.482303606,106548749977.00154,2.8109092993318605e+18,2.8109092993318605e+18,2.8108892051211786e+18,3.557567653419821e-19,0.08940612887573274,-2.9581832738768266,5.734091759993287,0.06249999962051228,0.00026356989603603396,64,False,40.58090777564877,min_rate,0.0017553383257868425,3.794877190266277e-10,0.33245995019369823,-40.58090777564877,-22.998458862304688,,False,5.0,True,2689319.483370861,-0.0025691576302051544,False,524.6368542618611
110.0,27.177287669604308,8,uniform,Uniform,ok,closed_form,numpy,1.5829996300453786e-06,,535.8635664237247,8037953.496355871,1.0,3.357142857142857,2394284.02019111,76781250000.0,2.0255998281153943e+18,2.0255998281153943e+18,2.0255998281153943e+18,4.936809265680052e-19,0.10532073506634214,-13.256466474732292,-9.684463547443015,0.015625,0.0,64,False,29767500000.0,min_sensing,0.015625,0.046875,0.0,53.57139750592012,-29767500000.0,,,,,,,,535.8801876864495
110.0,27.177287669604308,8,water_filling,Water-filling (comm. only),ok,closed_form,numpy,0.00013863600042895996,,535.8801876864495,8038202.815296743,1.0000000000004126,3.3571428571440363,2394358.2854066994,76682959672.81442,2.023006787889395e+18,2.023006787889395e+18,2.0229878861186043e+18,4.943137146085906e-19,0.10538821221145941,-13.210891318394445,-9.692677309946703,0.015757803658804193,9.39249745699137e-08,64,False,29865790327.185577,min_sensing,0.013968017638928383,0.04674219634119581,-4.1255887595070817e-13,53.58801876864493,-29865790327.185577,0.015763367343317538,,,,,,,535.8801876864495
110.0,27.177287669604308,8,max_rate_isac,Max-rate ISAC,ok,optimal,CLARABEL,0.005990090000068449,,528.4419362984098,7926629.044476147,0.999999999888503,3.3571428568242943,2361123.5453871572,106548750008.22658,2.8109093001556224e+18,2.8109093001556224e+18,2.810890411579248e+18,3.5575676523772443e-19,0.0894061288626321,-7.890634413660827,-2.2389407189629345,0.03956354958481143,5.2425875924696396e-05,64,True,0.0,,0.008546595974752666,0.022936450415188568,1.1149703382784537e-10,46.149767380605226,8.226577758789062,,False,,,,,,535.8801876864495
110.0,27.177287669604308,8,dinkelbach_ee_isac,Dinkelbach EE-ISAC,ok,optimal,CLARABEL,0.019585032000122737,,441.4833476203735,6622250.214305602,0.663290919935202,2.3951169141005773,2764896.4337895014,106548749994.59248,2.810909299795935e+18,2.810909299795935e+18,2.810903330787422e+18,3.5575676528324745e-19,0.08940612886835235,-2.8549966151196395,5.827063457017889,0.06249999989778402,0.0002675888484461729,64,False,40.80882129743111,min_rate,0.0010058345041998953,1.0221597873671939e-10,0.33670908006479805,-40.80882129743111,-5.4075164794921875,,False,5.0,True,2764896.4336220743,0.0004010079428553581,False,535.8801876864495
110.0,27.177287669604308,9,uniform,Uniform,ok,closed_form,numpy,1.5710002116975375e-06,,506.0988774668661,7591483.162002992,1.0,3.357142857142857,2261292.856766849,76781250000.0,2.0255998281153943e+18,2.0255998281153943e+18,2.0255998281153943e+18,4.936809265680052e-19,0.10532073506634214,-13.256466474732292,-9.684463547443015,0.015625,0.0,64,False,29767500000.0,min_sensing,0.015625,0.046875,0.0,50.536022577710014,-29767500000.0,,,,,,,,506.1809498768401
110.0,27.177287669604308,9,water_filling,Water-filling (comm. only),ok,closed_form,numpy,0.0001419920004082087,,506.1809498768401,7592714.2481526015,0.9999999999992855,3.3571428571408157,2261659.5632808735,76427804973.90437,2.01627543988119e+18,2.01627543988119e+18,2.0161863028894098e+18,4.959639839976058e-19,0.10556398522753775,-13.32769492546449,-9.703884440321243,0.015858273111804877,5.173095496389102e-07,64,False,30120945026.095627,min_sensing,0.010869274285659987,0.04664172688819512,7.145395386487507e-13,50.618094987684,-30120945026.095627,0.015868487057386516,,,,,,,506.1809498768401
110.0,27.177287669604308,9,max_rate_isac,Max-rate ISAC,ok,optimal,CLARABEL,0.005480213000282674,,498.7164708684367,7480747.063026551,0.9999999998068656,3.357142856591045,2228307.636161409,106548750008.62341,2.8109093001660913e+18,2.8109093001660913e+18,2.8108201847502956e+18,3.5575676523639944e-19,0.08940612886246561,-7.920607636641636,-2.205162055311359,0.039869833547645055,5.3301790092266965e-05,64,True,0.0,,0.00822597305324376,0.022630166452354945,1.9313439736379223e-10,43.15361597928063,8.6234130859375,,False,,,,,,506.1809498768401
110.0,27.177287669604308,9,dinkelbach_ee_isac,Dinkelbach EE-ISAC,ok,optimal,CLARABEL,0.01692868299960537,,416.26114379875065,6243917.15698126,0.6703705273267228,2.415344363790637,2585104.3232535454,106548749978.17914,2.8109092993629276e+18,2.8109092993629276e+18,2.8107655000328074e+18,3.5575676533805017e-19,0.08940612887523866,-2.99275181557926,5.672196972580852,0.06249999968909153,0.000261220343647705,64,False,39.30171109040543,min_rate,0.0003858150391865111,3.1090847257830845e-10,0.32962947267327725,-39.30171109040543,-21.82086181640625,,False,5.0,True,2585104.323315644,-0.00014998950064182281,False,506.1809498768401
110.0,27.177287669604308,10,uniform,Uniform,ok,closed_form,numpy,1.3960002434032504e-06,,529.9723606321917,7949585.409482875,1.0,3.357142857142857,2367961.6113353246,76781250000.0,2.0255998281153943e+18,2.0255998281153943e+18,2.0255998281153943e+18,4.936809265680052e-19,0.10532073506634214,-13.256466474732292,-9.684463547443015,0.015625,0.0,64,False,29767500000.0,min_sensing,0.015625,0.046875,0.0,52.99224823403733,-29767500000.0,,,,,,,,529.977902664616
110.0,27.177287669604308,10,water_filling,Water-filling (comm. only),ok,closed_form,numpy,0.0001405150001119182,,529.977902664616,7949668.539969239,0.9999999999996607,3.3571428571418878,2367986.373608542,76801490162.02112,2.0261337927058511e+18,2.0261337927058511e+18,2.0261222813881976e+18,4.935508225567498e-19,0.10530685610902728,-13.280293547729729,-9.674883475142087,0.01572220482855258,3.0621892799562336e-08,64,False,29747259837.97888,min_sensing,0.014548620205979365,0.04677779517144742,3.3928415632544784e-13,52.99779026646161,-29747259837.97888,0.015727152669959544,,,,,,,529.977902664616
110.0,27.177287669604308,10,max_rate_isac,Max-rate ISAC,ok,optimal,CLARABEL,0.005782059000011941,,522.5632074170308,7838448.111255461,0.999999999920945,3.357142856916986,2334856.8843608457,106548750004.85312,2.8109093000666255e+18,2.8109093000666255e+18,2.8108977763258747e+18,3.5575676524898814e-19,0.08940612886404746,-7.924076283867034,-2.232701468363837,0.03939418133434672,5.2589557751909044e-05,64,True,0.0,,0.010042442307943605,0.023105818665653283,7.905498478066875e-11,45.583095018876406,4.853118896484375,,False,,,,,,529.977902664616
110.0,27.177287669604308,10,dinkelbach_ee_isac,Dinkelbach EE-ISAC,ok,optimal,CLARABEL,0.018115850999492977,,436.77200796173975,6551580.119426096,0.6661258556726717,2.403216730493348,2726171.1506482167,106548749984.67628,2.810909299534332e+18,2.810909299534332e+18,2.8108966061142743e+18,3.5575676531635674e-19,0.08940612887251274,-2.9267715016377593,5.767276565506116,0.062499999722913854,0.0002650269743358332,64,False,40.2081044364146,min_rate,0.0025474198271585014,2.770861456946605e-10,0.3338741443273283,-40.2081044364146,-15.323715209960938,,False,5.0,True,2726171.150758739,-0.000265609472990036,False,529.977902664616
110.0,27.177287669604308,11,uniform,Uniform,ok,closed_form,numpy,1.3839999155607074e-06,,539.6048796257451,8094073.194386176,1.0,3.357142857142857,2411000.5259873713,76781250000.0,2.0255998281153943e+18,2.0255998281153943e+18,2.0255998281153943e+18,4.936809265680052e-19,0.10532073506634214,-13.256466474732292,-9.684463547443015,0.015625,0.0,64,False,29767500000.0,min_sensing,0.015625,0.046875,0.0,53.94379062194747,-29767500000.0,,,,,,,,539.6234322264418
110.0,27.177287669604308,11,water_filling,Water-filling (comm. only),ok,closed_form,numpy,0.00016615899994576466,,539.6234322264418,8094351.483396626,0.9999999999991609,3.35714285714046,2411083.420587951,77048068400.5541,2.0326388813517038e+18,2.0326388813517038e+18,2.032637172774601e+18,4.919713034983374e-19,0.10513821341560753,-13.147821943169403,-9.576413469335762,0.015750230830356312,1.0585926264151412e-07,64,False,29500681599.445908,min_sensing,0.013642453217360687,0.046749769169643685,8.391065620116933e-13,53.962343222644165,-29500681599.445908,0.01575728098531327,,,,,,,539.6234322264418
110.0,27.177287669604308,11,max_rate_isac,Max-rate ISAC,ok,optimal,CLARABEL,0.005902796999635029,,532.3509805887421,7985264.708831131,0.9999999998172471,3.357142856620706,2378589.4881068855,106548750012.09764,2.8109093002577464e+18,2.8109093002577464e+18,2.8109075789759196e+18,3.5575676522479933e-19,0.08940612886100797,-7.8802363155405395,-2.2451458890145135,0.03909438255548595,5.226389608847165e-05,64,True,0.0,,0.008117398052731534,0.023405617444514047,1.8275292390512732e-10,46.68989158494452,12.097640991210938,,False,,,,,,539.6234322264418
110.0,27.177287669604308,11,dinkelbach_ee_isac,Dinkelbach EE-ISAC,ok,optimal,CLARABEL,0.016908920999867405,,444.4675152741096,6667012.7291116435,0.6603658406794226,2.3867595447983505,2793332.38391843,106548749991.29889,2.810909299709046e+18,2.810909299709046e+18,2.810906374774685e+18,3.5575676529424446e-19,0.08940612886973419,-2.7865375699978676,5.875280137508029,0.062499999871115694,0.00026930281010755267,64,False,41.19357372968801,min_rate,0.0005974217076479053,1.2888430600543899e-10,0.3396341593205774,-41.19357372968801,-8.70111083984375,,False,5.0,True,2793332.383856387,0.00014808215200901031,False,539.6234322264418
110.0,27.177287669604308,12,uniform,Uniform,ok,closed_form,numpy,1.5919999896141235e-06,,535.3521793350228,8030282.690025343,1.0,3.357142857142857,2391999.099156485,76781250000.0,2.0255998281153943e+18,2.0255998281153943e+18,2.0255998281153943e+18,4.936809265680052e-19,0.10532073506634214,-13.256466474732292,-9.684463547443015,0.015625,0.0,64,False,29767500000.0,min_sensing,0.015625,0.046875,0.0,53.507759677150375,-29767500000.0,,,,,,,,535.3826885087472
110.0,27.177287669604308,12,water_filling,Water-filling (comm. only),ok,closed_form,numpy,0.00013598099985756562,,535.3826885087472,8030740.327631207,1.0000000000008034,3.3571428571451527,2392135.416739575,76556266101.38554,2.019664429220974e+18,2.019664429220974e+18,2.0196579320710449e+18,4.951317582920052e-19,0.10547538005643851,-13.367800810061222,-9.729301665972308,0.01576900550036697,1.8087387926994458e-07,64,False,29992483898.614456,min_sensing,0.012634409454797373,0.04673099449963303,-8.033573806187633e-13,53.538268850874715,-29992483898.614456,0.015776403838253603,,,,,,,535.3826885087472
110.0,27.177287669604308,12,max_rate_isac,Max-rate ISAC,ok,optimal,CLARABEL,0.0052645279997705074,,527.8963495398106,7918445.243097158,0.9999999998101032,3.357142856600295,2358685.8174739676,106548750010.99457,2.810909300228646e+18,2.810909300228646e+18,2.810902877946017e+18,3.557567652284824e-19,0.08940612886147078,-7.945660473067089,-2.2199183384399577,0.03971195123344624,5.292085158536687e-05,64,True,0.0,,0.009942055248228016,0.022788048766553763,1.8989676497938035e-10,46.05192988193812,10.99456787109375,,False,,,,,,535.3826885087472
110.0,27.177287669604308,12,dinkelbach_ee_isac,Dinkelbach EE-ISAC,ok,optimal,CLARABEL,0.016712512000140123,,441.0801851089551,6616202.776634326,0.66371298067825,2.396322801937857,2760981.438428887,106548749986.98787,2.810909299595315e+18,2.810909299595315e+18,2.810897238108653e+18,3.557567653086385e-19,0.0894061288715429,-2.8966254313188355,5.842999012626446,0.06249999986501338,0.00026865339323001587,64,False,40.76423454891733,min_rate,0.0012330122536956779,1.3498661910471554e-10,0.33628701932175,-40.76423454891733,-13.012130737304688,,False,5.0,True,2760981.438408969,4.7730281949043274e-05,False,535.3826885087472
110.0,27.177287669604308,13,uniform,Uniform,ok,closed_form,numpy,1.4860002011118922e-06,,532.0629781307314,7980944.67196097,1.0,3.357142857142857,2377302.668243693,76781250000.0,2.0255998281153943e+18,2.0255998281153943e+18,2.0255998281153943e+18,4.936809265680052e-19,0.10532073506634214,-13.256466474732292,-9.684463547443015,0.015625,0.0,64,False,29767500000.0,min_sensing,0.015625,0.046875,0.0,53.19385588429685,-29767500000.0,,,,,,,,532.0768024960383
110.0,27.177287669604308,13,water_filling,Water-filling (comm. only),ok,closed_form,numpy,0.00017110699991462752,,532.0768024960383,7981152.037440575,1.0000000000008118,3.3571428571451767,2377364.436682784,76762295065.18288,2.025099769667433e+18,2.025099769667433e+18,2.025071094789172e+18,4.93802831336168e-19,0.10533373770287043,-13.254728742200117,-9.67626017619191,0.015756430511540742,7.737395931888403e-08,64,False,29786454934.817123,min_sensing,0.014357948437691408,0.04674356948845926,-8.117950756059145e-13,53.20768024960381,-29786454934.817123,0.01576242062979505,,,,,,,532.0768024960383
110.0,27.177287669604308,13,max_rate_isac,Max-rate ISAC,ok,optimal,CLARABEL,0.005697789000350895,,524.6750469329317,7870125.703993975,0.9999999998413118,3.3571428566894626,2344292.763208428,106548750010.1552,2.810909300206502e+18,2.810909300206502e+18,2.8108805765345403e+18,3.5575676523128494e-19,0.08940612886182295,-7.910780688871232,-2.233905764247613,0.0394408040959593,5.2559203077185e-05,64,True,0.0,,0.009267823779201012,0.0230591959040407,1.5868817371256227e-10,45.80592468649712,10.155197143554688,,False,,,,,,532.0768024960383
110.0,27.177287669604308,13,dinkelbach_ee_isac,Dinkelbach EE-ISAC,ok,optimal,CLARABEL,0.018170110000028217,,438.30423558768643,6574563.533815296,0.6641971262394145,2.397706074969756,2742022.3030874315,106548749984.32704,2.8109092995251185e+18,2.8109092995251185e+18,2.810865403877167e+18,3.557567653175228e-19,0.08940612887265927,-2.8801104507710162,5.803498882897236,0.062499999814583734,0.00026645621874862814,64,False,40.564886658748094,min_rate,0.0018334265480998476,1.8541626567447622e-10,0.3358028737605855,-40.564886658748094,-15.672958374023438,,False,5.0,True,2742022.3032882307,-0.0004814574494957924,False,532.0768024960383
110.0,27.177287669604308,14,uniform,Uniform,ok,closed_form,numpy,1.6219996723521035e-06,,550.200485390913,8253007.280863694,1.0,3.357142857142857,2458342.5942998235,76781250000.0,2.0255998281153943e+18,2.0255998281153943e+18,2.0255998281153943e+18,4.936809265680052e-19,0.10532073506634214,-13.256466474732292,-9.684463547443015,0.015625,0.0,64,False,29767500000.0,min_sensing,0.015625,0.046875,0.0,55.016296287415855,-29767500000.0,,,,,,,,550.2046545594412
110.0,27.177287669604308,14,water_filling,Water-filling (comm. only),ok,closed_form,numpy,0.00014203899991116486,,550.2046545594412,8253069.818391618,0.9999999999994715,3.3571428571413473,2458361.222500737,76707922273.1423,2.023665337195814e+18,2.023665337195814e+18,2.0236642638810542e+18,4.941528530531123e-19,0.10537106288837775,-13.290377503468916,-9.705874998939532,0.015700286620381473,2.2927690242684554e-08,64,False,29840827726.857697,min_sensing,0.01468392355294576,0.046799713379618524,5.284661597215745e-13,55.020465455944134,-29840827726.857697,0.015706143006611897,,,,,,,550.2046545594412
110.0,27.177287669604308,14,max_rate_isac,Max-rate ISAC,ok,optimal,CLARABEL,0.0058361709998280276,,542.7268901021986,8140903.351532979,0.9999999998260849,3.357142856645957,2424949.934858109,106548750010.67764,2.810909300220285e+18,2.810909300220285e+18,2.8109082109381023e+18,3.5575676522954053e-19,0.08940612886160373,-7.927117904903561,-2.2281654522014573,0.039488955607836294,5.2705389447786057e-05,64,True,0.0,,0.009784706884074451,0.023011044392163706,1.7391510453990122e-10,47.54270099870149,10.677642822265625,,False,,,,,,550.2046545594412
110.0,27.177287669604308,14,dinkelbach_ee_isac,Dinkelbach EE-ISAC,ok,optimal,CLARABEL,0.017523480999443564,,453.9311865999215,6808967.798998822,0.6614186329419458,2.389767522691274,2849217.647468402,106548749981.20027,2.810909299442629e+18,2.810909299442629e+18,2.810908433254784e+18,3.557567653279629e-19,0.08940612887397113,-2.8452591801234335,5.905388243946209,0.06249999976305273,0.00027165623356410843,64,False,41.2530025035756,min_rate,0.002305247608040586,2.3694726736245286e-10,0.3385813670580542,-41.2530025035756,-18.799728393554688,,False,5.0,True,2849217.6481754445,-0.0016896668821573257,False,550.2046545594412
110.0,27.177287669604308,15,uniform,Uniform,ok,closed_form,numpy,1.368000084767118e-06,,531.9963413709061,7979945.120563591,1.0,3.357142857142857,2377004.9295295803,76781250000.0,2.0255998281153943e+18,2.0255998281153943e+18,2.0255998281153943e+18,4.936809265680052e-19,0.10532073506634214,-13.256466474732292,-9.684463547443015,0.015625,0.0,64,False,29767500000.0,min_sensing,0.015625,0.046875,0.0,53.17602918255443,-29767500000.0,,,,,,,,532.0225690981684
110.0,27.177287669604308,15,water_filling,Water-filling (comm. only),ok,closed_form,numpy,0.00017781200040190015,,532.0225690981684,7980338.536472526,1.0000000000004408,3.3571428571441166,2377122.1172462436,76687838332.2326,2.0231354939430075e+18,2.0231354939430075e+18,2.0230580180827668e+18,4.942822677936619e-19,0.10538485991086814,-13.372818717161527,-9.698260020623025,0.015776720690018564,1.5104765515280724e-07,64,False,29860911667.767395,min_sensing,0.013467710267197421,0.046723279309981436,-4.4075854077618715e-13,53.20225690981681,-29860911667.767395,0.01578211622200185,,,,,,,532.0225690981684
110.0,27.177287669604308,15,max_rate_isac,Max-rate ISAC,ok,optimal,CLARABEL,0.005589989000327478,,524.6033193463553,7869049.79019533,0.9999999998205026,3.3571428566300074,2343972.2782885977,106548750011.5674,2.8109093002437576e+18,2.8109093002437576e+18,2.8108318729159137e+18,3.557567652265698e-19,0.08940612886123045,-7.954673964053907,-2.2145886594441873,0.03955744120837341,5.306941689752233e-05,64,True,0.0,,0.009432502730141032,0.022942558791626592,1.7949741693001897e-10,45.78300715800367,11.567398071289062,,False,,,,,,532.0225690981684
110.0,27.177287669604308,15,dinkelbach_ee_isac,Dinkelbach EE-ISAC,ok,optimal,CLARABEL,0.018527101000472612,,438.17679560162765,6572651.934024415,0.6638532675982523,2.396723621709292,2742348.710752448,106548749981.37686,2.8109092994472883e+18,2.8109092994472883e+18,2.8108067700027643e+18,3.557567653273732e-19,0.08940612887389703,-2.900512281415999,5.840758375831725,0.062499999756163487,0.00026859068099413183,64,False,40.64351658672399,min_rate,0.0016446801502929033,2.4383651348047763e-10,0.33614673240174775,-40.64351658672399,-18.623138427734375,,False,5.0,True,2742348.7098249285,0.002223007380962372,False,532.0225690981684
110.0,27.177287669604308,16,uniform,Uniform,ok,closed_form,numpy,1.6200001482502557e-06,,528.139309099604,7922089.63649406,1.0,3.357142857142857,2359771.381083337,76781250000.0,2.0255998281153943e+18,2.0255998281153943e+18,2.0255998281153943e+18,4.936809265680052e-19,0.10532073506634214,-13.256466474732292,-9.684463547443015,0.015625,0.0,64,False,29767500000.0,min_sensing,0.015625,0.046875,0.0,52.78077773290181,-29767500000.0,,,,,,,,528.1761459630025
110.0,27.177287669604308,16,water_filling,Water-filling (comm. only),ok,closed_form,numpy,0.00013645200033352012,,528.1761459630025,7922642.189445036,0.9999999999995692,3.3571428571416266,2359935.9713249183,76978266176.96786,2.0307973982800118e+18,2.0307973982800118e+18,2.0307810326939023e+18,4.924174124149225e-19,0.10518587114105378,-13.203905835908119,-9.57977974006113,0.01576065858888143,2.2498149015465376e-07,64,False,29570483823.032135,min_sensing,0.012029743861154185,0.04673934141111857,4.3076653355456074e-13,52.817614596300245,-29570483823.032135,0.0157696531088577,,,,,,,528.1761459630025
110.0,27.177287669604308,16,max_rate_isac,Max-rate ISAC,ok,optimal,CLARABEL,0.00523943700000018,,520.8819396479425,7813229.094719138,0.999999999882226,3.35714285680636,2327344.8369581266,106548750005.81691,2.8109093000920515e+18,2.8109093000920515e+18,2.810892959312079e+18,3.5575676524577015e-19,0.08940612886364309,-7.896483720836759,-2.2399085585696383,0.03912812815931855,5.24026485434051e-05,64,True,0.0,,0.007229312073436138,0.02337187184068145,1.1777401276447108e-10,45.523408281240336,5.8169097900390625,,False,,,,,,528.1761459630025
110.0,27.177287669604308,16,dinkelbach_ee_isac,Dinkelbach EE-ISAC,ok,optimal,CLARABEL,0.015934516999550397,,435.1207601092517,6526811.401638775,0.6643620094094367,2.3981771697412477,2721571.8187922654,106548749988.4419,2.8109092996336737e+18,2.8109092996336737e+18,2.8108864563420677e+18,3.5575676530378374e-19,0.08940612887093287,-2.8752262457014433,5.783768918876406,0.06249999989532796,0.00026528177848261466,64,False,40.237771257450504,min_rate,7.650322851307507e-11,1.0467204186737078e-10,0.3356379905905633,-40.237771257450504,-11.55810546875,,False,5.0,True,2721571.8186938963,0.00023590680211782455,False,528.1761459630025
110.0,27.177287669604308,17,uniform,Uniform,ok,closed_form,numpy,1.3169997146178503e-06,,559.3573632375159,8390360.448562738,1.0,3.357142857142857,2499256.303827198,76781250000.0,2.0255998281153943e+18,2.0255998281153943e+18,2.0255998281153943e+18,4.936809265680052e-19,0.10532073506634214,-13.256466474732292,-9.684463547443015,0.015625,0.0,64,False,29767500000.0,min_sensing,0.015625,0.046875,0.0,55.934352424910855,-29767500000.0,,,,,,,,559.3589009028944
110.0,27.177287669604308,17,water_filling,Water-filling (comm. only),ok,closed_form,numpy,0.0001422790001015528,,559.3589009028944,8390383.513543416,1.0000000000008002,3.357142857145144,2499263.1742452728,76815475054.09045,2.026502734276506e+18,2.026502734276506e+18,2.02650155580014e+18,4.934609675505895e-19,0.10529726968095766,-13.249646069557041,-9.672060247804453,0.015685615339835476,8.314279597371216e-09,64,False,29733274945.909546,min_sensing,0.015096280278777791,0.04681438466016452,-8.002487561498128e-13,55.93589009028943,-29733274945.909546,0.015689959069995516,,,,,,,559.3589009028944
110.0,27.177287669604308,17,max_rate_isac,Max-rate ISAC,ok,optimal,CLARABEL,0.006118882000009762,,551.917540865026,8278763.112975391,0.9999999998554646,3.357142856729899,2466014.544593883,106548750012.25485,2.810909300261894e+18,2.810909300261894e+18,2.8109081246257454e+18,3.5575676522427437e-19,0.08940612886094201,-7.915568459446961,-2.2344598621067577,0.039383599841323655,5.254215617532906e-05,64,True,0.0,,0.01001819975743414,0.023116400158676345,1.4453538366154817e-10,48.494530052421,12.254852294921875,,False,,,,,,559.3589009028944
110.0,27.177287669604308,17,dinkelbach_ee_isac,Dinkelbach EE-ISAC,ok,optimal,CLARABEL,0.017402274999312795,,461.6751198457116,6925126.797685674,0.6588122540148822,2.3823207257568066,2906882.6555608823,106548749993.11375,2.810909299756925e+18,2.810909299756925e+18,2.8109068063393556e+18,3.557567652881847e-19,0.08940612886897276,-2.789897229218219,5.961509925988114,0.06249999989163482,0.00027406710968080395,64,False,41.74789096689341,min_rate,0.0024528530591878327,1.0836517794210465e-10,0.3411877459851178,-41.74789096689341,-6.8862457275390625,,False,5.0,True,2906882.6554921637,0.00016370974481105804,False,559.3589009028944
110.0,27.177287669604308,18,uniform,Uniform,ok,closed_form,numpy,1.4890001693856902e-06,,515.5975965347748,7733963.948021621,1.0,3.357142857142857,2303733.9419638873,76781250000.0,2.0255998281153943e+18,2.0255998281153943e+18,2.0255998281153943e+18,4.936809265680052e-19,0.10532073506634214,-13.256466474732292,-9.684463547443015,0.015625,0.0,64,False,29767500000.0,min_sensing,0.015625,0.046875,0.0,51.51820738904689,-29767500000.0,,,,,,,,515.6437657174754
110.0,27.177287669604308,18,water_filling,Water-filling (comm. only),ok,closed_form,numpy,0.0001409050000802381,,515.6437657174754,7734656.4857621305,1.0000000000005533,3.357142857144438,2303940.229800401,76675910585.22844,2.022820822818463e+18,2.022820822818463e+18,2.0228184933380764e+18,4.943591586162669e-19,0.1053930564556254,-13.199234798318036,-9.662683109716374,0.01582976741740261,2.7047827062070314e-07,64,False,29872839414.77156,min_sensing,0.013186741731145547,0.04667023258259739,-5.53335155473178e-13,51.564376571747516,-29872839414.77156,0.015837227897057323,,,,,,,515.6437657174754
110.0,27.177287669604308,18,max_rate_isac,Max-rate ISAC,ok,optimal,CLARABEL,0.00587184599999091,,508.26771518744283,7624015.727811643,0.9999999998107656,3.3571428566021875,2270983.408650062,106548750010.11554,2.810909300205456e+18,2.810909300205456e+18,2.8109070133905224e+18,3.5575676523141735e-19,0.08940612886183959,-7.882990557138921,-2.2270511607778714,0.03958116633328565,5.272910019027608e-05,64,True,0.0,,0.00766679505131708,0.02291883366671435,1.8923440592288898e-10,44.18832604171496,10.11553955078125,,False,,,,,,515.6437657174754
110.0,27.177287669604308,18,dinkelbach_ee_isac,Dinkelbach EE-ISAC,ok,optimal,CLARABEL,0.01824972299982619,,424.1640398033972,6362460.597050958,0.6669553669444369,2.405586762698391,2644868.4768759157,106548749989.36795,2.810909299658105e+18,2.810909299658105e+18,2.8109048761562235e+18,3.5575676530069165e-19,0.08940612887054433,-2.9062039935149304,5.720856878982161,0.06249999984609799,0.00026266390680191356,64,False,39.91534934233067,min_rate,0.0002685463097754194,1.5390200919229713e-10,0.3330446330555631,-39.91534934233067,-10.632049560546875,,False,5.0,True,2644868.4769094023,-8.055474609136581e-05,False,515.6437657174754
110.0,27.177287669604308,19,uniform,Uniform,ok,closed_form,numpy,1.389000317431055e-06,,538.8591813281928,8082887.719922892,1.0,3.357142857142857,2407668.682530223,76781250000.0,2.0255998281153943e+18,2.0255998281153943e+18,2.0255998281153943e+18,4.936809265680052e-19,0.10532073506634214,-13.256466474732292,-9.684463547443015,0.015625,0.0,64,False,29767500000.0,min_sensing,0.015625,0.046875,0.0,53.8441219944076,-29767500000.0,,,,,,,,538.9056214819835
110.0,27.177287669604308,19,water_filling,Water-filling (comm. only),ok,closed_form,numpy,0.00014131900024949573,,538.9056214819835,8083584.322229753,0.9999999999990814,3.3571428571402326,2407876.181091596,76873185661.15593,2.0280252231100723e+18,2.0280252231100723e+18,2.0280152186674115e+18,4.930905141635531e-19,0.10525773762418769,-13.319156505101189,-9.611596195965758,0.01577868876790589,2.8452685839048193e-07,64,False,29675564338.84407,min_sensing,0.011767517805232254,0.04672131123209411,9.185985305748545e-13,53.89056214819834,-29675564338.84407,0.015786382386866665,,,,,,,538.9056214819835
110.0,27.177287669604308,19,max_rate_isac,Max-rate ISAC,ok,optimal,CLARABEL,0.0057044199998017575,,531.5770086419753,7973655.12962963,0.9999999997961067,3.357142856560305,2375131.3156209732,106548750012.3188,2.810909300263581e+18,2.810909300263581e+18,2.8108993268099907e+18,3.5575676522406083e-19,0.08940612886091519,-7.938924472165077,-2.2196432864748554,0.03930211244856017,5.292676278919869e-05,64,True,0.0,,0.008693772000736791,0.02319788755143983,2.038933466508297e-10,46.56194930819015,12.318801879882812,,False,,,,,,538.9056214819835
110.0,27.177287669604308,19,dinkelbach_ee_isac,Dinkelbach EE-ISAC,ok,optimal,CLARABEL,0.01785336200009624,,443.78272277411025,6656740.841611654,0.6604282503760595,2.386937858217313,2788820.336773764,106548749993.5792,2.810909299769203e+18,2.810909299769203e+18,2.810894599574018e+18,3.5575676528663073e-19,0.08940612886877748,-2.8236556445106693,5.9051984270520315,0.06249999990714684,0.000271097482916253,64,False,41.232336559674934,min_rate,5.93829208941482e-05,9.285316265872368e-11,0.33957174962394054,-41.232336559674934,-6.420806884765625,,False,5.0,True,2788820.3367502685,5.6082382798194885e-05,False,538.9056214819835
115.0,22.177287669604308,0,uniform,Uniform,ok,closed_form,numpy,1.7350002963212319e-06,,429.8038140745677,6447057.211118516,1.0,3.357142857142857,1920400.0203331748,76781250000.0,2.0255998281153943e+18,2.0255998281153943e+18,2.0255998281153943e+18,4.936809265680052e-19,0.10532073506634214,-13.256466474732292,-9.684463547443015,0.015625,0.0,64,False,29767500000.0,min_sensing,0.015625,0.046875,0.0,42.88995945854526,-29767500000.0,,,,,,,,429.9042829066916
115.0,22.177287669604308,0,water_filling,Water-filling (comm. only),ok,closed_form,numpy,0.00014203299997461727,,429.9042829066916,6448564.243600374,1.0000000000000333,3.3571428571429527,1920848.9236255886,76777739052.2581,2.0255072042633144e+18,2.0255072042633144e+18,2.0254862272698414e+18,4.937035019649334e-19,0.10532314313002229,-13.302636533743264,-9.576552063785453,0.015991097467773944,6.37900837012923e-07,64,False,29771010947.741898,min_sensing,0.01048158234519564,0.04650890253222606,-3.3306690738754696e-14,42.99042829066917,-29771010947.741898,0.016012276443670478,,,,,,,429.9042829066916
115.0,22.177287669604308,0,max_rate_isac,Max-rate ISAC,ok,optimal,CLARABEL,0.005514374000085809,,422.72660537496347,6340899.080624452,0.9999999996553921,3.3571428561582635,1888778.4501016561,106548749992.62057,2.8109092997439135e+18,2.8109092997439135e+18,2.8108882985613537e+18,3.557567652898315e-19,0.08940612886917967,-7.916173594886141,-2.2075205378594127,0.03948594050663079,5.323971660789174e-05,64,True,7.379425048828125,,0.006261047314988313,0.02301405949336921,3.446078977731304e-10,35.812750758941036,-7.379425048828125,,False,,,,,,429.9042829066916
115.0,22.177287669604308,0,dinkelbach_ee_isac,Dinkelbach EE-ISAC,ok,optimal,CLARABEL,0.01652457699947263,,352.9980849984438,5294971.274976657,0.694036727029309,2.4829620772265972,2132522.008105335,106548749971.29352,2.810909299181275e+18,2.810909299181275e+18,2.810901209551268e+18,3.557567653610406e-19,0.08940612887812756,-3.42364407781032,5.1013791405905,0.0624999997550202,0.00023783325310434885,64,False,33.91576961757863,min_rate,1.164763584007143e-10,2.449798003345549e-10,0.30596327297069104,-33.91576961757863,-28.70648193359375,,False,5.0,True,2132522.0081033073,5.034729838371277e-06,False,429.9042829066916
115.0,22.177287669604308,1,uniform,Uniform,ok,closed_form,numpy,1.4329998521134257e-06,,423.5735864311045,6353603.796466568,1.0,3.357142857142857,1892562.8329900415,76781250000.0,2.0255998281153943e+18,2.0255998281153943e+18,2.0255998281153943e+18,4.936809265680052e-19,0.10532073506634214,-13.256466474732292,-9.684463547443015,0.015625,0.0,64,False,29767500000.0,min_sensing,0.015625,0.046875,0.0,42.18946290152013,-29767500000.0,,,,,,,,423.76013725509375
115.0,22.177287669604308,1,water_filling,Water-filling (comm. only),ok,closed_form,numpy,0.0001411309999639343,,423.76013725509375,6356402.0588264065,0.9999999999992296,3.3571428571406563,1893396.3579495326,77170826744.13571,2.03587742304852e+18,2.03587742304852e+18,2.0358773459383624e+18,4.911887074726736e-19,0.10505455660966224,-13.220800880495718,-9.348781187308465,0.01604513158063625,1.253250017267204e-06,64,False,29377923255.86429,min_sensing,0.009120367424302996,0.04645486841936375,7.703837567873961e-13,42.37601372550938,-29377923255.86429,0.016063620337486498,,,,,,,423.76013725509375
115.0,22.177287669604308,1,max_rate_isac,Max-rate ISAC,ok,optimal,CLARABEL,0.005520249999790394,,416.8030967502349,6252046.451253523,0.9999999996445885,3.357142856127396,1862311.709447336,106548749991.1391,2.81090929970483e+18,2.81090929970483e+18,2.810909210087756e+18,3.55756765294778e-19,0.08940612886980125,-7.896505361487662,-2.1978998930415146,0.038979358280377865,5.347703805412618e-05,64,True,8.86090087890625,,0.0040379608854857665,0.023520641719622135,3.554114780257578e-10,35.418973220650514,-8.86090087890625,,False,,,,,,423.76013725509375
115.0,22.177287669604308,1,dinkelbach_ee_isac,Dinkelbach EE-ISAC,ok,optimal,CLARABEL,0.01653701699933663,,347.96881999661286,5219532.299949193,0.6942759377784682,2.4836455365099095,2101560.8802550104,106548749971.50323,2.810909299186808e+18,2.810909299186808e+18,2.8109088976711726e+18,3.557567653603404e-19,0.08940612887803956,-3.4321274356300218,5.0908310209128915,0.062499999769547766,0.00023727852495133474,64,False,33.41530353297151,min_rate,4.58241631836759e-11,2.3045223368489687e-10,0.3057240622215318,-33.41530353297151,-28.49676513671875,,False,5.0,True,2101560.880280949,-6.44223764538765e-05,False,423.76013725509375
115.0,22.177287669604308,2,uniform,Uniform,ok,closed_form,numpy,1.4080001164984424e-06,,424.34855373469424,6365228.3060204135,1.0,3.357142857142857,1896025.4528571444,76781250000.0,2.0255998281153943e+18,2.0255998281153943e+18,2.0255998281153943e+18,4.936809265680052e-19,0.10532073506634214,-13.256466474732292,-9.684463547443015,0.015625,0.0,64,False,29767500000.0,min_sensing,0.015625,0.046875,0.0,42.33938243826077,-29767500000.0,,,,,,,,424.454634773815
115.0,22.177287669604308,2,water_filling,Water-filling (comm. only),ok,closed_form,numpy,0.00013677700007974636,,424.454634773815,6366819.521607225,0.9999999999994673,3.3571428571413353,1896499.4319689693,76060578137.93616,2.0065874676768218e+18,2.0065874676768218e+18,2.0065695990640338e+18,4.98358539614411e-19,0.10581851425272533,-13.600906972697848,-9.819588934013932,0.016021068043524878,6.533418356183899e-07,64,False,30488171862.063843,min_sensing,0.011948179347594769,0.04647893195647512,5.326850072151501e-13,42.44546347738151,-30488171862.063843,0.016037049810431702,,,,,,,424.454634773815
115.0,22.177287669604308,2,max_rate_isac,Max-rate ISAC,ok,optimal,CLARABEL,0.00543094500017105,,416.9682147903848,6254523.221855773,0.9999999997271761,3.3571428563633607,1863049.4707725996,106548749991.70065,2.8109092997196447e+18,2.8109092997196447e+18,2.8108914769212646e+18,3.55756765292903e-19,0.08940612886956563,-8.00610148344991,-2.165763482043874,0.040240896994693874,5.4331728782183234e-05,64,True,8.299346923828125,,0.0097047083042343,0.022259103005306126,2.7282387460303426e-10,34.959043493951356,-8.299346923828125,,False,,,,,,424.454634773815
115.0,22.177287669604308,2,dinkelbach_ee_isac,Dinkelbach EE-ISAC,ok,optimal,CLARABEL,0.016356956999970862,,348.55892695016206,5228383.904252431,0.6990856999278069,2.4973877140794487,2093541.132911212,106548749969.53479,2.810909299134877e+18,2.810909299134877e+18,2.8108899604241413e+18,3.557567653669129e-19,0.08940612887886544,-3.578170730289885,5.039144736333404,0.06249999982091298,0.00023639102621075584,64,False,33.450244346271404,min_rate,0.0025665874580452545,1.7908702298896628e-10,0.3009143000721931,-33.450244346271404,-30.4652099609375,,False,5.0,True,2093541.1328529145,0.00014559179544448853,False,424.454634773815
115.0,22.177287669604308,3,uniform,Uniform,ok,closed_form,numpy,1.3750000107393134e-06,,407.2363460876669,6108545.191315004,1.0,3.357142857142857,1819566.6527321287,76781250000.0,2.0255998281153943e+18,2.0255998281153943e+18,2.0255998281153943e+18,4.936809265680052e-19,0.10532073506634214,-13.256466474732292,-9.684463547443015,0.015625,0.0,64,False,29767500000.0,min_sensing,0.015625,0.046875,0.0,39.6215297856308,-29767500000.0,,,,,,,,408.46090700226233
115.0,22.177287669604308,3,water_filling,Water-filling (comm. only),ok,closed_form,numpy,0.0001442469997527951,,408.46090700226233,6126913.605033935,1.0000000000009999,3.357142857145714,1825038.0951149382,74072529191.65771,1.9541398765804723e+18,1.9541398765804723e+18,1.9531061957175363e+18,5.117340943627275e-19,0.10722915501913374,-13.481476017916288,-9.621947860659398,0.016346136286344407,4.945840161247301e-06,63,False,32476220808.342285,min_sensing,0.0,0.046153863713655596,-9.99866855977416e-13,40.84609070022623,-32476220808.342285,0.016363249538870063,,,,,,,408.46090700226233
115.0,22.177287669604308,3,max_rate_isac,Max-rate ISAC,ok,optimal,CLARABEL,0.005726608000259148,,399.7800051104873,5996700.076657309,0.9999999998291739,3.3571428566547827,1786251.0869235715,106548749992.17448,2.810909299732145e+18,2.810909299732145e+18,2.798229734134688e+18,3.557567652913209e-19,0.08940612886936683,-7.601722298660377,-1.5003321771087825,0.04930935222307792,7.374250177226129e-05,64,True,7.8255157470703125,,8.093221608950688e-10,0.013190647776922082,1.7082613101848665e-10,32.165188808451205,-7.8255157470703125,,False,,,,,,408.46090700226233
115.0,22.177287669604308,3,dinkelbach_ee_isac,Dinkelbach EE-ISAC,ok,optimal,CLARABEL,0.01743521399976089,,332.98262750437914,4994739.412565687,0.7024422494099672,2.506977855457049,1992334.8751140411,106548749964.69896,2.8109092990073006e+18,2.8109092990073006e+18,2.810634097710946e+18,3.5575676538305934e-19,0.08940612888089434,-3.614044387102676,4.940409409249591,0.06249999975023089,0.000232412934212771,64,False,35.30104064941406,min_rate,3.1636592855579344e-09,2.497691081737585e-10,0.29755775059003275,-34.632188797656966,-35.30104064941406,,False,5.0,True,1992334.8747531876,0.0009046513587236404,False,408.46090700226233
115.0,22.177287669604308,4,uniform,Uniform,ok,closed_form,numpy,1.44300020110677e-06,,406.8026802865006,6102040.204297509,1.0,3.357142857142857,1817628.99702479,76781250000.0,2.0255998281153943e+18,2.0255998281153943e+18,2.0255998281153943e+18,4.936809265680052e-19,0.10532073506634214,-13.256466474732292,-9.684463547443015,0.015625,0.0,64,False,29767500000.0,min_sensing,0.015625,0.046875,0.0,40.4134433910624,-29767500000.0,,,,,,,,407.0991521060424
115.0,22.177287669604308,4,water_filling,Water-filling (comm. only),ok,closed_form,numpy,0.00014244499971027835,,407.0991521060424,6106487.281590637,0.9999999999993409,3.3571428571409743,1818953.6583471673,77823438064.45026,2.0530942484877425e+18,2.0530942484877425e+18,2.0530924305543396e+18,4.870697001545715e-19,0.10461314633205882,-13.072882159972135,-9.02825595473534,0.01626697437854396,2.0439711500680574e-06,64,False,28725311935.549744,min_sensing,0.00859705456521799,0.046233025621456036,6.591394097199554e-13,40.70991521060421,-28725311935.549744,0.016288734775842802,,,,,,,407.0991521060424
115.0,22.177287669604308,4,max_rate_isac,Max-rate ISAC,ok,optimal,CLARABEL,0.005427078000138863,,400.6054146956965,6009081.220435447,0.9999999996791064,3.357142856226018,1789939.0874270524,106548749991.11517,2.8109092997041987e+18,2.8109092997041987e+18,2.8109074744890737e+18,3.557567652948579e-19,0.08940612886981128,-7.846211862394602,-2.2040685671113267,0.03826734460905893,5.330722833048241e-05,64,True,8.88482666015625,,0.003475000263068248,0.02423265539094107,3.208936449894395e-10,34.216177800258265,-8.88482666015625,,False,,,,,,407.0991521060424
115.0,22.177287669604308,4,dinkelbach_ee_isac,Dinkelbach EE-ISAC,ok,optimal,CLARABEL,0.016126786999393516,,333.49723556360766,5002458.533454115,0.691612963057837,2.4760370373081058,2020348.8308449052,106548749955.284,2.8109092987589207e+18,2.8109092987589207e+18,2.810896861150923e+18,3.55756765414495e-19,0.08940612888484444,-3.3349901818960674,5.082606887383994,0.06249999969222164,0.00023563183857617284,64,False,44.71600341796875,min_rate,4.952723911387383e-11,3.077783583549376e-10,0.30838703694216296,-32.892001331830556,-44.71600341796875,,False,5.0,True,2020348.8308896269,-0.00011073239147663116,False,407.0991521060424
115.0,22.177287669604308,5,uniform,Uniform,ok,closed_form,numpy,1.6109997886815108e-06,,448.9822029796073,6734733.044694109,1.0,3.357142857142857,2006090.6941642025,76781250000.0,2.0255998281153943e+18,2.0255998281153943e+18,2.0255998281153943e+18,4.936809265680052e-19,0.10532073506634214,-13.256466474732292,-9.684463547443015,0.015625,0.0,64,False,29767500000.0,min_sensing,0.015625,0.046875,0.0,44.79543743109298,-29767500000.0,,,,,,,,449.0964061650159
115.0,22.177287669604308,5,water_filling,Water-filling (comm. only),ok,closed_form,numpy,0.0002044080001724069,,449.0964061650159,6736446.092475238,1.0000000000007894,3.3571428571451127,2006600.9637146802,76871169612.77036,2.0279720368534892e+18,2.0279720368534892e+18,2.027838570957683e+18,4.931034461163258e-19,0.1052591178770299,-13.07597374285466,-9.503267137667944,0.01590540560972542,7.704009697250584e-07,64,False,29677580387.229645,min_sensing,0.009125032839472632,0.04659459439027458,-7.893685705084863e-13,44.90964061650158,-29677580387.229645,0.015926194101191504,,,,,,,449.0964061650159
115.0,22.177287669604308,5,max_rate_isac,Max-rate ISAC,ok,optimal,CLARABEL,0.005780678000064654,,441.8881354968088,6628322.032452132,0.9999999996749055,3.3571428562140158,1974393.7974469026,106548749994.78287,2.810909299800958e+18,2.810909299800958e+18,2.810775951475461e+18,3.557567652826118e-19,0.08940612886827248,-7.8297075254427355,-2.249037003774247,0.039329157869139965,5.217676320434161e-05,64,True,5.217132568359375,,0.003893159772495904,0.023170842130860035,3.250945068700162e-10,37.701369948294484,-5.217132568359375,,False,,,,,,449.0964061650159
115.0,22.177287669604308,5,dinkelbach_ee_isac,Dinkelbach EE-ISAC,ok,optimal,CLARABEL,0.018162226999720588,,369.5333722458764,5543000.583688146,0.6900327890505422,2.4715222544301207,2242747.5915915803,106548749964.35733,2.810909298998289e+18,2.810909298998289e+18,2.810878623704616e+18,3.557567653841999e-19,0.08940612888103766,-3.33550863374756,5.16758708407103,0.06249999975274797,0.00023984600442375628,64,False,35.642669677734375,min_rate,4.522989650129315e-11,2.472520313490101e-10,0.3099672109494578,-34.65339330263788,-35.642669677734375,,False,5.0,True,2242747.5915869633,1.1411495506763458e-05,False,449.0964061650159
115.0,22.177287669604308,6,uniform,Uniform,ok,closed_form,numpy,1.5690002328483388e-06,,428.39563538052596,6425934.530707889,1.0,3.357142857142857,1914108.158083201,76781250000.0,2.0255998281153943e+18,2.0255998281153943e+18,2.0255998281153943e+18,4.936809265680052e-19,0.10532073506634214,-13.256466474732292,-9.684463547443015,0.015625,0.0,64,False,29767500000.0,min_sensing,0.015625,0.046875,0.0,42.826226839503704,-29767500000.0,,,,,,,,428.41045393446916
115.0,22.177287669604308,6,water_filling,Water-filling (comm. only),ok,closed_form,numpy,0.0001544829997328634,,428.41045393446916,6426156.809017037,0.9999999999998836,3.357142857142525,1914174.368643562,76948200159.89777,2.0300042134984502e+18,2.0300042134984502e+18,2.0300039644852623e+18,4.926098149701025e-19,0.10520641880381695,-13.202760573360905,-9.614894073093902,0.015875541502873954,8.26464929459625e-08,64,False,29600549840.102234,min_sensing,0.014640792259268417,0.04662445849712604,1.163513729807164e-13,42.841045393446905,-29600549840.102234,0.015893605059498297,,,,,,,428.41045393446916
115.0,22.177287669604308,6,max_rate_isac,Max-rate ISAC,ok,optimal,CLARABEL,0.005600355000296986,,421.20969082160036,6318145.362324005,0.9999999997690683,3.3571428564830526,1882000.7465940556,106548749994.74461,2.8109092997999483e+18,2.8109092997999483e+18,2.8109090507581844e+18,3.557567652827396e-19,0.08940612886828854,-7.889301990866697,-2.243877904480855,0.03924842178417557,5.229705176371807e-05,64,True,5.2553863525390625,,0.009512495177943395,0.02325157821582443,2.3093171819255076e-10,35.640282280578106,-5.2553863525390625,,False,,,,,,428.41045393446916
115.0,22.177287669604308,6,dinkelbach_ee_isac,Dinkelbach EE-ISAC,ok,optimal,CLARABEL,0.017095566000534745,,352.00713354611537,5280107.003191731,0.6975145146912654,2.4928986134036153,2118059.264344759,106548749968.5234,2.810909299108196e+18,2.810909299108196e+18,2.8109092958207995e+18,3.5575676537028976e-19,0.08940612887928975,-3.479193171361809,5.008075832154407,0.06249999976691032,0.00023403421851446674,64,False,33.562274994906886,min_rate,0.002716038731449852,2.330896795021964e-10,0.30248548530873465,-33.562274994906886,-31.476593017578125,,False,5.0,True,2118059.264454957,-0.0002747131511569023,False,428.41045393446916
115.0,22.177287669604308,7,uniform,Uniform,ok,closed_form,numpy,1.4440001905313693e-06,,411.1006912227034,6166510.368340551,1.0,3.357142857142857,1836832.8756759088,76781250000.0,2.0255998281153943e+18,2.0255998281153943e+18,2.0255998281153943e+18,4.936809265680052e-19,0.10532073506634214,-13.256466474732292,-9.684463547443015,0.015625,0.0,64,False,29767500000.0,min_sensing,0.015625,0.046875,0.0,40.75835362526948,-29767500000.0,,,,,,,,411.49148621937104
115.0,22.177287669604308,7,water_filling,Water-filling (comm. only),ok,closed_form,numpy,0.0001786029997674632,,411.49148621937104,6172372.293290566,0.9999999999994817,3.3571428571413766,1838578.9809809793,76519818846.0368,2.0187028981939374e+18,2.0187028981939374e+18,2.0182872941251917e+18,4.9536759514967e-19,0.10550049662432509,-13.534220678261267,-9.29738666577914,0.016280537071981623,2.862696304968299e-06,64,False,30028931153.963196,min_sensing,0.005464220816959362,0.04621946292801837,5.182521078950231e-13,41.149148621937115,-30028931153.963196,0.016303832248324927,,,,,,,411.49148621937104
115.0,22.177287669604308,7,max_rate_isac,Max-rate ISAC,ok,optimal,CLARABEL,0.005304968000018562,,404.44063527172693,6066609.529075904,0.9999999996579709,3.3571428561656314,1807075.1793996925,106548749989.96631,2.8109092996738903e+18,2.8109092996738903e+18,2.8104933540522076e+18,3.5575676529869384e-19,0.0894061288702933,-7.983381746012207,-2.0947801091396583,0.03985156906367734,5.6253300877060644e-05,64,True,10.03369140625,,0.0038446630630678755,0.022648430936322662,3.420290717315311e-10,34.09829767429301,-10.03369140625,,False,,,,,,411.49148621937104
115.0,22.177287669604308,7,dinkelbach_ee_isac,Dinkelbach EE-ISAC,ok,optimal,CLARABEL,0.017388701999607292,,337.8828355946912,5068242.533920368,0.6973337227812668,2.492382065089334,2033493.4217795008,106548749956.4292,2.810909298789133e+18,2.810909298789133e+18,2.8106963998908636e+18,3.5575676541067126e-19,0.08940612888436396,-3.516979664088704,5.0701941646137065,0.062499999637685745,0.00023756957547111778,64,False,43.57080078125,min_rate,6.582505998329348e-11,3.623142549868952e-10,0.3026662772187332,-32.45950200274274,-43.57080078125,,False,5.0,True,2033493.4222497002,-0.0011719167232513428,False,411.49148621937104
115.0,22.177287669604308,8,uniform,Uniform,ok,closed_form,numpy,1.4329998521134257e-06,,399.80178869596165,5997026.830439425,1.0,3.357142857142857,1786348.4175777012,76781250000.0,2.0255998281153943e+18,2.0255998281153943e+18,2.0255998281153943e+18,4.936809265680052e-19,0.10532073506634214,-13.256466474732292,-9.684463547443015,0.015625,0.0,64,False,29767500000.0,min_sensing,0.015625,0.046875,0.0,39.42603495015976,-29767500000.0,,,,,,,,400.4175041620021
115.0,22.177287669604308,8,water_filling,Water-filling (comm. only),ok,closed_form,numpy,0.00013942500027042115,,400.4175041620021,6006262.562430032,1.0000000000006946,3.357142857144842,1789099.4866802283,77751062157.42903,2.0511848679446812e+18,2.0511848679446812e+18,2.050952942702735e+18,4.875230973218008e-19,0.10466182547516813,-12.660085434470194,-8.695654288073342,0.016207079382128956,4.183878649889386e-06,63,False,28797687842.57097,min_sensing,0.0,0.04629292061787105,-6.945555242054979e-13,40.041750416200216,-28797687842.57097,0.01623072820643039,,,,,,,400.4175041620021
115.0,22.177287669604308,8,max_rate_isac,Max-rate ISAC,ok,optimal,CLARABEL,0.00599128199974075,,393.7197582555141,5905796.373832711,0.999999999525143,3.357142855786123,1759173.3886611103,106548749981.9201,2.810909299461619e+18,2.810909299461619e+18,2.810741426146989e+18,3.5575676532555945e-19,0.08940612887366912,-7.754449877886031,-2.2078519500058875,0.038566074328677785,5.323058746025452e-05,64,True,18.07989501953125,,1.7591727302930002e-10,0.023933925671322215,4.748570425761045e-10,33.34400450971219,-18.07989501953125,,False,,,,,,400.4175041620021
115.0,22.177287669604308,8,dinkelbach_ee_isac,Dinkelbach EE-ISAC,ok,optimal,CLARABEL,0.01711849000002985,,329.37907730206393,4940686.159530959,0.7053127452822807,2.515179272235088,1964347.5175192857,106548749974.64153,2.8109092992695997e+18,2.8109092992695997e+18,2.8107661241409664e+18,3.55756765349862e-19,0.08940612887672289,-3.589914188376957,4.842612936238134,0.062499999822396686,0.00022845283044431417,64,False,30.996676443737954,min_rate,1.0487788872064481e-11,1.7760331399996332e-10,0.2946872547177193,-30.996676443737954,-25.358474731445312,,False,5.0,True,1964347.517230831,0.0007255151867866516,False,400.4175041620021
115.0,22.177287669604308,9,uniform,Uniform,ok,closed_form,numpy,1.4989996088843327e-06,,405.7595352163338,6086393.028245007,1.0,3.357142857142857,1812968.1360729807,76781250000.0,2.0255998281153943e+18,2.0255998281153943e+18,2.0255998281153943e+18,4.936809265680052e-19,0.10532073506634214,-13.256466474732292,-9.684463547443015,0.015625,0.0,64,False,29767500000.0,min_sensing,0.015625,0.046875,0.0,40.26825973084459,-29767500000.0,,,,,,,,406.1014172060991
115.0,22.177287669604308,9,water_filling,Water-filling (comm. only),ok,closed_form,numpy,0.0001339890000053856,,406.1014172060991,6091521.258091486,0.9999999999999628,3.357142857142751,1814495.693899649,77880524432.82039,2.0546002690065316e+18,2.0546002690065316e+18,2.054599973405531e+18,4.867126784148304e-19,0.10457479862306646,-12.642319313641067,-8.926932085069264,0.016299372663993946,2.408981678031025e-06,64,False,28668225567.17961,min_sensing,0.007992297751635194,0.04620062733600605,3.7192471324942744e-14,40.610141720609874,-28668225567.17961,0.01632274204457446,,,,,,,406.1014172060991
115.0,22.177287669604308,9,max_rate_isac,Max-rate ISAC,ok,optimal,CLARABEL,0.0057726229997570044,,399.6576369666022,5994864.554499033,0.9999999998682073,3.357142856766307,1785704.3355829823,106548749996.62038,2.8109092998494346e+18,2.8109092998494346e+18,2.810909006759595e+18,3.557567652764764e-19,0.08940612886750153,-7.682927656743073,-2.218446145981538,0.03826130650525432,5.292513224233827e-05,64,True,3.3796234130859375,,0.0026312408127250773,0.02423869349474568,1.3179268787411047e-10,34.16636148111297,-3.3796234130859375,,False,,,,,,406.1014172060991
115.0,22.177287669604308,9,dinkelbach_ee_isac,Dinkelbach EE-ISAC,ok,optimal,CLARABEL,0.01662017000035121,,333.20793667756504,4998119.050163476,0.6938059886240412,2.4823028246401178,2013500.9316955917,106548749970.01518,2.8109092991475507e+18,2.8109092991475507e+18,2.8108853142667116e+18,3.5575676536530887e-19,0.08940612887866389,-3.344754992202748,5.0458665849737905,0.06249999978872793,0.00023475597461691588,64,False,32.28333880792417,min_rate,3.049900098189453e-11,2.1127206928373e-10,0.3061940113759588,-32.28333880792417,-29.984817504882812,,False,5.0,True,2013500.931693442,5.336478352546692e-06,False,406.1014172060991
115.0,22.177287669604308,10,uniform,Uniform,ok,closed_form,numpy,1.4629999895987567e-06,,424.3097690587041,6364646.535880561,1.0,3.357142857142857,1895852.1596239968,76781250000.0,2.0255998281153943e+18,2.0255998281153943e+18,2.0255998281153943e+18,4.936809265680052e-19,0.10532073506634214,-13.256466474732292,-9.684463547443015,0.015625,0.0,64,False,29767500000.0,min_sensing,0.015625,0.046875,0.0,42.36714662164934,-29767500000.0,,,,,,,,424.3806915967275
115.0,22.177287669604308,10,water_filling,Water-filling (comm. only),ok,closed_form,numpy,0.00013639899998452165,,424.3806915967275,6365710.373950913,0.9999999999999182,3.3571428571426236,1896169.0475599782,76335452496.30331,2.0138390486690806e+18,2.0138390486690806e+18,2.0136986252527908e+18,4.965640132268201e-19,0.10562782285718358,-13.210356037670108,-9.736654052579777,0.015981373676211778,4.2967908531594724e-07,64,False,30213297503.696686,min_sensing,0.01200243680819486,0.046518626323788226,8.182343691487404e-14,42.43806915967275,-30213297503.696686,0.01599960604666892,,,,,,,424.3806915967275
115.0,22.177287669604308,10,max_rate_isac,Max-rate ISAC,ok,optimal,CLARABEL,0.0051978750002490415,,416.98883073085386,6254832.460962808,0.9999999996227189,3.3571428560649115,1863141.5847148176,106548749990.50824,2.810909299688187e+18,2.810909299688187e+18,2.810768874434617e+18,3.557567652968844e-19,0.08940612887006592,-7.861911700474734,-2.246774616859119,0.04002481359476931,5.223107864226017e-05,64,True,9.49176025390625,,0.00797568639176379,0.02247518640523069,3.7728109525403397e-10,35.04620829379911,-9.49176025390625,,False,,,,,,424.3806915967275
115.0,22.177287669604308,10,dinkelbach_ee_isac,Dinkelbach EE-ISAC,ok,optimal,CLARABEL,0.01590030699981071,,348.31475414112526,5224721.312116879,0.6980428936827174,2.494408267664907,2094573.4424653358,106548749986.46683,2.810909299581569e+18,2.810909299581569e+18,2.810905092299746e+18,3.5575676531037826e-19,0.08940612887176151,-3.4861610439197923,5.0068306187618505,0.062499999870916235,0.00023425987607560118,64,False,33.62786829592949,min_rate,0.0012312208593312506,1.290837645107068e-10,0.30195710631728256,-33.62786829592949,-13.533172607421875,,False,5.0,True,2094573.4424903805,-6.247218698263168e-05,False,424.3806915967275
115.0,22.177287669604308,11,uniform,Uniform,ok,closed_form,numpy,1.4730003385921009e-06,,427.51988349397755,6412798.252409663,1.0,3.357142857142857,1910195.2241220272,76781250000.0,2.0255998281153943e+18,2.0255998281153943e+18,2.0255998281153943e+18,4.936809265680052e-19,0.10532073506634214,-13.256466474732292,-9.684463547443015,0.015625,0.0,64,False,29767500000.0,min_sensing,0.015625,0.046875,0.0,42.69651095196349,-29767500000.0,,,,,,,,427.58152504668226
115.0,22.177287669604308,11,water_filling,Water-filling (comm. only),ok,closed_form,numpy,0.00014529099962601322,,427.58152504668226,6413722.8757002335,0.9999999999995228,3.357142857141494,1910470.6438263773,76662886304.54315,2.0224772235579988e+18,2.0224772235579988e+18,2.0224134110188216e+18,4.944431454415946e-19,0.10540200870435945,-13.17942507476523,-9.645053833254835,0.015944607119411813,3.770925356127091e-07,64,False,29885863695.45685,min_sensing,0.011733893121744547,0.04655539288058819,4.771738559838923e-13,42.7581525046682,-29885863695.45685,0.015959400548655057,,,,,,,427.58152504668226
115.0,22.177287669604308,11,max_rate_isac,Max-rate ISAC,ok,optimal,CLARABEL,0.005425827000181016,,420.30595256761615,6304589.2885142425,0.9999999996809009,3.3571428562311456,1877962.7673014817,106548749989.87021,2.8109092996713554e+18,2.8109092996713554e+18,2.8108455745771443e+18,3.5575676529901465e-19,0.0894061288703336,-7.864950028164156,-2.232722639314841,0.03952096184463427,5.258699193225983e-05,64,True,10.129791259765625,,0.008489476757709434,0.022979038155365727,3.190990804924354e-10,35.48258002560209,-10.129791259765625,,False,,,,,,427.58152504668226
115.0,22.177287669604308,11,dinkelbach_ee_isac,Dinkelbach EE-ISAC,ok,optimal,CLARABEL,0.015966104000654013,,351.13676036361323,5267051.405454199,0.6969795193171227,2.491370055191779,2114118.452406604,106548749981.7822,2.8109092994579814e+18,2.8109092994579814e+18,2.8108032717495844e+18,3.5575676532601985e-19,0.08940612887372698,-3.449086128116012,5.0205333498181055,0.06249999989068529,0.00023466020044758977,64,False,33.68661217840082,min_rate,0.0015906079573313413,1.0931471006170312e-10,0.30302048068287735,-33.68661217840082,-18.217803955078125,,False,5.0,True,2114118.4523519096,0.0001362636685371399,False,427.58152504668226
115.0,22.177287669604308,12,uniform,Uniform,ok,closed_form,numpy,1.6889998732949607e-06,,406.0157857057609,6090236.785586413,1.0,3.357142857142857,1814113.0850682931,76781250000.0,2.0255998281153943e+18,2.0255998281153943e+18,2.0255998281153943e+18,4.936809265680052e-19,0.10532073506634214,-13.256466474732292,-9.684463547443015,0.015625,0.0,64,False,29767500000.0,min_sensing,0.015625,0.046875,0.0,39.691808711141846,-29767500000.0,,,,,,,,407.0266411051323
115.0,22.177287669604308,12,water_filling,Water-filling (comm. only),ok,closed_form,numpy,0.00013364100004764623,,407.0266411051323,6105399.6165769845,1.0000000000008118,3.3571428571451767,1818629.673021675,78231591103.74698,2.0638619128100114e+18,2.0638619128100114e+18,2.063769724025558e+18,4.845285403026162e-19,0.10433989347832964,-12.95259157136954,-8.45329822070374,0.016412629561870062,5.2206096629144595e-06,63,False,28317158896.25302,min_sensing,0.0,0.04608737043812994,-8.117950756059145e-13,40.70266411051324,-28317158896.25302,0.01642753178036627,,,,,,,407.0266411051323
115.0,22.177287669604308,12,max_rate_isac,Max-rate ISAC,ok,optimal,CLARABEL,0.0055435199997191376,,400.7333086947566,6010999.630421349,0.9999999998270226,3.357142856648636,1790510.5284742042,106548749996.44905,2.8109092998449147e+18,2.8109092998449147e+18,2.810876354105702e+18,3.5575676527704846e-19,0.0894061288675734,-7.823013629253936,-2.1636044553959497,0.03799618096691043,5.4369831554756227e-05,64,True,3.5509490966796875,,6.141030725684476e-11,0.02450381903308957,1.7297741017330281e-10,34.40933170013756,-3.5509490966796875,,False,,,,,,407.0266411051323
115.0,22.177287669604308,12,dinkelbach_ee_isac,Dinkelbach EE-ISAC,ok,optimal,CLARABEL,0.017418514999462786,,333.22197359658367,4998329.603948755,0.6895696823521583,2.470199092434738,2023452.125481181,106548749969.32578,2.8109092991293635e+18,2.8109092991293635e+18,2.8108992636539346e+18,3.557567653676107e-19,0.08940612887895312,-3.283821241035341,5.126562963543833,0.062499999729091184,0.00023731574017777155,64,False,33.10200339803538,min_rate,1.52941484043173e-11,2.709088162133888e-10,0.3104303176478417,-33.10200339803538,-30.674224853515625,,False,5.0,True,2023452.1254768253,1.0759569704532623e-05,False,407.0266411051323
115.0,22.177287669604308,13,uniform,Uniform,ok,closed_form,numpy,1.35000027512433e-06,,424.02962124036225,6360444.318605434,1.0,3.357142857142857,1894600.4353292782,76781250000.0,2.0255998281153943e+18,2.0255998281153943e+18,2.0255998281153943e+18,4.936809265680052e-19,0.10532073506634214,-13.256466474732292,-9.684463547443015,0.015625,0.0,64,False,29767500000.0,min_sensing,0.015625,0.046875,0.0,41.36608011348011,-29767500000.0,,,,,,,,425.18171236320234
115.0,22.177287669604308,13,water_filling,Water-filling (comm. only),ok,closed_form,numpy,0.00013645699982589576,,425.18171236320234,6377725.685448035,0.9999999999997663,3.3571428571421897,1899748.0765168136,74726811074.90312,1.9714007738729876e+18,1.9714007738729876e+18,1.970085083835263e+18,5.072535291925514e-19,0.1067586924206096,-13.165230244267974,-9.56290030614855,0.016129688539962075,4.027562070715036e-06,63,False,31821938925.096878,min_sensing,0.0,0.04637031146003792,2.3370194668359545e-13,42.5181712363202,-31821938925.096878,0.016149430244673878,,,,,,,425.18171236320234
115.0,22.177287669604308,13,max_rate_isac,Max-rate ISAC,ok,optimal,CLARABEL,0.005244856999979675,,416.61768559468896,6249265.283920335,0.9999999995788744,3.3571428559396415,1861483.2767285407,106548749981.34244,2.81090929944638e+18,2.81090929944638e+18,2.7977580233577196e+18,3.557567653274882e-19,0.08940612887391147,-7.530207127289375,-1.560809014523702,0.048354317031293316,7.199861756014474e-05,64,True,18.657562255859375,,1.280636585531539e-09,0.014145682968706684,4.211255788533208e-10,33.95414446780683,-18.657562255859375,,False,,,,,,425.18171236320234
115.0,22.177287669604308,13,dinkelbach_ee_isac,Dinkelbach EE-ISAC,ok,optimal,CLARABEL,0.015351166999607813,,347.2721024577629,5209081.536866443,0.6992983799782957,2.4979953713665592,2085304.719366534,106548749987.17014,2.810909299600123e+18,2.810909299600123e+18,2.8108993654663066e+18,3.5575676530803003e-19,0.08940612887146644,-3.503180960409196,4.964365286928253,0.06249999991451533,0.00023239366953447372,64,False,35.391438669119225,min_rate,0.0012653858791260202,8.548466795543774e-11,0.3007016200217043,-35.391438669119225,-12.829864501953125,,False,5.0,True,2085304.7194091158,-0.00010637007653713226,False,425.18171236320234
115.0,22.177287669604308,14,uniform,Uniform,ok,closed_form,numpy,1.3700000636163168e-06,,408.02062134800263,6120309.320220039,1.0,3.357142857142857,1823070.8613421393,76781250000.0,2.0255998281153943e+18,2.0255998281153943e+18,2.0255998281153943e+18,4.936809265680052e-19,0.10532073506634214,-13.256466474732292,-9.684463547443015,0.015625,0.0,64,False,29767500000.0,min_sensing,0.015625,0.046875,0.0,40.687576698468945,-29767500000.0,,,,,,,,408.14782738837073
115.0,22.177287669604308,14,water_filling,Water-filling (comm. only),ok,closed_form,numpy,0.0001415259998793772,,408.14782738837073,6122217.410825561,0.9999999999999154,3.3571428571426156,1823639.2287566813,77115586477.4256,2.0344201053472184e+18,2.0344201053472184e+18,2.0343764257149064e+18,4.915405610530614e-19,0.10509217677896389,-13.267536047630003,-9.44865700424572,0.016064923994301594,8.001414517885914e-07,64,False,29433163522.5744,min_sensing,0.011221815095407154,0.046435076005698406,8.459899447643693e-14,40.81478273883704,-29433163522.5744,0.01608801506052397,,,,,,,408.14782738837073
115.0,22.177287669604308,14,max_rate_isac,Max-rate ISAC,ok,optimal,CLARABEL,0.005545292000078916,,401.1860288899345,6017790.433349018,0.9999999995706547,3.3571428559161562,1792533.3212270401,106548749987.70123,2.8109092996141343e+18,2.8109092996141343e+18,2.8108654225956076e+18,3.5575676530625673e-19,0.0894061288712436,-7.913367000272187,-2.2073123540410533,0.03909476435029827,5.3246919146564956e-05,64,True,12.29876708984375,,0.0058345335043379085,0.023405235649701733,4.293453370607381e-10,33.852984240400815,-12.29876708984375,,False,,,,,,408.14782738837073
115.0,22.177287669604308,14,dinkelbach_ee_isac,Dinkelbach EE-ISAC,ok,optimal,CLARABEL,0.016224874999352323,,334.7746389742962,5021619.584614443,0.6994700543099936,2.4984858694571246,2009865.1131077036,106548749972.97945,2.8109092992257526e+18,2.8109092992257526e+18,2.810831695525927e+18,3.557567653554114e-19,0.08940612887742021,-3.526540038890824,4.9750672705648045,0.0624999997488061,0.00023303745106832913,64,False,32.55840567523751,min_rate,1.0854400739723558e-10,2.511938990146234e-10,0.30052994569000635,-32.55840567523751,-27.020553588867188,,False,5.0,True,2009865.1131328223,-6.275903433561325e-05,False,408.14782738837073
115.0,22.177287669604308,15,uniform,Uniform,ok,closed_form,numpy,1.5620003068761434e-06,,420.20626392278336,6303093.95884175,1.0,3.357142857142857,1877517.3494422236,76781250000.0,2.0255998281153943e+18,2.0255998281153943e+18,2.0255998281153943e+18,4.936809265680052e-19,0.10532073506634214,-13.256466474732292,-9.684463547443015,0.015625,0.0,64,False,29767500000.0,min_sensing,0.015625,0.046875,0.0,41.64311548721315,-29767500000.0,,,,,,,,420.6257204839669
115.0,22.177287669604308,15,water_filling,Water-filling (comm. only),ok,closed_form,numpy,0.00014392399998541805,,420.6257204839669,6309385.807259504,0.9999999999997461,3.357142857142132,1879391.5170564284,76922665837.66194,2.0293305813456532e+18,2.0293305813456532e+18,2.0287003419938493e+18,4.927733357947516e-19,0.10522387888318765,-13.024888664227564,-9.043197933273895,0.016175275734502396,3.441485021803833e-06,64,False,29626084162.33806,min_sensing,0.001977628290254543,0.04632472426549761,2.539080057317733e-13,42.0625720483967,-29626084162.33806,0.016195300385177764,,,,,,,420.6257204839669
115.0,22.177287669604308,15,max_rate_isac,Max-rate ISAC,ok,optimal,CLARABEL,0.005435384999600501,,413.6199330194015,6204298.995291023,0.9999999996690674,3.3571428561973358,1848089.0629476176,106548749988.65164,2.810909299639207e+18,2.810909299639207e+18,2.8103766374874214e+18,3.5575676530308347e-19,0.08940612887084487,-7.811983150629999,-2.219593570052629,0.03934554507965605,5.2973003061209485e-05,64,True,11.348358154296875,,2.983134106938386e-10,0.023154454920343952,3.3093261464500756e-10,35.0567845838313,-11.348358154296875,,False,,,,,,420.6257204839669
115.0,22.177287669604308,15,dinkelbach_ee_isac,Dinkelbach EE-ISAC,ok,optimal,CLARABEL,0.01627739399964412,,345.7706908236238,5186560.362354357,0.6978616946755882,2.4938905562159666,2079706.4848844192,106548749967.1322,2.8109092990714936e+18,2.8109092990714936e+18,2.8108471854124114e+18,3.5575676537493486e-19,0.08940612887987345,-3.489885967960565,4.994643251998359,0.062499999800216914,0.00023340266160304862,64,False,32.8677978515625,min_rate,1.633794424633228e-11,1.9978308590795635e-10,0.30213830532441177,-32.79245761194642,-32.8677978515625,,False,5.0,True,2079706.484900938,-4.119612276554108e-05,False,420.6257204839669
115.0,22.177287669604308,16,uniform,Uniform,ok,closed_form,numpy,1.5250002434186172e-06,,416.42415688644155,6246362.353296624,1.0,3.357142857142857,1860618.5733223986,76781250000.0,2.0255998281153943e+18,2.0255998281153943e+18,2.0255998281153943e+18,4.936809265680052e-19,0.10532073506634214,-13.256466474732292,-9.684463547443015,0.015625,0.0,64,False,29767500000.0,min_sensing,0.015625,0.046875,0.0,41.449196741720186,-29767500000.0,,,,,,,,416.63884460524594
115.0,22.177287669604308,16,water_filling,Water-filling (comm. only),ok,closed_form,numpy,0.00014256900021791807,,416.63884460524594,6249582.669078689,1.0000000000001605,3.357142857143316,1861577.8163210573,76697009750.43086,2.023377449148555e+18,2.023377449148555e+18,2.0231085493273958e+18,4.942231615859927e-19,0.10537855876874265,-13.513560778847209,-9.469685292705256,0.016083161699933513,1.5173619740892017e-06,64,False,29851740249.569138,min_sensing,0.007149962938260089,0.04641683830006649,-1.6053824936079764e-13,41.66388446052457,-29851740249.569138,0.016104810599412454,,,,,,,416.63884460524594
115.0,22.177287669604308,16,max_rate_isac,Max-rate ISAC,ok,optimal,CLARABEL,0.005275600999993912,,409.502541013307,6142538.115199605,0.9999999996383904,3.3571428561096868,1829692.205090635,106548749987.3688,2.8109092996053637e+18,2.8109092996053637e+18,2.810640500398967e+18,3.5575676530736674e-19,0.08940612887138309,-7.9927277928312925,-2.1512109496673872,0.039555683163670155,5.4742742017381294e-05,64,True,12.631195068359375,,0.006288471879023434,0.022944316836329845,3.616096311276351e-10,34.52758086858563,-12.631195068359375,,False,,,,,,416.63884460524594
115.0,22.177287669604308,16,dinkelbach_ee_isac,Dinkelbach EE-ISAC,ok,optimal,CLARABEL,0.016512209999291372,,341.7943917089058,5126915.875633587,0.6972157909488799,2.4920451169968,2057312.6227393944,106548749956.10768,2.810909298780651e+18,2.810909298780651e+18,2.810724221729852e+18,3.5575676541174477e-19,0.08940612888449885,-3.512619843050447,5.050321066211673,0.06249999970748224,0.00023627570796714767,64,False,43.89231872558594,min_rate,1.642383125143875e-10,2.925177600143769e-10,0.30278420905112013,-33.18056843581559,-43.89231872558594,,False,5.0,True,2057312.6231712801,-0.0010762792080640793,False,416.63884460524594
115.0,22.177287669604308,17,uniform,Uniform,ok,closed_form,numpy,1.4810002539888956e-06,,409.7091751953305,6145637.627929958,1.0,3.357142857142857,1830615.4636387108,76781250000.0,2.0255998281153943e+18,2.0255998281153943e+18,2.0255998281153943e+18,4.936809265680052e-19,0.10532073506634214,-13.256466474732292,-9.684463547443015,0.015625,0.0,64,False,29767500000.0,min_sensing,0.015625,0.046875,0.0,39.79435394226181,-29767500000.0,,,,,,,,411.0164680589652
115.0,22.177287669604308,17,water_filling,Water-filling (comm. only),ok,closed_form,numpy,0.00013905600008001784,,411.0164680589652,6165247.0208844775,0.9999999999995326,3.357142857141522,1836456.559413128,75585143097.00134,1.9940448073633004e+18,1.9940448073633004e+18,1.9928013952167762e+18,5.0149324443831685e-19,0.10615079492642365,-13.027333305751075,-9.162774137154415,0.016248886671391346,4.992665033790993e-06,63,False,30963606902.998657,min_sensing,0.0,0.04625111332860865,4.674038933671909e-13,41.10164680589651,-30963606902.998657,0.016267541593350726,,,,,,,411.0164680589652
115.0,22.177287669604308,17,max_rate_isac,Max-rate ISAC,ok,optimal,CLARABEL,0.00536154399969746,,403.27472483210204,6049120.8724815305,0.999999999627146,3.3571428560775605,1801865.7923747816,106548749982.04471,2.8109092994649073e+18,2.8109092994649073e+18,2.806110661010746e+18,3.557567653251433e-19,0.08940612887361683,-7.740630500439462,-1.6854875556052162,0.04322992228842636,6.787523107954649e-05,64,True,17.955291748046875,,3.072623603669115e-10,0.019270077711573637,3.728539699210387e-10,33.35990357903336,-17.955291748046875,,False,,,,,,411.0164680589652
115.0,22.177287669604308,17,dinkelbach_ee_isac,Dinkelbach EE-ISAC,ok,optimal,CLARABEL,0.015850359000069147,,338.7022849467523,5080534.274201284,0.7078135381201823,2.5223243946290923,2014227.1489819123,106548749971.28159,2.8109092991809603e+18,2.8109092991809603e+18,2.7869461035639045e+18,3.5575676536108044e-19,0.08940612887813255,-3.556829141996283,5.044818635735972,0.062499999860054924,0.00024655982935010783,64,False,31.212536306316395,min_rate,2.2207647682964854e-11,1.399450763606147e-10,0.29218646187981767,-31.212536306316395,-28.718414306640625,,False,5.0,True,2014227.1486494688,0.0008385302498936653,False,411.0164680589652
115.0,22.177287669604308,18,uniform,Uniform,ok,closed_form,numpy,1.5330001588154119e-06,,419.95313585535166,6299297.037830275,1.0,3.357142857142857,1876386.3516941243,76781250000.0,2.0255998281153943e+18,2.0255998281153943e+18,2.0255998281153943e+18,4.936809265680052e-19,0.10532073506634214,-13.256466474732292,-9.684463547443015,0.015625,0.0,64,False,29767500000.0,min_sensing,0.015625,0.046875,0.0,40.822583072029545,-29767500000.0,,,,,,,,421.2561697592468
115.0,22.177287669604308,18,water_filling,Water-filling (comm. only),ok,closed_form,numpy,0.00013693800019609625,,421.2561697592468,6318842.5463887025,0.9999999999995551,3.3571428571415862,1882208.4180739431,76647547245.73874,2.022072557120846e+18,2.022072557120846e+18,2.0201969546323192e+18,4.94542095672305e-19,0.10541255494352213,-13.225297387095136,-8.434828289648248,0.016444350142588604,8.341369532170905e-06,62,False,29901202754.26126,min_sensing,0.0,0.046055649857411396,4.4486636596730023e-13,42.125616975924686,-29901202754.26126,0.016464789912799135,,,,,,,421.2561697592468
115.0,22.177287669604308,18,max_rate_isac,Max-rate ISAC,ok,optimal,CLARABEL,0.005268242000056489,,414.21777404681785,6213266.610702268,0.9999999996281873,3.3571428560805354,1850760.2676033445,106548749991.48962,2.810909299714077e+18,2.810909299714077e+18,2.808199060785522e+18,3.5575676529360765e-19,0.08940612886965418,-7.9380194522455705,-1.8282435408962274,0.04068238806882648,6.378979634466047e-05,64,True,8.5103759765625,,2.7258795120276864e-10,0.02181761193117352,3.7181269174624276e-10,35.087221263495735,-8.5103759765625,,False,,,,,,421.2561697592468
115.0,22.177287669604308,18,dinkelbach_ee_isac,Dinkelbach EE-ISAC,ok,optimal,CLARABEL,0.016933079000409634,,345.76176321752246,5186426.448262837,0.6924423961478632,2.4784068461367523,2092645.304118347,106548749981.39816,2.81090929944785e+18,2.81090929944785e+18,2.809622142901383e+18,3.5575676532730213e-19,0.0894061288738881,-3.399158719312982,5.229597763125694,0.062499999827254564,0.00024525725449548943,64,False,33.36878956579966,min_rate,1.8157572825172463e-11,1.727454360112013e-10,0.3075576038521368,-33.36878956579966,-18.601837158203125,,False,5.0,True,2092645.3040767761,0.00010302942246198654,False,421.2561697592468
115.0,22.177287669604308,19,uniform,Uniform,ok,closed_form,numpy,1.5539999367319979e-06,,425.8333381107111,6387500.071660667,1.0,3.357142857142857,1902659.5958138155,76781250000.0,2.0255998281153943e+18,2.0255998281153943e+18,2.0255998281153943e+18,4.936809265680052e-19,0.10532073506634214,-13.256466474732292,-9.684463547443015,0.015625,0.0,64,False,29767500000.0,min_sensing,0.015625,0.046875,0.0,42.54200304647179,-29767500000.0,,,,,,,,425.8792611824881
115.0,22.177287669604308,19,water_filling,Water-filling (comm. only),ok,closed_form,numpy,0.00017323400015811785,,425.8792611824881,6388188.917737322,1.000000000000808,3.357142857145166,1902864.7840055532,76785662133.23798,2.0257162265372547e+18,2.0257162265372547e+18,2.02567348729845e+18,4.936525594749236e-19,0.10531770913820387,-13.392147664665316,-9.646502943470734,0.015912101030217226,2.7790838873432193e-07,64,False,29763087866.762024,min_sensing,0.012164742860812094,0.04658789896978277,-8.080203173221889e-13,42.58792611824879,-29763087866.762024,0.015929552326848853,,,,,,,425.8792611824881
115.0,22.177287669604308,19,max_rate_isac,Max-rate ISAC,ok,optimal,CLARABEL,0.005804561999866564,,418.63452721955946,6279517.908293392,0.9999999998477358,3.3571428567078168,1870494.696329784,106548749995.88017,2.8109092998299064e+18,2.8109092998299064e+18,2.810866555936735e+18,3.5575676527894795e-19,0.08940612886781209,-7.9561597345851585,-2.2118618821968608,0.03941825414336255,5.313203403392755e-05,64,True,4.1198272705078125,,0.009750926161706192,0.02308174585663745,1.522642012474762e-10,35.34319215532014,-4.1198272705078125,,False,,,,,,425.8792611824881
115.0,22.177287669604308,19,dinkelbach_ee_isac,Dinkelbach EE-ISAC,ok,optimal,CLARABEL,0.01732481299995925,,349.88782018669315,5248317.302800397,0.698373343335439,2.4953524095298256,2103236.9146565897,106548749967.92413,2.810909299092386e+18,2.810909299092386e+18,2.8108447718648986e+18,3.557567653722907e-19,0.0894061288795412,-3.534295322431249,5.020977212079464,0.06249999972270323,0.00023507470258602735,64,False,33.40351487754617,min_rate,0.0018556681835975798,2.772967688802197e-10,0.301626656664561,-33.40351487754617,-32.07586669921875,,False,5.0,True,2103236.914726878,-0.00017539411783218384,False,425.8792611824881
120.0,17.177287669604308,0,uniform,Uniform,ok,closed_form,numpy,1.5700002222729381e-06,,344.79380367206204,5171907.055080931,1.0,3.357142857142857,1540568.0589602771,76781250000.0,2.0255998281153943e+18,2.0255998281153943e+18,2.0255998281153943e+18,4.936809265680052e-19,0.10532073506634214,-13.256466474732292,-9.684463547443015,0.015625,0.0,64,False,29767500000.0,min_sensing,0.015625,0.046875,0.0,33.96701318038316,-29767500000.0,,,,,,,,345.36310054630985
120.0,17.177287669604308,0,water_filling,Water-filling (comm. only),ok,closed_form,numpy,0.00014049699984752806,,345.36310054630985,5180446.508194648,1.000000000000377,3.3571428571439346,1543111.725844719,76121774813.43326,2.0082019240104735e+18,2.0082019240104735e+18,2.004919264216486e+18,4.979578935981463e-19,0.10577597029384926,-14.074926745100676,-9.174598845518906,0.01647419994905519,4.857978191009438e-06,64,False,30426975186.566742,min_sensing,0.00038605944915380205,0.04602580005094481,-3.7703173916270316e-13,34.536310054630974,-30426975186.566742,0.01653447959220184,,,,,,,345.36310054630985
120.0,17.177287669604308,0,max_rate_isac,Max-rate ISAC,ok,optimal,CLARABEL,0.005869678000181011,,338.3239782084416,5074859.673126624,0.999999999157541,3.3571428547358315,1511660.3292492172,106548749941.82718,2.8109092984039107e+18,2.8109092984039107e+18,2.8076276472667674e+18,3.557567654594261e-19,0.0894061288904903,-8.150204211528404,-1.9894786925173986,0.04034626145530069,5.955323002606526e-05,64,True,58.172821044921875,,0.00111140687772501,0.022153738544699313,8.424589914568514e-10,27.49718771676271,-58.172821044921875,,False,,,,,,345.36310054630985
120.0,17.177287669604308,0,dinkelbach_ee_isac,Dinkelbach EE-ISAC,ok,optimal,CLARABEL,0.01779863000001569,,283.6209834174244,4254314.751261366,0.7272167954675189,2.57776227276434,1650390.6493670284,106548749952.94322,2.810909298697168e+18,2.810909298697168e+18,2.808396874074039e+18,3.557567654223106e-19,0.08940612888582651,-4.141481775273103,4.491261777768093,0.06249999969076938,0.00021937146310307365,64,False,47.05677795410156,min_rate,7.792390278927439e-11,3.0923062027676806e-10,0.27278320453248106,-27.205807074254494,-47.05677795410156,,False,5.0,True,1650390.6492809718,0.00022183265537023544,False,345.36310054630985
120.0,17.177287669604308,1,uniform,Uniform,ok,closed_form,numpy,1.5700002222729381e-06,,343.2647679412088,5148971.519118132,1.0,3.357142857142857,1533736.1971841245,76781250000.0,2.0255998281153943e+18,2.0255998281153943e+18,2.0255998281153943e+18,4.936809265680052e-19,0.10532073506634214,-13.256466474732292,-9.684463547443015,0.015625,0.0,64,False,29767500000.0,min_sensing,0.015625,0.046875,0.0,33.464652437246116,-29767500000.0,,,,,,,,344.2223505599585
120.0,17.177287669604308,1,water_filling,Water-filling (comm. only),ok,closed_form,numpy,0.00012771999990945915,,344.2223505599585,5163335.258399378,1.0000000000007514,3.3571428571450044,1538014.7578201075,75005682553.39108,1.9787578046440607e+18,1.9787578046440607e+18,1.9787217186304348e+18,5.053675581989076e-19,0.10656004294491067,-13.67386883137625,-9.263329985099993,0.016560884855806538,5.614640014664573e-06,63,False,31543067446.608917,min_sensing,0.0,0.045939115144193465,-7.513989430663059e-13,34.42223505599583,-31543067446.608917,0.016595693746320722,,,,,,,344.2223505599585
120.0,17.177287669604308,1,max_rate_isac,Max-rate ISAC,ok,optimal,CLARABEL,0.005464094999751978,,336.7325629834441,5050988.444751661,0.9999999995657309,3.3571428559020884,1504549.7500565625,106548749967.00076,2.810909299068026e+18,2.810909299068026e+18,2.8108265659703373e+18,3.557567653753738e-19,0.0894061288799286,-7.964041612311129,-1.994781834295508,0.041015976943118856,5.8886378836074806e-05,64,True,32.999237060546875,,2.0871670193781029e-10,0.021484023056881144,4.342690651526482e-10,26.932447479481425,-32.999237060546875,,False,,,,,,344.2223505599585
120.0,17.177287669604308,1,dinkelbach_ee_isac,Dinkelbach EE-ISAC,ok,optimal,CLARABEL,0.015611798999998427,,282.8296513394378,4242444.770091567,0.7313173188641658,2.5894780538976168,1638339.727848223,106548749987.05481,2.8109092995970806e+18,2.8109092995970806e+18,2.810731183584316e+18,3.5575676530841507e-19,0.08940612887151482,-4.158627231868034,4.399549630115608,0.06249999993453247,0.0002158949118232338,64,False,26.970464164524856,min_rate,8.732663979380114e-12,6.546752723268767e-11,0.26868268113583416,-26.970464164524856,-12.9451904296875,,False,5.0,True,1638339.7279753091,-0.0003290874883532524,False,344.2223505599585
120.0,17.177287669604308,2,uniform,Uniform,ok,closed_form,numpy,1.3969997780804988e-06,,328.36955861958194,4925543.379293729,1.0,3.357142857142857,1467183.1342577063,76781250000.0,2.0255998281153943e+18,2.0255998281153943e+18,2.0255998281153943e+18,4.936809265680052e-19,0.10532073506634214,-13.256466474732292,-9.684463547443015,0.015625,0.0,64,False,29767500000.0,min_sensing,0.015625,0.046875,0.0,31.388580540568853,-29767500000.0,,,,,,,,329.97886453223674
120.0,17.177287669604308,2,water_filling,Water-filling (comm. only),ok,closed_form,numpy,0.00015093900037754793,,329.97886453223674,4949682.967983551,0.9999999999995721,3.3571428571416346,1474373.6500381904,77596943652.26837,2.0471190000724754e+18,2.0471190000724754e+18,2.047094191999068e+18,4.884913871468128e-19,0.1047657105123773,-12.945769974205463,-8.527122053360188,0.01660999427720787,5.7008702341649615e-06,63,False,28951806347.73163,min_sensing,0.0,0.04589000572279213,4.2787995369053533e-13,32.99788645322366,-28951806347.73163,0.016709063344793024,,,,,,,329.97886453223674
120.0,17.177287669604308,2,max_rate_isac,Max-rate ISAC,ok,optimal,CLARABEL,0.0057327559998157085,,323.6430364324042,4854645.546486063,0.9999999989392911,3.3571428541122605,1446064.6321735962,106548749918.1705,2.8109092977798134e+18,2.8109092977798134e+18,2.8108268530079585e+18,3.5575676553841367e-19,0.08940612890041559,-7.758360921636827,-2.170760636748468,0.03871573551910714,5.4157137975918366e-05,64,True,81.82949829101562,,5.058087685463621e-11,0.02378426448089286,1.060708854083714e-09,26.662058353391103,-81.82949829101562,,False,,,,,,329.97886453223674
120.0,17.177287669604308,2,dinkelbach_ee_isac,Dinkelbach EE-ISAC,ok,optimal,CLARABEL,0.020686913000190543,,271.7063066145121,4075594.599217681,0.73163768578363,2.590393387953229,1573349.6766056712,106548749985.26208,2.810909299549786e+18,2.810909299549786e+18,2.810839526442151e+18,3.557567653144008e-19,0.08940612887226697,-4.045481938720114,4.186270528688115,0.062499999906971256,0.00020444561838641812,64,False,25.27467146450101,min_rate,5.779062973815108e-13,9.302874443006814e-11,0.26836231421637,-25.27467146450101,-14.7379150390625,,False,5.0,True,1573349.6767444334,-0.0003594490699470043,False,329.97886453223674
120.0,17.177287669604308,3,uniform,Uniform,ok,closed_form,numpy,1.5470000107598025e-06,,299.98980933608823,4499847.140041323,1.0,3.357142857142857,1340379.9991612453,76781250000.0,2.0255998281153943e+18,2.0255998281153943e+18,2.0255998281153943e+18,4.936809265680052e-19,0.10532073506634214,-13.256466474732292,-9.684463547443015,0.015625,0.0,64,False,29767500000.0,min_sensing,0.015625,0.046875,0.0,29.08963414984271,-29767500000.0,,,,,,,,301.0001946513839
120.0,17.177287669604308,3,water_filling,Water-filling (comm. only),ok,closed_form,numpy,0.00013836500011166208,,301.0001946513839,4515002.919770759,0.999999999999042,3.3571428571401203,1344894.4867413223,77240027357.3505,2.0377030347731707e+18,2.0377030347731707e+18,2.0368657855266235e+18,4.907486434161964e-19,0.10500748601032861,-13.307176300703834,-8.247114434419409,0.0171696175748437,8.531042407246578e-06,64,False,29308722642.649506,min_sensing,0.0012691935685347697,0.0453303824251563,9.580114479490476e-13,30.10001946513836,-29308722642.649506,0.01722813808555717,,,,,,,301.0001946513839
120.0,17.177287669604308,3,max_rate_isac,Max-rate ISAC,ok,optimal,CLARABEL,0.00559938600008536,,294.88304123281887,4423245.618492283,0.9999999990942036,3.3571428545548674,1317562.5256729722,106548749931.60129,2.810909298134137e+18,2.810909298134137e+18,2.80991046190458e+18,3.5575676549356945e-19,0.08940612889478063,-7.876574009678911,-2.0322148333140424,0.039490272085359504,5.788369217464603e-05,64,True,68.39871215820312,,3.6612737297851906e-10,0.023009727914640496,9.057964378555994e-10,23.98286604657335,-68.39871215820312,,False,,,,,,301.0001946513839
120.0,17.177287669604308,3,dinkelbach_ee_isac,Dinkelbach EE-ISAC,ok,optimal,CLARABEL,0.016424107000602817,,247.72249780192152,3715837.4670288227,0.7396233339097714,2.6132095254564898,1421943.9470241943,106548749977.8912,2.8109092993553316e+18,2.8109092993553316e+18,2.808809034291952e+18,3.5575676533901155e-19,0.08940612887535947,-4.207070580833305,3.9240464237591253,0.0624999998143561,0.0001944464813212664,64,False,23.177677384324,min_rate,1.0523249925869633e-11,1.856439030278878e-10,0.2603766660902286,-23.177677384324,-22.108795166015625,,False,5.0,True,1421943.9471439752,-0.00031301239505410194,False,301.0001946513839
120.0,17.177287669604308,4,uniform,Uniform,ok,closed_form,numpy,1.4919996829121374e-06,,322.3331964492977,4834997.946739466,1.0,3.357142857142857,1440212.154347926,76781250000.0,2.0255998281153943e+18,2.0255998281153943e+18,2.0255998281153943e+18,4.936809265680052e-19,0.10532073506634214,-13.256466474732292,-9.684463547443015,0.015625,0.0,64,False,29767500000.0,min_sensing,0.015625,0.046875,0.0,31.256341004736953,-29767500000.0,,,,,,,,323.41872827173415
120.0,17.177287669604308,4,water_filling,Water-filling (comm. only),ok,closed_form,numpy,0.00014219000013326877,,323.41872827173415,4851280.924076012,0.9999999999995373,3.357142857141535,1445062.402916828,77866150932.19408,2.0542210753831135e+18,2.0542210753831135e+18,2.054190729715232e+18,4.868025218821686e-19,0.10458445003485722,-12.693679896825996,-8.520927661630452,0.01666537161922754,5.155608765551315e-06,63,False,28682599067.805923,min_sensing,0.0,0.04583462838077246,4.627409566637652e-13,32.341872827173404,-28682599067.805923,0.016737600571411125,,,,,,,323.41872827173415
120.0,17.177287669604308,4,max_rate_isac,Max-rate ISAC,ok,optimal,CLARABEL,0.004963193000094179,,317.16899605426204,4757534.940813931,0.9999999991507809,3.3571428547165167,1417138.0685007118,106548749934.52795,2.8109092982113464e+18,2.8109092982113464e+18,2.8109042664866017e+18,3.5575676548379757e-19,0.08940612889355273,-7.704744483940224,-2.2116184332909987,0.038078222015661856,5.3093023161709395e-05,64,True,65.4720458984375,,7.244950219166659e-11,0.024421777984338144,8.49219139453794e-10,26.09214060970129,-65.4720458984375,,False,,,,,,323.41872827173415
120.0,17.177287669604308,4,dinkelbach_ee_isac,Dinkelbach EE-ISAC,ok,optimal,CLARABEL,0.015219300999888219,,266.16587774793265,3992488.16621899,0.7337482226967107,2.5964234934191737,1537687.5830688812,106548749967.567,2.810909299082964e+18,2.810909299082964e+18,2.810908914257398e+18,3.5575676537348314e-19,0.08940612887969104,-4.031587862281266,4.081386265923558,0.06249999980327751,0.00019997528576121116,63,False,32.43299865722656,min_rate,0.0,1.9672249246260876e-10,0.2662517773032893,-24.910977696628095,-32.43299865722656,,False,5.0,True,1537687.5830476198,5.5203214287757874e-05,False,323.41872827173415
120.0,17.177287669604308,5,uniform,Uniform,ok,closed_form,numpy,1.4590000319003593e-06,,305.4763869190111,4582145.803785166,1.0,3.357142857142857,1364894.4947445174,76781250000.0,2.0255998281153943e+18,2.0255998281153943e+18,2.0255998281153943e+18,4.936809265680052e-19,0.10532073506634214,-13.256466474732292,-9.684463547443015,0.015625,0.0,64,False,29767500000.0,min_sensing,0.015625,0.046875,0.0,29.57485182917361,-29767500000.0,,,,,,,,306.5572612109305
120.0,17.177287669604308,5,water_filling,Water-filling (comm. only),ok,closed_form,numpy,0.00019398499989620177,,306.5572612109305,4598358.918163958,1.0000000000005627,3.357142857144465,1369723.9330694592,77754401857.9982,2.0512729740499986e+18,2.0512729740499986e+18,2.0511032526475343e+18,4.875021572704763e-19,0.10465957773804209,-12.93972628354988,-8.239549844279257,0.017001670171810094,7.582262545147765e-06,63,False,28794348142.0018,min_sensing,0.0,0.04549832982818991,-5.626610288800293e-13,30.65572612109304,-28794348142.0018,0.01706204287650641,,,,,,,306.5572612109305
120.0,17.177287669604308,5,max_rate_isac,Max-rate ISAC,ok,optimal,CLARABEL,0.0051088290001644054,,300.5033393876547,4507550.0908148205,0.999999998826236,3.357142853789246,1342674.4964775916,106548749905.74445,2.8109092974519956e+18,2.8109092974519956e+18,2.810823543450952e+18,3.557567655799032e-19,0.089406128905629,-7.772533790460105,-2.064700426943108,0.03863533331283233,5.695532260011436e-05,64,True,94.25555419921875,,1.808262282336819e-10,0.02386466668716767,1.1737639749043183e-09,24.60180429781724,-94.25555419921875,,False,,,,,,306.5572612109305
120.0,17.177287669604308,5,dinkelbach_ee_isac,Dinkelbach EE-ISAC,ok,optimal,CLARABEL,0.016837061999922298,,252.79624564293084,3791943.6846439624,0.7401122133808129,2.6146063239451798,1450292.4015429972,106548749960.37668,2.8109092988932736e+18,2.8109092988932736e+18,2.810874316304525e+18,3.557567653974909e-19,0.08940612888270776,-4.203661783795224,4.06013140182694,0.06249999974046631,0.00020176877995134235,64,False,39.623321533203125,min_rate,5.9356441732617465e-12,2.595336931476844e-10,0.2598877866191871,-23.105289446906625,-39.623321533203125,,False,5.0,True,1450292.401618046,-0.00019622314721345901,False,306.5572612109305
120.0,17.177287669604308,6,uniform,Uniform,ok,closed_form,numpy,1.4170000213198364e-06,,314.09486908950555,4711423.036342584,1.0,3.357142857142857,1403402.6065701311,76781250000.0,2.0255998281153943e+18,2.0255998281153943e+18,2.0255998281153943e+18,4.936809265680052e-19,0.10532073506634214,-13.256466474732292,-9.684463547443015,0.015625,0.0,64,False,29767500000.0,min_sensing,0.015625,0.046875,0.0,30.814872119551126,-29767500000.0,,,,,,,,314.75555218883824
120.0,17.177287669604308,6,water_filling,Water-filling (comm. only),ok,closed_form,numpy,0.00014044099998500315,,314.75555218883824,4721333.282832573,0.999999999999808,3.3571428571423088,1406354.594886528,77301391254.21774,2.0393219026471217e+18,2.0393219026471217e+18,2.038704975058338e+18,4.903590741128018e-19,0.10496579887033104,-12.951982908192557,-8.690094912553311,0.01683588450184992,5.21219693331627e-06,64,False,29247358745.782257,min_sensing,0.005345237725221616,0.04566411549815008,1.9195756095768957e-13,31.475555218883812,-29247358745.782257,0.016893715228318146,,,,,,,314.75555218883824
120.0,17.177287669604308,6,max_rate_isac,Max-rate ISAC,ok,optimal,CLARABEL,0.005301891000272008,,308.4850851444874,4627276.277167311,0.9999999992593204,3.35714285502663,1378337.6153442257,106548749944.70056,2.810909298479715e+18,2.810909298479715e+18,2.810292357393885e+18,3.557567654498321e-19,0.08940612888928476,-7.756277745429956,-2.0727696721804993,0.039013707033766075,5.68654710496448e-05,64,True,55.2994384765625,,0.00039545239570570504,0.023486292966233925,7.406796287412476e-10,25.20508817453299,-55.2994384765625,,False,,,,,,314.75555218883824
120.0,17.177287669604308,6,dinkelbach_ee_isac,Dinkelbach EE-ISAC,ok,optimal,CLARABEL,0.018283894999512995,,259.08675734754604,3886301.360213191,0.7359301335758635,2.602657524502467,1493205.050463222,106548749964.06985,2.8109092989907046e+18,2.8109092989907046e+18,2.810347903005448e+18,3.5575676538515976e-19,0.08940612888115827,-4.1246121061594945,4.190876981395576,0.06249999975256705,0.0002070719337517452,64,False,35.930145263671875,min_rate,1.470017660675738e-11,2.4743294912976666e-10,0.26406986642413655,-24.193239622408385,-35.930145263671875,,False,5.0,True,1493205.0504025088,0.000158015638589859,False,314.75555218883824
120.0,17.177287669604308,7,uniform,Uniform,ok,closed_form,numpy,1.4809997992415447e-06,,316.5010927558512,4747516.391337767,1.0,3.357142857142857,1414153.8186963561,76781250000.0,2.0255998281153943e+18,2.0255998281153943e+18,2.0255998281153943e+18,4.936809265680052e-19,0.10532073506634214,-13.256466474732292,-9.684463547443015,0.015625,0.0,64,False,29767500000.0,min_sensing,0.015625,0.046875,0.0,30.920102249103934,-29767500000.0,,,,,,,,317.31221167416356
120.0,17.177287669604308,7,water_filling,Water-filling (comm. only),ok,closed_form,numpy,0.00012932699974044226,,317.31221167416356,4759683.175112453,1.0000000000000338,3.3571428571429536,1417777.9670547326,74257138897.82764,1.959010146198201e+18,1.959010146198201e+18,1.9587797353776612e+18,5.104618788936205e-19,0.10709578156997684,-13.99205933020393,-9.318675462767755,0.016986646131073254,6.7989782603524444e-06,64,False,32291611102.172363,min_sensing,0.00040631832515780966,0.04551335386892674,-3.375077994860476e-14,31.731221167416322,-32291611102.172363,0.01703910151661582,,,,,,,317.31221167416356
120.0,17.177287669604308,7,max_rate_isac,Max-rate ISAC,ok,optimal,CLARABEL,0.005015586000354233,,309.8655774380858,4647983.661571287,0.9999999996156101,3.3571428560446006,1384505.7719848002,106548749970.14552,2.810909299150989e+18,2.810909299150989e+18,2.810733232488561e+18,3.5575676536487375e-19,0.08940612887860921,-7.999527156735423,-1.98101348789948,0.04223474834650179,5.93177709065182e-05,64,True,29.854476928710938,,6.10730006502179e-10,0.020265251653498212,3.8438985328070885e-10,24.284586931338538,-29.854476928710938,,False,,,,,,317.31221167416356
120.0,17.177287669604308,7,dinkelbach_ee_isac,Dinkelbach EE-ISAC,ok,optimal,CLARABEL,0.01622659799977555,,260.66367988405864,3909955.1982608796,0.7412313347000759,2.617803813428788,1493601.3074026494,106548749974.23895,2.81090929925898e+18,2.81090929925898e+18,2.8108041754574326e+18,3.557567653512061e-19,0.08940612887689178,-4.317076103064496,4.191235814452829,0.06249999985302454,0.0002093367036404633,64,False,25.76104736328125,min_rate,1.7993118292591532e-11,1.4697545958064495e-10,0.25876866529992415,-24.917310622688603,-25.76104736328125,,False,5.0,True,1493601.3073662114,9.538792073726654e-05,False,317.31221167416356
120.0,17.177287669604308,8,uniform,Uniform,ok,closed_form,numpy,1.6879998838703614e-06,,311.00426325013643,4665063.948752047,1.0,3.357142857142857,1389593.5166495459,76781250000.0,2.0255998281153943e+18,2.0255998281153943e+18,2.0255998281153943e+18,4.936809265680052e-19,0.10532073506634214,-13.256466474732292,-9.684463547443015,0.015625,0.0,64,False,29767500000.0,min_sensing,0.015625,0.046875,0.0,29.698737323104126,-29767500000.0,,,,,,,,312.5616954744803
120.0,17.177287669604308,8,water_filling,Water-filling (comm. only),ok,closed_form,numpy,0.00014286999976320658,,312.5616954744803,4688425.432117204,1.0000000000009515,3.357142857145576,1396552.2563742064,78117614429.71288,2.0608550441886666e+18,2.0608550441886666e+18,2.0607522813619323e+18,4.852354865131661e-19,0.1044159837393906,-13.206008570586995,-8.180450661053394,0.016901107998399167,7.510881924491662e-06,63,False,28431135570.287125,min_sensing,0.0,0.04559889200160083,-9.514611321037592e-13,31.256169547447996,-28431135570.287125,0.016987484910523862,,,,,,,312.5616954744803
120.0,17.177287669604308,8,max_rate_isac,Max-rate ISAC,ok,optimal,CLARABEL,0.005624738999813417,,306.67130795887545,4600069.619383132,0.9999999992723261,3.357142855063789,1370233.5044946207,106548749942.53366,2.8109092984225485e+18,2.8109092984225485e+18,2.8108529559892654e+18,3.5575676545706725e-19,0.0894061288901939,-7.854679117284804,-2.0460889857719557,0.03807765977839243,5.7443841977992006e-05,64,True,57.466339111328125,,6.190583694715163e-11,0.024422340221607573,7.276739211192762e-10,25.36578203184314,-57.466339111328125,,False,,,,,,312.5616954744803
120.0,17.177287669604308,8,dinkelbach_ee_isac,Dinkelbach EE-ISAC,ok,optimal,CLARABEL,0.015950299999985873,,257.1122995993688,3856684.4939905317,0.7325429790330403,2.592979940094401,1487356.08569734,106548749953.27306,2.8109092987058693e+18,2.8109092987058693e+18,2.8108841380898217e+18,3.557567654212093e-19,0.08940612888568812,-4.009374271420034,4.074796296862364,0.062499999698336174,0.00019901571681778875,64,False,46.72694396972656,min_rate,2.2359264944818278e-12,3.0166382586349627e-10,0.26745702096695967,-24.193226327663524,-46.72694396972656,,False,5.0,True,1487356.0856157353,0.00021159928292036057,False,312.5616954744803
120.0,17.177287669604308,9,uniform,Uniform,ok,closed_form,numpy,1.482000243413495e-06,,345.00462534550434,5175069.380182565,1.0,3.357142857142857,1541510.0281394874,76781250000.0,2.0255998281153943e+18,2.0255998281153943e+18,2.0255998281153943e+18,4.936809265680052e-19,0.10532073506634214,-13.256466474732292,-9.684463547443015,0.015625,0.0,64,False,29767500000.0,min_sensing,0.015625,0.046875,0.0,32.75796683664424,-29767500000.0,,,,,,,,346.94073167651123
120.0,17.177287669604308,9,water_filling,Water-filling (comm. only),ok,closed_form,numpy,0.00013938300025984063,,346.94073167651123,5204110.975147668,1.0000000000002665,3.357142857143619,1550160.7160010815,78575923397.24657,2.0729458940492764e+18,2.0729458940492764e+18,2.0728942945266803e+18,4.824052585601295e-19,0.10411102539846463,-12.698929043555554,-7.957654508213478,0.016595943589346903,8.215342725465607e-06,62,False,27972826602.753433,min_sensing,0.0,0.045904056410653094,-2.6645352591003757e-13,34.69407316765114,-27972826602.753433,0.01665173194779476,,,,,,,346.94073167651123
120.0,17.177287669604308,9,max_rate_isac,Max-rate ISAC,ok,optimal,CLARABEL,0.005343434000224079,,340.8481846530596,5112722.769795894,0.9999999992589881,3.3571428550256806,1522938.6983464498,106548749947.97421,2.8109092985660785e+18,2.8109092985660785e+18,2.810866831805773e+18,3.557567654389017e-19,0.08940612888791127,-7.74268358084857,-2.158542226173455,0.03758567508749267,5.447864730164957e-05,64,True,52.025787353515625,,5.3514636146727596e-11,0.024914324912507328,7.410119184925179e-10,28.60152614419951,-52.025787353515625,,False,,,,,,346.94073167651123
120.0,17.177287669604308,9,dinkelbach_ee_isac,Dinkelbach EE-ISAC,ok,optimal,CLARABEL,0.015701960000114923,,285.76770857787596,4286515.62866814,0.724252407651748,2.569292593290709,1668364.1403325102,106548749970.21808,2.8109092991529037e+18,2.8109092991529037e+18,2.810867140474399e+18,3.5575676536463137e-19,0.08940612887857875,-3.921512298784518,4.4169986698848405,0.06249999982602726,0.00021361965168658882,64,False,29.78192138671875,min_rate,2.6989641395771346e-13,1.7397273899266708e-10,0.27574759234825197,-26.47894993098413,-29.78192138671875,,False,5.0,True,1668364.1402566992,0.00019478145986795425,False,346.94073167651123
120.0,17.177287669604308,10,uniform,Uniform,ok,closed_form,numpy,1.421999968442833e-06,,313.24522953866045,4698678.4430799065,1.0,3.357142857142857,1399606.3447472062,76781250000.0,2.0255998281153943e+18,2.0255998281153943e+18,2.0255998281153943e+18,4.936809265680052e-19,0.10532073506634214,-13.256466474732292,-9.684463547443015,0.015625,0.0,64,False,29767500000.0,min_sensing,0.015625,0.046875,0.0,30.300355015206833,-29767500000.0,,,,,,,,314.38319391494844
120.0,17.177287669604308,10,water_filling,Water-filling (comm. only),ok,closed_form,numpy,0.0001430649999747402,,314.38319391494844,4715747.908724227,1.000000000000118,3.3571428571431943,1404690.8664283522,77408651579.60959,2.042151584329529e+18,2.042151584329529e+18,2.0400067815871846e+18,4.896796142233075e-19,0.10489305139105315,-13.704838698129564,-8.080086355626987,0.017050088127879448,9.982374001722943e-06,64,False,29140098420.39041,min_sensing,0.001354209160614319,0.04544991187212055,-1.1790568521519162e-13,31.438319391494815,-29140098420.39041,0.01712327701754115,,,,,,,314.38319391494844
120.0,17.177287669604308,10,max_rate_isac,Max-rate ISAC,ok,optimal,CLARABEL,0.005406618000051822,,308.3094575111935,4624641.862667902,0.9999999988032547,3.3571428537235852,1377552.896665826,106548749908.85825,2.810909297534143e+18,2.810909297534143e+18,2.8086890941123436e+18,3.557567655695064e-19,0.08940612890432259,-8.037343014805753,-1.8757347104578979,0.03895166748019549,6.243536208870698e-05,64,True,91.14175415039062,,1.5221268447282678e-09,0.02354833251980451,1.1967452584471516e-09,25.36458298773988,-91.14175415039062,,False,,,,,,314.38319391494844
120.0,17.177287669604308,10,dinkelbach_ee_isac,Dinkelbach EE-ISAC,ok,optimal,CLARABEL,0.01712800499990408,,258.6524277577811,3879786.4163667164,0.7319319650398759,2.591234185828217,1497273.5531144782,106548749988.38486,2.810909299632169e+18,2.810909299632169e+18,2.8093767019237274e+18,3.557567653039742e-19,0.0894061288709568,-4.118457232551792,4.24336764178988,0.06249999993241138,0.0002078115791224071,64,False,24.292446765672537,min_rate,3.2474255575846915e-12,6.758862219902184e-11,0.2680680349601241,-24.292446765672537,-11.615142822265625,,False,5.0,True,1497273.553220819,-0.0002755536697804928,False,314.38319391494844
120.0,17.177287669604308,11,uniform,Uniform,ok,closed_form,numpy,1.4659999578725547e-06,,333.0462639412258,4995693.959118387,1.0,3.357142857142857,1488079.0516522853,76781250000.0,2.0255998281153943e+18,2.0255998281153943e+18,2.0255998281153943e+18,4.936809265680052e-19,0.10532073506634214,-13.256466474732292,-9.684463547443015,0.015625,0.0,64,False,29767500000.0,min_sensing,0.015625,0.046875,0.0,32.10833551683726,-29767500000.0,,,,,,,,334.37547602709833
120.0,17.177287669604308,11,water_filling,Water-filling (comm. only),ok,closed_form,numpy,0.000139874999604217,,334.37547602709833,5015632.140406475,0.9999999999996543,3.3571428571418696,1494018.0843768364,76859120483.85208,2.0276541634994373e+18,2.0276541634994373e+18,2.0276529029483574e+18,4.931807494598314e-19,0.10526736823801672,-13.340754070496903,-8.799494124350096,0.01659355081347559,5.302667287945674e-06,63,False,29689629516.14792,min_sensing,0.0,0.04590644918652441,3.4572344986827375e-13,33.4375476027098,-29689629516.14792,0.016649537533754727,,,,,,,334.37547602709833
120.0,17.177287669604308,11,max_rate_isac,Max-rate ISAC,ok,optimal,CLARABEL,0.005375028000344173,,327.6535319053303,4914802.978579954,0.9999999994865896,3.3571428556759706,1463983.8665996667,106548749961.18567,2.8109092989146153e+18,2.8109092989146153e+18,2.8108844875716966e+18,3.5575676539478985e-19,0.08940612888236836,-7.923456461351618,-2.0996762795591244,0.03962437598139659,5.604674522631449e-05,64,True,38.8143310546875,,3.397598829378553e-11,0.022875624018603408,5.134104252846328e-10,26.715603480941752,-38.8143310546875,,False,,,,,,334.37547602709833
120.0,17.177287669604308,11,dinkelbach_ee_isac,Dinkelbach EE-ISAC,ok,optimal,CLARABEL,0.015429489999405632,,275.266372751936,4128995.5912790396,0.7336185755422127,2.5960530729777505,1590489.6684346127,106548749973.07391,2.8109092992282445e+18,2.8109092992282445e+18,2.8107463018339067e+18,3.5575676535509605e-19,0.08940612887738059,-4.184978232209638,4.3280199723488435,0.06249999983365198,0.0002130420498456243,63,False,26.92608642578125,min_rate,0.0,1.6634801869308546e-10,0.26638142445778734,-25.67155567245254,-26.92608642578125,,False,5.0,True,1590489.6683740907,0.000157118309289217,False,334.37547602709833
120.0,17.177287669604308,12,uniform,Uniform,ok,closed_form,numpy,2.721000328165246e-06,,304.7233111533766,4570849.667300649,1.0,3.357142857142857,1361529.6881321082,76781250000.0,2.0255998281153943e+18,2.0255998281153943e+18,2.0255998281153943e+18,4.936809265680052e-19,0.10532073506634214,-13.256466474732292,-9.684463547443015,0.015625,0.0,64,False,29767500000.0,min_sensing,0.015625,0.046875,0.0,26.88808377093403,-29767500000.0,,,,,,,,308.70580820271397
120.0,17.177287669604308,12,water_filling,Water-filling (comm. only),ok,closed_form,numpy,0.0001406840001436649,,308.70580820271397,4630587.12304071,0.999999999999212,3.3571428571406057,1379323.8238853917,75116558898.51627,1.9816828821288328e+18,1.9816828821288328e+18,1.9707196966425528e+18,5.046216067253632e-19,0.1064813695379283,-14.211880826832514,-7.52965762803205,0.01779118609690178,1.9840205310178512e-05,60,False,31432191101.483734,min_sensing,0.0,0.04470881390309822,7.880363028789361e-13,30.870580820271414,-31432191101.483734,0.01785428025009661,,,,,,,308.70580820271397
120.0,17.177287669604308,12,max_rate_isac,Max-rate ISAC,ok,optimal,CLARABEL,0.005141347000062524,,302.04083807161646,4530612.571074247,0.9999999991976734,3.3571428548504954,1349544.1710287335,106548749936.52695,2.810909298264083e+18,2.810909298264083e+18,2.7951137342639744e+18,3.557567654771231e-19,0.08940612889271404,-8.23047308872217,-1.3361728611037893,0.04291099495235745,8.033276740900306e-05,64,True,63.473052978515625,,4.5893228584351965e-11,0.01958900504764255,8.023266495627013e-10,24.20561068917391,-63.473052978515625,,False,,,,,,308.70580820271397
120.0,17.177287669604308,12,dinkelbach_ee_isac,Dinkelbach EE-ISAC,ok,optimal,CLARABEL,0.016493643000103475,,252.697951547061,3790469.273205915,0.7273838897976541,2.578239685136155,1470177.2279196545,106548749959.50269,2.810909298870216e+18,2.810909298870216e+18,2.8027884001117056e+18,3.5575676540040913e-19,0.08940612888307445,-4.0928499692624065,4.627256178525456,0.06249999978780058,0.000229027254970642,63,False,40.497314453125,min_rate,0.0,2.1219941775951767e-10,0.2726161102023459,-25.13727583538156,-40.497314453125,,False,5.0,True,1470177.2279424502,-5.8772973716259e-05,False,308.70580820271397
120.0,17.177287669604308,13,uniform,Uniform,ok,closed_form,numpy,1.6799999684735667e-06,,319.61255671419707,4794188.350712956,1.0,3.357142857142857,1428056.104467689,76781250000.0,2.0255998281153943e+18,2.0255998281153943e+18,2.0255998281153943e+18,4.936809265680052e-19,0.10532073506634214,-13.256466474732292,-9.684463547443015,0.015625,0.0,64,False,29767500000.0,min_sensing,0.015625,0.046875,0.0,31.206623190952712,-29767500000.0,,,,,,,,320.45103724804926
120.0,17.177287669604308,13,water_filling,Water-filling (comm. only),ok,closed_form,numpy,0.0001299559999097255,,320.45103724804926,4806765.558720739,0.9999999999995642,3.3571428571416124,1431802.506853517,76106029098.27328,2.0077865293936678e+18,2.0077865293936678e+18,2.007158410011977e+18,4.980609170149131e-19,0.105786911819653,-13.820326988245164,-8.900818735163922,0.016751346722998054,6.284126245093663e-06,63,False,30442720901.726715,min_sensing,0.0,0.04574865327700195,4.3576253716537394e-13,32.0451037248049,-30442720901.726715,0.016853778794873042,,,,,,,320.45103724804926
120.0,17.177287669604308,13,max_rate_isac,Max-rate ISAC,ok,optimal,CLARABEL,0.0051397940001152165,,313.65562420158204,4704834.363023731,0.9999999988850742,3.357142853957355,1401440.0243581338,106548749912.84299,2.810909297639266e+18,2.810909297639266e+18,2.8102884999618007e+18,3.5575676555620175e-19,0.08940612890265077,-8.042833473762874,-1.9601424881684175,0.03896078244418605,5.99777099463146e-05,64,True,87.15701293945312,,9.887932889939319e-10,0.02353921755581395,1.1149258183351662e-09,25.249690678337686,-87.15701293945312,,False,,,,,,320.45103724804926
120.0,17.177287669604308,13,dinkelbach_ee_isac,Dinkelbach EE-ISAC,ok,optimal,CLARABEL,0.015593270000408666,,263.2630375838154,3948945.563757231,0.7352381806201473,2.600680516057564,1518427.788178894,106548749972.762,2.8109092992200156e+18,2.8109092992200156e+18,2.810704596036252e+18,3.557567653561375e-19,0.08940612887751144,-4.2202426710762255,4.269103732975628,0.062499999827559834,0.0002105915362654211,64,False,27.238006591796875,min_rate,2.2667704511083303e-11,1.724401663127928e-10,0.26476181937985266,-25.142895939428968,-27.238006591796875,,False,5.0,True,1518427.7880606996,0.0003073853440582752,False,320.45103724804926
120.0,17.177287669604308,14,uniform,Uniform,ok,closed_form,numpy,1.494000116508687e-06,,307.7471352186651,4616207.028279977,1.0,3.357142857142857,1375040.3914025463,76781250000.0,2.0255998281153943e+18,2.0255998281153943e+18,2.0255998281153943e+18,4.936809265680052e-19,0.10532073506634214,-13.256466474732292,-9.684463547443015,0.015625,0.0,64,False,29767500000.0,min_sensing,0.015625,0.046875,0.0,29.139016923112194,-29767500000.0,,,,,,,,309.56457588394767
120.0,17.177287669604308,14,water_filling,Water-filling (comm. only),ok,closed_form,numpy,0.00014048699995328207,,309.56457588394767,4643468.638259215,1.0000000000002918,3.3571428571436908,1383160.8709704867,78879772522.2571,2.0809618710670298e+18,2.0809618710670298e+18,2.080877873262935e+18,4.805470075659012e-19,0.10391031128770792,-13.021134913225723,-7.544064733431185,0.017213790427872407,1.1383208989164512e-05,62,False,27668977477.742905,min_sensing,0.0,0.04528620957212759,-2.9176661087149114e-13,30.956457588394755,-27668977477.742905,0.017262967545442404,,,,,,,309.56457588394767
120.0,17.177287669604308,14,max_rate_isac,Max-rate ISAC,ok,optimal,CLARABEL,0.005356342000141012,,304.0193529040672,4560290.293561008,0.9999999993527239,3.357142855293497,1358384.343511151,106548749954.61624,2.8109092987413043e+18,2.8109092987413043e+18,2.8108632772987587e+18,3.557567654167246e-19,0.08940612888512459,-7.8931939259007695,-1.9787572664918331,0.03784714688983647,5.926149111340323e-05,64,True,45.383758544921875,,6.516454060019016e-11,0.024652853110163533,6.472761215903233e-10,25.41123460851429,-45.383758544921875,,False,,,,,,309.56457588394767
120.0,17.177287669604308,14,dinkelbach_ee_isac,Dinkelbach EE-ISAC,ok,optimal,CLARABEL,0.01664700199944491,,254.78321585117035,3821748.2377675553,0.7311710401471185,2.589060114706053,1476114.1373503623,106548749969.1103,2.810909299123679e+18,2.810909299123679e+18,2.810888454997955e+18,3.557567653683301e-19,0.08940612887904352,-4.054826155642686,4.170610212340432,0.06249999972020052,0.0002032576775734804,63,False,30.889694213867188,min_rate,0.0,2.7979948219458706e-10,0.26882895985288147,-23.82490244438256,-30.889694213867188,,False,5.0,True,1476114.1372784215,0.000186258926987648,False,309.56457588394767
120.0,17.177287669604308,15,uniform,Uniform,ok,closed_form,numpy,1.4120000741968397e-06,,306.00114027990094,4590017.1041985145,1.0,3.357142857142857,1367239.137420834,76781250000.0,2.0255998281153943e+18,2.0255998281153943e+18,2.0255998281153943e+18,4.936809265680052e-19,0.10532073506634214,-13.256466474732292,-9.684463547443015,0.015625,0.0,64,False,29767500000.0,min_sensing,0.015625,0.046875,0.0,28.146990691731332,-29767500000.0,,,,,,,,308.726832875744
120.0,17.177287669604308,15,water_filling,Water-filling (comm. only),ok,closed_form,numpy,0.00017852199971457594,,308.726832875744,4630902.49313616,0.9999999999990699,3.3571428571401998,1379417.7639139907,79209974911.64372,2.0896730851093233e+18,2.0896730851093233e+18,2.088529115855414e+18,4.785437526691808e-19,0.10369349979188389,-12.553861906251074,-7.213644295147757,0.017307054714310287,1.3817416491928851e-05,62,False,27338775088.356277,min_sensing,0.0,0.04519294528568971,9.301448500309561e-13,30.872683287574375,-27338775088.356277,0.01741104513102984,,,,,,,308.726832875744
120.0,17.177287669604308,15,max_rate_isac,Max-rate ISAC,ok,optimal,CLARABEL,0.005379777999678481,,303.3585309331196,4550377.963996794,0.9999999988244058,3.357142853784017,1355431.735312609,106548749908.03023,2.810909297512299e+18,2.810909297512299e+18,2.8100811351394816e+18,3.5575676557227103e-19,0.08940612890466998,-7.7544482953234,-1.9646678310576504,0.03687619378180785,5.979944700341798e-05,64,True,91.96977233886719,,4.83207297390759e-11,0.02562380621819215,1.1755941775604128e-09,25.50438134494999,-91.96977233886719,,False,,,,,,308.726832875744
120.0,17.177287669604308,15,dinkelbach_ee_isac,Dinkelbach EE-ISAC,ok,optimal,CLARABEL,0.014755983000668493,,254.07541837224085,3811131.2755836127,0.7291481698166336,2.583280485190382,1475306.803667795,106548749955.497,2.810909298764541e+18,2.810909298764541e+18,2.8105239933087524e+18,3.557567654137837e-19,0.08940612888475505,-4.011188870321404,4.258446768390367,0.06249999971543121,0.00020725146445770823,63,False,44.50300598144531,min_rate,0.0,2.845687921415596e-10,0.27085183018336645,-23.778731215928758,-44.50300598144531,,False,5.0,True,1475306.803726008,-0.00015038065612316132,False,308.726832875744
120.0,17.177287669604308,16,uniform,Uniform,ok,closed_form,numpy,1.4410002222575713e-06,,304.00716528825956,4560107.479323894,1.0,3.357142857142857,1358329.887458181,76781250000.0,2.0255998281153943e+18,2.0255998281153943e+18,2.0255998281153943e+18,4.936809265680052e-19,0.10532073506634214,-13.256466474732292,-9.684463547443015,0.015625,0.0,64,False,29767500000.0,min_sensing,0.015625,0.046875,0.0,29.795728788400538,-29767500000.0,,,,,,,,304.67937388873224
120.0,17.177287669604308,16,water_filling,Water-filling (comm. only),ok,closed_form,numpy,0.00013758499972027494,,304.67937388873224,4570190.608330984,0.9999999999990514,3.357142857140147,1361333.3726954346,77287797116.33472,2.038963269734018e+18,2.038963269734018e+18,2.0375284304077176e+18,4.904453232894428e-19,0.10497502967297026,-13.133316276659833,-8.703323545970944,0.01688440353782284,5.318358977454461e-06,64,False,29260952883.665283,min_sensing,0.004270484312496445,0.04561559646217716,9.485745522397337e-13,30.467937388873224,-29260952883.665283,0.016969496687520395,,,,,,,304.67937388873224
120.0,17.177287669604308,16,max_rate_isac,Max-rate ISAC,ok,optimal,CLARABEL,0.00541413900009502,,298.45499783581374,4476824.967537207,0.9999999988355681,3.357142853815909,1333522.332077292,106548749905.27875,2.8109092974397107e+18,2.8109092974397107e+18,2.809504404318444e+18,3.55756765581458e-19,0.08940612890582438,-7.814980552578147,-2.0823639623772032,0.03882823827043264,5.676347067299228e-05,64,True,94.72125244140625,,2.235933639982774e-09,0.023671761729567357,1.164431884248529e-09,24.243561335954723,-94.72125244140625,,False,,,,,,304.67937388873224
120.0,17.177287669604308,16,dinkelbach_ee_isac,Dinkelbach EE-ISAC,ok,optimal,CLARABEL,0.016085067999938474,,250.65442469617926,3759816.370442689,0.7398709440620045,2.6139169830342985,1438384.001804909,106548749979.83911,2.81090929940672e+18,2.81090929940672e+18,2.8094299004470656e+18,3.557567653325077e-19,0.08940612887454222,-4.1805028625793215,4.044762817059929,0.0624999998844043,0.00020129691622865195,64,False,23.557011803679757,min_rate,6.681179601618038e-12,1.1559569967900529e-10,0.2601290559379955,-23.557011803679757,-20.160888671875,,False,5.0,True,1438384.0019195685,-0.00029971031472086906,False,304.67937388873224
120.0,17.177287669604308,17,uniform,Uniform,ok,closed_form,numpy,1.6640001376799773e-06,,320.8782071951554,4813173.107927332,1.0,3.357142857142857,1433711.1385315456,76781250000.0,2.0255998281153943e+18,2.0255998281153943e+18,2.0255998281153943e+18,4.936809265680052e-19,0.10532073506634214,-13.256466474732292,-9.684463547443015,0.015625,0.0,64,False,29767500000.0,min_sensing,0.015625,0.046875,0.0,30.651525536075326,-29767500000.0,,,,,,,,322.4740907323112
120.0,17.177287669604308,17,water_filling,Water-filling (comm. only),ok,closed_form,numpy,0.00013901899956181296,,322.4740907323112,4837111.360984668,1.0000000000007052,3.357142857144872,1440841.6819945683,77731881266.5105,2.050678848449718e+18,2.050678848449718e+18,2.048274441224123e+18,4.876433970906682e-19,0.10467473770113452,-14.068822852146273,-7.8339577525456985,0.01707716318680852,1.1618462110662229e-05,63,False,28816868733.489502,min_sensing,0.0,0.04542283681319148,-7.052136652418994e-13,32.2474090732311,-28816868733.489502,0.01714120349212573,,,,,,,322.4740907323112
120.0,17.177287669604308,17,max_rate_isac,Max-rate ISAC,ok,optimal,CLARABEL,0.005135308000262739,,316.51682952931446,4747752.442939717,0.9999999992594591,3.357142855027026,1414224.1328308017,106548749946.41925,2.810909298525056e+18,2.810909298525056e+18,2.8085336006049116e+18,3.557567654440936e-19,0.08940612888856368,-8.150503110154665,-1.8848625310935652,0.038616464647162736,6.229082534375345e-05,64,True,53.58074951171875,,2.1378222730260204e-10,0.023883535352837264,7.405408508631695e-10,26.290147870234364,-53.58074951171875,,False,,,,,,322.4740907323112
120.0,17.177287669604308,17,dinkelbach_ee_isac,Dinkelbach EE-ISAC,ok,optimal,CLARABEL,0.015277147999313456,,265.40141471206425,3981021.2206809637,0.7282284066926418,2.580652590550405,1542641.2819990953,106548749972.96559,2.8109092992253865e+18,2.8109092992253865e+18,2.809892784769942e+18,3.5575676535545774e-19,0.08940612887742604,-4.11768721238344,4.3400014472334245,0.06249999981623388,0.00021102094012132497,64,False,27.034408569335938,min_rate,1.0841402369145477e-11,1.8376612037629414e-10,0.27177159330735823,-24.825266947015848,-27.034408569335938,,False,5.0,True,1542641.2819648837,8.828844875097275e-05,False,322.4740907323112
120.0,17.177287669604308,18,uniform,Uniform,ok,closed_form,numpy,1.4859997463645414e-06,,312.33437952666895,4685015.692900035,1.0,3.357142857142857,1395536.5893744784,76781250000.0,2.0255998281153943e+18,2.0255998281153943e+18,2.0255998281153943e+18,4.936809265680052e-19,0.10532073506634214,-13.256466474732292,-9.684463547443015,0.015625,0.0,64,False,29767500000.0,min_sensing,0.015625,0.046875,0.0,30.250376440570278,-29767500000.0,,,,,,,,313.4266700956652
120.0,17.177287669604308,18,water_filling,Water-filling (comm. only),ok,closed_form,numpy,0.000140527999974438,,313.4266700956652,4701400.051434978,0.9999999999997474,3.3571428571421356,1400417.036597954,78356707323.90784,2.0671626586828946e+18,2.0671626586828946e+18,2.066928707690644e+18,4.837548684423103e-19,0.10425655773759201,-12.636995193433329,-8.12360773734594,0.017023707385879657,7.334777715873221e-06,63,False,28192042676.092163,min_sensing,0.0,0.04547629261412034,2.525757381022231e-13,31.342667009566526,-28192042676.092163,0.017075696693954708,,,,,,,313.4266700956652
120.0,17.177287669604308,18,max_rate_isac,Max-rate ISAC,ok,optimal,CLARABEL,0.005560131000038382,,307.5764222938532,4613646.334407798,0.9999999992045893,3.357142854870255,1374277.632456038,106548749942.9144,2.810909298432593e+18,2.810909298432593e+18,2.8106278547678397e+18,3.55756765455796e-19,0.08940612889003416,-7.739956119440596,-2.109042839186313,0.03833557905664285,5.582671586653764e-05,64,True,57.085601806640625,,1.2023126344632954e-10,0.02416442094335715,7.954107372754038e-10,25.49241920775455,-57.085601806640625,,False,,,,,,313.4266700956652
120.0,17.177287669604308,18,dinkelbach_ee_isac,Dinkelbach EE-ISAC,ok,optimal,CLARABEL,0.017333282000436157,,256.91113847248573,3853667.077087286,0.7272841851433236,2.5779548146952105,1494854.3919854942,106548749969.6237,2.810909299137223e+18,2.810909299137223e+18,2.810558729936622e+18,3.5575676536661595e-19,0.08940612887882814,-3.9204973199602526,4.267783945798376,0.06249999978029079,0.0002070985530728693,64,False,30.376296997070312,min_rate,4.431146150993387e-12,2.1970920915936887e-10,0.2727158148566764,-25.172864613612944,-30.376296997070312,,False,5.0,True,1494854.3920790316,-0.00024113524705171585,False,313.4266700956652
120.0,17.177287669604308,19,uniform,Uniform,ok,closed_form,numpy,1.5669997992517892e-06,,305.6417248784668,4584625.873177002,1.0,3.357142857142857,1365633.2388186816,76781250000.0,2.0255998281153943e+18,2.0255998281153943e+18,2.0255998281153943e+18,4.936809265680052e-19,0.10532073506634214,-13.256466474732292,-9.684463547443015,0.015625,0.0,64,False,29767500000.0,min_sensing,0.015625,0.046875,0.0,29.2106991129599,-29767500000.0,,,,,,,,307.1455841838965
120.0,17.177287669604308,19,water_filling,Water-filling (comm. only),ok,closed_form,numpy,0.00015854100001888582,,307.1455841838965,4607183.762758448,1.0000000000006435,3.3571428571446957,1372352.610182616,77009639380.8114,2.031625068529102e+18,2.031625068529102e+18,2.0307087946792067e+18,4.922168049068231e-19,0.10516444295379701,-13.910947483586884,-7.896603847636264,0.017268446674652445,1.2115433585902213e-05,63,False,29539110619.1886,min_sensing,0.0,0.045231553325347555,-6.434852650727407e-13,30.71455841838963,-29539110619.1886,0.017348482843272103,,,,,,,307.1455841838965
120.0,17.177287669604308,19,max_rate_isac,Max-rate ISAC,ok,optimal,CLARABEL,0.005268528000215156,,301.04645154553396,4515696.77318301,0.9999999990527899,3.357142854436543,1345101.16756438,106548749925.24442,2.810909297966434e+18,2.810909297966434e+18,2.8097871127974216e+18,3.5575676551479445e-19,0.08940612889744769,-8.090860159130607,-1.800531839718661,0.03942805330599566,6.432484873014258e-05,64,True,74.75558471679688,,5.157549076508628e-10,0.023071946694004343,9.472100881424694e-10,24.615425780027067,-74.75558471679688,,False,,,,,,307.1455841838965
120.0,17.177287669604308,19,dinkelbach_ee_isac,Dinkelbach EE-ISAC,ok,optimal,CLARABEL,0.015716597999926307,,252.53068909615774,3787960.3364423662,0.7334357010707009,2.595530574487717,1459416.5731181959,106548749941.93225,2.8109092984066826e+18,2.8109092984066826e+18,2.809671888443253e+18,3.5575676545907527e-19,0.08940612889044622,-4.150490526524077,4.239471929669416,0.06249999967039755,0.0002082307354856115,64,False,58.0677490234375,min_rate,2.1533528574846892e-11,3.2960244950031026e-10,0.2665642989292991,-23.900336669349144,-58.0677490234375,,False,5.0,True,1459416.5730334688,0.00021991180256009102,False,307.1455841838965
125.0,12.177287669604308,0,uniform,Uniform,ok,closed_form,numpy,1.4760003068658989e-06,,243.00202524314574,3645030.378647186,1.0,3.357142857142857,1085753.7298098,76781250000.0,2.0255998281153943e+18,2.0255998281153943e+18,2.0255998281153943e+18,4.936809265680052e-19,0.10532073506634214,-13.256466474732292,-9.684463547443015,0.015625,0.0,64,False,29767500000.0,min_sensing,0.015625,0.046875,0.0,22.052945653402247,-29767500000.0,,,,,,,,245.49897732193722
125.0,12.177287669604308,0,water_filling,Water-filling (comm. only),ok,closed_form,numpy,0.00014225499990061508,,245.49897732193722,3682484.659829058,0.9999999999992146,3.3571428571406132,1096910.3242051336,79310107271.03711,2.0923147207948073e+18,2.0923147207948073e+18,2.0907426547866606e+18,4.779395709743562e-19,0.10362802040669979,-13.62113479632063,-6.847174810793169,0.01788255990721055,1.7912796763765873e-05,61,False,27238642728.96289,min_sensing,0.0,0.04461744009278945,7.853717676198357e-13,24.549897732193728,-27238642728.96289,0.018125976130485257,,,,,,,245.49897732193722
125.0,12.177287669604308,0,max_rate_isac,Max-rate ISAC,ok,optimal,CLARABEL,0.004926380000142672,,240.60617524276654,3609092.6286414983,0.9999999975045915,3.3571428500131186,1075048.8703891153,106548749768.97913,2.8109092938439306e+18,2.8109092938439306e+18,2.8100198831035873e+18,3.557567660365503e-19,0.08940612896300958,-8.046644732984934,-1.7963350259895936,0.03743584485183177,6.455073109254818e-05,64,True,231.0208740234375,,7.618810228860032e-11,0.025064155148168232,2.4954085464656828e-09,19.65709565302305,-231.0208740234375,,False,,,,,,245.49897732193722
125.0,12.177287669604308,0,dinkelbach_ee_isac,Dinkelbach EE-ISAC,ok,optimal,CLARABEL,0.016837419000239606,,205.01922631334068,3075288.3947001104,0.7724426762610912,2.7069790750316893,1136059.1676033216,106548749944.74573,2.810909298480906e+18,2.810909298480906e+18,2.810562324931203e+18,3.557567654496813e-19,0.08940612888926582,-4.729375878864937,3.1763089292752316,0.06249999940246506,0.00017157221747095595,64,False,55.2542724609375,min_rate,8.25971774698972e-13,5.975349381959205e-10,0.2275573237389088,-15.92985327640281,-55.2542724609375,,False,5.0,True,1136059.1675657462,0.00010171579197049141,False,245.49897732193722
125.0,12.177287669604308,1,uniform,Uniform,ok,closed_form,numpy,1.5090004126250278e-06,,229.52805807132427,3442920.871069864,1.0,3.357142857142857,1025550.8977654914,76781250000.0,2.0255998281153943e+18,2.0255998281153943e+18,2.0255998281153943e+18,4.936809265680052e-19,0.10532073506634214,-13.256466474732292,-9.684463547443015,0.015625,0.0,64,False,29767500000.0,min_sensing,0.015625,0.046875,0.0,21.11819252409063,-29767500000.0,,,,,,,,231.56651727470404
125.0,12.177287669604308,1,water_filling,Water-filling (comm. only),ok,closed_form,numpy,0.00014544999976351392,,231.56651727470404,3473497.7591205607,0.9999999999994679,3.357142857141337,1034658.9069725504,77345735621.33871,2.0404917708430436e+18,2.0404917708430436e+18,2.032310791352828e+18,4.900779382152778e-19,0.10493570471432055,-12.302621906740374,-7.282440897699813,0.018259819022723885,1.6738903096303192e-05,62,False,29203014378.661285,min_sensing,0.0,0.04424018097727611,5.321298957028375e-13,23.156651727470404,-29203014378.661285,0.018432832307897953,,,,,,,231.56651727470404
125.0,12.177287669604308,1,max_rate_isac,Max-rate ISAC,ok,optimal,CLARABEL,0.005074240999874746,,225.94283855068343,3389142.5782602513,0.9999999975703726,3.3571428502010647,1009531.8339096801,106548749758.262,2.810909293561197e+18,2.810909293561197e+18,2.7986856664151096e+18,3.557567660723339e-19,0.08940612896750601,-7.451507247395602,-1.739775425620525,0.040674218131590535,6.731575520344659e-05,64,True,241.73800659179688,,1.7950397273287266e-10,0.021825781868409465,2.4296273881674324e-09,17.532973003449797,-241.73800659179688,,False,,,,,,231.56651727470404
125.0,12.177287669604308,1,dinkelbach_ee_isac,Dinkelbach EE-ISAC,ok,optimal,CLARABEL,0.014713508000113507,,194.12162792426338,2911824.4188639508,0.7891574234349782,2.754735495528509,1057025.0478096458,106548749981.96687,2.810909299462854e+18,2.810909299462854e+18,2.797389996142064e+18,3.5575676532540317e-19,0.08940612887364949,-4.706509695064489,2.7756399773804734,0.06249999985745914,0.00016249936960557296,64,False,18.033126831054688,min_rate,4.501629597496905e-14,1.4254086105891517e-10,0.2108425765650218,-14.288237622970257,-18.033126831054688,,False,5.0,True,1057025.0478472933,-0.00010370882228016853,False,231.56651727470404
125.0,12.177287669604308,2,uniform,Uniform,ok,closed_form,numpy,1.4380002539837733e-06,,238.64745789721206,3579711.868458181,1.0,3.357142857142857,1066297.1523066922,76781250000.0,2.0255998281153943e+18,2.0255998281153943e+18,2.0255998281153943e+18,4.936809265680052e-19,0.10532073506634214,-13.256466474732292,-9.684463547443015,0.015625,0.0,64,False,29767500000.0,min_sensing,0.015625,0.046875,0.0,21.806552703393237,-29767500000.0,,,,,,,,240.93433910424312
125.0,12.177287669604308,2,water_filling,Water-filling (comm. only),ok,closed_form,numpy,0.00014114900022832444,,240.93433910424312,3614015.086563647,1.000000000000392,3.357142857143977,1076515.1321675356,77587330940.6314,2.0468654029111946e+18,2.0468654029111946e+18,2.0468642056909804e+18,4.885519089715085e-19,0.10477220030498328,-12.56707970409174,-7.131608520335187,0.01798132768655413,1.7368300609297458e-05,61,False,28961419059.368607,min_sensing,0.0,0.04451867231344587,-3.9190872769268026e-13,24.093433910424295,-28961419059.368607,0.018166335476380448,,,,,,,240.93433910424312
125.0,12.177287669604308,2,max_rate_isac,Max-rate ISAC,ok,optimal,CLARABEL,0.005756039000061719,,235.24968405508127,3528745.2608262193,0.9999999975913105,3.3571428502608875,1051115.6117625427,106548749769.70416,2.810909293863058e+18,2.810909293863058e+18,2.8105084558696653e+18,3.557567660341295e-19,0.08940612896270538,-7.716372359187292,-1.7514689477431131,0.04062453257405233,6.560331763305582e-05,64,True,230.29583740234375,,1.745852930094182e-10,0.02187546742594767,2.4086894701014216e-09,18.408778861262448,-230.29583740234375,,False,,,,,,240.93433910424312
125.0,12.177287669604308,2,dinkelbach_ee_isac,Dinkelbach EE-ISAC,ok,optimal,CLARABEL,0.017062421000446193,,202.1745991629184,3032618.9874437763,0.7886948677607193,2.7534139078877695,1101403.2357271682,106548749935.23453,2.810909298229987e+18,2.810909298229987e+18,2.8100613343664133e+18,3.557567654814384e-19,0.08940612889325629,-4.902965915797041,2.9920551484102815,0.0624999994238022,0.0001701969560459445,64,False,64.76547241210938,min_rate,4.597535358332044e-12,5.761977978080424e-10,0.2113051322392807,-14.666306030900415,-64.76547241210938,,False,5.0,True,1101403.235618601,0.0002989303320646286,False,240.93433910424312
125.0,12.177287669604308,3,uniform,Uniform,ok,closed_form,numpy,1.5440000424860045e-06,,216.0552026292329,3240828.0394384935,1.0,3.357142857142857,965353.0330242321,76781250000.0,2.0255998281153943e+18,2.0255998281153943e+18,2.0255998281153943e+18,4.936809265680052e-19,0.10532073506634214,-13.256466474732292,-9.684463547443015,0.015625,0.0,64,False,29767500000.0,min_sensing,0.015625,0.046875,0.0,18.462080883333897,-29767500000.0,,,,,,,,219.5479130509989
125.0,12.177287669604308,3,water_filling,Water-filling (comm. only),ok,closed_form,numpy,0.0001745350000419421,,219.5479130509989,3293218.695764983,0.9999999999998863,3.3571428571425326,980958.760440728,77893020935.60655,2.0549299447267853e+18,2.0549299447267853e+18,2.0539414094146514e+18,4.866345943160392e-19,0.10456640973491804,-13.26899960848954,-6.620086286887849,0.018812978739481387,2.241852890321158e-05,61,False,28655729064.393448,min_sensing,0.0,0.04368702126051861,1.1368683772161603e-13,21.95479130509989,-28655729064.393448,0.018988644034540418,,,,,,,219.5479130509989
125.0,12.177287669604308,3,max_rate_isac,Max-rate ISAC,ok,optimal,CLARABEL,0.005118100999879971,,214.55083794687647,3218262.569203147,0.9999999977968475,3.3571428508481356,958631.4053898832,106548749775.26825,2.810909294009847e+18,2.810909294009847e+18,2.809257357258899e+18,3.5575676601555145e-19,0.08940612896037094,-7.915821618580439,-1.4517895462615789,0.03987172251627125,7.460697871450443e-05,64,True,224.73175048828125,,7.411222802304398e-11,0.022628277483728747,2.203152549284937e-09,16.957716200977472,-224.73175048828125,,False,,,,,,219.5479130509989
125.0,12.177287669604308,3,dinkelbach_ee_isac,Dinkelbach EE-ISAC,ok,optimal,CLARABEL,0.01630250999960481,,183.45083002356134,2751762.45035342,0.7839408321392457,2.7398309489692734,1004354.8312309689,106548749939.2532,2.8109092983360056e+18,2.8109092983360056e+18,2.809629133241442e+18,3.5575676546802035e-19,0.08940612889157022,-4.816239125178057,3.0519865498507865,0.06249999916165038,0.00017108121495954442,63,False,60.746795654296875,min_rate,0.0,8.383496188923978e-10,0.2160591678607543,-14.14229172233766,-60.746795654296875,,False,5.0,True,1004354.8312775076,-0.00012750830501317978,False,219.5479130509989
125.0,12.177287669604308,4,uniform,Uniform,ok,closed_form,numpy,1.3510002645489294e-06,,233.48890299517666,3502333.5449276497,1.0,3.357142857142857,1043248.2899784488,76781250000.0,2.0255998281153943e+18,2.0255998281153943e+18,2.0255998281153943e+18,4.936809265680052e-19,0.10532073506634214,-13.256466474732292,-9.684463547443015,0.015625,0.0,64,False,29767500000.0,min_sensing,0.015625,0.046875,0.0,21.50673997600697,-29767500000.0,,,,,,,,235.5357366879663
125.0,12.177287669604308,4,water_filling,Water-filling (comm. only),ok,closed_form,numpy,0.00018768700010696193,,235.5357366879663,3533036.0503194947,0.9999999999997776,3.357142857142222,1052393.7171166444,79201067451.3793,2.0894380934937846e+18,2.0894380934937846e+18,2.0892411425642345e+18,4.785975727703342e-19,0.10369933064612916,-12.050589375918774,-7.502169926806946,0.017964056154256284,1.0764522337912505e-05,63,False,27347682548.620697,min_sensing,0.0,0.04453594384574372,2.2237767183241886e-13,23.553573668796616,-27347682548.620697,0.018086742590754407,,,,,,,235.5357366879663
125.0,12.177287669604308,4,max_rate_isac,Max-rate ISAC,ok,optimal,CLARABEL,0.0052106409998486924,,230.5826116656205,3458739.1749843075,0.9999999978302234,3.3571428509434957,1030262.7348765511,106548749792.2012,2.810909294456562e+18,2.810909294456562e+18,2.8106941880570327e+18,3.557567659590139e-19,0.08940612895326663,-7.493871368080941,-2.041860270391787,0.037564981520514386,5.7544872140827585e-05,63,True,207.79879760742188,,0.0,0.024935018479485614,2.1697765806294456e-09,18.600448646450815,-207.79879760742188,,False,,,,,,235.5357366879663
125.0,12.177287669604308,4,dinkelbach_ee_isac,Dinkelbach EE-ISAC,ok,optimal,CLARABEL,0.015375138000308652,,195.8903955618332,2938355.933427498,0.7731239644474974,2.7089256127071355,1084694.2122161428,106548749985.76779,2.810909299563128e+18,2.810909299563128e+18,2.810681916856713e+18,3.5575676531271225e-19,0.08940612887205479,-4.391991269075143,3.038889650035406,0.06249999983193794,0.00016612063537739725,63,False,16.091767457336488,min_rate,0.0,1.6806205732633472e-10,0.22687603555250258,-16.091767457336488,-14.232208251953125,,False,5.0,True,1084694.2123685596,-0.00041288556531071663,False,235.5357366879663
125.0,12.177287669604308,5,uniform,Uniform,ok,closed_form,numpy,1.5130003703234252e-06,,233.90689748640267,3508603.4622960403,1.0,3.357142857142857,1045115.924939246,76781250000.0,2.0255998281153943e+18,2.0255998281153943e+18,2.0255998281153943e+18,4.936809265680052e-19,0.10532073506634214,-13.256466474732292,-9.684463547443015,0.015625,0.0,64,False,29767500000.0,min_sensing,0.015625,0.046875,0.0,19.861916706625806,-29767500000.0,,,,,,,,237.8277564219743
125.0,12.177287669604308,5,water_filling,Water-filling (comm. only),ok,closed_form,numpy,0.00015382599985969136,,237.8277564219743,3567416.3463296145,0.9999999999996334,3.35714285714181,1062634.6563538336,76074211917.06343,2.0069471463829747e+18,2.0069471463829747e+18,2.0041164535167058e+18,4.982692253765887e-19,0.1058090315984878,-14.560907805568931,-6.224807675661249,0.01911342279964501,3.1656506722355546e-05,59,False,30474538082.93657,min_sensing,0.0,0.04338657720035499,3.665956427312267e-13,23.782775642197436,-30474538082.93657,0.0193217193327299,,,,,,,237.8277564219743
125.0,12.177287669604308,5,max_rate_isac,Max-rate ISAC,ok,optimal,CLARABEL,0.005524870000044757,,232.51490152828453,3487723.5229242677,0.9999999989398367,3.3571428541138193,1038896.3694679944,106548749900.89523,2.8109092973240673e+18,2.8109092973240673e+18,2.809067604849556e+18,3.5575676559609416e-19,0.0894061289076635,-8.167871222263898,-1.1063087303493757,0.04148736369777982,8.621491612200809e-05,64,True,99.10476684570312,,1.4051985543252718e-10,0.02101263630222018,1.0601632904894132e-09,18.46992074850766,-99.10476684570312,,False,,,,,,237.8277564219743
125.0,12.177287669604308,5,dinkelbach_ee_isac,Dinkelbach EE-ISAC,ok,optimal,CLARABEL,0.01684989199929987,,195.80603382404993,2937090.507360749,0.7526384106330747,2.650395458951642,1108170.6684339507,106548749936.32306,2.8109092982587044e+18,2.8109092982587044e+18,2.8107477954248914e+18,3.5575676547780383e-19,0.08940612889279959,-4.364490834480116,3.8853670103620996,0.06249999960862722,0.00019900954189693666,64,False,63.67694091796875,min_rate,9.788961320005304e-12,3.9137278140533027e-10,0.24736158936692532,-18.23894695572693,-63.67694091796875,,False,5.0,True,1108170.6685422508,-0.00028703780844807625,False,237.8277564219743
125.0,12.177287669604308,6,uniform,Uniform,ok,closed_form,numpy,1.4180000107444357e-06,,248.15312571333627,3722296.8857000438,1.0,3.357142857142857,1108769.2851021406,76781250000.0,2.0255998281153943e+18,2.0255998281153943e+18,2.0255998281153943e+18,4.936809265680052e-19,0.10532073506634214,-13.256466474732292,-9.684463547443015,0.015625,0.0,64,False,29767500000.0,min_sensing,0.015625,0.046875,0.0,24.33557793857497,-29767500000.0,,,,,,,,248.6861641941792
125.0,12.177287669604308,6,water_filling,Water-filling (comm. only),ok,closed_form,numpy,0.00013915299996369868,,248.6861641941792,3730292.462912688,0.9999999999996669,3.3571428571419055,1111150.9463998391,74182534977.1232,1.9570419874490844e+18,1.9570419874490844e+18,1.9568335401011072e+18,5.1097524039504885e-19,0.10714962010097615,-13.865290760956992,-9.787176463837174,0.017350751987802226,4.0929307107962805e-06,64,False,32366215022.8768,min_sensing,0.007090846588478543,0.045149248012197774,3.3306690738754696e-13,24.86861641941792,-32366215022.8768,0.017492849956963298,,,,,,,248.6861641941792
125.0,12.177287669604308,6,max_rate_isac,Max-rate ISAC,ok,optimal,CLARABEL,0.005241027000010945,,241.5741627615346,3623612.441423019,0.999999998009901,3.35714285145686,1079373.9205498872,106548749808.79945,2.810909294894448e+18,2.810909294894448e+18,2.8107003253106243e+18,3.5575676590359377e-19,0.08940612894630276,-7.930244052428069,-2.0900389130123824,0.04250468538798264,5.6312729277698586e-05,64,True,191.20054626464844,,0.006877289450717769,0.01999531461201736,1.99009897450253e-09,17.756614986773315,-191.20054626464844,,False,,,,,,248.6861641941792
125.0,12.177287669604308,6,dinkelbach_ee_isac,Dinkelbach EE-ISAC,ok,optimal,CLARABEL,0.016068094999809546,,208.45560577687027,3126834.086653054,0.7973715530938028,2.7782044374108654,1125487.399180419,106548749978.11798,2.8109092993613143e+18,2.8109092993613143e+18,2.8108219833164733e+18,3.557567653382543e-19,0.0894061288752643,-5.13933387566638,2.6499398644560133,0.0624999998383766,0.00015745977655686638,64,False,21.88201904296875,min_rate,0.002196017758404591,1.6162340216174798e-10,0.2026284469061972,-15.361941997891023,-21.88201904296875,,False,5.0,True,1125487.3993300502,-0.0004157060757279396,False,248.6861641941792
125.0,12.177287669604308,7,uniform,Uniform,ok,closed_form,numpy,2.612000116641866e-06,,223.75827248361225,3356374.087254184,1.0,3.357142857142857,999771.0047140121,76781250000.0,2.0255998281153943e+18,2.0255998281153943e+18,2.0255998281153943e+18,4.936809265680052e-19,0.10532073506634214,-13.256466474732292,-9.684463547443015,0.015625,0.0,64,False,29767500000.0,min_sensing,0.015625,0.046875,0.0,18.944925319877512,-29767500000.0,,,,,,,,227.57038573748304
125.0,12.177287669604308,7,water_filling,Water-filling (comm. only),ok,closed_form,numpy,0.00014828699977442739,,227.57038573748304,3413555.7860622457,1.0000000000009313,3.357142857145518,1016803.8511666715,76634651071.35907,2.0217323374890115e+18,2.0217323374890115e+18,2.0142804006414203e+18,4.94625317831142e-19,0.10542142404832655,-12.663653421575356,-6.28754075860499,0.01890758967510564,2.8678442699965196e-05,58,False,29914098928.64093,min_sensing,0.0,0.04359241032489436,-9.312550730555813e-13,22.757038573748304,-29914098928.64093,0.019122382918391252,,,,,,,227.57038573748304
125.0,12.177287669604308,7,max_rate_isac,Max-rate ISAC,ok,optimal,CLARABEL,0.00530074100015554,,221.81520326320606,3327228.048948091,0.9999999989403896,3.357142854115399,991089.2069634044,106548749894.98276,2.8109092971680876e+18,2.8109092971680876e+18,2.7945101401157156e+18,3.557567656158354e-19,0.08940612891014411,-7.5393297399332475,-1.1005093084462978,0.04460735650940117,8.72090999450645e-05,64,True,105.01724243164062,,8.41930122721243e-11,0.017892643490598832,1.0596103994231498e-09,17.001856099471325,-105.01724243164062,,False,,,,,,227.57038573748304
125.0,12.177287669604308,7,dinkelbach_ee_isac,Dinkelbach EE-ISAC,ok,optimal,CLARABEL,0.016200627000216627,,190.15303733455613,2852295.560018342,0.7854874259886444,2.7442497885389843,1039371.6971139425,106548749943.45105,2.810909298446751e+18,2.810909298446751e+18,2.7938563602511616e+18,3.5575676545400406e-19,0.08940612888980899,-4.6287032279578675,3.081315226564975,0.062499999663333916,0.00017571651450505268,64,False,56.5489501953125,min_rate,4.606779681389105e-13,3.3666608389992803e-10,0.2145125740113556,-14.660309829178601,-56.5489501953125,,False,5.0,True,1039371.6970315848,0.00022601010277867317,False,227.57038573748304
125.0,12.177287669604308,8,uniform,Uniform,ok,closed_form,numpy,1.4020001799508464e-06,,226.07502598833736,3391125.3898250605,1.0,3.357142857142857,1010122.456543635,76781250000.0,2.0255998281153943e+18,2.0255998281153943e+18,2.0255998281153943e+18,4.936809265680052e-19,0.10532073506634214,-13.256466474732292,-9.684463547443015,0.015625,0.0,64,False,29767500000.0,min_sensing,0.015625,0.046875,0.0,20.40543206913162,-29767500000.0,,,,,,,,228.5217710213397
125.0,12.177287669604308,8,water_filling,Water-filling (comm. only),ok,closed_form,numpy,0.0001413639997736027,,228.5217710213397,3427826.5653200955,0.9999999999999475,3.357142857142707,1021054.7215847549,77809856684.83728,2.0527359521561562e+18,2.0527359521561562e+18,2.0473139613071355e+18,4.871547160995638e-19,0.10462227582362027,-12.900527499774467,-7.287327726340882,0.01822254855079209,1.621349365676862e-05,61,False,28738893315.16272,min_sensing,0.0,0.04427745144920791,5.2513549064769904e-14,22.852177102133965,-28738893315.16272,0.01850905779947396,,,,,,,228.5217710213397
125.0,12.177287669604308,8,max_rate_isac,Max-rate ISAC,ok,optimal,CLARABEL,0.00489858999981152,,223.20418186798003,3348062.7280197004,0.9999999978371192,3.357142850963198,997295.28252249,106548749786.98111,2.8109092943188485e+18,2.8109092943188485e+18,2.8056512364836106e+18,3.557567659764433e-19,0.08940612895545676,-7.851671280391584,-1.837946789538629,0.03837326638197459,6.39924919699857e-05,64,True,213.01889038085938,,8.110957138790694e-11,0.024126733618025413,2.1628807633788938e-09,17.534587948774288,-213.01889038085938,,False,,,,,,228.5217710213397
125.0,12.177287669604308,8,dinkelbach_ee_isac,Dinkelbach EE-ISAC,ok,optimal,CLARABEL,0.014492328000415,,191.25048301962332,2868757.2452943497,0.7870936163497646,2.7488389038564702,1043625.088858296,106548749945.8641,2.810909298510411e+18,2.810909298510411e+18,2.806771973127219e+18,3.557567654459471e-19,0.0894061288887966,-4.947508007424411,2.9356001806254746,0.06249999926605931,0.00016735344875285835,62,False,54.135894775390625,min_rate,0.0,7.339406929429693e-10,0.2129063836502354,-14.41911089958242,-54.135894775390625,,False,5.0,True,1043625.0888059433,0.00014390936121344566,False,228.5217710213397
125.0,12.177287669604308,9,uniform,Uniform,ok,closed_form,numpy,1.6059998415585142e-06,,212.65041788037558,3189756.268205634,1.0,3.357142857142857,950140.1649974228,76781250000.0,2.0255998281153943e+18,2.0255998281153943e+18,2.0255998281153943e+18,4.936809265680052e-19,0.10532073506634214,-13.256466474732292,-9.684463547443015,0.015625,0.0,64,False,29767500000.0,min_sensing,0.015625,0.046875,0.0,18.809657440706303,-29767500000.0,,,,,,,,215.37862271074363
125.0,12.177287669604308,9,water_filling,Water-filling (comm. only),ok,closed_form,numpy,0.00014142899999569636,,215.37862271074363,3230679.3406611546,1.0000000000003613,3.3571428571438897,962330.0163668564,77681464769.43777,2.0493487887306499e+18,2.0493487887306499e+18,2.0476900649783708e+18,4.87959885354309e-19,0.10470869997020413,-13.329650987334468,-6.86509589244266,0.01914616322256703,2.0260381822457016e-05,62,False,28867285230.562225,min_sensing,0.0,0.04335383677743297,-3.6126657221302594e-13,21.537862271074346,-28867285230.562225,0.019336073053878217,,,,,,,215.37862271074363
125.0,12.177287669604308,9,max_rate_isac,Max-rate ISAC,ok,optimal,CLARABEL,0.0056322430000363966,,210.5940023742883,3158910.0356143243,0.9999999994561315,3.3571428555889473,940951.9259376745,106548749949.3277,2.8109092986017853e+18,2.8109092986017853e+18,2.8094254746515067e+18,3.557567654343825e-19,0.08940612888734342,-7.843722641441654,-1.6145579838374369,0.03975538032983036,6.96458775134919e-05,64,True,50.67230224609375,,3.101293801024813e-11,0.022744619670169643,5.438685057868042e-10,16.753241934619012,-50.67230224609375,,False,,,,,,215.37862271074363
125.0,12.177287669604308,9,dinkelbach_ee_isac,Dinkelbach EE-ISAC,ok,optimal,CLARABEL,0.016790935000244644,,177.72763157396878,2665914.4736095318,0.7670935262450985,2.6916957892717104,990421.9058613774,106548749939.14163,2.8109092983330616e+18,2.8109092983330616e+18,2.8109086391248154e+18,3.5575676546839297e-19,0.08940612889161705,-4.538784058843676,3.3694598436228933,0.062499998869240986,0.00017892453300468781,64,False,60.858367919921875,min_rate,3.21244222841741e-13,1.1307590142006774e-09,0.23290647375490148,-16.113128865700503,-60.858367919921875,,False,5.0,True,990421.9057594221,0.00027443235740065575,False,215.37862271074363
125.0,12.177287669604308,10,uniform,Uniform,ok,closed_form,numpy,1.5549999261565972e-06,,232.51665216148214,3487749.782422232,1.0,3.357142857142857,1038904.1905087499,76781250000.0,2.0255998281153943e+18,2.0255998281153943e+18,2.0255998281153943e+18,4.936809265680052e-19,0.10532073506634214,-13.256466474732292,-9.684463547443015,0.015625,0.0,64,False,29767500000.0,min_sensing,0.015625,0.046875,0.0,20.748638495899854,-29767500000.0,,,,,,,,235.2977929617581
125.0,12.177287669604308,10,water_filling,Water-filling (comm. only),ok,closed_form,numpy,0.0001412980000168318,,235.2977929617581,3529466.8944263714,0.9999999999994449,3.3571428571412714,1051330.5642977136,74761305830.39737,1.9723107951451077e+18,1.9723107951451077e+18,1.9622159986277588e+18,5.070194831674222e-19,0.10673406042791418,-13.194952511966525,-8.096620264682452,0.018035361514468797,1.4724603010943353e-05,62,False,31787444169.60263,min_sensing,0.0,0.0444646384855312,5.551115123125783e-13,23.529779296175803,-31787444169.60263,0.018252842468755658,,,,,,,235.2977929617581
125.0,12.177287669604308,10,max_rate_isac,Max-rate ISAC,ok,optimal,CLARABEL,0.005027598000197031,,228.5245078980094,3427867.618470141,0.9999999976849933,3.3571428505285525,1021066.9521943202,106548749756.20192,2.8109092935068493e+18,2.8109092935068493e+18,2.7848933390738616e+18,3.557567660792123e-19,0.08940612896837032,-7.684838835624445,-1.1921685492636218,0.04580766053926933,8.534150465619801e-05,64,True,243.79808044433594,,2.0688321390097807e-10,0.01669233946073067,2.315006741859804e-09,16.756494232427116,-243.79808044433594,,False,,,,,,235.2977929617581
125.0,12.177287669604308,10,dinkelbach_ee_isac,Dinkelbach EE-ISAC,ok,optimal,CLARABEL,0.01523186800068288,,196.54887558222518,2948233.133733378,0.7930438268925044,2.7658395054071554,1065945.1237028204,106548749983.5411,2.810909299504384e+18,2.810909299504384e+18,2.7738878839352177e+18,3.55756765320147e-19,0.08940612887298902,-4.864420092687675,3.375826534793646,0.06249999991186465,0.00019775174059147936,64,False,16.458892822265625,min_rate,2.731285080830301e-12,8.813535318230592e-11,0.2069561731074956,-15.219138083357109,-16.458892822265625,,False,5.0,True,1065945.1237441883,-0.0001144171692430973,False,235.2977929617581
125.0,12.177287669604308,11,uniform,Uniform,ok,closed_form,numpy,1.4029997146280948e-06,,219.05680340657142,3285852.051098571,1.0,3.357142857142857,978764.4407527659,76781250000.0,2.0255998281153943e+18,2.0255998281153943e+18,2.0255998281153943e+18,4.936809265680052e-19,0.10532073506634214,-13.256466474732292,-9.684463547443015,0.015625,0.0,64,False,29767500000.0,min_sensing,0.015625,0.046875,0.0,19.885379308250208,-29767500000.0,,,,,,,,221.301582331468
125.0,12.177287669604308,11,water_filling,Water-filling (comm. only),ok,closed_form,numpy,0.00015692600027250592,,221.301582331468,3319523.73497202,0.9999999999999702,3.3571428571427724,988794.3040342437,80293967956.12549,2.118270380993156e+18,2.118270380993156e+18,2.1162716350595863e+18,4.720832661273145e-19,0.10299117440670767,-11.555335770885582,-7.098511451399031,0.018182616832678532,1.2477193283042943e-05,62,False,26254782043.87451,min_sensing,0.0,0.044317383167321464,2.9753977059954195e-14,22.1301582331468,-26254782043.87451,0.01841124730085992,,,,,,,221.301582331468
125.0,12.177287669604308,11,max_rate_isac,Max-rate ISAC,ok,optimal,CLARABEL,0.004925860000184912,,216.78689770292874,3251803.465543931,0.9999999972704687,3.3571428493441964,968622.3111355411,106548749729.80646,2.8109092928104996e+18,2.8109092928104996e+18,2.808693878791348e+18,3.557567661673443e-19,0.08940612897944465,-7.330827186602171,-2.1538978181160506,0.03698902494614795,5.481145510001941e-05,63,True,270.19354248046875,,0.0,0.025510975053852053,2.729531267675611e-09,17.61547360460753,-270.19354248046875,,False,,,,,,221.301582331468
125.0,12.177287669604308,11,dinkelbach_ee_isac,Dinkelbach EE-ISAC,ok,optimal,CLARABEL,0.01615618899995752,,185.54990883732543,2783248.6325598815,0.7864481280714574,2.7469946516327353,1013197.6889381994,106548749933.45036,2.810909298182918e+18,2.810909298182918e+18,2.8085239782786104e+18,3.5575676548739554e-19,0.08940612889400484,-4.538185666161608,2.590000543820496,0.06249999478176556,0.00015158531386538792,62,False,66.54963684082031,min_rate,0.0,5.218234441772829e-09,0.21355187192854264,-13.621515260995778,-66.54963684082031,,False,5.0,True,1013197.688903853,9.434949606657028e-05,False,221.301582331468
125.0,12.177287669604308,12,uniform,Uniform,ok,closed_form,numpy,1.494000116508687e-06,,226.67578000573099,3400136.700085965,1.0,3.357142857142857,1012806.6766213513,76781250000.0,2.0255998281153943e+18,2.0255998281153943e+18,2.0255998281153943e+18,4.936809265680052e-19,0.10532073506634214,-13.256466474732292,-9.684463547443015,0.015625,0.0,64,False,29767500000.0,min_sensing,0.015625,0.046875,0.0,20.50934036268447,-29767500000.0,,,,,,,,229.07382182560724
125.0,12.177287669604308,12,water_filling,Water-filling (comm. only),ok,closed_form,numpy,0.0002019170001403836,,229.07382182560724,3436107.3273841087,1.0000000000004148,3.3571428571440425,1023521.3315608625,74627019430.95927,1.968768126751196e+18,1.968768126751196e+18,1.9684622491432005e+18,5.079318312868926e-19,0.10683004771766816,-14.764564390392254,-7.735881958847374,0.01845924151902978,1.8058546093215606e-05,63,False,31921730569.040726,min_sensing,0.0,0.04404075848097022,-4.147793219999585e-13,22.907382182560724,-31921730569.040726,0.018619311631142846,,,,,,,229.07382182560724
125.0,12.177287669604308,12,max_rate_isac,Max-rate ISAC,ok,optimal,CLARABEL,0.004853903999901377,,222.82349362409724,3342352.4043614585,0.9999999985679987,3.357142853051425,995594.3344274067,106548749859.25491,2.810909296225535e+18,2.810909296225535e+18,2.809637952199575e+18,3.5575676573512757e-19,0.08940612892513393,-8.2424304089988,-1.3104328265493517,0.041697718566951585,7.903814915941064e-05,64,True,140.74508666992188,,1.4230423494079926e-10,0.020802281433048415,1.4320012953206174e-09,16.657053981050723,-140.74508666992188,,False,,,,,,229.07382182560724
125.0,12.177287669604308,12,dinkelbach_ee_isac,Dinkelbach EE-ISAC,ok,optimal,CLARABEL,0.014544567000029929,,190.31633237403435,2854744.9856105153,0.7836179584493996,2.7389084527125704,1042292.9553498665,106548749936.65448,2.810909298267447e+18,2.810909298267447e+18,2.810169922106844e+18,3.5575676547669734e-19,0.08940612889266054,-5.028229308428661,3.3746495055635153,0.06249999948732504,0.00018677161370639838,64,False,63.34552001953125,min_rate,3.330994404255799e-11,5.126749580419698e-10,0.21638204155060037,-15.85010726901217,-63.34552001953125,,False,5.0,True,1042292.9553470734,7.650349289178848e-06,False,229.07382182560724
125.0,12.177287669604308,13,uniform,Uniform,ok,closed_form,numpy,1.4900001588102896e-06,,246.82198837855285,3702329.8256782927,1.0,3.357142857142857,1102821.6502020445,76781250000.0,2.0255998281153943e+18,2.0255998281153943e+18,2.0255998281153943e+18,4.936809265680052e-19,0.10532073506634214,-13.256466474732292,-9.684463547443015,0.015625,0.0,64,False,29767500000.0,min_sensing,0.015625,0.046875,0.0,22.411514723049237,-29767500000.0,,,,,,,,249.34497072833733
125.0,12.177287669604308,13,water_filling,Water-filling (comm. only),ok,closed_form,numpy,0.00017520699975648313,,249.34497072833733,3740174.56092506,0.9999999999994311,3.357142857141232,1114094.5500633232,74981148848.4216,1.978110570214181e+18,1.978110570214181e+18,1.9741724389685757e+18,5.0553291360842605e-19,0.1065774746519504,-14.592989936675904,-8.363626627746019,0.017672966570484193,1.26160679061578e-05,62,False,31567601151.5784,min_sensing,0.0,0.04482703342951581,5.688782778179302e-13,24.93449707283372,-31567601151.5784,0.017838552965140517,,,,,,,249.34497072833733
125.0,12.177287669604308,13,max_rate_isac,Max-rate ISAC,ok,optimal,CLARABEL,0.004956672000389517,,242.7037138687518,3640555.708031277,0.9999999984080314,3.3571428525943756,1084420.8506700518,106548749840.90744,2.810909295741503e+18,2.810909295741503e+18,2.8036957045857203e+18,3.557567657963881e-19,0.08940612893283169,-8.285583413325451,-1.4241703394116034,0.04268970293129204,7.62796359799017e-05,64,True,159.09255981445312,,4.154657017685441e-11,0.01981029706870796,1.5919685569798503e-09,18.293240213248197,-159.09255981445312,,False,,,,,,249.34497072833733
125.0,12.177287669604308,13,dinkelbach_ee_isac,Dinkelbach EE-ISAC,ok,optimal,CLARABEL,0.014230366999527178,,207.27694287928733,3109154.14318931,0.7797207826173753,2.7277736646210724,1139813.8282199514,106548749989.5116,2.8109092996618936e+18,2.8109092996618936e+18,2.803883584792728e+18,3.5575676530021215e-19,0.08940612887048408,-5.008262423336164,3.377742587432799,0.062499999933214145,0.00018599227795337378,63,False,17.133530776216276,min_rate,0.0,6.678585462438491e-11,0.22027921738262468,-17.133530776216276,-10.4884033203125,,False,5.0,True,1139813.82837459,-0.0004218192771077156,False,249.34497072833733
125.0,12.177287669604308,14,uniform,Uniform,ok,closed_form,numpy,1.5539999367319979e-06,,220.05841815329453,3300876.2722994178,1.0,3.357142857142857,983239.7406849329,76781250000.0,2.0255998281153943e+18,2.0255998281153943e+18,2.0255998281153943e+18,4.936809265680052e-19,0.10532073506634214,-13.256466474732292,-9.684463547443015,0.015625,0.0,64,False,29767500000.0,min_sensing,0.015625,0.046875,0.0,19.507811401259517,-29767500000.0,,,,,,,,222.8340075022611
125.0,12.177287669604308,14,water_filling,Water-filling (comm. only),ok,closed_form,numpy,0.00013589800028057653,,222.8340075022611,3342510.1125339167,0.9999999999990078,3.3571428571400226,995641.3101173264,79534084069.25612,2.0982235509320381e+18,2.0982235509320381e+18,2.096668435715294e+18,4.765936401561199e-19,0.10348200353725087,-12.710074879666816,-6.826055822176111,0.01849871180844547,1.7430032419352407e-05,62,False,27014665930.74388,min_sensing,0.0,0.04400128819155453,9.922063171075024e-13,22.283400750226093,-27014665930.74388,0.01870507936097935,,,,,,,222.8340075022611
125.0,12.177287669604308,14,max_rate_isac,Max-rate ISAC,ok,optimal,CLARABEL,0.00492560400016373,,218.26506018603123,3273975.9027904687,0.9999999980624351,3.3571428516069575,975226.8662691314,106548749812.81955,2.810909295000504e+18,2.810909295000504e+18,2.8097757606605865e+18,3.5575676589017105e-19,0.08940612894461611,-7.7487180322821665,-1.8513048837911281,0.03674601713649781,6.314759551736125e-05,63,True,187.18045043945312,,0.0,0.025753982863502188,1.9375648863118045e-09,17.714453433996226,-187.18045043945312,,False,,,,,,222.8340075022611
125.0,12.177287669604308,14,dinkelbach_ee_isac,Dinkelbach EE-ISAC,ok,optimal,CLARABEL,0.014576325999314577,,186.32217865704757,2794832.6798557136,0.7811874853666638,2.731964243904754,1023012.173783469,106548749935.91331,2.810909298247895e+18,2.810909298247895e+18,2.810448292337318e+18,3.5575676547917187e-19,0.08940612889297149,-4.7203447416912345,2.957783343744378,0.062499998222904654,0.0001654834270475822,62,False,64.08668518066406,min_rate,0.0,1.7770953458784433e-09,0.21881251463333617,-14.228428094987436,-64.08668518066406,,False,5.0,True,1023012.1738137504,-8.272752165794373e-05,False,222.8340075022611
125.0,12.177287669604308,15,uniform,Uniform,ok,closed_form,numpy,1.3200001376389991e-06,,236.387806330815,3545817.0949622253,1.0,3.357142857142857,1056200.8367972586,76781250000.0,2.0255998281153943e+18,2.0255998281153943e+18,2.0255998281153943e+18,4.936809265680052e-19,0.10532073506634214,-13.256466474732292,-9.684463547443015,0.015625,0.0,64,False,29767500000.0,min_sensing,0.015625,0.046875,0.0,21.58900365970527,-29767500000.0,,,,,,,,238.66533630123305
125.0,12.177287669604308,15,water_filling,Water-filling (comm. only),ok,closed_form,numpy,0.0001374989997202647,,238.66533630123305,3579980.044518496,0.9999999999991787,3.3571428571405106,1066377.0345381696,80282880950.65388,2.1179778898396833e+18,2.1179778898396833e+18,2.1175468892564278e+18,4.721484604712721e-19,0.10299828566305988,-12.527177557094571,-6.817974905802922,0.018071678415900298,1.579326874296002e-05,61,False,26265869049.346115,min_sensing,0.0,0.044428321584099706,8.213429936176908e-13,23.866533630123314,-26265869049.346115,0.01827850350798102,,,,,,,238.66533630123305
125.0,12.177287669604308,15,max_rate_isac,Max-rate ISAC,ok,optimal,CLARABEL,0.00511197399964658,,234.15370649384457,3512305.5974076684,0.9999999978574432,3.3571428510212664,1046218.6904972484,106548749803.39581,2.810909294751892e+18,2.810909294751892e+18,2.8106301977550597e+18,3.5575676592163607e-19,0.08940612894856988,-7.6910505997654,-1.9271939467325128,0.03608949243775134,6.0715828196613764e-05,64,True,196.60418701171875,,1.0680286039145417e-10,0.026410507562248657,2.1425567986455007e-09,19.354903822734826,-196.60418701171875,,False,,,,,,238.66533630123305
125.0,12.177287669604308,15,dinkelbach_ee_isac,Dinkelbach EE-ISAC,ok,optimal,CLARABEL,0.016293429999677755,,198.1701258983382,2972551.888475073,0.7644443751519204,2.684126786148344,1107455.841436094,106548749957.96762,2.8109092988297185e+18,2.8109092988297185e+18,2.8106610520326185e+18,3.557567654055346e-19,0.0894061288837185,-4.322584438564996,3.20138618854977,0.06249999935672799,0.00016996133226892824,63,False,42.032379150390625,min_rate,0.0,6.43272012046392e-10,0.23555562484807957,-16.62867677277154,-42.032379150390625,,False,5.0,True,1107455.8413810218,0.00014782045036554337,False,238.66533630123305
125.0,12.177287669604308,16,uniform,Uniform,ok,closed_form,numpy,1.4859997463645414e-06,,220.35711350760184,3305356.7026140275,1.0,3.357142857142857,984574.3369488593,76781250000.0,2.0255998281153943e+18,2.0255998281153943e+18,2.0255998281153943e+18,4.936809265680052e-19,0.10532073506634214,-13.256466474732292,-9.684463547443015,0.015625,0.0,64,False,29767500000.0,min_sensing,0.015625,0.046875,0.0,17.142438530074884,-29767500000.0,,,,,,,,225.79408330836327
125.0,12.177287669604308,16,water_filling,Water-filling (comm. only),ok,closed_form,numpy,0.0001332169999841426,,225.79408330836327,3386911.249625449,0.9999999999991354,3.3571428571403867,1008867.1807402378,82441534759.54109,2.1749262826340513e+18,2.1749262826340513e+18,2.174339252028277e+18,4.597856984784335e-19,0.10164088468925989,-12.004807339720758,-4.729674239740847,0.019732448854804047,3.917023492792231e-05,58,False,24107215240.458908,min_sensing,0.0,0.04276755114519595,8.646416915780719e-13,22.579408330836316,-24107215240.458908,0.01984890824743203,,,,,,,225.79408330836327
125.0,12.177287669604308,16,max_rate_isac,Max-rate ISAC,ok,optimal,CLARABEL,0.005258123999738018,,222.33767536279328,3335065.130441899,0.9999999984050807,3.357142852585945,993423.6572247618,106548749857.7948,2.8109092961870157e+18,2.8109092961870157e+18,2.809821985854374e+18,3.557567657400027e-19,0.08940612892574651,-7.71820270380442,-1.383448638997752,0.03605124394871748,7.660328416719914e-05,64,True,142.2052001953125,,2.1086084639765123e-12,0.026448756051282517,1.594919307734699e-09,19.123000385266323,-142.2052001953125,,False,,,,,,225.79408330836327
125.0,12.177287669604308,16,dinkelbach_ee_isac,Dinkelbach EE-ISAC,ok,optimal,CLARABEL,0.01528707099987514,,187.85984930543924,2817897.7395815887,0.7565351103485085,2.6615288867100246,1058751.514459366,106548749935.97421,2.810909298249501e+18,2.810909298249501e+18,2.809325704548482e+18,3.557567654789686e-19,0.08940612889294594,-4.237874292570293,3.4359602561731166,0.062499999161504706,0.00017805041132198487,64,False,64.02578735351562,min_rate,6.729904355777693e-12,8.384952940310164e-10,0.2434648896514915,-15.354825672087713,-64.02578735351562,,False,5.0,True,1058751.5144845324,-6.698118522763252e-05,False,225.79408330836327
125.0,12.177287669604308,17,uniform,Uniform,ok,closed_form,numpy,1.5750001693959348e-06,,213.4664270309275,3201996.4054639125,1.0,3.357142857142857,953786.163329676,76781250000.0,2.0255998281153943e+18,2.0255998281153943e+18,2.0255998281153943e+18,4.936809265680052e-19,0.10532073506634214,-13.256466474732292,-9.684463547443015,0.015625,0.0,64,False,29767500000.0,min_sensing,0.015625,0.046875,0.0,17.420022731739238,-29767500000.0,,,,,,,,217.82933811020916
125.0,12.177287669604308,17,water_filling,Water-filling (comm. only),ok,closed_form,numpy,0.00014275800003815675,,217.82933811020916,3267440.0716531374,0.999999999999932,3.357142857142663,973280.021343544,81329136030.82092,2.1455796039372163e+18,2.1455796039372163e+18,2.144437181362712e+18,4.660745274446885e-19,0.10233363269451408,-12.05040557488135,-5.427156890658336,0.0195921958424182,3.05418413879825e-05,60,False,25219613969.179077,min_sensing,0.0,0.0429078041575818,6.794564910705958e-14,21.78293381102091,-25219613969.179077,0.019768142083488753,,,,,,,217.82933811020916
125.0,12.177287669604308,17,max_rate_isac,Max-rate ISAC,ok,optimal,CLARABEL,0.005466644000080123,,214.18453433111233,3212768.014966685,0.9999999985678777,3.357142853051079,956994.7290288282,106548749869.59277,2.810909296498263e+18,2.810909296498263e+18,2.809486163859915e+18,3.5575676570061033e-19,0.08940612892079662,-7.5138690392929846,-1.5467134112040184,0.03692097603762004,7.168298182729649e-05,64,True,130.4072265625,,3.303326287915683e-11,0.02557902396237996,1.4321223096303015e-09,18.138130031924078,-130.4072265625,,False,,,,,,217.82933811020916
125.0,12.177287669604308,17,dinkelbach_ee_isac,Dinkelbach EE-ISAC,ok,optimal,CLARABEL,0.01531776600086232,,180.87018216535165,2713052.732480275,0.7595144040480089,2.6700411544228824,1016108.956967253,106548749947.7872,2.810909298561145e+18,2.810909298561145e+18,2.8103387212061804e+18,3.5575676543952607e-19,0.08940612888798974,-4.223901130141147,3.4177612756072735,0.06249999925474046,0.0001785614129247875,61,False,52.212799072265625,min_rate,0.0,7.45259541579113e-10,0.24048559595199115,-15.176222133836603,-52.212799072265625,,False,5.0,True,1016108.9570538017,-0.00023108860477805138,False,217.82933811020916
125.0,12.177287669604308,18,uniform,Uniform,ok,closed_form,numpy,1.297999915550463e-06,,216.53117969757812,3247967.695463672,1.0,3.357142857142857,967479.7390742853,76781250000.0,2.0255998281153943e+18,2.0255998281153943e+18,2.0255998281153943e+18,4.936809265680052e-19,0.10532073506634214,-13.256466474732292,-9.684463547443015,0.015625,0.0,64,False,29767500000.0,min_sensing,0.015625,0.046875,0.0,18.896628219632476,-29767500000.0,,,,,,,,219.59394608660628
125.0,12.177287669604308,18,water_filling,Water-filling (comm. only),ok,closed_form,numpy,0.00013954999985799077,,219.59394608660628,3293909.1912990944,0.999999999999713,3.3571428571420374,981164.439961672,77549761286.04672,2.0458742613776945e+18,2.0458742613776945e+18,2.0452497981342956e+18,4.88788592181906e-19,0.10479757613262894,-13.695007604229858,-6.450301258672355,0.01902527354967454,2.5146672686810178e-05,60,False,28998988713.953278,min_sensing,0.0,0.04347472645032546,2.8699265186560297e-13,21.95939460866063,-28998988713.953278,0.019254794660187285,,,,,,,219.59394608660628
125.0,12.177287669604308,18,max_rate_isac,Max-rate ISAC,ok,optimal,CLARABEL,0.00524851199998011,,214.56239867678318,3218435.980151748,0.99999999745896,3.357142849882743,958683.0599907776,106548749753.30356,2.810909293430386e+18,2.810909293430386e+18,2.810012767751835e+18,3.5575676608888965e-19,0.08940612896958634,-8.074207139564134,-1.2828544171804779,0.03990380595843497,7.988031121983452e-05,64,True,246.69644165039062,,1.365528324768254e-10,0.02259619404156503,2.5410400450454063e-09,16.927847198837526,-246.69644165039062,,False,,,,,,219.59394608660628
125.0,12.177287669604308,18,dinkelbach_ee_isac,Dinkelbach EE-ISAC,ok,optimal,CLARABEL,0.014221193000139465,,182.44408702744,2736661.3054116,0.774991305176596,2.7142608719331314,1008252.8668154564,106548749935.00928,2.8109092982240445e+18,2.8109092982240445e+18,2.809070493041968e+18,3.5575676548219047e-19,0.08940612889335078,-4.81636394025003,3.385309360478887,0.06249999929250033,0.000183424776044981,64,False,64.99072265625,min_rate,9.071016657128764e-13,7.074996699607539e-10,0.22500869482340402,-15.190464450505658,-64.99072265625,,False,5.0,True,1008252.8668136518,4.898291081190109e-06,False,219.59394608660628
125.0,12.177287669604308,19,uniform,Uniform,ok,closed_form,numpy,1.6250000953732524e-06,,210.60265973996349,3159039.8960994524,1.0,3.357142857142857,940990.607348773,76781250000.0,2.0255998281153943e+18,2.0255998281153943e+18,2.0255998281153943e+18,4.936809265680052e-19,0.10532073506634214,-13.256466474732292,-9.684463547443015,0.015625,0.0,64,False,29767500000.0,min_sensing,0.015625,0.046875,0.0,17.055306035735924,-29767500000.0,,,,,,,,215.0526152269195
125.0,12.177287669604308,19,water_filling,Water-filling (comm. only),ok,closed_form,numpy,0.0001268470000468369,,215.0526152269195,3225789.2284037927,0.9999999999995717,3.3571428571416337,960873.3871844587,70836101832.9267,1.8687582671178301e+18,1.8687582671178301e+18,1.868392019158137e+18,5.3511468957528225e-19,0.10965139060608504,-14.021111637410339,-6.947084767465276,0.019460755624537394,3.2239224315509026e-05,60,False,35712648167.0733,min_sensing,0.0,0.04303924437546261,4.283240429003854e-13,21.50526152269194,-35712648167.0733,0.019807903950271148,,,,,,,215.0526152269195
125.0,12.177287669604308,19,max_rate_isac,Max-rate ISAC,ok,optimal,CLARABEL,0.004779088999839587,,207.6462099579402,3114693.149369103,0.99999999722305,3.3571428492087145,927780.9403026274,106548749710.164,2.810909292292303e+18,2.810909292292303e+18,2.809525279366258e+18,3.5575676623292875e-19,0.08940612898768575,-7.674131321998426,-1.1424532413325823,0.04283466834315883,8.43201453867174e-05,64,True,289.83599853515625,,1.0809620827444864e-10,0.019665331656841173,2.7769500032803762e-09,14.098856253712626,-289.83599853515625,,False,,,,,,215.0526152269195
125.0,12.177287669604308,19,dinkelbach_ee_isac,Dinkelbach EE-ISAC,ok,optimal,CLARABEL,0.01475363500048843,,177.53216368371216,2662982.455255682,0.7897599133382005,2.7564568952520014,966088.9164792205,106548749964.68108,2.810909299006829e+18,2.810909299006829e+18,2.810019198316363e+18,3.55756765383119e-19,0.08940612888090184,-4.864748666871994,2.9960896800651717,0.0596032287324496,0.00017105533963630783,63,False,35.31892395019531,min_rate,0.0,0.002896771267550398,0.2102400866617995,-16.015190020515405,-35.31892395019531,,False,5.0,True,966088.9164437407,9.77981835603714e-05,False,215.0526152269195
130.0,7.177287669604309,0,uniform,Uniform,ok,closed_form,numpy,1.36500011649332e-06,,140.03480681068118,2100522.1021602177,1.0,3.357142857142857,625687.4346860222,76781250000.0,2.0255998281153943e+18,2.0255998281153943e+18,2.0255998281153943e+18,4.936809265680052e-19,0.10532073506634214,-13.256466474732292,-9.684463547443015,0.015625,0.0,64,False,29767500000.0,min_sensing,0.015625,0.046875,0.0,9.907192254094412,-29767500000.0,,,,,,,,144.5862383962075
130.0,7.177287669604309,0,water_filling,Water-filling (comm. only),ok,closed_form,numpy,0.00014110499978414737,,144.5862383962075,2168793.5759431124,1.0000000000009743,3.357142857145641,646023.6183654977,73546806899.12308,1.9402705662293834e+18,1.9402705662293834e+18,1.9401648815075136e+18,5.153920372782574e-19,0.10761171666964903,-13.376061114633288,-5.615470699826595,0.02171747864443311,4.328142795103784e-05,59,False,33001943100.876923,min_sensing,0.0,0.04078252135556689,-9.743317264110374e-13,14.458623839620742,-33001943100.876923,0.022741994238221024,,,,,,,144.5862383962075
130.0,7.177287669604309,0,max_rate_isac,Max-rate ISAC,ok,optimal,CLARABEL,0.004930389000037394,,139.63315901381742,2094497.3852072612,0.9999999972038779,3.357142849153937,623892.839631508,106548749682.55289,2.810909291563882e+18,2.810909291563882e+18,2.805635219087535e+18,3.557567663251198e-19,0.08940612899927014,-7.502264535281712,-0.4607418433533782,0.04964253098470393,0.00010888231333573662,64,True,317.4471130371094,,4.6942722319758856e-11,0.012857469015296073,2.7961221116257207e-09,9.505544457230656,-317.4471130371094,,False,,,,,,144.5862383962075
130.0,7.177287669604309,0,dinkelbach_ee_isac,Dinkelbach EE-ISAC,ok,optimal,CLARABEL,0.01450097199949596,,125.03912905710587,1875586.935856588,0.8612085209010678,2.960595774003051,633516.7240074076,106548749953.73013,2.810909298717928e+18,2.810909298717928e+18,2.796760726442588e+18,3.5575676541968317e-19,0.08940612888549636,-5.682001794484711,2.2419647007073746,0.062499999235795925,0.00016993006298763209,63,False,46.269866943359375,min_rate,0.0,7.64204075021091e-10,0.1387914790989322,-5.088485499480896,-46.269866943359375,,False,4.0,True,633516.7236643736,0.001015584683045745,False,144.5862383962075
130.0,7.177287669604309,1,uniform,Uniform,ok,closed_form,numpy,1.4090001059230417e-06,,142.57265812764268,2138589.87191464,1.0,3.357142857142857,637026.7703575523,76781250000.0,2.0255998281153943e+18,2.0255998281153943e+18,2.0255998281153943e+18,4.936809265680052e-19,0.10532073506634214,-13.256466474732292,-9.684463547443015,0.015625,0.0,64,False,29767500000.0,min_sensing,0.015625,0.046875,0.0,8.069012344087582,-29767500000.0,,,,,,,,149.44849531506122
130.0,7.177287669604309,1,water_filling,Water-filling (comm. only),ok,closed_form,numpy,0.00013960300020698924,,149.44849531506122,2241727.4297259185,0.9999999999990081,3.3571428571400235,667748.596089135,73750059184.46434,1.9456326539037993e+18,1.9456326539037993e+18,1.9396276005579937e+18,5.139716369344223e-19,0.10746332751439575,-16.136215988889916,-5.206923642162192,0.022498455629350586,5.103125436747849e-05,58,False,32798690815.53566,min_sensing,0.0,0.040001544370649414,9.918732502001149e-13,14.944849531506122,-32798690815.53566,0.023019977295348267,,,,,,,149.44849531506122
130.0,7.177287669604309,1,max_rate_isac,Max-rate ISAC,ok,optimal,CLARABEL,0.005253584000001865,,144.8282134189589,2172423.2012843834,0.9999999963561117,3.357142846731748,647104.785368095,106548749598.07309,2.8109092893351834e+18,2.8109092893351834e+18,2.7916941418377216e+18,3.557567666071903e-19,0.08940612903471407,-8.5873989962172,0.00019031606122622602,0.04825826444647544,0.00012965351008517402,62,True,401.9269104003906,,0.0,0.014241735553524558,3.6438883022071877e-09,10.32456763540381,-401.9269104003906,,False,,,,,,149.44849531506122
130.0,7.177287669604309,1,dinkelbach_ee_isac,Dinkelbach EE-ISAC,ok,optimal,CLARABEL,0.012864476000231662,,126.67115502267,1900067.32534005,0.8270003049809107,2.8628580142311737,663695.9695153855,106548749940.07068,2.8109092983575716e+18,2.8109092983575716e+18,2.793055516013368e+18,3.557567654652909e-19,0.08940612889122726,-5.853038628481685,3.130522408560028,0.06249999920204645,0.00019894660617144862,61,False,59.9293212890625,min_rate,0.0,7.979535504576418e-10,0.1729996950190893,-7.8324907608850936,-59.9293212890625,,False,4.0,True,663695.9675562124,0.005608834093436599,False,149.44849531506122
130.0,7.177287669604309,2,uniform,Uniform,ok,closed_form,numpy,1.4500001270789653e-06,,130.33024404005602,1954953.6606008403,1.0,3.357142857142857,582326.6223066333,76781250000.0,2.0255998281153943e+18,2.0255998281153943e+18,2.0255998281153943e+18,4.936809265680052e-19,0.10532073506634214,-13.256466474732292,-9.684463547443015,0.015625,0.0,64,False,29767500000.0,min_sensing,0.015625,0.046875,0.0,7.363946061650282,-29767500000.0,,,,,,,,136.62921997600637
130.0,7.177287669604309,2,water_filling,Water-filling (comm. only),ok,closed_form,numpy,0.00014435399998546927,,136.62921997600637,2049438.2996400956,0.9999999999997757,3.3571428571422164,610470.9828716343,68945717417.46133,1.8188872068389384e+18,1.8188872068389384e+18,1.7854051590929408e+18,5.497867026828506e-19,0.11114446075230773,-17.662652425763362,-5.78526026618115,0.023412158519029034,5.688294964642008e-05,56,False,37603032582.538666,min_sensing,0.0,0.03908784148097097,2.2426505097428162e-13,13.662921997600634,-37603032582.538666,0.024014072317170225,,,,,,,136.62921997600637
130.0,7.177287669604309,2,max_rate_isac,Max-rate ISAC,ok,optimal,CLARABEL,0.0053018829999018635,,131.09883777612788,1966482.5666419182,0.9999999965808384,3.357142847373824,585760.766236155,106548749608.28708,2.810909289604643e+18,2.810909289604643e+18,2.7638469228980127e+18,3.5575676657308674e-19,0.08940612903042873,-8.678679215818308,-0.29026761220346625,0.0469527589664873,0.00012302217970678087,62,True,391.7129211425781,,0.0,0.015547241033512703,3.419161620499267e-09,8.132539797722146,-391.7129211425781,,False,,,,,,136.62921997600637
130.0,7.177287669604309,2,dinkelbach_ee_isac,Dinkelbach EE-ISAC,ok,optimal,CLARABEL,0.012686029999258608,,118.34984539377163,1775247.6809065745,0.8722604374187956,2.992172678339416,593297.2029848874,106548749943.16812,2.810909298439287e+18,2.810909298439287e+18,2.763233496602106e+18,3.5575676545494877e-19,0.0894061288899277,-6.742494404936679,2.0891237181773774,0.057343399226224175,0.00017398443250820432,62,False,56.831878662109375,min_rate,0.0,0.005156600773775825,0.12773956258120445,-4.616452584634104,-56.831878662109375,,False,4.0,True,593297.2027666075,0.0006531309336423874,False,136.62921997600637
130.0,7.177287669604309,3,uniform,Uniform,ok,closed_form,numpy,1.9710000742634293e-06,,147.5421513719142,2213132.270578713,1.0,3.357142857142857,659230.8891085528,76781250000.0,2.0255998281153943e+18,2.0255998281153943e+18,2.0255998281153943e+18,4.936809265680052e-19,0.10532073506634214,-13.256466474732292,-9.684463547443015,0.015625,0.0,64,False,29767500000.0,min_sensing,0.015625,0.046875,0.0,9.55468005250927,-29767500000.0,,,,,,,,153.3194125771166
130.0,7.177287669604309,3,water_filling,Water-filling (comm. only),ok,closed_form,numpy,0.00014575999966837117,,153.3194125771166,2299791.1886567487,0.9999999999998811,3.3571428571425175,685044.1838552711,77654595717.6015,2.048639944490928e+18,2.048639944490928e+18,2.0486253687868728e+18,4.881287230043211e-19,0.10472681338729867,-13.665664000775312,-5.050025067750976,0.02163492302271556,4.440265875082115e-05,59,False,28894154282.3985,min_sensing,0.0,0.04086507697728444,1.1890488593735427e-13,15.331941257711662,-28894154282.3985,0.02236821113572538,,,,,,,153.3194125771166
130.0,7.177287669604309,3,max_rate_isac,Max-rate ISAC,ok,optimal,CLARABEL,0.004881600999851798,,149.5859705061725,2243789.557592587,0.9999999965584299,3.3571428473097997,668362.8489001048,106548749622.30136,2.81090928997436e+18,2.81090928997436e+18,2.810795325871912e+18,3.5575676652629425e-19,0.08940612902454896,-8.25510994927656,-0.7354534126932994,0.041023338370069606,9.834315523978555e-05,60,True,377.6986389160156,,0.0,0.021476661629930394,3.4415701399836962e-09,11.598499186767555,-377.6986389160156,,False,,,,,,153.3194125771166
130.0,7.177287669604309,3,dinkelbach_ee_isac,Dinkelbach EE-ISAC,ok,optimal,CLARABEL,0.012501751000399963,,130.468730931721,1957030.963975815,0.8221838646362264,2.849096756103504,686895.2273324335,106548749955.6579,2.810909298768785e+18,2.810909298768785e+18,2.810688414081267e+18,3.5575676541324656e-19,0.08940612888468755,-5.462679522133388,2.503237900943225,0.057902756454161465,0.0001619965160358236,60,False,44.34210205078125,min_rate,0.0,0.004597243545838535,0.1778161353637736,-7.51874038768392,-44.34210205078125,,False,4.0,True,686895.224412872,0.00831811293028295,False,153.3194125771166
130.0,7.177287669604309,4,uniform,Uniform,ok,closed_form,numpy,1.4229999578674324e-06,,128.87923812836252,1933188.5719254378,1.0,3.357142857142857,575843.4044033219,76781250000.0,2.0255998281153943e+18,2.0255998281153943e+18,2.0255998281153943e+18,4.936809265680052e-19,0.10532073506634214,-13.256466474732292,-9.684463547443015,0.015625,0.0,64,False,29767500000.0,min_sensing,0.015625,0.046875,0.0,7.031045599586477,-29767500000.0,,,,,,,,135.38688058752894
130.0,7.177287669604309,4,water_filling,Water-filling (comm. only),ok,closed_form,numpy,0.00015034099988042726,,135.38688058752894,2030803.208812934,0.9999999999992499,3.3571428571407145,604920.1047531749,81197088148.96841,2.1420959908574157e+18,2.1420959908574157e+18,2.1419301958229983e+18,4.668324875580065e-19,0.10241680963046902,-12.036500605684521,-3.8497547412493334,0.023515122359891304,5.823352638480272e-05,57,False,25351661851.031586,min_sensing,0.0,0.038984877640108696,7.500666754367558e-13,13.538688058752896,-25351661851.031586,0.02424712885073604,,,,,,,135.38688058752894
130.0,7.177287669604309,4,max_rate_isac,Max-rate ISAC,ok,optimal,CLARABEL,0.005000878000373632,,132.6977134809439,1990465.7022141584,0.9999999973455428,3.3571428495586937,592904.6785947196,106548749703.50536,2.810909292116638e+18,2.810909292116638e+18,2.8103919887680927e+18,3.557567662551614e-19,0.08940612899047942,-7.794831974782678,-0.5401799467781576,0.03812550909814517,0.0001056576124081308,62,True,296.49464416503906,,0.0,0.024374490901854833,2.654457209594341e-09,10.84952095216785,-296.49464416503906,,False,,,,,,135.38688058752894
130.0,7.177287669604309,4,dinkelbach_ee_isac,Dinkelbach EE-ISAC,ok,optimal,CLARABEL,0.012433301000328356,,115.68433575700266,1735265.0363550398,0.8224156160051599,2.8497589028718857,608916.4366172525,106548749980.77573,2.8109092994314296e+18,2.8109092994314296e+18,2.810199439714575e+18,3.5575676532938036e-19,0.08940612887414924,-5.135646827560959,2.5202820080342385,0.05455578044412201,0.0001638089752184953,62,False,19.224273681640625,min_rate,0.0,0.007944219555877992,0.1775843839948401,-6.163856771773382,-19.224273681640625,,False,4.0,True,608916.4339556957,0.007584795355796814,False,135.38688058752894
130.0,7.177287669604309,5,uniform,Uniform,ok,closed_form,numpy,1.5410000742122065e-06,,130.73667501712262,1961050.1252568392,1.0,3.357142857142857,584142.5905020372,76781250000.0,2.0255998281153943e+18,2.0255998281153943e+18,2.0255998281153943e+18,4.936809265680052e-19,0.10532073506634214,-13.256466474732292,-9.684463547443015,0.015625,0.0,64,False,29767500000.0,min_sensing,0.015625,0.046875,0.0,6.65347028950093,-29767500000.0,,,,,,,,137.8702274751352
130.0,7.177287669604309,5,water_filling,Water-filling (comm. only),ok,closed_form,numpy,0.00014165599986881716,,137.8702274751352,2068053.4121270282,0.9999999999993296,3.357142857140942,616015.9099956364,74801262058.01773,1.973364897908478e+18,1.973364897908478e+18,1.9710703238261366e+18,5.067486510274283e-19,0.10670554981218146,-14.036839979198524,-4.257230066074003,0.023111119483638864,6.376829811729797e-05,55,False,31747487941.98227,min_sensing,0.0,0.039388880516361136,6.703526622686695e-13,13.787022747513518,-31747487941.98227,0.02400636608648249,,,,,,,137.8702274751352
130.0,7.177287669604309,5,max_rate_isac,Max-rate ISAC,ok,optimal,CLARABEL,0.004816842000309407,,133.64878211401998,2004731.7317102996,0.9999999967090238,3.3571428477400684,597154.134522404,106548749618.04271,2.810909289862011e+18,2.810909289862011e+18,2.806213192065957e+18,3.557567665405135e-19,0.0894061290263357,-7.923918491423461,-0.45177130635071777,0.042434427581148376,0.00010924847004360996,61,True,381.95729064941406,,0.0,0.020065572418851624,3.290976158254466e-09,9.565577386398289,-381.95729064941406,,False,,,,,,137.8702274751352
130.0,7.177287669604309,5,dinkelbach_ee_isac,Dinkelbach EE-ISAC,ok,optimal,CLARABEL,0.011608493000039743,,120.00043188734713,1800006.478310207,0.8630970881519597,2.9659916804341706,606881.836582467,106548749974.78601,2.810909299273412e+18,2.810909299273412e+18,2.804817290579469e+18,3.557567653493795e-19,0.08940612887666226,-5.9811726157475285,1.903704935331084,0.056296281696718874,0.00015306785280989898,59,False,25.2139892578125,min_rate,0.0,0.006203718303281126,0.13690291184804027,-4.082772840274558,-25.2139892578125,,False,4.0,True,606881.836259907,0.0009567101951688528,False,137.8702274751352
130.0,7.177287669604309,6,uniform,Uniform,ok,closed_form,numpy,1.642000370338792e-06,,126.84920427138167,1902738.0640707249,1.0,3.357142857142857,566773.0403614925,76781250000.0,2.0255998281153943e+18,2.0255998281153943e+18,2.0255998281153943e+18,4.936809265680052e-19,0.10532073506634214,-13.256466474732292,-9.684463547443015,0.015625,0.0,64,False,29767500000.0,min_sensing,0.015625,0.046875,0.0,6.4739480859087735,-29767500000.0,,,,,,,,133.75028465052543
130.0,7.177287669604309,6,water_filling,Water-filling (comm. only),ok,closed_form,numpy,0.00015289800012396881,,133.75028465052543,2006254.2697578815,1.000000000000253,3.3571428571435797,597607.654821368,79412789273.35187,2.0950236197283267e+18,2.0950236197283267e+18,2.0899086062094733e+18,4.77321587491064e-19,0.10356100239478092,-12.067809393052844,-3.791426184020258,0.024071254372028627,6.230780730470097e-05,56,False,27135960726.648132,min_sensing,0.0,0.03842874562797137,-2.5290880500961066e-13,13.375028465052537,-27135960726.648132,0.024549436597790318,,,,,,,133.75028465052543
130.0,7.177287669604309,6,max_rate_isac,Max-rate ISAC,ok,optimal,CLARABEL,0.005496112999935576,,130.61375043328235,1959206.2564992353,0.9999999991128816,3.3571428546082336,583593.3534403818,106548749912.74081,2.81090929763657e+18,2.81090929763657e+18,2.8055770619631826e+18,3.5575676555654293e-19,0.08940612890269364,-7.222449853496478,-0.576267539095491,0.04172864638442559,0.00010447937808704458,64,True,87.25918579101562,,8.913335865475467e-12,0.02077135361557441,8.871183787562131e-10,10.238494247809456,-87.25918579101562,,False,,,,,,133.75028465052543
130.0,7.177287669604309,6,dinkelbach_ee_isac,Dinkelbach EE-ISAC,ok,optimal,CLARABEL,0.013161291999949754,,115.58615404287377,1733792.3106431067,0.842871439639976,2.9082041132570744,596172.8417684298,106548749988.8924,2.810909299645559e+18,2.810909299645559e+18,2.8059052466680366e+18,3.5575676530227954e-19,0.08940612887074385,-5.154110661665722,1.8821450945462685,0.057422685457904826,0.00014404158567159474,62,False,11.10760498046875,min_rate,0.0,0.005077314542095174,0.15712856036002398,-4.78910214259912,-11.10760498046875,,False,4.0,True,596172.8407659716,0.0029153532814234495,False,133.75028465052543
130.0,7.177287669604309,7,uniform,Uniform,ok,closed_form,numpy,1.461000010749558e-06,,142.72890442315563,2140933.5663473345,1.0,3.357142857142857,637724.8921034613,76781250000.0,2.0255998281153943e+18,2.0255998281153943e+18,2.0255998281153943e+18,4.936809265680052e-19,0.10532073506634214,-13.256466474732292,-9.684463547443015,0.015625,0.0,64,False,29767500000.0,min_sensing,0.015625,0.046875,0.0,7.527788909448731,-29767500000.0,,,,,,,,150.22346168189654
130.0,7.177287669604309,7,water_filling,Water-filling (comm. only),ok,closed_form,numpy,0.00014137900006971904,,150.22346168189654,2253351.925228448,0.9999999999997666,3.3571428571421906,671211.2117703093,79685306376.02847,2.102213012924455e+18,2.102213012924455e+18,2.0667554524221263e+18,4.756891874667203e-19,0.10338376573534451,-13.03095037843313,-4.26425094603826,0.022211926482201657,5.6187765934975e-05,55,False,26863443623.971527,min_sensing,0.0,0.04028807351779834,2.333688797762079e-13,15.022346168189642,-26863443623.971527,0.023052504866491744,,,,,,,150.22346168189654
130.0,7.177287669604309,7,max_rate_isac,Max-rate ISAC,ok,optimal,CLARABEL,0.004776545999902737,,147.03182819350775,2205477.422902616,0.999999996881912,3.3571428482340346,656950.7234590177,106548749652.58728,2.8109092907733463e+18,2.8109092907733463e+18,2.7674737179478354e+18,3.557567664251723e-19,0.08940612901184236,-7.733563777816866,-0.8501035111805955,0.040598667368615796,9.94456170318041e-05,60,True,347.4127197265625,,0.0,0.021901332631384204,3.118088010012343e-09,11.830712679800854,-347.4127197265625,,False,,,,,,150.22346168189654
130.0,7.177287669604309,7,dinkelbach_ee_isac,Dinkelbach EE-ISAC,ok,optimal,CLARABEL,0.013569788000495464,,127.97052591174534,1919557.88867618,0.8180412321638486,2.837260663325282,676553.237948342,106548749977.02046,2.81090929933236e+18,2.81090929933236e+18,2.770724169028247e+18,3.5575676534191883e-19,0.08940612887572479,-5.039618106981566,2.232826068449879,0.05801677735898429,0.0001537766033520081,59,False,22.979537963867188,min_rate,0.0,0.004483222641015708,0.1819587678361514,-7.2305896019615545,-22.979537963867188,,False,4.0,True,676553.2342144329,0.010594073450192809,False,150.22346168189654
130.0,7.177287669604309,8,uniform,Uniform,ok,closed_form,numpy,1.4590000319003593e-06,,134.53000509933582,2017950.0764900374,1.0,3.357142857142857,601091.5121459686,76781250000.0,2.0255998281153943e+18,2.0255998281153943e+18,2.0255998281153943e+18,4.936809265680052e-19,0.10532073506634214,-13.256466474732292,-9.684463547443015,0.015625,0.0,64,False,29767500000.0,min_sensing,0.015625,0.046875,0.0,7.8757601792523815,-29767500000.0,,,,,,,,140.7269388000927
130.0,7.177287669604309,8,water_filling,Water-filling (comm. only),ok,closed_form,numpy,0.00013447499986796174,,140.7269388000927,2110904.082001391,1.0000000000002247,3.3571428571434994,628779.939319443,76268837607.8715,2.0120816520838804e+18,2.0120816520838804e+18,2.0056711734339968e+18,4.969977232108429e-19,0.10567394162660827,-13.872625236551343,-4.630804723558467,0.023067006694749367,5.4106070384459844e-05,57,False,30279912392.128494,min_sensing,0.0,0.03943299330525063,-2.2470914018413168e-13,14.072693880009268,-30279912392.128494,0.023751663710097307,,,,,,,140.7269388000927
130.0,7.177287669604309,8,max_rate_isac,Max-rate ISAC,ok,optimal,CLARABEL,0.005386262999763858,,136.9277320798825,2053915.9811982375,0.9999999972862104,3.357142849389173,611804.7617699511,106548749691.30191,2.8109092917946936e+18,2.8109092917946936e+18,2.8007458804758845e+18,3.557567662959076e-19,0.08940612899559944,-7.775735310258192,-0.7413692967637151,0.041022371248747726,9.934448432395097e-05,61,True,308.6980895996094,,0.0,0.021477628751252274,2.713789637454056e-09,10.27348715979906,-308.6980895996094,,False,,,,,,140.7269388000927
130.0,7.177287669604309,8,dinkelbach_ee_isac,Dinkelbach EE-ISAC,ok,optimal,CLARABEL,0.012826085999677161,,120.3859975853576,1805789.963780364,0.8354323986501511,2.886949710429003,625501.0114159634,106548749962.0138,2.810909298936463e+18,2.810909298936463e+18,2.801444876440762e+18,3.5575676539202474e-19,0.0894061288820209,-5.3686129831437635,2.143107127274127,0.05691279248715609,0.00015287453174202476,61,False,37.9862060546875,min_rate,0.0,0.00558720751284391,0.16456760134984894,-6.268247334725842,-37.9862060546875,,False,4.0,True,625501.0099785217,0.00414982158690691,False,140.7269388000927
130.0,7.177287669604309,9,uniform,Uniform,ok,closed_form,numpy,1.5189998521236703e-06,,147.80937961195536,2217140.6941793305,1.0,3.357142857142857,660424.8876278857,76781250000.0,2.0255998281153943e+18,2.0255998281153943e+18,2.0255998281153943e+18,4.936809265680052e-19,0.10532073506634214,-13.256466474732292,-9.684463547443015,0.015625,0.0,64,False,29767500000.0,min_sensing,0.015625,0.046875,0.0,8.884950058531757,-29767500000.0,,,,,,,,154.36047728158178
130.0,7.177287669604309,9,water_filling,Water-filling (comm. only),ok,closed_form,numpy,0.0001420590001544042,,154.36047728158178,2315407.1592237265,0.9999999999999512,3.3571428571427178,689695.7495560322,79971158272.27402,2.1097541971576036e+18,2.1097541971576036e+18,2.0746979840190067e+18,4.739888662609437e-19,0.10319883093034726,-12.699996673522929,-4.835438765998897,0.022149477148922833,4.688985238827942e-05,57,False,26577591727.725983,min_sensing,0.0,0.04035052285107717,4.884981308350689e-14,15.436047728158172,-26577591727.725983,0.02261085717647157,,,,,,,154.36047728158178
130.0,7.177287669604309,9,max_rate_isac,Max-rate ISAC,ok,optimal,CLARABEL,0.0052392650000001595,,151.12355853041902,2266853.377956285,0.9999999971702002,3.357142849057715,675232.9227195522,106548749694.52037,2.810909291879601e+18,2.810909291879601e+18,2.7727144796521866e+18,3.5575676628516146e-19,0.08940612899424913,-7.692428009950584,-1.186240913117763,0.03986565419259292,8.941604260509213e-05,59,True,305.47962951660156,,0.0,0.02263434580740708,2.829799838899305e-09,12.19912897699541,-305.47962951660156,,False,,,,,,154.36047728158178
130.0,7.177287669604309,9,dinkelbach_ee_isac,Dinkelbach EE-ISAC,ok,optimal,CLARABEL,0.0129339989998698,,130.60609403268052,1959091.4104902078,0.8085946699016633,2.810270485433324,697118.4519941787,106548749940.6695,2.8109092983733693e+18,2.8109092983733693e+18,2.773731820826216e+18,3.5575676546329147e-19,0.089406128890976,-4.9198313157873805,2.3461441790501376,0.058099471954743166,0.00015720130245287672,59,False,59.33050537109375,min_rate,0.0,0.004400528045256834,0.1914053300983367,-8.31833552074309,-59.33050537109375,,False,4.0,True,697118.4464788393,0.015499595552682877,False,154.36047728158178
130.0,7.177287669604309,10,uniform,Uniform,ok,closed_form,numpy,1.4419997569348197e-06,,137.60590722532282,2064088.6083798422,1.0,3.357142857142857,614834.9046237827,76781250000.0,2.0255998281153943e+18,2.0255998281153943e+18,2.0255998281153943e+18,4.936809265680052e-19,0.10532073506634214,-13.256466474732292,-9.684463547443015,0.015625,0.0,64,False,29767500000.0,min_sensing,0.015625,0.046875,0.0,8.293562178081999,-29767500000.0,,,,,,,,143.68038338582312
130.0,7.177287669604309,10,water_filling,Water-filling (comm. only),ok,closed_form,numpy,0.0001443310002287035,,143.68038338582312,2155205.7507873466,1.000000000000529,3.3571428571443684,641976.1810853037,69117317097.73476,1.823414253258038e+18,1.823414253258038e+18,1.816090571982065e+18,5.484217303957239e-19,0.11100640413113151,-14.658934702544514,-6.6136777328873535,0.02218427332397984,4.091405644323204e-05,58,False,37431432902.26524,min_sensing,0.0,0.04031572667602016,-5.289102489314246e-13,14.368038338582295,-37431432902.26524,0.022769392962723095,,,,,,,143.68038338582312
130.0,7.177287669604309,10,max_rate_isac,Max-rate ISAC,ok,optimal,CLARABEL,0.0050182919999315345,,137.44455939190206,2061668.390878531,0.9999999973310488,3.3571428495172824,614113.9901672562,106548749685.63934,2.810909291645307e+18,2.810909291645307e+18,2.80786230543083e+18,3.5575676631481443e-19,0.0894061289979752,-7.703504149602312,-0.83430833973536,0.04563222667777237,9.562101380354447e-05,60,True,314.36065673828125,,0.0,0.01686777332222763,2.6689511711808223e-09,8.132214344661236,-314.36065673828125,,False,,,,,,143.68038338582312
130.0,7.177287669604309,10,dinkelbach_ee_isac,Dinkelbach EE-ISAC,ok,optimal,CLARABEL,0.013921563999247155,,125.58190307534085,1883728.5461301126,0.8878315756403461,3.036661644686703,620328.7578733388,106548749967.2424,2.8109092990744e+18,2.8109092990744e+18,2.8081686907310013e+18,3.55756765374567e-19,0.08940612887982723,-6.2478167269702265,1.2241302740865725,0.05794471584585923,0.0001338440262563835,60,False,32.757598876953125,min_rate,0.0,0.004555284154140769,0.1121684243596539,-3.730441971899978,-32.757598876953125,,False,4.0,True,620328.7577795878,0.0002846901770681143,False,143.68038338582312
130.0,7.177287669604309,11,uniform,Uniform,ok,closed_form,numpy,1.5079999684530776e-06,,138.97445548507275,2084616.8322760912,1.0,3.357142857142857,620949.6947205378,76781250000.0,2.0255998281153943e+18,2.0255998281153943e+18,2.0255998281153943e+18,4.936809265680052e-19,0.10532073506634214,-13.256466474732292,-9.684463547443015,0.015625,0.0,64,False,29767500000.0,min_sensing,0.015625,0.046875,0.0,8.36323061785879,-29767500000.0,,,,,,,,145.12358318579328
130.0,7.177287669604309,11,water_filling,Water-filling (comm. only),ok,closed_form,numpy,0.0001426769999852695,,145.12358318579328,2176853.747786899,0.9999999999992937,3.3571428571408393,648424.520617764,78915680224.55594,2.0819091679084403e+18,2.0819091679084403e+18,2.0762674603704545e+18,4.803283521752466e-19,0.10388666829911633,-13.583982970034397,-4.333255518444365,0.022314012443911225,5.410247206647018e-05,57,False,27633069775.44406,min_sensing,0.0,0.04018598755608878,7.063238882665246e-13,14.512358318579317,-27633069775.44406,0.023171489604187814,,,,,,,145.12358318579328
130.0,7.177287669604309,11,max_rate_isac,Max-rate ISAC,ok,optimal,CLARABEL,0.0051148990000911,,141.83588447991048,2127538.267198657,0.9999999966151392,3.3571428474718266,633734.8048209652,106548749629.57971,2.8109092901663734e+18,2.8109092901663734e+18,2.8039610365054013e+18,3.5575676650199253e-19,0.0894061290214953,-8.123063094772126,-0.7909711711373341,0.03868353686104871,9.682432527150223e-05,61,True,370.4202880859375,,0.0,0.02381646313895129,3.384860836064263e-09,11.224659612696513,-370.4202880859375,,False,,,,,,145.12358318579328
130.0,7.177287669604309,11,dinkelbach_ee_isac,Dinkelbach EE-ISAC,ok,optimal,CLARABEL,0.012265426999874762,,124.19285998717443,1862892.8998076164,0.828042729508827,2.86583637002522,650034.6353658783,106548749953.88474,2.8109092987220065e+18,2.8109092987220065e+18,2.8029052506940964e+18,3.5575676541916697e-19,0.0894061288854315,-5.488881958801284,2.181314222334635,0.0540094577437371,0.00015033589279166907,60,False,46.115264892578125,min_rate,0.0,0.008490542256262897,0.17195727049117304,-6.418364880039533,-46.115264892578125,,False,4.0,True,650034.6333063983,0.005902132950723171,False,145.12358318579328
130.0,7.177287669604309,12,uniform,Uniform,ok,closed_form,numpy,1.4349998309626244e-06,,127.92512552211534,1918876.88283173,1.0,3.357142857142857,571580.3480775366,76781250000.0,2.0255998281153943e+18,2.0255998281153943e+18,2.0255998281153943e+18,4.936809265680052e-19,0.10532073506634214,-13.256466474732292,-9.684463547443015,0.015625,0.0,64,False,29767500000.0,min_sensing,0.015625,0.046875,0.0,5.069725741048998,-29767500000.0,,,,,,,,136.50599975674038
130.0,7.177287669604309,12,water_filling,Water-filling (comm. only),ok,closed_form,numpy,0.00014341099995363038,,136.50599975674038,2047589.9963511056,0.9999999999992467,3.357142857140705,609920.4244454012,79461828724.821,2.0963173510034327e+18,2.0963173510034327e+18,2.0957662690840512e+18,4.770270109729978e-19,0.1035290413977313,-11.686069247343077,-3.2288384796974117,0.024283157328876117,7.458264834653999e-05,53,False,27086921275.179,min_sensing,0.0,0.03821684267112388,7.532863222081687e-13,13.65059997567404,-27086921275.179,0.024993172205458603,,,,,,,136.50599975674038
130.0,7.177287669604309,12,max_rate_isac,Max-rate ISAC,ok,optimal,CLARABEL,0.004964927999935753,,133.4856506887459,2002284.7603311883,0.999999996639414,3.357142847541183,596425.2494640461,106548749608.8404,2.8109092896192404e+18,2.8109092896192404e+18,2.810275665570862e+18,3.5575676657123924e-19,0.08940612903019658,-7.426969524286868,-0.38863608426399127,0.04454939447957207,0.00011139952948459806,60,True,391.15960693359375,,0.0,0.01795060552042793,3.3605860316754388e-09,10.630250907679553,-391.15960693359375,,False,,,,,,136.50599975674038
130.0,7.177287669604309,12,dinkelbach_ee_isac,Dinkelbach EE-ISAC,ok,optimal,CLARABEL,0.013094590000036987,,117.286783682666,1759301.75523999,0.8319294390484846,2.8769412544242416,611518.1366788377,106548749980.67949,2.810909299428891e+18,2.810909299428891e+18,2.8099698107417277e+18,3.557567653297016e-19,0.08940612887418961,-5.284790408924204,2.5499216573866685,0.061416127556261635,0.00016966941695928552,58,False,19.320510864257812,min_rate,0.0,0.0010838724437383651,0.1680705609515154,-5.568616098400341,-19.320510864257812,,False,4.0,True,611518.1351328907,0.004447598708793521,False,136.50599975674038
130.0,7.177287669604309,13,uniform,Uniform,ok,closed_form,numpy,1.6179997146537062e-06,,164.19387994000527,2462908.199100079,1.0,3.357142857142857,733632.2295191725,76781250000.0,2.0255998281153943e+18,2.0255998281153943e+18,2.0255998281153943e+18,4.936809265680052e-19,0.10532073506634214,-13.256466474732292,-9.684463547443015,0.015625,0.0,64,False,29767500000.0,min_sensing,0.015625,0.046875,0.0,12.796730743310178,-29767500000.0,,,,,,,,168.21905466299455
130.0,7.177287669604309,13,water_filling,Water-filling (comm. only),ok,closed_form,numpy,0.00014160299997456605,,168.21905466299455,2523285.819944918,0.9999999999993727,3.3571428571410653,751617.0527499513,74214288863.31317,1.9578797006461002e+18,1.9578797006461002e+18,1.95405538631685e+18,5.107566106691847e-19,0.10712669472556714,-14.847560985818472,-6.599319513100954,0.020568866916568996,3.0494815740685297e-05,60,False,32334461136.68683,min_sensing,0.0,0.04193113308343101,6.272760089132134e-13,16.821905466299455,-32334461136.68683,0.02097635802002283,,,,,,,168.21905466299455
130.0,7.177287669604309,13,max_rate_isac,Max-rate ISAC,ok,optimal,CLARABEL,0.0051491620001797855,,162.9334699982751,2444002.0499741263,0.9999999978090196,3.3571428508829135,728000.6119880674,106548749758.39816,2.810909293564789e+18,2.810909293564789e+18,2.8024978106464143e+18,3.557567660718792e-19,0.08940612896744887,-8.125902729264608,-0.8504797214053528,0.04554973565917097,9.508945469867254e-05,63,True,241.60183715820312,,0.0,0.01695026434082903,2.190980397109854e-09,11.53632080157999,-241.60183715820312,,False,,,,,,168.21905466299455
130.0,7.177287669604309,13,dinkelbach_ee_isac,Dinkelbach EE-ISAC,ok,optimal,CLARABEL,0.012252196999725129,,142.7193057529832,2140789.586294748,0.8297718498773619,2.8707767139353195,745717.9013271672,106548749946.54207,2.810909298528296e+18,2.810909298528296e+18,2.7986660944314025e+18,3.5575676544368353e-19,0.08940612888851215,-5.631095419834034,2.6563192687267727,0.06249999791533287,0.00017454080045866492,63,False,53.45793151855469,min_rate,0.0,2.0846671333618616e-09,0.17022815012263814,-8.677843443711907,-53.45793151855469,,False,4.0,True,745717.8991234077,0.006326501723378897,False,168.21905466299455
130.0,7.177287669604309,14,uniform,Uniform,ok,closed_form,numpy,1.413000063621439e-06,,142.55501044454832,2138325.156668225,1.0,3.357142857142857,636947.9190075563,76781250000.0,2.0255998281153943e+18,2.0255998281153943e+18,2.0255998281153943e+18,4.936809265680052e-19,0.10532073506634214,-13.256466474732292,-9.684463547443015,0.015625,0.0,64,False,29767500000.0,min_sensing,0.015625,0.046875,0.0,9.663854463475019,-29767500000.0,,,,,,,,147.6568399789703
130.0,7.177287669604309,14,water_filling,Water-filling (comm. only),ok,closed_form,numpy,0.00013774700028079678,,147.6568399789703,2214852.5996845546,0.9999999999997189,3.3571428571420543,659743.3275657698,77674257810.8336,2.049158658795153e+18,2.049158658795153e+18,2.046146383752349e+18,4.88005160414456e-19,0.10471355752394049,-14.538225675670693,-5.081441197220796,0.022057086826250683,4.415579265485878e-05,58,False,28874492189.166397,min_sensing,0.0,0.04044291317374932,2.8110846983508964e-13,14.765683997897014,-28874492189.166397,0.02265194191812995,,,,,,,147.6568399789703
130.0,7.177287669604309,14,max_rate_isac,Max-rate ISAC,ok,optimal,CLARABEL,0.005254795999917405,,143.9495609603248,2159243.414404872,0.9999999965051212,3.357142847157489,643178.8913102446,106548749614.30804,2.8109092897634847e+18,2.8109092897634847e+18,2.8074294863932257e+18,3.5575676655298326e-19,0.08940612902790261,-8.310547048721649,-0.9256405445238247,0.037325332927935294,9.223218671056923e-05,62,True,385.69195556640625,,0.0,0.025174667072064706,3.4948788307787026e-09,11.058404979251492,-385.69195556640625,,False,,,,,,147.6568399789703
130.0,7.177287669604309,14,dinkelbach_ee_isac,Dinkelbach EE-ISAC,ok,optimal,CLARABEL,0.012864481999713462,,127.03948430478756,1905592.2645718134,0.8391178222305807,2.8974794920873737,657672.3907022394,106548749948.72638,2.8109092985859215e+18,2.8109092985859215e+18,2.808145779106666e+18,3.5575676543639027e-19,0.0894061288875957,-5.826106001302662,1.9603614210699605,0.05117006258081613,0.0001447885885885358,62,False,51.27362060546875,min_rate,0.0,0.011329937419183873,0.16088217776941927,-5.851671676285733,-51.27362060546875,,False,4.0,True,657672.3893063779,0.0040444801561534405,False,147.6568399789703
130.0,7.177287669604309,15,uniform,Uniform,ok,closed_form,numpy,1.449000137654366e-06,,144.12762593963427,2161914.389094514,1.0,3.357142857142857,643974.4988792168,76781250000.0,2.0255998281153943e+18,2.0255998281153943e+18,2.0255998281153943e+18,4.936809265680052e-19,0.10532073506634214,-13.256466474732292,-9.684463547443015,0.015625,0.0,64,False,29767500000.0,min_sensing,0.015625,0.046875,0.0,9.156289053452525,-29767500000.0,,,,,,,,149.9681520957575
130.0,7.177287669604309,15,water_filling,Water-filling (comm. only),ok,closed_form,numpy,0.0001379620002808224,,149.9681520957575,2249522.2814363623,1.0000000000006275,3.35714285714465,670070.4668104735,72850622152.52054,1.9219042111224443e+18,1.9219042111224443e+18,1.9200221046626783e+18,5.20317294802103e-19,0.10812468072666405,-12.400662615998595,-5.680420295238797,0.0217848350527611,4.373670369722747e-05,58,False,33698127847.47946,min_sensing,0.0,0.0407151649472389,-6.274980535181385e-13,14.996815209575743,-33698127847.47946,0.022364673798862846,,,,,,,149.9681520957575
130.0,7.177287669604309,15,max_rate_isac,Max-rate ISAC,ok,optimal,CLARABEL,0.005344642999716598,,144.28688341130876,2164303.2511696313,0.9999999963397667,3.357142846685048,644686.0768247424,106548749566.68797,2.8109092885071985e+18,2.8109092885071985e+18,2.8099528003742505e+18,3.5575676671198245e-19,0.08940612904788185,-7.243651434558855,-0.006910085106118618,0.05405475928874001,0.00012727925543729618,63,True,433.31202697753906,,0.0,0.008445240711259988,3.6602333386426267e-09,9.315546525127019,-433.31202697753906,,False,,,,,,149.9681520957575
130.0,7.177287669604309,15,dinkelbach_ee_isac,Dinkelbach EE-ISAC,ok,optimal,CLARABEL,0.014630246000251645,,130.73760918362876,1961064.1377544315,0.8754935868364129,3.001410248104037,653380.9028583205,106548749960.95026,2.8109092989084047e+18,2.8109092989084047e+18,2.80810979789412e+18,3.5575676539557587e-19,0.08940612888246713,-5.679435506137183,2.0731498233506622,0.062499999796167945,0.00016788269444771356,62,False,39.04974365234375,min_rate,0.0,2.0383205540097649e-10,0.12450641316358713,-4.233727702552983,-39.04974365234375,,False,4.0,True,653380.9027302219,0.0003844767343252897,False,149.9681520957575
130.0,7.177287669604309,16,uniform,Uniform,ok,closed_form,numpy,1.508999957877677e-06,,152.22841473760332,2283426.2210640498,1.0,3.357142857142857,680169.5126573765,76781250000.0,2.0255998281153943e+18,2.0255998281153943e+18,2.0255998281153943e+18,4.936809265680052e-19,0.10532073506634214,-13.256466474732292,-9.684463547443015,0.015625,0.0,64,False,29767500000.0,min_sensing,0.015625,0.046875,0.0,11.793459409473996,-29767500000.0,,,,,,,,156.03883925347702
130.0,7.177287669604309,16,water_filling,Water-filling (comm. only),ok,closed_form,numpy,0.00014310999995359452,,156.03883925347702,2340582.588802155,0.9999999999999178,3.3571428571426227,697194.813685797,76900488548.59344,2.0287455125570465e+18,2.0287455125570465e+18,2.0266793069588746e+18,4.929154464226478e-19,0.10523905051734896,-14.730156799956553,-6.429937560485933,0.020583933637460566,2.7120082356863274e-05,60,False,29648261451.406555,min_sensing,0.0,0.04191606636253943,8.215650382226158e-14,15.603883925347702,-29648261451.406555,0.0211071313371496,,,,,,,156.03883925347702
130.0,7.177287669604309,16,max_rate_isac,Max-rate ISAC,ok,optimal,CLARABEL,0.004734692000056384,,151.72611190272988,2275891.6785409483,0.9999999981640075,3.3571428518971644,677925.1819012744,106548749806.10439,2.810909294823348e+18,2.810909294823348e+18,2.809421050903268e+18,3.557567659125924e-19,0.08940612894743348,-8.112351048599827,-1.5111877548698507,0.04011739022471791,7.283874059602947e-05,62,True,193.89561462402344,,0.0,0.022382609775282093,1.8359924691679907e-09,11.291156574600564,-193.89561462402344,,False,,,,,,156.03883925347702
130.0,7.177287669604309,16,dinkelbach_ee_isac,Dinkelbach EE-ISAC,ok,optimal,CLARABEL,0.011955265999858966,,135.7197897464602,2035796.8461969031,0.8577625366516022,2.9507501047188636,689925.1966275424,106548749972.97812,2.810909299225717e+18,2.810909299225717e+18,2.809841107289179e+18,3.557567653554159e-19,0.08940612887742078,-5.973920948570512,1.2559489635941512,0.05329794353203748,0.0001223888195259964,61,False,27.021881103515625,min_rate,0.0,0.009202056467962523,0.14223746334839782,-4.715165581669112,-27.021881103515625,,False,4.0,True,689925.1960871094,0.001594682689756155,False,156.03883925347702
130.0,7.177287669604309,17,uniform,Uniform,ok,closed_form,numpy,1.3230001059127972e-06,,133.22976441156726,1998446.466173509,1.0,3.357142857142857,595281.9260942367,76781250000.0,2.0255998281153943e+18,2.0255998281153943e+18,2.0255998281153943e+18,4.936809265680052e-19,0.10532073506634214,-13.256466474732292,-9.684463547443015,0.015625,0.0,64,False,29767500000.0,min_sensing,0.015625,0.046875,0.0,6.302959831004102,-29767500000.0,,,,,,,,141.0297828672924
130.0,7.177287669604309,17,water_filling,Water-filling (comm. only),ok,closed_form,numpy,0.00014188099976308877,,141.0297828672924,2115446.743009386,1.0000000000000568,3.3571428571430197,630133.0723857441,71227668745.35025,1.8790883655533312e+18,1.8790883655533312e+18,1.8790876102080801e+18,5.321729506347787e-19,0.10934957651571635,-12.686487359735102,-4.14853640535899,0.02337870543997173,7.24265350839827e-05,52,False,35321081254.64975,min_sensing,0.0,0.039121294560028275,-5.684341886080802e-14,14.10297828672924,-35321081254.64975,0.02425003460805559,,,,,,,141.0297828672924
130.0,7.177287669604309,17,max_rate_isac,Max-rate ISAC,ok,optimal,CLARABEL,0.005118056999890541,,135.37064999885226,2030559.7499827838,0.9999999965953414,3.3571428474152616,604847.58685385,106548749595.60576,2.8109092892700913e+18,2.8109092892700913e+18,2.8031649352238387e+18,3.5575676661542855e-19,0.08940612903574925,-7.176439517572485,-0.018121581598855192,0.05871165332025529,0.0001273368260341858,61,True,404.3942413330078,,0.0,0.00378834667974471,3.4046585550839836e-09,8.4438454182891,-404.3942413330078,,False,,,,,,141.0297828672924
130.0,7.177287669604309,17,dinkelbach_ee_isac,Dinkelbach EE-ISAC,ok,optimal,CLARABEL,0.012837671000397677,,122.78310285244032,1841746.5427866047,0.8769420144900215,3.0055486128286333,612782.1506281573,106548749943.3293,2.8109092984435384e+18,2.8109092984435384e+18,2.7911924149632113e+18,3.5575676545441067e-19,0.08940612888986008,-5.693315793055346,1.7204466522687363,0.06249999973023264,0.0001532818903112054,60,False,56.67070007324219,min_rate,0.0,2.6976736122730216e-10,0.12305798550997848,-4.143701728122835,-56.67070007324219,,False,4.0,True,612782.1504550972,0.0005201403982937336,False,141.0297828672924
130.0,7.177287669604309,18,uniform,Uniform,ok,closed_form,numpy,1.3969997780804988e-06,,136.71484896510742,2050722.7344766113,1.0,3.357142857142857,610853.5804823948,76781250000.0,2.0255998281153943e+18,2.0255998281153943e+18,2.0255998281153943e+18,4.936809265680052e-19,0.10532073506634214,-13.256466474732292,-9.684463547443015,0.015625,0.0,64,False,29767500000.0,min_sensing,0.015625,0.046875,0.0,5.536473423399855,-29767500000.0,,,,,,,,145.75375060189728
130.0,7.177287669604309,18,water_filling,Water-filling (comm. only),ok,closed_form,numpy,0.00013350500012165867,,145.75375060189728,2186306.2590284594,1.000000000000294,3.3571428571436974,651240.1622636335,81388349778.21844,2.1471417477750738e+18,2.1471417477750738e+18,2.1469425023518262e+18,4.657354369064022e-19,0.10229639972170126,-13.164601344398184,-3.21672677567221,0.023197483959744664,7.179763303668544e-05,53,False,25160400221.781555,min_sensing,0.0,0.039302516040255336,-2.9398705692074145e-13,14.575375060189714,-25160400221.781555,0.024001262262190688,,,,,,,145.75375060189728
130.0,7.177287669604309,18,max_rate_isac,Max-rate ISAC,ok,optimal,CLARABEL,0.004997231999823271,,142.94101887363433,2144115.283104515,0.9999999966774886,3.3571428476499676,638672.6393264489,106548749633.93857,2.810909290281366e+18,2.810909290281366e+18,2.80992992861256e+18,3.557567664874387e-19,0.08940612901966652,-8.069295830972525,-0.17662625831278667,0.04104847975707087,0.00011990260369445366,59,True,366.0614318847656,,0.0,0.02145152024292913,3.322511377135129e-09,11.762643331926768,-366.0614318847656,,False,,,,,,145.75375060189728
130.0,7.177287669604309,18,dinkelbach_ee_isac,Dinkelbach EE-ISAC,ok,optimal,CLARABEL,0.012093148000076326,,124.34686708328618,1865203.0062492928,0.8156409881487299,2.8304028232820855,658988.5336838507,106548749944.07959,2.8109092984633324e+18,2.8109092984633324e+18,2.809252990690686e+18,3.557567654519055e-19,0.0894061288895453,-5.362738572269949,2.99720107275185,0.05975374345661102,0.00018386203793285482,56,False,55.92041015625,min_rate,0.0,0.002746256543388982,0.18435901185127013,-6.831508458421382,-55.92041015625,,False,4.0,True,658988.5295681147,0.011649190913885832,False,145.75375060189728
130.0,7.177287669604309,19,uniform,Uniform,ok,closed_form,numpy,1.6239996512013022e-06,,145.0039989796557,2175059.9846948357,1.0,3.357142857142857,647890.2082069723,76781250000.0,2.0255998281153943e+18,2.0255998281153943e+18,2.0255998281153943e+18,4.936809265680052e-19,0.10532073506634214,-13.256466474732292,-9.684463547443015,0.015625,0.0,64,False,29767500000.0,min_sensing,0.015625,0.046875,0.0,9.338291419683685,-29767500000.0,,,,,,,,150.73967506663558
130.0,7.177287669604309,19,water_filling,Water-filling (comm. only),ok,closed_form,numpy,0.0001442269999643031,,150.73967506663558,2261095.1259995336,0.9999999999995245,3.3571428571414987,673517.6971065166,77484031949.9556,2.0441402269371466e+18,2.0441402269371466e+18,2.0434863566209574e+18,4.892032292218806e-19,0.10484201635293215,-12.91119352320682,-5.284128358730921,0.02182030629931685,3.983478837770213e-05,58,False,29064718050.044403,min_sensing,0.0,0.04067969370068315,4.755085214469545e-13,15.073967506663564,-29064718050.044403,0.022423674474623304,,,,,,,150.73967506663558
130.0,7.177287669604309,19,max_rate_isac,Max-rate ISAC,ok,optimal,CLARABEL,0.0049096520001512545,,146.64167144890678,2199625.071733602,0.9999999966730103,3.3571428476371725,655207.4700311737,106548749598.6979,2.8109092893516667e+18,2.8109092893516667e+18,2.8038502463656965e+18,3.557567666051041e-19,0.08940612903445193,-7.286411295671462,-0.9558027137198167,0.03959757369494131,9.094287783063179e-05,61,True,401.3020935058594,,0.0,0.02290242630505869,3.3269896837495594e-09,10.975963888934757,-401.3020935058594,,False,,,,,,150.73967506663558
130.0,7.177287669604309,19,dinkelbach_ee_isac,Dinkelbach EE-ISAC,ok,optimal,CLARABEL,0.013146319000497897,,129.87780722480844,1948167.1083721265,0.8444946349320606,2.912841814091602,668820.084546775,106548749978.80154,2.8109092993793475e+18,2.8109092993793475e+18,2.789476610976914e+18,3.55756765335972e-19,0.08940612887497752,-5.11226464606727,2.0157919268329265,0.06046126817742414,0.00015247606041626823,61,False,21.198455810546875,min_rate,0.0,0.0020387318225758566,0.15550536506793944,-5.7879003351635845,-21.198455810546875,,False,4.0,True,668820.0836215004,0.0026951783802360296,False,150.73967506663558
135.0,2.177287669604309,0,uniform,Uniform,ok,closed_form,numpy,1.4899997040629387e-06,,73.84422713057903,1107663.4069586855,1.0,3.357142857142857,329942.29143450205,76781250000.0,2.0255998281153943e+18,2.0255998281153943e+18,2.0255998281153943e+18,4.936809265680052e-19,0.10532073506634214,-13.256466474732292,-9.684463547443015,0.015625,0.0,64,False,29767500000.0,min_rate;min_sensing,0.015625,0.046875,0.0,-1.786097661653585,-29767500000.0,,,,,,,,84.03369421359179
135.0,2.177287669604309,0,water_filling,Water-filling (comm. only),ok,closed_form,numpy,0.00014064000015423517,,84.03369421359179,1260505.4132038767,0.9999999999993892,3.357142857141112,375469.69755028613,77264985785.32646,2.038361474006944e+18,2.038361474006944e+18,2.0345787833561408e+18,4.905901199330622e-19,0.10499052468282032,-13.005625800915649,-2.224085636124858,0.0305066462902712,0.00011046225875589838,50,False,29283764214.67354,min_sensing,0.0,0.0319933537097288,6.108447081487611e-13,8.403369421359173,-29283764214.67354,0.03258335530032705,,,,,,,84.03369421359179
135.0,2.177287669604309,0,max_rate_isac,Max-rate ISAC,ok,optimal,CLARABEL,0.0049619800001892145,,81.93623459278781,1229043.5188918172,0.9999999978845964,3.357142851098847,366098.0701162393,106548749749.8396,2.8109092933390024e+18,2.8109092933390024e+18,2.8074772347531453e+18,3.5575676610045544e-19,0.08940612897103965,-8.874728094714019,1.1028956086935895,0.05281547323230752,0.00018212834734497772,57,True,250.160400390625,,0.0,0.009684526767692478,2.1154036300430334e-09,6.305909800555199,-250.160400390625,,False,,,,,,84.03369421359179
135.0,2.177287669604309,0,dinkelbach_ee_isac,Dinkelbach EE-ISAC,ok,optimal,CLARABEL,0.013470031999986531,,73.29804899371186,1099470.7349056778,0.8638623470252913,2.9681781343579754,370419.3903252698,106548749961.15262,2.8109092989137434e+18,2.8109092989137434e+18,2.8084400274709873e+18,3.557567653949002e-19,0.08940612888238221,-6.540493637960659,3.195578746719465,0.06215571291351092,0.00022340957077218596,53,False,38.847381591796875,min_rate,0.0,0.00034428708648907846,0.1361376529747087,-2.3322757985207545,-38.847381591796875,,False,4.0,True,370419.3901531652,0.0005108369514346123,False,84.03369421359179
135.0,2.177287669604309,1,uniform,Uniform,ok,closed_form,numpy,2.541999947425211e-06,,78.47194509615555,1177079.1764423333,1.0,3.357142857142857,350619.3291530354,76781250000.0,2.0255998281153943e+18,2.0255998281153943e+18,2.0255998281153943e+18,4.936809265680052e-19,0.10532073506634214,-13.256466474732292,-9.684463547443015,0.015625,0.0,64,False,29767500000.0,min_rate;min_sensing,0.015625,0.046875,0.0,-0.5678993774359782,-29767500000.0,,,,,,,,87.8220494151017
135.0,2.177287669604309,1,water_filling,Water-filling (comm. only),ok,closed_form,numpy,0.00012905399989904254,,87.8220494151017,1317330.7412265255,0.9999999999998499,3.3571428571424287,392396.39100369596,76715336101.46802,2.0238609246521556e+18,2.0238609246521556e+18,2.0220837961014856e+18,4.941050977462158e-19,0.10536597119559911,-11.937893089115319,-1.9558735679412482,0.029853410301648002,0.00011591795217346832,49,False,29833413898.531982,min_sensing,0.0,0.032646589698352,1.5010215292932116e-13,8.782204941510173,-29833413898.531982,0.03173587696976264,,,,,,,87.8220494151017
135.0,2.177287669604309,1,max_rate_isac,Max-rate ISAC,ok,optimal,CLARABEL,0.005194614000174624,,85.2834002824291,1279251.0042364364,0.9999999976718719,3.3571428504910625,381053.4913786333,106548749729.54028,2.810909292803477e+18,2.810909292803477e+18,2.7815788359975e+18,3.557567661682331e-19,0.08940612897955634,-6.803811309485863,0.8790953169083764,0.04892688397442904,0.0001715016802246283,60,True,270.459716796875,,0.0,0.013573116025570958,2.3281281347209415e-09,6.24355580883757,-270.459716796875,,False,,,,,,87.8220494151017
135.0,2.177287669604309,1,dinkelbach_ee_isac,Dinkelbach EE-ISAC,ok,optimal,CLARABEL,0.01387637400011954,,78.61460071711974,1179219.0107567962,0.9004182017095687,3.072623433455911,383782.47002773074,106548749979.33229,2.81090929939335e+18,2.81090929939335e+18,2.7635997330957276e+18,3.557567653341998e-19,0.08940612887475484,-5.457925513492664,2.1779248113151284,0.054913441001069256,0.0001912618751655742,57,False,20.667709350585938,min_rate,0.0,0.007586558998930744,0.09958179829043134,-0.4252437564717866,-20.667709350585938,,False,4.0,True,383782.470022405,1.636403612792492e-05,False,87.8220494151017
135.0,2.177287669604309,2,uniform,Uniform,ok,closed_form,numpy,2.5699996513139922e-06,,78.77333091532375,1181599.9637298563,1.0,3.357142857142857,351965.9466429359,76781250000.0,2.0255998281153943e+18,2.0255998281153943e+18,2.0255998281153943e+18,4.936809265680052e-19,0.10532073506634214,-13.256466474732292,-9.684463547443015,0.015625,0.0,64,False,29767500000.0,min_rate;min_sensing,0.015625,0.046875,0.0,-0.032219504666684884,-29767500000.0,,,,,,,,87.56172268887826
135.0,2.177287669604309,2,water_filling,Water-filling (comm. only),ok,closed_form,numpy,0.00013590800017482252,,87.56172268887826,1313425.840333174,1.0000000000006999,3.357142857144857,391233.22903518047,72449951948.27873,1.9113339547533018e+18,1.9113339547533018e+18,1.9102547502386092e+18,5.231948072251305e-19,0.10842324963791172,-14.26950639466158,-2.8121361342151827,0.029261201213000573,0.00010427701452538283,50,False,34098798051.721268,min_sensing,0.0,0.033238798786999424,-6.998845947236987e-13,8.756172268887823,-34098798051.721268,0.031191973933006593,,,,,,,87.56172268887826
135.0,2.177287669604309,2,max_rate_isac,Max-rate ISAC,ok,optimal,CLARABEL,0.005015806999836059,,84.44655851587736,1266698.3777381603,0.9999999977384952,3.357142850681415,377314.41111630166,106548749725.80594,2.81090929270496e+18,2.81090929270496e+18,2.7963888197797233e+18,3.5575676618070167e-19,0.0894061289811231,-7.849172702147057,0.8643240994217273,0.05502714131942894,0.00016898436534873817,59,True,274.1940612792969,,0.0,0.007472858680571057,2.2615047612362105e-09,5.641008095886917,-274.1940612792969,,False,,,,,,87.56172268887826
135.0,2.177287669604309,2,dinkelbach_ee_isac,Dinkelbach EE-ISAC,ok,optimal,CLARABEL,0.013156591999631928,,79.17657231183615,1187648.5846775423,0.9220905087161118,3.1345443106174624,378890.3480020009,106548749960.35057,2.810909298892584e+18,2.810909298892584e+18,2.7891913769840845e+18,3.557567653975782e-19,0.08940612888271873,-6.648402749842002,1.9747020699212692,0.062017137061998025,0.00018733611214998854,58,True,39.64942932128906,,0.0,0.00048286293800197527,0.07790949128388824,0.37102189184571444,-39.64942932128906,,False,4.0,True,378890.3480314051,-9.216880425810814e-05,False,87.56172268887826
135.0,2.177287669604309,3,uniform,Uniform,ok,closed_form,numpy,1.5420000636368059e-06,,78.61725354360738,1179258.8031541107,1.0,3.357142857142857,351268.57966292655,76781250000.0,2.0255998281153943e+18,2.0255998281153943e+18,2.0255998281153943e+18,4.936809265680052e-19,0.10532073506634214,-13.256466474732292,-9.684463547443015,0.015625,0.0,64,False,29767500000.0,min_rate;min_sensing,0.015625,0.046875,0.0,-0.490403989920253,-29767500000.0,,,,,,,,87.89739725947514
135.0,2.177287669604309,3,water_filling,Water-filling (comm. only),ok,closed_form,numpy,0.00014046200021766708,,87.89739725947514,1318460.958892127,1.0000000000006526,3.357142857144722,392733.0515846707,79210212920.04669,2.0896793641133793e+18,2.0896793641133793e+18,2.0832583003203564e+18,4.785423147556829e-19,0.10369334400425302,-9.825007102887408,-1.7208482073499458,0.030445041373359814,0.0001165529486794467,50,False,27338537079.95331,min_sensing,0.0,0.032054958626640186,-6.52589093874667e-13,8.789739725947513,-27338537079.95331,0.03220404191726899,,,,,,,87.89739725947514
135.0,2.177287669604309,3,max_rate_isac,Max-rate ISAC,ok,optimal,CLARABEL,0.005222889999913605,,85.62951335432133,1284442.70031482,0.999999998434832,3.3571428526709486,382599.9537949108,106548749810.49521,2.8109092949391846e+18,2.8109092949391846e+18,2.7846584894818314e+18,3.5575676589793177e-19,0.08940612894559129,-6.048889825379154,1.1540317991832163,0.04941282655790768,0.00018555878623085893,60,True,189.50479125976562,,0.0,0.013087173442092322,1.565167995210004e-09,6.521855820793704,-189.50479125976562,,False,,,,,,87.89739725947514
135.0,2.177287669604309,3,dinkelbach_ee_isac,Dinkelbach EE-ISAC,ok,optimal,CLARABEL,0.013395568000305502,,77.87356291235514,1168103.4436853272,0.8829784972546797,3.022795706441942,386431.48830599367,106548749965.23639,2.81090929902148e+18,2.81090929902148e+18,2.7720112856944266e+18,3.5575676538126476e-19,0.08940612888066884,-4.755523655284199,2.916833857501258,0.06249999840975811,0.00022378341292493767,60,False,34.76361083984375,min_rate,0.0,1.590241889559696e-09,0.1170215027453203,-1.2340946211724884,-34.76361083984375,,False,4.0,True,386431.48827828333,8.376268669962883e-05,False,87.89739725947514
135.0,2.177287669604309,4,uniform,Uniform,ok,closed_form,numpy,1.5040000107546803e-06,,71.06117151901421,1065917.5727852131,1.0,3.357142857142857,317507.3621062337,76781250000.0,2.0255998281153943e+18,2.0255998281153943e+18,2.0255998281153943e+18,4.936809265680052e-19,0.10532073506634214,-13.256466474732292,-9.684463547443015,0.015625,0.0,64,False,29767500000.0,min_rate;min_sensing,0.015625,0.046875,0.0,-2.7708130268832605,-29767500000.0,,,,,,,,82.03553838433052
135.0,2.177287669604309,4,water_filling,Water-filling (comm. only),ok,closed_form,numpy,0.0001428420000593178,,82.03553838433052,1230533.0757649578,1.0000000000001668,3.3571428571433337,366541.7672490843,86946878130.09023,2.2937837218784655e+18,2.2937837218784655e+18,2.2737998141412012e+18,4.35960893113786e-19,0.09897248486482789,-8.77312051572154,-0.21902383767898614,0.032310933587446584,0.0001569201363565207,45,False,19601871869.909775,min_sensing,0.0,0.030189066412553416,-1.667554982986985e-13,8.203553838433052,-19601871869.909775,0.034759030538131105,,,,,,,82.03553838433052
135.0,2.177287669604309,4,max_rate_isac,Max-rate ISAC,ok,optimal,CLARABEL,0.004874484000083612,,80.98701606561934,1214805.2409842901,0.999999998083418,3.3571428516669086,361856.8808834297,106548749769.22437,2.8109092938504003e+18,2.8109092938504003e+18,2.765673043070304e+18,3.557567660357315e-19,0.08940612896290669,-6.203065171693193,1.1666320202884246,0.04312295388339645,0.00018806843931728332,56,True,230.775634765625,,0.0,0.019377046116603548,1.9165820042132964e-09,7.155031519721874,-230.775634765625,,False,,,,,,82.03553838433052
135.0,2.177287669604309,4,dinkelbach_ee_isac,Dinkelbach EE-ISAC,ok,optimal,CLARABEL,0.012755049000134022,,72.63501135247674,1089525.1702871511,0.861557076174548,2.9615916462129945,367885.0092923289,106548749988.65796,2.810909299639374e+18,2.810909299639374e+18,2.736705230860032e+18,3.5575676530306233e-19,0.08940612887084222,-4.676249382008502,2.6499352201239756,0.056448033687625285,0.00019911352221477376,54,False,11.342041015625,min_rate,0.0,0.006051966312374715,0.13844292382545198,-1.1969731934207317,-11.342041015625,,False,4.0,True,367885.00906161545,0.0006832790095359087,False,82.03553838433052
135.0,2.177287669604309,5,uniform,Uniform,ok,closed_form,numpy,1.4059996829018928e-06,,76.27017383539575,1144052.6075309364,1.0,3.357142857142857,340781.6277751725,76781250000.0,2.0255998281153943e+18,2.0255998281153943e+18,2.0255998281153943e+18,4.936809265680052e-19,0.10532073506634214,-13.256466474732292,-9.684463547443015,0.015625,0.0,64,False,29767500000.0,min_rate;min_sensing,0.015625,0.046875,0.0,-0.8817320014132974,-29767500000.0,,,,,,,,85.72433981867673
135.0,2.177287669604309,5,water_filling,Water-filling (comm. only),ok,closed_form,numpy,0.00014689699992231908,,85.72433981867673,1285865.097280151,0.9999999999995633,3.3571428571416098,383023.64599848515,80130866594.5755,2.113967532447176e+18,2.113967532447176e+18,2.1060569651301023e+18,4.730441620559695e-19,0.10309593716764752,-9.996838430244,-1.8253002831924723,0.02938637860221073,0.0001115498536030092,49,False,26417883405.4245,min_sensing,0.0,0.03311362139778927,4.3665071558507407e-13,8.572433981867675,-26417883405.4245,0.03189726029936169,,,,,,,85.72433981867673
135.0,2.177287669604309,5,max_rate_isac,Max-rate ISAC,ok,optimal,CLARABEL,0.0049726090001058765,,83.7194271123916,1255791.406685874,0.9999999980765512,3.357142851647289,374065.5260081292,106548749768.30649,2.810909293826185e+18,2.810909293826185e+18,2.804244138900248e+18,3.557567660387962e-19,0.0894061289632918,-6.49778151769876,0.4771676695103208,0.048627552536607034,0.00014967458563062736,57,True,231.69351196289062,,0.0,0.013872447463392966,1.9234488446429054e-09,6.56752127558255,-231.69351196289062,,False,,,,,,85.72433981867673
135.0,2.177287669604309,5,dinkelbach_ee_isac,Dinkelbach EE-ISAC,ok,optimal,CLARABEL,0.0127694299999348,,76.80529667341128,1152079.450101169,0.8941336157457408,3.0546674735592596,377153.80154252297,106548749958.3551,2.810909298839942e+18,2.810909298839942e+18,2.8037016595175803e+18,3.5575676540424067e-19,0.08940612888355591,-5.224267236865023,1.7862918415476146,0.056913999283446995,0.00016384721401767685,56,False,41.6448974609375,min_rate,0.0,0.005586000716553005,0.1058663842542592,-0.3466091633977726,-41.6448974609375,,False,4.0,True,377153.8014972928,0.00013816310092806816,False,85.72433981867673
135.0,2.177287669604309,6,uniform,Uniform,ok,closed_form,numpy,1.5510004232055508e-06,,75.58273209360945,1133740.9814041418,1.0,3.357142857142857,337710.07956719113,76781250000.0,2.0255998281153943e+18,2.0255998281153943e+18,2.0255998281153943e+18,4.936809265680052e-19,0.10532073506634214,-13.256466474732292,-9.684463547443015,0.015625,0.0,64,False,29767500000.0,min_rate;min_sensing,0.015625,0.046875,0.0,-1.0349665104733674,-29767500000.0,,,,,,,,85.13077622675868
135.0,2.177287669604309,6,water_filling,Water-filling (comm. only),ok,closed_form,numpy,0.00014119900015430176,,85.13077622675868,1276961.6434013802,1.0000000000006284,3.3571428571446527,380371.55335339915,77478595831.63382,2.0439968143157292e+18,2.0439968143157292e+18,2.0170786172939075e+18,4.892375531097738e-19,0.10484569429522822,-12.084091852543102,-1.9242193151038425,0.030537839782318624,0.00012094089167573194,48,False,29070154168.36618,min_sensing,0.0,0.031962160217681376,-6.283862319378386e-13,8.513077622675866,-29070154168.36618,0.03239123152483533,,,,,,,85.13077622675868
135.0,2.177287669604309,6,max_rate_isac,Max-rate ISAC,ok,optimal,CLARABEL,0.005175441000119463,,82.78536067234644,1241780.4100851966,0.9999999980316916,3.357142851519119,369892.0376662812,106548749742.55801,2.8109092931469036e+18,2.8109092931469036e+18,2.7461228159303813e+18,3.5575676612476804e-19,0.0894061289740947,-7.690904967407345,0.6366960416231848,0.05085527294735175,0.00016669115252610845,56,True,257.4419860839844,,0.0,0.011644727052648247,1.968308405153607e-09,6.167662068263624,-257.4419860839844,,False,,,,,,85.13077622675868
135.0,2.177287669604309,6,dinkelbach_ee_isac,Dinkelbach EE-ISAC,ok,optimal_inaccurate,CLARABEL,0.013546652999593789,,76.77862397609258,1151679.3596413885,0.9080737874155118,3.0944965354728913,372170.18873326754,106548749948.70732,2.810909298585419e+18,2.810909298585419e+18,2.725412486238699e+18,3.557567654364539e-19,0.0894061288876037,-6.2562196836506025,1.8835864593133227,0.05681136797494517,0.000187372648623743,55,True,51.29267883300781,,0.0,0.005688632025054832,0.09192621258448819,0.16092537200975698,-51.29267883300781,,True,4.0,True,372170.18874799804,-4.558335058391094e-05,False,85.13077622675868
135.0,2.177287669604309,7,uniform,Uniform,ok,closed_form,numpy,1.8959999579237774e-06,,63.13407943045768,947011.1914568652,1.0,3.357142857142857,282088.4400084279,76781250000.0,2.0255998281153943e+18,2.0255998281153943e+18,2.0255998281153943e+18,4.936809265680052e-19,0.10532073506634214,-13.256466474732292,-9.684463547443015,0.015625,0.0,64,False,29767500000.0,min_rate;min_sensing,0.015625,0.046875,0.0,-4.179724623858469,-29767500000.0,,,,,,,,74.79311561590683
135.0,2.177287669604309,7,water_filling,Water-filling (comm. only),ok,closed_form,numpy,0.00014867699974274728,,74.79311561590683,1121896.7342386025,1.0000000000007134,3.3571428571448956,334182.00594321056,82110730027.80273,2.166199177934024e+18,2.166199177934024e+18,2.1326905130899604e+18,4.616380664282835e-19,0.10184542244309153,-10.761449324939585,-0.3986865455618544,0.034051680010775465,0.0001677109964429446,44,False,24438019972.197266,min_sensing,0.0,0.028448319989224535,-7.134293156241256e-13,7.479311561590677,-24438019972.197266,0.037083605007143514,,,,,,,74.79311561590683
135.0,2.177287669604309,7,max_rate_isac,Max-rate ISAC,ok,optimal,CLARABEL,0.004678020000028482,,73.47714859957131,1102157.2289935697,0.9999999983892751,3.357142852540786,328302.1537672799,106548749829.55112,2.8109092954419067e+18,2.8109092954419067e+18,2.770369700924033e+18,3.5575676583430584e-19,0.0894061289375963,-7.217700192704584,0.8844941446593323,0.04612822942567542,0.00017804012276381834,57,True,170.44888305664062,,0.0,0.01637177057432458,1.6107248868024726e-09,6.163344545255157,-170.44888305664062,,False,,,,,,74.79311561590683
135.0,2.177287669604309,7,dinkelbach_ee_isac,Dinkelbach EE-ISAC,ok,optimal,CLARABEL,0.012691037000422511,,66.75875792727439,1001381.3689091158,0.8806684025086079,3.01619543573888,332001.4867218996,106548749991.41843,2.810909299712199e+18,2.810909299712199e+18,2.777736373618064e+18,3.5575676529384536e-19,0.08940612886968405,-5.642513662806245,2.1349028868752815,0.04902974301030178,0.00018069750075185893,51,False,8.581573486328125,min_rate,0.0,0.013470256989698219,0.1193315974913921,-0.5550461270417628,-8.581573486328125,,False,4.0,True,332001.4866644581,0.00017325463704764843,False,74.79311561590683
135.0,2.177287669604309,8,uniform,Uniform,ok,closed_form,numpy,1.5659998098271899e-06,,72.47243520754574,1087086.5281131861,1.0,3.357142857142857,323813.00837414054,76781250000.0,2.0255998281153943e+18,2.0255998281153943e+18,2.0255998281153943e+18,4.936809265680052e-19,0.10532073506634214,-13.256466474732292,-9.684463547443015,0.015625,0.0,64,False,29767500000.0,min_rate;min_sensing,0.015625,0.046875,0.0,-0.5110288156074319,-29767500000.0,,,,,,,,81.09273780350352
135.0,2.177287669604309,8,water_filling,Water-filling (comm. only),ok,closed_form,numpy,0.00014069199960431433,,81.09273780350352,1216391.067052553,0.9999999999994355,3.3571428571412443,362329.25401582813,80201091050.52191,2.1158201546159288e+18,2.1158201546159288e+18,2.0743359954183716e+18,4.726299623426753e-19,0.10305079163714204,-12.36722060236193,-1.1300428524286006,0.03291308673882474,0.00014219776354923902,49,False,26347658949.47809,min_sensing,0.0,0.02958691326117526,5.645484080218921e-13,8.10927378035035,-26347658949.47809,0.03501976277909433,,,,,,,81.09273780350352
135.0,2.177287669604309,8,max_rate_isac,Max-rate ISAC,ok,optimal,CLARABEL,0.005305817000134994,,79.52163810095384,1192824.5715143075,0.999999997369158,3.357142849626166,355309.44762959203,106548749714.58548,2.8109092924089477e+18,2.8109092924089477e+18,2.757544758160637e+18,3.5575676621816587e-19,0.08940612898583071,-7.880403350888413,1.1939026821584062,0.05167666389239319,0.00019328872859819356,62,True,285.4145202636719,,0.0,0.010823336107606808,2.6308419887044465e-09,6.538174077800662,-285.4145202636719,,False,,,,,,81.09273780350352
135.0,2.177287669604309,8,dinkelbach_ee_isac,Dinkelbach EE-ISAC,ok,optimal,CLARABEL,0.013188386999900104,,69.71138278182364,1045670.7417273547,0.8348420859231258,2.8852631026375026,362417.8123553019,106548749974.85083,2.8109092992751227e+18,2.8109092992751227e+18,2.7589491798023235e+18,3.55756765349163e-19,0.08940612887663504,-5.458601326206155,3.359949746340135,0.06249999888050587,0.00022345753874901462,59,False,25.149169921875,min_rate,0.0,1.1194941293424243e-09,0.1651579140768742,-3.2720812413295306,-25.149169921875,,False,4.0,True,362417.8116779237,0.001954414416104555,False,81.09273780350352
135.0,2.177287669604309,9,uniform,Uniform,ok,closed_form,numpy,1.5279997569450643e-06,,74.22199087148289,1113329.8630722433,1.0,3.357142857142857,331630.1719789661,76781250000.0,2.0255998281153943e+18,2.0255998281153943e+18,2.0255998281153943e+18,4.936809265680052e-19,0.10532073506634214,-13.256466474732292,-9.684463547443015,0.015625,0.0,64,False,29767500000.0,min_sensing,0.015625,0.046875,0.0,0.5257876137827395,-29767500000.0,,,,,,,,81.8846702863335
135.0,2.177287669604309,9,water_filling,Water-filling (comm. only),ok,closed_form,numpy,0.00013606899983642506,,81.8846702863335,1228270.0542950025,1.000000000000717,3.357142857144906,365867.6757472243,77537077235.00166,2.0455396378645752e+18,2.0455396378645752e+18,1.999705165302558e+18,4.888685515984144e-19,0.10480614753804307,-14.029758653020775,-2.36414718588997,0.03088010948185386,0.0001080273595331147,52,False,29011672764.998337,min_sensing,0.0,0.031619890518146135,-7.169820293029261e-13,8.188467028633355,-29011672764.998337,0.03295350652176009,,,,,,,81.8846702863335
135.0,2.177287669604309,9,max_rate_isac,Max-rate ISAC,ok,optimal,CLARABEL,0.004781697999987955,,79.82164007722812,1197324.601158422,0.9999999991345626,3.357142854670179,356649.88145881344,106548749899.00206,2.810909297274123e+18,2.810909297274123e+18,2.751488581146137e+18,3.557567656024153e-19,0.0894061289084578,-7.830979497022046,0.20872833487628015,0.048190981655800894,0.00014377819219652075,58,True,100.99794006347656,,0.0,0.014309018344199106,8.654373884198208e-10,6.125436819527977,-100.99794006347656,,False,,,,,,81.8846702863335
135.0,2.177287669604309,9,dinkelbach_ee_isac,Dinkelbach EE-ISAC,ok,optimal,CLARABEL,0.01460289999977249,,73.24233952215211,1098635.0928322817,0.894918102514642,3.0569088643275486,359394.1270715497,106548749955.29994,2.8109092987593416e+18,2.8109092987593416e+18,2.746620693902248e+18,3.5575676541444175e-19,0.08940612888483775,-6.2451462296026925,1.5694032746506528,0.05269456090686002,0.00016008504695130257,57,False,44.70005798339844,min_rate,0.0,0.009805439093139981,0.10508189748535801,-0.4538637355480404,-44.70005798339844,,False,4.0,True,359394.1270303063,0.0001260773278772831,False,81.8846702863335
135.0,2.177287669604309,10,uniform,Uniform,ok,closed_form,numpy,1.4799998098169453e-06,,85.60292834002186,1284043.925100328,1.0,3.357142857142857,382481.1691788211,76781250000.0,2.0255998281153943e+18,2.0255998281153943e+18,2.0255998281153943e+18,4.936809265680052e-19,0.10532073506634214,-13.256466474732292,-9.684463547443015,0.015625,0.0,64,False,29767500000.0,min_sensing,0.015625,0.046875,0.0,2.323227081195725,-29767500000.0,,,,,,,,92.5330013986957
135.0,2.177287669604309,10,water_filling,Water-filling (comm. only),ok,closed_form,numpy,0.00013782500036541023,,92.5330013986957,1387995.0209804357,1.0000000000009654,3.357142857145616,413445.3253980879,77495989956.62148,2.0444556963550973e+18,2.0444556963550973e+18,2.0440765759746156e+18,4.891277427937534e-19,0.1048339272253663,-13.723185681837425,-2.818846636439029,0.0270656654305594,9.056795801405229e-05,52,False,29052760043.378525,min_sensing,0.0,0.035434334569440604,-9.654499422140361e-13,9.253300139869566,-29052760043.378525,0.029494276091028372,,,,,,,92.5330013986957
135.0,2.177287669604309,10,max_rate_isac,Max-rate ISAC,ok,optimal,CLARABEL,0.0049897419999069825,,90.1002029342731,1351503.0440140965,0.9999999988322336,3.3571428538063817,402575.3752128066,106548749875.07097,2.810909296642786e+18,2.810909296642786e+18,2.808463184678305e+18,3.557567656823191e-19,0.08940612891849821,-8.028462978841297,0.0893233207600817,0.04214908440379252,0.00013128985238168968,61,True,124.92903137207031,,0.0,0.020350915596207483,1.1677664391029907e-09,6.8205016754469625,-124.92903137207031,,False,,,,,,92.5330013986957
135.0,2.177287669604309,10,dinkelbach_ee_isac,Dinkelbach EE-ISAC,ok,optimal,CLARABEL,0.012225280999700772,,83.14037107578898,1247105.5661368347,0.9017303956109044,3.0763725588882984,405381.8392488517,106548749952.59326,2.8109092986879355e+18,2.8109092986879355e+18,2.80816881759362e+18,3.557567654234791e-19,0.08940612888597334,-6.485310169821121,1.4599794090706109,0.04881973520719771,0.00014971122837307362,59,False,47.40673828125,min_rate,0.0,0.013680264792802287,0.0982696043890956,-0.13933018303715983,-47.40673828125,,False,4.0,True,405381.83920755924,0.00012703100219368935,False,92.5330013986957
135.0,2.177287669604309,11,uniform,Uniform,ok,closed_form,numpy,1.4570000530511606e-06,,70.85178613041778,1062776.7919562666,1.0,3.357142857142857,316571.81036995177,76781250000.0,2.0255998281153943e+18,2.0255998281153943e+18,2.0255998281153943e+18,4.936809265680052e-19,0.10532073506634214,-13.256466474732292,-9.684463547443015,0.015625,0.0,64,False,29767500000.0,min_rate;min_sensing,0.015625,0.046875,0.0,-3.3745207918358915,-29767500000.0,,,,,,,,82.47367435805963
135.0,2.177287669604309,11,water_filling,Water-filling (comm. only),ok,closed_form,numpy,0.00014689399995404528,,82.47367435805963,1237105.1153708943,0.9999999999994349,3.357142857141243,368499.39606810315,81499122647.16095,2.1500640954092915e+18,2.1500640954092915e+18,2.1493858351174124e+18,4.651024135211362e-19,0.1022268559131007,-12.570063726605799,-0.7245260363646298,0.032155773749137646,0.00014977886787848478,45,False,25049627352.83905,min_sensing,0.0,0.030344226250862354,5.651035195342047e-13,8.247367435805955,-25049627352.83905,0.03452412661818448,,,,,,,82.47367435805963
135.0,2.177287669604309,11,max_rate_isac,Max-rate ISAC,ok,optimal,CLARABEL,0.005215896000208886,,80.83182945839724,1212477.4418759586,0.9999999983778662,3.3571428525081894,361163.493823354,106548749807.3689,2.8109092948567076e+18,2.8109092948567076e+18,2.8053538718722734e+18,3.557567659083703e-19,0.08940612894690296,-7.6700797762373725,1.2712397515789895,0.04583544157292235,0.00019073876079081089,56,True,192.631103515625,,0.0,0.016664558427077647,1.6221337606481256e-09,6.605522536143567,-192.631103515625,,False,,,,,,82.47367435805963
135.0,2.177287669604309,11,dinkelbach_ee_isac,Dinkelbach EE-ISAC,ok,optimal,CLARABEL,0.014760077999653731,,72.37255749941959,1085588.3624912938,0.8626733496229324,2.9647809989226643,366161.4004156707,106548749974.4612,2.8109092992648433e+18,2.8109092992648433e+18,2.8016596739854075e+18,3.55756765350464e-19,0.08940612887679854,-5.636783909453717,3.032328647492726,0.05670915200354433,0.00021404018848712207,53,False,25.538803100585938,min_rate,0.0,0.00579084799645567,0.1373266503770676,-1.8537494228340847,-25.538803100585938,,False,4.0,True,366161.4001928741,0.0006605430971831083,False,82.47367435805963
135.0,2.177287669604309,12,uniform,Uniform,ok,closed_form,numpy,1.475999852118548e-06,,61.48373522992623,922256.0284488935,1.0,3.357142857142857,274714.5616656278,76781250000.0,2.0255998281153943e+18,2.0255998281153943e+18,2.0255998281153943e+18,4.936809265680052e-19,0.10532073506634214,-13.256466474732292,-9.684463547443015,0.015625,0.0,64,False,29767500000.0,min_rate;min_sensing,0.015625,0.046875,0.0,-2.291246295355606,-29767500000.0,,,,,,,,70.86109058364649
135.0,2.177287669604309,12,water_filling,Water-filling (comm. only),ok,closed_form,numpy,0.00015152399964790675,,70.86109058364649,1062916.3587546973,1.0000000000001839,3.3571428571433826,316613.3834587964,79647446908.52635,2.1012142257092846e+18,2.1012142257092846e+18,2.026823571367005e+18,4.759153006697547e-19,0.10340833393844905,-11.30141049805291,-1.1775813200848684,0.03316367231940484,0.0001431989018467706,46,False,26901303091.473648,min_sensing,0.0,0.02933632768059516,-1.8385293287792592e-13,7.086109058364649,-26901303091.473648,0.03649254371053395,,,,,,,70.86109058364649
135.0,2.177287669604309,12,max_rate_isac,Max-rate ISAC,ok,optimal,CLARABEL,0.005041398999765079,,69.23871680481227,1038580.752072184,0.9999999981576753,3.3571428518790722,309364.47982571425,106548749802.04935,2.8109092947163704e+18,2.8109092947163704e+18,2.6895109919740063e+18,3.5575676592613177e-19,0.0894061289491348,-7.160014515434064,1.2665476402820657,0.05193995618306846,0.00020512511362774926,60,True,197.95065307617188,,0.0,0.010560043816931541,1.8423247372112428e-09,5.463735279530432,-197.95065307617188,,False,,,,,,70.86109058364649
135.0,2.177287669604309,12,dinkelbach_ee_isac,Dinkelbach EE-ISAC,ok,optimal,CLARABEL,0.0121172710000792,,63.35793886965897,950369.0830448846,0.8920004834638902,3.048572809896829,311742.29461065336,106548749985.35202,2.8109092995521587e+18,2.8109092995521587e+18,2.6602752417984507e+18,3.557567653141005e-19,0.08940612887222923,-5.716335070794788,2.583625495331461,0.059810168992380015,0.00022429224939837046,55,False,14.647979736328125,min_rate,0.0,0.0026898310076199847,0.10799951653610984,-0.4170426556228648,-14.647979736328125,,False,4.0,True,311742.2945917967,5.748588591814041e-05,False,70.86109058364649
135.0,2.177287669604309,13,uniform,Uniform,ok,closed_form,numpy,1.3970002328278497e-06,,81.18660359724856,1217799.0539587284,1.0,3.357142857142857,362748.65437068505,76781250000.0,2.0255998281153943e+18,2.0255998281153943e+18,2.0255998281153943e+18,4.936809265680052e-19,0.10532073506634214,-13.256466474732292,-9.684463547443015,0.015625,0.0,64,False,29767500000.0,min_rate;min_sensing,0.015625,0.046875,0.0,-0.5979390380307166,-29767500000.0,,,,,,,,90.8717140391992
135.0,2.177287669604309,13,water_filling,Water-filling (comm. only),ok,closed_form,numpy,0.00014471899976342684,,90.8717140391992,1363075.7105879881,0.9999999999995488,3.357142857141568,406022.55209019495,73835430488.57642,1.9478848717165524e+18,1.9478848717165524e+18,1.903169850787654e+18,5.133773635804055e-19,0.10740118297348307,-12.267180008874734,-2.067992260442404,0.029890363973514807,0.00012645254501514685,49,False,32713319511.423584,min_sensing,0.0,0.03260963602648519,4.511946372076636e-13,9.087171403919925,-32713319511.423584,0.032172480147950266,,,,,,,90.8717140391992
135.0,2.177287669604309,13,max_rate_isac,Max-rate ISAC,ok,optimal,CLARABEL,0.0048307759998351685,,87.98574593211622,1319786.1889817433,0.9999999980511737,3.3571428515747823,393127.80162531737,106548749763.36299,2.810909293695769e+18,2.810909293695769e+18,2.768046331974824e+18,3.55756766055302e-19,0.08940612896536584,-7.399696416061753,0.9254667856310156,0.056940693190570074,0.0001794645204966162,57,True,236.6370086669922,,0.0,0.005559306809429926,1.9488263225397873e-09,6.201203296836937,-236.6370086669922,,False,,,,,,90.8717140391992
135.0,2.177287669604309,13,dinkelbach_ee_isac,Dinkelbach EE-ISAC,ok,optimal,CLARABEL,0.014155858999401971,,80.15581253715949,1202337.1880573924,0.8850938063629764,3.0288394467513613,396962.99826885236,106548749957.93301,2.810909298828806e+18,2.810909298828806e+18,2.773197391307345e+18,3.557567654056501e-19,0.08940612888373302,-5.975158764012052,2.570457241703597,0.06249999964664394,0.00020694930335741257,57,False,42.066986083984375,min_rate,0.0,3.533560596902241e-10,0.11490619363702359,-1.6287300981197887,-42.066986083984375,,False,4.0,True,396962.9981915023,0.00023428094573318958,False,90.8717140391992
135.0,2.177287669604309,14,uniform,Uniform,ok,closed_form,numpy,1.3859998944099061e-06,,83.90141814457682,1258521.2721686524,1.0,3.357142857142857,374878.6768161943,76781250000.0,2.0255998281153943e+18,2.0255998281153943e+18,2.0255998281153943e+18,4.936809265680052e-19,0.10532073506634214,-13.256466474732292,-9.684463547443015,0.015625,0.0,64,False,29767500000.0,min_rate;min_sensing,0.015625,0.046875,0.0,-0.40559547168943766,-29767500000.0,,,,,,,,93.67445957362918
135.0,2.177287669604309,14,water_filling,Water-filling (comm. only),ok,closed_form,numpy,0.00017559999969307682,,93.67445957362918,1405116.8936044376,0.9999999999990024,3.357142857140007,418545.45766976225,80763751072.07492,2.1306639353950275e+18,2.1306639353950275e+18,2.1304300737442616e+18,4.693372724753981e-19,0.10269120023296505,-12.525253483311934,-1.908387252629631,0.028525954620206625,0.00010865834811761553,50,False,25784998927.92508,min_sensing,0.0,0.03397404537979337,9.976464099281657e-13,9.367445957362918,-25784998927.92508,0.030378661837780867,,,,,,,93.67445957362918
135.0,2.177287669604309,14,max_rate_isac,Max-rate ISAC,ok,optimal,SCS,0.011706422000315797,,91.75349247372895,1376302.3871059343,0.9999989249534973,3.357139785581421,409962.78826905426,106548538928.21283,2.810903731561212e+18,2.810903731561212e+18,2.809744143453884e+18,3.5575747001644457e-19,0.08940621742244602,-7.8421188410276566,0.33881553786085417,0.044904095292979895,0.00014244400547010314,64,False,211071.78717041016,min_sensing,1.0226189096497807e-07,0.017595904707020105,1.0750465027076217e-06,7.446478857462694,-211071.78717041016,,False,,,,,,93.67445957362918
135.0,2.177287669604309,14,dinkelbach_ee_isac,Dinkelbach EE-ISAC,ok,optimal,SCS,0.05594099100062522,,82.5519125521534,1238278.688282301,0.8682388829210592,2.980682522631598,415434.6123347092,106548749602.75056,2.8109092894585815e+18,2.8109092894585815e+18,2.810162664177523e+18,3.557567665915727e-19,0.08940612903275161,-5.852463507536701,2.1205264445329752,0.05426028582557061,0.00016582384848669066,64,False,397.2494354248047,min_rate,5.13351580022816e-09,0.00823971417442939,0.13176111707894078,-1.7551010641128642,-397.2494354248047,,False,4.0,True,415434.61240515334,-0.00020997156389057636,False,93.67445957362918
135.0,2.177287669604309,15,uniform,Uniform,ok,closed_form,numpy,2.547999883972807e-06,,78.81039429760045,1182155.914464007,1.0,3.357142857142857,352131.5489892787,76781250000.0,2.0255998281153943e+18,2.0255998281153943e+18,2.0255998281153943e+18,4.936809265680052e-19,0.10532073506634214,-13.256466474732292,-9.684463547443015,0.015625,0.0,64,False,29767500000.0,min_rate;min_sensing,0.015625,0.046875,0.0,-0.02461047314568532,-29767500000.0,,,,,,,,87.59444974527348
135.0,2.177287669604309,15,water_filling,Water-filling (comm. only),ok,closed_form,numpy,0.00015216100018733414,,87.59444974527348,1313916.7461791022,1.0000000000003326,3.3571428571438076,391379.45630855794,70803306270.42981,1.8678930730013414e+18,1.8678930730013414e+18,1.867380025792748e+18,5.353625507016814e-19,0.10967678251855406,-12.829236611285575,-2.245803754083127,0.030152119445829958,0.0001237772991621579,50,False,35745443729.57019,min_sensing,0.0,0.03234788055417004,-3.326228181776969e-13,8.75944497452734,-35745443729.57019,0.032362794568260425,,,,,,,87.59444974527348
135.0,2.177287669604309,15,max_rate_isac,Max-rate ISAC,ok,optimal,CLARABEL,0.005148349999672064,,84.37318198956706,1265597.729843506,0.999999997698323,3.3571428505666376,376986.5585641943,106548749743.08284,2.8109092931607496e+18,2.8109092931607496e+18,2.8073583277877396e+18,3.5575676612301564e-19,0.08940612897387448,-8.18240182184527,1.0067896302695374,0.04972046393250323,0.0001761499247768644,61,True,256.9171600341797,,0.0,0.012779536067496773,2.3016769601369447e-09,5.53817721882092,-256.9171600341797,,False,,,,,,87.59444974527348
135.0,2.177287669604309,15,dinkelbach_ee_isac,Dinkelbach EE-ISAC,ok,optimal,CLARABEL,0.012549969001156569,,78.16557446712766,1172483.617006915,0.9070617112198743,3.0916048891996413,379247.5620357972,106548749963.3276,2.8109092989711227e+18,2.8109092989711227e+18,2.806534028534417e+18,3.557567653876381e-19,0.08940612888146969,-6.929026136115203,2.323726335479944,0.05730977647900786,0.00019741994625987103,58,False,36.672393798828125,min_rate,0.0,0.005190223520992139,0.09293828878012567,-0.6694303036184834,-36.672393798828125,,False,4.0,True,379247.56203560194,6.03729858994484e-07,False,87.59444974527348
135.0,2.177287669604309,16,uniform,Uniform,ok,closed_form,numpy,1.362000148219522e-06,,77.66562872366478,1164984.4308549718,1.0,3.357142857142857,347016.6389780767,76781250000.0,2.0255998281153943e+18,2.0255998281153943e+18,2.0255998281153943e+18,4.936809265680052e-19,0.10532073506634214,-13.256466474732292,-9.684463547443015,0.015625,0.0,64,False,29767500000.0,min_rate;min_sensing,0.015625,0.046875,0.0,-0.8505097760151585,-29767500000.0,,,,,,,,87.24015388853327
135.0,2.177287669604309,16,water_filling,Water-filling (comm. only),ok,closed_form,numpy,0.00014350099991133902,,87.24015388853327,1308602.308327999,1.0000000000007103,3.3571428571448867,389796.43226767896,66714928409.8553,1.760035783732796e+18,1.760035783732796e+18,1.7211360856846218e+18,5.681702663335267e-19,0.1129873852772439,-12.030092435311175,-2.9844240237455892,0.03058795403131557,0.00011427023586753259,49,False,39833821590.1447,min_sensing,0.0,0.03191204596868443,-7.103206911551752e-13,8.724015388853331,-39833821590.1447,0.03192193035965865,,,,,,,87.24015388853327
135.0,2.177287669604309,16,max_rate_isac,Max-rate ISAC,ok,optimal,CLARABEL,0.00473028600026737,,82.80519471187756,1242077.9206781634,0.9999999988186399,3.3571428537675425,369980.657595266,106548749841.58829,2.810909295759464e+18,2.810909295759464e+18,2.7606285875431173e+18,3.5575676579411486e-19,0.08940612893254604,-6.947856545858599,0.05568682945868626,0.04771195810655779,0.00013550929492308353,56,True,158.41171264648438,,0.0,0.014788041893442211,1.1813601208388036e-09,4.289056212197622,-158.41171264648438,,False,,,,,,87.24015388853327
135.0,2.177287669604309,16,dinkelbach_ee_isac,Dinkelbach EE-ISAC,ok,optimal,CLARABEL,0.012710027000593982,,80.27418341297364,1204112.7511946047,0.9630350812640875,3.251528803611679,370322.0312417717,106548749978.6533,2.8109092993754363e+18,2.8109092993754363e+18,2.758374778529054e+18,3.55756765336467e-19,0.08940612887503972,-6.571111195453648,0.5302949701542439,0.04953744758570119,0.00014105057471805406,56,True,21.346694946289062,,0.0,0.012962552414298813,0.036964918735912455,1.758044913293702,-21.346694946289062,,False,4.0,True,370322.0312352253,2.1285610273480415e-05,False,87.24015388853327
135.0,2.177287669604309,17,uniform,Uniform,ok,closed_form,numpy,1.4229999578674324e-06,,66.04678527446066,990701.77911691,1.0,3.357142857142857,295102.6576092923,76781250000.0,2.0255998281153943e+18,2.0255998281153943e+18,2.0255998281153943e+18,4.936809265680052e-19,0.10532073506634214,-13.256466474732292,-9.684463547443015,0.015625,0.0,64,False,29767500000.0,min_rate;min_sensing,0.015625,0.046875,0.0,-2.675555130172768,-29767500000.0,,,,,,,,76.35815600514825
135.0,2.177287669604309,17,water_filling,Water-filling (comm. only),ok,closed_form,numpy,0.000146618999679049,,76.35815600514825,1145372.3400772237,1.000000000000409,3.357142857144026,341174.7395973521,84132938219.53801,2.219547939065062e+18,2.219547939065062e+18,2.1997636893518164e+18,4.505421948314525e-19,0.10061400633662047,-12.191369727424448,-0.7527918436593748,0.032403569845699046,0.00014903850115356032,45,False,22415811780.46199,min_sensing,0.0,0.030096430154300954,-4.0900616227190767e-13,7.6358156005148174,-22415811780.46199,0.0356029703578004,,,,,,,76.35815600514825
135.0,2.177287669604309,17,max_rate_isac,Max-rate ISAC,ok,optimal,CLARABEL,0.005025565999858372,,75.24682329945475,1128702.3494918211,0.9999999989818733,3.357142854233924,336209.2107782476,106548749895.58585,2.810909297183998e+18,2.810909297183998e+18,2.7804990214237804e+18,3.5575676561382177e-19,0.08940612890989108,-7.855455805043253,1.0767867235551747,0.04337895683459643,0.00019010618443706913,58,True,104.41415405273438,,0.0,0.01912104316540357,1.018126694063426e-09,6.524482894821318,-104.41415405273438,,False,,,,,,76.35815600514825
135.0,2.177287669604309,17,dinkelbach_ee_isac,Dinkelbach EE-ISAC,ok,optimal,CLARABEL,0.012451510999653692,,66.43606060395501,996540.9090593252,0.8437277763136279,2.9106507894675087,342377.35171302984,106548749971.34467,2.8109092991826243e+18,2.8109092991826243e+18,2.78732441836494e+18,3.5575676536086984e-19,0.0894061288781061,-5.3242058703521735,2.9644536930676475,0.05225313177803832,0.00020748640639198552,55,False,28.65533447265625,min_rate,0.0,0.010246868221961677,0.15627222368637206,-2.2862798006784146,-28.65533447265625,,False,4.0,True,342377.35130267555,0.0011943980352953076,False,76.35815600514825
135.0,2.177287669604309,18,uniform,Uniform,ok,closed_form,numpy,1.434000296285376e-06,,75.18406291643532,1127760.9437465298,1.0,3.357142857142857,335928.79175428546,76781250000.0,2.0255998281153943e+18,2.0255998281153943e+18,2.0255998281153943e+18,4.936809265680052e-19,0.10532073506634214,-13.256466474732292,-9.684463547443015,0.015625,0.0,64,False,29767500000.0,min_rate;min_sensing,0.015625,0.046875,0.0,-1.5064133251138827,-29767500000.0,,,,,,,,85.21164026838801
135.0,2.177287669604309,18,water_filling,Water-filling (comm. only),ok,closed_form,numpy,0.0001436249999642314,,85.21164026838801,1278174.60402582,0.9999999999996615,3.35714285714189,380732.8607737582,78243909887.17885,2.0641869000380416e+18,2.0641869000380416e+18,2.062155160209592e+18,4.844522557436881e-19,0.10433167947708559,-12.583289695546096,-1.6442524048930742,0.029012334463689424,0.0001242187998815811,47,False,28304840112.82115,min_sensing,0.0,0.03348766553631058,3.3850700020821023e-13,8.521164026838804,-28304840112.82115,0.03223300704480719,,,,,,,85.21164026838801
135.0,2.177287669604309,18,max_rate_isac,Max-rate ISAC,ok,optimal,CLARABEL,0.004868170999998256,,83.11352037343707,1246702.805601556,0.9999999976256766,3.357142850359076,371358.2832700164,106548749725.38446,2.8109092926938404e+18,2.8109092926938404e+18,2.8104587922577905e+18,3.55756766182109e-19,0.08940612898129993,-7.948885340527617,0.6784183051605992,0.04074137959125158,0.00015870759175455284,54,True,274.61553955078125,,0.0,0.021758620408748423,2.3743234045525696e-09,6.423044131887863,-274.61553955078125,,False,,,,,,85.21164026838801
135.0,2.177287669604309,18,dinkelbach_ee_isac,Dinkelbach EE-ISAC,ok,optimal,CLARABEL,0.012750407000112318,,76.46104336001514,1146915.6504002272,0.8974043198426414,3.0640123424075467,374318.2214138989,106548749963.25632,2.8109092989692416e+18,2.8109092989692416e+18,2.810597014557953e+18,3.557567653878762e-19,0.08940612888149961,-6.385687876428372,1.9339928354775542,0.045615133676933636,0.0001707676965900536,52,False,36.743682861328125,min_rate,0.0,0.016884866323066364,0.10259568015735865,-0.22943288153406627,-36.743682861328125,,False,4.0,True,374318.2213787336,0.00010774703696370125,False,85.21164026838801
135.0,2.177287669604309,19,uniform,Uniform,ok,closed_form,numpy,1.5700002222729381e-06,,74.48925728363906,1117338.859254586,1.0,3.357142857142857,332824.34105455753,76781250000.0,2.0255998281153943e+18,2.0255998281153943e+18,2.0255998281153943e+18,4.936809265680052e-19,0.10532073506634214,-13.256466474732292,-9.684463547443015,0.015625,0.0,64,False,29767500000.0,min_rate;min_sensing,0.015625,0.046875,0.0,-4.105500629504348,-29767500000.0,,,,,,,,87.32750879238156
135.0,2.177287669604309,19,water_filling,Water-filling (comm. only),ok,closed_form,numpy,0.00014141600013317657,,87.32750879238156,1309912.6318857234,1.0000000000000875,3.3571428571431072,390186.7414127396,60117249702.33125,1.5859795283850214e+18,1.5859795283850214e+18,1.582556940238565e+18,6.305251625903927e-19,0.11902602186097683,-12.760334134272856,-1.7102260617120169,0.03273076466600267,0.0001769403398067196,41,False,46431500297.66875,min_sensing,0.0,0.029769235333997328,-8.748557434046234e-14,8.732750879238154,-46431500297.66875,0.03482077766955129,,,,,,,87.32750879238156
135.0,2.177287669604309,19,max_rate_isac,Max-rate ISAC,ok,optimal,CLARABEL,0.005007901000226411,,82.15991720503953,1232398.758075593,0.9999999976882299,3.3571428505378,367097.50312774687,106548749700.14885,2.810909292028089e+18,2.810909292028089e+18,2.805865147983077e+18,3.5575676626636843e-19,0.08940612899188766,-8.52576525317226,1.7023129910984958,0.06249999755027722,0.00021723621829167656,52,True,299.8511505126953,,0.0,2.449722778796737e-09,2.3117701086761144e-09,3.565159291896123,-299.8511505126953,,False,,,,,,87.32750879238156
135.0,2.177287669604309,19,dinkelbach_ee_isac,Dinkelbach EE-ISAC,ok,optimal,CLARABEL,0.012995402000797185,,78.04180274147616,1170627.0411221425,0.9380676069505451,3.1801931627158435,368099.3515885816,106548749955.52199,2.810909298765199e+18,2.810909298765199e+18,2.802005429410752e+18,3.557567654137004e-19,0.08940612888474458,-7.587723041255652,2.408966363634252,0.062499999790989906,0.00022250723821880917,51,False,44.47801208496094,min_rate,0.0,2.090100939544648e-10,0.06193239304945486,-0.5529551716672501,-44.47801208496094,,False,4.0,True,368099.3515680376,6.53339084237814e-05,False,87.32750879238156
140.0,-2.8227123303956914,0,uniform,Uniform,ok,closed_form,numpy,1.5109999367268756e-06,,35.38756093616539,530813.4140424809,1.0,3.357142857142857,158114.6339701007,76781250000.0,2.0255998281153943e+18,2.0255998281153943e+18,2.0255998281153943e+18,4.936809265680052e-19,0.10532073506634214,-13.256466474732292,-9.684463547443015,0.015625,0.0,64,False,29767500000.0,min_rate;min_sensing,0.015625,0.046875,0.0,-6.047968447043253,-29767500000.0,,,,,,,,46.03947709245405
140.0,-2.8227123303956914,0,water_filling,Water-filling (comm. only),ok,closed_form,numpy,0.00014548999979524524,,46.03947709245405,690592.1563868107,1.0000000000002895,3.3571428571436845,205708.30190240356,76691192043.80528,2.023223969678752e+18,2.023223969678752e+18,2.0183763313425536e+18,4.942606527930668e-19,0.10538255564176749,-10.379116240666209,0.9769124320894675,0.04277407890344443,0.00025383264260634125,37,False,29857557956.194717,min_sensing,0.0,0.01972592109655557,-2.8954616482224083e-13,4.6039477092454035,-29857557956.194717,0.051417230288080304,,,,,,,46.03947709245405
140.0,-2.8227123303956914,0,max_rate_isac,Max-rate ISAC,ok,optimal,CLARABEL,0.0052610200000344776,,44.61588020716623,669238.2031074935,0.9999999987169637,3.3571428534770393,199347.55007948328,106548749860.24437,2.8109092962516383e+18,2.8109092962516383e+18,2.7979145725399173e+18,3.557567657318239e-19,0.08940612892471879,-6.99176470263448,3.418782286977486,0.06249999956062807,0.00035069643425912877,61,True,139.75563049316406,,0.0,4.3937192772958156e-10,1.2830363438354198e-09,3.180350823957582,-139.75563049316406,,False,,,,,,46.03947709245405
140.0,-2.8227123303956914,0,dinkelbach_ee_isac,Dinkelbach EE-ISAC,ok,optimal,CLARABEL,0.013550222999583639,,43.61070006918982,654160.5010378473,0.9730152119999682,3.2800434628570523,199436.53443788414,106548749985.07248,2.8109092995447834e+18,2.8109092995447834e+18,2.797407226849445e+18,3.5575676531503396e-19,0.08940612887234653,-6.540541598593588,3.7135964177142284,0.06249999996046058,0.0003528333393038569,61,True,14.927520751953125,,0.0,3.953942034895519e-11,0.02698478800003179,2.175170685981172,-14.927520751953125,,False,4.0,True,199436.53444208912,-1.3792538084089756e-05,False,46.03947709245405
140.0,-2.8227123303956914,1,uniform,Uniform,ok,closed_form,numpy,1.6429999050160404e-06,,34.18248172323054,512737.22584845807,1.0,3.357142857142857,152730.23748677474,76781250000.0,2.0255998281153943e+18,2.0255998281153943e+18,2.0255998281153943e+18,4.936809265680052e-19,0.10532073506634214,-13.256466474732292,-9.684463547443015,0.015625,0.0,64,False,29767500000.0,min_rate;min_sensing,0.015625,0.046875,0.0,-7.17407629459138,-29767500000.0,,,,,,,,45.95173113091324
140.0,-2.8227123303956914,1,water_filling,Water-filling (comm. only),ok,closed_form,numpy,0.00014140699977360782,,45.95173113091324,689275.9669636986,0.9999999999999478,3.3571428571427084,205316.24547855763,73325701088.7897,1.9344374768826145e+18,1.9344374768826145e+18,1.9304372121341263e+18,5.169461468517041e-19,0.10777384035690346,-10.908236201219427,1.7102974904795412,0.051197578870216365,0.000325243790919381,33,False,33223048911.210297,min_sensing,0.0,0.011302421129783635,5.218048215738236e-14,4.59517311309132,-33223048911.210297,0.05536359399072283,,,,,,,45.95173113091324
140.0,-2.8227123303956914,1,max_rate_isac,Max-rate ISAC,ok,optimal,CLARABEL,0.004960193999977491,,44.50124825594456,667518.7238391684,0.999999998580825,3.357142853088072,198835.36478799244,106548749848.0101,2.810909295928881e+18,2.810909295928881e+18,2.8108776437946537e+18,3.5575676577267295e-19,0.08940612892985172,-8.480051287814048,3.750561449465631,0.062499999464062206,0.0003840936796821557,59,True,151.98989868164062,,0.0,5.359377941438481e-10,1.4191749997394254e-09,3.1446902381226423,-151.98989868164062,,False,,,,,,45.95173113091324
140.0,-2.8227123303956914,1,dinkelbach_ee_isac,Dinkelbach EE-ISAC,ok,optimal,CLARABEL,0.012870253000073717,,41.50546324473099,622581.9486709648,0.9165613815608447,3.1187468044595565,199625.67906465597,106548749986.86375,2.81090929959204e+18,2.81090929959204e+18,2.8103170241690327e+18,3.5575676530905303e-19,0.08940612887159498,-7.250690643566542,4.527077910523108,0.06249999996082994,0.0003744004202790659,58,True,13.136245727539062,,0.0,3.917006302645021e-11,0.08343861843915534,0.14890522690907204,-13.136245727539062,,False,4.0,True,199625.67906091138,1.167843583971262e-05,False,45.95173113091324
140.0,-2.8227123303956914,2,uniform,Uniform,ok,closed_form,numpy,2.6440002329763956e-06,,30.3634360283004,455451.540424506,1.0,3.357142857142857,135666.41629666137,76781250000.0,2.0255998281153943e+18,2.0255998281153943e+18,2.0255998281153943e+18,4.936809265680052e-19,0.10532073506634214,-13.256466474732292,-9.684463547443015,0.015625,0.0,64,False,29767500000.0,min_rate;min_sensing,0.015625,0.046875,0.0,-6.510919083509215,-29767500000.0,,,,,,,,40.97150567978846
140.0,-2.8227123303956914,2,water_filling,Water-filling (comm. only),ok,closed_form,numpy,0.00015150999979596236,,40.97150567978846,614572.5851968268,1.000000000000359,3.357142857143883,183064.17431389246,79462362034.52834,2.0963314204807012e+18,2.0963314204807012e+18,2.0606029784163587e+18,4.770238094178325e-19,0.10352869398082853,-9.618969566143532,2.277644435039024,0.051473868077205914,0.00034062625366446277,35,False,27086387965.471664,min_sensing,0.0,0.011026131922794086,-3.590461261637756e-13,4.097150567978844,-27086387965.471664,0.05945086405575076,,,,,,,40.97150567978846
140.0,-2.8227123303956914,2,max_rate_isac,Max-rate ISAC,ok,optimal,SCS,0.008878262000052928,,40.08445869471555,601266.8804207332,1.0000000510764067,3.3571430030754477,179100.76510590053,106548743641.13608,2.8109091321826156e+18,2.8109091321826156e+18,2.771436014409901e+18,3.557567864968725e-19,0.0894061315339771,-6.524613613416646,3.783815351136628,0.06250000423346457,0.00039089035284921346,59,True,6358.863922119141,,0.0,-4.233464565017719e-09,-5.1076406659689155e-08,3.210103582905937,-6358.863922119141,,False,,,,,,40.97150567978846
140.0,-2.8227123303956914,2,dinkelbach_ee_isac,Dinkelbach EE-ISAC,ok,optimal,SCS,0.03480121800021152,,37.11363698466518,556704.5547699777,0.9073336188536666,3.0923817681533334,180024.52365460133,106549111889.24902,2.8109188470975764e+18,2.8109188470975764e+18,2.7632555169719547e+18,3.557555569533974e-19,0.08940597703401416,-5.431738355068553,4.6076546724677705,0.06250014426421689,0.00038009644009117055,49,False,1.442642168919539e-07,peak_power,0.0,-1.442642168919539e-07,0.09266638114633341,0.2392818728555639,361889.2490234375,,False,4.0,True,180024.52473863855,-0.0033522568410262465,False,40.97150567978846
140.0,-2.8227123303956914,3,uniform,Uniform,ok,closed_form,numpy,2.6799998522619717e-06,,28.65833231548617,429874.98473229253,1.0,3.357142857142857,128047.86779259777,76781250000.0,2.0255998281153943e+18,2.0255998281153943e+18,2.0255998281153943e+18,4.936809265680052e-19,0.10532073506634214,-13.256466474732292,-9.684463547443015,0.015625,0.0,64,False,29767500000.0,min_rate;min_sensing,0.015625,0.046875,0.0,-7.6421640508556266,-29767500000.0,,,,,,,,40.333884851490886
140.0,-2.8227123303956914,3,water_filling,Water-filling (comm. only),ok,closed_form,numpy,0.0001196440002786403,,40.333884851490886,605008.2727723633,0.9999999999999281,3.3571428571426516,180215.2301875235,97536134692.21686,2.573143543086293e+18,2.573143543086293e+18,2.3954361467511967e+18,3.8862969875383435e-19,0.09344556628940963,-7.088837182336837,2.3938051523847577,0.051293438574775106,0.00031906223763105405,32,False,9012615307.783142,min_sensing,0.0,0.011206561425224894,7.194245199571014e-14,4.033388485149089,-9012615307.783142,0.058611324613157455,,,,,,,40.333884851490886
140.0,-2.8227123303956914,3,max_rate_isac,Max-rate ISAC,ok,optimal,CLARABEL,0.00493869399997493,,40.219502976613214,603292.5446491982,0.9999999985870203,3.3571428531057723,179704.1624520321,106548749906.61475,2.8109092974749563e+18,2.8109092974749563e+18,2.6051527959266565e+18,3.557567655769972e-19,0.08940612890526385,-5.858066993894263,2.7299348016880782,0.0558096363291459,0.0003306649339574278,60,True,93.38525390625,,0.0,0.006690363670854099,1.4129797332174121e-09,3.919006610271417,-93.38525390625,,False,,,,,,40.333884851490886
140.0,-2.8227123303956914,3,dinkelbach_ee_isac,Dinkelbach EE-ISAC,ok,optimal,CLARABEL,0.01249566699971183,,35.93972752709222,539095.9129063833,0.8603616367258256,2.95817610493093,182239.28994888914,106548749984.53043,2.8109092995304837e+18,2.8109092995304837e+18,2.548795821985731e+18,3.5575676531684375e-19,0.08940612887257395,-3.999244205114005,3.7775244385704965,0.058564771941670424,0.0003134107287005725,51,False,15.469573974609375,min_rate,0.0,0.003935228058329576,0.13963836327417445,-0.36076883924958025,-15.469573974609375,,False,4.0,True,182239.28983622952,0.000333267031237483,False,40.333884851490886
140.0,-2.8227123303956914,4,uniform,Uniform,ok,closed_form,numpy,1.5160003385972232e-06,,38.35341685279111,575301.2527918667,1.0,3.357142857142857,171366.33061885388,76781250000.0,2.0255998281153943e+18,2.0255998281153943e+18,2.0255998281153943e+18,4.936809265680052e-19,0.10532073506634214,-13.256466474732292,-9.684463547443015,0.015625,0.0,64,False,29767500000.0,min_rate;min_sensing,0.015625,0.046875,0.0,-5.700879094276651,-29767500000.0,,,,,,,,48.94921771896418
140.0,-2.8227123303956914,4,water_filling,Water-filling (comm. only),ok,closed_form,numpy,0.00016931600021052873,,48.94921771896418,734238.2657844627,1.0000000000007871,3.3571428571451065,218709.2706590551,77709233042.10756,2.050081355709528e+18,2.050081355709528e+18,2.0343555319409812e+18,4.877855199331358e-19,0.1046899902274254,-9.660557333588157,1.2254920182248348,0.04728444712488044,0.00026502311965757874,39,False,28839516957.89244,min_sensing,0.0,0.01521555287511956,-7.87148124459236e-13,4.8949217718964135,-28839516957.89244,0.05121501062589079,,,,,,,48.94921771896418
140.0,-2.8227123303956914,4,max_rate_isac,Max-rate ISAC,ok,optimal,CLARABEL,0.005269861999749992,,47.716522886612026,715747.8432991804,0.9999999989804988,3.357142854229997,213201.48542304023,106548749888.99301,2.8109092970100695e+18,2.8109092970100695e+18,2.767949597070031e+18,3.557567656358346e-19,0.08940612891265715,-6.115075885161991,3.3332048948999864,0.06249999653345612,0.0003454695423407252,58,True,111.00698852539062,,0.0,3.466543878338779e-09,1.0195011501679119e-09,3.6622269395442615,-111.00698852539062,,False,,,,,,48.94921771896418
140.0,-2.8227123303956914,4,dinkelbach_ee_isac,Dinkelbach EE-ISAC,ok,optimal,CLARABEL,0.012842318999901181,,44.66447188817746,669967.0783226619,0.9197906919983354,3.12797340570953,214185.66957754898,106548749973.1725,2.810909299230845e+18,2.810909299230845e+18,2.755814465894952e+18,3.557567653547669e-19,0.08940612887733922,-5.091196725477846,4.1725116293265225,0.062499999815446114,0.00034983042690445615,55,True,26.827499389648438,,0.0,1.8455388606231082e-10,0.08020930800166459,0.610175941109695,-26.827499389648438,,False,4.0,True,214185.66960146267,-7.480138447135687e-05,False,48.94921771896418
140.0,-2.8227123303956914,5,uniform,Uniform,ok,closed_form,numpy,1.4479996934824158e-06,,38.332658775225546,574989.8816283832,1.0,3.357142857142857,171273.58176164606,76781250000.0,2.0255998281153943e+18,2.0255998281153943e+18,2.0255998281153943e+18,4.936809265680052e-19,0.10532073506634214,-13.256466474732292,-9.684463547443015,0.015625,0.0,64,False,29767500000.0,min_rate;min_sensing,0.015625,0.046875,0.0,-4.858657084037837,-29767500000.0,,,,,,,,47.99035095473709
140.0,-2.8227123303956914,5,water_filling,Water-filling (comm. only),ok,closed_form,numpy,0.00013695400002688984,,47.99035095473709,719855.2643210563,0.9999999999991254,3.3571428571403583,214424.97235111255,73100697251.58282,1.9285015519794435e+18,1.9285015519794435e+18,1.897848944544978e+18,5.185373063213689e-19,0.1079395767807816,-11.119570408471844,0.0016775764684729341,0.0417731475590444,0.00021051940863090325,42,False,33448052748.417175,min_sensing,0.0,0.020726852440955602,8.746336987996983e-13,4.799035095473705,-33448052748.417175,0.048468832257757395,,,,,,,47.99035095473709
140.0,-2.8227123303956914,5,max_rate_isac,Max-rate ISAC,ok,optimal,CLARABEL,0.004943721000017831,,46.28273741221906,694241.0611832859,0.9999999988323551,3.357142853806729,206795.209919671,106548749856.92458,2.810909296164058e+18,2.810909296164058e+18,2.7821100194796815e+18,3.557567657429083e-19,0.08940612892611162,-7.107927559042345,2.1121721231937545,0.052562305921801736,0.00024792341152133555,54,True,143.07542419433594,,0.0,0.009937694078198264,1.1676448696817943e-09,3.09142155295568,-143.07542419433594,,False,,,,,,47.99035095473709
140.0,-2.8227123303956914,5,dinkelbach_ee_isac,Dinkelbach EE-ISAC,ok,optimal,CLARABEL,0.00834902000042348,,46.282736643214605,694241.049648219,0.999999979132258,3.3571427975207375,206795.2099508304,106548749976.89374,2.810909299329017e+18,2.810909299329017e+18,2.7821071669893755e+18,3.55756765342342e-19,0.08940612887577795,-7.107934893115607,2.1121433932261455,0.05256359889964913,0.0002479219082112643,53,True,23.10626220703125,,0.0,0.009936401100350871,2.086774197884722e-08,3.0914207839512216,-23.10626220703125,,False,2.0,True,206795.209919671,0.00010460650082677603,False,47.99035095473709
140.0,-2.8227123303956914,6,uniform,Uniform,ok,closed_form,numpy,1.6049998521339148e-06,,34.43734226884133,516560.1340326199,1.0,3.357142857142857,153868.97609482295,76781250000.0,2.0255998281153943e+18,2.0255998281153943e+18,2.0255998281153943e+18,4.936809265680052e-19,0.10532073506634214,-13.256466474732292,-9.684463547443015,0.015625,0.0,64,False,29767500000.0,min_rate;min_sensing,0.015625,0.046875,0.0,-7.05065666183269,-29767500000.0,,,,,,,,46.097776589637796
140.0,-2.8227123303956914,6,water_filling,Water-filling (comm. only),ok,closed_form,numpy,0.0001415249998899526,,46.097776589637796,691466.6488445669,1.000000000000428,3.3571428571440807,205968.7890174555,80186172059.74417,2.1154265701776049e+18,2.1154265701776049e+18,1.9027277577439514e+18,4.727178972305538e-19,0.10306037771829907,-8.97327235376173,0.9628117554954058,0.046138530027482756,0.0002753943607856062,37,False,26362577940.25583,min_sensing,0.0,0.016361469972517244,-4.2810199829546036e-13,4.609777658963779,-26362577940.25583,0.0522634220057272,,,,,,,46.097776589637796
140.0,-2.8227123303956914,6,max_rate_isac,Max-rate ISAC,ok,optimal,CLARABEL,0.005299842000113131,,45.13885545552188,677082.8318328281,0.9999999991674513,3.3571428547641466,201684.24792289516,106548749912.05069,2.810909297618364e+18,2.810909297618364e+18,2.4898096158292675e+18,3.5575676555884716e-19,0.08940612890298318,-6.460403528053542,2.412853243161267,0.06249999881296315,0.00033120823459803993,57,True,87.94931030273438,,0.0,1.1870368507582718e-09,8.325486966498374e-10,3.6508565248478604,-87.94931030273438,,False,,,,,,46.097776589637796
140.0,-2.8227123303956914,6,dinkelbach_ee_isac,Dinkelbach EE-ISAC,ok,optimal,CLARABEL,0.01369321000038326,,42.52915770922435,637937.3656383653,0.9280558668226718,3.15158819092192,202417.7421009286,106548749985.37073,2.8109092995526523e+18,2.8109092995526523e+18,2.5001300079323177e+18,3.5575676531403806e-19,0.08940612887222138,-5.513697575897183,3.001428958761157,0.06249999992462863,0.00031921688837337203,53,True,14.6292724609375,,0.0,7.537136886837104e-11,0.07194413317732817,1.041158778550333,-14.6292724609375,,False,4.0,True,202417.74209387557,2.2228225134313107e-05,False,46.097776589637796
140.0,-2.8227123303956914,7,uniform,Uniform,ok,closed_form,numpy,1.4420002116821706e-06,,29.815758727992534,447236.38091988803,1.0,3.357142857142857,133219.34750805175,76781250000.0,2.0255998281153943e+18,2.0255998281153943e+18,2.0255998281153943e+18,4.936809265680052e-19,0.10532073506634214,-13.256466474732292,-9.684463547443015,0.015625,0.0,64,False,29767500000.0,min_rate;min_sensing,0.015625,0.046875,0.0,-7.361468004854135,-29767500000.0,,,,,,,,41.308029703162966
140.0,-2.8227123303956914,7,water_filling,Water-filling (comm. only),ok,closed_form,numpy,0.00014297400002760696,,41.308029703162966,619620.4455474445,0.9999999999997373,3.3571428571421067,184567.7922907694,80279637000.62167,2.1178923097712724e+18,2.1178923097712724e+18,2.108784662795857e+18,4.721675391077829e-19,0.10300036662611191,-8.263690807535463,1.6837774060862372,0.05017207527737084,0.00029096119399537224,35,False,26269112999.378326,min_sensing,0.0,0.012327924722629162,2.6267876762631204e-13,4.130802970316296,-26269112999.378326,0.0569427141153306,,,,,,,41.308029703162966
140.0,-2.8227123303956914,7,max_rate_isac,Max-rate ISAC,ok,optimal,CLARABEL,0.00514240799975596,,40.49759089865573,607463.8634798359,0.9999999988917099,3.357142853976314,180946.68290934808,106548749896.9338,2.8109092972195594e+18,2.8109092972195594e+18,2.778377434277895e+18,3.55756765609321e-19,0.08940612890932553,-7.664404372338529,3.5645262931871047,0.062499992152573854,0.0003674237012111228,63,True,103.06619262695312,,0.0,7.847426146401215e-09,1.1082901263392841e-09,3.3203641658090604,-103.06619262695312,,False,,,,,,41.308029703162966
140.0,-2.8227123303956914,7,dinkelbach_ee_isac,Dinkelbach EE-ISAC,ok,optimal,CLARABEL,0.0130986839990328,,37.66959774956561,565043.9662434842,0.9132230044146579,3.10920858404188,181732.40905855972,106548749992.14603,2.810909299731394e+18,2.810909299731394e+18,2.765771732462756e+18,3.55756765291416e-19,0.08940612886937878,-6.6264436842397565,4.416713410914822,0.06249999963322736,0.0003646282044131482,61,True,7.853973388671875,,0.0,3.6677264003692756e-10,0.08677699558534213,0.49237101671894123,-7.853973388671875,,False,4.0,True,181732.40903964188,5.8819539844989777e-05,False,41.308029703162966
140.0,-2.8227123303956914,8,uniform,Uniform,ok,closed_form,numpy,1.3510002645489294e-06,,34.424879108228204,516373.18662342307,1.0,3.357142857142857,153813.289632509,76781250000.0,2.0255998281153943e+18,2.0255998281153943e+18,2.0255998281153943e+18,4.936809265680052e-19,0.10532073506634214,-13.256466474732292,-9.684463547443015,0.015625,0.0,64,False,29767500000.0,min_rate;min_sensing,0.015625,0.046875,0.0,-6.559351600302875,-29767500000.0,,,,,,,,45.53803412059008
140.0,-2.8227123303956914,8,water_filling,Water-filling (comm. only),ok,closed_form,numpy,0.00014331900001707254,,45.53803412059008,683070.5118088513,0.9999999999999032,3.3571428571425805,203467.81202818523,74521910670.07642,1.9659952064356541e+18,1.9659952064356541e+18,1.9458029087911268e+18,5.086482391851801e-19,0.10690535991275696,-10.042642813876965,1.307250968766347,0.047713604188693866,0.0002913655543552963,33,False,32026839329.923584,min_sensing,0.0,0.014786395811306134,9.681144774731365e-14,4.553803412059004,-32026839329.923584,0.05334764646719253,,,,,,,45.53803412059008
140.0,-2.8227123303956914,8,max_rate_isac,Max-rate ISAC,ok,optimal,CLARABEL,0.005284727000343992,,44.11671794456012,661750.7691684018,0.9999999988577002,3.3571428538791435,197117.25058221928,106548749881.60608,2.810909296815191e+18,2.810909296815191e+18,2.7957578961187174e+18,3.5575676566049904e-19,0.08940612891575637,-7.93240799869168,3.5740115931725116,0.06249999908519436,0.0003706056324882947,60,True,118.3939208984375,,0.0,9.148056409613581e-10,1.1422998102972315e-09,3.1324872360290428,-118.3939208984375,,False,,,,,,45.53803412059008
140.0,-2.8227123303956914,8,dinkelbach_ee_isac,Dinkelbach EE-ISAC,ok,optimal,CLARABEL,0.012887239000065165,,42.85453884906879,642818.0827360319,0.9654504281797401,3.2584297947992575,197278.48172823194,106548749990.84644,2.810909299697109e+18,2.810909299697109e+18,2.798013146516983e+18,3.557567652957552e-19,0.08940612886992404,-7.291949933624591,3.901077554252196,0.06249999995452038,0.0003667547554997188,58,True,9.153564453125,,0.0,4.547962006995476e-11,0.03454957182025986,1.870308140537709,-9.153564453125,,False,4.0,True,197278.48172165945,2.1415995433926582e-05,False,45.53803412059008
140.0,-2.8227123303956914,9,uniform,Uniform,ok,closed_form,numpy,1.5220002751448192e-06,,39.33205381334304,589980.8072001456,1.0,3.357142857142857,175738.96384685187,76781250000.0,2.0255998281153943e+18,2.0255998281153943e+18,2.0255998281153943e+18,4.936809265680052e-19,0.10532073506634214,-13.256466474732292,-9.684463547443015,0.015625,0.0,64,False,29767500000.0,min_rate;min_sensing,0.015625,0.046875,0.0,-7.79942430395851,-29767500000.0,,,,,,,,52.36830901922394
140.0,-2.8227123303956914,9,water_filling,Water-filling (comm. only),ok,closed_form,numpy,0.00015975499991327524,,52.36830901922394,785524.6352883591,0.9999999999992313,3.357142857140661,233986.06157540897,78426579480.57707,2.069005986689918e+18,2.069005986689918e+18,2.059587299085271e+18,4.833238794054152e-19,0.10421010503098847,-11.419706155463281,1.6175582354898794,0.047845233107529014,0.0002965473919096985,35,False,28122170519.422928,min_sensing,0.0,0.014654766892470986,7.687184222504584e-13,5.236830901922396,-28122170519.422928,0.050801548647140524,,,,,,,52.36830901922394
140.0,-2.8227123303956914,9,max_rate_isac,Max-rate ISAC,ok,optimal,CLARABEL,0.005065618999651633,,51.180294373890945,767704.4156083642,0.9999999992282004,3.3571428549377154,228677.91118248593,106548749918.7543,2.810909297795215e+18,2.810909297795215e+18,2.810887037466992e+18,3.557567655364644e-19,0.08940612890017065,-7.5741462491112586,3.2857618720114345,0.06249999932271865,0.00033884058446672033,58,True,81.24569702148438,,0.0,6.772813490596441e-10,7.717996242107006e-10,4.048816256589397,-81.24569702148438,,False,,,,,,52.36830901922394
140.0,-2.8227123303956914,9,dinkelbach_ee_isac,Dinkelbach EE-ISAC,ok,optimal,CLARABEL,0.012347050000244053,,46.625220966202306,699378.3144930346,0.8861035504885857,3.031724429967388,230686.6374727065,106548749977.11208,2.810909299334777e+18,2.810909299334777e+18,2.810875482215398e+18,3.55756765341613e-19,0.08940612887568636,-5.951444988906945,4.1718196239622,0.06249999991259564,0.0003127878525892732,54,False,22.887924194335938,min_rate,0.0,8.7404361526211e-11,0.11389644951141431,-0.5062571510992413,-22.887924194335938,,False,4.0,True,230686.63745198562,6.282003596425056e-05,False,52.36830901922394
140.0,-2.8227123303956914,10,uniform,Uniform,ok,closed_form,numpy,1.479000275139697e-06,,36.050012927860664,540750.19391791,1.0,3.357142857142857,161074.5258478881,76781250000.0,2.0255998281153943e+18,2.0255998281153943e+18,2.0255998281153943e+18,4.936809265680052e-19,0.10532073506634214,-13.256466474732292,-9.684463547443015,0.015625,0.0,64,False,29767500000.0,min_rate;min_sensing,0.015625,0.046875,0.0,-6.410623360201349,-29767500000.0,,,,,,,,47.17848476451335
140.0,-2.8227123303956914,10,water_filling,Water-filling (comm. only),ok,closed_form,numpy,0.0001671919999353122,,47.17848476451335,707677.2714677003,0.999999999999202,3.3571428571405773,210797.48511818153,75966743780.29393,2.0041119823374797e+18,2.0041119823374797e+18,1.9878644759692408e+18,4.989741136289491e-19,0.10588384776249295,-10.726276214827955,0.7319884080284679,0.0452625012662339,0.0002398977686158926,39,False,30582006219.70607,min_sensing,0.0,0.0172374987337661,7.980283101005625e-13,4.717848476451337,-30582006219.70607,0.050718598679470095,,,,,,,47.17848476451335
140.0,-2.8227123303956914,10,max_rate_isac,Max-rate ISAC,ok,optimal,CLARABEL,0.00527933800003666,,45.670313986714234,685054.7098007135,0.9999999990232482,3.357142854352138,204058.84989750173,106548749883.56874,2.810909296866969e+18,2.810909296866969e+18,2.808694842718459e+18,3.557567656539458e-19,0.08940612891493292,-6.150207761501409,3.5117383922033287,0.06249999911784219,0.0003597875691042871,55,True,116.43125915527344,,0.0,8.821578120765672e-10,9.767517905601153e-10,3.2096776986522215,-116.43125915527344,,False,,,,,,47.17848476451335
140.0,-2.8227123303956914,10,dinkelbach_ee_isac,Dinkelbach EE-ISAC,ok,optimal,CLARABEL,0.013545171999794547,,43.97850142100121,659677.5213150182,0.9551553102961698,3.2290151722747713,204296.81686824953,106548749980.4448,2.810909299422699e+18,2.810909299422699e+18,2.8088624461033416e+18,3.557567653304853e-19,0.08940612887428809,-5.546702789386564,3.987164922606517,0.062499999882297,0.00036203363634931655,55,True,19.555206298828125,,0.0,1.177030001242585e-10,0.044844689703830154,1.5178651329391997,-19.555206298828125,,False,4.0,True,204296.81687444967,-2.002029214054346e-05,False,47.17848476451335
140.0,-2.8227123303956914,11,uniform,Uniform,ok,closed_form,numpy,1.4359998203872237e-06,,35.35254992559378,530288.2488839066,1.0,3.357142857142857,157958.20179520623,76781250000.0,2.0255998281153943e+18,2.0255998281153943e+18,2.0255998281153943e+18,4.936809265680052e-19,0.10532073506634214,-13.256466474732292,-9.684463547443015,0.015625,0.0,64,False,29767500000.0,min_rate;min_sensing,0.015625,0.046875,0.0,-4.295334755994276,-29767500000.0,,,,,,,,44.0532052017645
140.0,-2.8227123303956914,11,water_filling,Water-filling (comm. only),ok,closed_form,numpy,0.00014131099987935158,,44.0532052017645,660798.0780264675,0.9999999999993694,3.3571428571410555,196833.47005054276,82916779707.43552,2.1874639280197105e+18,2.1874639280197105e+18,2.1226563486654116e+18,4.571503955748839e-19,0.10134918419559573,-10.40541523791829,0.5356447012375933,0.04255520867477172,0.00021580701961613954,43,False,23631970292.564484,min_sensing,0.0,0.019944791325228278,6.306066779870889e-13,4.405320520176446,-23631970292.564484,0.051241298488063275,,,,,,,44.0532052017645
140.0,-2.8227123303956914,11,max_rate_isac,Max-rate ISAC,ok,optimal,CLARABEL,0.005030800999975327,,43.37735841904477,650660.3762856715,0.9999999987410709,3.357142853545917,193813.72931402788,106548749869.30254,2.810909296490606e+18,2.810909296490606e+18,2.698887325045043e+18,3.557567657015794e-19,0.08940612892091838,-8.166009926986687,2.3578659521321748,0.05613437757386624,0.0002760510239614122,57,True,130.6974639892578,,0.0,0.0063656224261337616,1.2589290721010116e-09,3.729473737456715,-130.6974639892578,,False,,,,,,44.0532052017645
140.0,-2.8227123303956914,11,dinkelbach_ee_isac,Dinkelbach EE-ISAC,ok,optimal,CLARABEL,0.013496712999767624,,40.30740364210153,604611.0546315229,0.9124924201551995,3.1071212004434274,194588.82213710775,106548749992.20074,2.810909299732838e+18,2.810909299732838e+18,2.6786638416774707e+18,3.557567652912332e-19,0.08940612886935581,-6.980440599241813,3.3229913045902726,0.061284695216126346,0.0002840647842414607,57,True,7.79925537109375,,0.0,0.0012153047838736539,0.08750757984480051,0.6595189605134735,-7.79925537109375,,False,4.0,True,194588.822124072,4.050368443131447e-05,False,44.0532052017645
140.0,-2.8227123303956914,12,uniform,Uniform,ok,closed_form,numpy,1.5390000953630079e-06,,36.32313970746099,544847.0956119149,1.0,3.357142857142857,162294.87954397465,76781250000.0,2.0255998281153943e+18,2.0255998281153943e+18,2.0255998281153943e+18,4.936809265680052e-19,0.10532073506634214,-13.256466474732292,-9.684463547443015,0.015625,0.0,64,False,29767500000.0,min_rate;min_sensing,0.015625,0.046875,0.0,-5.699587305077209,-29767500000.0,,,,,,,,46.69191890282022
140.0,-2.8227123303956914,12,water_filling,Water-filling (comm. only),ok,closed_form,numpy,0.0001792840002963203,,46.69191890282022,700378.7835423033,1.0000000000001439,3.3571428571432684,208623.46743810733,67973125928.40792,1.7932288442432125e+18,1.7932288442432125e+18,1.7911447446298783e+18,5.576533096767273e-19,0.11193679020005944,-11.213151308553599,0.35093655084616565,0.04516201954671675,0.00025126357327815335,39,False,38575624071.59208,min_sensing,0.0,0.017337980453283247,-1.438849039914203e-13,4.669191890282022,-38575624071.59208,0.05114584139588994,,,,,,,46.69191890282022
140.0,-2.8227123303956914,12,max_rate_isac,Max-rate ISAC,ok,optimal,CLARABEL,0.005226351999681356,,44.831235360670945,672468.5304100642,0.9999999991650576,3.3571428547573077,200309.77515810175,106548749917.048,2.8109092977502003e+18,2.8109092977502003e+18,2.797498379266275e+18,3.5575676554216157e-19,0.08940612890088653,-7.653710212969635,2.9422814725840993,0.06249999826083741,0.0003084583709021981,64,True,82.95199584960938,,4.896759493370454e-13,1.7391625917184683e-09,8.349424485132317e-10,2.8085083481327473,-82.95199584960938,,False,,,,,,46.69191890282022
140.0,-2.8227123303956914,12,dinkelbach_ee_isac,Dinkelbach EE-ISAC,ok,optimal,CLARABEL,0.01329078200069489,,44.05446248989059,660816.9373483588,0.9793860841638168,3.2982459547537624,200354.05073291252,106548749994.31975,2.81090929978874e+18,2.81090929978874e+18,2.796283732113056e+18,3.5575676528415808e-19,0.08940612886846677,-7.398131685630906,3.1587753234221156,0.062499999894631106,0.00030892921340458247,59,True,5.6802520751953125,,0.0,1.0536889416545847e-10,0.020613915836183216,2.0317354773523917,-5.6802520751953125,,False,4.0,True,200354.05073423614,-4.3655745685100555e-06,False,46.69191890282022
140.0,-2.8227123303956914,13,uniform,Uniform,ok,closed_form,numpy,1.624000105948653e-06,,35.0247589982069,525371.3849731035,1.0,3.357142857142857,156493.60403454147,76781250000.0,2.0255998281153943e+18,2.0255998281153943e+18,2.0255998281153943e+18,4.936809265680052e-19,0.10532073506634214,-13.256466474732292,-9.684463547443015,0.015625,0.0,64,False,29767500000.0,min_rate;min_sensing,0.015625,0.046875,0.0,-6.21629148590025,-29767500000.0,,,,,,,,45.82338942678572
140.0,-2.8227123303956914,13,water_filling,Water-filling (comm. only),ok,closed_form,numpy,0.0001549930002511246,,45.82338942678572,687350.8414017857,1.0000000000009472,3.357142857145564,204742.80382164344,78381935573.85938,2.0678282162085335e+18,2.0678282162085335e+18,2.055897391718856e+18,4.835991656180947e-19,0.10423977821974519,-8.689719840641995,1.3214360317608387,0.04364527268600131,0.00027341592992192044,37,False,28166814426.140625,min_sensing,0.0,0.01885472731399869,-9.472422846101836e-13,4.582338942678568,-28166814426.140625,0.05248926216358835,,,,,,,45.82338942678572
140.0,-2.8227123303956914,13,max_rate_isac,Max-rate ISAC,ok,optimal,CLARABEL,0.0048310900001524715,,44.7393971486878,671090.957230317,0.9999999988183801,3.3571428537668004,199899.43426963073,106548749870.12657,2.8109092965123456e+18,2.8109092965123456e+18,2.800964199214392e+18,3.5575676569882803e-19,0.08940612892057266,-7.489152700073124,3.4648966659772795,0.06249999884356709,0.0003570794440078775,58,True,129.87342834472656,,0.0,1.1564329077673463e-09,1.1816199130265659e-09,3.4983466645806516,-129.87342834472656,,False,,,,,,45.82338942678572
140.0,-2.8227123303956914,13,dinkelbach_ee_isac,Dinkelbach EE-ISAC,ok,optimal,CLARABEL,0.012812786000267806,,42.12968486755008,631945.2730132513,0.9278895496354231,3.151112998958352,200546.68722516467,106548749981.44746,2.8109092994491505e+18,2.8109092994491505e+18,2.801482362214775e+18,3.5575676532713756e-19,0.08940612887386742,-6.37600568555209,4.1861991591589724,0.06249999992122104,0.00035465942781631873,53,True,18.552536010742188,,0.0,7.877896252006522e-11,0.07211045036457686,0.888634383442934,-18.552536010742188,,False,4.0,True,200546.6872213434,1.2041302397847176e-05,False,45.82338942678572
140.0,-2.8227123303956914,14,uniform,Uniform,ok,closed_form,numpy,2.4860000849002972e-06,,43.29736449654348,649460.4674481523,1.0,3.357142857142857,193456.3094526411,76781250000.0,2.0255998281153943e+18,2.0255998281153943e+18,2.0255998281153943e+18,4.936809265680052e-19,0.10532073506634214,-13.256466474732292,-9.684463547443015,0.015625,0.0,64,False,29767500000.0,min_rate;min_sensing,0.015625,0.046875,0.0,-6.617312198613014,-29767500000.0,,,,,,,,55.460751883507214
140.0,-2.8227123303956914,14,water_filling,Water-filling (comm. only),ok,closed_form,numpy,0.0001458760002606141,,55.460751883507214,831911.2782526083,0.9999999999992979,3.3571428571408513,247803.35947964838,63639641950.980064,1.6789053030164324e+18,1.6789053030164324e+18,1.670942214867121e+18,5.956262084605569e-19,0.11568514807931275,-13.035838250960827,-0.11363323064418018,0.04178912433502986,0.00023559946560016543,37,False,42909108049.019936,min_sensing,0.0,0.020710875664970138,7.02105040772949e-13,5.54607518835072,-42909108049.019936,0.046027121649584696,,,,,,,55.460751883507214
140.0,-2.8227123303956914,14,max_rate_isac,Max-rate ISAC,ok,optimal,CLARABEL,0.00499954599990815,,51.97897172444594,779684.5758666891,0.9999999987942612,3.3571428536978893,232246.46964542105,106548749847.20413,2.810909295907619e+18,2.810909295907619e+18,2.8043713501567575e+18,3.5575676577536396e-19,0.08940612893018988,-6.469494497029117,2.8140900243404325,0.06249999479092331,0.0002966894862627931,54,True,152.79586791992188,,0.0,5.209076690826375e-09,1.2057388421027326e-09,2.064295029289447,-152.79586791992188,,False,,,,,,55.460751883507214
140.0,-2.8227123303956914,14,dinkelbach_ee_isac,Dinkelbach EE-ISAC,ok,optimal,CLARABEL,0.008158365999861417,,51.97897175921025,779684.5763881538,0.999999999584886,3.357142855956817,232246.4696444788,106548749973.94843,2.810909299251315e+18,2.810909299251315e+18,2.8043722921144704e+18,3.5575676535217614e-19,0.08940612887701367,-6.469504773555881,2.8140926681429717,0.06249999910004211,0.00029668960468170086,54,True,26.05157470703125,,0.0,8.99957892930292e-10,4.1511405424188297e-10,2.064295064053759,-26.05157470703125,,False,2.0,True,232246.46964542105,-3.1632371246814728e-06,False,55.460751883507214
140.0,-2.8227123303956914,15,uniform,Uniform,ok,closed_form,numpy,1.4480001482297666e-06,,34.37640441491375,515646.06622370624,1.0,3.357142857142857,153596.7005772742,76781250000.0,2.0255998281153943e+18,2.0255998281153943e+18,2.0255998281153943e+18,4.936809265680052e-19,0.10532073506634214,-13.256466474732292,-9.684463547443015,0.015625,0.0,64,False,29767500000.0,min_rate;min_sensing,0.015625,0.046875,0.0,-6.215118323402585,-29767500000.0,,,,,,,,45.1016919314626
140.0,-2.8227123303956914,15,water_filling,Water-filling (comm. only),ok,closed_form,numpy,0.0001642500001253211,,45.1016919314626,676525.378971939,0.9999999999997202,3.357142857142058,201518.19799168938,69036186875.41946,1.8212739212840622e+18,1.8212739212840622e+18,1.7419438127167613e+18,5.490662268391592e-19,0.1110716114541851,-10.821541556687563,0.32498786831959064,0.045810859706254495,0.00025904868221746547,40,False,37512563124.580536,min_sensing,0.0,0.016689140293745505,2.7977620220553945e-13,4.510169193146261,-37512563124.580536,0.052812248917569894,,,,,,,45.1016919314626
140.0,-2.8227123303956914,15,max_rate_isac,Max-rate ISAC,ok,optimal,CLARABEL,0.005149101999904815,,43.45107359045072,651766.1038567608,0.9999999987541339,3.35714285358324,194143.09497169577,106548749868.10678,2.8109092964590607e+18,2.8109092964590607e+18,2.7065920939735567e+18,3.557567657055719e-19,0.08940612892142007,-7.03707672066522,3.111750971722596,0.06249999943507314,0.00034297688774505264,57,True,131.89321899414062,,0.0,5.649268622343051e-10,1.2458660769709695e-09,2.859550852134383,-131.89321899414062,,False,,,,,,45.1016919314626
140.0,-2.8227123303956914,15,dinkelbach_ee_isac,Dinkelbach EE-ISAC,ok,optimal,CLARABEL,0.013308240000242222,,41.72623777535999,625893.5666303999,0.9520091748728214,3.2200262139223472,194375.30164327216,106548749979.09174,2.8109092993870034e+18,2.8109092993870034e+18,2.7074828478281083e+18,3.5575676533500306e-19,0.08940612887485577,-6.530392002652599,3.586747046065539,0.062499999922230084,0.0003404505863454639,55,True,20.90826416015625,,0.0,7.776991550745294e-11,0.04799082512717856,1.1347150370436552,-20.90826416015625,,False,4.0,True,194375.30165997893,-5.379621870815754e-05,False,45.1016919314626
140.0,-2.8227123303956914,16,uniform,Uniform,ok,closed_form,numpy,1.3670000953425188e-06,,27.263850463060276,408957.75694590417,1.0,3.357142857142857,121817.20419665231,76781250000.0,2.0255998281153943e+18,2.0255998281153943e+18,2.0255998281153943e+18,4.936809265680052e-19,0.10532073506634214,-13.256466474732292,-9.684463547443015,0.015625,0.0,64,False,29767500000.0,min_rate;min_sensing,0.015625,0.046875,0.0,-8.104937999702369,-29767500000.0,,,,,,,,39.298653847514046
140.0,-2.8227123303956914,16,water_filling,Water-filling (comm. only),ok,closed_form,numpy,0.00014692300010210602,,39.298653847514046,589479.8077127107,0.999999999999743,3.357142857142123,175589.72995701604,100772514903.40845,2.6585239087290214e+18,2.6585239087290214e+18,2.630369168973256e+18,3.7614858257117453e-19,0.0919327861212142,-7.802815107444423,3.1757184794451203,0.05454076937846129,0.00034877264131511854,32,False,5776235096.591553,min_sensing,0.0,0.007959230621538707,2.5701663020072374e-13,3.929865384751402,-5776235096.591553,0.06088466983751463,,,,,,,39.298653847514046
140.0,-2.8227123303956914,16,max_rate_isac,Max-rate ISAC,ok,optimal,CLARABEL,0.005257177999737905,,39.2637785718852,588956.6785782779,0.9999999991909814,3.3571428548313755,175433.90437815027,106548750013.02415,2.81090930028219e+18,2.81090930028219e+18,2.7852145064070743e+18,3.557567652217057e-19,0.08940612886061924,-7.753370638350933,3.447653384356444,0.05688425364606067,0.00035762004721508537,64,True,0.0,,5.170866533437026e-12,0.005615746353939327,8.090186298659319e-10,3.8949901091225527,13.024154663085938,,False,,,,,,39.298653847514046
140.0,-2.8227123303956914,16,dinkelbach_ee_isac,Dinkelbach EE-ISAC,ok,optimal,CLARABEL,0.012188546000288625,,33.42371095356741,501355.66430351115,0.7997437552069817,2.7849821577342335,180021.14049857936,106548749990.66776,2.8109092996923955e+18,2.8109092996923955e+18,2.7885889709665034e+18,3.5575676529635176e-19,0.08940612886999899,-4.632907165905937,5.125597614742001,0.06249999976057839,0.00032117356878957415,58,False,9.332244873046875,min_rate,0.0,2.3942160753964714e-10,0.2002562447930183,-1.9450775091952366,-9.332244873046875,,False,4.0,True,180021.13870461084,0.004996170289814472,False,39.298653847514046
140.0,-2.8227123303956914,17,uniform,Uniform,ok,closed_form,numpy,1.6909998521441594e-06,,37.77792823965523,566668.9235948285,1.0,3.357142857142857,168794.99851760847,76781250000.0,2.0255998281153943e+18,2.0255998281153943e+18,2.0255998281153943e+18,4.936809265680052e-19,0.10532073506634214,-13.256466474732292,-9.684463547443015,0.015625,0.0,64,False,29767500000.0,min_rate;min_sensing,0.015625,0.046875,0.0,-4.5011571218431214,-29767500000.0,,,,,,,,46.976761512775944
140.0,-2.8227123303956914,17,water_filling,Water-filling (comm. only),ok,closed_form,numpy,0.0001662499998928979,,46.976761512775944,704651.4226916392,1.0000000000006113,3.357142857144604,209896.16846123012,84591051861.28455,2.2316336359504225e+18,2.2316336359504225e+18,2.2315024699181412e+18,4.481022260511473e-19,0.10034119247185634,-9.555684416645908,0.7653403959378855,0.04379094920063163,0.00021731716590864614,40,False,21957698138.715454,min_sensing,0.0,0.018709050799368368,-6.112887973586112e-13,4.697676151277591,-21957698138.715454,0.04940032761916584,,,,,,,46.976761512775944
140.0,-2.8227123303956914,17,max_rate_isac,Max-rate ISAC,ok,optimal,CLARABEL,0.005181414999697154,,46.34937991490692,695240.6987236037,0.9999999998094122,3.357142856598321,207092.97412147291,106548749992.88222,2.8109092997508163e+18,2.8109092997508163e+18,2.8102884276587484e+18,3.5575676528895783e-19,0.0894061288690699,-7.662327343693159,2.5222104809117623,0.05276705918210908,0.0002741387276267182,64,True,7.1177825927734375,,1.3433838984053926e-11,0.009732940817890917,1.9058776778990705e-10,4.070294553408566,-7.1177825927734375,,False,,,,,,46.976761512775944
140.0,-2.8227123303956914,17,dinkelbach_ee_isac,Dinkelbach EE-ISAC,ok,optimal,CLARABEL,0.013553573999615764,,42.28061396136225,634209.2094204337,0.8894885438687898,3.041395839625114,208525.70426959192,106548749997.96326,2.8109092998848614e+18,2.8109092998848614e+18,2.8093989165654963e+18,3.557567652719927e-19,0.08940612886693812,-6.393558868911712,3.749517325177786,0.05895850737834945,0.0002808117206602121,64,True,2.0367431640625,,1.4079804094228876e-12,0.0035414926216505507,0.11051145613121016,0.0015285998638958631,-2.0367431640625,,False,4.0,True,208525.70425664214,3.938539884984493e-05,False,46.976761512775944
140.0,-2.8227123303956914,18,uniform,Uniform,ok,closed_form,numpy,2.5230001483578235e-06,,33.35655363886181,500348.30458292714,1.0,3.357142857142857,149039.92051406341,76781250000.0,2.0255998281153943e+18,2.0255998281153943e+18,2.0255998281153943e+18,4.936809265680052e-19,0.10532073506634214,-13.256466474732292,-9.684463547443015,0.015625,0.0,64,False,29767500000.0,min_rate;min_sensing,0.015625,0.046875,0.0,-5.531100744689461,-29767500000.0,,,,,,,,43.20850487061252
140.0,-2.8227123303956914,18,water_filling,Water-filling (comm. only),ok,closed_form,numpy,0.00014366799996423651,,43.20850487061252,648127.5730591879,0.9999999999993796,3.357142857141085,193059.27708156212,89473369009.21625,2.360436185735107e+18,2.360436185735107e+18,2.3259280744205327e+18,4.23650512580399e-19,0.09756511827443004,-9.308095872454583,1.9021015352682045,0.046893949738184365,0.0002816471639634283,35,False,17075380990.783752,min_sensing,0.0,0.015606050261815635,6.203926261605375e-13,4.32085048706125,-17075380990.783752,0.05474226248325466,,,,,,,43.20850487061252
140.0,-2.8227123303956914,18,max_rate_isac,Max-rate ISAC,ok,optimal,CLARABEL,0.04338370899995425,,42.84026564178059,642603.9846267089,0.9999999987406535,3.3571428535447243,191413.95307268476,106548749893.25928,2.81090929712262e+18,2.81090929712262e+18,2.7645188622765153e+18,3.5575676562158996e-19,0.0894061289108672,-7.33889518147813,2.6885835695615246,0.05383067869521682,0.0002982243489171086,63,True,106.74072265625,,0.0,0.008669321304783179,1.2593465159582706e-09,3.952611258229318,-106.74072265625,,False,,,,,,43.20850487061252
140.0,-2.8227123303956914,18,dinkelbach_ee_isac,Dinkelbach EE-ISAC,ok,optimal,CLARABEL,0.014118674999735958,,39.104070424521396,586561.056367821,0.8886154088219385,3.0389011680626816,193017.48359975696,106548749991.57394,2.810909299716302e+18,2.810909299716302e+18,2.762185015783253e+18,3.557567652933261e-19,0.0894061288696188,-5.6355825667621895,3.6045979089443927,0.05420860506499069,0.0002809163296707015,57,True,8.426055908203125,,0.0,0.008291394935009307,0.11138459117806154,0.2164160409701239,-8.426055908203125,,False,4.0,True,193017.4835783462,6.506522186100483e-05,False,43.20850487061252
140.0,-2.8227123303956914,19,uniform,Uniform,ok,closed_form,numpy,1.6250000953732524e-06,,31.012386731299806,465185.80096949707,1.0,3.357142857142857,138565.98326750976,76781250000.0,2.0255998281153943e+18,2.0255998281153943e+18,2.0255998281153943e+18,4.936809265680052e-19,0.10532073506634214,-13.256466474732292,-9.684463547443015,0.015625,0.0,64,False,29767500000.0,min_rate;min_sensing,0.015625,0.046875,0.0,-7.323232258304245,-29767500000.0,,,,,,,,42.59513221067117
140.0,-2.8227123303956914,19,water_filling,Water-filling (comm. only),ok,closed_form,numpy,0.00016519299970241264,,42.59513221067117,638926.9831600675,0.999999999999902,3.3571428571425774,190318.67583492957,86463426226.59303,2.2810295651979482e+18,2.2810295651979482e+18,2.2739332822655583e+18,4.3839852637474245e-19,0.09924879670931647,-10.220542086825654,1.6011360143599136,0.0456261178262926,0.00026420813244833907,37,False,20085323773.406967,min_sensing,0.0,0.016873882173707402,9.803269307440132e-14,4.259513221067117,-20085323773.406967,0.0541321220973482,,,,,,,42.59513221067117
140.0,-2.8227123303956914,19,max_rate_isac,Max-rate ISAC,ok,optimal,CLARABEL,0.005084378999981709,,42.08590157018571,631288.5235527856,0.9999999991627482,3.3571428547507094,188043.39012843798,106548749917.27444,2.8109092977561743e+18,2.8109092977561743e+18,2.8076422006393293e+18,3.5575676554140545e-19,0.08940612890079153,-8.195289526198021,2.7795402966315788,0.05590440540497689,0.0002954564927303849,55,True,82.72555541992188,,0.0,0.00659559459502311,8.372518234267545e-10,3.7502825805816613,-82.72555541992188,,False,,,,,,42.59513221067117
140.0,-2.8227123303956914,19,dinkelbach_ee_isac,Dinkelbach EE-ISAC,ok,optimal,CLARABEL,0.014024284999322845,,38.94404145600969,584160.6218401454,0.9067843536586615,3.0908124390247473,188999.05230887036,106548749982.5367,2.810909299477887e+18,2.810909299477887e+18,2.8094049925543235e+18,3.5575676532350054e-19,0.08940612887341041,-6.6298320389240315,3.7465603221752652,0.05751670178994991,0.0002955600508056594,50,True,17.463302612304688,,0.0,0.0049832982100500925,0.0932156463413385,0.6084224664056421,-17.463302612304688,,False,4.0,True,188999.05231177423,-8.975272066891193e-06,False,42.59513221067117
145.0,-7.822712330395691,0,uniform,Uniform,ok,closed_form,numpy,1.7130000742326956e-06,,12.310458510549912,184656.87765824868,1.0,3.357142857142857,55004.17632373365,76781250000.0,2.0255998281153943e+18,2.0255998281153943e+18,2.0255998281153943e+18,4.936809265680052e-19,0.10532073506634214,-13.256466474732292,-9.684463547443015,0.015625,0.0,64,False,29767500000.0,min_rate;min_sensing,0.015625,0.046875,0.0,-7.627264422172965,-29767500000.0,,,,,,,,22.153025480803198
145.0,-7.822712330395691,0,water_filling,Water-filling (comm. only),ok,closed_form,numpy,0.00016058599976531696,,22.153025480803198,332295.382212048,1.0000000000008573,3.357142857145307,98981.60321202717,98923137467.76074,2.6097346715680154e+18,2.6097346715680154e+18,2.6079596975327043e+18,3.831807159917781e-19,0.09278815291966053,-7.314693354734264,5.1603260432893165,0.0625,0.0005783802531321432,24,False,7625612532.239258,min_sensing,0.0,0.0,-8.573142196155459e-13,2.21530254808032,-7625612532.239258,0.10389577070395736,,,,,,,22.153025480803198
145.0,-7.822712330395691,0,max_rate_isac,Max-rate ISAC,ok,optimal,CLARABEL,0.005302063000272028,,22.114470995893605,331717.0649384041,0.9999999995241446,3.3571428557832705,98809.3385323067,106548750021.99419,2.810909300518832e+18,2.810909300518832e+18,2.808093805808011e+18,3.5575676519175557e-19,0.08940612885685582,-6.297464881162275,5.612790377457077,0.06249999982141668,0.0006184502687602278,64,True,0.0,,2.7814544075358672e-11,1.7858332174158775e-10,4.758553551198474e-10,2.176748063170727,21.994186401367188,,False,,,,,,22.153025480803198
145.0,-7.822712330395691,0,dinkelbach_ee_isac,Dinkelbach EE-ISAC,ok,optimal,CLARABEL,0.012618197000392684,,19.783165987797155,296747.4898169573,0.860340853304773,2.958116723727923,100316.35582080267,106548749998.62247,2.810909299902252e+18,2.810909299902252e+18,2.8097101717917373e+18,3.557567652697917e-19,0.08940612886666156,-4.092689266499545,6.5961344747069255,0.062499999990575365,0.0005509578590820825,64,False,1.377532958984375,min_rate,7.27430466810412e-13,9.424634683785627e-12,0.13965914669522705,-0.15455694492572292,-1.377532958984375,,False,4.0,True,100316.35578040473,0.00011950178304687142,False,22.153025480803198
145.0,-7.822712330395691,1,uniform,Uniform,ok,closed_form,numpy,1.466999947297154e-06,,10.6696079466724,160044.119200086,1.0,3.357142857142857,47672.71635747242,76781250000.0,2.0255998281153943e+18,2.0255998281153943e+18,2.0255998281153943e+18,4.936809265680052e-19,0.10532073506634214,-13.256466474732292,-9.684463547443015,0.015625,0.0,64,False,29767500000.0,min_rate;min_sensing,0.015625,0.046875,0.0,-4.888594480472635,-29767500000.0,,,,,,,,17.286891585716706
145.0,-7.822712330395691,1,water_filling,Water-filling (comm. only),ok,closed_form,numpy,0.00016669400019964087,,17.286891585716706,259303.3737857506,1.0000000000006404,3.357142857144687,77239.30282975595,92377507619.55118,2.43705154000347e+18,2.43705154000347e+18,2.4046893245300634e+18,4.1033190459261943e-19,0.09601925903868953,-8.694186962494436,4.177084022207386,0.0625,0.0004931130404058334,27,False,14171242380.448822,min_sensing,0.0,0.0,-6.403766406037903e-13,1.7286891585716706,-14171242380.448822,0.11864146648530294,,,,,,,17.286891585716706
145.0,-7.822712330395691,1,max_rate_isac,Max-rate ISAC,ok,optimal,CLARABEL,0.005136066999966715,,17.170542685626383,257558.14028439575,0.9999999996990341,3.357142856282955,76719.44606181144,106548749996.47598,2.8109092998456253e+18,2.8109092998456253e+18,2.791021518809301e+18,3.557567652769585e-19,0.0894061288675621,-6.270274030816098,4.727375338334071,0.06249999988851746,0.0005123660375993969,64,True,3.524017333984375,,2.2563596977150906e-11,1.1148253847848011e-10,3.009659188535352e-10,1.612340258481348,-3.524017333984375,,False,,,,,,17.286891585716706
145.0,-7.822712330395691,1,dinkelbach_ee_isac,Dinkelbach EE-ISAC,ok,optimal,CLARABEL,0.01388858500013157,,16.350318200416506,245254.7730062476,0.9419078384323455,3.1911652526638443,76854.30041628829,106548749997.92819,2.810909299883936e+18,2.810909299883936e+18,2.795067754053526e+18,3.5575676527210984e-19,0.08940612886695284,-5.413587952065512,5.152686779722352,0.0624999999826102,0.000492493985998217,64,True,2.071807861328125,,3.226606568967199e-12,1.7389797934974638e-11,0.05809216156765451,0.7921157732714708,-2.071807861328125,,False,4.0,True,76854.30041491974,4.367262590676546e-06,False,17.286891585716706
145.0,-7.822712330395691,2,uniform,Uniform,ok,closed_form,numpy,1.3910002962802537e-06,,11.767185285081183,176507.77927621774,1.0,3.357142857142857,52576.78531632018,76781250000.0,2.0255998281153943e+18,2.0255998281153943e+18,2.0255998281153943e+18,4.936809265680052e-19,0.10532073506634214,-13.256466474732292,-9.684463547443015,0.015625,0.0,64,False,29767500000.0,min_rate;min_sensing,0.015625,0.046875,0.0,-5.729577836023665,-29767500000.0,,,,,,,,19.44084791233872
145.0,-7.822712330395691,2,water_filling,Water-filling (comm. only),ok,closed_form,numpy,0.00014005499997438164,,19.44084791233872,291612.7186850808,1.000000000000186,3.357142857143389,86863.36301256351,95523700254.03915,2.5200526276340664e+18,2.5200526276340664e+18,2.5006877919219446e+18,3.968171097041108e-19,0.0944247626893954,-7.59836147895993,4.324273114381512,0.0625,0.0004918382553987257,26,False,11025049745.960846,min_sensing,0.0,0.0,-1.8607337892717624e-13,1.9440847912338732,-11025049745.960846,0.10855055476545217,,,,,,,19.44084791233872
145.0,-7.822712330395691,2,max_rate_isac,Max-rate ISAC,ok,optimal,CLARABEL,0.005105355000068812,,19.370373975083993,290555.6096262599,0.9999999998427207,3.3571428566934878,86548.47947472616,106548750010.03947,2.810909300203449e+18,2.810909300203449e+18,2.8051271676943334e+18,3.557567652316714e-19,0.08940612886187149,-7.493754549636845,5.002172543584701,0.062499999931615806,0.0005354421189558417,64,True,0.0,,1.6757381407873172e-11,6.838419414068042e-11,1.5727930069431295e-10,1.8736108539791445,10.039474487304688,,False,,,,,,19.44084791233872
145.0,-7.822712330395691,2,dinkelbach_ee_isac,Dinkelbach EE-ISAC,ok,optimal,CLARABEL,0.013634027000534843,,17.305607114144834,259584.1067121725,0.8656321305300518,2.973234658657291,87306.96918130248,106548749999.50443,2.8109092999255194e+18,2.8109092999255194e+18,2.81050735884444e+18,3.557567652668469e-19,0.08940612886629151,-5.430125205445258,6.238594523187705,0.062499999993322355,0.0005067218217467514,64,False,0.495574951171875,min_rate,1.5157292653601444e-12,6.677644548425121e-12,0.13436786946994816,-0.19115600696001422,-0.495574951171875,,False,4.0,True,87306.9691584173,6.8043009378016e-05,False,19.44084791233872
145.0,-7.822712330395691,3,uniform,Uniform,ok,closed_form,numpy,1.4659999578725547e-06,,10.616743506145859,159251.1525921879,1.0,3.357142857142857,47436.51353809852,76781250000.0,2.0255998281153943e+18,2.0255998281153943e+18,2.0255998281153943e+18,4.936809265680052e-19,0.10532073506634214,-13.256466474732292,-9.684463547443015,0.015625,0.0,64,False,29767500000.0,min_rate;min_sensing,0.015625,0.046875,0.0,-6.397206308732223,-29767500000.0,,,,,,,,18.90438868319787
145.0,-7.822712330395691,3,water_filling,Water-filling (comm. only),ok,closed_form,numpy,0.00014313100018625846,,18.90438868319787,283565.830247968,0.9999999999999706,3.3571428571427733,84466.41752067344,72355470820.54498,1.908841406688539e+18,1.908841406688539e+18,1.898817314358546e+18,5.23877990332786e-19,0.10849401559968963,-7.139844740973577,4.676069117224808,0.0625,0.0006577207121236776,19,False,34193279179.455017,min_sensing,0.0,0.0,2.942091015256665e-14,1.8904388683197872,-34193279179.455017,0.1342801314228101,,,,,,,18.90438868319787
145.0,-7.822712330395691,3,max_rate_isac,Max-rate ISAC,ok,optimal,CLARABEL,0.004989613999896392,,18.065558966328005,270983.3844949201,0.9999999999014167,3.357142856861191,80718.45496270596,106548749992.3765,2.8109092997374746e+18,2.8109092997374746e+18,2.8095171474920146e+18,3.557567652906464e-19,0.08940612886928208,-7.216798064345983,5.851295526745009,0.06249999997274357,0.0006558193960949303,64,True,7.623504638671875,,5.571229442733767e-12,2.725643322154525e-11,9.858325267231294e-11,1.0516091514499237,-7.623504638671875,,False,,,,,,18.90438868319787
145.0,-7.822712330395691,3,dinkelbach_ee_isac,Dinkelbach EE-ISAC,ok,optimal,CLARABEL,0.007946809999793913,,18.065558941598333,270983.384123975,0.9999999980752983,3.3571428516437094,80718.45497765974,106548749995.8112,2.810909299828087e+18,2.810909299828087e+18,2.809517222208902e+18,3.5575676527917825e-19,0.08940612886784104,-7.21676815804563,5.851295019105916,0.06249999998420863,0.0006558192774540124,64,True,4.1887969970703125,,3.097754510258992e-12,1.5791368213058377e-11,1.924701731326195e-09,1.0516091267202512,-4.1887969970703125,,False,2.0,True,80718.45496270596,5.0202012062072754e-05,False,18.90438868319787
145.0,-7.822712330395691,4,uniform,Uniform,ok,closed_form,numpy,1.6789999790489674e-06,,13.846982277116398,207704.73415674598,1.0,3.357142857142857,61869.495280732845,76781250000.0,2.0255998281153943e+18,2.0255998281153943e+18,2.0255998281153943e+18,4.936809265680052e-19,0.10532073506634214,-13.256466474732292,-9.684463547443015,0.015625,0.0,64,False,29767500000.0,min_rate;min_sensing,0.015625,0.046875,0.0,-7.564091803588758,-29767500000.0,,,,,,,,23.790082311894615
145.0,-7.822712330395691,4,water_filling,Water-filling (comm. only),ok,closed_form,numpy,0.00014625299991166685,,23.790082311894615,356851.23467841925,0.9999999999991362,3.3571428571403894,106296.11245747961,89673322078.67354,2.3657112353484416e+18,2.3657112353484416e+18,2.342419706774111e+18,4.227058590490702e-19,0.09745628249409412,-5.99841739762761,4.276716480905073,0.0625,0.0005001748531534408,25,False,16875427921.326462,min_sensing,0.0,0.0,8.637535131583718e-13,2.3790082311894594,-16875427921.326462,0.09614195961389345,,,,,,,23.790082311894615
145.0,-7.822712330395691,4,max_rate_isac,Max-rate ISAC,ok,optimal,CLARABEL,0.005039206999754242,,23.562184179247495,353432.76268871245,0.9999999997045866,3.357142856298819,105277.84423161688,106548749989.78894,2.810909299669211e+18,2.810909299669211e+18,2.7842123482581043e+18,3.55756765299286e-19,0.08940612887036771,-4.894556771090929,5.070664767517586,0.06249999985124395,0.0005425265822600572,64,True,10.2110595703125,,2.0279455896578157e-11,1.4875604914532659e-10,2.954133604404774e-10,2.1511100985423397,-10.2110595703125,,False,,,,,,23.790082311894615
145.0,-7.822712330395691,4,dinkelbach_ee_isac,Dinkelbach EE-ISAC,ok,optimal,CLARABEL,0.013277800999730971,,21.863423806092918,327951.3570913938,0.909440979984839,3.0984027999566828,105845.29458080103,106548749996.07118,2.810909299834946e+18,2.810909299834946e+18,2.794965012872949e+18,3.5575676527831013e-19,0.08940612886773194,-3.8338110024183876,5.822148444974845,0.062499999972485135,0.0005170638309818715,64,True,3.9288177490234375,,3.018129010138861e-12,2.7514865386102372e-11,0.09055902001516103,0.4523497253877622,-3.9288177490234375,,False,4.0,True,105845.29458503082,-1.3105629477649927e-05,False,23.790082311894615
145.0,-7.822712330395691,5,uniform,Uniform,ok,closed_form,numpy,1.5240002539940178e-06,,12.488070137608673,187321.0520641301,1.0,3.357142857142857,55797.76018931535,76781250000.0,2.0255998281153943e+18,2.0255998281153943e+18,2.0255998281153943e+18,4.936809265680052e-19,0.10532073506634214,-13.256466474732292,-9.684463547443015,0.015625,0.0,64,False,29767500000.0,min_rate;min_sensing,0.015625,0.046875,0.0,-6.786536343727597,-29767500000.0,,,,,,,,21.416229423706966
145.0,-7.822712330395691,5,water_filling,Water-filling (comm. only),ok,closed_form,numpy,0.00015877499981797882,,21.416229423706966,321243.4413556045,0.999999999999941,3.357142857142689,95689.53572295082,69918449573.95087,1.8445492804439852e+18,1.8445492804439852e+18,1.8210280376488968e+18,5.421378602361325e-19,0.11036861074106635,-8.145599682657622,4.024913137761732,0.0625,0.000585468366390033,22,False,36630300426.04913,min_sensing,0.0,0.0,5.895284260759581e-14,2.141622942370695,-36630300426.04913,0.10691294295470236,,,,,,,21.416229423706966
145.0,-7.822712330395691,5,max_rate_isac,Max-rate ISAC,ok,optimal,CLARABEL,0.005046471999776259,,19.784339794395066,296765.09691592597,0.9999999996391602,3.3571428561118863,88398.11400210352,106548749966.31013,2.810909299049806e+18,2.810909299049806e+18,2.803285601785907e+18,3.5575676537767974e-19,0.08940612888021837,-6.593216343694611,5.039888161554775,0.06249999990381178,0.0005351808525935377,64,True,33.68986511230469,,1.0725794304675417e-11,9.618821711354641e-11,3.6083980248236003e-10,0.5097333130587955,-33.68986511230469,,False,,,,,,21.416229423706966
145.0,-7.822712330395691,5,dinkelbach_ee_isac,Dinkelbach EE-ISAC,ok,optimal,CLARABEL,0.007774873000016669,,19.784339816119708,296765.0972417956,0.9999999999061402,3.3571428568746864,88398.11407908553,106548749994.49573,2.810909299793383e+18,2.810909299793383e+18,2.803285680406452e+18,3.5575676528357047e-19,0.08940612886839294,-6.593195797734703,5.039888339757406,0.062499999983849655,0.0005351808070981174,64,True,5.5042724609375,,1.7381116949519533e-12,1.6150344950283113e-11,9.385980881404521e-11,0.5097333347834372,-5.5042724609375,,False,2.0,True,88398.11400210352,0.0002584395697340369,False,21.416229423706966
145.0,-7.822712330395691,6,uniform,Uniform,ok,closed_form,numpy,1.511999926151475e-06,,15.416489710357622,231247.34565536433,1.0,3.357142857142857,68882.18806755533,76781250000.0,2.0255998281153943e+18,2.0255998281153943e+18,2.0255998281153943e+18,4.936809265680052e-19,0.10532073506634214,-13.256466474732292,-9.684463547443015,0.015625,0.0,64,False,29767500000.0,min_rate;min_sensing,0.015625,0.046875,0.0,-6.117062151331256,-29767500000.0,,,,,,,,23.926168735209863
145.0,-7.822712330395691,6,water_filling,Water-filling (comm. only),ok,closed_form,numpy,0.000142047000281309,,23.926168735209863,358892.53102814796,1.000000000000671,3.3571428571447743,106904.15817853622,78414549053.83401,2.0686886067261522e+18,2.0686886067261522e+18,1.9334282087770673e+18,4.833980313656639e-19,0.10421809872582988,-8.881863726514617,3.647629128489616,0.0625,0.0005168668934940453,25,False,28134200946.165985,min_sensing,0.0,0.0,-6.710187960834446e-13,2.3926168735209856,-28134200946.165985,0.09070895507355553,,,,,,,23.926168735209863
145.0,-7.822712330395691,6,max_rate_isac,Max-rate ISAC,ok,optimal,CLARABEL,0.005126865999955044,,23.40651634909553,351097.74523643294,0.999999999812339,3.357142856606683,104582.30710840641,106548749986.49945,2.8109092995824297e+18,2.8109092995824297e+18,2.7085112516917064e+18,3.5575676531026935e-19,0.08940612887174783,-7.603949392455967,4.8820878129056915,0.062499999802646325,0.0005449439530382165,64,True,13.50054931640625,,8.407930985582576e-12,1.9735367506878987e-10,1.876609978523902e-10,1.8729644874066516,-13.50054931640625,,False,,,,,,23.926168735209863
145.0,-7.822712330395691,6,dinkelbach_ee_isac,Dinkelbach EE-ISAC,ok,optimal,CLARABEL,0.011140540000269539,,23.180636167725506,347709.5425158826,0.9885758197943124,3.324502342269464,104589.9526358942,106548749995.28207,2.8109092998141276e+18,2.8109092998141276e+18,2.7111450724929987e+18,3.55756765280945e-19,0.08940612886806304,-7.4099139598327755,4.969993949481988,0.0624999999418525,0.000540139235053743,64,True,4.717926025390625,,1.97402129657094e-12,5.814750070332053e-11,0.011424180205687584,1.6470843060366285,-4.717926025390625,,False,3.0,True,104589.9524540846,0.0006044264300726354,False,23.926168735209863
145.0,-7.822712330395691,7,uniform,Uniform,ok,closed_form,numpy,1.4099996406002901e-06,,16.281153042879893,244217.2956431984,1.0,3.357142857142857,72745.57742563356,76781250000.0,2.0255998281153943e+18,2.0255998281153943e+18,2.0255998281153943e+18,4.936809265680052e-19,0.10532073506634214,-13.256466474732292,-9.684463547443015,0.015625,0.0,64,False,29767500000.0,min_rate;min_sensing,0.015625,0.046875,0.0,-6.513586029066381,-29767500000.0,,,,,,,,25.327487857718083
145.0,-7.822712330395691,7,water_filling,Water-filling (comm. only),ok,closed_form,numpy,0.00021208599991950905,,25.327487857718083,379912.31786577124,0.9999999999998351,3.3571428571423865,113165.37127918177,53231374051.16718,1.404320223080381e+18,1.404320223080381e+18,1.3251303518144596e+18,7.120882997800151e-19,0.12649041931557345,-9.171910211345466,1.8237700040085902,0.0625,0.00044309861486087907,29,False,53317375948.83282,min_sensing,0.0,0.0,1.6486811915683575e-13,2.5327487857718083,-53317375948.83282,0.08492631997995945,,,,,,,25.327487857718083
145.0,-7.822712330395691,7,max_rate_isac,Max-rate ISAC,ok,optimal,CLARABEL,0.0050447710000298684,,23.04617599736666,345692.6399604999,0.9999999994695987,3.357142855627425,102972.2757793971,106548749947.84113,2.8109092985625667e+18,2.8109092985625667e+18,2.8091293738029583e+18,3.5575676543934614e-19,0.08940612888796713,-6.095503356930502,3.9252410504486956,0.06249999947737134,0.00040300803619845683,64,True,52.15887451171875,,5.399572259998341e-12,5.226286625692467e-10,5.304012784534962e-10,0.25143692542038565,-52.15887451171875,,False,,,,,,25.327487857718083
145.0,-7.822712330395691,7,dinkelbach_ee_isac,Dinkelbach EE-ISAC,ok,optimal,CLARABEL,0.008267701000022498,,23.046176025280303,345692.64037920453,0.9999999999152789,3.357142856900797,102972.27586506,106548749993.26915,2.810909299761024e+18,2.810909299761024e+18,2.8091277259537024e+18,3.557567652876659e-19,0.08940612886890756,-6.0954144298932516,3.925238452655184,0.062499999932533225,0.00040300868266829456,64,True,6.7308502197265625,,7.251588076614576e-13,6.746677522206923e-11,8.47211190091457e-11,0.2514369533340286,-6.7308502197265625,,False,2.0,True,102972.2757793971,0.0002875826321542263,False,25.327487857718083
145.0,-7.822712330395691,8,uniform,Uniform,ok,closed_form,numpy,1.4920001376594882e-06,,12.705492074974789,190582.38112462184,1.0,3.357142857142857,56769.219909461826,76781250000.0,2.0255998281153943e+18,2.0255998281153943e+18,2.0255998281153943e+18,4.936809265680052e-19,0.10532073506634214,-13.256466474732292,-9.684463547443015,0.015625,0.0,64,False,29767500000.0,min_rate;min_sensing,0.015625,0.046875,0.0,-6.995102708529124,-29767500000.0,,,,,,,,21.88954975944879
145.0,-7.822712330395691,8,water_filling,Water-filling (comm. only),ok,closed_form,numpy,0.00014917699991201516,,21.88954975944879,328343.24639173184,0.9999999999997566,3.357142857142162,97804.37126564249,80972778310.9152,2.136178374650266e+18,2.136178374650266e+18,2.1161338467942927e+18,4.681257014240299e-19,0.10255856844440792,-6.936696136996518,4.148820998422156,0.0625,0.000526878346725847,25,False,25575971689.084793,min_sensing,0.0,0.0,2.433608869978343e-13,2.1889549759448776,-25575971689.084793,0.10472226317347086,,,,,,,21.88954975944879
145.0,-7.822712330395691,8,max_rate_isac,Max-rate ISAC,ok,optimal,CLARABEL,0.005085017000055814,,21.455541441746135,321833.121626192,0.999999999736453,3.357142856389866,95865.18518675078,106548749985.32474,2.810909299551439e+18,2.810909299551439e+18,2.7303064164236237e+18,3.557567653141916e-19,0.08940612887224068,-4.837697524747178,5.252191105738056,0.06249999991468291,0.0005736479625539705,64,True,14.675262451171875,,1.832086102186989e-11,8.531708672876448e-11,2.635469620315689e-10,1.754946658242222,-14.675262451171875,,False,,,,,,21.88954975944879
145.0,-7.822712330395691,8,dinkelbach_ee_isac,Dinkelbach EE-ISAC,ok,optimal,CLARABEL,0.01243814600047699,,20.256622077678234,303849.3311651735,0.9313993036024972,3.1611408674357064,96120.1489928077,106548749996.73587,2.8109092998524805e+18,2.8109092998524805e+18,2.6923726694852403e+18,3.5575676527609093e-19,0.0894061288674531,-4.0689782306288365,5.716742510925422,0.06249999998509764,0.0005474095630185808,64,True,3.264129638671875,,2.885748278762725e-12,1.4902357126089782e-11,0.06860069639750277,0.5560272941743207,-3.264129638671875,,False,4.0,True,96120.14899898898,-1.9539904315024614e-05,False,21.88954975944879
145.0,-7.822712330395691,9,uniform,Uniform,ok,closed_form,numpy,1.6740000319259707e-06,,13.44879194605687,201731.87919085304,1.0,3.357142857142857,60090.34699302005,76781250000.0,2.0255998281153943e+18,2.0255998281153943e+18,2.0255998281153943e+18,4.936809265680052e-19,0.10532073506634214,-13.256466474732292,-9.684463547443015,0.015625,0.0,64,False,29767500000.0,min_rate;min_sensing,0.015625,0.046875,0.0,-6.919950886217771,-29767500000.0,,,,,,,,22.631936480305157
145.0,-7.822712330395691,9,water_filling,Water-filling (comm. only),ok,closed_form,numpy,0.00016271200001938269,,22.631936480305157,339479.04720457736,1.0000000000008304,3.35714285714523,101121.41831618562,59316635523.908585,1.5648581746404588e+18,1.5648581746404588e+18,1.564622502652534e+18,6.39035547249999e-19,0.11982659424016157,-8.047725135885882,3.508892036140886,0.0625,0.0005618402408970592,24,False,47232114476.091415,min_sensing,0.0,0.0,-8.304468224196171e-13,2.2631936480305157,-47232114476.091415,0.10084673599285252,,,,,,,22.631936480305157
145.0,-7.822712330395691,9,max_rate_isac,Max-rate ISAC,ok,optimal,CLARABEL,0.005564928000239888,,20.539546306438567,308093.1945965785,0.9999999997968375,3.357142856562393,91772.44095952951,106548749985.048,2.810909299544138e+18,2.810909299544138e+18,2.571375527886123e+18,3.557567653151156e-19,0.08940612887235679,-4.938567784463447,4.775477064163493,0.06249999991223765,0.0005529285124302038,64,True,14.951995849609375,,1.697548585277617e-11,8.776235294050139e-11,2.0316248683371896e-10,0.17080347416392527,-14.951995849609375,,False,,,,,,22.631936480305157
145.0,-7.822712330395691,9,dinkelbach_ee_isac,Dinkelbach EE-ISAC,ok,optimal,CLARABEL,0.009007254000152898,,20.539546329048328,308093.1949357249,0.9999999999565512,3.357142857018718,91772.44104807754,106548749997.96463,2.8109092998848973e+18,2.8109092998848973e+18,2.571379217031118e+18,3.5575676527198817e-19,0.08940612886693755,-4.938542949143369,4.775448201358205,0.06249999998788721,0.0005529233210624639,64,True,2.035369873046875,,2.3108044230239014e-12,1.2112789937734902e-11,4.3448800113310426e-11,0.17080349677368645,-2.035369873046875,,False,2.0,True,91772.44095952951,0.0002972683869302273,False,22.631936480305157
145.0,-7.822712330395691,10,uniform,Uniform,ok,closed_form,numpy,1.5529999473073985e-06,,13.413235546817496,201198.53320226245,1.0,3.357142857142857,59931.47797514201,76781250000.0,2.0255998281153943e+18,2.0255998281153943e+18,2.0255998281153943e+18,4.936809265680052e-19,0.10532073506634214,-13.256466474732292,-9.684463547443015,0.015625,0.0,64,False,29767500000.0,min_rate;min_sensing,0.015625,0.046875,0.0,-5.607193620347953,-29767500000.0,,,,,,,,21.13381018573939
145.0,-7.822712330395691,10,water_filling,Water-filling (comm. only),ok,closed_form,numpy,0.00017750000006344635,,21.13381018573939,317007.15278609085,0.9999999999996131,3.357142857141752,94427.66253205815,67632890597.96677,1.784252946783085e+18,1.784252946783085e+18,1.775889747222241e+18,5.604586512259642e-19,0.11221799268134179,-9.343310081361258,2.5116084385719164,0.0625,0.0004365874086355478,28,False,38915859402.03323,min_sensing,0.0,0.0,3.8691272408186705e-13,2.1133810185739392,-38915859402.03323,0.09566657671747733,,,,,,,21.13381018573939
145.0,-7.822712330395691,10,max_rate_isac,Max-rate ISAC,ok,optimal,CLARABEL,0.005158086999927036,,19.897816749757467,298467.251246362,0.9999999996001714,3.3571428560004897,88905.13869938171,106548749962.02197,2.8109092989366784e+18,2.8109092989366784e+18,2.8045644934913797e+18,3.557567653919975e-19,0.08940612888201747,-8.135985711768882,4.651156249510664,0.062499999933305204,0.0004896240708899917,64,True,37.97802734375,,6.561109185833822e-12,6.669479551968394e-11,3.998286146611463e-10,0.8773875825920179,-37.97802734375,,False,,,,,,21.13381018573939
145.0,-7.822712330395691,10,dinkelbach_ee_isac,Dinkelbach EE-ISAC,ok,optimal,CLARABEL,0.008211566999761999,,19.897816769259386,298467.25153889076,0.9999999998797013,3.357142856799147,88905.1387653676,106548749992.94717,2.81090929975253e+18,2.81090929975253e+18,2.804562550027498e+18,3.5575676528874097e-19,0.08940612886904266,-8.136140420954224,4.651145910946861,0.062499999987831456,0.0004896238240830725,64,True,7.052825927734375,,1.0812379875953364e-12,1.2168543950252797e-11,1.2029865992246869e-10,0.8773876020939362,-7.052825927734375,,False,2.0,True,88905.13869938171,0.00022152403835207224,False,21.13381018573939
145.0,-7.822712330395691,11,uniform,Uniform,ok,closed_form,numpy,1.419000000169035e-06,,13.506449596295072,202596.74394442607,1.0,3.357142857142857,60347.966281318404,76781250000.0,2.0255998281153943e+18,2.0255998281153943e+18,2.0255998281153943e+18,4.936809265680052e-19,0.10532073506634214,-13.256466474732292,-9.684463547443015,0.015625,0.0,64,False,29767500000.0,min_rate;min_sensing,0.015625,0.046875,0.0,-6.575405928924381,-29767500000.0,,,,,,,,22.31317280579939
145.0,-7.822712330395691,11,water_filling,Water-filling (comm. only),ok,closed_form,numpy,0.00014278199978434714,,22.31317280579939,334697.59208699083,0.9999999999996791,3.3571428571419406,99697.15508976916,77631251029.95218,2.048024078048406e+18,2.048024078048406e+18,2.0423598985047703e+18,4.882755094134028e-19,0.10474255853468226,-8.012927894364255,4.446131804406143,0.0625,0.000580408896693741,25,False,28917498970.04782,min_sensing,0.0,0.0,3.2085445411667024e-13,2.231317280579937,-28917498970.04782,0.10605842562493428,,,,,,,22.31317280579939
145.0,-7.822712330395691,11,max_rate_isac,Max-rate ISAC,ok,optimal,CLARABEL,0.005007965000004333,,21.44550436456585,321682.56546848774,0.9999999998406344,3.3571428566875268,95820.33866318398,106548749987.71689,2.8109092996145475e+18,2.8109092996145475e+18,2.6564231767319936e+18,3.5575676530620444e-19,0.08940612887123704,-4.814995878355089,5.143609595760817,0.062499999957574964,0.0005939233482441797,64,True,12.283111572265625,,9.923482936798561e-12,4.2425035706727954e-11,1.5936563180218855e-10,1.3636488393463964,-12.283111572265625,,False,,,,,,22.31317280579939
145.0,-7.822712330395691,11,dinkelbach_ee_isac,Dinkelbach EE-ISAC,ok,optimal,CLARABEL,0.007793558000230405,,21.445504380635406,321682.5657095311,0.9999999999540855,3.3571428570116733,95820.33872573226,106548749999.07158,2.8109092999141e+18,2.8109092999141e+18,2.6564146664314337e+18,3.5575676526829217e-19,0.08940612886647313,-4.815033087103554,5.143573761151585,0.06249999999673245,0.0005939209777178119,64,True,0.9284210205078125,,7.964732068704403e-13,3.2675528949255295e-12,4.5914494428700436e-11,1.3636488554159527,-0.9284210205078125,,False,2.0,True,95820.33866318398,0.00020998349646106362,False,22.31317280579939
145.0,-7.822712330395691,12,uniform,Uniform,ok,closed_form,numpy,1.3120002222422045e-06,,13.543339151187308,203150.0872678096,1.0,3.357142857142857,60512.7919521135,76781250000.0,2.0255998281153943e+18,2.0255998281153943e+18,2.0255998281153943e+18,4.936809265680052e-19,0.10532073506634214,-13.256466474732292,-9.684463547443015,0.015625,0.0,64,False,29767500000.0,min_rate;min_sensing,0.015625,0.046875,0.0,-6.09497727925455,-29767500000.0,,,,,,,,21.82035158937984
145.0,-7.822712330395691,12,water_filling,Water-filling (comm. only),ok,closed_form,numpy,0.00020167499997114646,,21.82035158937984,327305.2738406976,1.000000000000847,3.3571428571452775,97495.18795247794,76386347927.14401,2.0151817433499144e+18,2.0151817433499144e+18,2.0114264126295363e+18,4.96233157778445e-19,0.10559262763260295,-5.839034077775064,3.9576448286346286,0.0625,0.0005342194717549674,27,False,30162402072.855988,min_sensing,0.0,0.0,-8.471001677889944e-13,2.182035158937982,-30162402072.855988,0.09887389832449198,,,,,,,21.82035158937984
145.0,-7.822712330395691,12,max_rate_isac,Max-rate ISAC,ok,optimal,CLARABEL,0.005489120000220282,,20.89429164197708,313414.3746296562,0.9999999998733483,3.3571428567809956,93357.47330400301,106548749999.56189,2.810909299927036e+18,2.810909299927036e+18,2.7863382106291763e+18,3.55756765266655e-19,0.0894061288662674,-3.742569569497972,4.851437674854557,0.0624999998866552,0.0005130657569544873,64,True,0.4381103515625,,2.7264214609897773e-11,1.1334479882441073e-10,1.2665168913628122e-10,1.2559752115352225,-0.4381103515625,,False,,,,,,21.82035158937984
145.0,-7.822712330395691,12,dinkelbach_ee_isac,Dinkelbach EE-ISAC,ok,optimal,CLARABEL,0.008862821999628068,,20.89429167113147,313414.37506697205,0.9999999999562941,3.3571428570179833,93357.473427677,106548750000.00183,2.810909299938642e+18,2.810909299938642e+18,2.7863368338514084e+18,3.557567652651861e-19,0.08940612886608283,-3.742577812025463,4.851408497138749,0.062499999990982276,0.0005130619838263126,64,True,0.0,,2.41625826250795e-12,9.017724067472699e-12,4.370592776581361e-11,1.2559752406896116,0.0018310546875,,False,2.0,True,93357.47330400301,0.0004151912871748209,False,21.82035158937984
145.0,-7.822712330395691,13,uniform,Uniform,ok,closed_form,numpy,1.3449998732539825e-06,,13.934366751273497,209015.50126910247,1.0,3.357142857142857,62259.93654824329,76781250000.0,2.0255998281153943e+18,2.0255998281153943e+18,2.0255998281153943e+18,4.936809265680052e-19,0.10532073506634214,-13.256466474732292,-9.684463547443015,0.015625,0.0,64,False,29767500000.0,min_rate;min_sensing,0.015625,0.046875,0.0,-7.104223046051864,-29767500000.0,,,,,,,,23.376210885917068
145.0,-7.822712330395691,13,water_filling,Water-filling (comm. only),ok,closed_form,numpy,0.00015763900000820286,,23.376210885917068,350643.16328875604,0.9999999999997361,3.357142857142103,104446.89970305718,87667595296.85248,2.312797277520154e+18,2.312797277520154e+18,2.3085949831618125e+18,4.323768493329549e-19,0.09856481782359032,-8.585291829706918,4.527904152453088,0.0625,0.0005454400527820967,23,False,18881154703.147522,min_sensing,0.0,0.0,2.639000129533997e-13,2.337621088591707,-18881154703.147522,0.09664625726023535,,,,,,,23.376210885917068
145.0,-7.822712330395691,13,max_rate_isac,Max-rate ISAC,ok,optimal,CLARABEL,0.004905953000161389,,23.03080690501073,345462.10357516096,0.9999999996535491,3.357142856152998,102903.60535060201,106548749975.53049,2.8109092992930524e+18,2.8109092992930524e+18,2.774984157474086e+18,3.5575676534689375e-19,0.08940612887634991,-7.317043512820537,4.956390275849337,0.06249999991368573,0.0005279756200605697,64,True,24.469512939453125,,1.555433802613495e-11,8.631426823280108e-11,3.4645086799400815e-10,1.99221710768537,-24.469512939453125,,False,,,,,,23.376210885917068
145.0,-7.822712330395691,13,dinkelbach_ee_isac,Dinkelbach EE-ISAC,ok,optimal,CLARABEL,0.012191075999908207,,21.387078526273136,320806.17789409705,0.9115294972733426,3.1043699922095507,103340.18776729693,106548749997.0281,2.810909299860191e+18,2.810909299860191e+18,2.7648247869310735e+18,3.55756765275115e-19,0.08940612886733047,-5.535266405068834,5.686477449615868,0.062499999992285775,0.0005058151212615951,64,True,2.971893310546875,,1.003832375713027e-12,7.71422509204811e-12,0.08847050272665735,0.3484887289477747,-2.971893310546875,,False,4.0,True,103340.1877648491,7.5989519245922565e-06,False,23.376210885917068
145.0,-7.822712330395691,14,uniform,Uniform,ok,closed_form,numpy,1.5499999790336005e-06,,12.124271453805058,181864.07180707587,1.0,3.357142857142857,54172.27670849069,76781250000.0,2.0255998281153943e+18,2.0255998281153943e+18,2.0255998281153943e+18,4.936809265680052e-19,0.10532073506634214,-13.256466474732292,-9.684463547443015,0.015625,0.0,64,False,29767500000.0,min_rate;min_sensing,0.015625,0.046875,0.0,-6.562899147844025,-29767500000.0,,,,,,,,20.7635228907212
145.0,-7.822712330395691,14,water_filling,Water-filling (comm. only),ok,closed_form,numpy,0.00013870499969925731,,20.7635228907212,311452.84336081805,0.9999999999994758,3.3571428571413593,92773.18738411485,70665574237.84534,1.8642595038483374e+18,1.8642595038483374e+18,1.83843218230715e+18,5.364060088929297e-19,0.1097836142598325,-9.20133020147225,3.2351286442551364,0.0625,0.00047870452921932043,26,False,35883175762.15466,min_sensing,0.0,0.0,5.242473122279989e-13,2.076352289072119,-35883175762.15466,0.09978589028130126,,,,,,,20.7635228907212
145.0,-7.822712330395691,14,max_rate_isac,Max-rate ISAC,ok,optimal,CLARABEL,0.005416284000148153,,19.22066063656835,288309.90954852523,0.9999999997441129,3.3571428564117514,85879.54754379514,106548749977.17468,2.8109092993364285e+18,2.8109092993364285e+18,2.784467845022828e+18,3.5575676534140394e-19,0.08940612887566009,-6.8605721520794605,4.696005282453791,0.06249999995076705,0.0004995701456492123,64,True,22.8253173828125,,1.1209294767077166e-11,4.923295104930503e-11,2.558870892954701e-10,0.5334900349192679,-22.8253173828125,,False,,,,,,20.7635228907212
145.0,-7.822712330395691,14,dinkelbach_ee_isac,Dinkelbach EE-ISAC,ok,optimal,CLARABEL,0.008454949999759265,,19.22066065299478,288309.9097949217,0.9999999999220703,3.357142856920201,85879.54760418311,106548749995.37769,2.81090929981665e+18,2.81090929981665e+18,2.7844673889264123e+18,3.5575676528062573e-19,0.08940612886802292,-6.860558035022772,4.695985463916502,0.062499999990019574,0.0004995675909165995,64,True,4.622314453125,,2.3415986447370788e-12,9.980426207700788e-12,7.792966272290869e-11,0.5334900513456979,-4.622314453125,,False,2.0,True,85879.54754379514,0.00020273105474188924,False,20.7635228907212
145.0,-7.822712330395691,15,uniform,Uniform,ok,closed_form,numpy,1.7150000530818943e-06,,14.05717908278997,210857.68624184956,1.0,3.357142857142857,62808.67249757221,76781250000.0,2.0255998281153943e+18,2.0255998281153943e+18,2.0255998281153943e+18,4.936809265680052e-19,0.10532073506634214,-13.256466474732292,-9.684463547443015,0.015625,0.0,64,False,29767500000.0,min_rate;min_sensing,0.015625,0.046875,0.0,-6.948186638097296,-29767500000.0,,,,,,,,23.339295245430296
145.0,-7.822712330395691,15,water_filling,Water-filling (comm. only),ok,closed_form,numpy,0.00014210100016498473,,23.339295245430296,350089.42868145445,0.9999999999997645,3.3571428571421844,104281.95747960308,64307217117.74249,1.696516896251084e+18,1.696516896251084e+18,1.696419021952962e+18,5.894429947675572e-19,0.11508311606372597,-8.312951423250542,3.661231939102475,0.0625,0.0005617971318947286,21,False,42241532882.25751,min_sensing,0.0,0.0,2.354783035229957e-13,2.3339295245430307,-42241532882.25751,0.09374465674027747,,,,,,,23.339295245430296
145.0,-7.822712330395691,15,max_rate_isac,Max-rate ISAC,ok,optimal,CLARABEL,0.005268109999633452,,21.46075610378727,321911.341556809,0.9999999994670238,3.357142855620068,95888.4847625442,106548749946.90282,2.8109092985378135e+18,2.8109092985378135e+18,2.8072982277014195e+18,3.5575676544247895e-19,0.08940612888836079,-6.209471962731095,4.771317491693053,0.06249999987281222,0.0005024888247425407,64,True,53.09718322753906,,7.364170937935424e-12,1.271877811404032e-10,5.329762187145093e-10,0.4553903829000028,-53.09718322753906,,False,,,,,,23.339295245430296
145.0,-7.822712330395691,15,dinkelbach_ee_isac,Dinkelbach EE-ISAC,ok,optimal,CLARABEL,0.008223577999615372,,21.460756135198665,321911.34202797996,0.9999999999328344,3.3571428569509556,95888.48486487947,106548749995.11078,2.810909299809608e+18,2.810909299809608e+18,2.807295774962089e+18,3.5575676528151695e-19,0.0894061288681349,-6.209444656745974,4.771301428153461,0.06249999998830788,0.0005024885244486227,64,True,4.88922119140625,,6.74484531064096e-13,1.1692119494810527e-11,6.716560640995795e-11,0.45539041431139893,-4.88922119140625,,False,2.0,True,95888.4847625442,0.00034355412935838103,False,23.339295245430296
145.0,-7.822712330395691,16,uniform,Uniform,ok,closed_form,numpy,1.452000105928164e-06,,11.941664363724787,179124.9654558718,1.0,3.357142857142857,53356.37268898309,76781250000.0,2.0255998281153943e+18,2.0255998281153943e+18,2.0255998281153943e+18,4.936809265680052e-19,0.10532073506634214,-13.256466474732292,-9.684463547443015,0.015625,0.0,64,False,29767500000.0,min_rate;min_sensing,0.015625,0.046875,0.0,-6.117436548118107,-29767500000.0,,,,,,,,20.065667679825438
145.0,-7.822712330395691,16,water_filling,Water-filling (comm. only),ok,closed_form,numpy,0.00014226900020730682,,20.065667679825438,300985.01519738155,0.9999999999996809,3.3571428571419455,89655.11090988269,94334002701.89172,2.4886666947775534e+18,2.4886666947775534e+18,2.3410275908365353e+18,4.0182158667470086e-19,0.09501831822760973,-6.2737086836973885,4.678516876716869,0.0625,0.0005703552410642207,25,False,12214747298.108276,min_sensing,0.0,0.0,3.1907809727727e-13,2.0065667679825445,-12214747298.108276,0.10879324028733257,,,,,,,20.065667679825438
145.0,-7.822712330395691,16,max_rate_isac,Max-rate ISAC,ok,optimal,CLARABEL,0.005146799000158353,,19.936812979216935,299052.19468825404,0.9999999997863998,3.3571428565325707,89079.37715737557,106548749998.65036,2.810909299902988e+18,2.810909299902988e+18,2.670077161462623e+18,3.557567652696986e-19,0.08940612886664986,-4.851348755151647,5.200157777882613,0.06249999987376328,0.000602059983548708,64,True,1.349639892578125,,1.863263354506554e-11,1.2623672246414586e-10,2.1360024859973237e-10,1.8777120673740413,-1.349639892578125,,False,,,,,,20.065667679825438
145.0,-7.822712330395691,16,dinkelbach_ee_isac,Dinkelbach EE-ISAC,ok,optimal,CLARABEL,0.012870372000179486,,19.131380884177567,286970.7132626635,0.9499371293384519,3.214106083824148,89284.76714160763,106548749997.80075,2.810909299880574e+18,2.810909299880574e+18,2.658484482424831e+18,3.5575676527253533e-19,0.0894061288670063,-4.165646157328698,5.458723199364326,0.0624999999772739,0.0005728691807600295,64,True,2.199249267578125,,3.221929997574958e-12,2.272609878062326e-11,0.05006287066154813,1.0722799723346732,-2.199249267578125,,False,4.0,True,89284.76715095194,-3.003358142450452e-05,False,20.065667679825438
145.0,-7.822712330395691,17,uniform,Uniform,ok,closed_form,numpy,1.440000232832972e-06,,12.94963517899089,194244.52768486337,1.0,3.357142857142857,57860.07207634228,76781250000.0,2.0255998281153943e+18,2.0255998281153943e+18,2.0255998281153943e+18,4.936809265680052e-19,0.10532073506634214,-13.256466474732292,-9.684463547443015,0.015625,0.0,64,False,29767500000.0,min_rate;min_sensing,0.015625,0.046875,0.0,-5.328321440195344,-29767500000.0,,,,,,,,20.308840687984706
145.0,-7.822712330395691,17,water_filling,Water-filling (comm. only),ok,closed_form,numpy,0.00016340899992428604,,20.308840687984706,304632.6103197706,1.0000000000008407,3.3571428571452593,90741.62860582418,72877042781.70511,1.922601225327539e+18,1.922601225327539e+18,1.9225603014979978e+18,5.201286604972582e-19,0.10810507934775253,-7.7203554582245815,3.0583263101855414,0.0625,0.0004422955827281623,29,False,33671707218.29489,min_sensing,0.0,0.0,-8.406608742461685e-13,2.0308840687984713,-33671707218.29489,0.09777295630304059,,,,,,,20.308840687984706
145.0,-7.822712330395691,17,max_rate_isac,Max-rate ISAC,ok,optimal,CLARABEL,0.00542324300022301,,19.68657110708137,295298.56660622056,0.9999999999540289,3.357142857011511,87961.27516274116,106548750009.78336,2.8109093001966925e+18,2.8109093001966925e+18,2.809650282991514e+18,3.557567652325265e-19,0.08940612886197895,-7.66475903724105,4.62340555291829,0.06249999975074753,0.0004801346405764997,64,True,0.0,,2.542737671328129e-11,2.492524728281431e-10,4.597111580295632e-11,1.4086144878951359,9.783355712890625,,False,,,,,,20.308840687984706
145.0,-7.822712330395691,17,dinkelbach_ee_isac,Dinkelbach EE-ISAC,ok,optimal,CLARABEL,0.008815407999918534,,19.68657112507627,295298.56687614403,0.999999999956378,3.357142857018223,87961.27524296804,106548750001.36444,2.8109092999745894e+18,2.8109092999745894e+18,2.8096500944184136e+18,3.5575676526063645e-19,0.08940612886551114,-7.6646291164475695,4.623395387928271,0.06249999996299553,0.00048013345229425255,64,True,0.0,,3.6164526198376105e-12,3.700446893351028e-11,4.362199490515195e-11,1.4086145058900357,1.36444091796875,,False,2.0,True,87961.27516274116,0.00026933307526633143,False,20.308840687984706
145.0,-7.822712330395691,18,uniform,Uniform,ok,closed_form,numpy,2.573000074335141e-06,,11.295998980115822,169439.98470173732,1.0,3.357142857142857,50471.48480477282,76781250000.0,2.0255998281153943e+18,2.0255998281153943e+18,2.0255998281153943e+18,4.936809265680052e-19,0.10532073506634214,-13.256466474732292,-9.684463547443015,0.015625,0.0,64,False,29767500000.0,min_rate;min_sensing,0.015625,0.046875,0.0,-6.598434882644522,-29767500000.0,,,,,,,,19.88270429195594
145.0,-7.822712330395691,18,water_filling,Water-filling (comm. only),ok,closed_form,numpy,0.00015000699977463228,,19.88270429195594,298240.5643793391,0.9999999999996223,3.357142857141778,88837.61492153382,66363447485.59898,1.7507632113305567e+18,1.7507632113305567e+18,1.7450292378039752e+18,5.711794682046199e-19,0.11328619786154927,-5.982606849697842,3.6854784944823997,0.0625,0.0005665998315403114,23,False,40185302514.40102,min_sensing,0.0,0.0,3.7769787297747826e-13,1.9882704291955946,-40185302514.40102,0.1103392695046593,,,,,,,19.88270429195594
145.0,-7.822712330395691,18,max_rate_isac,Max-rate ISAC,ok,optimal,CLARABEL,0.0048746610000307555,,19.03750358904189,285562.5538356283,0.9999999996801209,3.357142856228917,85061.1862720674,106548749979.53473,2.8109092993986903e+18,2.8109092993986903e+18,2.775234202233369e+18,3.5575676533352395e-19,0.08940612887466991,-7.718312706739054,4.6657745214643285,0.06249999984057987,0.0005077064953368446,64,True,20.46527099609375,,2.0122143116441504e-11,1.5942012987490983e-10,3.1987912318953704e-10,1.1430697262815457,-20.46527099609375,,False,,,,,,19.88270429195594
145.0,-7.822712330395691,18,dinkelbach_ee_isac,Dinkelbach EE-ISAC,ok,optimal,CLARABEL,0.007636514000296302,,19.03750361075238,285562.5541612857,0.9999999998130358,3.357142856608674,85061.18635944968,106548749996.70892,2.8109092998517704e+18,2.8109092998517704e+18,2.775232994803894e+18,3.5575676527618083e-19,0.08940612886746438,-7.718362358580535,4.665764648611841,0.06249999997422411,0.0005077053440513576,64,True,3.29107666015625,,3.207827002520803e-12,2.577588836816247e-11,1.8696422188213546e-10,1.1430697479920369,-3.29107666015625,,False,2.0,True,85061.1862720674,0.0002933548530563712,False,19.88270429195594
145.0,-7.822712330395691,19,uniform,Uniform,ok,closed_form,numpy,1.4769998415431473e-06,,12.478018117012539,187170.2717551881,1.0,3.357142857142857,55752.84690580071,76781250000.0,2.0255998281153943e+18,2.0255998281153943e+18,2.0255998281153943e+18,4.936809265680052e-19,0.10532073506634214,-13.256466474732292,-9.684463547443015,0.015625,0.0,64,False,29767500000.0,min_rate;min_sensing,0.015625,0.046875,0.0,-4.739025006082443,-29767500000.0,,,,,,,,19.13004791454998
145.0,-7.822712330395691,19,water_filling,Water-filling (comm. only),ok,closed_form,numpy,0.0001664269998400414,,19.13004791454998,286950.7187182497,1.000000000000399,3.357142857143997,85474.6821713645,69463224727.17438,1.8325397941255898e+18,1.8325397941255898e+18,1.8315366846921713e+18,5.456907419994978e-19,0.11072966860340382,-8.721259140291043,3.0187042958408954,0.0625,0.00046726652077607096,28,False,37085525272.82562,min_sensing,0.0,0.0,-3.9901415505028126e-13,1.9130047914549984,-37085525272.82562,0.10507199762127184,,,,,,,19.13004791454998
145.0,-7.822712330395691,19,max_rate_isac,Max-rate ISAC,ok,optimal,CLARABEL,0.004953148000367946,,18.254514049528975,273817.7107429346,0.9999999998798661,3.3571428567996175,81562.72235729835,106548749997.52576,2.8109092998733194e+18,2.8109092998733194e+18,2.744201744071333e+18,3.557567652734535e-19,0.08940612886712168,-7.607574468384701,4.550767434533112,0.06249999994918783,0.0004990470251225856,64,True,2.4742431640625,,2.448846441429214e-11,5.081216697400137e-11,1.2013390282561431e-10,1.0374709264339934,-2.4742431640625,,False,,,,,,19.13004791454998
145.0,-7.822712330395691,19,dinkelbach_ee_isac,Dinkelbach EE-ISAC,ok,optimal,CLARABEL,0.007916008000393049,,18.25451406480017,273817.71097200253,0.999999999927962,3.3571428569370343,81562.72242219276,106548749999.623,2.810909299928647e+18,2.810909299928647e+18,2.7441951011194624e+18,3.5575676526645108e-19,0.08940612886624179,-7.6076469623078005,4.550740559032008,0.06249999999181351,0.0004990463896569904,64,True,0.3769989013671875,,3.817351385005408e-12,8.18649315004194e-12,7.203804219813037e-11,1.0374709417051875,-0.3769989013671875,,False,2.0,True,81562.72235729835,0.00021785980788990855,False,19.13004791454998
150.0,-12.822712330395692,0,uniform,Uniform,ok,closed_form,numpy,1.3640001270687208e-06,,5.227969723340065,78419.54585010097,1.0,3.357142857142857,23359.013657476884,76781250000.0,2.0255998281153943e+18,2.0255998281153943e+18,2.0255998281153943e+18,4.936809265680052e-19,0.10532073506634214,-13.256466474732292,-9.684463547443015,0.015625,0.0,64,False,29767500000.0,min_rate;min_sensing,0.015625,0.046875,0.0,-4.173065428011924,-29767500000.0,,,,,,,,10.44559461261332
150.0,-12.822712330395692,0,water_filling,Water-filling (comm. only),ok,closed_form,numpy,0.00015735300030428334,,10.44559461261332,156683.9191891998,0.9999999999994302,3.3571428571412296,46671.805715954484,64494242625.34141,1.701450898185743e+18,1.701450898185743e+18,1.6823975251221463e+18,5.877336813341484e-19,0.11491613135425334,-5.658273697278776,4.359459786596805,0.0625,0.0006758486699171055,19,False,42054507374.65859,min_sensing,0.0,0.0,5.697664562376303e-13,1.044559461261331,-42054507374.65859,0.21508488463335423,,,,,,,10.44559461261332
150.0,-12.822712330395692,0,max_rate_isac,Max-rate ISAC,ok,optimal,CLARABEL,0.005078267000044434,,9.718388917183015,145775.83375774522,0.9999999999018088,3.357142856862311,43422.58878253152,106548749996.63226,2.8109092998497475e+18,2.8109092998497475e+18,2.785567703229568e+18,3.5575676527643683e-19,0.08940612886749655,-7.347769198938207,5.911560869217497,0.062499999977409446,0.0006695604887672307,64,True,3.36773681640625,,2.122435854638005e-11,2.2590554427104337e-11,9.81912329223178e-11,0.3173537658310259,-3.36773681640625,,False,,,,,,10.44559461261332
150.0,-12.822712330395692,0,dinkelbach_ee_isac,Dinkelbach EE-ISAC,ok,optimal,CLARABEL,0.007630870999946637,,9.718388928502922,145775.83392754383,0.9999999999694721,3.3571428570556345,43422.58883060931,106548749999.52277,2.8109092999260037e+18,2.8109092999260037e+18,2.785567734720886e+18,3.557567652667856e-19,0.08940612886628382,-7.3477670945238245,5.911562650246899,0.06249999999704082,0.0006695607792777216,64,True,0.47723388671875,,2.7991519623306063e-12,2.9591815109419883e-12,3.052791353042039e-11,0.3173537771509327,-0.47723388671875,,False,2.0,True,43422.58878253152,0.00016140402294695377,False,10.44559461261332
150.0,-12.822712330395692,1,uniform,Uniform,ok,closed_form,numpy,1.4260003808885813e-06,,3.8859109915840744,58288.66487376112,1.0,3.357142857142857,17362.581026226715,76781250000.0,2.0255998281153943e+18,2.0255998281153943e+18,2.0255998281153943e+18,4.936809265680052e-19,0.10532073506634214,-13.256466474732292,-9.684463547443015,0.015625,0.0,64,False,29767500000.0,min_rate;min_sensing,0.015625,0.046875,0.0,-3.778067656727157,-29767500000.0,,,,,,,,8.515531831456924
150.0,-12.822712330395692,1,water_filling,Water-filling (comm. only),ok,closed_form,numpy,0.00014241100006984198,,8.515531831456924,127732.97747185385,1.0000000000009073,3.3571428571454494,38048.12094903347,104942235729.66858,2.7685271424476923e+18,2.7685271424476923e+18,2.6731127191325875e+18,3.612028882317139e-19,0.09008786910191471,-5.698461746760579,5.4148846025151105,0.0625,0.0006868391710601298,18,False,1606514270.331421,min_sensing,0.0,0.0,-9.072742557236779e-13,0.8515531831456924,-1606514270.331421,0.31546039479165955,,,,,,,8.515531831456924
150.0,-12.822712330395692,1,max_rate_isac,Max-rate ISAC,ok,optimal,CLARABEL,0.0051729849997173005,,8.514869456515363,127723.04184773045,0.9999999999616913,3.357142857033404,38045.161402692014,106548750105.0596,2.8109093027102167e+18,2.8109093027102167e+18,2.7109807772553093e+18,3.557567649144076e-19,0.08940612882200531,-5.621168578671412,5.486835085618255,0.0624999999836741,0.0006941325673782304,64,True,0.0,,1.6523029097163613e-11,1.6325898966051966e-11,3.8308689553900876e-11,0.8508908082041318,105.05960083007812,,False,,,,,,8.515531831456924
150.0,-12.822712330395692,1,dinkelbach_ee_isac,Dinkelbach EE-ISAC,ok,optimal,CLARABEL,0.01307381099968552,,7.849920210845809,117748.80316268714,0.8760797858949416,3.0030851025569762,39209.27950474329,106548750000.22609,2.8109092999445586e+18,2.8109092999445586e+18,2.7586387726375537e+18,3.5575676526443728e-19,0.08940612886598874,-4.733026879437817,6.726988290517299,0.062499999994096694,0.0006456375877104588,64,True,0.0,,5.211499783381859e-12,5.903305622112498e-12,0.12392021410505838,0.18594156253457772,0.2260894775390625,,False,4.0,True,39209.27949957586,1.5518220607191324e-05,False,8.515531831456924
150.0,-12.822712330395692,2,uniform,Uniform,ok,closed_form,numpy,1.36500011649332e-06,,5.439169804038644,81587.54706057966,1.0,3.357142857142857,24302.67359251309,76781250000.0,2.0255998281153943e+18,2.0255998281153943e+18,2.0255998281153943e+18,4.936809265680052e-19,0.10532073506634214,-13.256466474732292,-9.684463547443015,0.015625,0.0,64,False,29767500000.0,min_rate;min_sensing,0.015625,0.046875,0.0,-4.7328784339161425,-29767500000.0,,,,,,,,11.302275819949763
150.0,-12.822712330395692,2,water_filling,Water-filling (comm. only),ok,closed_form,numpy,0.00013809300025968696,,11.302275819949763,169534.13729924645,0.9999999999993303,3.357142857140944,50499.530259378786,86715132365.2901,2.2876699352268334e+18,2.2876699352268334e+18,2.1273957120032924e+18,4.371259964566721e-19,0.09910464836170978,-6.506129405170737,4.813058687307096,0.0625,0.0006418084162357345,19,False,19833617634.7099,min_sensing,0.0,0.0,6.696865284538944e-13,1.1302275819949763,-19833617634.7099,0.19379554105637886,,,,,,,11.302275819949763
150.0,-12.822712330395692,2,max_rate_isac,Max-rate ISAC,ok,optimal,CLARABEL,0.005004089000067324,,10.87953937224275,163193.09058364126,0.9999999999146152,3.357142856898901,48610.70783695749,106548749997.12198,2.8109092998626673e+18,2.8109092998626673e+18,2.7919757265636137e+18,3.5575676527480167e-19,0.08940612886729109,-7.312868025656716,5.586954423455376,0.062499999979003164,0.0006244975822611101,64,True,2.878021240234375,,1.4371526904146713e-11,2.099683621414883e-11,8.538481033326661e-11,0.7074911342879631,-2.878021240234375,,False,,,,,,11.302275819949763
150.0,-12.822712330395692,2,dinkelbach_ee_isac,Dinkelbach EE-ISAC,ok,optimal,CLARABEL,0.013241605999155581,,10.554744423852313,158321.16635778468,0.9643576767647439,3.2553076478992686,48634.77848551527,106548749998.95003,2.810909299910894e+18,2.810909299910894e+18,2.7964894550217667e+18,3.5575676526869796e-19,0.08940612886652412,-7.174544056828606,5.924169327169119,0.06249999999309785,0.0006173817722864511,64,True,1.0499725341796875,,4.508663106135586e-12,6.90215246068604e-12,0.03564232323525607,0.38269618589752596,-1.0499725341796875,,False,4.0,True,48634.77848944854,-1.2803997378796339e-05,False,11.302275819949763
150.0,-12.822712330395692,3,uniform,Uniform,ok,closed_form,numpy,1.517999862699071e-06,,5.0435108435917675,75652.66265387651,1.0,3.357142857142857,22534.835684133428,76781250000.0,2.0255998281153943e+18,2.0255998281153943e+18,2.0255998281153943e+18,4.936809265680052e-19,0.10532073506634214,-13.256466474732292,-9.684463547443015,0.015625,0.0,64,False,29767500000.0,min_rate;min_sensing,0.015625,0.046875,0.0,-3.5367411169166223,-29767500000.0,,,,,,,,9.533613289453767
150.0,-12.822712330395692,3,water_filling,Water-filling (comm. only),ok,closed_form,numpy,0.00013790499997412553,,9.533613289453767,143004.1993418065,0.9999999999993678,3.357142857141051,42596.995548646126,75552327164.47432,1.993179075856114e+18,1.993179075856114e+18,1.9899920516357955e+18,5.017110665635892e-19,0.10617384556749346,-8.718723153070103,4.5615495943578495,0.0625,0.0006210524159132595,22,False,30996422835.52568,min_sensing,0.0,0.0,6.321609902215641e-13,0.9533613289453768,-30996422835.52568,0.233452749346467,,,,,,,9.533613289453767
150.0,-12.822712330395692,3,max_rate_isac,Max-rate ISAC,ok,optimal,CLARABEL,0.005453940000279545,,9.213173389956943,138197.60084935414,0.9999999998740392,3.3571428567829695,41165.24281060354,106548750003.97078,2.8109093000433485e+18,2.8109093000433485e+18,2.780150567222505e+18,3.5575676525193414e-19,0.08940612886441764,-6.426789761875904,5.425237845105745,0.06249999995806103,0.0006000251276068206,64,True,0.0,,3.326781357462827e-11,4.1938973127653156e-11,1.2596079734805699e-10,0.6329214294485528,3.9707794189453125,,False,,,,,,9.533613289453767
150.0,-12.822712330395692,3,dinkelbach_ee_isac,Dinkelbach EE-ISAC,ok,optimal,CLARABEL,0.013452186000449728,,8.804846549933613,132072.6982490042,0.9470101815633857,3.2057433758953877,41198.77443780581,106548750000.13669,2.810909299942199e+18,2.810909299942199e+18,2.7801417211196027e+18,3.5575676526473594e-19,0.08940612886602627,-5.403324132640978,5.990330389876959,0.062499999997270905,0.0006017499058655459,64,True,0.0,,2.0719931062462627e-12,2.7290947279823285e-12,0.05298981843661432,0.22459458942522303,0.136688232421875,,False,4.0,True,41198.77443843895,-2.0297011360526085e-06,False,9.533613289453767
150.0,-12.822712330395692,4,uniform,Uniform,ok,closed_form,numpy,1.3919998309575021e-06,,4.264317988076655,63964.76982114983,1.0,3.357142857142857,19053.33569140633,76781250000.0,2.0255998281153943e+18,2.0255998281153943e+18,2.0255998281153943e+18,4.936809265680052e-19,0.10532073506634214,-13.256466474732292,-9.684463547443015,0.015625,0.0,64,False,29767500000.0,min_rate;min_sensing,0.015625,0.046875,0.0,-3.4556855881496897,-29767500000.0,,,,,,,,8.577781751362606
150.0,-12.822712330395692,4,water_filling,Water-filling (comm. only),ok,closed_form,numpy,0.0001426650001121743,,8.577781751362606,128666.72627043909,1.0000000000007674,3.3571428571450497,38326.25888904193,87857736400.41359,2.317813473358214e+18,2.317813473358214e+18,2.3033234059752271e+18,4.314411023554576e-19,0.09845810340722201,-5.860836951734094,5.396339248885492,0.0625,0.0006803215637187993,19,False,18691013599.58641,min_sensing,0.0,0.0,-7.673861546209082e-13,0.8577781751362608,-18691013599.58641,0.27673015719879995,,,,,,,8.577781751362606
150.0,-12.822712330395692,4,max_rate_isac,Max-rate ISAC,ok,optimal,CLARABEL,0.005200472000069567,,8.362755611945012,125441.33417917517,0.9999999998718927,3.3571428567768367,37365.50380212604,106548750002.14276,2.8109092999951227e+18,2.8109092999951227e+18,2.7982453314388173e+18,3.5575676525803775e-19,0.08940612886518459,-6.826903191195148,5.819940033749087,0.06249999996700564,0.000653288887896781,64,True,0.0,,3.295903095427496e-11,3.2994357246352024e-11,1.2810730254386726e-10,0.6427520357186669,2.14276123046875,,False,,,,,,8.577781751362606
150.0,-12.822712330395692,4,dinkelbach_ee_isac,Dinkelbach EE-ISAC,ok,optimal,CLARABEL,0.013564944999870931,,8.132668694585746,121990.03041878619,0.9669158913215515,3.26261683234729,37390.24123498451,106548750000.24893,2.8109092999451597e+18,2.8109092999451597e+18,2.787129254717483e+18,3.557567652643612e-19,0.08940612886597918,-7.021326075386604,5.964471744500338,0.062499999995136016,0.0006234432725781673,64,True,0.0,,4.6315023423266824e-12,4.8639842153974655e-12,0.033084108678448465,0.412665118359401,0.248931884765625,,False,4.0,True,37390.241236016234,-3.3661199267953634e-06,False,8.577781751362606
150.0,-12.822712330395692,5,uniform,Uniform,ok,closed_form,numpy,1.508999957877677e-06,,3.9626133972034667,59439.200958052,1.0,3.357142857142857,17705.29390239847,76781250000.0,2.0255998281153943e+18,2.0255998281153943e+18,2.0255998281153943e+18,4.936809265680052e-19,0.10532073506634214,-13.256466474732292,-9.684463547443015,0.015625,0.0,64,False,29767500000.0,min_rate;min_sensing,0.015625,0.046875,0.0,-2.8028616687227466,-29767500000.0,,,,,,,,7.517194517695792
150.0,-12.822712330395692,5,water_filling,Water-filling (comm. only),ok,closed_form,numpy,0.00014570699977412005,,7.517194517695792,112757.91776543688,1.0000000000000253,3.3571428571429296,33587.464866299626,67726691328.3761,1.78672754498765e+18,1.78672754498765e+18,1.5892290917560648e+18,5.596824220935778e-19,0.11214025540640708,-7.558209669380462,4.085719880746442,0.0625,0.0006648160224773889,19,False,38822058671.6239,min_sensing,0.0,0.0,-2.531308496145357e-14,0.7517194517695787,-38822058671.6239,0.2886898506144785,,,,,,,7.517194517695792
150.0,-12.822712330395692,5,max_rate_isac,Max-rate ISAC,ok,optimal,CLARABEL,0.005417463999947358,,7.1947953487458545,107921.93023118781,0.999999999915135,3.357142856900386,32146.95794352671,106548750005.40657,2.810909300081227e+18,2.810909300081227e+18,2.63439497136726e+18,3.5575676524714016e-19,0.08940612886381524,-6.172167103924686,5.554152637639893,0.062499999967719426,0.0006697562740729205,64,True,0.0,,3.153356833035375e-11,3.22805740471388e-11,8.486500391313712e-11,0.4293202828196412,5.4065704345703125,,False,,,,,,7.517194517695792
150.0,-12.822712330395692,5,dinkelbach_ee_isac,Dinkelbach EE-ISAC,ok,optimal,CLARABEL,0.008708308000223042,,7.194795357359203,107921.93036038804,0.9999999998348357,3.357142856670959,32146.957984208802,106548750001.00395,2.8109092999650785e+18,2.8109092999650785e+18,2.6343913767094124e+18,3.557567652618402e-19,0.0894061288656624,-6.172164114293022,5.554124804073477,0.06249999999443398,0.0006697536003965774,64,True,0.0,,5.4918506600864835e-12,5.5660198672313754e-12,1.6516432665980574e-10,0.42932029143298944,1.0039520263671875,,False,2.0,True,32146.95794352671,0.00013657558884005994,False,7.517194517695792
150.0,-12.822712330395692,6,uniform,Uniform,ok,closed_form,numpy,1.683999926171964e-06,,4.783701254097717,71755.51881146575,1.0,3.357142857142857,21373.984326819584,76781250000.0,2.0255998281153943e+18,2.0255998281153943e+18,2.0255998281153943e+18,4.936809265680052e-19,0.10532073506634214,-13.256466474732292,-9.684463547443015,0.015625,0.0,64,False,29767500000.0,min_rate;min_sensing,0.015625,0.046875,0.0,-3.7554451131929403,-29767500000.0,,,,,,,,9.48794040810073
150.0,-12.822712330395692,6,water_filling,Water-filling (comm. only),ok,closed_form,numpy,0.00014643700023952988,,9.48794040810073,142319.10612151097,1.0000000000001301,3.357142857143229,42392.92522767942,66868656619.037544,1.764091355035634e+18,1.764091355035634e+18,1.7423243313624886e+18,5.668640669574623e-19,0.11285743393966494,-7.386471840186991,4.3681245577086365,0.0625,0.0006502204539995971,21,False,39680093380.962456,min_sensing,0.0,0.0,-1.3011813848606835e-13,0.948794040810073,-39680093380.962456,0.22035448146235717,,,,,,,9.48794040810073
150.0,-12.822712330395692,6,max_rate_isac,Max-rate ISAC,ok,optimal,CLARABEL,0.005079070000192587,,8.645451536581183,129681.77304871773,0.9999999999860466,3.3571428571029904,38628.61324901294,106548750000.16562,2.8109092999429627e+18,2.8109092999429627e+18,2.725098886753005e+18,3.5575676526463926e-19,0.08940612886601412,-6.345368589171919,5.629751340542742,0.06249999999229223,0.0006469964637359095,64,True,0.0,,4.563066298761299e-12,7.707771920717477e-12,1.395339399579143e-11,0.10630516929052547,0.165618896484375,,False,,,,,,9.48794040810073
150.0,-12.822712330395692,6,dinkelbach_ee_isac,Dinkelbach EE-ISAC,ok,optimal,CLARABEL,0.008003760000065085,,8.645451538435218,129681.77307652826,0.9999999999913465,3.357142857118133,38628.61325712269,106548750000.06693,2.810909299940359e+18,2.810909299940359e+18,2.725098889479624e+18,3.5575676526496874e-19,0.08940612886605552,-6.3453684875440475,5.6297513802514985,0.062499999997512094,0.0006469964684406564,64,True,0.0,,1.4854628441423248e-12,2.487905714776417e-12,8.65352234313832e-12,0.10630517114456062,0.066925048828125,,False,2.0,True,38628.61324901294,2.7225600206293166e-05,False,9.48794040810073
150.0,-12.822712330395692,7,uniform,Uniform,ok,closed_form,numpy,1.5599998732795939e-06,,5.276721382099231,79150.82073148846,1.0,3.357142857142857,23576.84021789018,76781250000.0,2.0255998281153943e+18,2.0255998281153943e+18,2.0255998281153943e+18,4.936809265680052e-19,0.10532073506634214,-13.256466474732292,-9.684463547443015,0.015625,0.0,64,False,29767500000.0,min_rate;min_sensing,0.015625,0.046875,0.0,-4.037925783726706,-29767500000.0,,,,,,,,10.349607962028818
150.0,-12.822712330395692,7,water_filling,Water-filling (comm. only),ok,closed_form,numpy,0.00014587899977414054,,10.349607962028818,155244.11943043227,1.0000000000001867,3.357142857143391,46242.9291920363,75541593948.98663,1.9928959181913585e+18,1.9928959181913585e+18,1.9273859078787602e+18,5.017823514373718e-19,0.10618138807638038,-5.742451904037069,4.3503550580451105,0.0625,0.0006079444609046942,22,False,31007156051.013367,min_sensing,0.0,0.0,-1.8673951274195133e-13,1.0349607962028813,-31007156051.013367,0.2250256218691145,,,,,,,10.349607962028818
150.0,-12.822712330395692,7,max_rate_isac,Max-rate ISAC,ok,optimal,CLARABEL,0.005795044000024063,,9.849541219684404,147743.11829526606,0.9999999999512228,3.357142857003494,44008.58843020403,106548749999.92072,2.810909299936502e+18,2.810909299936502e+18,2.625456123639326e+18,3.5575676526545696e-19,0.08940612886611686,-5.381505813975949,5.675265458106312,0.06249999998019443,0.0006910852817013993,64,True,0.07928466796875,,1.3139048402336668e-11,1.9805566908726036e-11,4.87772044976964e-11,0.5348940538584674,-0.07928466796875,,False,,,,,,10.349607962028818
150.0,-12.822712330395692,7,dinkelbach_ee_isac,Dinkelbach EE-ISAC,ok,optimal,CLARABEL,0.008709587999874202,,9.849541223429506,147743.1183514426,0.9999999997690932,3.3571428564831236,44008.588453758966,106548749999.99376,2.8109092999384284e+18,2.8109092999384284e+18,2.6254562081895383e+18,3.5575676526521314e-19,0.08940612886608623,-5.381511551785209,5.675260970309432,0.06249999999548755,0.0006910844567820961,64,True,0.0062408447265625,,3.0103750369933162e-12,4.5124529113316214e-12,2.3090684919679916e-10,0.5348940576035695,-0.0062408447265625,,False,2.0,True,44008.58843020403,7.907729013822973e-05,False,10.349607962028818
150.0,-12.822712330395692,8,uniform,Uniform,ok,closed_form,numpy,1.6459998732898384e-06,,3.920141971289037,58802.12956933555,1.0,3.357142857142857,17515.527956823356,76781250000.0,2.0255998281153943e+18,2.0255998281153943e+18,2.0255998281153943e+18,4.936809265680052e-19,0.10532073506634214,-13.256466474732292,-9.684463547443015,0.015625,0.0,64,False,29767500000.0,min_rate;min_sensing,0.015625,0.046875,0.0,-3.2225803959194943,-29767500000.0,,,,,,,,7.936358185787257
150.0,-12.822712330395692,8,water_filling,Water-filling (comm. only),ok,closed_form,numpy,0.0001401999998051906,,7.936358185787257,119045.37278680886,0.9999999999992928,3.3571428571408366,35460.323808858026,77020223276.7629,2.0319042869296893e+18,2.0319042869296893e+18,1.9924345053797445e+18,4.92149165899468e-19,0.1051572170090042,-6.713120433473296,5.043172195891479,0.0625,0.0006970685312094809,17,False,29528526723.237106,min_sensing,0.0,0.0,7.072120666862247e-13,0.7936358185787258,-29528526723.237106,0.264223979496125,,,,,,,7.936358185787257
150.0,-12.822712330395692,8,max_rate_isac,Max-rate ISAC,ok,optimal,CLARABEL,0.005104142999698524,,7.546219170603926,113193.2875590589,0.9999999999092688,3.3571428568836255,33717.14948828069,106548750006.25974,2.810909300103733e+18,2.810909300103733e+18,2.7681051235310935e+18,3.5575676524429166e-19,0.08940612886345731,-6.176223776587251,5.524161319623189,0.06249999995717817,0.0006373458624637066,64,True,0.0,,3.232077380535538e-11,4.2821829415728985e-11,9.073120033065152e-11,0.4034968033953952,6.259735107421875,,False,,,,,,7.936358185787257
150.0,-12.822712330395692,8,dinkelbach_ee_isac,Dinkelbach EE-ISAC,ok,optimal,CLARABEL,0.007803709000199888,,7.546219183116962,113193.28774675443,0.9999999999432627,3.357142856980751,33717.149543214524,106548750000.5535,2.8109092999531955e+18,2.8109092999531955e+18,2.7681017783403976e+18,3.5575676526334417e-19,0.08940612886585138,-6.176171218470259,5.524143206012178,0.06249999999621355,0.0006373451395940287,64,True,0.0,,2.8636925852229133e-12,3.786450319953616e-12,5.673728153965385e-11,0.4034968159084311,0.553497314453125,,False,2.0,True,33717.14948828069,0.00018442074360791594,False,7.936358185787257
150.0,-12.822712330395692,9,uniform,Uniform,ok,closed_form,numpy,1.3449998732539825e-06,,4.70299337918582,70544.9006877873,1.0,3.357142857142857,21013.37467295792,76781250000.0,2.0255998281153943e+18,2.0255998281153943e+18,2.0255998281153943e+18,4.936809265680052e-19,0.10532073506634214,-13.256466474732292,-9.684463547443015,0.015625,0.0,64,False,29767500000.0,min_rate;min_sensing,0.015625,0.046875,0.0,-3.0856559925501568,-29767500000.0,,,,,,,,8.654054857484418
150.0,-12.822712330395692,9,water_filling,Water-filling (comm. only),ok,closed_form,numpy,0.00013738799998463946,,8.654054857484418,129810.82286226627,1.0000000000002816,3.357142857143662,38667.05361853813,83003384340.10986,2.1897486828141317e+18,2.1897486828141317e+18,2.1667574560130084e+18,4.566734109025063e-19,0.10129629719787814,-7.610216725747555,5.21088444362513,0.0625,0.0006776048549486656,18,False,23545365659.890137,min_sensing,0.0,0.0,-2.815525590449397e-13,0.8654054857484414,-23545365659.890137,0.257747865566801,,,,,,,8.654054857484418
150.0,-12.822712330395692,9,max_rate_isac,Max-rate ISAC,ok,optimal,CLARABEL,0.005127947999881144,,8.49617006257597,127442.55093863956,0.9999999999214121,3.3571428569183204,37961.61092043163,106548750001.97168,2.810909299990609e+18,2.810909299990609e+18,2.8100197230888806e+18,3.5575676525860903e-19,0.08940612886525638,-7.24608801868672,5.8137747938282756,0.06249999998041436,0.000652297302292579,64,True,0.0,,1.6176110200012582e-11,1.9585638666441696e-11,7.858791395420894e-11,0.7075206908399938,1.9716796875,,False,,,,,,8.654054857484418
150.0,-12.822712330395692,9,dinkelbach_ee_isac,Dinkelbach EE-ISAC,ok,optimal,CLARABEL,0.01314241599993693,,8.06963695766319,121044.55436494786,0.9393990399857757,3.1839972571022166,38016.53851772208,106548750000.07822,2.8109092999406566e+18,2.8109092999406566e+18,2.8083240268872545e+18,3.557567652649311e-19,0.08940612886605079,-6.496773434143322,6.274092853430339,0.06249999999791178,0.0006213928673268682,64,True,0.0,,1.52909625194283e-12,2.088218487017457e-12,0.060600960014224325,0.28098758592721396,0.078216552734375,,False,4.0,True,38016.53851794696,-7.160269888117909e-07,False,8.654054857484418
150.0,-12.822712330395692,10,uniform,Uniform,ok,closed_form,numpy,1.424999936716631e-06,,4.152147555029812,62282.21332544718,1.0,3.357142857142857,18552.1486501332,76781250000.0,2.0255998281153943e+18,2.0255998281153943e+18,2.0255998281153943e+18,4.936809265680052e-19,0.10532073506634214,-13.256466474732292,-9.684463547443015,0.015625,0.0,64,False,29767500000.0,min_rate;min_sensing,0.015625,0.046875,0.0,-3.541146567558269,-29767500000.0,,,,,,,,8.548104580653423
150.0,-12.822712330395692,10,water_filling,Water-filling (comm. only),ok,closed_form,numpy,0.0001936359999490378,,8.548104580653423,128221.56870980134,0.9999999999998967,3.3571428571425623,38193.658764625034,59505230587.601685,1.5698335837227564e+18,1.5698335837227564e+18,1.4327331998585423e+18,6.370101967296216e-19,0.11963655515966957,-6.108742192607737,4.178995215510013,0.0625,0.0007034922175445147,17,False,47043519412.398315,min_sensing,0.0,0.0,1.0325074129013956e-13,0.8548104580653417,-47043519412.398315,0.2837307333985999,,,,,,,8.548104580653423
150.0,-12.822712330395692,10,max_rate_isac,Max-rate ISAC,ok,optimal,CLARABEL,0.005423989000064466,,7.694275461217673,115414.13191826509,0.9999999999597977,3.3571428570279935,34378.67759385097,106548750006.42365,2.8109093001080586e+18,2.8109093001080586e+18,2.68168187556802e+18,3.557567652437442e-19,0.08940612886338853,-4.676880190684513,5.488452450101619,0.062499999971421964,0.0006426102786030848,64,True,0.0,,2.8821309185447117e-11,2.8578035771165133e-11,4.0202285944701543e-11,0.0009813386295922655,6.42364501953125,,False,,,,,,8.548104580653423
150.0,-12.822712330395692,10,dinkelbach_ee_isac,Dinkelbach EE-ISAC,ok,optimal,CLARABEL,0.008645612999771402,,7.694275471343573,115414.1320701536,0.9999999999602869,3.357142857029391,34378.67763908004,106548750001.09952,2.8109092999675996e+18,2.8109092999675996e+18,2.68168152124049e+18,3.5575676526152113e-19,0.08940612886562231,-4.676941487213692,5.488476590581634,0.06249999999522499,0.0006426144679086841,64,True,0.0,,4.850143263870068e-12,4.775006778867663e-12,3.97131216800517e-11,0.0009813487554923839,1.099517822265625,,False,2.0,True,34378.67759385097,0.0001518404606031254,False,8.548104580653423
150.0,-12.822712330395692,11,uniform,Uniform,ok,closed_form,numpy,1.5420000636368059e-06,,4.51867422115129,67780.11331726935,1.0,3.357142857142857,20189.820988122785,76781250000.0,2.0255998281153943e+18,2.0255998281153943e+18,2.0255998281153943e+18,4.936809265680052e-19,0.10532073506634214,-13.256466474732292,-9.684463547443015,0.015625,0.0,64,False,29767500000.0,min_rate;min_sensing,0.015625,0.046875,0.0,-4.116828739929623,-29767500000.0,,,,,,,,9.595003290089902
150.0,-12.822712330395692,11,water_filling,Water-filling (comm. only),ok,closed_form,numpy,0.00013459599995258031,,9.595003290089902,143925.04935134854,1.0000000000002727,3.3571428571436366,42871.29129613642,65396401414.09443,1.7252511448270902e+18,1.7252511448270902e+18,1.689128261809236e+18,5.796257565157118e-19,0.11412073106996617,-7.049202834214601,4.659154696582369,0.0625,0.0006954543562500929,18,False,41152348585.90557,min_sensing,0.0,0.0,-2.7267077484793845e-13,0.9595003290089892,-41152348585.90557,0.25650951076483464,,,,,,,9.595003290089902
150.0,-12.822712330395692,11,max_rate_isac,Max-rate ISAC,ok,optimal,CLARABEL,0.005044106999775977,,8.801308360817128,132019.62541225692,0.9999999999448679,3.357142856985337,39324.994805496164,106548749999.24908,2.810909299918783e+18,2.810909299918783e+18,2.675434843141201e+18,3.557567652676995e-19,0.08940612886639866,-5.359201071270335,5.615568450022824,0.062499999983115485,0.000650342440818859,64,True,0.75091552734375,,1.3547514145309421e-11,1.6884514619786017e-11,5.51321210906508e-11,0.16580539973621455,-0.75091552734375,,False,,,,,,9.595003290089902
150.0,-12.822712330395692,11,dinkelbach_ee_isac,Dinkelbach EE-ISAC,ok,optimal,CLARABEL,0.008361587000308646,,8.801308366808028,132019.6255021204,0.9999999999691911,3.357142857054832,39324.994831449956,106548749999.83705,2.810909299934294e+18,2.810909299934294e+18,2.67543237312204e+18,3.5575676526573636e-19,0.08940612886615197,-5.359169434632154,5.615580292214506,0.06249999999588629,0.0006503452618154873,64,True,0.1629486083984375,,3.2913517854507218e-12,4.1137093731435925e-12,3.080891097795302e-11,0.16580540572711477,-0.1629486083984375,,False,2.0,True,39324.994805496164,8.713058196008205e-05,False,9.595003290089902
150.0,-12.822712330395692,12,uniform,Uniform,ok,closed_form,numpy,1.6710000636521727e-06,,4.705068810496463,70576.03215744694,1.0,3.357142857142857,21022.647876686322,76781250000.0,2.0255998281153943e+18,2.0255998281153943e+18,2.0255998281153943e+18,4.936809265680052e-19,0.10532073506634214,-13.256466474732292,-9.684463547443015,0.015625,0.0,64,False,29767500000.0,min_rate;min_sensing,0.015625,0.046875,0.0,-3.185903733187531,-29767500000.0,,,,,,,,8.767747270759992
150.0,-12.822712330395692,12,water_filling,Water-filling (comm. only),ok,closed_form,numpy,0.00015685200014559086,,8.767747270759992,131516.2090613999,0.9999999999996605,3.3571428571418873,39175.04099702405,59015616982.55356,1.556916872491454e+18,1.556916872491454e+18,1.5532758182849068e+18,6.422950497027831e-19,0.1201318028456035,-8.141657738518418,3.8359661380115977,0.0625,0.0006243729714711813,21,False,47533133017.44644,min_sensing,0.0,0.0,3.3950620093037287e-13,0.8767747270759987,-47533133017.44644,0.24231814786569103,,,,,,,8.767747270759992
150.0,-12.822712330395692,12,max_rate_isac,Max-rate ISAC,ok,optimal,CLARABEL,0.0054138360001161345,,8.17271735951993,122590.76039279895,0.9999999999613008,3.3571428570322883,36516.396713951304,106548750004.59833,2.810909300059904e+18,2.810909300059904e+18,2.8104868895789256e+18,3.557567652498388e-19,0.08940612886415436,-6.492208282745459,5.616657001965883,0.06249999998042821,0.0006186073260821526,64,True,0.0,,2.027939712219071e-11,1.9571788634209497e-11,3.8699154991661544e-11,0.28174481583593725,4.59832763671875,,False,,,,,,8.767747270759992
150.0,-12.822712330395692,12,dinkelbach_ee_isac,Dinkelbach EE-ISAC,ok,optimal,CLARABEL,0.00884731899941471,,8.172717366932817,122590.76050399225,0.9999999999701707,3.3571428570576307,36516.39674679706,106548750000.8846,2.8109092999619297e+18,2.8109092999619297e+18,2.8104868323263043e+18,3.5575676526223873e-19,0.08940612886571248,-6.492235681552264,5.616660160941567,0.06249999999627241,0.0006186078591805036,64,True,0.0,,3.885827451210081e-12,3.727587682966771e-12,2.982925018102378e-11,0.28174482324882355,0.8845977783203125,,False,2.0,True,36516.396713951304,0.0001102678943425417,False,8.767747270759992
150.0,-12.822712330395692,13,uniform,Uniform,ok,closed_form,numpy,1.5079999684530776e-06,,4.955186136182312,74327.79204273468,1.0,3.357142857142857,22140.19337443161,76781250000.0,2.0255998281153943e+18,2.0255998281153943e+18,2.0255998281153943e+18,4.936809265680052e-19,0.10532073506634214,-13.256466474732292,-9.684463547443015,0.015625,0.0,64,False,29767500000.0,min_rate;min_sensing,0.015625,0.046875,0.0,-3.321502095658288,-29767500000.0,,,,,,,,9.196320257600666
150.0,-12.822712330395692,13,water_filling,Water-filling (comm. only),ok,closed_form,numpy,0.00013350200015338487,,9.196320257600666,137944.80386401,0.9999999999998809,3.357142857142517,41089.94157651778,67691667459.82175,1.7858035649518518e+18,1.7858035649518518e+18,1.7856737859421601e+18,5.599720034308262e-19,0.11216926250438286,-5.194127594093011,4.346272397276838,0.0625,0.0006365295540926983,20,False,38857082540.17825,min_sensing,0.0,0.0,1.191269305422793e-13,0.9196320257600661,-38857082540.17825,0.21099692820221044,,,,,,,9.196320257600666
150.0,-12.822712330395692,13,max_rate_isac,Max-rate ISAC,ok,optimal,CLARABEL,0.0051499589999366435,,8.65228526813316,129784.27902199738,0.9999999999483957,3.3571428569954165,38659.14694442048,106548749998.91104,2.810909299909865e+18,2.810909299909865e+18,2.809837466006783e+18,3.557567652688282e-19,0.08940612886654048,-6.652265911088349,5.684295147306754,0.06249999998521505,0.0006288646820580668,64,True,1.088958740234375,,1.0757186312185509e-11,1.4784951041235672e-11,5.16042764076019e-11,0.37559703629255914,-1.088958740234375,,False,,,,,,9.196320257600666
150.0,-12.822712330395692,13,dinkelbach_ee_isac,Dinkelbach EE-ISAC,ok,optimal,CLARABEL,0.007989874000031705,,8.652285271165118,129784.27906747677,0.9999999999460314,3.3571428569886614,38659.14695804532,106548749999.6824,2.810909299930215e+18,2.810909299930215e+18,2.809837242834255e+18,3.5575676526625266e-19,0.08940612886621686,-6.652283633605196,5.684297719793445,0.062499999994866884,0.0006288651129217519,64,True,0.317596435546875,,3.790419159802066e-12,5.133116154354411e-12,5.3968607360843635e-11,0.3755970393245178,-0.317596435546875,,False,2.0,True,38659.14694442048,4.574052582029253e-05,False,9.196320257600666
150.0,-12.822712330395692,14,uniform,Uniform,ok,closed_form,numpy,1.5099999473022763e-06,,3.579552088706138,53693.28133059207,1.0,3.357142857142857,15993.743375069978,76781250000.0,2.0255998281153943e+18,2.0255998281153943e+18,2.0255998281153943e+18,4.936809265680052e-19,0.10532073506634214,-13.256466474732292,-9.684463547443015,0.015625,0.0,64,False,29767500000.0,min_rate;min_sensing,0.015625,0.046875,0.0,-3.2374251067569766,-29767500000.0,,,,,,,,7.574419106070128
150.0,-12.822712330395692,14,water_filling,Water-filling (comm. only),ok,closed_form,numpy,0.00018187200021202443,,7.574419106070128,113616.28659105192,1.000000000000595,3.3571428571445576,33843.14919731747,61985772107.42556,1.6352738373808868e+18,1.6352738373808868e+18,1.6040255214755471e+18,6.115183751741763e-19,0.1172183119845738,-5.371500020121202,4.012510109749562,0.0625,0.0006565533724385527,20,False,44562977892.57444,min_sensing,0.0,0.0,-5.950795411990839e-13,0.7574419106070129,-44562977892.57444,0.27893728442937205,,,,,,,7.574419106070128
150.0,-12.822712330395692,14,max_rate_isac,Max-rate ISAC,ok,optimal,CLARABEL,0.005327598999883776,,6.93805636592401,104070.84548886014,0.9999999999731535,3.357142857066153,30999.82631653897,106548750003.27997,2.8109093000251233e+18,2.8109093000251233e+18,2.660392926866267e+18,3.557567652542408e-19,0.08940612886470747,-6.857497193918761,5.495085147002353,0.062499999979722214,0.0006894159310049101,64,True,0.0,,1.6659176581895824e-11,2.0277786394462538e-11,2.6846525003065835e-11,0.12107917046089511,3.27996826171875,,False,,,,,,7.574419106070128
150.0,-12.822712330395692,14,dinkelbach_ee_isac,Dinkelbach EE-ISAC,ok,optimal,CLARABEL,0.008206475999941176,,6.938056371564528,104070.84557346792,0.9999999999790099,3.3571428570828856,30999.826341586773,106548750000.60422,2.8109092999545334e+18,2.8109092999545334e+18,2.6603895206569605e+18,3.5575676526317483e-19,0.0894061288658301,-6.857500464959276,5.49507659319622,0.06249999999624835,0.0006894156236243463,64,True,0.0,,3.080619580139295e-12,3.751651767025521e-12,2.0990098548168135e-11,0.12107917610141339,0.604217529296875,,False,2.0,True,30999.82631653897,8.408905705437064e-05,False,7.574419106070128
150.0,-12.822712330395692,15,uniform,Uniform,ok,closed_form,numpy,1.4629999895987567e-06,,4.583882958829339,68758.24438244008,1.0,3.357142857142857,20481.17917774811,76781250000.0,2.0255998281153943e+18,2.0255998281153943e+18,2.0255998281153943e+18,4.936809265680052e-19,0.10532073506634214,-13.256466474732292,-9.684463547443015,0.015625,0.0,64,False,29767500000.0,min_rate;min_sensing,0.015625,0.046875,0.0,-3.6378155510097,-29767500000.0,,,,,,,,9.13522056648782
150.0,-12.822712330395692,15,water_filling,Water-filling (comm. only),ok,closed_form,numpy,0.00014798200027144048,,9.13522056648782,137028.3084973173,0.9999999999991231,3.357142857140352,40816.94295667817,71702063602.11108,1.8916035843119939e+18,1.8916035843119939e+18,1.8545827942023951e+18,5.286519904558734e-19,0.10898723711652467,-7.342154180886503,4.4350577797981945,0.0625,0.0006427085567492221,20,False,34846686397.888916,min_sensing,0.0,0.0,8.768541448489486e-13,0.913522056648782,-34846686397.888916,0.23871378611871474,,,,,,,9.13522056648782
150.0,-12.822712330395692,15,max_rate_isac,Max-rate ISAC,ok,optimal,CLARABEL,0.0055237629999282944,,8.773659609535079,131604.89414302618,0.9999999999763434,3.357142857075267,39201.45783062684,106548750002.09363,2.8109092999938263e+18,2.8109092999938263e+18,2.762405349061711e+18,3.557567652582018e-19,0.08940612886520521,-6.045698515669021,5.590577824364039,0.06249999998830924,0.0006344315308059071,64,True,0.0,,9.562019632573883e-12,1.1690759471605361e-11,2.3656632208712836e-11,0.5519610996960402,2.0936279296875,,False,,,,,,9.13522056648782
150.0,-12.822712330395692,15,dinkelbach_ee_isac,Dinkelbach EE-ISAC,ok,optimal,CLARABEL,0.00865425400024833,,8.773659613051716,131604.89419577573,0.9999999999699448,3.3571428570569855,39201.45784655295,106548750000.36667,2.8109092999482665e+18,2.8109092999482665e+18,2.762405570809813e+18,3.5575676526396797e-19,0.08940612886592976,-6.045729137221655,5.590565787204124,0.062499999997992536,0.0006344296905038366,64,True,0.0,,1.634185452632286e-12,2.0074636397637846e-12,3.0055180566535e-11,0.5519611032126779,0.366668701171875,,False,2.0,True,39201.45783062684,5.3466210374608636e-05,False,9.13522056648782
150.0,-12.822712330395692,16,uniform,Uniform,ok,closed_form,numpy,1.499999598308932e-06,,3.8494216824410294,57741.32523661544,1.0,3.357142857142857,17199.54368750247,76781250000.0,2.0255998281153943e+18,2.0255998281153943e+18,2.0255998281153943e+18,4.936809265680052e-19,0.10532073506634214,-13.256466474732292,-9.684463547443015,0.015625,0.0,64,False,29767500000.0,min_rate;min_sensing,0.015625,0.046875,0.0,-3.485876646925818,-29767500000.0,,,,,,,,8.150331477074275
150.0,-12.822712330395692,16,water_filling,Water-filling (comm. only),ok,closed_form,numpy,0.0001807629996619653,,8.150331477074275,122254.97215611412,0.999999999999891,3.357142857142546,36416.374684803326,82498044621.29662,2.1764170940790177e+18,2.1764170940790177e+18,2.1520683457356314e+18,4.594707525136235e-19,0.10160606752302269,-7.739854056660062,5.11607859326591,0.0625,0.0006651890541093891,19,False,24050705378.703384,min_sensing,0.0,0.0,1.0902390101819037e-13,0.8150331477074273,-24050705378.703384,0.3131078914990803,,,,,,,8.150331477074275
150.0,-12.822712330395692,16,max_rate_isac,Max-rate ISAC,ok,optimal,CLARABEL,0.00534343200024523,,7.984989941062716,119774.84911594074,0.9999999999448115,3.357142856985176,35677.61463195596,106548750011.25116,2.8109093002354145e+18,2.8109093002354145e+18,2.806701515280242e+18,3.557567652276257e-19,0.08940612886136312,-6.759281445208859,5.875339483600833,0.06249999997274235,0.0006696684371047598,64,True,0.0,,2.7654317102142796e-11,2.7257647527978435e-11,5.5188520420301757e-11,0.6496916116958689,11.25115966796875,,False,,,,,,8.150331477074275
150.0,-12.822712330395692,16,dinkelbach_ee_isac,Dinkelbach EE-ISAC,ok,optimal,CLARABEL,0.014500088999739091,,7.713127480471603,115696.91220707404,0.9588478125111852,3.2395651786033866,35713.71644911688,106548750000.14752,2.8109092999424855e+18,2.8109092999424855e+18,2.8051839151061775e+18,3.5575676526469963e-19,0.0894061288660217,-5.911113570395616,6.153197855673689,0.06249999999953393,0.0006477538526031207,64,True,0.0,,4.2329308657938743e-13,4.660716257376407e-13,0.04115218748881477,0.37782915110475557,0.14752197265625,,False,4.0,True,35713.71644212776,2.264171780552715e-05,False,8.150331477074275
150.0,-12.822712330395692,17,uniform,Uniform,ok,closed_form,numpy,1.3829999261361081e-06,,4.252669914835469,63790.04872253203,1.0,3.357142857142857,19001.291108839327,76781250000.0,2.0255998281153943e+18,2.0255998281153943e+18,2.0255998281153943e+18,4.936809265680052e-19,0.10532073506634214,-13.256466474732292,-9.684463547443015,0.015625,0.0,64,False,29767500000.0,min_rate;min_sensing,0.015625,0.046875,0.0,-3.8896202206582107,-29767500000.0,,,,,,,,9.04698903943742
150.0,-12.822712330395692,17,water_filling,Water-filling (comm. only),ok,closed_form,numpy,0.00014125500001682667,,9.04698903943742,135704.8355915613,1.0000000000004872,3.3571428571442494,40422.71698470363,91718740747.16217,2.4196723222454973e+18,2.4196723222454973e+18,2.4176120754736036e+18,4.1327910015186802e-19,0.09636346967668599,-7.243862566006653,5.342890063405056,0.0625,0.0006616976764442163,19,False,14830009252.83783,min_sensing,0.0,0.0,-4.871658632055187e-13,0.904698903943741,-14830009252.83783,0.2882884046437261,,,,,,,9.04698903943742
150.0,-12.822712330395692,17,max_rate_isac,Max-rate ISAC,ok,optimal,CLARABEL,0.00529813599996487,,8.996413185547972,134946.19778321957,0.999999999944379,3.3571428569839403,40196.73976711713,106548750016.19315,2.8109093003657917e+18,2.8109093003657917e+18,2.807893218567216e+18,3.557567652111248e-19,0.0894061288592897,-5.7816447314711,6.003326546241256,0.06249999997976791,0.0006990737246710201,64,True,0.0,,2.42792608372332e-11,2.0232086839211405e-11,5.5620952288393255e-11,0.8541230500542927,16.193145751953125,,False,,,,,,9.04698903943742
150.0,-12.822712330395692,17,dinkelbach_ee_isac,Dinkelbach EE-ISAC,ok,optimal,CLARABEL,0.013869998999780364,,8.39218863021144,125882.8294531716,0.9049372837597311,3.085535096456375,40797.730545260514,106548750000.8723,2.8109092999616056e+18,2.8109092999616056e+18,2.8088616151119667e+18,3.5575676526227975e-19,0.08940612886571764,-5.386332721117984,6.852362354362769,0.06249999999529477,0.0006645417365149219,64,True,0.0,,4.194227262025338e-12,4.705229261769972e-12,0.09506271624026885,0.24989849471776004,0.8722991943359375,,False,4.0,True,40797.73054786498,-8.036178769543767e-06,False,9.04698903943742
150.0,-12.822712330395692,18,uniform,Uniform,ok,closed_form,numpy,1.3809999472869094e-06,,4.624184596893542,69362.76895340314,1.0,3.357142857142857,20661.250326545614,76781250000.0,2.0255998281153943e+18,2.0255998281153943e+18,2.0255998281153943e+18,4.936809265680052e-19,0.10532073506634214,-13.256466474732292,-9.684463547443015,0.015625,0.0,64,False,29767500000.0,min_rate;min_sensing,0.015625,0.046875,0.0,-3.1721558495147546,-29767500000.0,,,,,,,,8.662600496009219
150.0,-12.822712330395692,18,water_filling,Water-filling (comm. only),ok,closed_form,numpy,0.0001382509999530157,,8.662600496009219,129939.00744013829,0.9999999999993396,3.3571428571409707,38705.236258786346,89017253878.13303,2.3484032124359875e+18,2.3484032124359875e+18,2.2777281097457848e+18,4.258212536520527e-19,0.09781475565271151,-6.756560594206609,5.240832805901917,0.0625,0.0006580134005828903,19,False,17531496121.866974,min_sensing,0.0,0.0,6.603606550470431e-13,0.8662600496009221,-17531496121.866974,0.2545532381859662,,,,,,,8.662600496009219
150.0,-12.822712330395692,18,max_rate_isac,Max-rate ISAC,ok,optimal,CLARABEL,0.005171351000171853,,8.560177465472854,128402.66198209282,0.9999999999132608,3.357142856895031,38247.601444297914,106548750005.71368,2.8109093000893286e+18,2.8109093000893286e+18,2.8022144123511117e+18,3.5575676524611475e-19,0.0894061288636864,-8.043846315544405,5.705577441979221,0.062499999976808975,0.0006338323208301924,64,True,0.0,,2.08349895681473e-11,2.3191025488866757e-11,8.673917140100684e-11,0.7638370190645576,5.71368408203125,,False,,,,,,8.662600496009219
150.0,-12.822712330395692,18,dinkelbach_ee_isac,Dinkelbach EE-ISAC,ok,optimal,CLARABEL,0.012944359999892185,,7.893002184080472,118395.03276120708,0.9025285725531295,3.0786530644375127,38456.76348817125,106548750000.31262,2.8109092999468406e+18,2.8109092999468406e+18,2.79595737845313e+18,3.5575676526414843e-19,0.08940612886595245,-6.239686573824378,6.551438946770869,0.062499999991995715,0.0006081507514580798,64,True,0.0,,5.358211947399711e-12,8.00428473501924e-12,0.09747142744687054,0.09666173767217501,0.3126220703125,,False,4.0,True,38456.76348979295,-4.99264569953084e-06,False,8.662600496009219
150.0,-12.822712330395692,19,uniform,Uniform,ok,closed_form,numpy,1.3639996723213699e-06,,4.381371597912644,65720.57396868967,1.0,3.357142857142857,19576.34118216288,76781250000.0,2.0255998281153943e+18,2.0255998281153943e+18,2.0255998281153943e+18,4.936809265680052e-19,0.10532073506634214,-13.256466474732292,-9.684463547443015,0.015625,0.0,64,False,29767500000.0,min_rate;min_sensing,0.015625,0.046875,0.0,-3.71028585569987,-29767500000.0,,,,,,,,8.990730504013905
150.0,-12.822712330395692,19,water_filling,Water-filling (comm. only),ok,closed_form,numpy,0.00013816200043947902,,8.990730504013905,134860.95756020857,0.9999999999993927,3.357142857141122,40171.34906050842,86566193767.54193,2.2837407207636872e+18,2.2837407207636872e+18,2.241737567335449e+18,4.378780791129381e-19,0.09918986733256616,-6.936489084158872,5.183806904146573,0.0625,0.0006474473093234666,20,False,19982556232.45807,min_sensing,0.0,0.0,6.072919944699606e-13,0.8990730504013911,-19982556232.45807,0.27066866231087083,,,,,,,8.990730504013905
150.0,-12.822712330395692,19,max_rate_isac,Max-rate ISAC,ok,optimal,CLARABEL,0.005218408000018826,,8.825088631944638,132376.32947916957,0.9999999998850846,3.3571428568145274,39431.24708275796,106548750007.1214,2.8109093001264666e+18,2.8109093001264666e+18,2.759224512686342e+18,3.5575676524141447e-19,0.08940612886309578,-4.754862981839133,5.986970732289859,0.06249999996302702,0.0006857675195107811,64,True,0.0,,3.970142026683749e-11,3.697298023297435e-11,1.1491541052066623e-10,0.7334311783321237,7.12139892578125,,False,,,,,,8.990730504013905
150.0,-12.822712330395692,19,dinkelbach_ee_isac,Dinkelbach EE-ISAC,ok,optimal,CLARABEL,0.013309547000062594,,8.578224583659102,128673.36875488653,0.9648820094641222,3.2568057413260636,39509.07084267635,106548750000.32846,2.810909299947259e+18,2.810909299947259e+18,2.7441090441484344e+18,3.557567652640955e-19,0.08940612886594579,-4.558564983341774,6.131472293523243,0.06249999999611625,0.0006538385943050194,64,True,0.0,,3.710919201262282e-12,3.883747490274203e-12,0.03511799053587783,0.4865671300465877,0.328460693359375,,False,4.0,True,39509.0708441515,-4.804271156899631e-06,False,8.990730504013905
