method,status,solver_status,solve_time_s,solver_inaccurate,error,rate_spectral_efficiency,rate_bps,tx_power_w,system_power_w,energy_efficiency_bit_per_j,sensing_surrogate,delay_fim_per_s2,delay_fim_known_amplitude_per_s2,delay_fim_unknown_amplitude_per_s2,delay_crb_s2,range_rmse_bound_m,psl_db,isl_db,peak_power_w,power_variance_w2,num_active_subcarriers,spectral_centroid_hz,power_weighted_spectral_variance_hz2,unknown_amplitude_kernel_w_hz2,mainlobe_exclusion_s,label,channel_kind,realization,psl_max_db_request,validation_psl_violation,sensing_model,min_sensing_surrogate,sensing_fraction,s_max,min_unknown_fim,gamma_fim_kernel,c_beta,unknown_fim_representation,s0_epsilon_w,fim_fraction,j_max,requested_psl_max_db,optimization_grid_psl_db,validation_grid_psl_db,validation_grid_isl_db,worst_delay_s,violation_margin_db,optimization_grid_sidelobe_samples,validation_grid_sidelobe_samples,psl_max_db,psl_rho,num_psl_soc_constraints,psl_mainlobe_exclusion_s
water_filling,ok,ok,0.0,False,,327.6889214171091,4915333.821256637,1.0000000000001734,3.357142857143353,1464141.9893102713,76079196041.90334,2.0070786347661286e+18,2.0070786347661286e+18,2.0067254018385695e+18,4.982365826023171e-19,0.10580556564401121,-12.70806010536408,-9.298790732650705,0.016452416113279963,3.0585857640229015e-06,64,3659.159611481479,76065806592.82785,76065806592.84103,1.0416666666666667e-06,Water-filling (comm. only),ordinary,0,-13.256466474732292,False,,,,,,,,,,,,,,,,,,,,,,,
linear_sensing,ok,optimal,0.005202979999012314,False,,320.6432295092711,4809648.442639067,0.9999999987491299,3.3571428535689427,1432661.239758082,106548749899.77847,2.8109092972946053e+18,2.8109092972946053e+18,2.810554641235176e+18,3.5575676559982295e-19,0.08940612890813204,-7.623948950543655,-2.2593530231226326,0.0386353710342845,5.189018682874757e-05,64,3666.5233555656987,106535306639.5402,106535306506.27838,1.0416666666666667e-06,Linear S(P) (known-amp. surrogate),ordinary,0,-13.256466474732292,False,known_amplitude_linear,106548750000.0,0.6,177581250000.0,,,,,,,,,,,,,,,,,,,
exact_fim,ok,optimal,0.007182148998253979,False,,327.5627417169388,4913441.125754082,0.9999999991583824,3.357142854738236,1463578.208719746,79921990772.16783,2.1084570877752484e+18,2.1084570877752484e+18,2.1081819717155264e+18,4.74280461195042e-19,0.10323056968174814,-11.797014698441643,-8.223634448104452,0.018150615616822546,3.484362969234987e-06,64,3229.3025454873914,79911562444.5013,79911562377.24632,1.0416666666666667e-06,Exact unknown-amplitude FIM,ordinary,0,-13.256466474732292,False,unknown_amplitude_exact,,,,2.1081819725736271e+18,79911562409.77301,26381438.54281344,quad_over_lin,1e-12,0.45,4.684848827941393e+18,,,,,,,,,,,,
exact_fim_psl,ok,optimal,0.43916103100127657,False,,327.4097462002716,4911146.1930040745,0.9999999996298694,3.3571428560853414,1462894.6111428835,79919760688.80508,2.108398254968069e+18,2.108398254968069e+18,2.1081819697407967e+18,4.742936955310393e-19,0.10323200994613359,-12.871637762651426,-8.3351722958185,0.019607633295965994,3.2560902246676493e-06,64,2863.282454596839,79911562331.97102,79911562302.39331,1.0416666666666667e-06,Exact FIM + sampled PSL,ordinary,0,-13.256466474732292,True,unknown_amplitude_exact,,,,2.1081819725736271e+18,79911562409.77301,26381438.54281344,quad_over_lin,1e-12,0.45,4.684848827941393e+18,-13.256466474732292,-13.256466487273782,-12.840962655345646,-8.335003980434777,-1.46484375e-06,-0.4155038193866467,249.0,1985.0,-13.256466474732292,0.2173585239870126,249.0,1.0416666666666667e-06
water_filling,ok,ok,0.0,False,,295.1789974345945,4427684.961518918,1.0000000000003006,3.3571428571437165,1318884.8821542338,78809554410.78143,2.079109416274542e+18,2.079109416274542e+18,2.0789495709667796e+18,4.809751676233821e-19,0.10395659223268666,-12.660432115821918,-7.665222139616835,0.017362090361979554,1.0261541413080935e-05,63,2461.504927024506,78803495404.25197,78803495404.27567,1.0416666666666667e-06,Water-filling (comm. only),ordinary,1,-13.256466474732292,False,,,,,,,,,,,,,,,,,,,,,,,
linear_sensing,ok,optimal,0.005618608000077074,False,,289.7873260927189,4346809.891390784,0.9999999993660219,3.3571428553314915,1294794.4364320387,106548749952.09723,2.8109092986748493e+18,2.8109092986748493e+18,2.810610559210813e+18,3.5575676542513533e-19,0.08940612888618146,-7.679473165502577,-2.045932161149679,0.037549835259551224,5.743670768889504e-05,64,3365.0929305846157,106537426169.21533,106537426101.67294,1.0416666666666667e-06,Linear S(P) (known-amp. surrogate),ordinary,1,-13.256466474732292,False,known_amplitude_linear,106548750000.0,0.6,177581250000.0,,,,,,,,,,,,,,,,,,,
exact_fim,ok,optimal,0.006654616001469549,False,,295.1693603665178,4427540.405497767,0.9999999993978406,3.357142855422402,1318841.8235901033,79917327682.10791,2.108334068751413e+18,2.108334068751413e+18,2.1081819825721933e+18,4.743081349495125e-19,0.10323358133413707,-12.380436189906046,-7.412210712603617,0.017730502442381006,1.0489275406989983e-05,64,2401.0192290650357,79911562836.89255,79911562788.77304,1.0416666666666667e-06,Exact unknown-amplitude FIM,ordinary,1,-13.256466474732292,False,unknown_amplitude_exact,,,,2.1081819725736271e+18,79911562409.77301,26381438.54281344,quad_over_lin,1e-12,0.45,4.684848827941393e+18,,,,,,,,,,,,
exact_fim_psl,ok,optimal,0.46988239100028295,False,,295.1408403055936,4427112.604583904,0.9999999997780533,3.357142856508724,1318714.393103873,79916317227.12383,2.10830741149535e+18,2.10830741149535e+18,2.108181971921931e+18,4.743141320604353e-19,0.10323423397029871,-12.86860565355661,-7.442859461552381,0.018350420194927965,1.0484773906698593e-05,64,2180.560032356964,79911562402.80627,79911562385.07018,1.0416666666666667e-06,Exact FIM + sampled PSL,ordinary,1,-13.256466474732292,True,unknown_amplitude_exact,,,,2.1081819725736271e+18,79911562409.77301,26381438.54281344,quad_over_lin,1e-12,0.45,4.684848827941393e+18,-13.256466474732292,-13.256466501635348,-12.838773335257414,-7.442790670788217,-1.46484375e-06,-0.41769313947487774,249.0,1985.0,-13.256466474732292,0.2173585239870126,249.0,1.0416666666666667e-06
water_filling,ok,ok,0.0,False,,314.0993813703661,4711490.720555491,0.9999999999998943,3.3571428571425552,1403422.767825166,77380310414.62512,2.0414039036272594e+18,2.0414039036272594e+18,2.0412433373099748e+18,4.8985896334535e-19,0.10491225859703934,-12.653603957689183,-8.379284577041325,0.016868963819284485,7.041024859704783e-06,63,-2467.050199726737,77374224077.94533,77374224077.93715,1.0416666666666667e-06,Water-filling (comm. only),ordinary,2,-13.256466474732292,False,,,,,,,,,,,,,,,,,,,,,,,
linear_sensing,ok,optimal,0.005554055998800322,False,,307.7418817518957,4616128.226278435,0.9999999990518249,3.3571428544337856,1375016.919575497,106548749926.63774,2.8109092980031913e+18,2.8109092980031913e+18,2.810743051338986e+18,3.5575676551014227e-19,0.08940612889686311,-7.736347442274853,-2.110518915047312,0.038230649298708216,5.5742533092949934e-05,64,-2510.309290827317,106542448374.92899,106542448273.9081,1.0416666666666667e-06,Linear S(P) (known-amp. surrogate),ordinary,2,-13.256466474732292,False,known_amplitude_linear,106548750000.0,0.6,177581250000.0,,,,,,,,,,,,,,,,,,,
exact_fim,ok,optimal,0.007064779998472659,False,,314.04529381482473,4710679.407222371,0.9999999995467168,3.3571428558477625,1403181.1005649942,79916726372.27315,2.108318205332962e+18,2.108318205332962e+18,2.1081819761692278e+18,4.743117037411685e-19,0.10323396970872262,-12.05553447270466,-7.777596186064826,0.017757045263221735,7.212530082692157e-06,64,-2272.405379693874,79911562582.28839,79911562546.06583,1.0416666666666667e-06,Exact unknown-amplitude FIM,ordinary,2,-13.256466474732292,False,unknown_amplitude_exact,,,,2.1081819725736271e+18,79911562409.77301,26381438.54281344,quad_over_lin,1e-12,0.45,4.684848827941393e+18,,,,,,,,,,,,
exact_fim_psl,ok,optimal,0.46735213799911435,False,,313.95669961814133,4709350.49427212,0.9999999998110752,3.357142856603072,1402785.2538385217,79914677982.50215,2.1082641658641073e+18,2.1082641658641073e+18,2.1081819710622792e+18,4.743238613981438e-19,0.10323529275761587,-12.897955994566585,-7.770426339876102,0.01858201906765555,7.730155552426943e-06,64,-1765.1147322642796,79911562367.58195,79911562352.48468,1.0416666666666667e-06,Exact FIM + sampled PSL,ordinary,2,-13.256466474732292,True,unknown_amplitude_exact,,,,2.1081819725736271e+18,79911562409.77301,26381438.54281344,quad_over_lin,1e-12,0.45,4.684848827941393e+18,-13.256466474732292,-13.256466484820223,-12.862276710434964,-7.77033362458214,-1.46484375e-06,-0.39418976429732844,249.0,1985.0,-13.256466474732292,0.2173585239870126,249.0,1.0416666666666667e-06
water_filling,ok,ok,0.0,False,,329.98992217039915,4949848.832555987,1.0000000000007903,3.3571428571451154,1474423.0565050468,76374182417.8381,2.0148607997138186e+18,2.0148607997138186e+18,2.0137881140983916e+18,4.96312201886123e-19,0.10560103712978225,-13.122964906271566,-8.868144693833015,0.016743539100417596,5.564731787348639e-06,64,-6376.567946694966,76333521798.99893,76333521799.05925,1.0416666666666667e-06,Water-filling (comm. only),ordinary,3,-13.256466474732292,False,,,,,,,,,,,,,,,,,,,,,,,
linear_sensing,ok,optimal,0.00556785299704643,False,,323.26048875389085,4848907.331308363,0.9999999991374787,3.3571428546785107,1444355.3763435867,106548749941.43503,2.8109092983935657e+18,2.8109092983935657e+18,2.809836406481452e+18,3.5575676546073537e-19,0.08940612889065483,-7.775753447240536,-2.0757831007139185,0.04011239106102069,5.674833982024948e-05,64,-6377.181084171862,106508081594.75528,106508081502.88979,1.0416666666666667e-06,Linear S(P) (known-amp. surrogate),ordinary,3,-13.256466474732292,False,known_amplitude_linear,106548750000.0,0.6,177581250000.0,,,,,,,,,,,,,,,,,,,
exact_fim,ok,optimal,0.006469020998338237,False,,329.88374677104815,4948256.201565722,0.9999999995610331,3.3571428558886662,1473948.6563361848,79943787842.22368,2.10903212583934e+18,2.10903212583934e+18,2.108181972941515e+18,4.741511462761744e-19,0.10321649555905661,-12.23096458426129,-7.92680416892329,0.018466926681513077,6.031506529453627e-06,64,-5676.743654585297,79911562458.79648,79911562423.71796,1.0416666666666667e-06,Exact unknown-amplitude FIM,ordinary,3,-13.256466474732292,False,unknown_amplitude_exact,,,,2.1081819725736271e+18,79911562409.77301,26381438.54281344,quad_over_lin,1e-12,0.45,4.684848827941393e+18,,,,,,,,,,,,
exact_fim_psl,ok,optimal,0.4755125929987116,False,,329.83206102752376,4947480.915412856,0.9999999997507248,3.3571428564306425,1473717.7197973283,79939835838.10727,2.1089278662856225e+18,2.1089278662856225e+18,2.1081819691688448e+18,4.741745869958385e-19,0.10321904689638214,-12.869245885135431,-7.956548337410397,0.019612244471875265,6.148557827891112e-06,64,-5317.288538445983,79911562300.6332,79911562280.71323,1.0416666666666667e-06,Exact FIM + sampled PSL,ordinary,3,-13.256466474732292,True,unknown_amplitude_exact,,,,2.1081819725736271e+18,79911562409.77301,26381438.54281344,quad_over_lin,1e-12,0.45,4.684848827941393e+18,-13.256466474732292,-13.256466500694737,-12.838939384231363,-7.956425083926685,-1.46484375e-06,-0.4175270905009292,249.0,1985.0,-13.256466474732292,0.2173585239870126,249.0,1.0416666666666667e-06
water_filling,ok,ok,0.0,False,,315.6450765537088,4734676.148305632,0.9999999999995193,3.3571428571414836,1410329.0654533184,77225309104.23877,2.0373147460832463e+18,2.0373147460832463e+18,2.037244440465393e+18,4.908421744467849e-19,0.10501749214136762,-13.425297659455387,-7.904674044184878,0.017277955570644817,1.1341654712806929e-05,64,1632.472138750755,77222644138.9921,77222644138.95497,1.0416666666666667e-06,Water-filling (comm. only),ordinary,4,-13.256466474732292,False,,,,,,,,,,,,,,,,,,,,,,,
linear_sensing,ok,optimal,0.0051750370002991986,False,,309.5697146686376,4643545.720029564,0.9999999992684554,3.35714285505273,1383183.8323593258,106548749947.35358,2.810909298549705e+18,2.810909298549705e+18,2.8108809008190444e+18,3.5575676544097394e-19,0.08940612888817168,-7.937518919832477,-1.8935361483345035,0.039201959268421654,6.161166906780924e-05,64,1037.510692934223,106547673596.8608,106547673518.91641,1.0416666666666667e-06,Linear S(P) (known-amp. surrogate),ordinary,4,-13.256466474732292,False,known_amplitude_linear,106548750000.0,0.6,177581250000.0,,,,,,,,,,,,,,,,,,,
exact_fim,ok,optimal,0.006591729001229396,False,,315.58843019469646,4733826.452920447,0.9999999998082542,3.357142856595012,1410075.9649298151,79913762419.44162,2.1082400119934932e+18,2.1082400119934932e+18,2.1081819748145408e+18,4.743292956737064e-19,0.10323588413353793,-12.709312651227096,-7.289493803049924,0.018281633093102795,1.179743154262998e-05,64,1483.2143224177373,79911562510.03853,79911562494.71582,1.0416666666666667e-06,Exact unknown-amplitude FIM,ordinary,4,-13.256466474732292,False,unknown_amplitude_exact,,,,2.1081819725736271e+18,79911562409.77301,26381438.54281344,quad_over_lin,1e-12,0.45,4.684848827941393e+18,,,,,,,,,,,,
exact_fim_psl,ok,optimal,0.5023331620031968,False,,315.5848749612345,4733773.124418518,0.9999999996866701,3.357142856247629,1410060.0799900384,79913633512.48065,2.1082366112424243e+18,2.1082366112424243e+18,2.1081819694511178e+18,4.7433006080407685e-19,0.10323596739729493,-12.877331269081555,-7.287567968056537,0.018493362873117425,1.1912924704878692e-05,64,1439.1737450222677,79911562316.45161,79911562291.41293,1.0416666666666667e-06,Exact FIM + sampled PSL,ordinary,4,-13.256466474732292,True,unknown_amplitude_exact,,,,2.1081819725736271e+18,79911562409.77301,26381438.54281344,quad_over_lin,1e-12,0.45,4.684848827941393e+18,-13.256466474732292,-13.256466630480638,-12.84549040440708,-7.287445941125751,-1.46484375e-06,-0.4109760703252121,249.0,1985.0,-13.256466474732292,0.2173585239870126,249.0,1.0416666666666667e-06
water_filling,ok,ok,0.0,False,,304.6282877408704,4569424.316113056,1.0000000000006715,3.3571428571447757,1361105.1154371537,77481777156.77829,2.0440807422495127e+18,2.0440807422495127e+18,2.0440701051920696e+18,4.892174654996745e-19,0.1048435418428733,-12.45323828588765,-8.415354744193225,0.017036940100155114,6.484058226108872e-06,64,-634.9821479716086,77481373954.39801,77481373954.45004,1.0416666666666667e-06,Water-filling (comm. only),ordinary,5,-13.256466474732292,False,,,,,,,,,,,,,,,,,,,,,,,
linear_sensing,ok,optimal,0.005250198999419808,False,,298.5646388368755,4478469.582553132,0.9999999990530748,3.357142854437357,1334012.2171547285,106548749925.26251,2.810909297966911e+18,2.810909297966911e+18,2.81089802689417e+18,3.55756765514734e-19,0.08940612889744008,-7.586051887995177,-2.131665025835097,0.03900292360604937,5.518427532431438e-05,64,-653.6321263724517,106548322791.19958,106548322690.30629,1.0416666666666667e-06,Linear S(P) (known-amp. surrogate),ordinary,5,-13.256466474732292,False,known_amplitude_linear,106548750000.0,0.6,177581250000.0,,,,,,,,,,,,,,,,,,,
exact_fim,ok,optimal,0.006094079999456881,False,,304.58083731224247,4568712.559683637,0.9999999992681721,3.3571428550519204,1360893.1037320956,79911906970.04019,2.1081910625691402e+18,2.1081910625691402e+18,2.108181975740947e+18,4.74340308976243e-19,0.10323708262732202,-11.874070397444571,-7.796574921476695,0.018109736603255662,6.953344800216649e-06,64,-586.8902868458747,79911562588.31316,79911562529.83165,1.0416666666666667e-06,Exact unknown-amplitude FIM,ordinary,5,-13.256466474732292,False,unknown_amplitude_exact,,,,2.1081819725736271e+18,79911562409.77301,26381438.54281344,quad_over_lin,1e-12,0.45,4.684848827941393e+18,,,,,,,,,,,,
exact_fim_psl,ok,optimal,0.4309936080026091,False,,304.45567746786264,4566835.16201794,0.9999999996822456,3.357142856234988,1360333.8784157708,79912239638.03122,2.1081998388293007e+18,2.1081998388293007e+18,2.1081819708644541e+18,4.743383343370843e-19,0.10323686774341453,-12.889531175360469,-7.87796182049493,0.020182736914970436,6.842465486971979e-06,64,-822.978156081808,79911562370.3783,79911562344.98605,1.0416666666666667e-06,Exact FIM + sampled PSL,ordinary,5,-13.256466474732292,True,unknown_amplitude_exact,,,,2.1081819725736271e+18,79911562409.77301,26381438.54281344,quad_over_lin,1e-12,0.45,4.684848827941393e+18,-13.256466474732292,-13.25646648651034,-12.85553195613647,-7.877921399930397,-1.46484375e-06,-0.40093451859582174,249.0,1985.0,-13.256466474732292,0.2173585239870126,249.0,1.0416666666666667e-06
water_filling,ok,ok,0.0,False,,330.10790813816743,4951618.622072511,1.0000000000009703,3.3571428571456297,1474950.2278501682,77855270490.59738,2.0539340336818115e+18,2.0539340336818115e+18,2.053933615381547e+18,4.868705535822075e-19,0.1045917577305294,-12.8853600731109,-8.741131622648401,0.016586845695144348,3.8089473584446065e-06,64,125.92003418942537,77855254634.66682,77855254634.74237,1.0416666666666667e-06,Water-filling (comm. only),ordinary,6,-13.256466474732292,False,,,,,,,,,,,,,,,,,,,,,,,
linear_sensing,ok,optimal,0.0055102079968492035,False,,323.8775951339629,4858163.927009444,0.9999999992478216,3.3571428549937763,1447112.6600355676,106548749946.73888,2.810909298533488e+18,2.810909298533488e+18,2.810908642619151e+18,3.557567654430264e-19,0.08940612888842958,-7.788850969627977,-2.1508694638255275,0.03832766497626603,5.4683462955304475e-05,64,157.6791701367049,106548725164.16185,106548725084.0182,1.0416666666666667e-06,Linear S(P) (known-amp. surrogate),ordinary,6,-13.256466474732292,False,known_amplitude_linear,106548750000.0,0.6,177581250000.0,,,,,,,,,,,,,,,,,,,
exact_fim,ok,optimal,0.00662456700229086,False,,330.0718398245144,4951077.597367716,0.9999999992967966,3.357142855133705,1474789.0724389593,79911575832.82872,2.1081823266931466e+18,2.1081823266931466e+18,2.1081819769326523e+18,4.743422745453807e-19,0.10323729652376876,-12.365055175236426,-8.17042306070488,0.017450323487496425,4.257117741324551e-06,64,115.1426288008961,79911562631.19785,79911562575.00377,1.0416666666666667e-06,Exact unknown-amplitude FIM,ordinary,6,-13.256466474732292,False,unknown_amplitude_exact,,,,2.1081819725736271e+18,79911562409.77301,26381438.54281344,quad_over_lin,1e-12,0.45,4.684848827941393e+18,,,,,,,,,,,,
exact_fim_psl,ok,optimal,0.4445288659990183,False,,330.0363504486297,4950545.256729445,0.9999999996861516,3.357142856246148,1474630.5023983966,79911573599.68805,2.108182267779683e+18,2.108182267779683e+18,2.1081819713555233e+18,4.743422878009453e-19,0.10323729796625945,-12.899738263410619,-8.18587139699043,0.018416672458660185,4.427452344039184e-06,64,106.0004141881551,79911562388.68036,79911562363.60025,1.0416666666666667e-06,Exact FIM + sampled PSL,ordinary,6,-13.256466474732292,True,unknown_amplitude_exact,,,,2.1081819725736271e+18,79911562409.77301,26381438.54281344,quad_over_lin,1e-12,0.45,4.684848827941393e+18,-13.256466474732292,-13.256466513224542,-12.863480274870021,-8.185685166272902,-1.46484375e-06,-0.39298619986227123,249.0,1985.0,-13.256466474732292,0.2173585239870126,249.0,1.0416666666666667e-06
water_filling,ok,ok,0.0,False,,302.4792324870007,4537188.48730501,1.0000000000008078,3.357142857145165,1351502.953664393,75905646492.38089,2.0025001479912689e+18,2.0025001479912689e+18,2.0023364514974564e+18,4.993757433691636e-19,0.10592645272647713,-13.95105462058349,-8.787266013760567,0.01703110674935715,7.328569532227649e-06,63,-2490.9812127545533,75899441504.91728,75899441504.97859,1.0416666666666667e-06,Water-filling (comm. only),ordinary,7,-13.256466474732292,False,,,,,,,,,,,,,,,,,,,,,,,
linear_sensing,ok,optimal,0.0055322439984593075,False,,295.78627503423,4436794.12551345,0.9999999989118257,3.3571428540337878,1321598.2513768824,106548749907.13257,2.810909297488617e+18,2.810909297488617e+18,2.8105654722306744e+18,3.557567655752683e-19,0.0894061289050466,-8.095488426813967,-1.841506039377179,0.040769930514898134,6.314250694445194e-05,64,-3610.10349339931,106535717175.84312,106535717059.9137,1.0416666666666667e-06,Linear S(P) (known-amp. surrogate),ordinary,7,-13.256466474732292,False,known_amplitude_linear,106548750000.0,0.6,177581250000.0,,,,,,,,,,,,,,,,,,,
exact_fim,ok,optimal,0.006616950999159599,False,,302.34950379966915,4535242.556995037,0.9999999995530278,3.357142855865794,1350923.315363479,79917485298.97636,2.108338226911142e+18,2.108338226911142e+18,2.1081819315058952e+18,4.743071994976193e-19,0.1032334795331246,-12.865139064450617,-7.709126197781931,0.01897820736936223,8.213692388624697e-06,64,-2434.0184667367457,79911560888.80084,79911560853.0826,1.0416666666666667e-06,Exact unknown-amplitude FIM,ordinary,7,-13.256466474732292,False,unknown_amplitude_exact,,,,2.1081819725736271e+18,79911562409.77301,26381438.54281344,quad_over_lin,1e-12,0.45,4.684848827941393e+18,,,,,,,,,,,,
exact_fim_psl,ok,optimal,0.454618912001024,False,,302.3493685085513,4535240.52762827,0.9999999997298286,3.357142856370939,1350922.7106679787,79917412819.12314,2.1083363147883484e+18,2.1083363147883484e+18,2.1081819719434214e+18,4.743076296631489e-19,0.10323352634611244,-12.89775845486173,-7.709741933058723,0.019042660472119218,8.227093532669133e-06,64,-2418.766884168602,79911562407.4746,79911562385.88477,1.0416666666666667e-06,Exact FIM + sampled PSL,ordinary,7,-13.256466474732292,True,unknown_amplitude_exact,,,,2.1081819725736271e+18,79911562409.77301,26381438.54281344,quad_over_lin,1e-12,0.45,4.684848827941393e+18,-13.256466474732292,-13.256467073190596,-12.862066990823898,-7.7096173212404135,-1.46484375e-06,-0.3943994839083942,249.0,1985.0,-13.256466474732292,0.2173585239870126,249.0,1.0416666666666667e-06
water_filling,ok,ok,0.0,False,,328.47875112141793,4927181.266821269,0.999999999999613,3.3571428571417514,1467671.015649372,74792153572.57582,1.9731246029595735e+18,1.9731246029595735e+18,1.9695502664238953e+18,5.068103648903153e-19,0.1067120471271481,-13.883289368470466,-8.422131124941014,0.017166589484237695,1.2102726798733119e-05,62,-11639.879477160395,74656666778.36195,74656666778.33305,1.0416666666666667e-06,Water-filling (comm. only),ordinary,8,-13.256466474732292,False,,,,,,,,,,,,,,,,,,,,,,,
linear_sensing,ok,optimal,0.005657937999785645,False,,321.3456612989937,4820184.919484906,0.9999999990926642,3.3571428545504696,1435799.7643595485,106548749929.65387,2.8109092980827617e+18,2.8109092980827617e+18,2.8074880755623726e+18,3.5575676550007163e-19,0.08940612889559767,-8.013852651276673,-1.7597367782392066,0.04240064053664076,6.578586836959773e-05,64,-11387.841781851772,106419067085.88087,106419066989.32304,1.0416666666666667e-06,Linear S(P) (known-amp. surrogate),ordinary,8,-13.256466474732292,False,known_amplitude_linear,106548750000.0,0.6,177581250000.0,,,,,,,,,,,,,,,,,,,
exact_fim,ok,optimal,0.006359440998494392,False,,328.26156360095547,4923923.454014332,0.9999999993926396,3.3571428554075418,1466700.6040815592,80010741828.27786,2.110798468307625e+18,2.110798468307625e+18,2.1081819720964687e+18,4.737543706869231e-19,0.10317330009552787,-12.532656574179535,-7.22274357486616,0.019696864306013667,1.2433949847384388e-05,64,-9958.887319976471,79911562440.22122,79911562391.68611,1.0416666666666667e-06,Exact unknown-amplitude FIM,ordinary,8,-13.256466474732292,False,unknown_amplitude_exact,,,,2.1081819725736271e+18,79911562409.77301,26381438.54281344,quad_over_lin,1e-12,0.45,4.684848827941393e+18,,,,,,,,,,,,
exact_fim_psl,ok,optimal,0.47877967299791635,False,,328.24592558280506,4923688.883742075,0.9999999997209774,3.35714285634565,1466630.7316757017,80001673585.62482,2.1105592350213824e+18,2.1105592350213824e+18,2.108181970884557e+18,4.738080710584126e-19,0.10317914731076362,-12.899414071292616,-7.2504827363259405,0.02031746970771529,1.237601355254796e-05,64,-9492.694027614225,79911562368.0452,79911562345.74806,1.0416666666666667e-06,Exact FIM + sampled PSL,ordinary,8,-13.256466474732292,True,unknown_amplitude_exact,,,,2.1081819725736271e+18,79911562409.77301,26381438.54281344,quad_over_lin,1e-12,0.45,4.684848827941393e+18,-13.256466474732292,-13.256466535954983,-12.863721520316814,-7.250583803034011,-1.46484375e-06,-0.39274495441547863,249.0,1985.0,-13.256466474732292,0.2173585239870126,249.0,1.0416666666666667e-06
water_filling,ok,ok,0.0,False,,327.91069510231284,4918660.426534693,1.0000000000003555,3.357142857143873,1465132.8930098908,79228297974.96057,2.0901564738781327e+18,2.0901564738781327e+18,2.0901424956679442e+18,4.784330802490462e-19,0.1036815085433316,-12.088221521971699,-7.774090974110922,0.016835488807799955,8.38280318839675e-06,63,727.9080907966668,79227768124.74376,79227768124.77193,1.0416666666666667e-06,Water-filling (comm. only),ordinary,9,-13.256466474732292,False,,,,,,,,,,,,,,,,,,,,,,,
linear_sensing,ok,optimal,0.005313277997629484,False,,322.21488452483686,4833223.267872553,0.9999999990871519,3.35714285453472,1439683.5277188136,106548749935.96762,2.810909298249327e+18,2.810909298249327e+18,2.8108477496126797e+18,3.5575676547899064e-19,0.08940612889294872,-7.605512289276929,-2.1825502946939306,0.03760904698601736,5.383804701849803e-05,64,1527.425308200279,106546417005.15831,106546416907.89761,1.0416666666666667e-06,Linear S(P) (known-amp. surrogate),ordinary,9,-13.256466474732292,False,known_amplitude_linear,106548750000.0,0.6,177581250000.0,,,,,,,,,,,,,,,,,,,
exact_fim,ok,optimal,0.006309074000455439,False,,327.9067276267009,4918600.914400513,0.99999999940947,3.357142855455629,1465115.1667279778,79912085934.43579,2.1081957839073441e+18,2.1081957839073441e+18,2.108181994790714e+18,4.743392466835283e-19,0.10323696702670777,-11.929157308977164,-7.616719784861302,0.01713873880563889,8.500256082459162e-06,64,722.967851749395,79911563299.1116,79911563251.92143,1.0416666666666667e-06,Exact unknown-amplitude FIM,ordinary,9,-13.256466474732292,False,unknown_amplitude_exact,,,,2.1081819725736271e+18,79911562409.77301,26381438.54281344,quad_over_lin,1e-12,0.45,4.684848827941393e+18,,,,,,,,,,,,
exact_fim_psl,ok,optimal,0.4838077439999324,False,,327.7891721671541,4916837.582507311,0.9999999996768111,3.3571428562194603,1464589.9185965091,79911615093.43744,2.1081833624444826e+18,2.1081833624444826e+18,2.108181971098174e+18,4.743420415008299e-19,0.10323727116350294,-12.891241039941582,-7.631747439463608,0.018624634118546028,8.892833123933498e-06,64,229.65102251749295,79911562379.67184,79911562353.8453,1.0416666666666667e-06,Exact FIM + sampled PSL,ordinary,9,-13.256466474732292,True,unknown_amplitude_exact,,,,2.1081819725736271e+18,79911562409.77301,26381438.54281344,quad_over_lin,1e-12,0.45,4.684848827941393e+18,-13.256466474732292,-13.256466492297914,-12.85711038930857,-7.631705554329265,-1.46484375e-06,-0.39935608542372236,249.0,1985.0,-13.256466474732292,0.2173585239870126,249.0,1.0416666666666667e-06
water_filling,ok,ok,0.0,False,,306.3003724239443,4594505.586359165,0.9999999999996805,3.3571428571419446,1368576.1321073573,79643188663.77936,2.101101887087191e+18,2.101101887087191e+18,2.1001722969785649e+18,4.759407462083261e-19,0.10341109834377045,-12.044355668262982,-7.723914893032656,0.01699432683498614,8.192834323198567e-06,64,5936.035783730055,79607952142.97908,79607952142.95364,1.0416666666666667e-06,Water-filling (comm. only),ordinary,10,-13.256466474732292,False,,,,,,,,,,,,,,,,,,,,,,,
linear_sensing,ok,optimal,0.005134185998031171,False,,300.9733786772945,4514600.680159417,0.999999999156282,3.3571428547322344,1344774.6716514097,106548749936.18636,2.810909298255098e+18,2.810909298255098e+18,2.809968345512713e+18,3.557567654782603e-19,0.08940612889285694,-7.538326720367078,-2.141935472596648,0.036851746971398605,5.505198049802405e-05,64,5972.204490183801,106513082799.61089,106513082709.74388,1.0416666666666667e-06,Linear S(P) (known-amp. surrogate),ordinary,10,-13.256466474732292,False,known_amplitude_linear,106548750000.0,0.6,177581250000.0,,,,,,,,,,,,,,,,,,,
exact_fim,ok,optimal,0.006227851001312956,False,,306.29962075079357,4594494.3112619035,0.9999999992617306,3.357142855033516,1368572.7744272694,79946116003.08997,2.1090935460721518e+18,2.1090935460721518e+18,2.1081820252022671e+18,4.741373382239681e-19,0.10321499263203981,-11.971442984492453,-7.649342731674463,0.017108437843871033,8.285543947053632e-06,64,5878.060771273105,79911564463.68095,79911564404.6847,1.0416666666666667e-06,Exact unknown-amplitude FIM,ordinary,10,-13.256466474732292,False,unknown_amplitude_exact,,,,2.1081819725736271e+18,79911562409.77301,26381438.54281344,quad_over_lin,1e-12,0.45,4.684848827941393e+18,,,,,,,,,,,,
exact_fim_psl,ok,optimal,0.46790703799706534,False,,306.1963035965363,4592944.553948045,0.999999999706941,3.3571428563055457,1368111.144070428,79941417165.9966,2.108969583990151e+18,2.108969583990151e+18,2.1081819716392105e+18,4.741652073084948e-19,0.10321802599901415,-12.887829444966732,-7.71178546289395,0.018713854105656322,8.25112647661885e-06,64,5463.953847886872,79911562397.77232,79911562374.35352,1.0416666666666667e-06,Exact FIM + sampled PSL,ordinary,10,-13.256466474732292,True,unknown_amplitude_exact,,,,2.1081819725736271e+18,79911562409.77301,26381438.54281344,quad_over_lin,1e-12,0.45,4.684848827941393e+18,-13.256466474732292,-13.25646648744491,-12.854539302863744,-7.7119188435812,-1.46484375e-06,-0.4019271718685484,249.0,1985.0,-13.256466474732292,0.2173585239870126,249.0,1.0416666666666667e-06
water_filling,ok,ok,0.0,False,,311.95785373426855,4679367.806014028,1.000000000000032,3.3571428571429487,1393854.240089247,75869241133.58627,2.0015397222555996e+18,2.0015397222555996e+18,2.0015200930357322e+18,4.996153655512106e-19,0.10595186373604275,-12.942193997630733,-9.609234290225624,0.016622441156469492,1.748485305278293e-06,64,-862.5857576531404,75868497079.39455,75868497079.39697,1.0416666666666667e-06,Water-filling (comm. only),ordinary,11,-13.256466474732292,False,,,,,,,,,,,,,,,,,,,,,,,
linear_sensing,ok,optimal,0.004987932999938494,False,,304.9499818871866,4574249.7283077985,0.9999999987657175,3.357142853616336,1362542.4736931843,106548749899.94717,2.810909297299056e+18,2.810909297299056e+18,2.810889840025841e+18,3.5575676559925967e-19,0.08940612890806127,-7.691641779070522,-2.2503130343252717,0.04005516071293522,5.21125654149473e-05,64,-858.7994392906126,106548012494.9815,106548012363.47116,1.0416666666666667e-06,Linear S(P) (known-amp. surrogate),ordinary,11,-13.256466474732292,False,known_amplitude_linear,106548750000.0,0.6,177581250000.0,,,,,,,,,,,,,,,,,,,
exact_fim,ok,optimal,0.006498220998764737,False,,311.8210023828897,4677315.0357433455,0.9999999992228275,3.3571428549223645,1393242.7775259241,79912131946.96896,2.1081969977841603e+18,2.1081969977841603e+18,2.108181971764198e+18,4.7433897356416845e-19,0.10323693730534421,-11.963205231952053,-8.419051157463425,0.018325275204514737,2.1761223436785793e-06,64,-754.6972095995693,79911562441.1963,79911562379.09123,1.0416666666666667e-06,Exact unknown-amplitude FIM,ordinary,11,-13.256466474732292,False,unknown_amplitude_exact,,,,2.1081819725736271e+18,79911562409.77301,26381438.54281344,quad_over_lin,1e-12,0.45,4.684848827941393e+18,,,,,,,,,,,,
exact_fim_psl,ok,optimal,0.4840665519986942,False,,311.7137416845707,4675706.125268561,0.9999999997554516,3.3571428564441477,1392763.526965612,79912204443.1546,2.108198910337826e+18,2.108198910337826e+18,2.1081819710094052e+18,4.743385432448383e-19,0.1032368904771662,-12.880277786441638,-8.49112488239172,0.01987363648098919,2.1654421129613196e-06,64,-801.3068540021217,79911562370.02272,79911562350.48048,1.0416666666666667e-06,Exact FIM + sampled PSL,ordinary,11,-13.256466474732292,True,unknown_amplitude_exact,,,,2.1081819725736271e+18,79911562409.77301,26381438.54281344,quad_over_lin,1e-12,0.45,4.684848827941393e+18,-13.256466474732292,-13.256466486050872,-12.847854661261318,-8.490959599416804,-1.46484375e-06,-0.40861181347097464,249.0,1985.0,-13.256466474732292,0.2173585239870126,249.0,1.0416666666666667e-06
water_filling,ok,ok,0.0,False,,314.7575164207543,4721362.746311314,0.9999999999995919,3.3571428571416915,1406363.3712421565,75664100248.6995,1.9961278106083407e+18,1.9961278106083407e+18,1.9957531197292895e+18,5.009699252149789e-19,0.10609539512607964,-13.276557988915501,-8.243481836594167,0.01702479880922247,1.1305463820614489e-05,62,-3768.6631749191565,75649897426.60437,75649897426.5735,1.0416666666666667e-06,Water-filling (comm. only),ordinary,12,-13.256466474732292,False,,,,,,,,,,,,,,,,,,,,,,,
linear_sensing,ok,optimal,0.005658344998664688,False,,307.82048046527143,4617307.206979072,0.9999999989065905,3.3571428540188304,1375368.1054863962,106548749912.90558,2.8109092976409175e+18,2.8109092976409175e+18,2.8104190967908357e+18,3.557567655559927e-19,0.0894061289026245,-7.846611010402683,-1.745024129765251,0.04165082468061383,6.581630972051247e-05,64,-4310.600685038588,106530168751.14113,106530168634.66003,1.0416666666666667e-06,Linear S(P) (known-amp. surrogate),ordinary,12,-13.256466474732292,False,known_amplitude_linear,106548750000.0,0.6,177581250000.0,,,,,,,,,,,,,,,,,,,
exact_fim,ok,optimal,0.006750099000782939,False,,314.604212497592,4719063.1874638805,0.9999999992973292,3.3571428551352263,1405678.3971064573,79925983972.73735,2.108562434150662e+18,2.108562434150662e+18,2.1081819713495475e+18,4.742567655592349e-19,0.10322799088635494,-12.191783164027976,-7.133075991189658,0.01920145504375161,1.3013711859563821e-05,64,-3797.5794097999733,79911562419.52527,79911562363.37375,1.0416666666666667e-06,Exact unknown-amplitude FIM,ordinary,12,-13.256466474732292,False,unknown_amplitude_exact,,,,2.1081819725736271e+18,79911562409.77301,26381438.54281344,quad_over_lin,1e-12,0.45,4.684848827941393e+18,,,,,,,,,,,,
exact_fim_psl,ok,optimal,0.46171822100222926,False,,314.5443065329588,4718164.597994382,0.999999999707105,3.357142856306014,1405410.7316678055,79928055374.1774,2.1086170807004508e+18,2.1086170807004508e+18,2.108181970534059e+18,4.742444748042234e-19,0.10322665325845089,-12.893955107265098,-7.150753570817525,0.0205899167868984,1.3238406469191912e-05,64,-4061.1626069353088,79911562355.86797,79911562332.46227,1.0416666666666667e-06,Exact FIM + sampled PSL,ordinary,12,-13.256466474732292,True,unknown_amplitude_exact,,,,2.1081819725736271e+18,79911562409.77301,26381438.54281344,quad_over_lin,1e-12,0.45,4.684848827941393e+18,-13.256466474732292,-13.25646649668508,-12.858877470359467,-7.150614599254295,-1.46484375e-06,-0.3975890043728256,249.0,1985.0,-13.256466474732292,0.2173585239870126,249.0,1.0416666666666667e-06
water_filling,ok,ok,0.0,False,,322.25792851968697,4833868.927795305,0.9999999999991146,3.3571428571403277,1439875.850833729,76818202489.33296,2.0265746879417354e+18,2.0265746879417354e+18,2.0265742106953882e+18,4.934434471870549e-19,0.10529540037118347,-13.5359503923457,-9.294720890450085,0.016578836942661823,2.315847213095769e-06,64,134.4999335563279,76818184399.16884,76818184399.10083,1.0416666666666667e-06,Water-filling (comm. only),ordinary,13,-13.256466474732292,False,,,,,,,,,,,,,,,,,,,,,,,
linear_sensing,ok,optimal,0.00539014199966914,False,,315.5970267501476,4733955.401252214,0.9999999990508235,3.3571428544309243,1410114.375980189,106548749931.5739,2.810909298133415e+18,2.810909298133415e+18,2.810908794808679e+18,3.5575676549366083e-19,0.0894061288947921,-7.969934394239109,-2.138640807647384,0.039464934398273734,5.502754108792486e-05,64,138.12583005576047,106548730953.96255,106548730852.829,1.0416666666666667e-06,Linear S(P) (known-amp. surrogate),ordinary,13,-13.256466474732292,False,known_amplitude_linear,106548750000.0,0.6,177581250000.0,,,,,,,,,,,,,,,,,,,
exact_fim,ok,optimal,0.0063693079973745625,False,,322.1766578584492,4832649.867876737,0.9999999996182649,3.3571428560521857,1439512.7270692515,79911577350.10394,2.1081823667210496e+18,2.1081823667210496e+18,2.108181976900588e+18,4.743422655390789e-19,0.10323729554368928,-12.713270724554533,-8.384174653012805,0.01805063321155729,2.835538345200345e-06,64,121.55786927993225,79911562604.29341,79911562573.78836,1.0416666666666667e-06,Exact unknown-amplitude FIM,ordinary,13,-13.256466474732292,False,unknown_amplitude_exact,,,,2.1081819725736271e+18,79911562409.77301,26381438.54281344,quad_over_lin,1e-12,0.45,4.684848827941393e+18,,,,,,,,,,,,
exact_fim_psl,ok,optimal,0.4438565179989382,False,,322.1727540363825,4832591.310545738,0.9999999997548017,3.357142856442291,1439495.2842927403,79911577963.897,2.1081823829137938e+18,2.1081823829137938e+18,2.108181971668431e+18,4.74342261895702e-19,0.10323729514721146,-12.882368337036763,-8.383367156551904,0.01837088411027244,2.936566434944733e-06,64,124.85365782864514,79911562395.05531,79911562375.46114,1.0416666666666667e-06,Exact FIM + sampled PSL,ordinary,13,-13.256466474732292,True,unknown_amplitude_exact,,,,2.1081819725736271e+18,79911562409.77301,26381438.54281344,quad_over_lin,1e-12,0.45,4.684848827941393e+18,-13.256466474732292,-13.256466583711688,-12.849587194438337,-8.383208919799042,-1.46484375e-06,-0.40687928029395515,249.0,1985.0,-13.256466474732292,0.2173585239870126,249.0,1.0416666666666667e-06
water_filling,ok,ok,0.0,False,,322.2427653781509,4833641.480672264,0.9999999999996749,3.3571428571419286,1439808.1006261788,79425549244.72926,2.0953602461290273e+18,2.0953602461290273e+18,2.0952911469705103e+18,4.772449042342013e-19,0.10355268335565296,-11.892035850748785,-7.724313001547004,0.0167384625535955,8.34980682462978e-06,62,1618.4047433992541,79422930010.84163,79422930010.81581,1.0416666666666667e-06,Water-filling (comm. only),ordinary,14,-13.256466474732292,False,,,,,,,,,,,,,,,,,,,,,,,
linear_sensing,ok,optimal,0.0048960790009004995,False,,316.52707534906244,4747906.1302359365,0.99999999951494,3.3571428557569716,1414269.9117179434,106548749963.28941,2.8109092989701156e+18,2.8109092989701156e+18,2.8108689655361393e+18,3.5575676538776555e-19,0.0894061288814857,-7.541965503519502,-2.2163565608630815,0.03698821566381434,5.296412596104702e-05,64,1236.4693718800672,106547221158.46436,106547221106.78256,1.0416666666666667e-06,Linear S(P) (known-amp. surrogate),ordinary,14,-13.256466474732292,False,known_amplitude_linear,106548750000.0,0.6,177581250000.0,,,,,,,,,,,,,,,,,,,
exact_fim,ok,optimal,0.0064581919978081714,False,,322.24067576490233,4833610.136473535,0.9999999996927267,3.3571428562649337,1439798.764432467,79914071117.9491,2.108248155904196e+18,2.108248155904196e+18,2.1081819842264182e+18,4.743274633963168e-19,0.10323568473940321,-11.781515467815131,-7.619119276133276,0.01691510314324519,8.37973440206251e-06,64,1583.7507609121594,79911562876.03186,79911562851.47717,1.0416666666666667e-06,Exact unknown-amplitude FIM,ordinary,14,-13.256466474732292,False,unknown_amplitude_exact,,,,2.1081819725736271e+18,79911562409.77301,26381438.54281344,quad_over_lin,1e-12,0.45,4.684848827941393e+18,,,,,,,,,,,,
exact_fim_psl,ok,optimal,0.4778266559987969,False,,322.0753089394574,4831129.634091861,0.9999999997614739,3.3571428564613544,1439059.8912982165,79914082381.05682,2.108248453041181e+18,2.108248453041181e+18,2.1081819728129503e+18,4.743273965445034e-19,0.1032356774643733,-12.896464735235366,-7.58725930563457,0.018609153776614828,9.27114750064621e-06,64,1587.4388847378953,79911562437.90564,79911562418.84465,1.0416666666666667e-06,Exact FIM + sampled PSL,ordinary,14,-13.256466474732292,True,unknown_amplitude_exact,,,,2.1081819725736271e+18,79911562409.77301,26381438.54281344,quad_over_lin,1e-12,0.45,4.684848827941393e+18,-13.256466474732292,-13.256466482814197,-12.860935817733221,-7.58713028385618,-1.46484375e-06,-0.3955306569990711,249.0,1985.0,-13.256466474732292,0.2173585239870126,249.0,1.0416666666666667e-06
water_filling,ok,ok,0.0,False,,332.077091737685,4981156.376065275,0.9999999999996199,3.3571428571417714,1483748.7077646041,74387567696.07455,1.962451045523365e+18,1.962451045523365e+18,1.961287562014892e+18,5.095668512501979e-19,0.1070018512075526,-13.810770986668292,-9.178973111061179,0.0167341876233209,7.343229761949053e-06,63,-6640.960227455609,74343465343.36018,74343465343.33192,1.0416666666666667e-06,Water-filling (comm. only),ordinary,15,-13.256466474732292,False,,,,,,,,,,,,,,,,,,,,,,,
linear_sensing,ok,optimal,0.005227271998592187,False,,324.2911620318207,4864367.430477311,0.9999999997121639,3.3571428563204684,1448960.5115609549,106548749977.40614,2.8109092993425347e+18,2.8109092993425347e+18,2.807469468598991e+18,3.5575676534063116e-19,0.08940612887556298,-7.965979165124475,-1.659474905859331,0.04401025176159188,6.851001096189645e-05,64,-11418.769339530723,106418361714.8453,106418361684.21426,1.0416666666666667e-06,Linear S(P) (known-amp. surrogate),ordinary,15,-13.256466474732292,False,known_amplitude_linear,106548750000.0,0.6,177581250000.0,,,,,,,,,,,,,,,,,,,
exact_fim,ok,optimal,0.006529939000756713,False,,331.8106878838239,4977160.318257359,0.9999999994021647,3.3571428554347564,1482558.3934267245,79952916351.61879,2.1092729490489352e+18,2.1092729490489352e+18,2.1081819710560517e+18,4.740970107500298e-19,0.103210603093291,-12.346355027187446,-7.606718649521938,0.01959088474547325,8.771224552122518e-06,64,-6430.7075345471685,79911562400.02258,79911562352.24863,1.0416666666666667e-06,Exact unknown-amplitude FIM,ordinary,15,-13.256466474732292,False,unknown_amplitude_exact,,,,2.1081819725736271e+18,79911562409.77301,26381438.54281344,quad_over_lin,1e-12,0.45,4.684848827941393e+18,,,,,,,,,,,,
exact_fim_psl,ok,optimal,0.45997927200005506,False,,331.7749737846128,4976624.606769192,0.9999999996518056,3.357142856148016,1482398.8194769192,79949564609.84486,2.109184525279315e+18,2.109184525279315e+18,2.1081819702548237e+18,4.74116886414939e-19,0.1032127665301151,-12.883667257317711,-7.586038567122985,0.02092362727426994,9.251937425641906e-06,64,-6164.599579889338,79911562349.70248,79911562321.87773,1.0416666666666667e-06,Exact FIM + sampled PSL,ordinary,15,-13.256466474732292,True,unknown_amplitude_exact,,,,2.1081819725736271e+18,79911562409.77301,26381438.54281344,quad_over_lin,1e-12,0.45,4.684848827941393e+18,-13.256466474732292,-13.256466517819636,-12.850489231160001,-7.58589347044774,-1.46484375e-06,-0.40597724357229126,249.0,1985.0,-13.256466474732292,0.2173585239870126,249.0,1.0416666666666667e-06
water_filling,ok,ok,0.0,False,,320.38058828061,4805708.824209151,1.0000000000003209,3.3571428571437743,1431487.7348704198,77830312500.07855,2.053275605988787e+18,2.053275605988787e+18,2.0532755579266348e+18,4.870266792647324e-19,0.10460852620271606,-13.322265098715283,-8.47766778263057,0.016872027143076455,5.864100874390087e-06,64,-42.68274783536703,77830310678.23662,77830310678.2616,1.0416666666666667e-06,Water-filling (comm. only),ordinary,16,-13.256466474732292,False,,,,,,,,,,,,,,,,,,,,,,,
linear_sensing,ok,optimal,0.005436035997263389,False,,314.3550474883325,4715325.712324987,0.9999999990207984,3.3571428543451383,1404565.106969445,106548749929.98103,2.8109092980913925e+18,2.8109092980913925e+18,2.8109089972340997e+18,3.557567654989793e-19,0.0894061288954604,-7.911025590775478,-2.04328892425786,0.03850378300947599,5.752991387658193e-05,64,-106.79011044285916,106548738630.18607,106548738525.85336,1.0416666666666667e-06,Linear S(P) (known-amp. surrogate),ordinary,16,-13.256466474732292,False,known_amplitude_linear,106548750000.0,0.6,177581250000.0,,,,,,,,,,,,,,,,,,,
exact_fim,ok,optimal,0.006842332000815077,False,,320.3449132374337,4805173.698561505,0.9999999993510116,3.357142855288605,1431328.3365322913,79911564159.66205,2.1081820187382175e+18,2.1081820187382175e+18,2.1081819769535572e+18,4.7434234383543265e-19,0.10323730406401739,-12.757767283767862,-7.927239474101917,0.017894342708864246,6.320808308110016e-06,64,-39.7978125076202,79911562627.65785,79911562575.79617,1.0416666666666667e-06,Exact unknown-amplitude FIM,ordinary,16,-13.256466474732292,False,unknown_amplitude_exact,,,,2.1081819725736271e+18,79911562409.77301,26381438.54281344,quad_over_lin,1e-12,0.45,4.684848827941393e+18,,,,,,,,,,,,
exact_fim_psl,ok,optimal,0.49060352299784427,False,,320.34311603654965,4805146.740548245,0.9999999996971657,3.3571428562776164,1431320.306064118,79911563195.94012,2.1081819933138468e+18,2.1081819933138468e+18,2.1081819718224266e+18,4.743423495559328e-19,0.10323730468653088,-12.874669031693895,-7.926398453655448,0.018117288649481266,6.393844010330212e-06,64,-28.541928843203642,79911562405.49838,79911562381.29842,1.0416666666666667e-06,Exact FIM + sampled PSL,ordinary,16,-13.256466474732292,True,unknown_amplitude_exact,,,,2.1081819725736271e+18,79911562409.77301,26381438.54281344,quad_over_lin,1e-12,0.45,4.684848827941393e+18,-13.256466474732292,-13.256466686925126,-12.843263450569344,-7.926243590464367,-1.46484375e-06,-0.4132030241629483,249.0,1985.0,-13.256466474732292,0.2173585239870126,249.0,1.0416666666666667e-06
water_filling,ok,ok,0.0,False,,324.16305659820466,4862445.84897307,0.9999999999991059,3.357142857140303,1448388.125227123,77040623035.70735,2.032442461916571e+18,2.032442461916571e+18,2.032147146475269e+18,4.92018848620694e-19,0.10514329367986042,-13.407575550205248,-8.273279749017128,0.016997322103317922,8.74610263797419e-06,63,-3345.752731541338,77029428974.43561,77029428974.36674,1.0416666666666667e-06,Water-filling (comm. only),ordinary,17,-13.256466474732292,False,,,,,,,,,,,,,,,,,,,,,,,
linear_sensing,ok,optimal,0.005094610998639837,False,,317.86292267070087,4767943.8400605135,0.999999999327434,3.35714285522124,1420238.591469263,106548749949.90994,2.810909298617146e+18,2.810909298617146e+18,2.8104711861845555e+18,3.5575676543243846e-19,0.08940612888709913,-7.8816080490344085,-2.0077028733509046,0.039162362562856955,5.8560589306052085e-05,64,-4075.149560871535,106532143177.62755,106532143105.97765,1.0416666666666667e-06,Linear S(P) (known-amp. surrogate),ordinary,17,-13.256466474732292,False,known_amplitude_linear,106548750000.0,0.6,177581250000.0,,,,,,,,,,,,,,,,,,,
exact_fim,ok,optimal,0.00646081100057927,False,,324.0957479686223,4861436.219529334,0.9999999995080961,3.357142855737418,1448087.3851468822,79921216769.32275,2.1084366684667587e+18,2.1084366684667587e+18,2.1081819742195656e+18,4.74285054398714e-19,0.10323106955252347,-12.639394715170145,-7.584850002037565,0.01806962050595506,9.101740064876907e-06,64,-3107.136489513253,79911562511.47185,79911562472.16304,1.0416666666666667e-06,Exact unknown-amplitude FIM,ordinary,17,-13.256466474732292,False,unknown_amplitude_exact,,,,2.1081819725736271e+18,79911562409.77301,26381438.54281344,quad_over_lin,1e-12,0.45,4.684848827941393e+18,,,,,,,,,,,,
exact_fim_psl,ok,optimal,0.45986523700048565,False,,324.0890635610691,4861335.953416036,0.999999999681121,3.3571428562317744,1448057.5184318023,79921053393.29707,2.1084323583721777e+18,2.1084323583721777e+18,2.1081819712916168e+18,4.742860239405799e-19,0.10323117506585527,-12.86372157778871,-7.596472515465601,0.01851173500685578,9.13155175398267e-06,64,-3080.7518761234096,79911562386.65997,79911562361.17786,1.0416666666666667e-06,Exact FIM + sampled PSL,ordinary,17,-13.256466474732292,True,unknown_amplitude_exact,,,,2.1081819725736271e+18,79911562409.77301,26381438.54281344,quad_over_lin,1e-12,0.45,4.684848827941393e+18,-13.256466474732292,-13.256466585370283,-12.834676162808938,-7.596413932066684,-1.46484375e-06,-0.42179031192335437,249.0,1985.0,-13.256466474732292,0.2173585239870126,249.0,1.0416666666666667e-06
water_filling,ok,ok,0.0,False,,305.6135190784305,4584202.786176457,1.000000000000197,3.35714285714342,1365507.2129033967,81410075938.6939,2.1477149151424284e+18,2.1477149151424284e+18,2.1475280163206175e+18,4.656111446400622e-19,0.10228274873149837,-11.73513141333107,-6.511673312886055,0.017595925474822607,1.6609091545097843e-05,62,2661.6689919318437,81402991456.85524,81402991456.87128,1.0416666666666667e-06,Water-filling (comm. only),ordinary,18,-13.256466474732292,False,,,,,,,,,,,,,,,,,,,,,,,
linear_sensing,ok,optimal,0.005232048002653755,False,,301.09724690091934,4516458.70351379,0.9999999991831279,3.357142854808937,1345328.125386202,106548749943.19937,2.810909298440111e+18,2.810909298440111e+18,2.8107402548183793e+18,3.557567654548445e-19,0.08940612888991459,-7.486176398654569,-2.010573855534669,0.035675576073929446,5.838602508397715e-05,64,2531.3381119075816,106542342357.59927,106542342270.56781,1.0416666666666667e-06,Linear S(P) (known-amp. surrogate),ordinary,18,-13.256466474732292,False,known_amplitude_linear,106548750000.0,0.6,177581250000.0,,,,,,,,,,,,,,,,,,,
exact_fim,ok,optimal,0.007020504002866801,False,,305.6135190173083,4584202.785259625,0.9999999994556763,3.3571428555876466,1365507.2132631035,81410264414.8993,2.1477198874158584e+18,2.1477198874158584e+18,2.1475330050280294e+18,4.656100666848144e-19,0.10228263033195958,-11.73504073721968,-6.511651494582644,0.0175958990462959,1.660896720819975e-05,64,2661.5519700288323,81403180600.32367,81403180556.01399,1.0416666666666667e-06,Exact unknown-amplitude FIM,ordinary,18,-13.256466474732292,False,unknown_amplitude_exact,,,,2.1081819725736271e+18,79911562409.77301,26381438.54281344,quad_over_lin,1e-12,0.45,4.684848827941393e+18,,,,,,,,,,,,
exact_fim_psl,ok,optimal,0.44901398699948913,False,,305.5299264442174,4582948.896663261,0.999999999741649,3.3571428564047117,1365133.7141998508,79919070328.99492,2.108380042283165e+18,2.108380042283165e+18,2.1081819754068995e+18,4.742977925920319e-19,0.10323245581641581,-12.839396619841065,-6.795585663356957,0.01891283320875604,1.6696677879219284e-05,64,2740.0386543688755,79911562537.81465,79911562517.16942,1.0416666666666667e-06,Exact FIM + sampled PSL,ordinary,18,-13.256466474732292,True,unknown_amplitude_exact,,,,2.1081819725736271e+18,79911562409.77301,26381438.54281344,quad_over_lin,1e-12,0.45,4.684848827941393e+18,-13.256466474732292,-13.25646649340978,-12.815120388599176,-6.795607131926711,-1.46484375e-06,-0.441346086133116,249.0,1985.0,-13.256466474732292,0.2173585239870126,249.0,1.0416666666666667e-06
water_filling,ok,ok,0.0,False,,339.2418643917126,5088627.965875689,0.9999999999994398,3.3571428571412567,1515761.521750928,76044043507.70782,2.0061512603456253e+18,2.0061512603456253e+18,2.0054850610362637e+18,4.984669001617143e-19,0.10583001794732307,-13.79885253245851,-9.215089168842159,0.016402728303217984,4.318540895823655e-06,63,-5025.194229585088,76018790930.70537,76018790930.66278,1.0416666666666667e-06,Water-filling (comm. only),ordinary,19,-13.256466474732292,False,,,,,,,,,,,,,,,,,,,,,,,
linear_sensing,ok,optimal,0.004836740001337603,False,,332.10971312398453,4981645.696859768,0.9999999990295616,3.357142854370176,1483894.4641199547,106548749924.3837,2.8109092979437266e+18,2.8109092979437266e+18,2.8101769434200535e+18,3.557567655176683e-19,0.08940612889780881,-8.063204764883944,-2.005782892421804,0.040274866060563366,5.869024925646938e-05,64,-5268.796778107453,106520989808.2937,106520989704.92165,1.0416666666666667e-06,Linear S(P) (known-amp. surrogate),ordinary,19,-13.256466474732292,False,known_amplitude_linear,106548750000.0,0.6,177581250000.0,,,,,,,,,,,,,,,,,,,
exact_fim,ok,optimal,0.006390552000084426,False,,339.11071616848096,5086660.742527215,0.9999999993109676,3.3571428551741933,1515175.5412157704,79932416529.69725,2.108732134256773e+18,2.108732134256773e+18,2.1081819722735066e+18,4.742185997713038e-19,0.1032238371692534,-12.768146592054695,-8.097868045180007,0.018293833198690098,5.049421988282101e-06,64,-4566.632382272402,79911562453.45847,79911562398.3968,1.0416666666666667e-06,Exact unknown-amplitude FIM,ordinary,19,-13.256466474732292,False,unknown_amplitude_exact,,,,2.1081819725736271e+18,79911562409.77301,26381438.54281344,quad_over_lin,1e-12,0.45,4.684848827941393e+18,,,,,,,,,,,,
exact_fim_psl,ok,optimal,0.43449102000158746,False,,339.1084943003698,5086627.414505547,0.9999999998795799,3.3571428567988,1515165.6129867213,79931609284.39928,2.1087108379645555e+18,2.1087108379645555e+18,2.108181971881754e+18,4.742233889997243e-19,0.10322435840701875,-12.893829485987391,-8.104332979593984,0.0185460987864516,5.0700359226503276e-06,64,-4477.376559373805,79911562393.17021,79911562383.54726,1.0416666666666667e-06,Exact FIM + sampled PSL,ordinary,19,-13.256466474732292,True,unknown_amplitude_exact,,,,2.1081819725736271e+18,79911562409.77301,26381438.54281344,quad_over_lin,1e-12,0.45,4.684848827941393e+18,-13.256466474732292,-13.256466545628673,-12.859121621547223,-8.104322079372395,-1.46484375e-06,-0.3973448531850696,249.0,1985.0,-13.256466474732292,0.2173585239870126,249.0,1.0416666666666667e-06
water_filling,ok,ok,0.0,False,,346.4001600360298,5196002.400540447,1.0000000000007152,3.357142857144901,1547745.3959047229,77965632817.1327,2.0568455506167455e+18,2.0568455506167455e+18,2.0568366570954816e+18,4.861813759910898e-19,0.10451770537537933,-12.553899139235835,-8.364301990537351,0.0165795447570396,6.070271265224989e-06,63,580.6141787725632,77965295704.25237,77965295704.30812,1.0416666666666667e-06,Water-filling (comm. only),ordinary,20,-13.256466474732292,False,,,,,,,,,,,,,,,,,,,,,,,
linear_sensing,ok,optimal,0.005339627001376357,False,,340.11834802835875,5101775.220425381,0.9999999992251922,3.357142854929121,1519677.7262351841,106548749947.76425,2.8109092985605386e+18,2.8109092985605386e+18,2.8109092111610793e+18,3.557567654396028e-19,0.08940612888799938,-7.662076219592123,-2.198736038557485,0.03852160724560907,5.343215618328444e-05,64,-57.55792616415254,106548746717.40419,106548746634.8494,1.0416666666666667e-06,Linear S(P) (known-amp. surrogate),ordinary,20,-13.256466474732292,False,known_amplitude_linear,106548750000.0,0.6,177581250000.0,,,,,,,,,,,,,,,,,,,
exact_fim,ok,optimal,0.00615480399937951,False,,346.36737296018157,5195510.594402724,0.9999999997698319,3.3571428564852344,1547598.9007635415,79911809449.84566,2.1081884898461217e+18,2.1081884898461217e+18,2.1081819696886252e+18,4.743408878363579e-19,0.10323714561987203,-12.083456135978338,-7.884954970399358,0.017519250971544987,6.3100630204653625e-06,64,497.1412575813036,79911562318.80882,79911562300.41573,1.0416666666666667e-06,Exact unknown-amplitude FIM,ordinary,20,-13.256466474732292,False,unknown_amplitude_exact,,,,2.1081819725736271e+18,79911562409.77301,26381438.54281344,quad_over_lin,1e-12,0.45,4.684848827941393e+18,,,,,,,,,,,,
exact_fim_psl,ok,optimal,0.43200807699759025,False,,346.2872599196863,5194308.898795295,0.9999999997702036,3.357142856486296,1547240.9488799179,79912109030.50021,2.1081963932147482e+18,2.1081963932147482e+18,2.1081819717018378e+18,4.743391095907906e-19,0.10323695210801871,-12.864105690117162,-7.917161428887464,0.01883662037507271,6.477440576335261e-06,64,739.3603809310067,79911562395.09084,79911562376.72745,1.0416666666666667e-06,Exact FIM + sampled PSL,ordinary,20,-13.256466474732292,True,unknown_amplitude_exact,,,,2.1081819725736271e+18,79911562409.77301,26381438.54281344,quad_over_lin,1e-12,0.45,4.684848827941393e+18,-13.256466474732292,-13.256466495100627,-12.835253229830087,-7.917184590293489,-1.46484375e-06,-0.421213244902205,249.0,1985.0,-13.256466474732292,0.2173585239870126,249.0,1.0416666666666667e-06
water_filling,ok,ok,0.0,False,,317.2322602501303,4758483.903751954,0.9999999999990882,3.357142857140252,1417420.737288916,76326769755.82512,2.0136099854847718e+18,2.0136099854847718e+18,2.013403978871001e+18,4.96620501094333e-19,0.1056338306634533,-13.638380097880203,-8.329423632509666,0.016952820643869757,9.690476648734505e-06,63,2794.4178388992573,76318960984.83636,76318960984.76677,1.0416666666666667e-06,Water-filling (comm. only),ordinary,21,-13.256466474732292,False,,,,,,,,,,,,,,,,,,,,,,,
linear_sensing,ok,optimal,0.005027188999520149,False,,310.5507470048643,4658261.205072965,0.9999999988926569,3.35714285397902,1387567.1687762132,106548749903.09723,2.810909297382159e+18,2.810909297382159e+18,2.809825604377411e+18,3.557567655887419e-19,0.08940612890673964,-8.000455446313255,-1.6537928995802949,0.04094431746680683,6.85129968073908e-05,64,6409.201100359652,106507672162.3384,106507672044.39786,1.0416666666666667e-06,Linear S(P) (known-amp. surrogate),ordinary,21,-13.256466474732292,False,known_amplitude_linear,106548750000.0,0.6,177581250000.0,,,,,,,,,,,,,,,,,,,
exact_fim,ok,optimal,0.006599768999876687,False,,317.1246888553791,4756870.332830686,0.999999999311435,3.3571428551755287,1416940.0999714003,79920057409.42284,2.1084060828848105e+18,2.1084060828848105e+18,2.108181971631107e+18,4.742919346124052e-19,0.10323181831029657,-12.68546086261434,-7.399148749962004,0.01858274952258669,1.0799011991206706e-05,64,2914.6243981547395,79911562429.07068,79911562374.04637,1.0416666666666667e-06,Exact unknown-amplitude FIM,ordinary,21,-13.256466474732292,False,unknown_amplitude_exact,,,,2.1081819725736271e+18,79911562409.77301,26381438.54281344,quad_over_lin,1e-12,0.45,4.684848827941393e+18,,,,,,,,,,,,
exact_fim_psl,ok,optimal,0.4808536099990306,False,,317.1195340858874,4756793.01128831,0.9999999997938962,3.357142856553989,1416917.0674408006,79919541520.30103,2.1083924729876488e+18,2.1083924729876488e+18,2.1081819720397074e+18,4.742949962171764e-19,0.10323215149593011,-12.885217777888627,-7.39634331215389,0.018929261814892576,1.094034330108742e-05,64,2824.735521803623,79911562406.00461,79911562389.53453,1.0416666666666667e-06,Exact FIM + sampled PSL,ordinary,21,-13.256466474732292,True,unknown_amplitude_exact,,,,2.1081819725736271e+18,79911562409.77301,26381438.54281344,quad_over_lin,1e-12,0.45,4.684848827941393e+18,-13.256466474732292,-13.256466542130383,-12.851770016815271,-7.396222233976487,-1.46484375e-06,-0.40469645791702114,249.0,1985.0,-13.256466474732292,0.2173585239870126,249.0,1.0416666666666667e-06
water_filling,ok,ok,0.0,False,,344.67233832130205,5170085.07481953,1.0000000000000946,3.3571428571431277,1540025.3414354806,77276901077.96956,2.0386758165675274e+18,2.0386758165675274e+18,2.0384196793016727e+18,4.905144760502813e-19,0.1049824301485214,-12.744773273086698,-9.000444458112646,0.016304495872264013,2.972568142181709e-06,64,-3115.9260926827037,77267192082.5472,77267192082.5545,1.0416666666666667e-06,Water-filling (comm. only),ordinary,22,-13.256466474732292,False,,,,,,,,,,,,,,,,,,,,,,,
linear_sensing,ok,optimal,0.005003686001145979,False,,337.9612891343851,5069419.337015776,0.9999999991152373,3.3571428546149638,1510039.8036523818,106548749935.54716,2.810909298238235e+18,2.810909298238235e+18,2.810683730111791e+18,3.5575676548039445e-19,0.0894061288931251,-7.727769935670976,-2.239522603854507,0.039012238481507214,5.241248473055619e-05,64,-2924.0825542953894,106540199771.0332,106540199676.7704,1.0416666666666667e-06,Linear S(P) (known-amp. surrogate),ordinary,22,-13.256466474732292,False,known_amplitude_linear,106548750000.0,0.6,177581250000.0,,,,,,,,,,,,,,,,,,,
exact_fim,ok,optimal,0.006473121997260023,False,,344.610885153024,5169163.27729536,0.9999999993301898,3.357142855229114,1539750.7643274185,79919744889.03006,2.108397838147275e+18,2.108397838147275e+18,2.1081819749648965e+18,4.742937892967752e-19,0.10323202015038573,-12.096623504264908,-8.254421788141004,0.017449978254467795,3.454357262067361e-06,64,-2860.487479508353,79911562553.94069,79911562500.41512,1.0416666666666667e-06,Exact unknown-amplitude FIM,ordinary,22,-13.256466474732292,False,unknown_amplitude_exact,,,,2.1081819725736271e+18,79911562409.77301,26381438.54281344,quad_over_lin,1e-12,0.45,4.684848827941393e+18,,,,,,,,,,,,
exact_fim_psl,ok,optimal,0.4846618280025723,False,,344.5293737358047,5167940.606037071,0.9999999996500619,3.3571428561430343,1539386.5639588635,79919091391.37581,2.108380597939071e+18,2.108380597939071e+18,2.108181972571431e+18,4.742976675926035e-19,0.10323244221314902,-12.879985288980384,-8.30255378670153,0.018943882444393854,3.5239844193280008e-06,64,-2743.898993890815,79911562437.65387,79911562409.68977,1.0416666666666667e-06,Exact FIM + sampled PSL,ordinary,22,-13.256466474732292,True,unknown_amplitude_exact,,,,2.1081819725736271e+18,79911562409.77301,26381438.54281344,quad_over_lin,1e-12,0.45,4.684848827941393e+18,-13.256466474732292,-13.256466500880554,-12.847723818305205,-8.302423972761813,-1.46484375e-06,-0.40874265642708707,249.0,1985.0,-13.256466474732292,0.2173585239870126,249.0,1.0416666666666667e-06
water_filling,ok,ok,0.0,False,,338.1285351693966,5071928.027540949,1.0000000000000422,3.357142857142978,1510787.0720334197,76806351000.86458,2.0262620286270659e+18,2.0262620286270659e+18,2.0262589714192806e+18,4.935195872359953e-19,0.10530352378201874,-13.699904034623064,-9.345592855195928,0.01643866519925119,2.105079795136429e-06,64,-340.41856901186674,76806235116.05922,76806235116.06245,1.0416666666666667e-06,Water-filling (comm. only),ordinary,23,-13.256466474732292,False,,,,,,,,,,,,,,,,,,,,,,,
linear_sensing,ok,optimal,0.005664764998073224,False,,331.34147473459075,4970122.121018861,0.9999999993912765,3.357142855403647,1480461.9091555688,106548749957.88278,2.8109092988274806e+18,2.8109092988274806e+18,2.8109062393694694e+18,3.5575676540581787e-19,0.0894061288837541,-8.039558625199552,-2.1326988429959517,0.039254039834902214,5.5190931519044746e-05,64,-340.5438268523062,106548634052.64351,106548633987.78485,1.0416666666666667e-06,Linear S(P) (known-amp. surrogate),ordinary,23,-13.256466474732292,False,known_amplitude_linear,106548750000.0,0.6,177581250000.0,,,,,,,,,,,,,,,,,,,
exact_fim,ok,optimal,0.006335804999253014,False,,338.04508295338286,5070676.244300743,0.9999999994546203,3.3571428555846294,1510414.2011310717,79911656700.59167,2.108184460101065e+18,2.108184460101065e+18,2.1081819735402406e+18,4.7434179452781885e-19,0.10323724428751388,-12.843821526772798,-8.421870884250842,0.01772329309107817,2.629636959225587e-06,64,-307.00843443415124,79911562489.99507,79911562446.41292,1.0416666666666667e-06,Exact unknown-amplitude FIM,ordinary,23,-13.256466474732292,False,unknown_amplitude_exact,,,,2.1081819725736271e+18,79911562409.77301,26381438.54281344,quad_over_lin,1e-12,0.45,4.684848827941393e+18,,,,,,,,,,,,
exact_fim_psl,ok,optimal,0.48198676199899637,False,,338.04496361013173,5070674.454151976,0.9999999997227849,3.357142856350814,1510413.667550554,79911652458.19391,2.1081843481805092e+18,2.1081843481805092e+18,2.108181971644244e+18,4.743418197099607e-19,0.10323724702787422,-12.873531039312837,-8.421431516046841,0.017781815807510856,2.6492641282708545e-06,64,-300.13938363568184,79911562396.69702,79911562374.54433,1.0416666666666667e-06,Exact FIM + sampled PSL,ordinary,23,-13.256466474732292,True,unknown_amplitude_exact,,,,2.1081819725736271e+18,79911562409.77301,26381438.54281344,quad_over_lin,1e-12,0.45,4.684848827941393e+18,-13.256466474732292,-13.25646736546644,-12.842516321539994,-8.42130269905993,-1.46484375e-06,-0.4139501531922978,249.0,1985.0,-13.256466474732292,0.2173585239870126,249.0,1.0416666666666667e-06
water_filling,ok,ok,0.0,False,,335.62291109508544,5034343.666426281,1.000000000000345,3.357142857143843,1499591.7304244095,75145803898.16183,1.9824544072896666e+18,1.9824544072896666e+18,1.9821559305666176e+18,5.044252197290935e-19,0.10646064748499559,-13.50740607692943,-9.788992506094566,0.016467851481333895,2.2786118006245184e-06,64,-3363.61280647861,75134490007.024,75134490007.04993,1.0416666666666667e-06,Water-filling (comm. only),ordinary,24,-13.256466474732292,False,,,,,,,,,,,,,,,,,,,,,,,
linear_sensing,ok,optimal,0.005904875997657655,False,,328.1480595195868,4922220.892793803,0.9999999990306214,3.3571428543732043,1466193.4586375551,106548749925.66472,2.810909297977522e+18,2.810909297977522e+18,2.81061084369603e+18,3.5575676551339107e-19,0.08940612889727134,-7.893454328458849,-2.1805516479304683,0.04128352187593729,5.3959842740522186e-05,64,-3363.4863558237707,106537436988.48499,106537436885.20987,1.0416666666666667e-06,Linear S(P) (known-amp. surrogate),ordinary,24,-13.256466474732292,False,known_amplitude_linear,106548750000.0,0.6,177581250000.0,,,,,,,,,,,,,,,,,,,
exact_fim,ok,optimal,0.007014188999164617,False,,335.4286421855229,5031429.632782844,0.9999999994483396,3.3571428555666847,1498723.7211070484,79919855151.3305,2.1084007470253778e+18,2.1084007470253778e+18,2.1081819648494042e+18,4.742931349321721e-19,0.10323194893776949,-12.301058986675507,-8.381642474458483,0.018641886607453143,2.619118336163068e-06,64,-2879.7628985984998,79911562161.06699,79911562116.98294,1.0416666666666667e-06,Exact unknown-amplitude FIM,ordinary,24,-13.256466474732292,False,unknown_amplitude_exact,,,,2.1081819725736271e+18,79911562409.77301,26381438.54281344,quad_over_lin,1e-12,0.45,4.684848827941393e+18,,,,,,,,,,,,
exact_fim_psl,ok,optimal,0.4783951060016989,False,,335.3859201164641,5030788.801746962,0.9999999997596973,3.3571428564562784,1498532.8348693938,79919113944.86238,2.1083811929324915e+18,2.1083811929324915e+18,2.108181973465781e+18,4.742975337439462e-19,0.10323242764684848,-12.875219025101698,-8.40712971883314,0.01976038952256874,2.750721276197682e-06,64,-2747.999503951122,79911562462.79344,79911562443.59048,1.0416666666666667e-06,Exact FIM + sampled PSL,ordinary,24,-13.256466474732292,True,unknown_amplitude_exact,,,,2.1081819725736271e+18,79911562409.77301,26381438.54281344,quad_over_lin,1e-12,0.45,4.684848827941393e+18,-13.256466474732292,-13.256466502838336,-12.843901925069133,-8.406989976717691,-1.46484375e-06,-0.41256454966315914,249.0,1985.0,-13.256466474732292,0.2173585239870126,249.0,1.0416666666666667e-06
water_filling,ok,ok,0.0,False,,314.3111775143336,4714667.662715005,1.0000000000003626,3.3571428571438933,1404369.0910210575,77750024150.29446,2.0511574838232545e+18,2.0511574838232545e+18,2.050736928816136e+18,4.875296060330044e-19,0.10466252412034634,-12.965058994949457,-8.574155147953231,0.01671725565193919,5.150235233040168e-06,63,3992.6585151195413,77734082828.24792,77734082828.27611,1.0416666666666667e-06,Water-filling (comm. only),ordinary,25,-13.256466474732292,False,,,,,,,,,,,,,,,,,,,,,,,
linear_sensing,ok,optimal,0.005175215999770444,False,,308.07920384940246,4621188.057741037,0.9999999992793653,3.357142855083901,1376524.1031500713,106548749944.58038,2.810909298476544e+18,2.810909298476544e+18,2.810634434851156e+18,3.557567654502334e-19,0.08940612888933519,-7.7750987489616445,-2.1742112249655534,0.03851977827364251,5.4097942983885876e-05,64,3227.820672659683,106538331195.06825,106538331118.29305,1.0416666666666667e-06,Linear S(P) (known-amp. surrogate),ordinary,25,-13.256466474732292,False,known_amplitude_linear,106548750000.0,0.6,177581250000.0,,,,,,,,,,,,,,,,,,,
exact_fim,ok,optimal,0.006336911999824224,False,,314.27120465110863,4714068.0697666295,0.9999999995510929,3.3571428558602654,1404190.4894031247,79924985275.47888,2.1085360870803151e+18,2.1085360870803151e+18,2.1081819742127895e+18,4.742626916026359e-19,0.1032286358235363,-12.40980370919717,-8.013641315039296,0.017560622588544617,5.443320527371225e-06,64,3663.7144510355965,79911562507.77904,79911562471.90617,1.0416666666666667e-06,Exact unknown-amplitude FIM,ordinary,25,-13.256466474732292,False,unknown_amplitude_exact,,,,2.1081819725736271e+18,79911562409.77301,26381438.54281344,quad_over_lin,1e-12,0.45,4.684848827941393e+18,,,,,,,,,,,,
exact_fim_psl,ok,optimal,0.4381526710021717,False,,314.2442627269505,4713663.940904258,0.9999999997218243,3.3571428563480694,1404070.1103889944,79923996197.05429,2.1085099937686428e+18,2.1085099937686428e+18,2.1081819721443592e+18,4.742685607160207e-19,0.10322927456099606,-12.863483567316008,-8.032881919631112,0.018403615632041865,5.543950397357739e-06,64,3526.159888083841,79911562415.73088,79911562393.50142,1.0416666666666667e-06,Exact FIM + sampled PSL,ordinary,25,-13.256466474732292,True,unknown_amplitude_exact,,,,2.1081819725736271e+18,79911562409.77301,26381438.54281344,quad_over_lin,1e-12,0.45,4.684848827941393e+18,-13.256466474732292,-13.256466509966181,-12.834380865504055,-8.032804311446988,-1.46484375e-06,-0.4220856092282368,249.0,1985.0,-13.256466474732292,0.2173585239870126,249.0,1.0416666666666667e-06
water_filling,ok,ok,0.0,False,,339.5088463038529,5092632.694557793,1.0000000000000007,3.3571428571428594,1516954.4196555119,76830455000.35443,2.026897926808244e+18,2.026897926808244e+18,2.0268817143682004e+18,4.93364755458949e-19,0.10528700406210564,-13.502970384491038,-9.338264236304418,0.016425921526503018,2.0260423798883566e-06,64,-783.9257945242774,76829840460.70306,76829840460.70311,1.0416666666666667e-06,Water-filling (comm. only),ordinary,26,-13.256466474732292,False,,,,,,,,,,,,,,,,,,,,,,,
linear_sensing,ok,optimal,0.005428039999969769,False,,332.7402860118178,4991104.290177267,0.9999999990681354,3.357142854480387,1486711.9174020917,106548749935.66356,2.810909298241306e+18,2.810909298241306e+18,2.8108933197942574e+18,3.557567654800058e-19,0.08940612889307627,-7.968776148866801,-2.140229562409659,0.03942890912000565,5.498512788024669e-05,64,-778.2480612070483,106548144364.90779,106548144265.61935,1.0416666666666667e-06,Linear S(P) (known-amp. surrogate),ordinary,26,-13.256466474732292,False,known_amplitude_linear,106548750000.0,0.6,177581250000.0,,,,,,,,,,,,,,,,,,,
exact_fim,ok,optimal,0.006483948000095552,False,,339.4267523684612,5091401.285526918,0.9999999993839097,3.3571428553825995,1516587.6177606606,79912065309.59497,2.108195239794374e+18,2.108195239794374e+18,2.108181974078552e+18,4.743393691077381e-19,0.10323698034913827,-12.690190112005554,-8.423347183659663,0.017912718165611536,2.5453515218991814e-06,64,-709.1140792987887,79911562516.05057,79911562466.81783,1.0416666666666667e-06,Exact unknown-amplitude FIM,ordinary,26,-13.256466474732292,False,unknown_amplitude_exact,,,,2.1081819725736271e+18,79911562409.77301,26381438.54281344,quad_over_lin,1e-12,0.45,4.684848827941393e+18,,,,,,,,,,,,
exact_fim_psl,ok,optimal,0.448140495998814,False,,339.4214698057337,5091322.047086005,0.9999999997338036,3.3571428563822963,1516564.0143691963,79912021812.77652,2.1081940922857303e+18,2.1081940922857303e+18,2.1081819717276964e+18,4.743396272948415e-19,0.10323700844553405,-12.885105957006202,-8.422890144484679,0.018273174463361522,2.658336844502757e-06,64,-677.8163977077578,79911562398.97981,79911562377.70764,1.0416666666666667e-06,Exact FIM + sampled PSL,ordinary,26,-13.256466474732292,True,unknown_amplitude_exact,,,,2.1081819725736271e+18,79911562409.77301,26381438.54281344,quad_over_lin,1e-12,0.45,4.684848827941393e+18,-13.256466474732292,-13.256466584965462,-12.851691569172509,-8.422713080521365,-1.46484375e-06,-0.40477490555978335,249.0,1985.0,-13.256466474732292,0.2173585239870126,249.0,1.0416666666666667e-06
water_filling,ok,ok,0.0,False,,316.1989576516386,4742984.364774578,0.9999999999997999,3.3571428571422857,1412803.853337349,77665106960.96313,2.0489172462116813e+18,2.0489172462116813e+18,2.0486113084369408e+18,4.880626593626155e-19,0.10471972625181633,-12.764976466290236,-7.717259291067656,0.01710634527825086,1.1868437704228213e-05,63,3405.39359678249,77653510255.42966,77653510255.41412,1.0416666666666667e-06,Water-filling (comm. only),ordinary,27,-13.256466474732292,False,,,,,,,,,,,,,,,,,,,,,,,
linear_sensing,ok,optimal,0.0054008469996915665,False,,310.103686129189,4651555.291937835,0.9999999993359612,3.3571428552456037,1385569.662211331,106548749948.51434,2.810909298580328e+18,2.810909298580328e+18,2.8105224368125496e+18,3.557567654370982e-19,0.08940612888768466,-7.799972426440153,-1.948718468294666,0.03933074665689463,6.011895418111613e-05,64,3829.3818054087333,106534085854.25525,106534085783.51248,1.0416666666666667e-06,Linear S(P) (known-amp. surrogate),ordinary,27,-13.256466474732292,False,known_amplitude_linear,106548750000.0,0.6,177581250000.0,,,,,,,,,,,,,,,,,,,
exact_fim,ok,optimal,0.006708021999656921,False,,316.15737972332596,4742360.695849889,0.9999999993809803,3.3571428553742297,1412618.0803590633,79921571111.39581,2.1084460165203827e+18,2.1084460165203827e+18,2.1081819753311212e+18,4.742829515978422e-19,0.10323084070847531,-12.219511662814977,-7.237671245951214,0.018188436935042115,1.2057377279311768e-05,64,3163.6366897895264,79911562563.76385,79911562514.29703,1.0416666666666667e-06,Exact unknown-amplitude FIM,ordinary,27,-13.256466474732292,False,unknown_amplitude_exact,,,,2.1081819725736271e+18,79911562409.77301,26381438.54281344,quad_over_lin,1e-12,0.45,4.684848827941393e+18,,,,,,,,,,,,
exact_fim_psl,ok,optimal,0.4244670659973053,False,,316.1010067300975,4741515.100951462,0.9999999998238334,3.3571428566395243,1412366.2004951688,79919587306.09598,2.108393680882784e+18,2.108393680882784e+18,2.1081819708988733e+18,4.742947244943839e-19,0.10323212192516432,-12.906628690973816,-7.219943632523968,0.019560001661454232,1.2605424521550216e-05,64,2832.8360006650387,79911562360.36848,79911562346.29073,1.0416666666666667e-06,Exact FIM + sampled PSL,ordinary,27,-13.256466474732292,True,unknown_amplitude_exact,,,,2.1081819725736271e+18,79911562409.77301,26381438.54281344,quad_over_lin,1e-12,0.45,4.684848827941393e+18,-13.256466474732292,-13.256466488371647,-12.869114777218869,-7.219790981642435,-1.46484375e-06,-0.3873516975134237,249.0,1985.0,-13.256466474732292,0.2173585239870126,249.0,1.0416666666666667e-06
water_filling,ok,ok,0.0,False,,303.49068682742285,4552360.302411343,1.0000000000004872,3.3571428571442494,1356022.2177389865,75349886897.29558,1.9878384103889472e+18,1.9878384103889472e+18,1.979317279811874e+18,5.030589985452271e-19,0.10631637693138814,-12.587108074792477,-7.988231759282794,0.017558020859683054,1.4099105620700123e-05,62,17972.12264198381,75026889705.00037,75026889705.03691,1.0416666666666667e-06,Water-filling (comm. only),ordinary,28,-13.256466474732292,False,,,,,,,,,,,,,,,,,,,,,,,
linear_sensing,ok,optimal,0.005609576001006644,False,,296.78616448829297,4451792.467324395,0.999999999126665,3.3571428546476145,1326065.8423162873,106548749930.3678,2.8109092981015956e+18,2.8109092981015956e+18,2.7987385309089434e+18,3.5575676549768795e-19,0.08940612889529814,-7.516261288324544,-1.6936266747627458,0.0422687694954185,6.848067434934252e-05,64,21478.786498841786,106087411753.95772,106087411661.30788,1.0416666666666667e-06,Linear S(P) (known-amp. surrogate),ordinary,28,-13.256466474732292,False,known_amplitude_linear,106548750000.0,0.6,177581250000.0,,,,,,,,,,,,,,,,,,,
exact_fim,ok,optimal,0.00643112399848178,False,,303.29741427523163,4549461.214128475,0.9999999994592791,3.3571428555979406,1355158.6601512583,80190861687.98526,2.1155502893168358e+18,2.1155502893168358e+18,2.1081819716068122e+18,4.726902522950305e-19,0.10305736414596624,-11.427454961620443,-6.768813062911585,0.020460358735602906,1.6302518818293205e-05,64,16712.250447226663,79911562416.33531,79911562373.12546,1.0416666666666667e-06,Exact unknown-amplitude FIM,ordinary,28,-13.256466474732292,False,unknown_amplitude_exact,,,,2.1081819725736271e+18,79911562409.77301,26381438.54281344,quad_over_lin,1e-12,0.45,4.684848827941393e+18,,,,,,,,,,,,
exact_fim_psl,ok,optimal,0.4552938909982913,False,,303.0432236227783,4545648.354341675,0.999999999858268,3.3571428567379087,1354022.9142225485,80117412582.46353,2.1136125962534907e+18,2.1136125962534907e+18,2.1081819713915543e+18,4.731235997422432e-19,0.10310459318708191,-12.900311050602294,-6.912661056603763,0.024380399516313538,1.56825906905536e-05,64,14347.481225870712,79911562376.292,79911562364.96599,1.0416666666666667e-06,Exact FIM + sampled PSL,ordinary,28,-13.256466474732292,True,unknown_amplitude_exact,,,,2.1081819725736271e+18,79911562409.77301,26381438.54281344,quad_over_lin,1e-12,0.45,4.684848827941393e+18,-13.256466474732292,-13.25646647856966,-12.864766506751849,-6.912825495107521,-1.46484375e-06,-0.3916999679804434,249.0,1985.0,-13.256466474732292,0.2173585239870126,249.0,1.0416666666666667e-06
water_filling,ok,ok,0.0,False,,320.8700446707886,4813050.6700618295,1.0000000000006684,3.357142857144767,1433674.6676771762,73298154366.10526,1.9337107547110584e+18,1.9337107547110584e+18,1.9269008276165711e+18,5.171404242148011e-19,0.1077940900974176,-13.963432793733173,-8.715230280172602,0.017349597280123415,1.2759592874232466e-05,62,16066.526495903041,73040021092.41272,73040021092.46153,1.0416666666666667e-06,Water-filling (comm. only),ordinary,29,-13.256466474732292,False,,,,,,,,,,,,,,,,,,,,,,,
linear_sensing,ok,optimal,0.005381948998547159,False,,312.936410619643,4694046.159294645,0.999999999208369,3.3571428548810545,1398226.5164766002,106548749934.82947,2.810909298219301e+18,2.810909298219301e+18,2.79080797646183e+18,3.5575676548279083e-19,0.08940612889342622,-7.9156691237751815,-1.1995629187803498,0.047505475111416125,8.413364819905798e-05,64,27603.431292598096,105786800600.05157,105786800516.30746,1.0416666666666667e-06,Linear S(P) (known-amp. surrogate),ordinary,29,-13.256466474732292,False,known_amplitude_linear,106548750000.0,0.6,177581250000.0,,,,,,,,,,,,,,,,,,,
exact_fim,ok,optimal,0.00663920499937376,False,,320.4842195937726,4807263.293906589,0.9999999997150786,3.357142856328796,1431950.7687449357,80123898898.36201,2.1137837145977344e+18,2.1137837145977344e+18,2.108181973335356e+18,4.730852986963739e-19,0.1031004197600112,-12.180497525404911,-6.925069968204007,0.020417081144998198,1.5021450538225306e-05,64,14571.769274038908,79911562461.41519,79911562438.64668,1.0416666666666667e-06,Exact unknown-amplitude FIM,ordinary,29,-13.256466474732292,False,unknown_amplitude_exact,,,,2.1081819725736271e+18,79911562409.77301,26381438.54281344,quad_over_lin,1e-12,0.45,4.684848827941393e+18,,,,,,,,,,,,
exact_fim_psl,ok,optimal,0.45935387200006517,False,,320.426999000569,4806404.985008535,0.9999999996868831,3.3571428562482377,1431695.1022989575,80097399764.98383,2.1130846293390804e+18,2.1130846293390804e+18,2.1081819703154012e+18,4.732418125216191e-19,0.10311747303422966,-12.87992170808603,-6.914358750211785,0.021518999580108333,1.5533495982662576e-05,64,13632.22068732928,79911562349.19562,79911562324.17397,1.0416666666666667e-06,Exact FIM + sampled PSL,ordinary,29,-13.256466474732292,True,unknown_amplitude_exact,,,,2.1081819725736271e+18,79911562409.77301,26381438.54281344,quad_over_lin,1e-12,0.45,4.684848827941393e+18,-13.256466474732292,-13.256466506924433,-12.847620954127377,-6.9142423184847726,-1.46484375e-06,-0.4088455206049151,249.0,1985.0,-13.256466474732292,0.2173585239870126,249.0,1.0416666666666667e-06
water_filling,ok,ok,0.0,False,,325.2346025254859,4878519.037882289,0.9999999999999536,3.357142857142725,1453175.8836245688,77814468985.56215,2.0528576312842703e+18,2.0528576312842703e+18,2.052848931369235e+18,4.871258409548834e-19,0.10461917513710485,-13.31805810722733,-8.600354509639853,0.01662862577745393,5.009572538519015e-06,63,574.2596064260854,77814139211.4702,77814139211.46658,1.0416666666666667e-06,Water-filling (comm. only),ordinary,30,-13.256466474732292,False,,,,,,,,,,,,,,,,,,,,,,,
linear_sensing,ok,optimal,0.005285576997266617,False,,318.98117770128664,4784717.6655193,0.9999999990703421,3.3571428544866917,1425235.0504312648,106548749931.48439,2.810909298131053e+18,2.810909298131053e+18,2.8109080818792684e+18,3.5575676549395974e-19,0.08940612889482967,-7.909773335377102,-2.1390144800135653,0.03840502268361367,5.4999477658663877e-05,64,-214.71506105262708,106548703927.98083,106548703828.92699,1.0416666666666667e-06,Linear S(P) (known-amp. surrogate),ordinary,30,-13.256466474732292,False,known_amplitude_linear,106548750000.0,0.6,177581250000.0,,,,,,,,,,,,,,,,,,,
exact_fim,ok,optimal,0.006904781999764964,False,,325.197146453149,4877957.196797235,0.9999999993474328,3.3571428552783797,1453008.5275125257,79911799753.81114,2.1081882340507832e+18,2.1081882340507832e+18,2.1081819715086559e+18,4.743409453901313e-19,0.10323715188297022,-12.743776641075598,-8.048766965856402,0.01752396804464516,5.343257193444291e-06,64,487.22110639559804,79911562421.55244,79911562369.40479,1.0416666666666667e-06,Exact unknown-amplitude FIM,ordinary,30,-13.256466474732292,False,unknown_amplitude_exact,,,,2.1081819725736271e+18,79911562409.77301,26381438.54281344,quad_over_lin,1e-12,0.45,4.684848827941393e+18,,,,,,,,,,,,
exact_fim_psl,ok,optimal,0.4826034500001697,False,,325.1951193521642,4877926.790282464,0.9999999996800275,3.3571428562286503,1452999.4698415166,79911796512.30109,2.1081881485350845e+18,2.1081881485350845e+18,2.1081819710270085e+18,4.743409646311073e-19,0.10323715397680543,-12.86564574026122,-8.052561881374166,0.017741449141429885,5.3823848546642625e-06,64,483.90200806849793,79911562376.71725,79911562351.14775,1.0416666666666667e-06,Exact FIM + sampled PSL,ordinary,30,-13.256466474732292,True,unknown_amplitude_exact,,,,2.1081819725736271e+18,79911562409.77301,26381438.54281344,quad_over_lin,1e-12,0.45,4.684848827941393e+18,-13.256466474732292,-13.256466671401231,-12.8361232657688,-8.052440198665295,-1.46484375e-06,-0.42034320896349264,249.0,1985.0,-13.256466474732292,0.2173585239870126,249.0,1.0416666666666667e-06
water_filling,ok,ok,0.0,False,,308.90021941382037,4633503.291207305,1.0000000000005285,3.357142857144367,1380192.4697207042,77051420615.48882,2.0327273176039867e+18,2.0327273176039867e+18,2.0326341824447562e+18,4.919498996937369e-19,0.10513592630837519,-13.413583696137108,-9.234464830840508,0.01661785871511868,2.2348190952657868e-06,64,-1878.9169922358435,77047890286.38438,77047890286.4251,1.0416666666666667e-06,Water-filling (comm. only),ordinary,31,-13.256466474732292,False,,,,,,,,,,,,,,,,,,,,,,,
linear_sensing,ok,optimal,0.00536832800207776,False,,302.40274738750725,4536041.210812609,0.9999999992173947,3.3571428549068423,1351161.2126313522,106548749939.03786,2.810909298330325e+18,2.810909298330325e+18,2.810816129062159e+18,3.557567654687393e-19,0.08940612889166057,-7.930226949132323,-2.1571603165170563,0.039268795094598935,5.453985522436199e-05,64,-1879.2610198268205,106545218400.44284,106545218317.05998,1.0416666666666667e-06,Linear S(P) (known-amp. surrogate),ordinary,31,-13.256466474732292,False,known_amplitude_linear,106548750000.0,0.6,177581250000.0,,,,,,,,,,,,,,,,,,,
exact_fim,ok,optimal,0.006293197002378292,False,,308.83121734841114,4632468.260226167,0.9999999992823846,3.3571428550925275,1379884.163463306,79914493130.30127,2.10825928919713e+18,2.10825928919713e+18,2.1081819750556204e+18,4.743249585684602e-19,0.10323541215560797,-12.662421695024932,-8.392412012948808,0.018081723425021148,2.746217760195884e-06,64,-1711.907254887965,79911562561.1998,79911562503.85403,1.0416666666666667e-06,Exact unknown-amplitude FIM,ordinary,31,-13.256466474732292,False,unknown_amplitude_exact,,,,2.1081819725736271e+18,79911562409.77301,26381438.54281344,quad_over_lin,1e-12,0.45,4.684848827941393e+18,,,,,,,,,,,,
exact_fim_psl,ok,optimal,0.4882837719997042,False,,308.82466635224625,4632369.995283694,0.9999999996737869,3.35714285621082,1379854.8925952506,79914213237.77594,2.1082519052296742e+18,2.1082519052296742e+18,2.1081819716085427e+18,4.743266198500408e-19,0.10323559294193961,-12.88376350341045,-8.393384937514151,0.0185308576951378,2.86281101514306e-06,64,-1628.1475933539132,79911562399.25925,79911562373.19106,1.0416666666666667e-06,Exact FIM + sampled PSL,ordinary,31,-13.256466474732292,True,unknown_amplitude_exact,,,,2.1081819725736271e+18,79911562409.77301,26381438.54281344,quad_over_lin,1e-12,0.45,4.684848827941393e+18,-13.256466474732292,-13.256466568652511,-12.850713616151111,-8.39320504046366,-1.46484375e-06,-0.40575285858118093,249.0,1985.0,-13.256466474732292,0.2173585239870126,249.0,1.0416666666666667e-06
water_filling,ok,ok,0.0,False,,315.56479612401756,4733471.941860263,1.0000000000002316,3.357142857143519,1409970.365660226,75108179868.46083,1.9814618312623775e+18,1.9814618312623775e+18,1.9788366745933176e+18,5.046779020532058e-19,0.1064873088757941,-13.59604876438161,-9.324650239214114,0.016735911093537562,5.220108736077153e-06,63,-9975.355384517541,75008672153.39603,75008672153.41339,1.0416666666666667e-06,Water-filling (comm. only),ordinary,32,-13.256466474732292,False,,,,,,,,,,,,,,,,,,,,,,,
linear_sensing,ok,optimal,0.004957505003403639,False,,308.15041631259135,4622256.24468887,0.9999999988921968,3.3571428539777055,1376842.2869501063,106548749900.32787,2.8109092973090985e+18,2.8109092973090985e+18,2.8051230740145444e+18,3.5575676559798865e-19,0.08940612890790156,-7.943008577165439,-1.7294850563287587,0.042734955436934306,6.680039109323092e-05,64,-14809.771514432103,106329420686.05322,106329420568.26115,1.0416666666666667e-06,Linear S(P) (known-amp. surrogate),ordinary,32,-13.256466474732292,False,known_amplitude_linear,106548750000.0,0.6,177581250000.0,,,,,,,,,,,,,,,,,,,
exact_fim,ok,optimal,0.0068731110004591756,False,,315.359680759722,4730395.21139583,0.999999999346854,3.357142855276726,1409053.8935394539,79995818050.67288,2.1104047575859126e+18,2.1104047575859126e+18,2.1081819709189376e+18,4.738427528678896e-19,0.10318292349596006,-12.334561304405003,-7.881704057310065,0.019164937793331158,6.494707448080344e-06,64,-9179.090569148808,79911562399.24518,79911562347.05127,1.0416666666666667e-06,Exact unknown-amplitude FIM,ordinary,32,-13.256466474732292,False,unknown_amplitude_exact,,,,2.1081819725736271e+18,79911562409.77301,26381438.54281344,quad_over_lin,1e-12,0.45,4.684848827941393e+18,,,,,,,,,,,,
exact_fim_psl,ok,optimal,0.44839897899873904,False,,315.32234412980176,4729835.161947027,0.9999999997322473,3.3571428563778496,1408887.0698371853,79988185748.16547,2.1102034064663726e+18,2.1102034064663726e+18,2.1081819711019418e+18,4.738879659352571e-19,0.10318784612605413,-12.887755203888183,-7.876924219393647,0.020119869592939373,6.840810068646542e-06,64,-8753.47897683163,79911562375.38467,79911562353.98814,1.0416666666666667e-06,Exact FIM + sampled PSL,ordinary,32,-13.256466474732292,True,unknown_amplitude_exact,,,,2.1081819725736271e+18,79911562409.77301,26381438.54281344,quad_over_lin,1e-12,0.45,4.684848827941393e+18,-13.256466474732292,-13.256466503165626,-12.853917091129965,-7.87683871929559,-1.46484375e-06,-0.4025493836023273,249.0,1985.0,-13.256466474732292,0.2173585239870126,249.0,1.0416666666666667e-06
water_filling,ok,ok,0.0,False,,305.5407593357918,4583111.390036877,0.9999999999991807,3.3571428571405164,1365182.1161821494,79395265259.50339,2.09456131103396e+18,2.09456131103396e+18,2.094330752313864e+18,4.7742694125595195e-19,0.10357243068527759,-12.271489033594563,-7.309708852563674,0.017115938157212476,1.2337540764122646e-05,62,2956.2525971605965,79386525830.15022,79386525830.08517,1.0416666666666667e-06,Water-filling (comm. only),ordinary,33,-13.256466474732292,False,,,,,,,,,,,,,,,,,,,,,,,
linear_sensing,ok,optimal,0.005004684000596171,False,,300.07613316930815,4501141.997539623,0.9999999990408609,3.35714285440246,1340765.7024892329,106548749922.86555,2.8109092979036754e+18,2.8109092979036754e+18,2.810820519446613e+18,3.557567655227373e-19,0.08940612889844575,-7.67698494093823,-2.065602596715828,0.03733428660248323,5.694845794848703e-05,64,1834.444428223768,106545384838.7004,106545384736.50854,1.0416666666666667e-06,Linear S(P) (known-amp. surrogate),ordinary,33,-13.256466474732292,False,known_amplitude_linear,106548750000.0,0.6,177581250000.0,,,,,,,,,,,,,,,,,,,
exact_fim,ok,optimal,0.006710426001518499,False,,305.53850025712654,4583077.503856898,0.9999999992909391,3.357142855116969,1365172.0232492804,79919890091.90622,2.1084016688080287e+18,2.1084016688080287e+18,2.1081819992233754e+18,4.742929275735888e-19,0.10323192637152148,-12.145233896728797,-7.200949246030079,0.01732684724046543,1.2406709107508043e-05,64,2885.5973330873016,79911563476.60558,79911563419.9434,1.0416666666666667e-06,Exact unknown-amplitude FIM,ordinary,33,-13.256466474732292,False,unknown_amplitude_exact,,,,2.1081819725736271e+18,79911562409.77301,26381438.54281344,quad_over_lin,1e-12,0.45,4.684848827941393e+18,,,,,,,,,,,,
exact_fim_psl,ok,optimal,0.4460241810011212,False,,305.4709508505824,4582064.2627587365,0.9999999997041398,3.3571428562975423,1364870.206271803,79919735503.12201,2.1083975905335188e+18,2.1083975905335188e+18,2.1081819701452114e+18,4.742938449986349e-19,0.10323202621225651,-12.886987155935293,-7.2230799221141595,0.01842397875914584,1.2598539826483182e-05,63,2858.8783467659014,79911562341.36548,79911562317.72282,1.0416666666666667e-06,Exact FIM + sampled PSL,ordinary,33,-13.256466474732292,True,unknown_amplitude_exact,,,,2.1081819725736271e+18,79911562409.77301,26381438.54281344,quad_over_lin,1e-12,0.45,4.684848827941393e+18,-13.256466474732292,-13.256466491280507,-12.853857133540528,-7.223186408574378,-1.46484375e-06,-0.4026093411917646,249.0,1985.0,-13.256466474732292,0.2173585239870126,249.0,1.0416666666666667e-06
water_filling,ok,ok,0.0,False,,307.649230112905,4614738.451693575,0.9999999999992939,3.3571428571408397,1374602.9430584866,77826192528.22289,2.0531669152044785e+18,2.0531669152044785e+18,2.0515355284013706e+18,4.870524615386218e-19,0.10461129505511714,-13.320055987018636,-8.100436078999923,0.016940123433663266,8.985669226198434e-06,62,7863.741626498503,77764354095.90952,77764354095.8546,1.0416666666666667e-06,Water-filling (comm. only),ordinary,34,-13.256466474732292,False,,,,,,,,,,,,,,,,,,,,,,,
linear_sensing,ok,optimal,0.0057931319970521145,False,,301.58462552309436,4523769.382846415,0.9999999990223754,3.357142854349644,1347505.7747349788,106548749923.19879,2.810909297912467e+18,2.810909297912467e+18,2.8097207247794703e+18,3.557567655216246e-19,0.08940612889830593,-7.9121612321751105,-2.0259229439000497,0.03861691053572741,5.82731054063254e-05,64,6712.181911244416,106503696641.35384,106503696537.2332,1.0416666666666667e-06,Linear S(P) (known-amp. surrogate),ordinary,34,-13.256466474732292,False,known_amplitude_linear,106548750000.0,0.6,177581250000.0,,,,,,,,,,,,,,,,,,,
exact_fim,ok,optimal,0.0064881219987000804,False,,307.61138972668044,4614170.845900207,0.9999999993921,3.3571428554060003,1374433.8697026302,79964832944.78488,2.1095873259191857e+18,2.1095873259191857e+18,2.1081819749052826e+18,4.740263594275633e-19,0.10320291243386528,-12.734321558776628,-7.589924295279646,0.017957602499746143,9.302071748647598e-06,64,7298.660607388167,79911562546.73366,79911562498.15543,1.0416666666666667e-06,Exact unknown-amplitude FIM,ordinary,34,-13.256466474732292,False,unknown_amplitude_exact,,,,2.1081819725736271e+18,79911562409.77301,26381438.54281344,quad_over_lin,1e-12,0.45,4.684848827941393e+18,,,,,,,,,,,,
exact_fim_psl,ok,optimal,0.44496709300074144,False,,307.60949084313256,4614142.362646989,0.9999999997077993,3.3571428563079984,1374425.3849600458,79963587179.25043,2.1095544608322998e+18,2.1095544608322998e+18,2.1081819716517217e+18,4.740337443601536e-19,0.10320371633808696,-12.853929899579914,-7.596547612699841,0.01814668703804369,9.30772440209667e-06,63,7212.822224195939,79911562398.178,79911562374.82777,1.0416666666666667e-06,Exact FIM + sampled PSL,ordinary,34,-13.256466474732292,True,unknown_amplitude_exact,,,,2.1081819725736271e+18,79911562409.77301,26381438.54281344,quad_over_lin,1e-12,0.45,4.684848827941393e+18,-13.256466474732292,-13.256466632720592,-12.828486110491548,-7.597301519939422,-1.46484375e-06,-0.42798036424074404,249.0,1985.0,-13.256466474732292,0.2173585239870126,249.0,1.0416666666666667e-06
water_filling,ok,ok,0.0,False,,337.92469873608945,5068870.481041342,0.999999999999375,3.357142857141072,1509876.3135024793,76880290777.12793,2.0282126662904274e+18,2.0282126662904274e+18,2.0274501696525123e+18,4.930449437676504e-19,0.10525287366162252,-13.106537145278704,-8.325018172215984,0.016708293497984722,8.582786277608601e-06,62,5376.129604468377,76851388007.65195,76851388007.60391,1.0416666666666667e-06,Water-filling (comm. only),ordinary,35,-13.256466474732292,False,,,,,,,,,,,,,,,,,,,,,,,
linear_sensing,ok,optimal,0.005018543000915088,False,,331.1948300742781,4967922.451114172,0.9999999993691111,3.3571428553403178,1479806.6883604713,106548749951.41753,2.8109092986569175e+18,2.8109092986569175e+18,2.809341179437928e+18,3.557567654274048e-19,0.08940612888646662,-7.947118409268475,-1.8243822492786514,0.040335615791095895,6.370290542331334e-05,64,7709.750117733514,106489309771.76006,106489309704.57713,1.0416666666666667e-06,Linear S(P) (known-amp. surrogate),ordinary,35,-13.256466474732292,False,known_amplitude_linear,106548750000.0,0.6,177581250000.0,,,,,,,,,,,,,,,,,,,
exact_fim,ok,optimal,0.006670143000519602,False,,337.8432216381449,5067648.324572173,0.9999999993457052,3.3571428552734437,1509512.2677344054,79938205333.25955,2.1088848512221888e+18,2.1088848512221888e+18,2.108181979785099e+18,4.741842587661708e-19,0.10322009957386875,-12.356466026893527,-7.569176768967249,0.01811582685525184,9.16092611140052e-06,64,5161.651881905945,79911562735.41272,79911562683.127,1.0416666666666667e-06,Exact unknown-amplitude FIM,ordinary,35,-13.256466474732292,False,unknown_amplitude_exact,,,,2.1081819725736271e+18,79911562409.77301,26381438.54281344,quad_over_lin,1e-12,0.45,4.684848827941393e+18,,,,,,,,,,,,
exact_fim_psl,ok,optimal,0.4735431279987097,False,,337.80531778150487,5067079.766722573,0.9999999998272187,3.3571428566491965,1509342.9094584568,79934670784.7274,2.1087916047473114e+18,2.1087916047473114e+18,2.108181972187432e+18,4.742052262294672e-19,0.10322238164005394,-12.914182790083316,-7.5488825915499795,0.019246106691583064,9.642471673620924e-06,64,4807.118637739434,79911562408.94131,79911562395.1341,1.0416666666666667e-06,Exact FIM + sampled PSL,ordinary,35,-13.256466474732292,True,unknown_amplitude_exact,,,,2.1081819725736271e+18,79911562409.77301,26381438.54281344,quad_over_lin,1e-12,0.45,4.684848827941393e+18,-13.256466474732292,-13.256466496173292,-12.875098421270255,-7.5487267308824455,-1.46484375e-06,-0.3813680534620367,249.0,1985.0,-13.256466474732292,0.2173585239870126,249.0,1.0416666666666667e-06
water_filling,ok,ok,0.0,False,,311.1982014103381,4667973.021155071,1.0000000000008984,3.357142857145424,1390460.048853639,74578583718.86026,1.967490322989179e+18,1.967490322989179e+18,1.9670382631942853e+18,5.082617120478208e-19,0.10686473294036486,-14.088002062596267,-8.752627242198015,0.01715487970970564,1.0041614336146103e-05,63,-4139.507799039827,74561448193.97495,74561448194.04193,1.0416666666666667e-06,Water-filling (comm. only),ordinary,36,-13.256466474732292,False,,,,,,,,,,,,,,,,,,,,,,,
linear_sensing,ok,optimal,0.005054784000094514,False,,304.0597629665539,4560896.444498308,0.9999999988421062,3.3571428538345893,1358564.8996999844,106548749901.60577,2.810909297342812e+18,2.810909297342812e+18,2.810306342943758e+18,3.5575676559372175e-19,0.08940612890736539,-8.097657408123943,-1.6966612620785075,0.042200764710325356,6.73216290954491e-05,64,-4780.716578544615,106525894773.97354,106525894650.62787,1.0416666666666667e-06,Linear S(P) (known-amp. surrogate),ordinary,36,-13.256466474732292,False,known_amplitude_linear,106548750000.0,0.6,177581250000.0,,,,,,,,,,,,,,,,,,,
exact_fim,ok,optimal,0.00645770499977516,False,,310.9734888704853,4664602.33305728,0.9999999992825823,3.3571428550930924,1389456.0149505262,79925387075.00185,2.1085466871297364e+18,2.1085466871297364e+18,2.1081819703763666e+18,4.742603073974388e-19,0.10322837634860425,-12.682422630378095,-7.416136219098829,0.01982270459984031,1.075536273250824e-05,64,-3718.164671832692,79911562383.81487,79911562326.4849,1.0416666666666667e-06,Exact unknown-amplitude FIM,ordinary,36,-13.256466474732292,False,unknown_amplitude_exact,,,,2.1081819725736271e+18,79911562409.77301,26381438.54281344,quad_over_lin,1e-12,0.45,4.684848827941393e+18,,,,,,,,,,,,
exact_fim_psl,ok,optimal,0.46947130400076276,False,,310.96675189852556,4664501.278477883,0.9999999996840908,3.3571428562402597,1389425.9131116522,79924350360.07762,2.108519337098677e+18,2.108519337098677e+18,2.1081819701996134e+18,4.742664591238704e-19,0.1032290458445141,-12.934019954149106,-7.42332796474345,0.020304239726040455,1.0824589024069303e-05,64,-3576.036954043336,79911562345.02977,79911562319.78497,1.0416666666666667e-06,Exact FIM + sampled PSL,ordinary,36,-13.256466474732292,True,unknown_amplitude_exact,,,,2.1081819725736271e+18,79911562409.77301,26381438.54281344,quad_over_lin,1e-12,0.45,4.684848827941393e+18,-13.256466474732292,-13.256466569696144,-12.893730754934591,-7.423218262351821,-1.46484375e-06,-0.36273571979770125,249.0,1985.0,-13.256466474732292,0.2173585239870126,249.0,1.0416666666666667e-06
water_filling,ok,ok,0.0,False,,306.66181090279963,4599927.163541994,1.0000000000001072,3.3571428571431636,1370191.069991107,80753304566.83237,2.130388341558984e+18,2.130388341558984e+18,2.1303206326262057e+18,4.693979874430856e-19,0.10269784224888964,-10.821157848966692,-6.183911625385015,0.017732284505056976,2.1055913139967348e-05,60,-1602.0414467221608,80750738030.02669,80750738030.03535,1.0416666666666667e-06,Water-filling (comm. only),ordinary,37,-13.256466474732292,False,,,,,,,,,,,,,,,,,,,,,,,
linear_sensing,ok,optimal,0.005390532001911197,False,,301.83064118203504,4527459.617730525,0.9999999990741502,3.357142854497572,1348604.9935781187,106548749932.05835,2.810909298146195e+18,2.810909298146195e+18,2.810447995990003e+18,3.5575676549204334e-19,0.08940612889458886,-7.12271773953427,-1.884250418963792,0.037327149706046975,6.180643695251659e-05,64,-4181.609808869083,106531264170.11287,106531264071.48091,1.0416666666666667e-06,Linear S(P) (known-amp. surrogate),ordinary,37,-13.256466474732292,False,known_amplitude_linear,106548750000.0,0.6,177581250000.0,,,,,,,,,,,,,,,,,,,
exact_fim,ok,optimal,0.006853948998468695,False,,306.6618108424989,4599927.162637483,0.9999999995677755,3.3571428559079304,1370191.070225829,80753284378.332,2.1303878089573025e+18,2.1303878089573025e+18,2.130320007919958e+18,4.693981047936245e-19,0.10269785508623312,-10.82116327726721,-6.183917259678102,0.0177322036848525,2.105586408046112e-05,64,-1603.130706496407,80750714385.17343,80750714350.271,1.0416666666666667e-06,Exact unknown-amplitude FIM,ordinary,37,-13.256466474732292,False,unknown_amplitude_exact,,,,2.1081819725736271e+18,79911562409.77301,26381438.54281344,quad_over_lin,1e-12,0.45,4.684848827941393e+18,,,,,,,,,,,,
exact_fim_psl,ok,optimal,0.4698550550019718,False,,306.184410056009,4592766.150840135,0.999999999772581,3.357142856493089,1368058.0026426974,79911828593.13191,2.1081889948735514e+18,2.1081889948735514e+18,2.10818197114308e+18,4.743407742055782e-19,0.10323713325437883,-12.913797029402136,-6.3021994470822555,0.021858285369852935,2.2309998505848167e-05,64,-515.9821551985217,79911562373.72089,79911562355.54749,1.0416666666666667e-06,Exact FIM + sampled PSL,ordinary,37,-13.256466474732292,True,unknown_amplitude_exact,,,,2.1081819725736271e+18,79911562409.77301,26381438.54281344,quad_over_lin,1e-12,0.45,4.684848827941393e+18,-13.256466474732292,-13.256466474717659,-12.875583475445557,-6.302246739314812,-1.46484375e-06,-0.38088299928673486,249.0,1985.0,-13.256466474732292,0.2173585239870126,249.0,1.0416666666666667e-06
water_filling,ok,ok,0.0,False,,340.058738948277,5100881.084224155,1.000000000000952,3.3571428571455773,1519411.3867889429,77089999614.15198,2.033745087086262e+18,2.033745087086262e+18,2.0337449095209725e+18,4.917037077801603e-19,0.10510961585072912,-13.41771934925041,-8.72015817838133,0.016571345497489176,5.477662825828067e-06,63,-82.04078369028333,77089992883.38841,77089992883.46179,1.0416666666666667e-06,Water-filling (comm. only),ordinary,38,-13.256466474732292,False,,,,,,,,,,,,,,,,,,,,,,,
linear_sensing,ok,optimal,0.005016087998228613,False,,333.50399357115464,5002559.90356732,0.9999999995971297,3.3571428559917993,1490124.227105437,106548749970.92636,2.810909299171589e+18,2.810909299171589e+18,2.810895006456717e+18,3.557567653622665e-19,0.08940612887828159,-7.918228499433884,-2.0884860361061643,0.03903213401865436,5.633830387420679e-05,64,-736.0513751439173,106548208242.22484,106548208199.29973,1.0416666666666667e-06,Linear S(P) (known-amp. surrogate),ordinary,38,-13.256466474732292,False,known_amplitude_linear,106548750000.0,0.6,177581250000.0,,,,,,,,,,,,,,,,,,,
exact_fim,ok,optimal,0.006392783001501812,False,,339.99111425641263,5099866.71384619,0.9999999998379558,3.357142856679874,1519109.234121131,79911572071.28433,2.1081822274581944e+18,2.1081822274581944e+18,2.1081819736398362e+18,4.743422968733049e-19,0.10323729895352741,-12.67241907674781,-7.971384966213337,0.01778658046151629,5.941238214115666e-06,64,-98.08718676364619,79911562463.13733,79911562450.18813,1.0416666666666667e-06,Exact unknown-amplitude FIM,ordinary,38,-13.256466474732292,False,unknown_amplitude_exact,,,,2.1081819725736271e+18,79911562409.77301,26381438.54281344,quad_over_lin,1e-12,0.45,4.684848827941393e+18,,,,,,,,,,,,
exact_fim_psl,ok,optimal,0.4805796620021283,False,,339.9852393424726,5099778.590137089,0.9999999997385858,3.3571428563959596,1519082.9846341198,79911570734.2711,2.1081821921858621e+18,2.1081821921858621e+18,2.108181971648888e+18,4.743423048096015e-19,0.10323729981716727,-12.877850744005164,-7.985863058929656,0.018148049716718538,5.942103416750561e-06,64,-91.43057881623618,79911562395.61038,79911562374.72037,1.0416666666666667e-06,Exact FIM + sampled PSL,ordinary,38,-13.256466474732292,True,unknown_amplitude_exact,,,,2.1081819725736271e+18,79911562409.77301,26381438.54281344,quad_over_lin,1e-12,0.45,4.684848827941393e+18,-13.256466474732292,-13.256466572122223,-12.84617521431472,-7.985798119734452,-1.46484375e-06,-0.4102912604175728,249.0,1985.0,-13.256466474732292,0.2173585239870126,249.0,1.0416666666666667e-06
water_filling,ok,ok,0.0,False,,314.8165234456884,4722247.851685326,0.9999999999998401,3.3571428571424007,1406627.0196511394,75270746884.48938,1.9857505830048228e+18,1.9857505830048228e+18,1.9849526043587592e+18,5.035879171123332e-19,0.10637225301435482,-12.719561599681974,-8.677382434742945,0.016814809951068096,8.446524122979921e-06,63,-5499.793687660307,75240499153.89458,75240499153.88255,1.0416666666666667e-06,Water-filling (comm. only),ordinary,39,-13.256466474732292,False,,,,,,,,,,,,,,,,,,,,,,,
linear_sensing,ok,optimal,0.005333301000064239,False,,307.2691581642527,4609037.372463791,0.999999999008958,3.357142854311309,1372904.750402496,106548749913.50839,2.81090929765682e+18,2.81090929765682e+18,2.808359430643326e+18,3.5575676555398e-19,0.0894061289023716,-7.586695989117468,-2.0481251823485493,0.0431360063971311,5.7497789275895944e-05,64,-9831.26785942353,106452096191.37895,106452096085.88045,1.0416666666666667e-06,Linear S(P) (known-amp. surrogate),ordinary,39,-13.256466474732292,False,known_amplitude_linear,106548750000.0,0.6,177581250000.0,,,,,,,,,,,,,,,,,,,
exact_fim,ok,optimal,0.0067166220032959245,False,,314.6229527018606,4719344.290527909,0.99999999918313,3.357142854808943,1405762.1300707175,79945329067.6665,2.1090727855836406e+18,2.1090727855836406e+18,2.1081819701707254e+18,4.741420053567622e-19,0.1032155006250333,-11.56380342490224,-7.435493082071759,0.019015936241165852,9.762547611179168e-06,64,-5810.9163652667185,79911562383.96732,79911562318.68996,1.0416666666666667e-06,Exact unknown-amplitude FIM,ordinary,39,-13.256466474732292,False,unknown_amplitude_exact,,,,2.1081819725736271e+18,79911562409.77301,26381438.54281344,quad_over_lin,1e-12,0.45,4.684848827941393e+18,,,,,,,,,,,,
exact_fim_psl,ok,optimal,0.4366653859979124,False,,314.38458629453925,4715768.794418089,0.9999999996997153,3.3571428562849013,1404697.0880579916,79945943964.17813,2.1090890074381724e+18,2.1090890074381724e+18,2.1081819704913738e+18,4.741383585392922e-19,0.10321510368823969,-12.849210735112946,-7.3523174426015405,0.021929028999808843,1.1240293716793967e-05,64,-5863.585365983308,79911562354.8405,79911562330.84428,1.0416666666666667e-06,Exact FIM + sampled PSL,ordinary,39,-13.256466474732292,True,unknown_amplitude_exact,,,,2.1081819725736271e+18,79911562409.77301,26381438.54281344,quad_over_lin,1e-12,0.45,4.684848827941393e+18,-13.256466474732292,-13.256466478788656,-12.823203361482577,-7.3522198231278315,-1.46484375e-06,-0.43326311324971556,249.0,1985.0,-13.256466474732292,0.2173585239870126,249.0,1.0416666666666667e-06
water_filling,ok,ok,0.0,False,,307.75497016358156,4616324.552453724,1.0000000000000786,3.357142857143082,1375075.3986031448,78385091828.64682,2.0679114827502336e+18,2.0679114827502336e+18,2.0678942100649684e+18,4.835796930098976e-19,0.10423767953871166,-13.33426194307134,-7.634842660095529,0.017261429719252167,1.1598439298024869e-05,62,809.1530828667902,78384437099.92914,78384437099.9353,1.0416666666666667e-06,Water-filling (comm. only),ordinary,40,-13.256466474732292,False,,,,,,,,,,,,,,,,,,,,,,,
linear_sensing,ok,optimal,0.005117441000038525,False,,302.1255319020337,4531882.978530506,0.9999999993418929,3.357142855262551,1349922.590105592,106548749949.6593,2.8109092986105334e+18,2.8109092986105334e+18,2.8109059471571676e+18,3.557567654332753e-19,0.0894061288872043,-7.911976857574886,-1.9543709762484294,0.038091202720761386,5.9943697909697724e-05,64,356.42433980003386,106548622981.46979,106548622911.34938,1.0416666666666667e-06,Linear S(P) (known-amp. surrogate),ordinary,40,-13.256466474732292,False,known_amplitude_linear,106548750000.0,0.6,177581250000.0,,,,,,,,,,,,,,,,,,,
exact_fim,ok,optimal,0.007149262000893941,False,,307.7364198470366,4616046.297705549,0.9999999993728532,3.357142855351009,1374992.5149440547,79912083800.22522,2.108195727603799e+18,2.108195727603799e+18,2.1081819795698857e+18,4.743392593516979e-19,0.10323696840528165,-12.889582930137287,-7.291767796570935,0.017890957259760906,1.1890299038929938e-05,64,721.8900583116374,79911562725.08553,79911562674.96925,1.0416666666666667e-06,Exact unknown-amplitude FIM,ordinary,40,-13.256466474732292,False,unknown_amplitude_exact,,,,2.1081819725736271e+18,79911562409.77301,26381438.54281344,quad_over_lin,1e-12,0.45,4.684848827941393e+18,,,,,,,,,,,,
exact_fim_psl,ok,optimal,0.40854410600150004,False,,307.7364199439922,4616046.299159883,0.9999999997724662,3.357142856492761,1374992.5149096306,79912084259.24274,2.1081957397133414e+18,2.1081957397133414e+18,2.1081819726861606e+18,4.743392566270784e-19,0.10323696810878347,-12.889489230073412,-7.291794942291796,0.017890871069142826,1.188998945417011e-05,64,722.3885410381356,79911562432.2212,79911562414.03864,1.0416666666666667e-06,Exact FIM + sampled PSL,ordinary,40,-13.256466474732292,True,unknown_amplitude_exact,,,,2.1081819725736271e+18,79911562409.77301,26381438.54281344,quad_over_lin,1e-12,0.45,4.684848827941393e+18,-13.256466474732292,-13.297357726721721,-12.863947289415862,-7.291881047936105,-1.46484375e-06,-0.3925191853164307,249.0,1985.0,-13.256466474732292,0.2173585239870126,249.0,1.0416666666666667e-06
water_filling,ok,ok,0.0,False,,310.5546987926275,4658320.481889413,0.9999999999990703,3.357142857140201,1387584.824393689,81203673083.70364,2.1422697109084416e+18,2.1422697109084416e+18,2.1422664047124992e+18,4.66794631370643e-19,0.10241265697545751,-11.786667590095423,-6.5807861977248026,0.017404703568018157,1.6192971422177213e-05,61,-354.0096148866377,81203547760.97171,81203547760.89621,1.0416666666666667e-06,Water-filling (comm. only),ordinary,41,-13.256466474732292,False,,,,,,,,,,,,,,,,,,,,,,,
linear_sensing,ok,optimal,0.005135755000083009,False,,305.9033611254599,4588550.416881898,0.9999999988620901,3.3571428538916863,1366802.2531608187,106548749914.5232,2.810909297683592e+18,2.810909297683592e+18,2.810908133673503e+18,3.5575676555059166e-19,0.08940612890194582,-7.450367240145331,-2.04016344290629,0.03575400279429983,5.754766927665621e-05,64,210.0531196062829,106548705913.45302,106548705792.21019,1.0416666666666667e-06,Linear S(P) (known-amp. surrogate),ordinary,41,-13.256466474732292,False,known_amplitude_linear,106548750000.0,0.6,177581250000.0,,,,,,,,,,,,,,,,,,,
exact_fim,ok,optimal,0.006329907999315765,False,,310.55469875021294,4658320.481253194,0.9999999996084987,3.357142856024282,1387584.8246654118,81203658781.75212,2.1422693336023867e+18,2.1422693336023867e+18,2.142266026740795e+18,4.667947135846009e-19,0.10241266599414468,-11.786679905705835,-6.580790563810628,0.017404649693510417,1.6192955111953797e-05,64,-354.04525024496104,81203533465.50424,81203533433.71295,1.0416666666666667e-06,Exact unknown-amplitude FIM,ordinary,41,-13.256466474732292,False,unknown_amplitude_exact,,,,2.1081819725736271e+18,79911562409.77301,26381438.54281344,quad_over_lin,1e-12,0.45,4.684848827941393e+18,,,,,,,,,,,,
exact_fim_psl,ok,optimal,0.4833555260011053,False,,310.4726995784983,4657090.493677475,0.9999999997169289,3.357142856334083,1387218.445259402,79911805100.16089,2.10818837509518e+18,2.10818837509518e+18,2.1081819741219154e+18,4.7434091365523835e-19,0.10323714842952597,-12.85130720999734,-6.856077535906025,0.01864229055261835,1.6063331267856796e-05,64,-492.57659242711594,79911562491.0822,79911562468.46155,1.0416666666666667e-06,Exact FIM + sampled PSL,ordinary,41,-13.256466474732292,True,unknown_amplitude_exact,,,,2.1081819725736271e+18,79911562409.77301,26381438.54281344,quad_over_lin,1e-12,0.45,4.684848827941393e+18,-13.256466474732292,-13.25646649366975,-12.824449412780243,-6.855971513550823,-1.46484375e-06,-0.4320170619520489,249.0,1985.0,-13.256466474732292,0.2173585239870126,249.0,1.0416666666666667e-06
water_filling,ok,ok,0.0,False,,289.56872122853895,4343530.818428084,1.0000000000000047,3.3571428571428705,1293817.6905955945,78848512590.57642,2.0801371891005437e+18,2.0801371891005437e+18,2.080092462623491e+18,4.807375231017347e-19,0.10393090715720643,-12.849706750525872,-8.192288152797161,0.01700307335147322,6.0233239921646355e-06,63,-1302.066331508234,78846817213.8444,78846817213.84477,1.0416666666666667e-06,Water-filling (comm. only),ordinary,42,-13.256466474732292,False,,,,,,,,,,,,,,,,,,,,,,,
linear_sensing,ok,optimal,0.0054147990013007075,False,,283.9428499312593,4259142.748968889,0.9999999990680348,3.3571428544800996,1268680.819848066,106548749923.2716,2.810909297914388e+18,2.810909297914388e+18,2.8108113796129603e+18,3.557567655213815e-19,0.08940612889827539,-7.794284637161556,-2.167780970116639,0.037462935413186925,5.423894956339943e-05,64,-1926.560710241872,106545038386.40108,106545038287.10481,1.0416666666666667e-06,Linear S(P) (known-amp. surrogate),ordinary,42,-13.256466474732292,False,known_amplitude_linear,106548750000.0,0.6,177581250000.0,,,,,,,,,,,,,,,,,,,
exact_fim,ok,optimal,0.006518784000945743,False,,289.55936944336565,4343390.541650485,0.9999999990244621,3.3571428543556063,1293775.9070976996,79913210583.0119,2.108225453754637e+18,2.108225453754637e+18,2.108181987080981e+18,4.743325711294555e-19,0.10323624057787896,-12.57664855637407,-7.9268647137560935,0.017295102274565356,6.2060867252008355e-06,64,-1283.597808072364,79911563037.63737,79911562959.68062,1.0416666666666667e-06,Exact unknown-amplitude FIM,ordinary,42,-13.256466474732292,False,unknown_amplitude_exact,,,,2.1081819725736271e+18,79911562409.77301,26381438.54281344,quad_over_lin,1e-12,0.45,4.684848827941393e+18,,,,,,,,,,,,
exact_fim_psl,ok,optimal,0.49216583000088576,False,,289.54813674071,4343222.0511106495,0.9999999997166545,3.357142856333299,1293725.7176640837,79912951411.96222,2.1082186164495178e+18,2.1082186164495178e+18,2.108181971979997e+18,4.743341094692137e-19,0.10323640798392934,-12.86945715153416,-7.924089278170909,0.017843563539364407,6.3933481817009626e-06,64,-1178.5689167000012,79911562409.91377,79911562387.2712,1.0416666666666667e-06,Exact FIM + sampled PSL,ordinary,42,-13.256466474732292,True,unknown_amplitude_exact,,,,2.1081819725736271e+18,79911562409.77301,26381438.54281344,quad_over_lin,1e-12,0.45,4.684848827941393e+18,-13.256466474732292,-13.256466524143518,-12.83930160999223,-7.923938413038513,-1.46484375e-06,-0.4171648647400623,249.0,1985.0,-13.256466474732292,0.2173585239870126,249.0,1.0416666666666667e-06
water_filling,ok,ok,0.0,False,,326.0037636607842,4890056.454911763,0.999999999999971,3.3571428571427746,1456612.561037582,75664010293.22556,1.9961254374535334e+18,1.9961254374535334e+18,1.9944277256312202e+18,5.009705208084041e-19,0.1060954581934394,-13.874155043507269,-9.234661774605447,0.016715562415438256,4.867531418792975e-06,64,8022.001702459967,75599657781.91348,75599657781.91129,1.0416666666666667e-06,Water-filling (comm. only),ordinary,43,-13.256466474732292,False,,,,,,,,,,,,,,,,,,,,,,,
linear_sensing,ok,optimal,0.005377847999625374,False,,318.9506765138193,4784260.147707289,0.9999999994406714,3.3571428555447755,1425098.7680805528,106548749958.03882,2.810909298831597e+18,2.810909298831597e+18,2.8092104399895424e+18,3.5575676540529685e-19,0.08940612888368862,-8.042488340375138,-2.044846402357231,0.040904970677583606,5.766832041713746e-05,64,8024.711187121996,106484354027.99785,106484353968.43811,1.0416666666666667e-06,Linear S(P) (known-amp. surrogate),ordinary,43,-13.256466474732292,False,known_amplitude_linear,106548750000.0,0.6,177581250000.0,,,,,,,,,,,,,,,,,,,
exact_fim,ok,optimal,0.006621339998673648,False,,325.8499224977866,4887748.8374668,0.9999999994011151,3.3571428554317575,1455925.1863704778,79960217073.71777,2.1094655526003072e+18,2.1094655526003072e+18,2.1081819723268797e+18,4.740537235923643e-19,0.10320589119305511,-12.722830594011151,-8.054662077472896,0.018752914801007707,5.291662599864569e-06,64,6975.290196613549,79911562448.27777,79911562400.41994,1.0416666666666667e-06,Exact unknown-amplitude FIM,ordinary,43,-13.256466474732292,False,unknown_amplitude_exact,,,,2.1081819725736271e+18,79911562409.77301,26381438.54281344,quad_over_lin,1e-12,0.45,4.684848827941393e+18,,,,,,,,,,,,
exact_fim_psl,ok,optimal,0.4946436409991293,False,,325.8469760396179,4887704.640594269,0.9999999997101434,3.3571428563146957,1455912.0209617019,79958467433.49753,2.109419394574365e+18,2.109419394574365e+18,2.1081819709498304e+18,4.740640967709403e-19,0.10320702035545772,-12.87173720897571,-8.05559371028764,0.019007179358082278,5.369448834903915e-06,64,6848.728735235904,79911562371.38516,79911562348.22227,1.0416666666666667e-06,Exact FIM + sampled PSL,ordinary,43,-13.256466474732292,True,unknown_amplitude_exact,,,,2.1081819725736271e+18,79911562409.77301,26381438.54281344,quad_over_lin,1e-12,0.45,4.684848827941393e+18,-13.256466474732292,-13.256466634769295,-12.841178746804388,-8.055477997807944,-1.46484375e-06,-0.4152877279279039,249.0,1985.0,-13.256466474732292,0.2173585239870126,249.0,1.0416666666666667e-06
water_filling,ok,ok,0.0,False,,327.0065323030542,4905097.984545813,1.0000000000006852,3.357142857144815,1461093.0166723686,75809906225.15121,1.9999743820152768e+18,1.9999743820152768e+18,1.9966445626283745e+18,5.00006404578217e-19,0.10599331883617111,-12.997603694325585,-9.005399214690128,0.016667951431724504,5.7287659353937245e-06,63,11234.690225483573,75683687960.63669,75683687960.68855,1.0416666666666667e-06,Water-filling (comm. only),ordinary,44,-13.256466474732292,False,,,,,,,,,,,,,,,,,,,,,,,
linear_sensing,ok,optimal,0.005431986002804479,False,,319.6723416817716,4795085.125226574,0.999999999241639,3.3571428549761113,1428323.2297127538,106548749938.28488,2.81090929831046e+18,2.81090929831046e+18,2.799764835147635e+18,3.557567654712535e-19,0.0894061288919765,-7.630560110455403,-1.6225672918828449,0.04414458132360401,7.03362410805233e-05,64,20553.242200405617,106126314254.13876,106126314173.65671,1.0416666666666667e-06,Linear S(P) (known-amp. surrogate),ordinary,44,-13.256466474732292,False,known_amplitude_linear,106548750000.0,0.6,177581250000.0,,,,,,,,,,,,,,,,,,,
exact_fim,ok,optimal,0.00630124500094098,False,,326.8484401365331,4902726.602047997,0.9999999993016119,3.3571428551474627,1460386.6482865664,80024096213.40051,2.1111507761980152e+18,2.1111507761980152e+18,2.108181973667653e+18,4.736753107709845e-19,0.10316469097942302,-11.921856944702164,-7.764528251745778,0.019197070526497138,7.209224110925491e-06,64,10608.193165500088,79911562507.05182,79911562451.24254,1.0416666666666667e-06,Exact unknown-amplitude FIM,ordinary,44,-13.256466474732292,False,unknown_amplitude_exact,,,,2.1081819725736271e+18,79911562409.77301,26381438.54281344,quad_over_lin,1e-12,0.45,4.684848827941393e+18,,,,,,,,,,,,
exact_fim_psl,ok,optimal,0.46993370900236187,False,,326.72898850212755,4900934.827531913,0.9999999997101181,3.3571428563146233,1459852.927710089,80014830663.99194,2.1109063376757276e+18,2.1109063376757276e+18,2.1081819702987768e+18,4.737301613775426e-19,0.10317066393383038,-12.8692691619082,-7.731946873523411,0.021697928767605516,8.008594563246735e-06,64,10162.103152304451,79911562346.70872,79911562323.54381,1.0416666666666667e-06,Exact FIM + sampled PSL,ordinary,44,-13.256466474732292,True,unknown_amplitude_exact,,,,2.1081819725736271e+18,79911562409.77301,26381438.54281344,quad_over_lin,1e-12,0.45,4.684848827941393e+18,-13.256466474732292,-13.256466488012194,-12.83945698208357,-7.731975324180701,-1.46484375e-06,-0.417009492648722,249.0,1985.0,-13.256466474732292,0.2173585239870126,249.0,1.0416666666666667e-06
water_filling,ok,ok,0.0,False,,323.6352667110977,4854529.000666466,0.9999999999994125,3.3571428571411785,1446029.9150928617,77888774568.66156,2.0548179194581952e+18,2.0548179194581952e+18,2.0548085111578301e+18,4.866611248278754e-19,0.10456926008977709,-12.856312056891584,-8.272397504431966,0.01680620027971536,7.098561358491355e-06,63,597.1815069310085,77888417942.9551,77888417942.90933,1.0416666666666667e-06,Water-filling (comm. only),ordinary,45,-13.256466474732292,False,,,,,,,,,,,,,,,,,,,,,,,
linear_sensing,ok,optimal,0.005199474999244558,False,,317.46889005245896,4762033.350786884,0.9999999990121043,3.357142854320298,1418478.0205759301,106548749923.50403,2.8109092979205197e+18,2.8109092979205197e+18,2.810907907745526e+18,3.5575676552060546e-19,0.08940612889817788,-7.824573625295174,-2.0856691043679234,0.038614548424466454,5.6412199637275333e-05,64,229.55433559606405,106548697333.57008,106548697228.3111,1.0416666666666667e-06,Linear S(P) (known-amp. surrogate),ordinary,45,-13.256466474732292,False,known_amplitude_linear,106548750000.0,0.6,177581250000.0,,,,,,,,,,,,,,,,,,,
exact_fim,ok,optimal,0.007125316999008646,False,,323.6006858782211,4854010.288173316,0.9999999992962479,3.357142855132137,1445875.4058537858,79911841293.67146,2.1081893299320548e+18,2.1081893299320548e+18,2.1081819765920248e+18,4.743406988177049e-19,0.10323712505054243,-12.358653023219304,-7.786943609186321,0.0176246706029473,7.3116603095195545e-06,64,527.9503570608751,79911562618.33006,79911562562.09213,1.0416666666666667e-06,Exact unknown-amplitude FIM,ordinary,45,-13.256466474732292,False,unknown_amplitude_exact,,,,2.1081819725736271e+18,79911562409.77301,26381438.54281344,quad_over_lin,1e-12,0.45,4.684848827941393e+18,,,,,,,,,,,,
exact_fim_psl,ok,optimal,0.45286634099829826,False,,323.56493851930486,4853474.077789573,0.9999999996658749,3.357142856188214,1445715.6831569364,79912094815.73923,2.108196018208905e+18,2.108196018208905e+18,2.1081819711992548e+18,4.743391939662169e-19,0.10323696128991124,-12.897012179467705,-7.773441094379243,0.01869087392175971,7.712375672154592e-06,64,729.6972403592664,79911562384.37727,79911562357.67682,1.0416666666666667e-06,Exact FIM + sampled PSL,ordinary,45,-13.256466474732292,True,unknown_amplitude_exact,,,,2.1081819725736271e+18,79911562409.77301,26381438.54281344,quad_over_lin,1e-12,0.45,4.684848827941393e+18,-13.256466474732292,-13.256466513705142,-12.861749048876447,-7.7734036917738205,-1.46484375e-06,-0.3947174258558448,249.0,1985.0,-13.256466474732292,0.2173585239870126,249.0,1.0416666666666667e-06
water_filling,ok,ok,0.0,False,,315.06208152757654,4725931.222913648,1.0000000000007614,3.357142857145033,1407724.1940584723,73526721205.4421,1.9397406767359478e+18,1.9397406767359478e+18,1.9394527366796485e+18,5.155328297196542e-19,0.10762641410445964,-13.860072760788745,-9.499675617919536,0.016877004921203913,6.85060975463097e-06,63,-3303.709148354425,73515806711.24919,73515806711.30516,1.0416666666666667e-06,Water-filling (comm. only),ordinary,46,-13.256466474732292,False,,,,,,,,,,,,,,,,,,,,,,,
linear_sensing,ok,optimal,0.005581544002779992,False,,307.03725994140495,4605558.899121074,0.9999999991436423,3.357142854696121,1371868.609248669,106548749927.85844,2.8109092980353956e+18,2.8109092980353956e+18,2.809918270514987e+18,3.557567655060664e-19,0.08940612889635095,-7.917587692275557,-1.8672173434205195,0.044525388167162346,6.238468426663176e-05,64,-6129.056444558677,106511184686.20169,106511184594.99002,1.0416666666666667e-06,Linear S(P) (known-amp. surrogate),ordinary,46,-13.256466474732292,False,known_amplitude_linear,106548750000.0,0.6,177581250000.0,,,,,,,,,,,,,,,,,,,
exact_fim,ok,optimal,0.03993519299910986,False,,314.71379938940845,4720706.990841127,0.9999999992963309,3.3571428551323743,1406168.0406671246,79926685706.95493,2.1085809469087967e+18,2.1085809469087967e+18,2.108181969889702e+18,4.742526017158655e-19,0.1032275377287407,-12.169370261358786,-7.639579630633891,0.020362564081706495,8.372955861628012e-06,64,-3888.881449456876,79911562364.26894,79911562308.03764,1.0416666666666667e-06,Exact unknown-amplitude FIM,ordinary,46,-13.256466474732292,False,unknown_amplitude_exact,,,,2.1081819725736271e+18,79911562409.77301,26381438.54281344,quad_over_lin,1e-12,0.45,4.684848827941393e+18,,,,,,,,,,,,
exact_fim_psl,ok,optimal,0.4479349719986203,False,,314.65187510562816,4719778.126584423,0.9999999996520399,3.357142856148686,1405891.3572712697,79926062286.17197,2.108564500171725e+18,2.108564500171725e+18,2.1081819702327424e+18,4.742563008713076e-19,0.10322794031373653,-12.866159810794283,-7.597737340505134,0.02179703163659763,9.124139870855084e-06,64,-3807.8819750989205,79911562348.84676,79911562321.04073,1.0416666666666667e-06,Exact FIM + sampled PSL,ordinary,46,-13.256466474732292,True,unknown_amplitude_exact,,,,2.1081819725736271e+18,79911562409.77301,26381438.54281344,quad_over_lin,1e-12,0.45,4.684848827941393e+18,-13.256466474732292,-13.256466500679178,-12.836677170910491,-7.597676747068451,-1.46484375e-06,-0.41978930382180124,249.0,1985.0,-13.256466474732292,0.2173585239870126,249.0,1.0416666666666667e-06
water_filling,ok,ok,0.0,False,,308.7500246631014,4631250.369946521,1.0000000000009464,3.3571428571455613,1379521.3867914695,75648271044.05804,1.9957102134189107e+18,1.9957102134189107e+18,1.9936392800670513e+18,5.010747518733544e-19,0.10610649463869344,-14.349950592989856,-7.744524522572201,0.017464348565221856,1.6233351122731868e-05,62,-8860.002093830419,75569771406.88377,75569771406.95529,1.0416666666666667e-06,Water-filling (comm. only),ordinary,47,-13.256466474732292,False,,,,,,,,,,,,,,,,,,,,,,,
linear_sensing,ok,optimal,0.005603041001450038,False,,302.162578937012,4532438.684055179,0.9999999992638824,3.357142855039664,1350088.1195005416,106548749940.54417,2.8109092983700634e+18,2.8109092983700634e+18,2.8088940136380447e+18,3.5575676546370992e-19,0.08940612889102859,-8.239907535903294,-1.5653500729848988,0.04124569823138272,7.140783528389316e-05,64,-8740.151704291922,106472359767.16255,106472359688.78638,1.0416666666666667e-06,Linear S(P) (known-amp. surrogate),ordinary,47,-13.256466474732292,False,known_amplitude_linear,106548750000.0,0.6,177581250000.0,,,,,,,,,,,,,,,,,,,
exact_fim,ok,optimal,0.006750950000423472,False,,308.60505983182117,4629075.897477318,0.9999999992764066,3.3571428550754474,1378873.6724381319,79973457184.76648,2.109814845776239e+18,2.109814845776239e+18,2.108181974616388e+18,4.739752410037108e-19,0.10319734764579906,-13.114757927432388,-6.81711733700613,0.019514380424953244,1.683073529056174e-05,64,-7867.318323706248,79911562545.02823,79911562487.20474,1.0416666666666667e-06,Exact unknown-amplitude FIM,ordinary,47,-13.256466474732292,False,unknown_amplitude_exact,,,,2.1081819725736271e+18,79911562409.77301,26381438.54281344,quad_over_lin,1e-12,0.45,4.684848827941393e+18,,,,,,,,,,,,
exact_fim_psl,ok,optimal,0.4383971710012702,False,,308.605059963542,4629075.89945313,0.999999999857615,3.357142856736043,1378873.672344618,79973469073.29788,2.1098151594127992e+18,2.1098151594127992e+18,2.108181972061313e+18,4.739751705444749e-19,0.1031973399753493,-13.114729261012549,-6.817039322398211,0.019514388715095875,1.683151786269072e-05,64,-7868.080004243503,79911562401.73172,79911562390.35352,1.0416666666666667e-06,Exact FIM + sampled PSL,ordinary,47,-13.256466474732292,False,unknown_amplitude_exact,,,,2.1081819725736271e+18,79911562409.77301,26381438.54281344,quad_over_lin,1e-12,0.45,4.684848827941393e+18,-13.256466474732292,-13.526115743170479,-13.089877280960302,-6.817334551603169,-1.46484375e-06,-0.16658919377199055,249.0,1985.0,-13.256466474732292,0.2173585239870126,249.0,1.0416666666666667e-06
water_filling,ok,ok,0.0,False,,317.45721419513234,4761858.212926985,1.0000000000009766,3.3571428571456474,1418425.850657923,77943829991.52042,2.056270360712795e+18,2.056270360712795e+18,2.0545731273882742e+18,4.863173730001903e-19,0.10453232245262774,-12.975585985105567,-8.351205096752684,0.01687779541815692,6.651175371084601e-06,63,8020.871127594941,77879495617.79881,77879495617.87486,1.0416666666666667e-06,Water-filling (comm. only),ordinary,48,-13.256466474732292,False,,,,,,,,,,,,,,,,,,,,,,,
linear_sensing,ok,optimal,0.005060440002125688,False,,311.46811354617597,4672021.703192639,0.9999999991366786,3.3571428546762245,1391666.0402713863,106548749932.5788,2.810909298159925e+18,2.810909298159925e+18,2.8094246841337743e+18,3.5575676549030557e-19,0.08940612889437051,-7.758393456252788,-2.111740054821642,0.037507338018558475,5.598076207253792e-05,64,7501.66287735243,106492475078.63918,106492474986.70193,1.0416666666666667e-06,Linear S(P) (known-amp. surrogate),ordinary,48,-13.256466474732292,False,known_amplitude_linear,106548750000.0,0.6,177581250000.0,,,,,,,,,,,,,,,,,,,
exact_fim,ok,optimal,0.006952769002964487,False,,317.4233365990425,4761350.048985638,0.9999999998402938,3.3571428566865538,1418274.482869345,79968021472.82356,2.1096714438756803e+18,2.1096714438756803e+18,2.1081819726109166e+18,4.740074587931563e-19,0.10320085493229063,-12.459328608744308,-7.827462285103969,0.017639911791370883,7.091631985328672e-06,64,7513.924516928918,79911562423.94885,79911562411.18648,1.0416666666666667e-06,Exact unknown-amplitude FIM,ordinary,48,-13.256466474732292,False,unknown_amplitude_exact,,,,2.1081819725736271e+18,79911562409.77301,26381438.54281344,quad_over_lin,1e-12,0.45,4.684848827941393e+18,,,,,,,,,,,,
exact_fim_psl,ok,optimal,0.48141644800125505,False,,317.4019005835554,4761028.508753331,0.9999999997216572,3.357142856347592,1418178.7050709836,79963895864.20174,2.1095626043853722e+18,2.1095626043853722e+18,2.1081819714714634e+18,4.740319144457688e-19,0.10320351713903247,-12.858927630486335,-7.863142745280324,0.018182226796581533,7.011982012325342e-06,64,7234.189396284326,79911562390.23781,79911562367.995,1.0416666666666667e-06,Exact FIM + sampled PSL,ordinary,48,-13.256466474732292,True,unknown_amplitude_exact,,,,2.1081819725736271e+18,79911562409.77301,26381438.54281344,quad_over_lin,1e-12,0.45,4.684848827941393e+18,-13.256466474732292,-13.256466518570528,-12.832024392560488,-7.863644150625061,-1.46484375e-06,-0.42444208217180446,249.0,1985.0,-13.256466474732292,0.2173585239870126,249.0,1.0416666666666667e-06
water_filling,ok,ok,0.0,False,,320.5638671448337,4808458.007172505,0.9999999999993372,3.3571428571409636,1432306.640435171,77514581626.41266,2.0449461713491013e+18,2.0449461713491013e+18,2.04473048295004e+18,4.890104267831536e-19,0.10482135439971914,-12.78258455313775,-8.398677810587925,0.016817028610878644,6.705264651649337e-06,63,2859.329182980543,77506405863.0874,77506405863.03603,1.0416666666666667e-06,Water-filling (comm. only),ordinary,49,-13.256466474732292,False,,,,,,,,,,,,,,,,,,,,,,,
linear_sensing,ok,optimal,0.00485822400150937,False,,314.24506421945887,4713675.9632918835,0.9999999990515682,3.3571428544330524,1404073.6923266614,106548749925.98366,2.8109092979859354e+18,2.8109092979859354e+18,2.810647063301902e+18,3.5575676551232627e-19,0.08940612889713755,-7.772893832642601,-2.1171524251792517,0.03912100260643228,5.5574353936564586e-05,64,3152.79570146004,106538809906.30273,106538809805.25793,1.0416666666666667e-06,Linear S(P) (known-amp. surrogate),ordinary,49,-13.256466474732292,False,known_amplitude_linear,106548750000.0,0.6,177581250000.0,,,,,,,,,,,,,,,,,,,
exact_fim,ok,optimal,0.0064118249974853825,False,,320.5151134323196,4807726.701484794,0.999999999372903,3.3571428553511513,1432088.8054619033,79918693441.2031,2.1083700994410468e+18,2.1083700994410468e+18,2.10818197489486e+18,4.743000293283952e-19,0.10323269923259777,-12.200617238306064,-7.820934552491451,0.017900428094348345,6.894651867815651e-06,64,2670.3826405978716,79911562547.87267,79911562497.76036,1.0416666666666667e-06,Exact unknown-amplitude FIM,ordinary,49,-13.256466474732292,False,unknown_amplitude_exact,,,,2.1081819725736271e+18,79911562409.77301,26381438.54281344,quad_over_lin,1e-12,0.45,4.684848827941393e+18,,,,,,,,,,,,
exact_fim_psl,ok,optimal,0.49756646400055615,False,,320.45575229929284,4806836.284489392,0.999999999718779,3.357142856339369,1431823.5744459115,79917073878.53314,2.1083273730480033e+18,2.1083273730480033e+18,2.108181972492232e+18,4.743096412746862e-19,0.10323374526050413,-12.886514691809978,-7.809763613373968,0.019278330242918983,7.364034106378012e-06,64,2347.6524118821208,79911562429.16049,79911562406.68768,1.0416666666666667e-06,Exact FIM + sampled PSL,ordinary,49,-13.256466474732292,True,unknown_amplitude_exact,,,,2.1081819725736271e+18,79911562409.77301,26381438.54281344,quad_over_lin,1e-12,0.45,4.684848827941393e+18,-13.256466474732292,-13.256466496852825,-12.852870220581107,-7.809605288661152,-1.46484375e-06,-0.4035962541511857,249.0,1985.0,-13.256466474732292,0.2173585239870126,249.0,1.0416666666666667e-06
water_filling,ok,ok,0.0,False,,316.29117262249963,4744367.589337494,0.9999999999991026,3.3571428571402935,1413215.8776760774,76421532148.18417,2.016109953714962e+18,2.016109953714962e+18,2.0148293185242125e+18,4.960046936712759e-19,0.10556831758567863,-13.13909955061414,-9.033212281080115,0.016867215618077577,4.594195109988416e-06,64,6967.28344816803,76372989109.60564,76372989109.5371,1.0416666666666667e-06,Water-filling (comm. only),ordinary,50,-13.256466474732292,False,,,,,,,,,,,,,,,,,,,,,,,
linear_sensing,ok,optimal,0.005412159000115935,False,,309.677822335391,4645167.335030865,0.9999999991267323,3.357142854647807,1383666.8667822247,106548749932.92947,2.8109092981691766e+18,2.8109092981691766e+18,2.809628517950127e+18,3.557567654891347e-19,0.08940612889422338,-7.800669733465055,-2.06394439581633,0.03949824545490141,5.7189616327917695e-05,64,6967.677952575556,106500201489.92426,106500201396.92107,1.0416666666666667e-06,Linear S(P) (known-amp. surrogate),ordinary,50,-13.256466474732292,False,known_amplitude_linear,106548750000.0,0.6,177581250000.0,,,,,,,,,,,,,,,,,,,
exact_fim,ok,optimal,0.006382921001204522,False,,316.1889082892819,4742833.6243392285,0.9999999996613642,3.3571428561753267,1412758.952337992,79950154052.17412,2.1092000756158984e+18,2.1092000756158984e+18,2.1081819804794286e+18,4.741133909299687e-19,0.10321238605501554,-12.254093620380356,-8.067807294894,0.018434108735628337,5.078663834389815e-06,64,6212.193070189946,79911562736.50679,79911562709.44588,1.0416666666666667e-06,Exact unknown-amplitude FIM,ordinary,50,-13.256466474732292,False,unknown_amplitude_exact,,,,2.1081819725736271e+18,79911562409.77301,26381438.54281344,quad_over_lin,1e-12,0.45,4.684848827941393e+18,,,,,,,,,,,,
exact_fim_psl,ok,optimal,0.4928824490016268,False,,316.1375981502468,4742063.972253702,0.9999999996996314,3.3571428562846615,1412529.6942238936,79946218175.03409,2.1090962415150164e+18,2.1090962415150164e+18,2.1081819709501046e+18,4.74136732272433e-19,0.10321492667720124,-12.9149530230619,-8.088272810685957,0.019418527660317295,5.27207462727335e-06,64,5886.919976679831,79911562372.2356,79911562348.23267,1.0416666666666667e-06,Exact FIM + sampled PSL,ordinary,50,-13.256466474732292,True,unknown_amplitude_exact,,,,2.1081819725736271e+18,79911562409.77301,26381438.54281344,quad_over_lin,1e-12,0.45,4.684848827941393e+18,-13.256466474732292,-13.256466502917538,-12.8762544320873,-8.088373001270918,-1.46484375e-06,-0.38021204264499175,249.0,1985.0,-13.256466474732292,0.2173585239870126,249.0,1.0416666666666667e-06
water_filling,ok,ok,0.0,False,,339.9526080909054,5099289.121363581,0.9999999999998114,3.3571428571423185,1518937.1850872678,76705657352.12067,2.0236055853210775e+18,2.0236055853210775e+18,2.023497221725196e+18,4.941674441174928e-19,0.10537261854530018,-13.461254803685776,-9.512141369899485,0.01634569597232627,1.2078700986632686e-06,64,-2026.7139992687974,76701549782.5003,76701549782.48584,1.0416666666666667e-06,Water-filling (comm. only),ordinary,51,-13.256466474732292,False,,,,,,,,,,,,,,,,,,,,,,,
linear_sensing,ok,optimal,0.005030278000049293,False,,333.06790728735143,4996018.609310271,0.9999999995486064,3.3571428558531613,1488175.7565364663,106548749968.53769,2.810909299108572e+18,2.810909299108572e+18,2.8108009400524457e+18,3.557567653702421e-19,0.08940612887928377,-7.949620237914886,-2.1823112345602462,0.039224238822389366,5.390722427163538e-05,64,-2026.6715459766024,106544642619.07784,106544642570.98427,1.0416666666666667e-06,Linear S(P) (known-amp. surrogate),ordinary,51,-13.256466474732292,False,known_amplitude_linear,106548750000.0,0.6,177581250000.0,,,,,,,,,,,,,,,,,,,
exact_fim,ok,optimal,0.006400182999641402,False,,339.8627701157007,5097941.55173551,0.9999999994645883,3.3571428556131098,1518535.7820599747,79914895514.40549,2.1082699046686456e+18,2.1082699046686456e+18,2.1081819735312003e+18,4.743225702674766e-19,0.10323515225198884,-12.621834211597314,-8.534989975973774,0.01755627700294434,1.7228099987308926e-06,64,-1825.669284684255,79911562488.85582,79911562446.07024,1.0416666666666667e-06,Exact unknown-amplitude FIM,ordinary,51,-13.256466474732292,False,unknown_amplitude_exact,,,,2.1081819725736271e+18,79911562409.77301,26381438.54281344,quad_over_lin,1e-12,0.45,4.684848827941393e+18,,,,,,,,,,,,
exact_fim_psl,ok,optimal,0.49951900800078874,False,,339.85351033339526,5097802.655000929,0.9999999998851656,3.357142856814759,1518494.4080210214,79914803401.91632,2.1082674746086738e+18,2.1082674746086738e+18,2.1081819732779963e+18,4.74323116987618e-19,0.10323521174812535,-12.881361882835245,-8.536220133634792,0.018052514949658555,1.857907782235399e-06,64,-1800.2681589861286,79911562445.64902,79911562436.47243,1.0416666666666667e-06,Exact FIM + sampled PSL,ordinary,51,-13.256466474732292,True,unknown_amplitude_exact,,,,2.1081819725736271e+18,79911562409.77301,26381438.54281344,quad_over_lin,1e-12,0.45,4.684848827941393e+18,-13.256466474732292,-13.256466510075231,-12.848764470551233,-8.536080076553773,-1.46484375e-06,-0.4077020041810595,249.0,1985.0,-13.256466474732292,0.2173585239870126,249.0,1.0416666666666667e-06
water_filling,ok,ok,0.0,False,,302.5440095226692,4538160.142840038,0.9999999999992661,3.3571428571407607,1351792.3829744726,74887097556.32584,1.9756293618318845e+18,1.9756293618318845e+18,1.9742329719390712e+18,5.061678163523339e-19,0.10664437939438798,-13.669548749164349,-8.219198468530903,0.017379895699300395,1.3222144455149802e-05,62,7275.35369613375,74834166784.97694,74834166784.92203,1.0416666666666667e-06,Water-filling (comm. only),ordinary,52,-13.256466474732292,False,,,,,,,,,,,,,,,,,,,,,,,
linear_sensing,ok,optimal,0.005536447999475058,False,,295.5462068091358,4433193.102137038,0.999999998959937,3.3571428541712485,1320525.60606076,106548749911.98425,2.8109092976166113e+18,2.8109092976166113e+18,2.808585430947179e+18,3.5575676555906898e-19,0.08940612890301106,-7.9623763027240955,-1.6840387901465426,0.04248081644379285,6.772909418641355e-05,64,9385.477374349304,106460662837.25725,106460662726.53145,1.0416666666666667e-06,Linear S(P) (known-amp. surrogate),ordinary,52,-13.256466474732292,False,known_amplitude_linear,106548750000.0,0.6,177581250000.0,,,,,,,,,,,,,,,,,,,
exact_fim,ok,optimal,0.006621538999752374,False,,302.3382095126253,4535073.14268938,0.999999999380321,3.357142855372346,1350872.8517262896,79960289153.30038,2.109467454163386e+18,2.109467454163386e+18,2.108181971080688e+18,4.740532962603111e-19,0.10320584467596948,-12.364611465972313,-7.033680626020905,0.020052019815014623,1.4155608846590331e-05,64,6980.458448274768,79911562402.70201,79911562353.1825,1.0416666666666667e-06,Exact unknown-amplitude FIM,ordinary,52,-13.256466474732292,False,unknown_amplitude_exact,,,,2.1081819725736271e+18,79911562409.77301,26381438.54281344,quad_over_lin,1e-12,0.45,4.684848827941393e+18,,,,,,,,,,,,
exact_fim_psl,ok,optimal,0.42584912500024075,False,,302.30481747961767,4534572.262194265,0.999999999710328,3.3571428563152232,1350723.6529014972,79953224148.80371,2.1092810691814525e+18,2.1092810691814525e+18,2.1081819735114268e+18,4.740951856113085e-19,0.10321040442735852,-12.931413157865288,-7.031678654492417,0.021406816646701403,1.448432980240056e-05,64,6454.587786611574,79911562468.46884,79911562445.32071,1.0416666666666667e-06,Exact FIM + sampled PSL,ordinary,52,-13.256466474732292,True,unknown_amplitude_exact,,,,2.1081819725736271e+18,79911562409.77301,26381438.54281344,quad_over_lin,1e-12,0.45,4.684848827941393e+18,-13.256466474732292,-13.256466507288163,-12.889884455141669,-7.031541241635932,-1.46484375e-06,-0.36658201959062353,249.0,1985.0,-13.256466474732292,0.2173585239870126,249.0,1.0416666666666667e-06
water_filling,ok,ok,0.0,False,,332.848614074986,4992729.21112479,1.0000000000000628,3.357142857143037,1487195.935228581,76489259917.3689,2.0178967096953508e+18,2.0178967096953508e+18,2.016300772099874e+18,4.955655040197641e-19,0.10552156925731869,-13.871391394387881,-9.024821397437982,0.01657685189249491,4.8554503523695205e-06,63,-7777.834827474997,76428765202.7606,76428765202.76541,1.0416666666666667e-06,Water-filling (comm. only),ordinary,53,-13.256466474732292,False,,,,,,,,,,,,,,,,,,,,,,,
linear_sensing,ok,optimal,0.005440329998236848,False,,326.03546604464486,4890531.990669673,0.9999999993403595,3.35714285525817,1456754.2108045274,106548749951.61125,2.810909298662029e+18,2.810909298662029e+18,2.809417173760565e+18,3.5575676542675792e-19,0.08940612888638534,-8.067478259077898,-2.051854044860932,0.03989173904903632,5.756724478183991e-05,64,-7520.614930808814,106492190372.95761,106492190302.71106,1.0416666666666667e-06,Linear S(P) (known-amp. surrogate),ordinary,53,-13.256466474732292,False,known_amplitude_linear,106548750000.0,0.6,177581250000.0,,,,,,,,,,,,,,,,,,,
exact_fim,ok,optimal,0.00628030299776583,False,,332.74591546135656,4991188.7319203485,0.9999999994663844,3.357142855618241,1486737.069757845,79960642351.54874,2.1094767720412685e+18,2.1094767720412685e+18,2.1081819732025876e+18,4.740512022952186e-19,0.10320561673780677,-12.900183587015256,-8.054539106111438,0.01821949504322168,5.467109231768542e-06,64,-7005.7061000937365,79911562476.25609,79911562433.61403,1.0416666666666667e-06,Exact unknown-amplitude FIM,ordinary,53,-13.256466474732292,False,unknown_amplitude_exact,,,,2.1081819725736271e+18,79911562409.77301,26381438.54281344,quad_over_lin,1e-12,0.45,4.684848827941393e+18,,,,,,,,,,,,
exact_fim_psl,ok,optimal,0.4302821640012553,False,,332.7459155761581,4991188.733642371,0.9999999999127125,3.3571428568934643,1486737.0697060456,79960642008.03285,2.1094767629788252e+18,2.1094767629788252e+18,2.1081819723035348e+18,4.74051204331772e-19,0.10320561695949565,-12.90024929019957,-8.054577200872632,0.018219506525627007,5.466847570012397e-06,64,-7005.684013863967,79911562406.51031,79911562399.53503,1.0416666666666667e-06,Exact FIM + sampled PSL,ordinary,53,-13.256466474732292,True,unknown_amplitude_exact,,,,2.1081819725736271e+18,79911562409.77301,26381438.54281344,quad_over_lin,1e-12,0.45,4.684848827941393e+18,-13.256466474732292,-13.302242445806545,-12.87367207299354,-8.05484372338489,-1.46484375e-06,-0.382794401738753,249.0,1985.0,-13.256466474732292,0.2173585239870126,249.0,1.0416666666666667e-06
water_filling,ok,ok,0.0,False,,320.7972631084542,4811958.946626813,0.9999999999998221,3.357142857142349,1433349.473463523,75840923064.37872,2.0007926508531494e+18,2.0007926508531494e+18,2.0006971515957494e+18,4.998019157925207e-19,0.1059716424522512,-14.240910960526298,-8.090898400897654,0.01718883300569256,1.2690386543188309e-05,62,-1902.6143176801388,75837303123.15038,75837303123.13689,1.0416666666666667e-06,Water-filling (comm. only),ordinary,54,-13.256466474732292,False,,,,,,,,,,,,,,,,,,,,,,,
linear_sensing,ok,optimal,0.005441264002001844,False,,314.08344352042894,4711251.652806434,0.9999999994825246,3.3571428556643563,1403351.5567731503,106548749957.25877,2.810909298811019e+18,2.810909298811019e+18,2.809929171723346e+18,3.5575676540790134e-19,0.0894061288840159,-8.18017703182458,-1.5208953044691564,0.04178999880668386,7.249408973695288e-05,64,-6095.256122871203,106511597865.19173,106511597810.0746,1.0416666666666667e-06,Linear S(P) (known-amp. surrogate),ordinary,54,-13.256466474732292,False,known_amplitude_linear,106548750000.0,0.6,177581250000.0,,,,,,,,,,,,,,,,,,,
exact_fim,ok,optimal,0.006216546000359813,False,,320.66331688624615,4809949.753293692,0.9999999994499064,3.357142855571161,1432750.9910135656,79916386068.28189,2.1083092276241303e+18,2.1083092276241303e+18,2.1081819727699387e+18,4.743137234792202e-19,0.10323418950654042,-13.064043011877231,-7.108405164283863,0.01934246564196477,1.3750355924540082e-05,64,-2196.281191070841,79911562461.17314,79911562417.2143,1.0416666666666667e-06,Exact unknown-amplitude FIM,ordinary,54,-13.256466474732292,False,unknown_amplitude_exact,,,,2.1081819725736271e+18,79911562409.77301,26381438.54281344,quad_over_lin,1e-12,0.45,4.684848827941393e+18,,,,,,,,,,,,
exact_fim_psl,ok,optimal,0.4596605940023437,False,,320.66331695887976,4809949.754383196,0.9999999997228558,3.357142856351017,1432750.9910052742,79916396719.77083,2.108309508625732e+18,2.108309508625732e+18,2.1081819711083697e+18,4.743136602613124e-19,0.1032341826268642,-13.064036450349544,-7.108414152190202,0.019341651839249772,1.3750266826406753e-05,64,-2198.7190680959475,79911562376.37878,79911562354.23177,1.0416666666666667e-06,Exact FIM + sampled PSL,ordinary,54,-13.256466474732292,False,unknown_amplitude_exact,,,,2.1081819725736271e+18,79911562409.77301,26381438.54281344,quad_over_lin,1e-12,0.45,4.684848827941393e+18,-13.256466474732292,-13.466357053081614,-13.036346718801335,-7.108262710868102,-1.46484375e-06,-0.22011975593095734,249.0,1985.0,-13.256466474732292,0.2173585239870126,249.0,1.0416666666666667e-06
water_filling,ok,ok,0.0,False,,355.3204572609403,5329806.858914104,1.0000000000001996,3.357142857143428,1587602.043080527,76345242800.17462,2.014097330968977e+18,2.014097330968977e+18,2.0139152269855956e+18,4.965003352240691e-19,0.10562104992935809,-13.407272285554928,-9.26954799483095,0.016436426756929023,3.2420972546450167e-06,64,-2627.304963019729,76338340068.79066,76338340068.80591,1.0416666666666667e-06,Water-filling (comm. only),ordinary,55,-13.256466474732292,False,,,,,,,,,,,,,,,,,,,,,,,
linear_sensing,ok,optimal,0.00577411199992639,False,,348.35302313901116,5225295.347085168,0.9999999994404121,3.357142855544035,1556470.9551921624,106548749964.2298,2.810909298994924e+18,2.810909298994924e+18,2.8107272758243333e+18,3.5575676538462575e-19,0.08940612888109117,-7.918248465499243,-2.0922262698039544,0.040055801711482424,5.627888258192692e-05,64,-2626.72193585525,106541850355.7249,106541850296.10536,1.0416666666666667e-06,Linear S(P) (known-amp. surrogate),ordinary,55,-13.256466474732292,False,known_amplitude_linear,106548750000.0,0.6,177581250000.0,,,,,,,,,,,,,,,,,,,
exact_fim,ok,optimal,0.006779226001526695,False,,355.2106286957377,5328159.430436065,0.9999999995276917,3.357142855793405,1587111.320342322,79917035255.2117,2.108326354109223e+18,2.108326354109223e+18,2.1081819737256668e+18,4.743098705050833e-19,0.10323377020655995,-12.48670262829833,-8.24908053023538,0.018211109044902155,3.7456049337594203e-06,64,-2339.402011780255,79911562491.18445,79911562453.44156,1.0416666666666667e-06,Exact unknown-amplitude FIM,ordinary,55,-13.256466474732292,False,unknown_amplitude_exact,,,,2.1081819725736271e+18,79911562409.77301,26381438.54281344,quad_over_lin,1e-12,0.45,4.684848827941393e+18,,,,,,,,,,,,
exact_fim_psl,ok,optimal,0.4903134300002421,False,,355.18926948367124,5327839.042255068,0.9999999997082923,3.357142856309407,1587015.885321037,79916752483.10268,2.1083188941742065e+18,2.1083188941742065e+18,2.108181971187727e+18,4.743115487715076e-19,0.10323395284414341,-12.899005754437143,-8.254718374807377,0.018979941271644502,3.925648744060523e-06,64,-2278.184773967756,79911562380.55067,79911562357.23985,1.0416666666666667e-06,Exact FIM + sampled PSL,ordinary,55,-13.256466474732292,True,unknown_amplitude_exact,,,,2.1081819725736271e+18,79911562409.77301,26381438.54281344,quad_over_lin,1e-12,0.45,4.684848827941393e+18,-13.256466474732292,-13.256466536800037,-12.862986005832173,-8.254596032027035,-1.46484375e-06,-0.393480468900119,249.0,1985.0,-13.256466474732292,0.2173585239870126,249.0,1.0416666666666667e-06
water_filling,ok,ok,0.0,False,,323.052785297659,4845791.779464885,0.9999999999991824,3.3571428571405213,1443427.3385650124,77385702197.80922,2.0415461466239665e+18,2.0415461466239665e+18,2.0399394540686843e+18,4.898248328374379e-19,0.1049086036970447,-13.053290673349247,-8.551913200169501,0.016697346538840915,6.175631235554327e-06,63,-7803.998082556246,77324799811.79994,77324799811.73672,1.0416666666666667e-06,Water-filling (comm. only),ordinary,56,-13.256466474732292,False,,,,,,,,,,,,,,,,,,,,,,,
linear_sensing,ok,optimal,0.005604767000477295,False,,316.7104747078508,4750657.120617761,0.999999999201281,3.357142854860803,1415089.3560395532,106548749941.2402,2.810909298388425e+18,2.810909298388425e+18,2.808818857857043e+18,3.5575676546138595e-19,0.08940612889073657,-7.830147679361625,-1.9682758189324836,0.03890060067367016,5.989546052883177e-05,64,-8901.632735771005,106469510960.98016,106469510875.94095,1.0416666666666667e-06,Linear S(P) (known-amp. surrogate),ordinary,56,-13.256466474732292,False,known_amplitude_linear,106548750000.0,0.6,177581250000.0,,,,,,,,,,,,,,,,,,,
exact_fim,ok,optimal,0.007009879001998343,False,,322.9962086083575,4844943.129125362,0.999999999620929,3.3571428560597973,1443174.5495667595,79965605014.30249,2.1096076942237153e+18,2.1096076942237153e+18,2.108181973668399e+18,4.740217826935713e-19,0.10320241421956969,-12.404120822961138,-7.845197840190172,0.0178420010651089,6.926330820581627e-06,64,-7351.364706784644,79911562481.56297,79911562451.27081,1.0416666666666667e-06,Exact unknown-amplitude FIM,ordinary,56,-13.256466474732292,False,unknown_amplitude_exact,,,,2.1081819725736271e+18,79911562409.77301,26381438.54281344,quad_over_lin,1e-12,0.45,4.684848827941393e+18,,,,,,,,,,,,
exact_fim_psl,ok,optimal,0.48699071599912713,False,,322.96653488958276,4844498.023343741,0.9999999997493886,3.3571428564268246,1443041.9647080444,79960504613.53845,2.109473138314415e+18,2.109473138314415e+18,2.1081819712234624e+18,4.740520188842295e-19,0.10320570562750454,-12.891684687285297,-7.874101109822198,0.018745708069141997,6.949908454638063e-06,64,-6995.874138111409,79911562378.62117,79911562358.59442,1.0416666666666667e-06,Exact FIM + sampled PSL,ordinary,56,-13.256466474732292,True,unknown_amplitude_exact,,,,2.1081819725736271e+18,79911562409.77301,26381438.54281344,quad_over_lin,1e-12,0.45,4.684848827941393e+18,-13.256466474732292,-13.256466508333904,-12.857804407034049,-7.874358583419755,-1.46484375e-06,-0.3986620676982433,249.0,1985.0,-13.256466474732292,0.2173585239870126,249.0,1.0416666666666667e-06
water_filling,ok,ok,0.0,False,,304.16486098408086,4562472.914761213,1.000000000000326,3.3571428571437885,1359034.4852476437,78035259355.09204,2.058682398848868e+18,2.058682398848868e+18,2.0586793796569247e+18,4.8574758328878685e-19,0.10447106729134278,-12.912416181333485,-8.805180649104962,0.01668854107581907,3.0603036678237404e-06,64,338.29542558359276,78035144911.27164,78035144911.29707,1.0416666666666667e-06,Water-filling (comm. only),ordinary,57,-13.256466474732292,False,,,,,,,,,,,,,,,,,,,,,,,
linear_sensing,ok,optimal,0.005109729998366674,False,,298.12253156610836,4471837.973491626,0.9999999988627959,3.357142853893703,1332036.8444569078,106548749909.58714,2.810909297553372e+18,2.810909297553372e+18,2.810906277934623e+18,3.557567655670727e-19,0.08940612890401677,-7.763921201924405,-2.1890674940577313,0.03816049483318086,5.368301593124835e-05,64,338.31933636209584,106548635570.78146,106548635449.61392,1.0416666666666667e-06,Linear S(P) (known-amp. surrogate),ordinary,57,-13.256466474732292,False,known_amplitude_linear,106548750000.0,0.6,177581250000.0,,,,,,,,,,,,,,,,,,,
exact_fim,ok,optimal,0.0069835049980611075,False,,304.1353237873753,4562029.856810629,0.9999999992292725,3.3571428549407787,1358902.5114306926,79911663454.75212,2.1081846382855337e+18,2.1081846382855337e+18,2.1081819760857272e+18,4.743417544362922e-19,0.10323723992469062,-12.433912751024323,-8.273274356198181,0.017602273072121928,3.4864524041215887e-06,64,317.6662580522042,79911562604.49074,79911562542.9007,1.0416666666666667e-06,Exact unknown-amplitude FIM,ordinary,57,-13.256466474732292,False,unknown_amplitude_exact,,,,2.1081819725736271e+18,79911562409.77301,26381438.54281344,quad_over_lin,1e-12,0.45,4.684848827941393e+18,,,,,,,,,,,,
exact_fim_psl,ok,optimal,0.4859883599965542,False,,304.1102771146015,4561654.156719022,0.99999999965086,3.3571428561453143,1358790.600277503,79911674654.26688,2.108184933744844e+18,2.108184933744844e+18,2.1081819706454472e+18,4.743416879579271e-19,0.10323723269040955,-12.876882058241769,-8.284113363131675,0.018425522832360597,3.6481384531334305e-06,64,335.13815422620064,79911562364.58482,79911562336.6845,1.0416666666666667e-06,Exact FIM + sampled PSL,ordinary,57,-13.256466474732292,True,unknown_amplitude_exact,,,,2.1081819725736271e+18,79911562409.77301,26381438.54281344,quad_over_lin,1e-12,0.45,4.684848827941393e+18,-13.256466474732292,-13.256466516317513,-12.845082118328495,-8.283949104265613,-1.46484375e-06,-0.4113843564037971,249.0,1985.0,-13.256466474732292,0.2173585239870126,249.0,1.0416666666666667e-06
water_filling,ok,ok,0.0,False,,318.9740818846484,4784611.228269726,1.0000000000005944,3.357142857144556,1425203.344590261,77397075206.42116,2.0418461829517092e+18,2.0418461829517092e+18,2.0417520635965548e+18,4.897528561893884e-19,0.10490089558737817,-13.251510308680237,-8.96562066195248,0.016653731452702665,3.246747171590347e-06,64,1888.8185307038034,77393507570.93323,77393507570.97923,1.0416666666666667e-06,Water-filling (comm. only),ordinary,58,-13.256466474732292,False,,,,,,,,,,,,,,,,,,,,,,,
linear_sensing,ok,optimal,0.005115088999446016,False,,312.6328781898774,4689493.17284816,0.9999999990939142,3.357142854554041,1396870.307883013,106548749933.00494,2.810909298171168e+18,2.810909298171168e+18,2.8108115257284854e+18,3.557567654888827e-19,0.08940612889419171,-7.877856386969829,-2.1491380509726694,0.03863611811268828,5.474275239484605e-05,64,1925.1252765580589,106545043922.2168,106545043825.67786,1.0416666666666667e-06,Linear S(P) (known-amp. surrogate),ordinary,58,-13.256466474732292,False,known_amplitude_linear,106548750000.0,0.6,177581250000.0,,,,,,,,,,,,,,,,,,,
exact_fim,ok,optimal,0.006274224000662798,False,,318.9207436572127,4783811.154858191,0.9999999992796831,3.357142855084809,1424965.0257249302,79914593732.68454,2.1082619432327212e+18,2.1082619432327212e+18,2.1081819756224614e+18,4.74324361453227e-19,0.10323534717541298,-12.59595211711635,-8.25083999368346,0.01763083102739634,3.7383850337230933e-06,64,1741.0362851809998,79911562582.90205,79911562525.34041,1.0416666666666667e-06,Exact unknown-amplitude FIM,ordinary,58,-13.256466474732292,False,unknown_amplitude_exact,,,,2.1081819725736271e+18,79911562409.77301,26381438.54281344,quad_over_lin,1e-12,0.45,4.684848827941393e+18,,,,,,,,,,,,
exact_fim_psl,ok,optimal,0.4837230869998166,False,,318.9101473892981,4783652.210839472,0.9999999996830671,3.357142856237335,1424917.6802088667,79914335831.68655,2.1082551394333932e+18,2.1082551394333932e+18,2.1081819716026716e+18,4.743258922014326e-19,0.10323551375677353,-12.879744370064907,-8.253551644722027,0.01813038724908584,3.876055364158311e-06,64,1665.3704449607521,79911562398.29509,79911562372.96849,1.0416666666666667e-06,Exact FIM + sampled PSL,ordinary,58,-13.256466474732292,True,unknown_amplitude_exact,,,,2.1081819725736271e+18,79911562409.77301,26381438.54281344,quad_over_lin,1e-12,0.45,4.684848827941393e+18,-13.256466474732292,-13.256466553303564,-12.847456240496749,-8.253379680125226,-1.46484375e-06,-0.4090102342355433,249.0,1985.0,-13.256466474732292,0.2173585239870126,249.0,1.0416666666666667e-06
water_filling,ok,ok,0.0,False,,317.25665564417335,4758849.8346626,1.0000000000009908,3.3571428571456883,1417529.7379834088,73676713601.14944,1.9436976919051912e+18,1.9436976919051912e+18,1.934845352761552e+18,5.144832985935231e-19,0.10751680438244635,-14.869586301223682,-8.627610552333724,0.01714759892239713,1.3615508786372846e-05,62,18318.072995169106,73341161802.8201,73341161802.89276,1.0416666666666667e-06,Water-filling (comm. only),ordinary,59,-13.256466474732292,False,,,,,,,,,,,,,,,,,,,,,,,
linear_sensing,ok,optimal,0.0049034360017685685,False,,309.67305707338346,4645095.856100752,0.9999999991288164,3.3571428546537616,1383645.5751835508,106548749927.00479,2.810909298012876e+18,2.810909298012876e+18,2.800967998568813e+18,3.557567655089166e-19,0.0894061288967091,-8.336748437084786,-1.5196432579713035,0.04353526138550358,7.378757616385094e-05,64,19412.09201599308,106171920703.39093,106171920610.89569,1.0416666666666667e-06,Linear S(P) (known-amp. surrogate),ordinary,59,-13.256466474732292,False,known_amplitude_linear,106548750000.0,0.6,177581250000.0,,,,,,,,,,,,,,,,,,,
exact_fim,ok,optimal,0.006874947001051623,False,,316.92117403198324,4753817.610479749,0.9999999991884703,3.357142854824201,1416030.7785677132,80147353007.46475,2.1144024677356052e+18,2.1144024677356052e+18,2.1081819788943572e+18,4.729468562675953e-19,0.10308533313932183,-13.060301333181467,-7.068647285434514,0.020815239047656618,1.4372931544141376e-05,64,15355.466723387342,79911562714.21367,79911562649.36305,1.0416666666666667e-06,Exact unknown-amplitude FIM,ordinary,59,-13.256466474732292,False,unknown_amplitude_exact,,,,2.1081819725736271e+18,79911562409.77301,26381438.54281344,quad_over_lin,1e-12,0.45,4.684848827941393e+18,,,,,,,,,,,,
exact_fim_psl,ok,optimal,0.4532304230015143,False,,316.92117413193887,4753817.611979083,0.9999999997869057,3.3571428565340162,1416030.7782931295,80147351772.29341,2.114402435150008e+18,2.114402435150008e+18,2.1081819713670008e+18,4.729468635563003e-19,0.10308533393365907,-13.060302331319736,-7.068636824528154,0.02081499457003129,1.4373019335487405e-05,64,15355.435790244635,79911562381.06403,79911562364.03532,1.0416666666666667e-06,Exact FIM + sampled PSL,ordinary,59,-13.256466474732292,False,unknown_amplitude_exact,,,,2.1081819725736271e+18,79911562409.77301,26381438.54281344,quad_over_lin,1e-12,0.45,4.684848827941393e+18,-13.256466474732292,-13.430872916571278,-13.028518633693928,-7.069207178617477,-1.46484375e-06,-0.22794784103836463,249.0,1985.0,-13.256466474732292,0.2173585239870126,249.0,1.0416666666666667e-06
water_filling,ok,ok,0.0,False,,326.3816022803647,4895724.03420547,1.000000000000763,3.3571428571450372,1458300.7761453632,77703545104.73668,2.0499312997393428e+18,2.0499312997393428e+18,2.0489853019016602e+18,4.878212260709196e-19,0.10469382183646068,-12.445584061821338,-8.384299008953818,0.016760069362357306,6.424849579408291e-06,63,-5988.193633534846,77667686641.6847,77667686641.74394,1.0416666666666667e-06,Water-filling (comm. only),ordinary,60,-13.256466474732292,False,,,,,,,,,,,,,,,,,,,,,,,
linear_sensing,ok,optimal,0.005087234003440244,False,,320.10125677309065,4801518.85159636,0.9999999990962005,3.357142854560573,1430239.6590224474,106548749929.91852,2.810909298089743e+18,2.810909298089743e+18,2.810053797895489e+18,3.5575676549918806e-19,0.08940612889548664,-7.651363825234699,-2.1458032766066197,0.03860854931825116,5.4903983698214823e-05,64,-5694.568478094553,106516321916.0655,106516321819.79611,1.0416666666666667e-06,Linear S(P) (known-amp. surrogate),ordinary,60,-13.256466474732292,False,known_amplitude_linear,106548750000.0,0.6,177581250000.0,,,,,,,,,,,,,,,,,,,
exact_fim,ok,optimal,0.006690731999697164,False,,326.3389428195216,4895084.142292824,0.9999999993570706,3.3571428553059164,1458110.1708425106,79942176298.83708,2.1089896110065272e+18,2.1089896110065272e+18,2.1081819754074488e+18,4.741607046242131e-19,0.10321753591741449,-11.920069558218824,-7.844330059537085,0.017623937018153964,6.61371319389994e-06,64,-5532.9722271572755,79911562568.56776,79911562517.19028,1.0416666666666667e-06,Exact unknown-amplitude FIM,ordinary,60,-13.256466474732292,False,unknown_amplitude_exact,,,,2.1081819725736271e+18,79911562409.77301,26381438.54281344,quad_over_lin,1e-12,0.45,4.684848827941393e+18,,,,,,,,,,,,
exact_fim_psl,ok,optimal,0.42595198300114134,False,,326.2156959618841,4893235.4394282615,0.9999999996591027,3.357142856168865,1457559.4930185273,79938354394.59299,2.1088887836745956e+18,2.1088887836745956e+18,2.1081819709017608e+18,4.741833745530989e-19,0.1032200033363807,-12.905593348601549,-7.851042303031993,0.019237873972601884,7.097204831129482e-06,64,-5176.103573340075,79911562373.64182,79911562346.40018,1.0416666666666667e-06,Exact FIM + sampled PSL,ordinary,60,-13.256466474732292,True,unknown_amplitude_exact,,,,2.1081819725736271e+18,79911562409.77301,26381438.54281344,quad_over_lin,1e-12,0.45,4.684848827941393e+18,-13.256466474732292,-13.256466489703065,-12.868368991217435,-7.8509833352141625,-1.46484375e-06,-0.38809748351485673,249.0,1985.0,-13.256466474732292,0.2173585239870126,249.0,1.0416666666666667e-06
water_filling,ok,ok,0.0,False,,315.26377736429845,4728956.660464477,1.0000000000004956,3.3571428571442734,1408625.388222867,80222441978.34848,2.1163834228062175e+18,2.1163834228062175e+18,2.1161820903165588e+18,4.725041734989828e-19,0.10303707741718156,-12.515304549232496,-6.836734151427102,0.017311821505337825,1.5566427846012328e-05,61,-2762.53440405652,80214810381.97513,80214810382.01488,1.0416666666666667e-06,Water-filling (comm. only),ordinary,61,-13.256466474732292,False,,,,,,,,,,,,,,,,,,,,,,,
linear_sensing,ok,optimal,0.005647629997838521,False,,310.2135513521755,4653203.270282633,0.999999999063232,3.3571428544663773,1386060.5496998625,106548749931.55533,2.8109092981329244e+18,2.8109092981329244e+18,2.8107751308811453e+18,3.557567654937229e-19,0.08940612889479992,-7.7389192798640005,-1.9573387099717126,0.036653505480211734,5.9826770158919894e-05,64,-2255.142686171556,106543664362.8318,106543664263.0251,1.0416666666666667e-06,Linear S(P) (known-amp. surrogate),ordinary,61,-13.256466474732292,False,known_amplitude_linear,106548750000.0,0.6,177581250000.0,,,,,,,,,,,,,,,,,,,
exact_fim,ok,optimal,0.006419421999453334,False,,315.26377724092595,4728956.6586138895,0.999999999338195,3.3571428552519857,1408625.388465614,80222711480.20062,2.116390532652767e+18,2.116390532652767e+18,2.116189356559215e+18,4.725025861585956e-19,0.10303690434458145,-12.515210231158045,-6.836663497682642,0.017311780108013423,1.5566649458754188e-05,64,-2761.461221096735,80215085865.2168,80215085812.13005,1.0416666666666667e-06,Exact unknown-amplitude FIM,ordinary,61,-13.256466474732292,False,unknown_amplitude_exact,,,,2.1081819725736271e+18,79911562409.77301,26381438.54281344,quad_over_lin,1e-12,0.45,4.684848827941393e+18,,,,,,,,,,,,
exact_fim_psl,ok,optimal,0.4304723709974496,False,,315.25433204719025,4728814.980707854,0.9999999998776392,3.357142856793255,1408583.1858894504,79918351510.39203,2.1083610788143688e+18,2.1083610788143688e+18,2.1081819751037384e+18,4.743020586219261e-19,0.10323292007300648,-12.856631564729872,-6.8994977022306205,0.017653294737284178,1.562811942809133e-05,64,-2605.5718594722475,79911562515.45602,79911562505.67798,1.0416666666666667e-06,Exact FIM + sampled PSL,ordinary,61,-13.256466474732292,True,unknown_amplitude_exact,,,,2.1081819725736271e+18,79911562409.77301,26381438.54281344,quad_over_lin,1e-12,0.45,4.684848827941393e+18,-13.256466474732292,-13.256466506645932,-12.828910529542984,-6.89939277519032,-1.46484375e-06,-0.42755594518930806,249.0,1985.0,-13.256466474732292,0.2173585239870126,249.0,1.0416666666666667e-06
water_filling,ok,ok,0.0,False,,307.9719359203966,4619579.0388059495,0.9999999999994356,3.3571428571412447,1376044.8200705182,78228274630.11511,2.063774419464714e+18,2.063774419464714e+18,2.0637250162124554e+18,4.84549081802929e-19,0.10434210519039669,-12.857427662466783,-8.815759952077464,0.016678458205664274,2.6787713404156055e-06,64,1368.4487375306082,78226401978.21202,78226401978.16786,1.0416666666666667e-06,Water-filling (comm. only),ordinary,62,-13.256466474732292,False,,,,,,,,,,,,,,,,,,,,,,,
linear_sensing,ok,optimal,0.005651389001286589,False,,301.96654819285845,4529498.222892877,0.9999999992144646,3.3571428548984703,1349212.2375083922,106548749940.53497,2.8109092983698207e+18,2.8109092983698207e+18,2.8108599157190395e+18,3.5575676546374064e-19,0.08940612889103246,-7.764563202004624,-2.197559480324058,0.03766439478221738,5.346925893281266e-05,64,1368.16338230576,106546878153.19211,106546878069.49576,1.0416666666666667e-06,Linear S(P) (known-amp. surrogate),ordinary,62,-13.256466474732292,False,known_amplitude_linear,106548750000.0,0.6,177581250000.0,,,,,,,,,,,,,,,,,,,
exact_fim,ok,optimal,0.006792042000597576,False,,307.94792069164953,4619218.810374743,0.999999999268254,3.3571428550521545,1375937.5188408485,79913240444.01294,2.1082262415308006e+18,2.1082262415308006e+18,2.1081819774230195e+18,4.743323938866692e-19,0.10323622128985009,-12.428848647757654,-8.332367130499218,0.017357989560498395,3.078568306766865e-06,64,1295.3186568607232,79911562652.06631,79911562593.59135,1.0416666666666667e-06,Exact unknown-amplitude FIM,ordinary,62,-13.256466474732292,False,unknown_amplitude_exact,,,,2.1081819725736271e+18,79911562409.77301,26381438.54281344,quad_over_lin,1e-12,0.45,4.684848827941393e+18,,,,,,,,,,,,
exact_fim_psl,ok,optimal,0.4792903900015517,False,,307.92103269955896,4618815.490493384,0.999999999691476,3.35714285626136,1375817.380508219,79912901868.29791,2.1082173094163822e+18,2.1082173094163822e+18,2.108181971303758e+18,4.743344035425029e-19,0.10323643998570271,-12.894726792740558,-8.344733681420779,0.018082473718292504,3.2374616278632627e-06,64,1157.3705803472583,79911562386.29271,79911562361.63808,1.0416666666666667e-06,Exact FIM + sampled PSL,ordinary,62,-13.256466474732292,True,unknown_amplitude_exact,,,,2.1081819725736271e+18,79911562409.77301,26381438.54281344,quad_over_lin,1e-12,0.45,4.684848827941393e+18,-13.256466474732292,-13.256466512257543,-12.859566248727301,-8.344548634960713,-1.46484375e-06,-0.3969002260049912,249.0,1985.0,-13.256466474732292,0.2173585239870126,249.0,1.0416666666666667e-06
water_filling,ok,ok,0.0,False,,337.92116743755975,5068817.511563396,0.9999999999994276,3.3571428571412216,1509860.535360045,77024898606.53075,2.032027628854627e+18,2.032027628854627e+18,2.0313008232449615e+18,4.921192929663363e-19,0.1051540254947232,-12.556973746014084,-8.210003068995372,0.016730362921838434,8.872582430599983e-06,62,-5248.798476090923,76997348721.13223,76997348721.08815,1.0416666666666667e-06,Water-filling (comm. only),ordinary,63,-13.256466474732292,False,,,,,,,,,,,,,,,,,,,,,,,
linear_sensing,ok,optimal,0.005452091001643566,False,,331.1793925644327,4967690.88846649,0.9999999992816414,3.3571428550904043,1479737.7123627693,106548749946.0497,2.8109092985153065e+18,2.8109092985153065e+18,2.8083243716022134e+18,3.557567654453275e-19,0.08940612888871872,-7.704925310714465,-1.7572868729060234,0.04080565243440903,6.56016465098823e-05,64,-9898.625590019577,106450767234.01851,106450767157.54869,1.0416666666666667e-06,Linear S(P) (known-amp. surrogate),ordinary,63,-13.256466474732292,False,known_amplitude_linear,106548750000.0,0.6,177581250000.0,,,,,,,,,,,,,,,,,,,
exact_fim,ok,optimal,0.006310756998573197,False,,337.8460868002692,5067691.302004037,0.9999999995233886,3.3571428557811105,1509525.0692943572,79938580324.65128,2.1088947440345428e+18,2.1088947440345428e+18,2.1081819736460685e+18,4.741820343707113e-19,0.10321985747115674,-11.8698823448654,-7.488061320926947,0.018146459263720684,9.573563041217583e-06,64,-5197.872087670314,79911562488.51114,79911562450.42438,1.0416666666666667e-06,Exact unknown-amplitude FIM,ordinary,63,-13.256466474732292,False,unknown_amplitude_exact,,,,2.1081819725736271e+18,79911562409.77301,26381438.54281344,quad_over_lin,1e-12,0.45,4.684848827941393e+18,,,,,,,,,,,,
exact_fim_psl,ok,optimal,0.47158280000076047,False,,337.7090027893295,5065635.041839942,0.9999999996735084,3.3571428562100243,1508912.566073725,79932751212.45224,2.108740963669305e+18,2.108740963669305e+18,2.1081819708490726e+18,4.742166141923636e-19,0.10322362106713102,-12.903694839468848,-7.450958244630868,0.020311704182565525,1.0482021346999057e-05,64,-4603.136762702379,79911562370.49347,79911562344.40302,1.0416666666666667e-06,Exact FIM + sampled PSL,ordinary,63,-13.256466474732292,True,unknown_amplitude_exact,,,,2.1081819725736271e+18,79911562409.77301,26381438.54281344,quad_over_lin,1e-12,0.45,4.684848827941393e+18,-13.256466474732292,-13.25646648888016,-12.866641173970033,-7.4507972900705335,-1.46484375e-06,-0.38982530076225963,249.0,1985.0,-13.256466474732292,0.2173585239870126,249.0,1.0416666666666667e-06
water_filling,ok,ok,0.0,False,,315.22943288027807,4728441.493204171,0.999999999999319,3.3571428571409117,1408471.9341467395,76854407867.14471,2.0275298378913958e+18,2.0275298378913958e+18,2.0275245170315533e+18,4.932109906900244e-19,0.1052705956205929,-13.433627220989589,-8.714121027201543,0.01683602660737165,5.942758388660627e-06,63,449.098570794494,76854206177.67076,76854206177.61842,1.0416666666666667e-06,Water-filling (comm. only),ordinary,64,-13.256466474732292,False,,,,,,,,,,,,,,,,,,,,,,,
linear_sensing,ok,optimal,0.005373658997996245,False,,308.65329612005587,4629799.441800838,0.9999999990937087,3.357142854553454,1379089.1964937444,106548749929.46292,2.8109092980777236e+18,2.8109092980777236e+18,2.8108876305517594e+18,3.5575676550070925e-19,0.08940612889567778,-7.9967270260547565,-2.0638545265943957,0.03986794096392766,5.700802533862835e-05,64,906.2654559993347,106547928708.9504,106547928612.38693,1.0416666666666667e-06,Linear S(P) (known-amp. surrogate),ordinary,64,-13.256466474732292,False,known_amplitude_linear,106548750000.0,0.6,177581250000.0,,,,,,,,,,,,,,,,,,,
exact_fim,ok,optimal,0.0068635030002042186,False,,315.1511574698104,4727267.362047156,0.9999999994417121,3.357142855547749,1408122.1936192699,79911774003.12521,2.1081875547106445e+18,2.1081875547106445e+18,2.1081819736069668e+18,4.743410982412583e-19,0.10323716851648447,-12.645579668072365,-7.949055182902265,0.01824674773223087,6.122554110355041e-06,64,459.9501963639538,79911562493.55586,79911562448.9422,1.0416666666666667e-06,Exact unknown-amplitude FIM,ordinary,64,-13.256466474732292,False,unknown_amplitude_exact,,,,2.1081819725736271e+18,79911562409.77301,26381438.54281344,quad_over_lin,1e-12,0.45,4.684848827941393e+18,,,,,,,,,,,,
exact_fim_psl,ok,optimal,0.4624126630005776,False,,315.1431478028293,4727147.217042439,0.9999999996884462,3.3571428562527035,1408086.4054498281,79911727360.41124,2.1081863242087519e+18,2.1081863242087519e+18,2.1081819711804357e+18,4.743413751037028e-19,0.10323719864511002,-12.89933170545246,-7.936521834014742,0.0186999453086015,6.362068062514108e-06,64,406.2061641556418,79911562381.86023,79911562356.96349,1.0416666666666667e-06,Exact FIM + sampled PSL,ordinary,64,-13.256466474732292,True,unknown_amplitude_exact,,,,2.1081819725736271e+18,79911562409.77301,26381438.54281344,quad_over_lin,1e-12,0.45,4.684848827941393e+18,-13.256466474732292,-13.256466561917318,-12.863192493662774,-7.936344927014876,-1.46484375e-06,-0.39327398106951783,249.0,1985.0,-13.256466474732292,0.2173585239870126,249.0,1.0416666666666667e-06
water_filling,ok,ok,0.0,False,,335.7435141482645,5036152.712223968,1.0000000000002616,3.3571428571436046,1500130.5951302096,77451319297.37411,2.0432772201034957e+18,2.0432772201034957e+18,2.042678658300535e+18,4.894098510770595e-19,0.10486415476466708,-13.28309958539894,-8.545416500142553,0.016734414180024974,6.103765852213239e-06,64,-4763.270693146922,77428630549.65767,77428630549.67792,1.0416666666666667e-06,Water-filling (comm. only),ordinary,65,-13.256466474732292,False,,,,,,,,,,,,,,,,,,,,,,,
linear_sensing,ok,optimal,0.00553523700000369,False,,329.4371059861878,4941556.589792817,0.9999999992826842,3.3571428550933837,1471953.0276453965,106548749950.38715,2.810909298629735e+18,2.810909298629735e+18,2.8103619735578353e+18,3.5575676543084513e-19,0.08940612888689893,-7.91034997872935,-2.0548015025083974,0.03889886050974818,5.735366122779313e-05,64,-4554.843240505287,106528003429.87067,106528003353.45645,1.0416666666666667e-06,Linear S(P) (known-amp. surrogate),ordinary,65,-13.256466474732292,False,known_amplitude_linear,106548750000.0,0.6,177581250000.0,,,,,,,,,,,,,,,,,,,
exact_fim,ok,optimal,0.006568567998328945,False,,335.69198856496735,5035379.82847451,0.9999999993570537,3.357142855305868,1499900.3752599438,79930872764.92937,2.1086914075214246e+18,2.1086914075214246e+18,2.1081819759020012e+18,4.742277587100377e-19,0.10322483398405156,-12.630779763847128,-7.893523350665821,0.01780260489939752,6.590627178380185e-06,64,-4394.340565466892,79911562587.31532,79911562535.93648,1.0416666666666667e-06,Exact unknown-amplitude FIM,ordinary,65,-13.256466474732292,False,unknown_amplitude_exact,,,,2.1081819725736271e+18,79911562409.77301,26381438.54281344,quad_over_lin,1e-12,0.45,4.684848827941393e+18,,,,,,,,,,,,
exact_fim_psl,ok,optimal,0.47684817600020324,False,,335.6844747142096,5035267.120713145,0.9999999996827326,3.3571428562363788,1499866.80231954,79930548823.3109,2.1086828614755254e+18,2.1086828614755254e+18,2.108181971462058e+18,4.742296806549004e-19,0.10322504315805577,-12.866470002828894,-7.895041183023899,0.018265770139859517,6.709499360204635e-06,64,-4357.345026324944,79911562392.99182,79911562367.63849,1.0416666666666667e-06,Exact FIM + sampled PSL,ordinary,65,-13.256466474732292,True,unknown_amplitude_exact,,,,2.1081819725736271e+18,79911562409.77301,26381438.54281344,quad_over_lin,1e-12,0.45,4.684848827941393e+18,-13.256466474732292,-13.25646658118118,-12.83740310932243,-7.895252442014792,-1.46484375e-06,-0.4190633654098619,249.0,1985.0,-13.256466474732292,0.2173585239870126,249.0,1.0416666666666667e-06
water_filling,ok,ok,0.0,False,,319.442923566367,4791643.853495506,1.0000000000005567,3.357142857144448,1427298.1691256445,78472283546.69928,2.0702117257014776e+18,2.0702117257014776e+18,2.0701178142644296e+18,4.83042380441139e-19,0.10417975342776946,-12.699287219259855,-7.856377898531046,0.01701636381262421,9.268463829536137e-06,63,-1886.7310923659727,78468723792.44069,78468723792.48438,1.0416666666666667e-06,Water-filling (comm. only),ordinary,66,-13.256466474732292,False,,,,,,,,,,,,,,,,,,,,,,,
linear_sensing,ok,optimal,0.005162629000551533,False,,313.6415785128853,4704623.677693279,0.9999999990816067,3.3571428545188766,1401377.2667912026,106548749930.87297,2.810909298114923e+18,2.810909298114923e+18,2.810784912190565e+18,3.557567654960012e-19,0.0894061288950862,-7.7742040660886005,-2.042726602718015,0.038099855265363795,5.753231939451644e-05,64,-2171.382745660361,106544035125.69847,106544035027.84915,1.0416666666666667e-06,Linear S(P) (known-amp. surrogate),ordinary,66,-13.256466474732292,False,known_amplitude_linear,106548750000.0,0.6,177581250000.0,,,,,,,,,,,,,,,,,,,
exact_fim,ok,optimal,0.006256177999603096,False,,319.4256785220183,4791385.177830274,0.9999999996632307,3.3571428561806593,1427221.117209566,79914863084.4722,2.1082690491203538e+18,2.1082690491203538e+18,2.108181976111456e+18,4.743227627504356e-19,0.10323517319871034,-12.345795251985823,-7.529358671213581,0.017566060931669913,9.457594939212825e-06,64,-1816.7390008887162,79911562570.78772,79911562543.87596,1.0416666666666667e-06,Exact unknown-amplitude FIM,ordinary,66,-13.256466474732292,False,unknown_amplitude_exact,,,,2.1081819725736271e+18,79911562409.77301,26381438.54281344,quad_over_lin,1e-12,0.45,4.684848827941393e+18,,,,,,,,,,,,
exact_fim_psl,ok,optimal,0.4138444110030832,False,,319.3891916577563,4790837.874866345,0.9999999996756261,3.357142856216075,1427058.0907796773,79913907070.03018,2.1082438280841057e+18,2.1082438280841057e+18,2.1081819714327946e+18,4.743284370995945e-19,0.1032357907008758,-12.892205469734447,-7.515436480395974,0.018424802472846186,9.878984840040708e-06,64,-1531.2424699197782,79911562392.45047,79911562366.52925,1.0416666666666667e-06,Exact FIM + sampled PSL,ordinary,66,-13.256466474732292,True,unknown_amplitude_exact,,,,2.1081819725736271e+18,79911562409.77301,26381438.54281344,quad_over_lin,1e-12,0.45,4.684848827941393e+18,-13.256466474732292,-13.256466511226304,-12.857762189586516,-7.515305793096561,-1.46484375e-06,-0.3987042851457758,249.0,1985.0,-13.256466474732292,0.2173585239870126,249.0,1.0416666666666667e-06
water_filling,ok,ok,0.0,False,,311.84675027818594,4677701.254172789,0.9999999999991651,3.357142857140472,1393357.8203928845,73771691114.00879,1.946203335323639e+18,1.946203335323639e+18,1.9402641772606792e+18,5.13820926030685e-19,0.10744757072793985,-13.239827812576488,-8.832110342632939,0.017098228266623685,1.059217889508649e-05,62,15004.212460075929,73546564722.52328,73546564722.46188,1.0416666666666667e-06,Water-filling (comm. only),ordinary,67,-13.256466474732292,False,,,,,,,,,,,,,,,,,,,,,,,
linear_sensing,ok,optimal,0.005312829998729285,False,,303.68198970074513,4555229.845511177,0.9999999994388443,3.3571428555395553,1356876.9759066647,106548749950.55276,2.8109092986341043e+18,2.8109092986341043e+18,2.783531484684499e+18,3.557567654302921e-19,0.08940612888682943,-7.588991647528136,-1.1360456117713351,0.04920879046848295,8.685891608419493e-05,64,32214.40745116917,105510981962.91325,105510981903.70517,1.0416666666666667e-06,Linear S(P) (known-amp. surrogate),ordinary,67,-13.256466474732292,False,known_amplitude_linear,106548750000.0,0.6,177581250000.0,,,,,,,,,,,,,,,,,,,
exact_fim,ok,optimal,0.006499110000731889,False,,311.4889272528693,4672333.90879304,0.9999999992248783,3.357142854928224,1391759.0375798694,80122767167.99646,2.1137538579226493e+18,2.1137538579226493e+18,2.1081819692770972e+18,4.73091981004249e-19,0.10310114790176064,-11.596692586489247,-7.010236484847223,0.021127305198830108,1.3771605595596347e-05,64,14532.889710707668,79911562346.75777,79911562284.81657,1.0416666666666667e-06,Exact unknown-amplitude FIM,ordinary,67,-13.256466474732292,False,unknown_amplitude_exact,,,,2.1081819725736271e+18,79911562409.77301,26381438.54281344,quad_over_lin,1e-12,0.45,4.684848827941393e+18,,,,,,,,,,,,
exact_fim_psl,ok,optimal,0.44313061499997275,False,,311.2827917170787,4669241.87575618,0.9999999997102857,3.3571428563151025,1390838.0058873263,80104223131.04951,2.113264639551597e+18,2.113264639551597e+18,2.1081819703288878e+18,4.732015012621348e-19,0.10311308111066467,-12.845195597093912,-6.898311015933344,0.02566407794056061,1.5632758738295468e-05,64,13880.23077690468,79911562347.83672,79911562324.6852,1.0416666666666667e-06,Exact FIM + sampled PSL,ordinary,67,-13.256466474732292,True,unknown_amplitude_exact,,,,2.1081819725736271e+18,79911562409.77301,26381438.54281344,quad_over_lin,1e-12,0.45,4.684848827941393e+18,-13.256466474732292,-13.256466480554687,-12.819755299913641,-6.898267344200034,-1.46484375e-06,-0.43671117481865096,249.0,1985.0,-13.256466474732292,0.2173585239870126,249.0,1.0416666666666667e-06
water_filling,ok,ok,0.0,False,,319.74739565823666,4796210.93487355,1.0000000000005373,3.3571428571443924,1428658.5763446596,77744842740.2922,2.0510207907737144e+18,2.0510207907737144e+18,2.0484191074628936e+18,4.875620981017779e-19,0.10466601174984662,-13.141536123035083,-7.744662203029321,0.017190738785023477,1.1874886565948242e-05,62,9930.656932293325,77646224793.14352,77646224793.18524,1.0416666666666667e-06,Water-filling (comm. only),ordinary,68,-13.256466474732292,False,,,,,,,,,,,,,,,,,,,,,,,
linear_sensing,ok,optimal,0.005386210999859031,False,,313.7592174748585,4706388.262122877,0.9999999993435682,3.357142855267338,1401902.8873729876,106548749951.61618,2.810909298662159e+18,2.810909298662159e+18,2.8085741799745075e+18,3.5575676542674146e-19,0.08940612888638327,-7.890307851644817,-1.9506249733920724,0.039110375899276954,6.030814375671591e-05,64,9408.17188390575,106460236323.36105,106460236253.47717,1.0416666666666667e-06,Linear S(P) (known-amp. surrogate),ordinary,68,-13.256466474732292,False,known_amplitude_linear,106548750000.0,0.6,177581250000.0,,,,,,,,,,,,,,,,,,,
exact_fim,ok,optimal,0.00661322100131656,False,,319.70621590303944,4795593.238545592,0.9999999993859585,3.357142855388453,1428474.582440936,79996424750.78555,2.1104207632076485e+18,2.1104207632076485e+18,2.1081819827646136e+18,4.738391592016421e-19,0.10318253222091121,-12.569906423171894,-7.266715241826579,0.018328051603247696,1.1998887066729099e-05,64,9212.054861475319,79911562845.13585,79911562796.06683,1.0416666666666667e-06,Exact unknown-amplitude FIM,ordinary,68,-13.256466474732292,False,unknown_amplitude_exact,,,,2.1081819725736271e+18,79911562409.77301,26381438.54281344,quad_over_lin,1e-12,0.45,4.684848827941393e+18,,,,,,,,,,,,
exact_fim_psl,ok,optimal,0.450461145999725,False,,319.69373519734825,4795406.027960224,0.9999999999095691,3.3571428568844834,1428418.8169491503,79989395357.16049,2.110235317691736e+18,2.110235317691736e+18,2.1081819726577047e+18,4.7388079974599325e-19,0.10318706591376366,-12.882842754222422,-7.26850455111761,0.01897340487486381,1.2157617784602411e-05,64,8822.298125064928,79911562420.18648,79911562412.96,1.0416666666666667e-06,Exact FIM + sampled PSL,ordinary,68,-13.256466474732292,True,unknown_amplitude_exact,,,,2.1081819725736271e+18,79911562409.77301,26381438.54281344,quad_over_lin,1e-12,0.45,4.684848827941393e+18,-13.256466474732292,-13.256466494507261,-12.85044336314795,-7.268587893481958,-1.46484375e-06,-0.4060231115843429,249.0,1985.0,-13.256466474732292,0.2173585239870126,249.0,1.0416666666666667e-06
water_filling,ok,ok,0.0,False,,297.934141565482,4469012.12348223,1.0000000000004694,3.3571428571441984,1331195.1006111964,78730971559.1331,2.077036287603263e+18,2.077036287603263e+18,2.0770283697139694e+18,4.814552379120548e-19,0.10400845980056453,-12.515592825318079,-8.377938051982339,0.017022612462671557,4.700679189732794e-06,64,547.8421915149659,78730671428.02934,78730671428.0663,1.0416666666666667e-06,Water-filling (comm. only),ordinary,69,-13.256466474732292,False,,,,,,,,,,,,,,,,,,,,,,,
linear_sensing,ok,optimal,0.005144871000084095,False,,292.34972088964605,4385245.813344691,0.9999999992066633,3.357142854876181,1306243.434644198,106548749941.812,2.8109092984035103e+18,2.8109092984035103e+18,2.810901483220638e+18,3.557567654594768e-19,0.08940612889049668,-7.625270892833251,-2.169451177469445,0.03745782852405905,5.417623951041044e-05,64,544.2774431026264,106548453788.40598,106548453703.87717,1.0416666666666667e-06,Linear S(P) (known-amp. surrogate),ordinary,69,-13.256466474732292,False,known_amplitude_linear,106548750000.0,0.6,177581250000.0,,,,,,,,,,,,,,,,,,,
exact_fim,ok,optimal,0.006543306997627951,False,,297.9227846229471,4468841.769344207,0.9999999995078923,3.3571428557368352,1331144.3573834372,79911840616.6215,2.108189312070503e+18,2.108189312070503e+18,2.1081819771558879e+18,4.74340702836538e-19,0.10323712548787868,-12.222319572100659,-8.060057832628818,0.01747687357623809,5.0104379980553836e-06,64,527.2884941298673,79911562622.7907,79911562583.4656,1.0416666666666667e-06,Exact unknown-amplitude FIM,ordinary,69,-13.256466474732292,False,unknown_amplitude_exact,,,,2.1081819725736271e+18,79911562409.77301,26381438.54281344,quad_over_lin,1e-12,0.45,4.684848827941393e+18,,,,,,,,,,,,
exact_fim_psl,ok,optimal,0.5061063009998179,False,,297.8689163323772,4468033.744985658,0.9999999997175048,3.357142856335728,1330903.6690391097,79911860951.49182,2.1081898485336346e+18,2.1081898485336346e+18,2.108181971609282e+18,4.743405821328457e-19,0.10323711235269657,-12.890799217084554,-8.090201145057499,0.018693761284144426,5.138154128891945e-06,64,546.423162780208,79911562395.79372,79911562373.21909,1.0416666666666667e-06,Exact FIM + sampled PSL,ordinary,69,-13.256466474732292,True,unknown_amplitude_exact,,,,2.1081819725736271e+18,79911562409.77301,26381438.54281344,quad_over_lin,1e-12,0.45,4.684848827941393e+18,-13.256466474732292,-13.256466496790907,-12.856335323449905,-8.090030705942032,-1.46484375e-06,-0.4001311512823875,249.0,1985.0,-13.256466474732292,0.2173585239870126,249.0,1.0416666666666667e-06
water_filling,ok,ok,0.0,False,,318.1720817147039,4772581.225720558,0.9999999999993817,3.3571428571410906,1421619.9395770845,74249434929.46703,1.9588069044303603e+18,1.9588069044303603e+18,1.9547684955611681e+18,5.105148433662528e-19,0.10710133744466441,-13.588045178939051,-8.805241947310963,0.016937833557756576,1.0000476790237467e-05,62,12372.455682151369,74096357269.90613,74096357269.86032,1.0416666666666667e-06,Water-filling (comm. only),ordinary,70,-13.256466474732292,False,,,,,,,,,,,,,,,,,,,,,,,
linear_sensing,ok,optimal,0.005524796000827337,False,,310.16336401145054,4652450.460171758,0.9999999988567252,3.3571428538763577,1385836.3086336232,106548749892.78255,2.810909297110043e+18,2.810909297110043e+18,2.7889082141809674e+18,3.557567656231817e-19,0.08940612891106722,-7.656968388656976,-1.2680529731251957,0.048938035240450296,8.185313658354895e-05,64,28878.377724556707,105714789314.59488,105714789193.73383,1.0416666666666667e-06,Linear S(P) (known-amp. surrogate),ordinary,70,-13.256466474732292,False,known_amplitude_linear,106548750000.0,0.6,177581250000.0,,,,,,,,,,,,,,,,,,,
exact_fim,ok,optimal,0.005872022000403376,False,,317.8756015064172,4768134.022596258,0.9999999993086208,3.3571428551674884,1420295.241609066,80053984931.64554,2.11193928358152e+18,2.11193928358152e+18,2.108181969672162e+18,4.734984607626389e-19,0.10314543055006528,-12.04964141956722,-7.16955126053148,0.02020529942994656,1.2470334153246933e-05,64,11934.095355421987,79911562355.0409,79911562299.7917,1.0416666666666667e-06,Exact unknown-amplitude FIM,ordinary,70,-13.256466474732292,False,unknown_amplitude_exact,,,,2.1081819725736271e+18,79911562409.77301,26381438.54281344,quad_over_lin,1e-12,0.45,4.684848827941393e+18,,,,,,,,,,,,
exact_fim_psl,ok,optimal,0.4741183709993493,False,,317.79004760406633,4766850.714060995,0.9999999996433183,3.3571428561237666,1419912.9790874936,80037918495.63551,2.1115154278873193e+18,2.1115154278873193e+18,2.108181970970371e+18,4.735935086207501e-19,0.10315578249534037,-12.84058869040824,-7.133438390122263,0.022192645570083,1.3264730606129378e-05,64,11240.824999958722,79911562377.50388,79911562349.00089,1.0416666666666667e-06,Exact FIM + sampled PSL,ordinary,70,-13.256466474732292,True,unknown_amplitude_exact,,,,2.1081819725736271e+18,79911562409.77301,26381438.54281344,quad_over_lin,1e-12,0.45,4.684848827941393e+18,-13.256466474732292,-13.256466492110254,-12.816313915860434,-7.133329967530068,-1.46484375e-06,-0.44015255887185845,249.0,1985.0,-13.256466474732292,0.2173585239870126,249.0,1.0416666666666667e-06
water_filling,ok,ok,0.0,False,,292.6518984029136,4389778.476043704,0.9999999999994493,3.357142857141284,1307593.5886093758,72933108794.16916,1.9240803273897e+18,1.9240803273897e+18,1.9196953858113564e+18,5.19728820966975e-19,0.1080635194437569,-13.781656155647939,-8.675606002533613,0.01729093309936269,1.3319304701234752e-05,61,12892.367274917407,72766895660.25797,72766895660.2179,1.0416666666666667e-06,Water-filling (comm. only),ordinary,71,-13.256466474732292,False,,,,,,,,,,,,,,,,,,,,,,,
linear_sensing,ok,optimal,0.005483141998411156,False,,284.1692839358482,4262539.259037724,0.9999999984967102,3.3571428528477436,1269692.5468697185,106548749851.57666,2.8109092960229724e+18,2.8109092960229724e+18,2.77549248696763e+18,3.557567657607645e-19,0.08940612892835535,-7.592748606604015,-0.9589185719435369,0.05196241883842226,9.307324767968119e-05,64,36640.00115444914,105206260327.15228,105206260168.99678,1.0416666666666667e-06,Linear S(P) (known-amp. surrogate),ordinary,71,-13.256466474732292,False,known_amplitude_linear,106548750000.0,0.6,177581250000.0,,,,,,,,,,,,,,,,,,,
exact_fim,ok,optimal,0.006300935998297064,False,,292.2112304129121,4383168.456193681,0.999999999088715,3.3571428545391857,1305624.6475383698,80078349870.72516,2.1125820657244483e+18,2.1125820657244483e+18,2.1081819674876096e+18,4.733543923450279e-19,0.10312973764849706,-11.846048909690268,-6.747257971858373,0.02089508194789119,1.6535962006091764e-05,64,12914.62945236417,79911562289.80748,79911562216.98528,1.0416666666666667e-06,Exact unknown-amplitude FIM,ordinary,71,-13.256466474732292,False,unknown_amplitude_exact,,,,2.1081819725736271e+18,79911562409.77301,26381438.54281344,quad_over_lin,1e-12,0.45,4.684848827941393e+18,,,,,,,,,,,,
exact_fim_psl,ok,optimal,0.47654987200075993,False,,292.08174639304013,4381226.195895602,0.9999999998162135,3.357142856617753,1305046.1011092004,80067901290.51414,2.1123064171477522e+18,2.1123064171477522e+18,2.1081819708069435e+18,4.73416163432529e-19,0.10313646646345571,-12.819717038640825,-6.691121684943009,0.023281259144255707,1.7698245493736968e-05,64,12503.557403267472,79911562357.49275,79911562342.80608,1.0416666666666667e-06,Exact FIM + sampled PSL,ordinary,71,-13.256466474732292,True,unknown_amplitude_exact,,,,2.1081819725736271e+18,79911562409.77301,26381438.54281344,quad_over_lin,1e-12,0.45,4.684848827941393e+18,-13.256466474732292,-13.25646647902586,-12.799504011907954,-6.691057684361546,-1.46484375e-06,-0.45696246282433783,249.0,1985.0,-13.256466474732292,0.2173585239870126,249.0,1.0416666666666667e-06
water_filling,ok,ok,0.0,False,,308.17654902596485,4622648.235389473,0.9999999999996755,3.35714285714193,1376959.0488397977,75171780391.30836,1.9831397045471695e+18,1.9831397045471695e+18,1.980207355228301e+18,5.042509096596098e-19,0.106442251530974,-13.489728657764227,-8.705124778769825,0.01701553297955902,9.100093671151842e-06,62,-10542.864278097599,75060628404.14636,75060628404.12201,1.0416666666666667e-06,Water-filling (comm. only),ordinary,72,-13.256466474732292,False,,,,,,,,,,,,,,,,,,,,,,,
linear_sensing,ok,optimal,0.005315845999575686,False,,300.88441863775853,4513266.279566378,0.9999999994435218,3.3571428555529197,1344377.190294765,106548749951.33551,2.8109092986547543e+18,2.8109092986547543e+18,2.803752799989114e+18,3.557567654276786e-19,0.08940612888650103,-7.813463137227029,-1.6256192104638618,0.043601282166192745,7.006409133553425e-05,64,-16470.282973296406,106277479789.4071,106277479730.266,1.0416666666666667e-06,Linear S(P) (known-amp. surrogate),ordinary,72,-13.256466474732292,False,known_amplitude_linear,106548750000.0,0.6,177581250000.0,,,,,,,,,,,,,,,,,,,
exact_fim,ok,optimal,0.006578061998880003,False,,307.9790663851694,4619685.995777541,0.9999999994276558,3.3571428555075884,1376076.680263599,80006551540.54971,2.1106879224894477e+18,2.1106879224894477e+18,2.1081819710983194e+18,4.737791832439878e-19,0.10317600187522215,-12.23182161685761,-7.419914112588485,0.019575237152657604,1.0397946666660432e-05,64,-9746.239621169632,79911562399.58775,79911562353.85083,1.0416666666666667e-06,Exact unknown-amplitude FIM,ordinary,72,-13.256466474732292,False,unknown_amplitude_exact,,,,2.1081819725736271e+18,79911562409.77301,26381438.54281344,quad_over_lin,1e-12,0.45,4.684848827941393e+18,,,,,,,,,,,,
exact_fim_psl,ok,optimal,0.4898619019986654,False,,307.9294236404662,4618941.3546069935,0.9999999996775114,3.3571428562214614,1375854.8719626768,79999750290.12416,2.1105084957193326e+18,2.1105084957193326e+18,2.1081819703975672e+18,4.738194620056084e-19,0.10318038758211676,-12.848814590215996,-7.440483571247395,0.02102455934403052,1.0558610607097099e-05,64,-9390.844629963709,79911562353.05905,79911562327.28848,1.0416666666666667e-06,Exact FIM + sampled PSL,ordinary,72,-13.256466474732292,True,unknown_amplitude_exact,,,,2.1081819725736271e+18,79911562409.77301,26381438.54281344,quad_over_lin,1e-12,0.45,4.684848827941393e+18,-13.256466474732292,-13.256466501449808,-12.823382065733025,-7.44077592392629,-1.46484375e-06,-0.43308440899926737,249.0,1985.0,-13.256466474732292,0.2173585239870126,249.0,1.0416666666666667e-06
water_filling,ok,ok,0.0,False,,325.53262989302715,4882989.448395407,0.9999999999990975,3.357142857140279,1454507.495267834,75750738317.75793,1.9984134475026744e+18,1.9984134475026744e+18,1.997311608903997e+18,5.003969530177322e-19,0.10603470575109014,-13.16452555364689,-9.489237944061996,0.016618609484222446,2.8665216441806515e-06,64,-6462.636876442266,75708972642.42955,75708972642.36122,1.0416666666666667e-06,Water-filling (comm. only),ordinary,73,-13.256466474732292,False,,,,,,,,,,,,,,,,,,,,,,,
linear_sensing,ok,optimal,0.005280129000311717,False,,318.4675327041572,4777012.990562358,0.9999999990101238,3.3571428543146395,1422940.0409407318,106548749927.23178,2.8109092980188626e+18,2.8109092980188626e+18,2.8098075143356626e+18,3.557567655081589e-19,0.08940612889661388,-7.778702754629416,-2.148912357111369,0.04080814272424787,5.48871895687249e-05,64,-6462.475829184765,106506986438.85905,106506986333.43033,1.0416666666666667e-06,Linear S(P) (known-amp. surrogate),ordinary,73,-13.256466474732292,False,known_amplitude_linear,106548750000.0,0.6,177581250000.0,,,,,,,,,,,,,,,,,,,
exact_fim,ok,optimal,0.006252189999941038,False,,325.38512889740673,4880776.933461101,0.999999999481847,3.35714285566242,1453848.4489061288,79943369130.29375,2.109021079616294e+18,2.109021079616294e+18,2.1081819727105326e+18,4.741536296934195e-19,0.10321676586240969,-12.128144993273507,-8.28628667972747,0.018864735446103575,3.276512292267367e-06,64,-5639.744262621534,79911562456.36887,79911562414.96245,1.0416666666666667e-06,Exact unknown-amplitude FIM,ordinary,73,-13.256466474732292,False,unknown_amplitude_exact,,,,2.1081819725736271e+18,79911562409.77301,26381438.54281344,quad_over_lin,1e-12,0.45,4.684848827941393e+18,,,,,,,,,,,,
exact_fim_psl,ok,optimal,0.44347356199796195,False,,325.3133035688335,4879699.553532502,0.9999999997233229,3.3571428563523513,1453527.5269264113,79940261312.2565,2.1089390909057413e+18,2.1089390909057413e+18,2.1081819711012032e+18,4.741720632484094e-19,0.10321877220942295,-12.882850990208274,-8.325694256793987,0.020379847691805748,3.396054036044785e-06,64,-5357.140870305257,79911562376.06984,79911562353.96014,1.0416666666666667e-06,Exact FIM + sampled PSL,ordinary,73,-13.256466474732292,True,unknown_amplitude_exact,,,,2.1081819725736271e+18,79911562409.77301,26381438.54281344,quad_over_lin,1e-12,0.45,4.684848827941393e+18,-13.256466474732292,-13.256466496724816,-12.850092230226311,-8.325694239846024,-1.46484375e-06,-0.40637424450598125,249.0,1985.0,-13.256466474732292,0.2173585239870126,249.0,1.0416666666666667e-06
water_filling,ok,ok,0.0,False,,319.1570438587918,4787355.657881876,1.0000000000005518,3.3571428571444337,1426020.834262017,74951202514.11877,1.9773205428361887e+18,1.9773205428361887e+18,1.9771914303720148e+18,5.057348964602574e-19,0.10659876374301727,-13.677831316083399,-9.373879047540774,0.016936830817256162,5.051434513281818e-06,64,2212.2532831442677,74946308449.48863,74946308449.52998,1.0416666666666667e-06,Water-filling (comm. only),ordinary,74,-13.256466474732292,False,,,,,,,,,,,,,,,,,,,,,,,
linear_sensing,ok,optimal,0.005020598000555765,False,,311.98974369943596,4679846.155491539,0.999999999564297,3.3571428558979917,1393996.727684602,106548749966.92291,2.810909299065972e+18,2.810909299065972e+18,2.810780169822702e+18,3.557567653756337e-19,0.08940612887996126,-7.923332338341186,-2.0566652950112276,0.04174574879807328,5.7206615018963824e-05,64,2212.3970280966532,106543855312.73659,106543855266.31511,1.0416666666666667e-06,Linear S(P) (known-amp. surrogate),ordinary,74,-13.256466474732292,False,known_amplitude_linear,106548750000.0,0.6,177581250000.0,,,,,,,,,,,,,,,,,,,
exact_fim,ok,optimal,0.006066772002668586,False,,318.9587264483825,4784380.8967257375,0.9999999993870425,3.35714285539155,1425134.7359383448,79915111730.6779,2.108275608764948e+18,2.108275608764948e+18,2.108181971342344e+18,4.743212869525211e-19,0.10323501259670705,-12.405629458032166,-8.02391315031646,0.019366208633100786,5.374228419052043e-06,64,1883.9765336601242,79911562412.08308,79911562363.1007,1.0416666666666667e-06,Exact unknown-amplitude FIM,ordinary,74,-13.256466474732292,False,unknown_amplitude_exact,,,,2.1081819725736271e+18,79911562409.77301,26381438.54281344,quad_over_lin,1e-12,0.45,4.684848827941393e+18,,,,,,,,,,,,
exact_fim_psl,ok,optimal,0.42424257899983786,False,,318.9314748588539,4783972.122882809,0.9999999996604954,3.3571428561728442,1425012.9731853458,79915196749.56027,2.1082778516853686e+18,2.1082778516853686e+18,2.1081819706436485e+18,4.743207823392892e-19,0.10323495768269765,-12.877244952266498,-8.037602129725489,0.02033617931808935,5.527756198579042e-06,64,1906.4136343360603,79911562363.74666,79911562336.61632,1.0416666666666667e-06,Exact FIM + sampled PSL,ordinary,74,-13.256466474732292,True,unknown_amplitude_exact,,,,2.1081819725736271e+18,79911562409.77301,26381438.54281344,quad_over_lin,1e-12,0.45,4.684848827941393e+18,-13.256466474732292,-13.256466526372602,-12.84553689312898,-8.037494632820506,-1.46484375e-06,-0.4109295816033125,249.0,1985.0,-13.256466474732292,0.2173585239870126,249.0,1.0416666666666667e-06
water_filling,ok,ok,0.0,False,,312.56691677866195,4688503.751679929,0.9999999999992478,3.3571428571407083,1396575.5856076812,77902169873.90628,2.055171306880271e+18,2.055171306880271e+18,2.0550801820201807e+18,4.865774432779473e-19,0.10456026934292194,-12.884072183288392,-8.82252559409623,0.016635404714323336,3.146259710148609e-06,64,1858.5283944607172,77898715746.17186,77898715746.11327,1.0416666666666667e-06,Water-filling (comm. only),ordinary,75,-13.256466474732292,False,,,,,,,,,,,,,,,,,,,,,,,
linear_sensing,ok,optimal,0.00511725699834642,False,,306.43286419209943,4596492.9628814915,0.9999999988982615,3.357142853995033,1369168.1178867975,106548749914.28638,2.810909297677345e+18,2.810909297677345e+18,2.8108182329314545e+18,3.5575676555138235e-19,0.08940612890204518,-7.747987812641872,-2.1902081788796925,0.03819324421670764,5.3656162432275396e-05,64,1857.9152676313377,106545298182.53354,106545298065.14848,1.0416666666666667e-06,Linear S(P) (known-amp. surrogate),ordinary,75,-13.256466474732292,False,known_amplitude_linear,106548750000.0,0.6,177581250000.0,,,,,,,,,,,,,,,,,,,
exact_fim,ok,optimal,0.006476110000221524,False,,312.53273866281813,4687991.079942272,0.9999999992727923,3.357142855065121,1396422.8757406678,79914594587.45581,2.108261965782817e+18,2.108261965782817e+18,2.1081819794806328e+18,4.743243563798253e-19,0.10323534662330726,-12.374263790995295,-8.254424158909968,0.01751305070712073,3.5870286881287266e-06,64,1741.2397514203722,79911562729.6984,79911562671.58609,1.0416666666666667e-06,Exact unknown-amplitude FIM,ordinary,75,-13.256466474732292,False,unknown_amplitude_exact,,,,2.1081819725736271e+18,79911562409.77301,26381438.54281344,quad_over_lin,1e-12,0.45,4.684848827941393e+18,,,,,,,,,,,,
exact_fim_psl,ok,optimal,0.43574423099926207,False,,312.5006465949273,4687509.698923909,0.9999999996578401,3.357142856165258,1396279.4851924416,79914267857.08148,2.1082533461655265e+18,2.1082533461655265e+18,2.1081819710418847e+18,4.743262956602401e-19,0.10323555766252387,-12.874215496767995,-8.27014410376979,0.01842502903346661,3.743784130182883e-06,64,1644.8420504023907,79911562379.05417,79911562351.71164,1.0416666666666667e-06,Exact FIM + sampled PSL,ordinary,75,-13.256466474732292,True,unknown_amplitude_exact,,,,2.1081819725736271e+18,79911562409.77301,26381438.54281344,quad_over_lin,1e-12,0.45,4.684848827941393e+18,-13.256466474732292,-13.256466512006826,-12.842922814198815,-8.269974255626503,-1.46484375e-06,-0.41354366053347746,249.0,1985.0,-13.256466474732292,0.2173585239870126,249.0,1.0416666666666667e-06
water_filling,ok,ok,0.0,False,,337.4014858982213,5061022.28847332,0.9999999999995999,3.357142857141714,1507538.5540138427,77602184936.17398,2.0472572726817167e+18,2.0472572726817167e+18,2.0472428595247086e+18,4.88458394234982e-19,0.10476217249276575,-13.03732280509369,-9.305564746922329,0.016228988604291672,6.919419132842566e-07,64,-739.1461551142712,77601638599.16641,77601638599.13536,1.0416666666666667e-06,Water-filling (comm. only),ordinary,76,-13.256466474732292,False,,,,,,,,,,,,,,,,,,,,,,,
linear_sensing,ok,optimal,0.005579762997513171,False,,330.83625052194975,4962543.757829246,0.9999999989203996,3.3571428540582846,1478204.524966899,106548749922.6114,2.810909297896971e+18,2.810909297896971e+18,2.810895004366674e+18,3.557567655235859e-19,0.08940612889855237,-7.820384408643635,-2.259674012912167,0.038510141270829974,5.188248717846722e-05,64,-736.0723716107499,106548208235.10524,106548208120.07574,1.0416666666666667e-06,Linear S(P) (known-amp. surrogate),ordinary,76,-13.256466474732292,False,known_amplitude_linear,106548750000.0,0.6,177581250000.0,,,,,,,,,,,,,,,,,,,
exact_fim,ok,optimal,0.006341522999719018,False,,337.3542127719311,5060313.191578967,0.999999999398751,3.357142855425003,1507327.3344331211,79912032284.38257,2.1081943685417626e+18,2.1081943685417626e+18,2.1081819778638694e+18,4.743395651377722e-19,0.10323700168148807,-12.447182522421405,-8.599765893410733,0.017388801780488183,1.1642881931465567e-06,64,-685.3277178888826,79911562658.3487,79911562610.30194,1.0416666666666667e-06,Exact unknown-amplitude FIM,ordinary,76,-13.256466474732292,False,unknown_amplitude_exact,,,,2.1081819725736271e+18,79911562409.77301,26381438.54281344,quad_over_lin,1e-12,0.45,4.684848827941393e+18,,,,,,,,,,,,
exact_fim_psl,ok,optimal,0.4900542490031512,False,,337.3293406451908,5059940.109677862,0.9999999996956921,3.357142856273406,1507216.2032731145,79911995117.1676,2.1081933880171648e+18,2.1081933880171648e+18,2.108181971231984e+18,4.743397857539709e-19,0.10323702568934436,-12.875338019676652,-8.610478329773064,0.01818641958925498,1.323603215941978e-06,64,-657.8436366629903,79911562383.23515,79911562358.91743,1.0416666666666667e-06,Exact FIM + sampled PSL,ordinary,76,-13.256466474732292,True,unknown_amplitude_exact,,,,2.1081819725736271e+18,79911562409.77301,26381438.54281344,quad_over_lin,1e-12,0.45,4.684848827941393e+18,-13.256466474732292,-13.256466521677872,-12.843846399741519,-8.610296468269084,-1.46484375e-06,-0.41262007499077313,249.0,1985.0,-13.256466474732292,0.2173585239870126,249.0,1.0416666666666667e-06
water_filling,ok,ok,0.0,False,,320.4884605697237,4807326.908545855,0.9999999999992082,3.357142857140595,1431969.7174401558,75854603524.24637,2.0011535610643853e+18,2.0011535610643853e+18,2.0011385261536796e+18,4.997117759759097e-19,0.10596208597112947,-13.780999219936751,-8.969495929186843,0.016993598567639264,6.126398575006262e-06,64,-754.920449620836,75854033619.42117,75854033619.36111,1.0416666666666667e-06,Water-filling (comm. only),ordinary,77,-13.256466474732292,False,,,,,,,,,,,,,,,,,,,,,,,
linear_sensing,ok,optimal,0.005624998000712367,False,,313.7260608044837,4705890.912067256,0.9999999992085284,3.35714285488151,1401754.7407089265,106548749944.76016,2.810909298481287e+18,2.810909298481287e+18,2.8108942772999926e+18,3.557567654496331e-19,0.08940612888925975,-8.013458420131364,-1.950575334175929,0.04082107264047029,6.006534973678209e-05,64,-754.5756862961771,106548180644.62411,106548180560.29427,1.0416666666666667e-06,Linear S(P) (known-amp. surrogate),ordinary,77,-13.256466474732292,False,known_amplitude_linear,106548750000.0,0.6,177581250000.0,,,,,,,,,,,,,,,,,,,
exact_fim,ok,optimal,0.006413552997400984,False,,320.3558021962357,4805337.032943536,0.9999999995900853,3.3571428559716727,1431376.9890357275,79912000401.89722,2.108193527435934e+18,2.108193527435934e+18,2.1081819776834857e+18,4.743397543849964e-19,0.1032370222757158,-12.705909642415353,-7.893314153419664,0.01908888046106825,6.616049990418407e-06,64,-661.6633834131677,79911562636.22137,79911562603.46445,1.0416666666666667e-06,Exact unknown-amplitude FIM,ordinary,77,-13.256466474732292,False,unknown_amplitude_exact,,,,2.1081819725736271e+18,79911562409.77301,26381438.54281344,quad_over_lin,1e-12,0.45,4.684848827941393e+18,,,,,,,,,,,,
exact_fim_psl,ok,optimal,0.4771603529989079,False,,320.35117478256257,4805267.6217384385,0.9999999997340655,3.3571428563830445,1431356.313182213,79911931252.034,2.1081917031630682e+18,2.1081917031630682e+18,2.1081819711079025e+18,4.743401648434674e-19,0.10323706694254033,-12.901135425859867,-7.89240038688697,0.019483201891084913,6.731580923643793e-06,64,-607.3695909846717,79911562375.46527,79911562354.21404,1.0416666666666667e-06,Exact FIM + sampled PSL,ordinary,77,-13.256466474732292,True,unknown_amplitude_exact,,,,2.1081819725736271e+18,79911562409.77301,26381438.54281344,quad_over_lin,1e-12,0.45,4.684848827941393e+18,-13.256466474732292,-13.256466588815101,-12.864638673274666,-7.892259321781138,-1.46484375e-06,-0.39182780145762663,249.0,1985.0,-13.256466474732292,0.2173585239870126,249.0,1.0416666666666667e-06
water_filling,ok,ok,0.0,False,,320.4470646746424,4806705.970119636,1.0000000000005542,3.357142857144441,1431784.7570562372,76867988886.48674,2.0278881247185165e+18,2.0278881247185165e+18,2.0277262209646623e+18,4.931238502808463e-19,0.10526129561697282,-13.245236136247492,-9.411848415270006,0.016457195251033948,1.395784967133683e-06,64,-2477.303535660127,76861851853.63634,76861851853.67894,1.0416666666666667e-06,Water-filling (comm. only),ordinary,78,-13.256466474732292,False,,,,,,,,,,,,,,,,,,,,,,,
linear_sensing,ok,optimal,0.005224202999670524,False,,313.74095398164013,4706114.309724602,0.9999999996519577,3.357142856148451,1401821.284162982,106548749973.71494,2.810909299245156e+18,2.810909299245156e+18,2.810747379202627e+18,3.5575676535295566e-19,0.08940612887711163,-7.854575667874854,-2.22791414741948,0.03939008696813795,5.274121066964149e-05,64,-2477.4281501801484,106542612360.5591,106542612323.47777,1.0416666666666667e-06,Linear S(P) (known-amp. surrogate),ordinary,78,-13.256466474732292,False,known_amplitude_linear,106548750000.0,0.6,177581250000.0,,,,,,,,,,,,,,,,,,,
exact_fim,ok,optimal,0.006354058001306839,False,,320.36725684481104,4805508.852672165,0.9999999996281583,3.3571428560804524,1431428.1693340617,79916590164.13295,2.1083146119662825e+18,2.1083146119662825e+18,2.1081819729072806e+18,4.7431251214797e-19,0.10323405768357864,-12.464045205712402,-8.496119292748915,0.01797301946885488,1.8997588662175137e-06,64,-2242.2626328192873,79911562452.13474,79911562422.42029,1.0416666666666667e-06,Exact unknown-amplitude FIM,ordinary,78,-13.256466474732292,False,unknown_amplitude_exact,,,,2.1081819725736271e+18,79911562409.77301,26381438.54281344,quad_over_lin,1e-12,0.45,4.684848827941393e+18,,,,,,,,,,,,
exact_fim_psl,ok,optimal,0.47839365499748965,False,,320.34580077448175,4805187.0116172265,0.9999999998120106,3.3571428566057446,1431332.3015617912,79916649297.65785,2.1083161719937357e+18,2.1083161719937357e+18,2.108181971609481e+18,4.743121611851732e-19,0.10323401949006764,-12.861199106230126,-8.507124665775965,0.018696049723509436,2.040603297033617e-06,64,-2255.4211208094434,79911562388.24913,79911562373.22661,1.0416666666666667e-06,Exact FIM + sampled PSL,ordinary,78,-13.256466474732292,True,unknown_amplitude_exact,,,,2.1081819725736271e+18,79911562409.77301,26381438.54281344,quad_over_lin,1e-12,0.45,4.684848827941393e+18,-13.256466474732292,-13.2564665042836,-12.832773400091362,-8.50712046342058,-1.46484375e-06,-0.42369307464093,249.0,1985.0,-13.256466474732292,0.2173585239870126,249.0,1.0416666666666667e-06
water_filling,ok,ok,0.0,False,,314.63287248987575,4719493.087348136,0.9999999999998895,3.357142857142542,1405806.4515506406,77506910998.58691,2.0447438091525317e+18,2.0447438091525317e+18,2.0447024181224422e+18,4.890588226866728e-19,0.1048265411998052,-12.77223589272458,-8.268206091068755,0.016989134971596435,7.748720492549602e-06,63,1252.5754074844438,77505342053.44405,77505342053.43549,1.0416666666666667e-06,Water-filling (comm. only),ordinary,79,-13.256466474732292,False,,,,,,,,,,,,,,,,,,,,,,,
linear_sensing,ok,optimal,0.005481857002450852,False,,308.45300501916495,4626795.075287474,0.999999998984284,3.357142854240812,1378194.27893657,106548749919.30919,2.8109092978098534e+18,2.8109092978098534e+18,2.810895313059542e+18,3.557567655346117e-19,0.08940612889993785,-7.749283029511297,-2.069618082472254,0.03916927959249393,5.684793869125501e-05,64,728.0783580066561,106548219929.43706,106548219821.21432,1.0416666666666667e-06,Linear S(P) (known-amp. surrogate),ordinary,79,-13.256466474732292,False,known_amplitude_linear,106548750000.0,0.6,177581250000.0,,,,,,,,,,,,,,,,,,,
exact_fim,ok,optimal,0.006295011000474915,False,,314.5852448582751,4718778.672874127,0.9999999993523634,3.357142855292467,1405593.6480138367,79912788553.03307,2.1082143199966866e+18,2.1082143199966866e+18,2.108181979667874e+18,4.7433507614234005e-19,0.10323651317962201,-12.188959661525073,-7.699845693476961,0.018088630259368677,7.968355454655783e-06,64,1107.1921018022965,79911562730.43721,79911562678.68356,1.0416666666666667e-06,Exact unknown-amplitude FIM,ordinary,79,-13.256466474732292,False,unknown_amplitude_exact,,,,2.1081819725736271e+18,79911562409.77301,26381438.54281344,quad_over_lin,1e-12,0.45,4.684848827941393e+18,,,,,,,,,,,,
exact_fim_psl,ok,optimal,0.5034631339985935,False,,314.52578005819737,4717886.7008729605,0.9999999996660838,3.357142856188811,1405327.953850892,79913464842.31909,2.1082321614809231e+18,2.1082321614809231e+18,2.1081819702265853e+18,4.743310619536095e-19,0.10323607634525597,-12.890078774229991,-7.703756040858176,0.019525161333858194,8.312414058891784e-06,64,1379.319220615436,79911562347.49113,79911562320.80737,1.0416666666666667e-06,Exact FIM + sampled PSL,ordinary,79,-13.256466474732292,True,unknown_amplitude_exact,,,,2.1081819725736271e+18,79911562409.77301,26381438.54281344,quad_over_lin,1e-12,0.45,4.684848827941393e+18,-13.256466474732292,-13.256466500371477,-12.856267259086188,-7.703837280536186,-1.46484375e-06,-0.4001992156461043,249.0,1985.0,-13.256466474732292,0.2173585239870126,249.0,1.0416666666666667e-06
water_filling,ok,ok,0.0,False,,315.56276256029867,4733441.43840448,0.9999999999991346,3.3571428571403845,1409961.279525777,75423768256.49539,1.9897875069261363e+18,1.9897875069261363e+18,1.987262266999781e+18,5.025662270564861e-19,0.1062642930651261,-13.082541372267517,-8.336669785385197,0.017181005166101212,1.0971757805663661e-05,62,-9783.676562903769,75328047929.47314,75328047929.40796,1.0416666666666667e-06,Water-filling (comm. only),ordinary,80,-13.256466474732292,False,,,,,,,,,,,,,,,,,,,,,,,
linear_sensing,ok,optimal,0.00518021899915766,False,,308.67012945281823,4630051.941792274,0.9999999992780962,3.357142855080275,1379164.4090407828,106548749945.71658,2.8109092985065185e+18,2.8109092985065185e+18,2.8086795599273155e+18,3.5575676544643973e-19,0.08940612888885849,-7.678063164998658,-2.0480697575078253,0.04132992132122761,5.758728757841662e-05,64,-9193.433469876325,106464230803.6695,106464230726.81256,1.0416666666666667e-06,Linear S(P) (known-amp. surrogate),ordinary,80,-13.256466474732292,False,known_amplitude_linear,106548750000.0,0.6,177581250000.0,,,,,,,,,,,,,,,,,,,
exact_fim,ok,optimal,0.006606984999962151,False,,315.392577583363,4730888.663750445,0.9999999996298765,3.357142856085362,1409200.8790078585,79984338902.96027,2.1101019211560084e+18,2.1101019211560084e+18,2.108181973478237e+18,4.739107575676511e-19,0.1031903275049332,-11.953600128232178,-7.302627846239204,0.019160888591854927,1.1212585814866148e-05,64,-8530.911963241024,79911562473.63979,79911562444.06264,1.0416666666666667e-06,Exact unknown-amplitude FIM,ordinary,80,-13.256466474732292,False,unknown_amplitude_exact,,,,2.1081819725736271e+18,79911562409.77301,26381438.54281344,quad_over_lin,1e-12,0.45,4.684848827941393e+18,,,,,,,,,,,,
exact_fim_psl,ok,optimal,0.4446404900008929,False,,315.2939906186764,4729409.859280146,0.9999999997079859,3.3571428563085313,1408760.3839654713,79975842926.95085,2.1098777850870548e+18,2.1098777850870548e+18,2.1081819706566456e+18,4.739611019501489e-19,0.103195808405369,-12.841693883098802,-7.391190665499065,0.02087962443147082,1.0905500020682446e-05,64,-8017.517686955783,79911562360.44427,79911562337.10898,1.0416666666666667e-06,Exact FIM + sampled PSL,ordinary,80,-13.256466474732292,True,unknown_amplitude_exact,,,,2.1081819725736271e+18,79911562409.77301,26381438.54281344,quad_over_lin,1e-12,0.45,4.684848827941393e+18,-13.256466474732292,-13.256466491471972,-12.817435198089928,-7.391226330642518,-1.46484375e-06,-0.4390312766423641,249.0,1985.0,-13.256466474732292,0.2173585239870126,249.0,1.0416666666666667e-06
water_filling,ok,ok,0.0,False,,313.87318891912344,4708097.833786852,0.9999999999999056,3.3571428571425876,1402412.1207025792,75651067302.98265,1.99578398275188e+18,1.99578398275188e+18,1.9953931891849823e+18,5.01056230855783e-19,0.10610453363546553,-13.708511699279669,-8.999373112551037,0.016759992363448713,6.266147034853628e-06,63,3848.7922225221223,75636254101.41765,75636254101.4105,1.0416666666666667e-06,Water-filling (comm. only),ordinary,81,-13.256466474732292,False,,,,,,,,,,,,,,,,,,,,,,,
linear_sensing,ok,optimal,0.005173293000552803,False,,306.8291448441066,4602437.1726616,0.9999999990840595,3.3571428545258843,1370938.733350858,106548749923.88466,2.810909297930561e+18,2.810909297930561e+18,2.8098609848568223e+18,3.557567655193346e-19,0.08940612889801819,-8.028288184122543,-1.7851839470563928,0.04150011334993196,6.477174726556137e-05,64,6303.710568521102,106509013254.54529,106509013156.98936,1.0416666666666667e-06,Linear S(P) (known-amp. surrogate),ordinary,81,-13.256466474732292,False,known_amplitude_linear,106548750000.0,0.6,177581250000.0,,,,,,,,,,,,,,,,,,,
exact_fim,ok,optimal,0.006735924001986859,False,,313.7198917707684,4705798.376561526,0.9999999991431521,3.3571428546947204,1401727.177019235,79925704916.97684,2.1085550722582664e+18,2.1085550722582664e+18,2.1081819707812352e+18,4.742584213980231e-19,0.10322817109333833,-12.593983179491515,-7.799415133177899,0.018894012021557362,7.328249292972062e-06,64,3760.661531877685,79911562410.30367,79911562341.8316,1.0416666666666667e-06,Exact unknown-amplitude FIM,ordinary,81,-13.256466474732292,False,unknown_amplitude_exact,,,,2.1081819725736271e+18,79911562409.77301,26381438.54281344,quad_over_lin,1e-12,0.45,4.684848827941393e+18,,,,,,,,,,,,
exact_fim_psl,ok,optimal,0.43370111500189523,False,,313.7083452310835,4705625.178466253,0.9999999996654652,3.3571428561870436,1401675.5854741258,79924523921.63654,2.1085239159022769e+18,2.1085239159022769e+18,2.1081819714911493e+18,4.742654292218835e-19,0.1032289337599938,-12.907342068506056,-7.802261666671928,0.019433925598014688,7.4756546009739065e-06,64,3600.2156740480523,79911562395.47441,79911562368.74121,1.0416666666666667e-06,Exact FIM + sampled PSL,ordinary,81,-13.256466474732292,True,unknown_amplitude_exact,,,,2.1081819725736271e+18,79911562409.77301,26381438.54281344,quad_over_lin,1e-12,0.45,4.684848827941393e+18,-13.256466474732292,-13.256466543473792,-12.869509638116511,-7.80208811184469,-1.46484375e-06,-0.38695683661578073,249.0,1985.0,-13.256466474732292,0.2173585239870126,249.0,1.0416666666666667e-06
water_filling,ok,ok,0.0,False,,324.9857430194581,4874786.145291871,0.9999999999997649,3.3571428571421853,1452063.9581723374,78495029681.12914,2.070811801449025e+18,2.070811801449025e+18,2.069680519590022e+18,4.829024053756417e-19,0.10416465783266224,-12.642990010418497,-8.067831867558953,0.016813824720640448,7.67884923751468e-06,63,6548.41470086059,78452147946.05315,78452147946.0347,1.0416666666666667e-06,Water-filling (comm. only),ordinary,82,-13.256466474732292,False,,,,,,,,,,,,,,,,,,,,,,,
linear_sensing,ok,optimal,0.005218749000050593,False,,319.09602782730724,4786440.417409608,0.9999999992783672,3.3571428550810496,1425748.210316791,106548749947.626,2.810909298556892e+18,2.810909298556892e+18,2.8099840939289974e+18,3.557567654400643e-19,0.08940612888805737,-7.715371103265473,-2.0954516231689304,0.03803157663188001,5.630672563004768e-05,64,5922.017163116218,106513679737.23483,106513679660.37108,1.0416666666666667e-06,Linear S(P) (known-amp. surrogate),ordinary,82,-13.256466474732292,False,known_amplitude_linear,106548750000.0,0.6,177581250000.0,,,,,,,,,,,,,,,,,,,
exact_fim,ok,optimal,0.006800923998525832,False,,324.9678688438792,4874518.032658189,0.9999999993005086,3.3571428551443105,1451984.0956987373,79950074648.7473,2.1091979808392732e+18,2.1091979808392732e+18,2.1081819806534492e+18,4.741138618016736e-19,0.10321243730834549,-12.281862461361701,-7.719498664576804,0.01756550217972017,7.896793113972403e-06,64,6205.798315447665,79911562771.93967,79911562716.04222,1.0416666666666667e-06,Exact unknown-amplitude FIM,ordinary,82,-13.256466474732292,False,unknown_amplitude_exact,,,,2.1081819725736271e+18,79911562409.77301,26381438.54281344,quad_over_lin,1e-12,0.45,4.684848827941393e+18,,,,,,,,,,,,
exact_fim_psl,ok,optimal,0.47922699699847726,False,,324.9228191226116,4873842.286839174,0.9999999997302886,3.3571428563722536,1451782.8091789559,79947634508.29524,2.1091336064239022e+18,2.1091336064239022e+18,2.108181971786544e+18,4.741283325789537e-19,0.10321401240761678,-12.882269909278952,-7.728034523464803,0.01862760497721525,8.14686673806196e-06,64,6006.007689531625,79911562401.49132,79911562379.93826,1.0416666666666667e-06,Exact FIM + sampled PSL,ordinary,82,-13.256466474732292,True,unknown_amplitude_exact,,,,2.1081819725736271e+18,79911562409.77301,26381438.54281344,quad_over_lin,1e-12,0.45,4.684848827941393e+18,-13.256466474732292,-13.256466501659954,-12.850332504360845,-7.728344653781577,-1.46484375e-06,-0.4061339703714477,249.0,1985.0,-13.256466474732292,0.2173585239870126,249.0,1.0416666666666667e-06
water_filling,ok,ok,0.0,False,,318.17079276645427,4772561.891496814,0.999999999999554,3.357142857141583,1421614.180446399,76845400830.12753,2.0272922192978744e+18,2.0272922192978744e+18,2.027289704500853e+18,4.932687998705666e-19,0.10527676481457893,-13.015060198335735,-9.01030818471306,0.016740393470829666,3.7829103070531823e-06,64,308.74663430937414,76845305505.67761,76845305505.64334,1.0416666666666667e-06,Water-filling (comm. only),ordinary,83,-13.256466474732292,False,,,,,,,,,,,,,,,,,,,,,,,
linear_sensing,ok,optimal,0.005257010001514573,False,,311.64759566146097,4674713.934921915,0.9999999990505684,3.3571428544301956,1392467.98174019,106548749929.66551,2.810909298083068e+18,2.810909298083068e+18,2.810906755209985e+18,3.5575676550003287e-19,0.0894061288955928,-7.763451839171339,-2.1273536337041286,0.03937452264711874,5.530559477180429e-05,64,310.4653277204472,106548653642.10655,106548653540.94589,1.0416666666666667e-06,Linear S(P) (known-amp. surrogate),ordinary,83,-13.256466474732292,False,known_amplitude_linear,106548750000.0,0.6,177581250000.0,,,,,,,,,,,,,,,,,,,
exact_fim,ok,optimal,0.006653077998635126,False,,318.0925145613897,4771387.718420845,0.9999999994596384,3.357142855598967,1421264.4274172704,79911640212.96887,2.1081840251338573e+18,2.1081840251338573e+18,2.1081819735089426e+18,4.743418923955208e-19,0.103237254937631,-12.248765709602996,-8.158334006310485,0.018119802388685248,4.285467119206336e-06,64,278.86868300842735,79911562488.40768,79911562445.22655,1.0416666666666667e-06,Exact unknown-amplitude FIM,ordinary,83,-13.256466474732292,False,unknown_amplitude_exact,,,,2.1081819725736271e+18,79911562409.77301,26381438.54281344,quad_over_lin,1e-12,0.45,4.684848827941393e+18,,,,,,,,,,,,
exact_fim_psl,ok,optimal,0.48402243300006376,False,,318.04188113985265,4770628.21709779,0.999999999732742,3.357142856379263,1421038.1926502215,79911715770.31462,2.108186018445331e+18,2.108186018445331e+18,2.1081819703444365e+18,4.743414439004031e-19,0.10323720613167847,-12.889698847839494,-8.184633122088066,0.019231290564663137,4.432680460682224e-06,64,391.7206148793779,79911562346.63155,79911562325.27454,1.0416666666666667e-06,Exact FIM + sampled PSL,ordinary,83,-13.256466474732292,True,unknown_amplitude_exact,,,,2.1081819725736271e+18,79911562409.77301,26381438.54281344,quad_over_lin,1e-12,0.45,4.684848827941393e+18,-13.256466474732292,-13.25646650071322,-12.855447636054485,-8.184519074487767,-1.46484375e-06,-0.40101883867780685,249.0,1985.0,-13.256466474732292,0.2173585239870126,249.0,1.0416666666666667e-06
water_filling,ok,ok,0.0,False,,322.5596376413923,4838394.564620885,0.9999999999995667,3.357142857141619,1441223.912866327,75810559917.13565,1.9999916273501903e+18,1.9999916273501903e+18,1.999522383758682e+18,5.000020931712151e-19,0.10599286186070249,-13.593759271958794,-8.38686361124169,0.01702327346074698,1.0124632066687238e-05,62,-4217.44996017422,75792773033.00192,75792773032.96909,1.0416666666666667e-06,Water-filling (comm. only),ordinary,84,-13.256466474732292,False,,,,,,,,,,,,,,,,,,,,,,,
linear_sensing,ok,optimal,0.0050564160010253545,False,,315.55987261414896,4733398.089212234,0.9999999990888971,3.357142854539706,1409948.3680926722,106548749922.63544,2.810909297897605e+18,2.810909297897605e+18,2.809118284506098e+18,3.5575676552350557e-19,0.08940612889854228,-7.971861000804229,-1.6173283860627112,0.042559741640960165,6.966913919340173e-05,64,-8239.487137103937,106480860871.42981,106480860774.4148,1.0416666666666667e-06,Linear S(P) (known-amp. surrogate),ordinary,84,-13.256466474732292,False,known_amplitude_linear,106548750000.0,0.6,177581250000.0,,,,,,,,,,,,,,,,,,,
exact_fim,ok,optimal,0.0063233219989342615,False,,322.4169161495819,4836253.742243729,0.999999999673618,3.3571428562103374,1440586.221494031,79928933760.449,2.1086402537938916e+18,2.1086402537938916e+18,2.1081819669568074e+18,4.74239263051527e-19,0.10322608604755532,-12.512104303247533,-7.363516502090668,0.019107665176937943,1.1014276415887822e-05,64,-4167.92077536024,79911562222.94669,79911562196.86499,1.0416666666666667e-06,Exact unknown-amplitude FIM,ordinary,84,-13.256466474732292,False,unknown_amplitude_exact,,,,2.1081819725736271e+18,79911562409.77301,26381438.54281344,quad_over_lin,1e-12,0.45,4.684848827941393e+18,,,,,,,,,,,,
exact_fim_psl,ok,optimal,0.45478219800133957,False,,322.4004258144254,4836006.387216381,0.9999999997082263,3.3571428563092183,1440512.5412306697,79928623581.33566,2.1086320708226757e+18,2.1086320708226757e+18,2.1081819706267978e+18,4.742411034324511e-19,0.1032262863421641,-12.876627913475717,-7.353772520264591,0.019828838115979044,1.1311511737876342e-05,64,-4130.526039507988,79911562359.29369,79911562335.97758,1.0416666666666667e-06,Exact FIM + sampled PSL,ordinary,84,-13.256466474732292,True,unknown_amplitude_exact,,,,2.1081819725736271e+18,79911562409.77301,26381438.54281344,quad_over_lin,1e-12,0.45,4.684848827941393e+18,-13.256466474732292,-13.256466532949977,-12.844790528385337,-7.353657004426768,-1.46484375e-06,-0.41167594634695526,249.0,1985.0,-13.256466474732292,0.2173585239870126,249.0,1.0416666666666667e-06
water_filling,ok,ok,0.0,False,,323.17934956452166,4847690.2434678245,1.0000000000001772,3.3571428571433635,1443992.8384795596,78753343526.60332,2.0776264922881595e+18,2.0776264922881595e+18,2.0775738210271767e+18,4.813184678342577e-19,0.10399368557606146,-12.982609311753691,-8.463539596188731,0.016901379966407504,4.2857325069684435e-06,64,-1412.9852268985676,78751346999.33794,78751346999.35188,1.0416666666666667e-06,Water-filling (comm. only),ordinary,85,-13.256466474732292,False,,,,,,,,,,,,,,,,,,,,,,,
linear_sensing,ok,optimal,0.0056188700000348035,False,,317.5265195854398,4762897.793781597,0.9999999992661719,3.3571428550462055,1418735.5139273761,106548749952.83119,2.810909298694212e+18,2.810909298694212e+18,2.810856796416352e+18,3.5575676542268473e-19,0.08940612888587353,-7.817956521666787,-2.142264998182214,0.03734925985233321,5.491673046505913e-05,64,-1410.7167942180536,106546759909.14618,106546759830.95917,1.0416666666666667e-06,Linear S(P) (known-amp. surrogate),ordinary,85,-13.256466474732292,False,known_amplitude_linear,106548750000.0,0.6,177581250000.0,,,,,,,,,,,,,,,,,,,
exact_fim,ok,optimal,0.006569470999238547,False,,323.1682278703404,4847523.418055106,0.999999999464371,3.357142855612489,1443943.1464618763,79913410232.9427,2.108230720807017e+18,2.108230720807017e+18,2.1081819826695432e+18,4.743313860909903e-19,0.10323611161878997,-12.676747356869884,-8.14427515480231,0.017343049756435143,4.593564747016636e-06,64,-1359.2058271569435,79911562835.26607,79911562792.46312,1.0416666666666667e-06,Exact unknown-amplitude FIM,ordinary,85,-13.256466474732292,False,unknown_amplitude_exact,,,,2.1081819725736271e+18,79911562409.77301,26381438.54281344,quad_over_lin,1e-12,0.45,4.684848827941393e+18,,,,,,,,,,,,
exact_fim_psl,ok,optimal,0.4747650479985168,False,,323.1627872828416,4847441.809242624,0.9999999997174599,3.3571428563356,1443918.8371428794,79913399631.94879,2.108230441137547e+18,2.108230441137547e+18,2.108181972491913e+18,4.743314490139065e-19,0.10323611846623584,-12.878926031124342,-8.144304028282347,0.017676312923659808,4.706894991459699e-06,64,-1355.4428330681571,79911562429.25381,79911562406.6756,1.0416666666666667e-06,Exact FIM + sampled PSL,ordinary,85,-13.256466474732292,True,unknown_amplitude_exact,,,,2.1081819725736271e+18,79911562409.77301,26381438.54281344,quad_over_lin,1e-12,0.45,4.684848827941393e+18,-13.256466474732292,-13.256466586553348,-12.846856895049541,-8.144183082108597,-1.46484375e-06,-0.40960957968275125,249.0,1985.0,-13.256466474732292,0.2173585239870126,249.0,1.0416666666666667e-06
water_filling,ok,ok,0.0,False,,321.09852644926127,4816477.896738919,0.9999999999996482,3.3571428571418522,1434695.5437098949,77608148470.66678,2.0474145993004365e+18,2.0474145993004365e+18,2.047392289298316e+18,4.884208603092317e-19,0.104758147368834,-13.071049862862658,-9.014386641194609,0.01666970501791098,2.513293861371372e-06,64,-919.6034017432473,77607302800.27757,77607302800.25027,1.0416666666666667e-06,Water-filling (comm. only),ordinary,86,-13.256466474732292,False,,,,,,,,,,,,,,,,,,,,,,,
linear_sensing,ok,optimal,0.005467897000926314,False,,314.8450985627047,4722676.478440571,0.9999999992363031,3.357142854960866,1406754.6966200287,106548749944.93985,2.8109092984860273e+18,2.8109092984860273e+18,2.8108871252521943e+18,3.557567654490332e-19,0.08940612888918437,-7.819820336530638,-2.1752024818419917,0.0385608017204069,5.40537916473211e-05,64,-916.7803200421046,106547909540.15558,106547909458.78528,1.0416666666666667e-06,Linear S(P) (known-amp. surrogate),ordinary,86,-13.256466474732292,False,known_amplitude_linear,106548750000.0,0.6,177581250000.0,,,,,,,,,,,,,,,,,,,
exact_fim,ok,optimal,0.006683727002382511,False,,321.05380530815046,4815807.079622257,0.9999999994404924,3.3571428555442644,1434495.7265280008,79912291473.23508,2.1082012063165455e+18,2.1082012063165455e+18,2.108181975457863e+18,4.743380266569539e-19,0.10323683426104996,-12.479785573091142,-8.347798345434896,0.017704287038244722,2.987166897705486e-06,64,-853.7881085284569,79911562563.81235,79911562519.10123,1.0416666666666667e-06,Exact unknown-amplitude FIM,ordinary,86,-13.256466474732292,False,unknown_amplitude_exact,,,,2.1081819725736271e+18,79911562409.77301,26381438.54281344,quad_over_lin,1e-12,0.45,4.684848827941393e+18,,,,,,,,,,,,
exact_fim_psl,ok,optimal,0.4468096370001149,False,,321.032816853232,4815492.25279848,0.9999999997525024,3.3571428564357215,1434401.9479442374,79912159676.78139,2.1081977293365028e+18,2.1081977293365028e+18,2.1081819745542295e+18,4.743388089668052e-19,0.10323691939354475,-12.889142686232884,-8.355228900165123,0.018415299896875632,3.154270037912538e-06,64,-772.7819439819326,79911562504.62651,79911562484.84859,1.0416666666666667e-06,Exact FIM + sampled PSL,ordinary,86,-13.256466474732292,True,unknown_amplitude_exact,,,,2.1081819725736271e+18,79911562409.77301,26381438.54281344,quad_over_lin,1e-12,0.45,4.684848827941393e+18,-13.256466474732292,-13.256466517676309,-12.854916477123524,-8.355047287463817,-1.46484375e-06,-0.4015499976087682,249.0,1985.0,-13.256466474732292,0.2173585239870126,249.0,1.0416666666666667e-06
water_filling,ok,ok,0.0,False,,308.77018605250925,4631552.790787639,0.999999999999863,3.357142857142466,1379611.4695964789,75894304420.74823,2.0022009278255437e+18,2.0022009278255437e+18,2.0018379258485737e+18,4.994503728884159e-19,0.10593436755315747,-12.501067272893847,-8.965193732171395,0.016799672050062504,5.395433038909197e-06,64,-3709.4135877997605,75880544671.59328,75880544671.58289,1.0416666666666667e-06,Water-filling (comm. only),ordinary,87,-13.256466474732292,False,,,,,,,,,,,,,,,,,,,,,,,
linear_sensing,ok,optimal,0.005109164001623867,False,,301.8338714460759,4527508.071691138,0.9999999990437846,3.3571428544108133,1348619.426707633,106548749919.44366,2.8109092978134016e+18,2.8109092978134016e+18,2.8105955676977587e+18,3.557567655341626e-19,0.08940612889988142,-7.559490721921866,-2.199138792701782,0.04056645567819524,5.346497925897537e-05,64,-3448.489185184879,106536857943.66689,106536857841.7947,1.0416666666666667e-06,Linear S(P) (known-amp. surrogate),ordinary,87,-13.256466474732292,False,known_amplitude_linear,106548750000.0,0.6,177581250000.0,,,,,,,,,,,,,,,,,,,
exact_fim,ok,optimal,0.04022884200094268,False,,308.63687244907896,4629553.086736185,0.9999999992483891,3.3571428549953977,1379015.8139524662,79922151868.70367,2.1084613377336082e+18,2.1084613377336082e+18,2.1081819712058437e+18,4.742795052030231e-19,0.1032304656424101,-11.571495315821656,-7.9165377258008816,0.018473122095430377,5.792380632317838e-06,64,-3254.152852135794,79911562417.98897,79911562357.92657,1.0416666666666667e-06,Exact unknown-amplitude FIM,ordinary,87,-13.256466474732292,False,unknown_amplitude_exact,,,,2.1081819725736271e+18,79911562409.77301,26381438.54281344,quad_over_lin,1e-12,0.45,4.684848827941393e+18,,,,,,,,,,,,
exact_fim_psl,ok,optimal,0.44782576899888227,False,,308.41549468154267,4626232.42022314,0.9999999996391717,3.3571428561119196,1378026.6787875148,79921759400.45282,2.1084509838565683e+18,2.1084509838565683e+18,2.1081819688901732e+18,4.742818342264233e-19,0.10323071910674103,-12.884137263494722,-8.063107597406933,0.02108938303421098,5.36416171852757e-06,64,-3193.294584974675,79911562298.98442,79911562270.15007,1.0416666666666667e-06,Exact FIM + sampled PSL,ordinary,87,-13.256466474732292,True,unknown_amplitude_exact,,,,2.1081819725736271e+18,79911562409.77301,26381438.54281344,quad_over_lin,1e-12,0.45,4.684848827941393e+18,-13.256466474732292,-13.256466479000423,-12.851160381606253,-8.063068860980234,-1.46484375e-06,-0.4053060931260397,249.0,1985.0,-13.256466474732292,0.2173585239870126,249.0,1.0416666666666667e-06
water_filling,ok,ok,0.0,False,,302.66647255585667,4539997.08833785,0.9999999999997009,3.357142857142003,1352339.55822864,76700122289.32645,2.023459562402141e+18,2.023459562402141e+18,2.0184916144919201e+18,4.94203105701235e-19,0.10537642058316507,-12.98830827300981,-8.325647488955411,0.01711887316524497,9.196364696291314e-06,64,-13722.690869242491,76511810044.6566,76511810044.63371,1.0416666666666667e-06,Water-filling (comm. only),ordinary,88,-13.256466474732292,False,,,,,,,,,,,,,,,,,,,,,,,
linear_sensing,ok,optimal,0.005441695997433271,False,,296.3558734470158,4445338.101705237,0.9999999996988038,3.3571428562822967,1324143.2646771574,106548749975.44952,2.8109092992909164e+18,2.8109092992909164e+18,2.805966088353779e+18,3.557567653471641e-19,0.08940612887638388,-7.7241437338276295,-1.963133495771932,0.03980664524755322,6.034783658094872e-05,64,-13688.48344170178,106361375428.60786,106361375396.57222,1.0416666666666667e-06,Linear S(P) (known-amp. surrogate),ordinary,88,-13.256466474732292,False,known_amplitude_linear,106548750000.0,0.6,177581250000.0,,,,,,,,,,,,,,,,,,,
exact_fim,ok,optimal,0.006463896999775898,False,,302.5756417741038,4538634.626611557,0.9999999991582729,3.3571428547379227,1351933.7195336204,80062941424.60382,2.1121755687500582e+18,2.1121755687500582e+18,2.108181972155447e+18,4.734454913668845e-19,0.103139661044574,-12.154814479166403,-7.514414931706178,0.01878105464103193,9.627753885174645e-06,64,-12303.618606310165,79911562461.18542,79911562393.92169,1.0416666666666667e-06,Exact unknown-amplitude FIM,ordinary,88,-13.256466474732292,False,unknown_amplitude_exact,,,,2.1081819725736271e+18,79911562409.77301,26381438.54281344,quad_over_lin,1e-12,0.45,4.684848827941393e+18,,,,,,,,,,,,
exact_fim_psl,ok,optimal,0.4313315280014649,False,,302.51363810325574,4537704.571548836,0.9999999996799271,3.3571428562283634,1351656.681255082,80047291665.66219,2.1117627055963297e+18,2.1117627055963297e+18,2.1081819744352673e+18,4.735380529971123e-19,0.10314974278447138,-12.869588434435498,-7.546009497075897,0.020228858372210768,9.736706292093463e-06,64,-11650.286922061114,79911562505.9168,79911562480.33928,1.0416666666666667e-06,Exact FIM + sampled PSL,ordinary,88,-13.256466474732292,True,unknown_amplitude_exact,,,,2.1081819725736271e+18,79911562409.77301,26381438.54281344,quad_over_lin,1e-12,0.45,4.684848827941393e+18,-13.256466474732292,-13.256466499225471,-12.840457785823565,-7.546530122099679,-1.46484375e-06,-0.4160086889087271,249.0,1985.0,-13.256466474732292,0.2173585239870126,249.0,1.0416666666666667e-06
water_filling,ok,ok,0.0,False,,314.757863478483,4721367.952177245,0.9999999999992049,3.3571428571405857,1406364.9219260884,76088961247.309,2.0073362549323955e+18,2.0073362549323955e+18,2.0073141373940221e+18,4.981726392590258e-19,0.10579877591908116,-13.599112639433947,-9.763446772654802,0.016438916994804487,8.752797022027841e-07,64,915.6281962346607,76088122872.37576,76088122872.31526,1.0416666666666667e-06,Water-filling (comm. only),ordinary,89,-13.256466474732292,False,,,,,,,,,,,,,,,,,,,,,,,
linear_sensing,ok,optimal,0.005405613999755587,False,,307.67737613142015,4615160.641971302,0.9999999989518957,3.3571428541482735,1374728.7030900551,106548749915.78163,2.810909297716792e+18,2.810909297716792e+18,2.8108871279427364e+18,3.5575676554638986e-19,0.08940612890141784,-7.9665106719737375,-2.2066536314348744,0.038392851936711644,5.326699480101618e-05,64,916.7087929520019,106547909672.44476,106547909560.77144,1.0416666666666667e-06,Linear S(P) (known-amp. surrogate),ordinary,89,-13.256466474732292,False,known_amplitude_linear,106548750000.0,0.6,177581250000.0,,,,,,,,,,,,,,,,,,,
exact_fim,ok,optimal,0.006492476997664198,False,,314.63222881407796,4719483.432211169,0.9999999995427762,3.3571428558365035,1405803.5760992987,79912216717.24933,2.1081992341461018e+18,2.1081992341461018e+18,2.1081819832242954e+18,4.743384703889415e-19,0.10323688254884514,-12.599694936026092,-8.581839786790335,0.01789899590180957,1.364670592576424e-06,64,808.6431588584959,79911562850.02873,79911562813.49126,1.0416666666666667e-06,Exact unknown-amplitude FIM,ordinary,89,-13.256466474732292,False,unknown_amplitude_exact,,,,2.1081819725736271e+18,79911562409.77301,26381438.54281344,quad_over_lin,1e-12,0.45,4.684848827941393e+18,,,,,,,,,,,,
exact_fim_psl,ok,optimal,0.47045903300022474,False,,314.6219578433992,4719329.367650988,0.9999999996930855,3.3571428562659587,1405757.6843483346,79912221033.84843,2.1081993480241958e+18,2.1081993480241958e+18,2.1081819727649027e+18,4.743384447667152e-19,0.10323687976058425,-12.871780997752133,-8.584868357708244,0.018283997205642045,1.496381062738516e-06,64,811.5521087630415,79911562441.54941,79911562417.02339,1.0416666666666667e-06,Exact FIM + sampled PSL,ordinary,89,-13.256466474732292,True,unknown_amplitude_exact,,,,2.1081819725736271e+18,79911562409.77301,26381438.54281344,quad_over_lin,1e-12,0.45,4.684848827941393e+18,-13.256466474732292,-13.25646654485844,-12.841094189891793,-8.584725622865339,-1.46484375e-06,-0.41537228484049926,249.0,1985.0,-13.256466474732292,0.2173585239870126,249.0,1.0416666666666667e-06
water_filling,ok,ok,0.0,False,,325.39080340315945,4880862.051047392,0.9999999999995816,3.3571428571416617,1453873.8024401665,75299765127.99197,1.9865161260124068e+18,1.9865161260124068e+18,1.984603488747201e+18,5.033938496171838e-19,0.10635175472079747,-13.894858790642813,-8.675460261946212,0.016866085855813395,9.233362184928109e-06,62,8514.655277972264,75227265773.52078,75227265773.4893,1.0416666666666667e-06,Water-filling (comm. only),ordinary,90,-13.256466474732292,False,,,,,,,,,,,,,,,,,,,,,,,
linear_sensing,ok,optimal,0.0051579569990281016,False,,318.20055628364935,4773008.3442547405,0.9999999991535481,3.3571428547244233,1421747.1673979573,106548749929.01598,2.8109092980659333e+18,2.8109092980659333e+18,2.807233523172719e+18,3.5575676550220146e-19,0.0894061288958653,-8.086057285247456,-1.728810649050686,0.04206630119238392,6.662993113637973e-05,64,11803.891722577415,106409418159.40604,106409418069.33559,1.0416666666666667e-06,Linear S(P) (known-amp. surrogate),ordinary,90,-13.256466474732292,False,known_amplitude_linear,106548750000.0,0.6,177581250000.0,,,,,,,,,,,,,,,,,,,
exact_fim,ok,optimal,0.007077248999848962,False,,325.2083121941981,4878124.682912971,0.9999999992796504,3.3571428550847155,1453058.4170776594,79973285830.37386,2.1098103252008607e+18,2.1098103252008607e+18,2.108181979397794e+18,4.739762565645785e-19,0.10319745820340072,-12.666479929211539,-7.487036290959075,0.019414421368726183,1.0034912873582786e-05,64,7856.40897435147,79911562726.0103,79911562668.44604,1.0416666666666667e-06,Exact unknown-amplitude FIM,ordinary,90,-13.256466474732292,False,unknown_amplitude_exact,,,,2.1081819725736271e+18,79911562409.77301,26381438.54281344,quad_over_lin,1e-12,0.45,4.684848827941393e+18,,,,,,,,,,,,
exact_fim_psl,ok,optimal,0.4669315719984297,False,,325.201491818899,4878022.377283485,0.9999999996914856,3.3571428562613876,1453027.9425510634,79969411464.5632,2.1097081138573345e+18,2.1097081138573345e+18,2.108181970672086e+18,4.739992198122737e-19,0.10319995803336018,-12.909232613155044,-7.497108696515693,0.01995679894061713,1.0080025322515508e-05,64,7605.861350747613,79911562362.34813,79911562337.69426,1.0416666666666667e-06,Exact FIM + sampled PSL,ordinary,90,-13.256466474732292,True,unknown_amplitude_exact,,,,2.1081819725736271e+18,79911562409.77301,26381438.54281344,quad_over_lin,1e-12,0.45,4.684848827941393e+18,-13.256466474732292,-13.256466572520807,-12.871249760648166,-7.496943839929086,-1.46484375e-06,-0.3852167140841267,249.0,1985.0,-13.256466474732292,0.2173585239870126,249.0,1.0416666666666667e-06
water_filling,ok,ok,0.0,False,,318.37336011896707,4775600.401784506,0.9999999999993522,3.3571428571410062,1422519.2686174456,77697174126.45544,2.0497632241673592e+18,2.0497632241673592e+18,2.0495798536259297e+18,4.8786122621856145e-19,0.10469811406716291,-13.012390909787612,-9.088245396280056,0.01641513287602159,1.852912068500905e-06,64,2636.4257636239327,77690223385.69867,77690223385.64835,1.0416666666666667e-06,Water-filling (comm. only),ordinary,91,-13.256466474732292,False,,,,,,,,,,,,,,,,,,,,,,,
linear_sensing,ok,optimal,0.00536975399882067,False,,312.0095649831291,4680143.474746937,0.9999999990573423,3.3571428544495494,1394085.2914685728,106548749926.30147,2.8109092979943204e+18,2.8109092979943204e+18,2.8107258536271375e+18,3.5575676551126503e-19,0.08940612889700418,-7.798646882132653,-2.2296945167977587,0.03808149515721358,5.2669955544368626e-05,64,2636.9564295265845,106541796487.52925,106541796387.0968,1.0416666666666667e-06,Linear S(P) (known-amp. surrogate),ordinary,91,-13.256466474732292,False,known_amplitude_linear,106548750000.0,0.6,177581250000.0,,,,,,,,,,,,,,,,,,,
exact_fim,ok,optimal,0.006344805999106029,False,,318.33076700748,4774961.5051122,0.9999999994991619,3.357142855711891,1422328.9595758524,79917577150.07959,2.1083406500753764e+18,2.1083406500753764e+18,2.108181974342936e+18,4.743066543654834e-19,0.10323342020880544,-12.444976899179014,-8.434689167230054,0.017176466787293603,2.3155105616217e-06,64,2452.4830770413346,79911562516.8622,79911562476.83943,1.0416666666666667e-06,Exact unknown-amplitude FIM,ordinary,91,-13.256466474732292,False,unknown_amplitude_exact,,,,2.1081819725736271e+18,79911562409.77301,26381438.54281344,quad_over_lin,1e-12,0.45,4.684848827941393e+18,,,,,,,,,,,,
exact_fim_psl,ok,optimal,0.4699663050014351,False,,318.3067397976229,4774601.096964343,0.999999999653524,3.357142856152926,1422221.603770456,79917249005.2023,2.108331993141463e+18,2.108331993141463e+18,2.108181970644813e+18,4.743086018962208e-19,0.10323363214980474,-12.868233794925501,-8.445275323304905,0.017962088989984176,2.472044854462477e-06,64,2384.673676587985,79911562364.3479,79911562336.66046,1.0416666666666667e-06,Exact FIM + sampled PSL,ordinary,91,-13.256466474732292,True,unknown_amplitude_exact,,,,2.1081819725736271e+18,79911562409.77301,26381438.54281344,quad_over_lin,1e-12,0.45,4.684848827941393e+18,-13.256466474732292,-13.256466521900466,-12.838208627660524,-8.44515989776631,-1.46484375e-06,-0.41825784707176794,249.0,1985.0,-13.256466474732292,0.2173585239870126,249.0,1.0416666666666667e-06
water_filling,ok,ok,0.0,False,,311.98567800175283,4679785.170026292,0.9999999999992151,3.3571428571406146,1393978.5612853586,77693910290.78238,2.049677119487136e+18,2.049677119487136e+18,2.0495547053939848e+18,4.878817207318082e-19,0.10470031317034616,-12.988115546091063,-8.963478332140383,0.016723522719200187,2.6719844942015014e-06,64,-2154.1030376907647,77689270130.94637,77689270130.88539,1.0416666666666667e-06,Water-filling (comm. only),ordinary,92,-13.256466474732292,False,,,,,,,,,,,,,,,,,,,,,,,
linear_sensing,ok,optimal,0.005279084001813317,False,,305.7943422134606,4586915.133201909,0.9999999995943668,3.357142855983905,1366315.1465318222,106548749970.36205,2.810909299156701e+18,2.810909299156701e+18,2.8107868693230054e+18,3.5575676536415076e-19,0.08940612887851837,-7.789784559191658,-2.1772270812814383,0.0385649674095674,5.401527588655376e-05,64,-2154.241525714497,106544109257.03065,106544109213.81282,1.0416666666666667e-06,Linear S(P) (known-amp. surrogate),ordinary,92,-13.256466474732292,False,known_amplitude_linear,106548750000.0,0.6,177581250000.0,,,,,,,,,,,,,,,,,,,
exact_fim,ok,optimal,0.006426945001294371,False,,311.9442621189276,4679163.931783915,0.9999999994907526,3.3571428556878646,1393793.5121992815,79915573510.12701,2.1082877911711055e+18,2.1082877911711055e+18,2.1081819749188178e+18,4.743185461622974e-19,0.10323471433271406,-12.421743238398484,-8.324658686620118,0.017778601826488712,3.1370185838714647e-06,64,-2002.7509731791135,79911562539.36325,79911562498.66849,1.0416666666666667e-06,Exact unknown-amplitude FIM,ordinary,92,-13.256466474732292,False,unknown_amplitude_exact,,,,2.1081819725736271e+18,79911562409.77301,26381438.54281344,quad_over_lin,1e-12,0.45,4.684848827941393e+18,,,,,,,,,,,,
exact_fim_psl,ok,optimal,0.4977498830012337,False,,311.9167852090992,4678751.778136488,0.9999999996666442,3.3571428561904124,1393670.742819029,79915338450.90593,2.108281589970711e+18,2.108281589970711e+18,2.108181972101997e+18,4.743199413005794e-19,0.10323486615747113,-12.893641489809726,-8.335817892806633,0.01863275713335122,3.308787535084688e-06,64,-1943.2084323449867,79911562418.53462,79911562391.89565,1.0416666666666667e-06,Exact FIM + sampled PSL,ordinary,92,-13.256466474732292,True,unknown_amplitude_exact,,,,2.1081819725736271e+18,79911562409.77301,26381438.54281344,quad_over_lin,1e-12,0.45,4.684848827941393e+18,-13.256466474732292,-13.256466520840963,-12.858601720673185,-8.335657040631494,-1.46484375e-06,-0.39786475405910693,249.0,1985.0,-13.256466474732292,0.2173585239870126,249.0,1.0416666666666667e-06
water_filling,ok,ok,0.0,False,,308.978134883026,4634672.02324539,1.0000000000006284,3.3571428571446527,1380540.6026681012,77365100831.22443,2.0410026529375122e+18,2.0410026529375122e+18,2.0375502601098493e+18,4.899552671138131e-19,0.10492257069714793,-13.502476350206374,-8.320552612500089,0.016917197915319017,8.33219531261753e-06,63,-11439.60071421141,77234236366.67522,77234236366.72375,1.0416666666666667e-06,Water-filling (comm. only),ordinary,93,-13.256466474732292,False,,,,,,,,,,,,,,,,,,,,,,,
linear_sensing,ok,optimal,0.005260666999674868,False,,302.80112288311886,4542016.843246783,0.9999999994358754,3.3571428555310727,1352941.1879996608,106548749952.53313,2.810909298686349e+18,2.810909298686349e+18,2.8078139207550484e+18,3.557567654236799e-19,0.08940612888599857,-7.924720765753604,-2.0063962775079704,0.03902133909105249,5.909926864847698e-05,64,-10831.973888361752,106431418354.32175,106431418294.28116,1.0416666666666667e-06,Linear S(P) (known-amp. surrogate),ordinary,93,-13.256466474732292,False,known_amplitude_linear,106548750000.0,0.6,177581250000.0,,,,,,,,,,,,,,,,,,,
exact_fim,ok,optimal,0.0064153580024139956,False,,308.9202081515589,4633803.122273384,0.99999999932435,3.357142855212429,1380281.7818964012,80021825148.3142,2.1110908622340137e+18,2.1110908622340137e+18,2.1081819734691172e+18,4.7368875394675e-19,0.10316615490545236,-12.758157198460848,-7.652597804065307,0.018355626339771093,8.820941267866896e-06,64,-10500.604966940764,79911562497.7092,79911562443.71695,1.0416666666666667e-06,Exact unknown-amplitude FIM,ordinary,93,-13.256466474732292,False,unknown_amplitude_exact,,,,2.1081819725736271e+18,79911562409.77301,26381438.54281344,quad_over_lin,1e-12,0.45,4.684848827941393e+18,,,,,,,,,,,,
exact_fim_psl,ok,optimal,0.4466571830016619,False,,308.9195243102612,4633792.864653918,0.9999999996718747,3.3571428562053565,1380278.726027043,80020445561.87842,2.1110544667592435e+18,2.1110544667592435e+18,2.1081819703772324e+18,4.7369692054186375e-19,0.10316704421576238,-12.830249358053276,-7.656477295249534,0.01848665094050936,8.82452249763735e-06,64,-10434.713000194606,79911562352.73872,79911562326.51772,1.0416666666666667e-06,Exact FIM + sampled PSL,ordinary,93,-13.256466474732292,True,unknown_amplitude_exact,,,,2.1081819725736271e+18,79911562409.77301,26381438.54281344,quad_over_lin,1e-12,0.45,4.684848827941393e+18,-13.256466474732292,-13.256466778649191,-12.810095663826155,-7.657599641545825,-1.46484375e-06,-0.44637081090613684,249.0,1985.0,-13.256466474732292,0.2173585239870126,249.0,1.0416666666666667e-06
water_filling,ok,ok,0.0,False,,307.68957795063614,4615343.669259542,0.9999999999991223,3.3571428571403494,1374783.2206315286,76467344621.69893,2.017318552669486e+18,2.017318552669486e+18,2.0172933487877238e+18,4.957075315034979e-19,0.10553668924568518,-13.006160218419469,-9.23445896200295,0.016687932413802283,2.9480779798906776e-06,64,-977.4273342356848,76466389257.57234,76466389257.50522,1.0416666666666667e-06,Water-filling (comm. only),ordinary,94,-13.256466474732292,False,,,,,,,,,,,,,,,,,,,,,,,
linear_sensing,ok,optimal,0.005048121998697752,False,,300.9757969621646,4514636.95443247,0.9999999991470772,3.357142854705935,1344785.476764564,106548749930.10913,2.8109092980947707e+18,2.8109092980947707e+18,2.810884096894426e+18,3.5575676549855173e-19,0.08940612889540668,-7.730456083660561,-2.211406390521727,0.039852709766227915,5.310631957181865e-05,64,-977.3753394816715,106547794758.43277,106547794667.55573,1.0416666666666667e-06,Linear S(P) (known-amp. surrogate),ordinary,94,-13.256466474732292,False,known_amplitude_linear,106548750000.0,0.6,177581250000.0,,,,,,,,,,,,,,,,,,,
exact_fim,ok,optimal,0.00675212199712405,False,,307.5904673556667,4613857.010335,0.9999999993203486,3.357142855200996,1374340.3868521894,79912324316.65393,2.108202072773182e+18,2.108202072773182e+18,2.1081819720360704e+18,4.743378317072684e-19,0.1032368130462313,-12.154916396687954,-8.257778954144596,0.018291578122496936,3.42944952418391e-06,64,-872.8844469822799,79911562443.70868,79911562389.39667,1.0416666666666667e-06,Exact unknown-amplitude FIM,ordinary,94,-13.256466474732292,False,unknown_amplitude_exact,,,,2.1081819725736271e+18,79911562409.77301,26381438.54281344,quad_over_lin,1e-12,0.45,4.684848827941393e+18,,,,,,,,,,,,
exact_fim_psl,ok,optimal,0.4575521100014157,False,,307.5264534211709,4612896.801317563,0.9999999997046024,3.3571428562988643,1374054.3666953526,79911991028.66458,2.1081932801565734e+18,2.1081932801565734e+18,2.1081819709328253e+18,4.743398100224145e-19,0.10323702833028023,-12.859131723491458,-8.302257939914831,0.019558042743533132,3.488449219742102e-06,64,-654.7374183699333,79911562371.18338,79911562347.5777,1.0416666666666667e-06,Exact FIM + sampled PSL,ordinary,94,-13.256466474732292,True,unknown_amplitude_exact,,,,2.1081819725736271e+18,79911562409.77301,26381438.54281344,quad_over_lin,1e-12,0.45,4.684848827941393e+18,-13.256466474732292,-13.256466493856605,-12.83097520090548,-8.302176592410657,-1.46484375e-06,-0.42549127382681284,249.0,1985.0,-13.256466474732292,0.2173585239870126,249.0,1.0416666666666667e-06
water_filling,ok,ok,0.0,False,,334.0877269009017,5011315.903513526,0.9999999999999369,3.3571428571426774,1492732.3967913429,76264163394.12866,2.0119583396012877e+18,2.0119583396012877e+18,2.011944361611947e+18,4.970281840916106e-19,0.10567717994327007,-13.427658680936322,-9.751625717600815,0.016293398082185103,5.988137129960856e-07,64,727.9023405046751,76263633552.31616,76263633552.31136,1.0416666666666667e-06,Water-filling (comm. only),ordinary,95,-13.256466474732292,False,,,,,,,,,,,,,,,,,,,,,,,
linear_sensing,ok,optimal,0.005342133998055942,False,,326.96767376400635,4904515.106460095,0.9999999992373837,3.3571428549639535,1460919.3943618333,106548749944.2685,2.8109092984683156e+18,2.8109092984683156e+18,2.8108952869480934e+18,3.557567654512748e-19,0.08940612888946604,-7.927093678002295,-2.191800044865056,0.039931251340374785,5.364856694342992e-05,64,728.7748764091664,106548218912.70381,106548218831.44841,1.0416666666666667e-06,Linear S(P) (known-amp. surrogate),ordinary,95,-13.256466474732292,False,known_amplitude_linear,106548750000.0,0.6,177581250000.0,,,,,,,,,,,,,,,,,,,
exact_fim,ok,optimal,0.006642256998020457,False,,333.9712571012459,5009568.856518689,0.9999999993778239,3.357142855365211,1492212.000604221,79911981291.66388,2.108193023280488e+18,2.108193023280488e+18,2.1081819737360448e+18,4.743398678190926e-19,0.10323703461981884,-12.487896394563077,-8.617227246003736,0.017961946260229403,1.0984996337105573e-06,64,647.176814459811,79911562503.55403,79911562453.83496,1.0416666666666667e-06,Exact unknown-amplitude FIM,ordinary,95,-13.256466474732292,False,unknown_amplitude_exact,,,,2.1081819725736271e+18,79911562409.77301,26381438.54281344,quad_over_lin,1e-12,0.45,4.684848827941393e+18,,,,,,,,,,,,
exact_fim_psl,ok,optimal,0.434029626998381,False,,333.9501709966336,5009252.564949503,0.9999999996927531,3.357142856265009,1492117.7856942762,79911999473.52376,2.1081935029441073e+18,2.1081935029441073e+18,2.108181971131377e+18,4.743397598956134e-19,0.10323702287539112,-12.890061246386539,-8.623911609075755,0.018707577351809994,1.2694146998805313e-06,64,661.149317498594,79911562379.65645,79911562355.10387,1.0416666666666667e-06,Exact FIM + sampled PSL,ordinary,95,-13.256466474732292,True,unknown_amplitude_exact,,,,2.1081819725736271e+18,79911562409.77301,26381438.54281344,quad_over_lin,1e-12,0.45,4.684848827941393e+18,-13.256466474732292,-13.256466531693851,-12.855677043436039,-8.623737005563683,-1.46484375e-06,-0.40078943129625344,249.0,1985.0,-13.256466474732292,0.2173585239870126,249.0,1.0416666666666667e-06
water_filling,ok,ok,0.0,False,,328.4457509451655,4926686.264177483,0.9999999999994472,3.357142857141278,1467523.5680535575,78473112165.05199,2.0702335858456243e+18,2.0702335858456243e+18,2.070167995137988e+18,4.830372798688473e-19,0.10417920339552804,-12.45882947594821,-8.846901306068148,0.016455635324955867,1.8654716212594712e-06,64,-1576.7829729699044,78470625920.55151,78470625920.50813,1.0416666666666667e-06,Water-filling (comm. only),ordinary,96,-13.256466474732292,False,,,,,,,,,,,,,,,,,,,,,,,
linear_sensing,ok,optimal,0.0053356059979705606,False,,322.3921328834844,4835881.993252266,0.9999999994838347,3.357142855668099,1440475.4879845248,106548749962.52295,2.8109092989498947e+18,2.8109092989498947e+18,2.8108437036342205e+18,3.5575676539032477e-19,0.0894061288818073,-7.617396564235966,-2.2750020042283,0.03735516281031251,5.1487168209077245e-05,64,-1576.8383603993268,106546263598.30489,106546263543.3094,1.0416666666666667e-06,Linear S(P) (known-amp. surrogate),ordinary,96,-13.256466474732292,False,known_amplitude_linear,106548750000.0,0.6,177581250000.0,,,,,,,,,,,,,,,,,,,
exact_fim,ok,optimal,0.006758683997759363,False,,328.42771107079477,4926415.666061922,0.9999999993133094,3.3571428551808844,1467442.9652164695,79913829689.94215,2.1082417866860692e+18,2.1082417866860692e+18,2.1081819802261727e+18,4.74328896389011e-19,0.10323584068216607,-12.106064314186058,-8.427379615239662,0.017038920717209777,2.2223426346776634e-06,64,-1505.6527148160442,79911562754.7206,79911562699.84608,1.0416666666666667e-06,Exact unknown-amplitude FIM,ordinary,96,-13.256466474732292,False,unknown_amplitude_exact,,,,2.1081819725736271e+18,79911562409.77301,26381438.54281344,quad_over_lin,1e-12,0.45,4.684848827941393e+18,,,,,,,,,,,,
exact_fim_psl,ok,optimal,0.47931568599960883,False,,328.3483797237657,4925225.6958564855,0.9999999996940401,3.3571428562686862,1467088.5055307576,79913829284.08395,2.1082417759789458e+18,2.1082417759789458e+18,2.1081819711744712e+18,4.743288987979843e-19,0.10323584094431791,-12.888136650874209,-8.474824545829685,0.018359245980944263,2.303558272034612e-06,64,-1505.631876411697,79911562381.18712,79911562356.73738,1.0416666666666667e-06,Exact FIM + sampled PSL,ordinary,96,-13.256466474732292,True,unknown_amplitude_exact,,,,2.1081819725736271e+18,79911562409.77301,26381438.54281344,quad_over_lin,1e-12,0.45,4.684848827941393e+18,-13.256466474732292,-13.256466495448187,-12.85425184929549,-8.474687416029747,-1.46484375e-06,-0.40221462543680175,249.0,1985.0,-13.256466474732292,0.2173585239870126,249.0,1.0416666666666667e-06
water_filling,ok,ok,0.0,False,,340.35837289891276,5105375.593483691,1.000000000000239,3.3571428571435398,1520750.176782067,76808238270.36433,2.0263118175113882e+18,2.0263118175113882e+18,2.0262582407860524e+18,4.935074608744811e-19,0.10530223005784319,-13.279042829557358,-9.148449968086034,0.016539701916283178,3.106567242621644e-06,64,-1425.0786907803538,76806207421.07106,76806207421.08942,1.0416666666666667e-06,Water-filling (comm. only),ordinary,97,-13.256466474732292,False,,,,,,,,,,,,,,,,,,,,,,,
linear_sensing,ok,optimal,0.005484262997924816,False,,333.6582926360461,5004874.389540692,0.9999999997655314,3.3571428564729473,1490813.6482457796,106548749983.62314,2.810909299506548e+18,2.810909299506548e+18,2.810855712562557e+18,3.557567653198731e-19,0.0894061288729546,-7.87868890843733,-2.1239501580533364,0.03903546279257388,5.540194554531829e-05,64,-1425.2145866519363,106546718771.98747,106546718747.00562,1.0416666666666667e-06,Linear S(P) (known-amp. surrogate),ordinary,97,-13.256466474732292,False,known_amplitude_linear,106548750000.0,0.6,177581250000.0,,,,,,,,,,,,,,,,,,,
exact_fim,ok,optimal,0.00748218299850123,False,,340.2760377130317,5104140.565695476,0.9999999994136075,3.3571428554674503,1520382.2969233678,79913224191.14557,2.108225812756779e+18,2.108225812756779e+18,2.1081819742507612e+18,4.743324903570791e-19,0.10323623178801573,-12.482605262519533,-8.262274226672915,0.017861049389214515,3.617267926312906e-06,64,-1289.0763363862843,79911562520.20505,79911562473.3455,1.0416666666666667e-06,Exact unknown-amplitude FIM,ordinary,97,-13.256466474732292,False,unknown_amplitude_exact,,,,2.1081819725736271e+18,79911562409.77301,26381438.54281344,quad_over_lin,1e-12,0.45,4.684848827941393e+18,,,,,,,,,,,,
exact_fim_psl,ok,optimal,0.4854003840009682,False,,340.25534593552334,5103830.18903285,0.9999999996705305,3.357142856201516,1520289.8439679884,79912847027.15363,2.108215862628105e+18,2.108215862628105e+18,2.1081819713318395e+18,4.74334729060144e-19,0.10323647540931569,-12.884485531800339,-8.271149040292809,0.018476145124858515,3.7698076985486517e-06,64,-1133.4303911348793,79911562389.03091,79911562362.7025,1.0416666666666667e-06,Exact FIM + sampled PSL,ordinary,97,-13.256466474732292,True,unknown_amplitude_exact,,,,2.1081819725736271e+18,79911562409.77301,26381438.54281344,quad_over_lin,1e-12,0.45,4.684848827941393e+18,-13.256466474732292,-13.256466540989408,-12.851249504764986,-8.271017362351238,-1.46484375e-06,-0.40521696996730583,249.0,1985.0,-13.256466474732292,0.2173585239870126,249.0,1.0416666666666667e-06
water_filling,ok,ok,0.0,False,,294.9847600598646,4424771.400897969,0.9999999999995413,3.3571428571415467,1318017.0130339519,77004440484.68726,2.031487914170512e+18,2.031487914170512e+18,2.0306563999617667e+18,4.922500365493513e-19,0.10516799294249621,-12.953226321637391,-7.614064333737921,0.017548300447616863,1.3936748906094904e-05,62,-5614.170537171147,76972921573.90215,76972921573.86684,1.0416666666666667e-06,Water-filling (comm. only),ordinary,98,-13.256466474732292,False,,,,,,,,,,,,,,,,,,,,,,,
linear_sensing,ok,optimal,0.005356392997782677,False,,288.8504685250879,4332757.027876318,0.9999999996173895,3.3571428560496845,1290608.476808946,106548749968.90869,2.8109092991183606e+18,2.8109092991183606e+18,2.8093196336754534e+18,3.5575676536900323e-19,0.0894061288791281,-7.704671557894662,-1.744067908660931,0.040482105219965245,6.586499206400814e-05,64,-7762.536050296119,106488493043.74323,106488493002.9996,1.0416666666666667e-06,Linear S(P) (known-amp. surrogate),ordinary,98,-13.256466474732292,False,known_amplitude_linear,106548750000.0,0.6,177581250000.0,,,,,,,,,,,,,,,,,,,
exact_fim,ok,optimal,0.006266615000640741,False,,294.91536719533207,4423730.507929981,0.9999999994322708,3.357142855520774,1317706.9604456117,79942145627.67268,2.1089888018570893e+18,2.1089888018570893e+18,2.1081819730735153e+18,4.741608865440351e-19,0.10321755571799453,-12.19479519104623,-6.939520154424079,0.018663496385931448,1.4849610057937126e-05,64,-5530.207859436901,79911562474.0896,79911562428.72147,1.0416666666666667e-06,Exact unknown-amplitude FIM,ordinary,98,-13.256466474732292,False,unknown_amplitude_exact,,,,2.1081819725736271e+18,79911562409.77301,26381438.54281344,quad_over_lin,1e-12,0.45,4.684848827941393e+18,,,,,,,,,,,,
exact_fim_psl,ok,optimal,0.5064773090016388,False,,294.86269611536954,4422940.441730543,0.9999999997186741,3.357142856339069,1317471.6212564502,79939766606.93207,2.108926039867628e+18,2.108926039867628e+18,2.108181970983994e+18,4.741749976508268e-19,0.10321909159237438,-12.860132607718548,-6.934282791177424,0.019861842164028552,1.5286785378629314e-05,64,-5310.768063351029,79911562371.99847,79911562349.51729,1.0416666666666667e-06,Exact FIM + sampled PSL,ordinary,98,-13.256466474732292,True,unknown_amplitude_exact,,,,2.1081819725736271e+18,79911562409.77301,26381438.54281344,quad_over_lin,1e-12,0.45,4.684848827941393e+18,-13.256466474732292,-13.256466497230143,-12.831572167885998,-6.934165254599838,-1.46484375e-06,-0.42489430684629426,249.0,1985.0,-13.256466474732292,0.2173585239870126,249.0,1.0416666666666667e-06
water_filling,ok,ok,0.0,False,,306.85272747589727,4602790.912138459,0.9999999999997,3.357142857142,1371044.1014884016,77190217476.90686,2.036388978473422e+18,2.036388978473422e+18,2.0347004394091625e+18,4.910653173686147e-19,0.10504136055419805,-12.55345720024258,-6.8448265052472745,0.017583234981863687,2.073870964809645e-05,60,8000.300862886675,77126212663.03331,77126212663.01018,1.0416666666666667e-06,Water-filling (comm. only),ordinary,99,-13.256466474732292,False,,,,,,,,,,,,,,,,,,,,,,,
linear_sensing,ok,optimal,0.004999790999136167,False,,300.35005509686675,4505250.826453001,0.9999999990003106,3.357142854286602,1341989.6090213815,106548749911.57019,2.810909297605688e+18,2.810909297605688e+18,2.8025182543573745e+18,3.5575676556045146e-19,0.08940612890318478,-7.478391636226459,-1.5335548358447315,0.04321819066075843,7.251576465118596e-05,64,17834.40986739069,106230683842.76776,106230683736.57007,1.0416666666666667e-06,Linear S(P) (known-amp. surrogate),ordinary,99,-13.256466474732292,False,known_amplitude_linear,106548750000.0,0.6,177581250000.0,,,,,,,,,,,,,,,,,,,
exact_fim,ok,optimal,0.006422235997888492,False,,306.78795450632134,4601819.31759482,0.9999999993673419,3.3571428553352627,1370754.6910854517,79974165791.41223,2.1098335398389146e+18,2.1098335398389146e+18,2.1081819733964966e+18,4.739710413724629e-19,0.1031968904576082,-11.846680963663452,-6.296381942552474,0.01874616442938025,2.1516255155285798e-05,64,7912.227909230292,79911562491.52094,79911562440.96423,1.0416666666666667e-06,Exact unknown-amplitude FIM,ordinary,99,-13.256466474732292,False,unknown_amplitude_exact,,,,2.1081819725736271e+18,79911562409.77301,26381438.54281344,quad_over_lin,1e-12,0.45,4.684848827941393e+18,,,,,,,,,,,,
exact_fim_psl,ok,optimal,0.4630393200022809,False,,306.6532556633949,4599798.834950923,0.9999999997343255,3.3571428563837875,1370152.844763266,79979294827.3497,2.1099688511852828e+18,2.1099688511852828e+18,2.1081819710808955e+18,4.73940645824343e-19,0.10319358141964308,-12.820281733025398,-6.2959627124827495,0.020409875232607972,2.2095391560601994e-05,64,8229.974129809721,79911562374.42082,79911562353.19035,1.0416666666666667e-06,Exact FIM + sampled PSL,ordinary,99,-13.256466474732292,True,unknown_amplitude_exact,,,,2.1081819725736271e+18,79911562409.77301,26381438.54281344,quad_over_lin,1e-12,0.45,4.684848827941393e+18,-13.256466474732292,-13.25646648241741,-12.80018444846573,-6.295914080849246,-1.46484375e-06,-0.4562820262665621,249.0,1985.0,-13.256466474732292,0.2173585239870126,249.0,1.0416666666666667e-06
water_filling,ok,ok,0.0,False,,282.34208342716795,4235131.251407519,1.000000000000578,3.3571428571445088,1261528.457865449,70437331070.47357,1.858238120755502e+18,1.858238120755502e+18,1.8087481924832924e+18,5.381441639962864e-19,0.10996134028587702,-15.41575179690263,-8.47312723384958,0.018852258971486797,2.4729319108412847e-05,62,-43312.09345633255,68561393630.86278,68561393630.902405,1.0416666666666667e-06,Water-filling (comm. only),asymmetric,0,-13.256466474732292,False,,,,,,,,,,,,,,,,,,,,,,,
linear_sensing,ok,optimal,0.0054910239996388555,False,,274.6443982900971,4119665.974351457,0.9999999990784508,3.35714285450986,1227134.5465139358,106548749927.66643,2.81090929803033e+18,2.81090929803033e+18,2.761544079794776e+18,3.5575676550670756e-19,0.08940612889643151,-8.256007408688554,-1.6720500591865173,0.04575444360724773,7.492804391239404e-05,64,-43257.48782179738,104677539773.20338,104677539676.73788,1.0416666666666667e-06,Linear S(P) (known-amp. surrogate),asymmetric,0,-13.256466474732292,False,known_amplitude_linear,106548750000.0,0.6,177581250000.0,,,,,,,,,,,,,,,,,,,
exact_fim,ok,optimal,0.006797734000429045,False,,281.5860722580203,4223791.083870305,0.9999999993928936,3.357142855408268,1258150.5362710108,80885132842.06668,2.1338661611002831e+18,2.1338661611002831e+18,2.108181969783312e+18,4.686329528204201e-19,0.10261411857952094,-12.612781008124328,-6.601254674330818,0.021891916849768354,1.977344760451658e-05,64,-31202.091895462032,79911562352.5197,79911562304.00488,1.0416666666666667e-06,Exact unknown-amplitude FIM,asymmetric,0,-13.256466474732292,False,unknown_amplitude_exact,,,,2.1081819725736271e+18,79911562409.77301,26381438.54281344,quad_over_lin,1e-12,0.45,4.684848827941393e+18,,,,,,,,,,,,
exact_fim_psl,ok,optimal,0.4674644169972453,False,,281.5842449262938,4223763.673894407,0.9999999997187959,3.3571428563394172,1258142.3712483721,80866748220.08478,2.133381148325335e+18,2.133381148325335e+18,2.1081819705785329e+18,4.687394940116451e-19,0.10262578230170058,-12.743974405531421,-6.604420633995515,0.021966981957539055,1.9804350966087636e-05,64,-30906.081702559943,79911562356.61952,79911562334.14807,1.0416666666666667e-06,Exact FIM + sampled PSL,asymmetric,0,-13.256466474732292,True,unknown_amplitude_exact,,,,2.1081819725736271e+18,79911562409.77301,26381438.54281344,quad_over_lin,1e-12,0.45,4.684848827941393e+18,-13.256466474732292,-13.256466673307179,-12.743974405531421,-6.60873062462224,-1.4322916666666667e-06,-0.5124920692008708,249.0,1985.0,-13.256466474732292,0.2173585239870126,249.0,1.0416666666666667e-06
water_filling,ok,ok,0.0,False,,281.59369492613723,4223905.423892058,0.9999999999993877,3.357142857141108,1258184.5943514814,70880940365.301,1.8699411721040125e+18,1.8699411721040125e+18,1.840385499956145e+18,5.347761816885523e-19,0.10961670296511473,-14.261450469136317,-7.940636825301994,0.018455384462889413,2.520985996822152e-05,60,-33471.192347387085,69760619648.18861,69760619648.1459,1.0416666666666667e-06,Water-filling (comm. only),asymmetric,1,-13.256466474732292,False,,,,,,,,,,,,,,,,,,,,,,,
linear_sensing,ok,optimal,0.005655250999552663,False,,273.2977808669141,4099466.7130037113,0.9999999992833555,3.3571428550953017,1221117.74504375,106548749938.40439,2.810909298313613e+18,2.810909298313613e+18,2.751395974793051e+18,3.5575676547085445e-19,0.08940612889192634,-8.105336412537602,-0.896057452060893,0.052827234036596504,9.879432570937182e-05,64,-47496.09073144105,104292871379.99269,104292871305.25177,1.0416666666666667e-06,Linear S(P) (known-amp. surrogate),asymmetric,1,-13.256466474732292,False,known_amplitude_linear,106548750000.0,0.6,177581250000.0,,,,,,,,,,,,,,,,,,,
exact_fim,ok,optimal,0.006639006998739205,False,,280.84359464922215,4212653.919738333,0.9999999994456188,3.357142855558911,1254833.0830672956,80640566140.43196,2.1274141396914877e+18,2.1274141396914877e+18,2.1081819709432238e+18,4.700542227969855e-19,0.10276960482383649,-11.993552125869194,-5.966749401839229,0.023364629382396754,2.5873846874132088e-05,64,-27000.07023813529,79911562392.27333,79911562347.97186,1.0416666666666667e-06,Exact unknown-amplitude FIM,asymmetric,1,-13.256466474732292,False,unknown_amplitude_exact,,,,2.1081819725736271e+18,79911562409.77301,26381438.54281344,quad_over_lin,1e-12,0.45,4.684848827941393e+18,,,,,,,,,,,,
exact_fim_psl,ok,optimal,0.43973623599958955,False,,280.76168820301064,4211425.32304516,0.9999999997098996,3.357142856313999,1254467.1178125339,80539991771.61014,2.1247608431614326e+18,2.1247608431614326e+18,2.108181970375896e+18,4.706412033234289e-19,0.10283375161077457,-12.89714602319908,-5.931743621754999,0.024532171069912255,2.6878178801033186e-05,64,-25068.495075001927,79911562349.64943,79911562326.46706,1.0416666666666667e-06,Exact FIM + sampled PSL,asymmetric,1,-13.256466474732292,True,unknown_amplitude_exact,,,,2.1081819725736271e+18,79911562409.77301,26381438.54281344,quad_over_lin,1e-12,0.45,4.684848827941393e+18,-13.256466474732292,-13.2564664929955,-12.863049201081063,-5.932089363054207,-1.46484375e-06,-0.39341727365122914,249.0,1985.0,-13.256466474732292,0.2173585239870126,249.0,1.0416666666666667e-06
water_filling,ok,ok,0.0,False,,275.0774443602923,4126161.6654043845,1.0000000000001845,3.3571428571433843,1229069.4322479216,68153111826.36448,1.7979771311487258e+18,1.7979771311487258e+18,1.6596714229921334e+18,5.561806002288255e-19,0.1117888852668959,-15.519212707538063,-8.140414979695041,0.01965271611161984,4.0892140597296854e-05,57,-72405.37641993366,62910573291.839615,62910573291.85123,1.0416666666666667e-06,Water-filling (comm. only),asymmetric,2,-13.256466474732292,False,,,,,,,,,,,,,,,,,,,,,,,
linear_sensing,ok,optimal,0.005435995997686405,False,,266.75963894514234,4001394.584177135,0.9999999990423672,3.3571428544067636,1191904.7707263015,106548749918.98367,2.810909297801266e+18,2.810909297801266e+18,2.627540950789084e+18,3.5575676553569854e-19,0.08940612890007442,-8.815942991511712,-0.8133051280212577,0.05348131563879617,0.00012135059225409635,64,-83370.6041324151,99598092387.61438,99598092292.23598,1.0416666666666667e-06,Linear S(P) (known-amp. surrogate),asymmetric,2,-13.256466474732292,False,known_amplitude_linear,106548750000.0,0.6,177581250000.0,,,,,,,,,,,,,,,,,,,
exact_fim,ok,optimal,0.006663502001174493,False,,273.5312879697589,4102969.319546384,0.9999999995498956,3.3571428558568446,1222161.0743756038,82494484297.28458,2.1763231676099018e+18,2.1763231676099018e+18,2.1081819703936978e+18,4.594905825030699e-19,0.10160826007336105,-13.120439063060097,-5.0661369086565236,0.02773410446350792,4.205533053843676e-05,64,-50822.45538445918,79911562363.11037,79911562327.14182,1.0416666666666667e-06,Exact unknown-amplitude FIM,asymmetric,2,-13.256466474732292,False,unknown_amplitude_exact,,,,2.1081819725736271e+18,79911562409.77301,26381438.54281344,quad_over_lin,1e-12,0.45,4.684848827941393e+18,,,,,,,,,,,,
exact_fim_psl,ok,optimal,0.4431629079990671,False,,273.5312880362793,4102969.32054419,0.9999999997909459,3.35714285654556,1222161.074422097,82494584835.05893,2.1763258199410166e+18,2.1763258199410166e+18,2.1081819732107172e+18,4.594900225128525e-19,0.10160819815734888,-13.120371876662539,-5.066109767502285,0.027734101144724244,4.205589361957123e-05,64,-50823.44342600907,79911562450.62802,79911562433.92218,1.0416666666666667e-06,Exact FIM + sampled PSL,asymmetric,2,-13.256466474732292,False,unknown_amplitude_exact,,,,2.1081819725736271e+18,79911562409.77301,26381438.54281344,quad_over_lin,1e-12,0.45,4.684848827941393e+18,-13.256466474732292,-13.72647070274729,-13.120371876662539,-5.073468029632986,-1.4322916666666667e-06,-0.13609459806975366,249.0,1985.0,-13.256466474732292,0.2173585239870126,249.0,1.0416666666666667e-06
water_filling,ok,ok,0.0,False,,274.5217774523768,4117826.661785652,1.000000000000739,3.357142857144969,1226586.6652119758,65713006126.2187,1.7336036325823613e+18,1.7336036325823613e+18,1.6423229469062784e+18,5.768331244844062e-19,0.11384548277130932,-14.396559129567269,-9.45499724610332,0.01878818580852586,2.9215003274728156e-05,60,-58822.057344058485,62252971695.98243,62252971696.028435,1.0416666666666667e-06,Water-filling (comm. only),asymmetric,3,-13.256466474732292,False,,,,,,,,,,,,,,,,,,,,,,,
linear_sensing,ok,optimal,0.00502463199882186,False,,264.030868573799,3960463.028606985,0.9999999991184139,3.3571428546240396,1179712.3923850749,106548749923.72694,2.8109092979264005e+18,2.8109092979264005e+18,2.614153856726153e+18,3.5575676551986113e-19,0.08940612889808434,-8.106052964677371,-0.5467077309420373,0.06249999413969183,0.00012772485384380925,64,-86360.29938969109,99090648706.98177,99090648619.62482,1.0416666666666667e-06,Linear S(P) (known-amp. surrogate),asymmetric,3,-13.256466474732292,False,known_amplitude_linear,106548750000.0,0.6,177581250000.0,,,,,,,,,,,,,,,,,,,
exact_fim,ok,optimal,0.006705183997837594,False,,272.455423562589,4086831.3534388347,0.9999999993313184,3.357142855232339,1217354.0208660546,81615880572.27145,2.1531443374349806e+18,2.1531443374349806e+18,2.1081819684246892e+18,4.644370480017564e-19,0.10215370797098097,-11.340853921487561,-5.757587729564801,0.02649054891227424,2.8532184451252934e-05,64,-41283.39037561476,79911562305.94109,79911562252.50569,1.0416666666666667e-06,Exact unknown-amplitude FIM,asymmetric,3,-13.256466474732292,False,unknown_amplitude_exact,,,,2.1081819725736271e+18,79911562409.77301,26381438.54281344,quad_over_lin,1e-12,0.45,4.684848827941393e+18,,,,,,,,,,,,
exact_fim_psl,ok,optimal,0.4849557250017824,False,,272.2355934856371,4083533.902284556,0.9999999996905178,3.3571428562586223,1216371.8010008852,81317554929.25035,2.1452740778178737e+18,2.1452740778178737e+18,2.1081819700639662e+18,4.661409049500931e-19,0.10234091952207616,-12.887809601182983,-5.6348546456439275,0.03147977173285076,3.1291907697604914e-05,64,-37496.56804351913,79911562339.37442,79911562314.64322,1.0416666666666667e-06,Exact FIM + sampled PSL,asymmetric,3,-13.256466474732292,True,unknown_amplitude_exact,,,,2.1081819725736271e+18,79911562409.77301,26381438.54281344,quad_over_lin,1e-12,0.45,4.684848827941393e+18,-13.256466474732292,-13.256466483146438,-12.860074592702698,-5.636572026483218,-1.46484375e-06,-0.39639188202959375,249.0,1985.0,-13.256466474732292,0.2173585239870126,249.0,1.0416666666666667e-06
water_filling,ok,ok,0.0,False,,287.39535622809484,4310930.343421423,1.0000000000000584,3.357142857143024,1284106.9108063173,64893766087.8678,1.7119909018587955e+18,1.7119909018587955e+18,1.702832384434274e+18,5.841152537167394e-19,0.11456184020618403,-14.647606105285734,-8.757981464989191,0.018569585376043397,2.9143419650092235e-05,58,-18632.16628029267,64546608467.567535,64546608467.571304,1.0416666666666667e-06,Water-filling (comm. only),asymmetric,4,-13.256466474732292,False,,,,,,,,,,,,,,,,,,,,,,,
linear_sensing,ok,optimal,0.005761271000665147,False,,276.20259288002137,4143038.8932003207,0.9999999991871372,3.3571428548203923,1234096.6924453306,106548749927.05832,2.810909298014287e+18,2.810909298014287e+18,2.808286280711481e+18,3.55756765508738e-19,0.08940612889668666,-8.057852362655591,-0.8907608511866616,0.055526517161293275,9.330254455211437e-05,64,-9971.289861998337,106449323392.15584,106449323305.62715,1.0416666666666667e-06,Linear S(P) (known-amp. surrogate),asymmetric,4,-13.256466474732292,False,known_amplitude_linear,106548750000.0,0.6,177581250000.0,,,,,,,,,,,,,,,,,,,
exact_fim,ok,optimal,0.006585985996935051,False,,285.65410054266806,4284811.508140021,0.9999999994370476,3.357142855534422,1276326.83282342,79980958039.91849,2.11001272912545e+18,2.11001272912545e+18,2.1081819690461903e+18,4.739307901779703e-19,0.10319250845328876,-11.472226900390464,-5.673347479509867,0.027404825512645392,2.9162959104404444e-05,64,-8330.411988226913,79911562321.05037,79911562276.06396,1.0416666666666667e-06,Exact unknown-amplitude FIM,asymmetric,4,-13.256466474732292,False,unknown_amplitude_exact,,,,2.1081819725736271e+18,79911562409.77301,26381438.54281344,quad_over_lin,1e-12,0.45,4.684848827941393e+18,,,,,,,,,,,,
exact_fim_psl,ok,optimal,0.5179180669983907,False,,285.4476175873005,4281714.263809508,0.9999999997140754,3.35714285632593,1275404.2491046784,79944161014.37018,2.1090419706573888e+18,2.1090419706573888e+18,2.1081819724859151e+18,4.741489329813099e-19,0.10321625465612097,-12.850828155625457,-5.650581774109077,0.030038876741485414,3.0351529032304442e-05,64,-5709.519063043441,79911562429.29692,79911562406.44824,1.0416666666666667e-06,Exact FIM + sampled PSL,asymmetric,4,-13.256466474732292,True,unknown_amplitude_exact,,,,2.1081819725736271e+18,79911562409.77301,26381438.54281344,quad_over_lin,1e-12,0.45,4.684848827941393e+18,-13.256466474732292,-13.256466483241098,-12.825074090409363,-5.6506806677695565,-1.46484375e-06,-0.4313923843229297,249.0,1985.0,-13.256466474732292,0.2173585239870126,249.0,1.0416666666666667e-06
water_filling,ok,ok,0.0,False,,274.3743913431352,4115615.870147028,0.9999999999992073,3.3571428571405924,1225928.1315339843,70781475292.85426,1.8673171404081027e+18,1.8673171404081027e+18,1.8088330465636116e+18,5.355276714171058e-19,0.10969369490118754,-12.152837162255704,-7.6581274258114735,0.018899547337999728,2.869522123478345e-05,60,-47083.59832063042,68564610062.0919,68564610062.03755,1.0416666666666667e-06,Water-filling (comm. only),asymmetric,5,-13.256466474732292,False,,,,,,,,,,,,,,,,,,,,,,,
linear_sensing,ok,optimal,0.005599023999820929,False,,265.3511945093604,3980267.917640406,0.9999999994498198,3.3571428555709137,1185611.720703355,106548749949.58228,2.810909298608501e+18,2.810909298608501e+18,2.570635359169017e+18,3.5575676543353253e-19,0.08940612888723662,-6.703413552433945,-0.5592136524627564,0.06249999821845903,0.00012813155683528724,64,-95434.21333022066,97441060934.24522,97441060880.63507,1.0416666666666667e-06,Linear S(P) (known-amp. surrogate),asymmetric,5,-13.256466474732292,False,known_amplitude_linear,106548750000.0,0.6,177581250000.0,,,,,,,,,,,,,,,,,,,
exact_fim,ok,optimal,0.0063370800016855355,False,,273.36068209788266,4100410.23146824,0.9999999998494922,3.357142856712835,1221398.7925086927,81420750309.38913,2.147996520396908e+18,2.147996520396908e+18,2.1081819714576259e+18,4.655501023880706e-19,0.10227604380825626,-9.806250745454212,-5.377166147442166,0.0247257171775925,3.211968678411073e-05,64,-38848.268200085884,79911562379.49779,79911562367.47047,1.0416666666666667e-06,Exact unknown-amplitude FIM,asymmetric,5,-13.256466474732292,False,unknown_amplitude_exact,,,,2.1081819725736271e+18,79911562409.77301,26381438.54281344,quad_over_lin,1e-12,0.45,4.684848827941393e+18,,,,,,,,,,,,
exact_fim_psl,ok,optimal,0.4936396709999826,False,,271.970583625925,4079558.7543888744,0.9999999996000479,3.357142856000137,1215187.714486913,81141832303.39548,2.140638262163302e+18,2.140638262163302e+18,2.1081819692101082e+18,4.67150390458504e-19,0.10245167551991365,-12.716422115219569,-4.9054876724192695,0.03372841153770357,4.1139348055297366e-05,64,-35075.205225489066,79911562314.23814,79911562282.27734,1.0416666666666667e-06,Exact FIM + sampled PSL,asymmetric,5,-13.256466474732292,True,unknown_amplitude_exact,,,,2.1081819725736271e+18,79911562409.77301,26381438.54281344,quad_over_lin,1e-12,0.45,4.684848827941393e+18,-13.256466474732292,-13.256466467662879,-12.716422115219569,-4.906005867991605,-1.4322916666666667e-06,-0.5400443595127236,249.0,1985.0,-13.256466474732292,0.2173585239870126,249.0,1.0416666666666667e-06
water_filling,ok,ok,0.0,False,,283.04747875039163,4245712.181255874,1.0000000000003344,3.357142857143813,1264680.2242035174,70030061322.85622,1.847493758938388e+18,1.847493758938388e+18,1.7606291745101148e+18,5.412738176580487e-19,0.11028062462812985,-14.226435114786398,-7.700011290681964,0.018903015434808663,3.429857322894386e-05,58,-57381.53165696104,66737421147.53398,66737421147.5563,1.0416666666666667e-06,Water-filling (comm. only),asymmetric,6,-13.256466474732292,False,,,,,,,,,,,,,,,,,,,,,,,
linear_sensing,ok,optimal,0.005462252000143053,False,,273.8207792185811,4107311.6882787165,0.9999999991645149,3.357142854755757,1223454.5463146628,106548749929.87964,2.8109092980887173e+18,2.8109092980887173e+18,2.5884101448975974e+18,3.5575676549931787e-19,0.08940612889550295,-7.839526738542576,-0.771166126729579,0.06249998410610995,0.00012224940915838662,64,-91836.41982603043,98114822012.43663,98114821930.46315,1.0416666666666667e-06,Linear S(P) (known-amp. surrogate),asymmetric,6,-13.256466474732292,False,known_amplitude_linear,106548750000.0,0.6,177581250000.0,,,,,,,,,,,,,,,,,,,
exact_fim,ok,optimal,0.006701500999042764,False,,281.70976426400733,4225646.46396011,0.9999999993849715,3.357142855385633,1258703.2026895122,81959977014.90393,2.1622220965890906e+18,2.1622220965890906e+18,2.1081819693861878e+18,4.624871800068559e-19,0.1019390440570428,-11.118274066613337,-4.959678048026187,0.02705143437078519,4.027207531062346e-05,64,-45259.41589561293,79911562338.0996,79911562288.9517,1.0416666666666667e-06,Exact unknown-amplitude FIM,asymmetric,6,-13.256466474732292,False,unknown_amplitude_exact,,,,2.1081819725736271e+18,79911562409.77301,26381438.54281344,quad_over_lin,1e-12,0.45,4.684848827941393e+18,,,,,,,,,,,,
exact_fim_psl,ok,optimal,0.4911347579982248,False,,281.3716882858781,4220575.324288172,0.9999999996843906,3.3571428562411163,1257192.6501256526,81674054736.65775,2.154679055577517e+18,2.154679055577517e+18,2.1081819699997082e+18,4.641062423711965e-19,0.10211732086370039,-12.720088829365643,-4.708992875984442,0.033747071229030416,4.538725903548148e-05,64,-41982.04884241041,79911562337.42831,79911562312.20747,1.0416666666666667e-06,Exact FIM + sampled PSL,asymmetric,6,-13.256466474732292,True,unknown_amplitude_exact,,,,2.1081819725736271e+18,79911562409.77301,26381438.54281344,quad_over_lin,1e-12,0.45,4.684848827941393e+18,-13.256466474732292,-13.256466479238828,-12.720088829365643,-4.711562494808745,-1.4322916666666667e-06,-0.5363776453666489,249.0,1985.0,-13.256466474732292,0.2173585239870126,249.0,1.0416666666666667e-06
water_filling,ok,ok,0.0,False,,310.9194720993354,4663792.0814900305,1.0000000000002218,3.357142857143491,1389214.6625712363,71166651557.90363,1.8774786443726528e+18,1.8774786443726528e+18,1.8523049268370609e+18,5.326292275000248e-19,0.10939644379071903,-14.643508081908838,-9.11133072361578,0.017680391585455722,1.6011738345862308e-05,61,-30890.46463656117,70212430752.4252,70212430752.44078,1.0416666666666667e-06,Water-filling (comm. only),asymmetric,7,-13.256466474732292,False,,,,,,,,,,,,,,,,,,,,,,,
linear_sensing,ok,optimal,0.005708412998501444,False,,302.2199749157239,4533299.623735859,0.9999999995080036,3.357142855737153,1350344.5693378001,106548749963.1444,2.8109092989662894e+18,2.8109092989662894e+18,2.76202589331834e+18,3.557567653882498e-19,0.08940612888154656,-8.06725661615818,-1.1104735894703701,0.05159431103134583,9.089105757311328e-05,64,-43045.870119714025,104695803081.20271,104695803029.69275,1.0416666666666667e-06,Linear S(P) (known-amp. surrogate),asymmetric,7,-13.256466474732292,False,known_amplitude_linear,106548750000.0,0.6,177581250000.0,,,,,,,,,,,,,,,,,,,
exact_fim,ok,optimal,0.006822948998888023,False,,310.18928715349887,4652839.307302483,0.9999999994979368,3.3571428557083913,1385952.1346823017,80556781156.09787,2.1252037712764677e+18,2.1252037712764677e+18,2.1081819701905505e+18,4.705431138019141e-19,0.10282303491295348,-12.202049421603133,-6.632463183694723,0.02370748357098325,1.846632772350758e-05,64,-25401.158181869818,79911562359.56209,79911562319.44144,1.0416666666666667e-06,Exact unknown-amplitude FIM,asymmetric,7,-13.256466474732292,False,unknown_amplitude_exact,,,,2.1081819725736271e+18,79911562409.77301,26381438.54281344,quad_over_lin,1e-12,0.45,4.684848827941393e+18,,,,,,,,,,,,
exact_fim_psl,ok,optimal,0.4222266340002534,False,,310.1369387320684,4652054.080981026,0.9999999998245022,3.3571428566414347,1385718.237094936,80490021060.91853,2.1234425439283812e+18,2.1234425439283812e+18,2.1081819716995476e+18,4.709333920332942e-19,0.10286566785497714,-12.88325850055182,-6.611949132645901,0.026171156245388134,1.908266944315772e-05,64,-24051.16804605115,79911562390.66496,79911562376.64066,1.0416666666666667e-06,Exact FIM + sampled PSL,asymmetric,7,-13.256466474732292,True,unknown_amplitude_exact,,,,2.1081819725736271e+18,79911562409.77301,26381438.54281344,quad_over_lin,1e-12,0.45,4.684848827941393e+18,-13.256466474732292,-13.256466494618184,-12.853810875483827,-6.6130669164416656,-1.46484375e-06,-0.4026555992484653,249.0,1985.0,-13.256466474732292,0.2173585239870126,249.0,1.0416666666666667e-06
water_filling,ok,ok,0.0,False,,300.7827968292399,4511741.9524385985,1.000000000000332,3.357142857143806,1343923.1347685645,71428600763.24313,1.8843892412346557e+18,1.8843892412346557e+18,1.8401451026273907e+18,5.306759230618394e-19,0.10919566544542521,-14.923161436712594,-8.909151666574312,0.017925034110646713,1.8860136481382567e-05,61,-40952.3318175132,69751507281.92772,69751507281.95087,1.0416666666666667e-06,Water-filling (comm. only),asymmetric,8,-13.256466474732292,False,,,,,,,,,,,,,,,,,,,,,,,
linear_sensing,ok,optimal,0.005370160997699713,False,,292.7623345334239,4391435.018001358,0.9999999992686107,3.3571428550531737,1308087.027452933,106548749948.41891,2.81090929857781e+18,2.81090929857781e+18,2.766383517660564e+18,3.557567654374169e-19,0.08940612888772471,-8.22253330636163,-1.5782028177928349,0.04573919761252306,7.64381838888405e-05,64,-41082.468984068604,104860980768.52057,104860980691.82637,1.0416666666666667e-06,Linear S(P) (known-amp. surrogate),asymmetric,8,-13.256466474732292,False,known_amplitude_linear,106548750000.0,0.6,177581250000.0,,,,,,,,,,,,,,,,,,,
exact_fim,ok,optimal,0.006979960999160539,False,,300.08430364751547,4501264.554712732,0.9999999995242983,3.3571428557837097,1340802.2083295984,80854399522.66833,2.133055371923359e+18,2.133055371923359e+18,2.108181970757416e+18,4.688110834639553e-19,0.10263361889659356,-12.496610359822364,-6.8730158007916975,0.023579702319386425,1.658158653901574e-05,64,-30705.653912400503,79911562378.9428,79911562340.92873,1.0416666666666667e-06,Exact unknown-amplitude FIM,asymmetric,8,-13.256466474732292,False,unknown_amplitude_exact,,,,2.1081819725736271e+18,79911562409.77301,26381438.54281344,quad_over_lin,1e-12,0.45,4.684848827941393e+18,,,,,,,,,,,,
exact_fim_psl,ok,optimal,0.4545651849985006,False,,300.07042011524095,4501056.301728615,0.999999999696536,3.3571428562758174,1340740.1753292608,80803290133.16798,2.1317070327052946e+18,2.1317070327052946e+18,2.108181969951304e+18,4.691076140659562e-19,0.10266607247852749,-12.848021860176766,-6.882468772572076,0.024590321130510982,1.668438168220233e-05,64,-29861.812119593284,79911562334.62299,79911562310.3727,1.0416666666666667e-06,Exact FIM + sampled PSL,asymmetric,8,-13.256466474732292,True,unknown_amplitude_exact,,,,2.1081819725736271e+18,79911562409.77301,26381438.54281344,quad_over_lin,1e-12,0.45,4.684848827941393e+18,-13.256466474732292,-13.256466557027363,-12.829098153567553,-6.885409059185887,-1.46484375e-06,-0.4273683211647388,249.0,1985.0,-13.256466474732292,0.2173585239870126,249.0,1.0416666666666667e-06
water_filling,ok,ok,0.0,False,,302.0133264100897,4530199.896151345,0.9999999999995959,3.3571428571417026,1349421.245662567,70764708226.73727,1.8668748010837944e+18,1.8668748010837944e+18,1.8370868840241027e+18,5.356545599198514e-19,0.109706689602544,-16.753630514632803,-8.926398763711255,0.018013689267970638,1.9805949001782036e-05,61,-33602.44131623261,69635584164.35501,69635584164.32687,1.0416666666666667e-06,Water-filling (comm. only),asymmetric,9,-13.256466474732292,False,,,,,,,,,,,,,,,,,,,,,,,
linear_sensing,ok,optimal,0.005416007999883732,False,,293.86216773519595,4407932.5160279395,0.9999999995381541,3.3571428558232976,1313001.1755031345,106548749964.82748,2.8109092990106916e+18,2.8109092990106916e+18,2.778665648020433e+18,3.5575676538263015e-19,0.08940612888084042,-8.760996299638325,-1.2536599576064502,0.047488579089529075,8.559725960005524e-05,64,-34960.11634425197,105326540279.23294,105326540230.58832,1.0416666666666667e-06,Linear S(P) (known-amp. surrogate),asymmetric,9,-13.256466474732292,False,known_amplitude_linear,106548750000.0,0.6,177581250000.0,,,,,,,,,,,,,,,,,,,
exact_fim,ok,optimal,0.006770740001229569,False,,301.2996910526309,4519495.365789464,0.9999999996113608,3.3571428560324597,1346232.6625953284,80569703450.72836,2.125544679998094e+18,2.125544679998094e+18,2.1081819742085458e+18,4.704676450277661e-19,0.10281478886775233,-13.692011819689558,-6.612989083783594,0.02328318561130966,2.0044840800653995e-05,64,-25654.25850105263,79911562502.80208,79911562471.74532,1.0416666666666667e-06,Exact unknown-amplitude FIM,asymmetric,9,-13.256466474732292,False,unknown_amplitude_exact,,,,2.1081819725736271e+18,79911562409.77301,26381438.54281344,quad_over_lin,1e-12,0.45,4.684848827941393e+18,,,,,,,,,,,,
exact_fim_psl,ok,optimal,0.4580542219991912,False,,301.29969111375294,4519495.366706294,0.9999999997441125,3.35714285641175,1346232.6627163293,80569722860.07254,2.1255451920445143e+18,2.1255451920445143e+18,2.1081819708879997e+18,4.704675316915386e-19,0.1028147764836478,-13.692087701736737,-6.6129752247671325,0.02328389097438242,2.0045152862674262e-05,64,-25654.639236644463,79911562366.32695,79911562345.87857,1.0416666666666667e-06,Exact FIM + sampled PSL,asymmetric,9,-13.256466474732292,False,unknown_amplitude_exact,,,,2.1081819725736271e+18,79911562409.77301,26381438.54281344,quad_over_lin,1e-12,0.45,4.684848827941393e+18,-13.256466474732292,-14.264679573070566,-13.692087701736737,-6.615636438138349,-1.4322916666666667e-06,0.43562122700444483,249.0,1985.0,-13.256466474732292,0.2173585239870126,249.0,1.0416666666666667e-06
water_filling,ok,ok,0.0,False,,276.43695819382015,4146554.3729073023,0.9999999999990058,3.357142857140017,1235143.855760667,68133806563.940796,1.797467830554543e+18,1.797467830554543e+18,1.7066759412816707e+18,5.563381903149202e-19,0.11180472146499491,-13.778836779865626,-8.477939364905751,0.018931764237231544,3.125380556594409e-05,59,-58664.35364105561,64692300175.8857,64692300175.82138,1.0416666666666667e-06,Water-filling (comm. only),asymmetric,10,-13.256466474732292,False,,,,,,,,,,,,,,,,,,,,,,,
linear_sensing,ok,optimal,0.005682152001099894,False,,267.0963483606848,4006445.2254102714,0.9999999990816114,3.35714285451889,1193409.2170124326,106548749920.73929,2.810909297847582e+18,2.810909297847582e+18,2.6347645848380047e+18,3.5575676552983663e-19,0.08940612889933783,-7.917164982510247,-0.8998594000778282,0.059626596814818134,0.00011265970816079206,64,-81711.94904916934,99871907401.1784,99871907309.45718,1.0416666666666667e-06,Linear S(P) (known-amp. surrogate),asymmetric,10,-13.256466474732292,False,known_amplitude_linear,106548750000.0,0.6,177581250000.0,,,,,,,,,,,,,,,,,,,
exact_fim,ok,optimal,0.006420424000680214,False,,274.79883906855025,4121982.5860282537,0.9999999992658801,3.357142855045372,1227824.600860646,81878776208.14142,2.160079902495858e+18,2.160079902495858e+18,2.10818197578262e+18,4.629458377185737e-19,0.1019895790171994,-11.00148964456485,-5.259831910794261,0.026053082852789115,3.5565429776433174e-05,64,-44353.282608780006,79911562590.07596,79911562531.41129,1.0416666666666667e-06,Exact unknown-amplitude FIM,asymmetric,10,-13.256466474732292,False,unknown_amplitude_exact,,,,2.1081819725736271e+18,79911562409.77301,26381438.54281344,quad_over_lin,1e-12,0.45,4.684848827941393e+18,,,,,,,,,,,,
exact_fim_psl,ok,optimal,0.47293771699696663,False,,274.4723208628913,4117084.8129433696,0.9999999996227641,3.3571428560650403,1226365.6893555818,81413576975.82513,2.147807277538342e+18,2.147807277538342e+18,2.108181969564191e+18,4.655911219120768e-19,0.10228054946962839,-12.874516160328461,-5.538957021151646,0.031591474241160114,3.288612587292776e-05,64,-38755.83415039268,79911562325.84451,79911562295.699,1.0416666666666667e-06,Exact FIM + sampled PSL,asymmetric,10,-13.256466474732292,True,unknown_amplitude_exact,,,,2.1081819725736271e+18,79911562409.77301,26381438.54281344,quad_over_lin,1e-12,0.45,4.684848827941393e+18,-13.256466474732292,-13.25646648113229,-12.851901168244812,-5.5414336048268655,-1.46484375e-06,-0.40456530648748057,249.0,1985.0,-13.256466474732292,0.2173585239870126,249.0,1.0416666666666667e-06
water_filling,ok,ok,0.0,False,,297.2097185829026,4458145.778743539,1.0000000000008606,3.357142857145316,1327958.3170715708,72673215025.20636,1.9172239558961477e+18,1.9172239558961477e+18,1.862719729037458e+18,5.215874738705633e-19,0.1082565752397312,-14.37725801560675,-7.701368879757586,0.018621610996828967,2.6524694003351368e-05,60,-45453.34560818548,70607208398.16667,70607208398.22743,1.0416666666666667e-06,Water-filling (comm. only),asymmetric,11,-13.256466474732292,False,,,,,,,,,,,,,,,,,,,,,,,
linear_sensing,ok,optimal,0.0054685060022166,False,,289.70333885945126,4345550.082891769,0.9999999994804836,3.3571428556585245,1294419.174199652,106548749960.37045,2.8109092988931087e+18,2.8109092988931087e+18,2.709401176404231e+18,3.5575676539751176e-19,0.08940612888271038,-7.869746298789724,-1.1211339807705596,0.051955016363618364,9.6824679694097e-05,64,-62029.91141999374,102701040104.95201,102701040051.59714,1.0416666666666667e-06,Linear S(P) (known-amp. surrogate),asymmetric,11,-13.256466474732292,False,known_amplitude_linear,106548750000.0,0.6,177581250000.0,,,,,,,,,,,,,,,,,,,
exact_fim,ok,optimal,0.006825722000940004,False,,296.61721943664145,4449258.291549622,0.9999999994930387,3.3571428556943967,1325310.9810334034,81257498353.50235,2.1436896989556864e+18,2.1436896989556864e+18,2.108181970370229e+18,4.664854248668346e-19,0.10237873209367171,-12.08249427907209,-5.892574523921961,0.022454127606624023,2.761781244445657e-05,64,-36687.00080317902,79911562366.7643,79911562326.25223,1.0416666666666667e-06,Exact unknown-amplitude FIM,asymmetric,11,-13.256466474732292,False,unknown_amplitude_exact,,,,2.1081819725736271e+18,79911562409.77301,26381438.54281344,quad_over_lin,1e-12,0.45,4.684848827941393e+18,,,,,,,,,,,,
exact_fim_psl,ok,optimal,0.47451045799971325,False,,296.5634772318356,4448452.158477534,0.9999999997230403,3.357142856351544,1325070.856029045,81136033093.67557,2.1404852706684792e+18,2.1404852706684792e+18,2.108181973384347e+18,4.671837801003402e-19,0.10245533682866688,-12.733454102063424,-5.879609356928562,0.02361034022557944,2.811845068592829e-05,64,-34992.43709019133,79911562462.63597,79911562440.5037,1.0416666666666667e-06,Exact FIM + sampled PSL,asymmetric,11,-13.256466474732292,True,unknown_amplitude_exact,,,,2.1081819725736271e+18,79911562409.77301,26381438.54281344,quad_over_lin,1e-12,0.45,4.684848827941393e+18,-13.256466474732292,-13.256466507920791,-12.733454102063424,-5.882723632261786,-1.4322916666666667e-06,-0.5230123726688678,249.0,1985.0,-13.256466474732292,0.2173585239870126,249.0,1.0416666666666667e-06
water_filling,ok,ok,0.0,False,,284.874055128117,4273110.8269217545,1.0000000000009885,3.3571428571456816,1272841.5229117922,75691026121.98167,1.9968381538795466e+18,1.9968381538795466e+18,1.955970839426883e+18,5.007917131677173e-19,0.10607652257662493,-13.268129294637589,-6.692741918840003,0.01886079228628223,2.9818005893840332e-05,59,-39358.52487695804,74141932641.41673,74141932641.49002,1.0416666666666667e-06,Water-filling (comm. only),asymmetric,12,-13.256466474732292,False,,,,,,,,,,,,,,,,,,,,,,,
linear_sensing,ok,optimal,0.00560635800138698,False,,278.76521734689993,4181478.260203499,0.9999999997289749,3.3571428563684997,1245546.716092595,106548749981.67126,2.810909299455055e+18,2.810909299455055e+18,2.7591406040372567e+18,3.5575676532639025e-19,0.08940612887377351,-7.78181025616947,-1.3815257842463735,0.04425584975480227,8.359572668442993e-05,64,-44298.026009314526,104586434902.22675,104586434873.8812,1.0416666666666667e-06,Linear S(P) (known-amp. surrogate),asymmetric,12,-13.256466474732292,False,known_amplitude_linear,106548750000.0,0.6,177581250000.0,,,,,,,,,,,,,,,,,,,
exact_fim,ok,optimal,0.006592260000616079,False,,284.65343992494604,4269801.598874191,0.9999999998433214,3.357142856695204,1271855.795578927,81042152615.34448,2.138008568599018e+18,2.138008568599018e+18,2.1081819796587133e+18,4.677249729898296e-19,0.10251466257311043,-11.93150749188822,-5.764340386431788,0.020528348380801753,2.9600182001618875e-05,64,-33624.24626940089,79911562690.85674,79911562678.3363,1.0416666666666667e-06,Exact unknown-amplitude FIM,asymmetric,12,-13.256466474732292,False,unknown_amplitude_exact,,,,2.1081819725736271e+18,79911562409.77301,26381438.54281344,quad_over_lin,1e-12,0.45,4.684848827941393e+18,,,,,,,,,,,,
exact_fim_psl,ok,optimal,0.48002956999698654,False,,284.5850716763864,4268776.075145796,0.9999999997438003,3.3571428564108583,1271550.3205334463,80944128500.43936,2.1354225514359352e+18,2.1354225514359352e+18,2.1081819742386483e+18,4.682913924120376e-19,0.10257671691083144,-12.694614492431862,-5.750348052332668,0.02188222241261893,3.013609151340291e-05,64,-32133.565438923197,79911562493.35968,79911562472.88635,1.0416666666666667e-06,Exact FIM + sampled PSL,asymmetric,12,-13.256466474732292,True,unknown_amplitude_exact,,,,2.1081819725736271e+18,79911562409.77301,26381438.54281344,quad_over_lin,1e-12,0.45,4.684848827941393e+18,-13.256466474732292,-13.256466499816888,-12.694614492431862,-5.754409328097224,-1.4322916666666667e-06,-0.5618519823004302,249.0,1985.0,-13.256466474732292,0.2173585239870126,249.0,1.0416666666666667e-06
water_filling,ok,ok,0.0,False,,267.7214107679936,4015821.1615199037,0.9999999999990273,3.357142857140078,1196202.0481133019,67362776221.80556,1.7771269409688579e+18,1.7771269409688579e+18,1.6725029635395653e+18,5.627060042513439e-19,0.11244275603915055,-12.656004747409781,-7.836965727134234,0.019489485410809172,3.8511008979380205e-05,58,-62974.7390390919,63396958464.82935,63396958464.76769,1.0416666666666667e-06,Water-filling (comm. only),asymmetric,13,-13.256466474732292,False,,,,,,,,,,,,,,,,,,,,,,,
linear_sensing,ok,optimal,0.005795760000182781,False,,258.2881027468781,3874321.5412031715,0.9999999997430056,3.3571428564085877,1154053.2252916554,106548749978.23965,2.810909299364524e+18,2.810909299364524e+18,2.589234098742554e+18,3.557567653378481e-19,0.08940612887521326,-7.823291012167449,-0.580649995509863,0.06195151901243161,0.0001290081555490017,64,-91666.21906690189,98146054287.60085,98146054262.37785,1.0416666666666667e-06,Linear S(P) (known-amp. surrogate),asymmetric,13,-13.256466474732292,False,known_amplitude_linear,106548750000.0,0.6,177581250000.0,,,,,,,,,,,,,,,,,,,
exact_fim,ok,optimal,0.00685399000212783,False,,265.8285098226684,3987427.647340026,0.9999999993105423,3.3571428551729783,1187744.4062875817,82068206794.47617,2.1650773538673772e+18,2.1650773538673772e+18,2.1081819682129505e+18,4.618772618972465e-19,0.10187180437576088,-10.495550938519303,-4.9850992769036155,0.03129356445149192,3.9229159604914524e-05,64,-46439.68724575398,79911562299.57527,79911562244.47963,1.0416666666666667e-06,Exact unknown-amplitude FIM,asymmetric,13,-13.256466474732292,False,unknown_amplitude_exact,,,,2.1081819725736271e+18,79911562409.77301,26381438.54281344,quad_over_lin,1e-12,0.45,4.684848827941393e+18,,,,,,,,,,,,
exact_fim_psl,ok,optimal,0.47560813600284746,False,,265.32596649986317,3979889.4974979474,0.9999999996337465,3.3571428560964187,1185498.9996242337,81447729770.89165,2.1487082774024548e+18,2.1487082774024548e+18,2.1081819695593108e+18,4.653958894824414e-19,0.10225910299762704,-12.989890612456009,-4.980894993741909,0.0392282973212964,4.128608984945899e-05,64,-39193.972443990155,79911562324.78189,79911562295.514,1.0416666666666667e-06,Exact FIM + sampled PSL,asymmetric,13,-13.256466474732292,True,unknown_amplitude_exact,,,,2.1081819725736271e+18,79911562409.77301,26381438.54281344,quad_over_lin,1e-12,0.45,4.684848827941393e+18,-13.256466474732292,-13.256466476937538,-12.964883710260667,-4.9825449938943365,-1.46484375e-06,-0.29158276447162557,249.0,1985.0,-13.256466474732292,0.2173585239870126,249.0,1.0416666666666667e-06
water_filling,ok,ok,0.0,False,,306.95726720122707,4604359.008018406,1.0000000000003717,3.3571428571439195,1371511.1938773892,70469959085.1081,1.8590988947183567e+18,1.8590988947183567e+18,1.829686264610648e+18,5.378950000136999e-19,0.10993588095782848,-14.951951210243022,-9.683343632181012,0.01746746572369151,1.4279414776809209e-05,61,-33390.09802139022,69355060439.20386,69355060439.22963,1.0416666666666667e-06,Water-filling (comm. only),asymmetric,14,-13.256466474732292,False,,,,,,,,,,,,,,,,,,,,,,,
linear_sensing,ok,optimal,0.005182618002436357,False,,298.0379461858786,4470569.192788179,0.9999999997400368,3.3571428564001056,1331658.908784719,106548749978.43704,2.8109092993697316e+18,2.8109092993697316e+18,2.764210194442505e+18,3.5575676533718904e-19,0.08940612887513046,-8.455760188738296,-1.1770193139683731,0.04972528076051712,8.892771433731873e-05,64,-42073.151260209794,104778599949.1713,104778599921.93272,1.0416666666666667e-06,Linear S(P) (known-amp. surrogate),asymmetric,14,-13.256466474732292,False,known_amplitude_linear,106548750000.0,0.6,177581250000.0,,,,,,,,,,,,,,,,,,,
exact_fim,ok,optimal,0.005799534999823663,False,,306.1086421784378,4591629.632676567,0.9999999992711647,3.3571428550604705,1367719.4659009709,80625332589.12752,2.1270122566939607e+18,2.1270122566939607e+18,2.1081819745622938e+18,4.701430360134884e-19,0.10277931313792829,-12.552474945199856,-6.832567115792516,0.02206498714067947,1.6671244343923665e-05,64,-26716.476273892098,79911562543.39667,79911562485.1543,1.0416666666666667e-06,Exact unknown-amplitude FIM,asymmetric,14,-13.256466474732292,False,unknown_amplitude_exact,,,,2.1081819725736271e+18,79911562409.77301,26381438.54281344,quad_over_lin,1e-12,0.45,4.684848827941393e+18,,,,,,,,,,,,
exact_fim_psl,ok,optimal,0.43822452899985365,False,,306.0946117836635,4591419.176754952,0.9999999996802301,3.357142856229229,1367656.776426867,80579598160.97656,2.125805716688406e+18,2.125805716688406e+18,2.1081819701328558e+18,4.70409874312412e-19,0.10280847614219556,-12.93720432305869,-6.838002726638235,0.02249460032273935,1.6835400373662074e-05,64,-25846.389379092696,79911562342.80782,79911562317.2545,1.0416666666666667e-06,Exact FIM + sampled PSL,asymmetric,14,-13.256466474732292,True,unknown_amplitude_exact,,,,2.1081819725736271e+18,79911562409.77301,26381438.54281344,quad_over_lin,1e-12,0.45,4.684848827941393e+18,-13.256466474732292,-13.256466547084603,-12.897238858772077,-6.8391941532300295,-1.46484375e-06,-0.359227615960215,249.0,1985.0,-13.256466474732292,0.2173585239870126,249.0,1.0416666666666667e-06
water_filling,ok,ok,0.0,False,,271.4085159482833,4071127.7392242495,1.0000000000005622,3.3571428571444635,1212676.3478534515,67557612740.99313,1.7822670086257006e+18,1.7822670086257006e+18,1.7117512130686182e+18,5.610831571028722e-19,0.1122804962079579,-15.613438428639723,-8.777470227637643,0.01897100807662255,2.952221787199353e-05,61,-51700.407753259635,64884680579.101845,64884680579.13832,1.0416666666666667e-06,Water-filling (comm. only),asymmetric,15,-13.256466474732292,False,,,,,,,,,,,,,,,,,,,,,,,
linear_sensing,ok,optimal,0.005448976997286081,False,,262.60396040673436,3939059.4061010154,0.9999999994519232,3.3571428555769236,1173336.844917816,106548749955.05942,2.8109092987529964e+18,2.8109092987529964e+18,2.7304471324447247e+18,3.557567654152448e-19,0.08940612888493865,-8.380596855394074,-1.274444180820827,0.05279717065571112,9.014708150362576e-05,64,-55226.38599217454,103498796303.69968,103498796246.97438,1.0416666666666667e-06,Linear S(P) (known-amp. surrogate),asymmetric,15,-13.256466474732292,False,known_amplitude_linear,106548750000.0,0.6,177581250000.0,,,,,,,,,,,,,,,,,,,
exact_fim,ok,optimal,0.006491932002973044,False,,270.1185421785658,4051778.132678487,0.9999999997096019,3.3571428563131485,1206912.6355642173,81135740548.58356,2.1404775529081134e+18,2.1404775529081134e+18,2.10818197732533e+18,4.671854645900732e-19,0.10245552153628598,-12.461902286167598,-6.2308345483817185,0.02443559462840663,2.3678229213996734e-05,64,-34988.254587085066,79911562613.09456,79911562589.88838,1.0416666666666667e-06,Exact unknown-amplitude FIM,asymmetric,15,-13.256466474732292,False,unknown_amplitude_exact,,,,2.1081819725736271e+18,79911562409.77301,26381438.54281344,quad_over_lin,1e-12,0.45,4.684848827941393e+18,,,,,,,,,,,,
exact_fim_psl,ok,optimal,0.4526126780001505,False,,270.105121258511,4051576.8188776653,0.9999999997452698,3.3571428564150567,1206852.6697145572,81071263704.5592,2.1387765610100503e+18,2.1387765610100503e+18,2.108181970519604e+18,4.675570221920441e-19,0.10249625542548674,-12.829800332872088,-6.254177035217666,0.02491724574591428,2.3630118821557678e-05,64,-34054.38845347626,79911562352.27025,79911562331.91435,1.0416666666666667e-06,Exact FIM + sampled PSL,asymmetric,15,-13.256466474732292,True,unknown_amplitude_exact,,,,2.1081819725736271e+18,79911562409.77301,26381438.54281344,quad_over_lin,1e-12,0.45,4.684848827941393e+18,-13.256466474732292,-13.256466534126474,-12.81580769649729,-6.257110874835297,-1.46484375e-06,-0.44065877823500266,249.0,1985.0,-13.256466474732292,0.2173585239870126,249.0,1.0416666666666667e-06
water_filling,ok,ok,0.0,False,,292.80270743030246,4392040.611454537,0.9999999999994701,3.3571428571413433,1308267.416178537,67539770420.22746,1.7817963025369597e+18,1.7817963025369597e+18,1.6946226974349501e+18,5.612313812618078e-19,0.11229532608023665,-15.007604089468964,-9.051020588179812,0.018495397638769125,2.8308424230545537e-05,59,-57483.50841319112,64235416680.77384,64235416680.7398,1.0416666666666667e-06,Water-filling (comm. only),asymmetric,16,-13.256466474732292,False,,,,,,,,,,,,,,,,,,,,,,,
linear_sensing,ok,optimal,0.005508030000783037,False,,282.1257685500343,4231886.5282505145,0.9999999992449121,3.3571428549854634,1260561.945395332,106548749935.85883,2.810909298246457e+18,2.810909298246457e+18,2.5521401480545367e+18,3.557567654793539e-19,0.08940612889299436,-7.628551852647401,-0.7403307967527833,0.06249999759760445,0.00012542593427366657,64,-99039.17483864861,96739991863.59209,96739991790.54489,1.0416666666666667e-06,Linear S(P) (known-amp. surrogate),asymmetric,16,-13.256466474732292,False,known_amplitude_linear,106548750000.0,0.6,177581250000.0,,,,,,,,,,,,,,,,,,,
exact_fim,ok,optimal,0.006612885001231916,False,,290.9107133956308,4363660.700934462,0.9999999997866821,3.3571428565333776,1299813.8260462428,81801094954.65277,2.1580305592810186e+18,2.1580305592810186e+18,2.1081819747868646e+18,4.633854676891905e-19,0.10203799400677208,-11.061524645271895,-5.387188061866105,0.02929265994093997,3.317986513745527e-05,64,-43468.75270109658,79911562510.71332,79911562493.66675,1.0416666666666667e-06,Exact unknown-amplitude FIM,asymmetric,16,-13.256466474732292,False,unknown_amplitude_exact,,,,2.1081819725736271e+18,79911562409.77301,26381438.54281344,quad_over_lin,1e-12,0.45,4.684848827941393e+18,,,,,,,,,,,,
exact_fim_psl,ok,optimal,0.46122782599923084,False,,290.5425983310811,4358138.974966216,0.9999999996398954,3.357142856113987,1298169.0567707678,81458716774.12677,2.1489981303530716e+18,2.1489981303530716e+18,2.1081819696462548e+18,4.653331177331941e-19,0.10225220650436564,-12.711183402562888,-5.586305963663234,0.033108213922047165,3.1461613478561736e-05,64,-39333.884576459364,79911562327.5862,79911562298.80968,1.0416666666666667e-06,Exact FIM + sampled PSL,asymmetric,16,-13.256466474732292,True,unknown_amplitude_exact,,,,2.1081819725736271e+18,79911562409.77301,26381438.54281344,quad_over_lin,1e-12,0.45,4.684848827941393e+18,-13.256466474732292,-13.256466480859014,-12.711183402562888,-5.588015836204975,-1.4322916666666667e-06,-0.5452830721694042,249.0,1985.0,-13.256466474732292,0.2173585239870126,249.0,1.0416666666666667e-06
water_filling,ok,ok,0.0,False,,263.450915647236,3951763.73470854,0.9999999999994919,3.3571428571414055,1177121.1124668827,67720093415.06543,1.7865534825431337e+18,1.7865534825431337e+18,1.7087973804194772e+18,5.597369514941776e-19,0.11214571814003321,-14.000694708768222,-10.12821976205146,0.01864784404474307,1.9894150653306836e-05,62,-54289.77029029006,64772714256.92738,64772714256.89447,1.0416666666666667e-06,Water-filling (comm. only),asymmetric,17,-13.256466474732292,False,,,,,,,,,,,,,,,,,,,,,,,
linear_sensing,ok,optimal,0.0052725770001416095,False,,253.7610716142991,3806416.074214487,0.9999999995274361,3.357142855792675,1133826.0651156388,106548749960.3577,2.8109092988927724e+18,2.8109092988927724e+18,2.666458803265426e+18,3.5575676539755438e-19,0.08940612888271574,-7.8242879638189065,-1.3634518761234735,0.05922272117142902,9.199228350356136e-05,64,-73996.34721760257,101073290609.16078,101073290561.3972,1.0416666666666667e-06,Linear S(P) (known-amp. surrogate),asymmetric,17,-13.256466474732292,False,known_amplitude_linear,106548750000.0,0.6,177581250000.0,,,,,,,,,,,,,,,,,,,
exact_fim,ok,optimal,0.006501812000351492,False,,261.9110391867359,3928665.5878010383,0.999999999367381,3.3571428553353746,1170240.8140176,81433419305.86653,2.148330746748875e+18,2.148330746748875e+18,2.1081819687943148e+18,4.654776744750901e-19,0.10226808770589897,-11.037811188926154,-6.620600387495746,0.02517942599619173,1.7762021445350077e-05,64,-39010.9861489397,79911562317.0701,79911562266.51653,1.0416666666666667e-06,Exact unknown-amplitude FIM,asymmetric,17,-13.256466474732292,False,unknown_amplitude_exact,,,,2.1081819725736271e+18,79911562409.77301,26381438.54281344,quad_over_lin,1e-12,0.45,4.684848827941393e+18,,,,,,,,,,,,
exact_fim_psl,ok,optimal,0.4677473519986961,False,,261.5603929477535,3923405.8942163023,0.9999999997986626,3.3571428565676076,1168674.0963497902,81117233948.0434,2.1399893221633267e+18,2.1399893221633267e+18,2.108181970952302e+18,4.672920512468233e-19,0.10246720829619503,-12.820236862602721,-6.77896765573895,0.027408428325526805,1.7260206842827924e-05,64,-34722.782146166996,79911562364.40515,79911562348.31596,1.0416666666666667e-06,Exact FIM + sampled PSL,asymmetric,17,-13.256466474732292,True,unknown_amplitude_exact,,,,2.1081819725736271e+18,79911562409.77301,26381438.54281344,quad_over_lin,1e-12,0.45,4.684848827941393e+18,-13.256466474732292,-13.256466477468713,-12.804020863212697,-6.780527128381253,-1.46484375e-06,-0.45244561151959495,249.0,1985.0,-13.256466474732292,0.2173585239870126,249.0,1.0416666666666667e-06
water_filling,ok,ok,0.0,False,,266.2098100355995,3993147.1505339923,0.9999999999990983,3.357142857140281,1189448.0873940168,74247028267.33386,1.9587434132212001e+18,1.9587434132212001e+18,1.9046214541631383e+18,5.105313913247454e-19,0.10710307323564854,-14.913566213633093,-6.411036048482392,0.019644169791178192,3.7440252541563766e-05,59,-45293.67062094709,72195511669.08195,72195511669.01686,1.0416666666666667e-06,Water-filling (comm. only),asymmetric,18,-13.256466474732292,False,,,,,,,,,,,,,,,,,,,,,,,
linear_sensing,ok,optimal,0.005319320000126027,False,,260.2918446298411,3904377.669447616,0.9999999993738873,3.3571428553539637,1163006.114923267,106548749956.5668,2.8109092987927634e+18,2.8109092987927634e+18,2.7543942639316e+18,3.557567654102118e-19,0.08940612888430623,-8.332227099184275,-1.2487864099583859,0.04490157478297184,8.841334796625663e-05,64,-46284.200194892706,104406522835.59743,104406522770.22717,1.0416666666666667e-06,Linear S(P) (known-amp. surrogate),asymmetric,18,-13.256466474732292,False,known_amplitude_linear,106548750000.0,0.6,177581250000.0,,,,,,,,,,,,,,,,,,,
exact_fim,ok,optimal,0.006894638998346636,False,,265.87508925796016,3988126.338869402,0.9999999995845337,3.3571428559558107,1187952.5268917829,81292271948.6562,2.1446070764191506e+18,2.1446070764191506e+18,2.1081819715792556e+18,4.662858809874392e-19,0.10235683298018267,-12.97630782214738,-5.275022094703793,0.022436659021896017,3.6951454910065244e-05,64,-37157.90060201091,79911562405.28148,79911562372.08092,1.0416666666666667e-06,Exact unknown-amplitude FIM,asymmetric,18,-13.256466474732292,False,unknown_amplitude_exact,,,,2.1081819725736271e+18,79911562409.77301,26381438.54281344,quad_over_lin,1e-12,0.45,4.684848827941393e+18,,,,,,,,,,,,
exact_fim_psl,ok,optimal,0.4884712359998957,False,,265.87508931953823,3988126.3397930735,0.9999999997485084,3.3571428564243098,1187952.527001137,81292342339.47964,2.1446089334303332e+18,2.1446089334303332e+18,2.1081819734971684e+18,4.662854772317326e-19,0.10235678866491808,-12.976098350354913,-5.2750246912781185,0.022436633029932804,3.695135308982091e-05,64,-37158.84679382095,79911562464.87733,79911562444.78024,1.0416666666666667e-06,Exact FIM + sampled PSL,asymmetric,18,-13.256466474732292,True,unknown_amplitude_exact,,,,2.1081819725736271e+18,79911562409.77301,26381438.54281344,quad_over_lin,1e-12,0.45,4.684848827941393e+18,-13.256466474732292,-13.437698598523681,-12.972667358588874,-5.2781590645137815,-1.46484375e-06,-0.2837991161434186,249.0,1985.0,-13.256466474732292,0.2173585239870126,249.0,1.0416666666666667e-06
water_filling,ok,ok,0.0,False,,276.9272949564118,4153909.424346177,1.0000000000005784,3.35714285714451,1237334.7221450605,66728147987.63145,1.760384535211459e+18,1.760384535211459e+18,1.6430652129366577e+18,5.6805770557390125e-19,0.11297619270292061,-14.89249284007456,-8.488836023980479,0.019301369760326658,3.6737814906157084e-05,57,-66686.13328218304,62281107615.46377,62281107615.499794,1.0416666666666667e-06,Water-filling (comm. only),asymmetric,19,-13.256466474732292,False,,,,,,,,,,,,,,,,,,,,,,,
linear_sensing,ok,optimal,0.005741479002608685,False,,267.1286858805869,4006930.288208803,0.9999999993320577,3.357142855234451,1193553.7035491965,106548749942.59637,2.8109092984242033e+18,2.8109092984242033e+18,2.5597824379262633e+18,3.557567654568578e-19,0.08940612889016758,-8.078977805911267,-0.5841666623370672,0.062499992770553625,0.0001346536758363446,64,-97565.74095749254,97029676205.18025,97029676140.37003,1.0416666666666667e-06,Linear S(P) (known-amp. surrogate),asymmetric,19,-13.256466474732292,False,known_amplitude_linear,106548750000.0,0.6,177581250000.0,,,,,,,,,,,,,,,,,,,
exact_fim,ok,optimal,0.00705213699984597,False,,274.86018335237975,4122902.7502856962,0.9999999993470811,3.3571428552773748,1228098.6922568872,82244716866.40704,2.1697339434822093e+18,2.1697339434822093e+18,2.108181968611686e+18,4.608860007946866e-19,0.10176242921893199,-11.277844010035938,-4.945820054775728,0.026687204354862916,4.0930485017215995e-05,64,-48302.739139064615,79911562311.76965,79911562259.59389,1.0416666666666667e-06,Exact unknown-amplitude FIM,asymmetric,19,-13.256466474732292,False,unknown_amplitude_exact,,,,2.1081819725736271e+18,79911562409.77301,26381438.54281344,quad_over_lin,1e-12,0.45,4.684848827941393e+18,,,,,,,,,,,,
exact_fim_psl,ok,optimal,0.4616274260006321,False,,274.6531289673418,4119796.9345101267,0.9999999997634419,3.357142856466977,1227173.5552075251,81943523310.80145,2.1617880242055089e+18,2.1617880242055089e+18,2.1081819709189138e+18,4.6258004429806e-19,0.10194927787792173,-12.723226329099012,-4.842725644395963,0.03416837960187694,4.37106322889123e-05,64,-45077.277693221,79911562365.9541,79911562347.05037,1.0416666666666667e-06,Exact FIM + sampled PSL,asymmetric,19,-13.256466474732292,True,unknown_amplitude_exact,,,,2.1081819725736271e+18,79911562409.77301,26381438.54281344,quad_over_lin,1e-12,0.45,4.684848827941393e+18,-13.256466474732292,-13.25646648371479,-12.723226329099012,-4.846348417708425,-1.4322916666666667e-06,-0.5332401456332807,249.0,1985.0,-13.256466474732292,0.2173585239870126,249.0,1.0416666666666667e-06
water_filling,ok,ok,0.0,False,,304.90076332364237,4573511.449854636,1.0000000000003153,3.3571428571437583,1362322.5595308023,72201581730.87898,1.9047815911271058e+18,1.9047815911271058e+18,1.8716686563578975e+18,5.24994574001671e-19,0.10860957510651757,-14.441167966455303,-8.984847956533079,0.01792078924170149,1.5606975729569023e-05,62,-35428.24180205857,70946421413.67108,70946421413.69345,1.0416666666666667e-06,Water-filling (comm. only),asymmetric,20,-13.256466474732292,False,,,,,,,,,,,,,,,,,,,,,,,
linear_sensing,ok,optimal,0.005590846001723548,False,,297.1698993048094,4457548.489572141,0.9999999992455308,3.3571428549872313,1327780.402001718,106548749943.64609,2.8109092984518963e+18,2.8109092984518963e+18,2.7773447398383145e+18,3.557567654533529e-19,0.08940612888972717,-8.243415462871628,-1.753883642586747,0.0459707483144013,6.970658868358365e-05,64,-35669.02463017547,105276470705.96577,105276470626.53792,1.0416666666666667e-06,Linear S(P) (known-amp. surrogate),asymmetric,20,-13.256466474732292,False,known_amplitude_linear,106548750000.0,0.6,177581250000.0,,,,,,,,,,,,,,,,,,,
exact_fim,ok,optimal,0.006752806002623402,False,,304.35459003235076,4565318.8504852615,0.9999999994883961,3.357142855681132,1359882.2113749469,80651749467.22043,2.1277091719398623e+18,2.1277091719398623e+18,2.1081819657357947e+18,4.699890441738737e-19,0.10276247946123573,-12.464529171037618,-7.177593524785727,0.021430849018193632,1.3293721706650113e-05,64,-27206.38375486793,79911562191.46504,79911562150.58197,1.0416666666666667e-06,Exact unknown-amplitude FIM,asymmetric,20,-13.256466474732292,False,unknown_amplitude_exact,,,,2.1081819725736271e+18,79911562409.77301,26381438.54281344,quad_over_lin,1e-12,0.45,4.684848827941393e+18,,,,,,,,,,,,
exact_fim_psl,ok,optimal,0.4717729930016503,False,,304.33382773051187,4565007.415957678,0.9999999998914201,3.357142856832629,1359789.4431768793,80593966331.18944,2.1261847696878492e+18,2.1261847696878492e+18,2.1081819705083643e+18,4.703260103527186e-19,0.10279931146402828,-12.905241300187715,-7.183330647047736,0.022000564211796067,1.3481532804215016e-05,64,-26122.863544703792,79911562340.1651,79911562331.48831,1.0416666666666667e-06,Exact FIM + sampled PSL,asymmetric,20,-13.256466474732292,True,unknown_amplitude_exact,,,,2.1081819725736271e+18,79911562409.77301,26381438.54281344,quad_over_lin,1e-12,0.45,4.684848827941393e+18,-13.256466474732292,-13.256466496557593,-12.873088258447785,-7.185185446060215,-1.46484375e-06,-0.3833782162845072,249.0,1985.0,-13.256466474732292,0.2173585239870126,249.0,1.0416666666666667e-06
water_filling,ok,ok,0.0,False,,293.2564120344023,4398846.180516034,0.99999999999944,3.357142857141257,1310294.6069628475,71847519289.20615,1.895440914581795e+18,1.895440914581795e+18,1.8244899555897065e+18,5.275817316735707e-19,0.10887685860050332,-15.238990662059667,-7.928325507826431,0.018764696921097317,2.864369814875508e-05,60,-51859.68783883735,69158092066.50473,69158092066.466,1.0416666666666667e-06,Water-filling (comm. only),asymmetric,21,-13.256466474732292,False,,,,,,,,,,,,,,,,,,,,,,,
linear_sensing,ok,optimal,0.005291468998620985,False,,285.9686953474579,4289530.430211869,0.999999999753515,3.3571428564386143,1277732.468841784,106548749981.80118,2.810909299458482e+18,2.810909299458482e+18,2.732477932789666e+18,3.557567653259565e-19,0.08940612887371902,-8.411876896679226,-1.392952837013687,0.04715443632572443,8.751834923362566e-05,64,-54524.997548722036,103575774650.3757,103575774624.84583,1.0416666666666667e-06,Linear S(P) (known-amp. surrogate),asymmetric,21,-13.256466474732292,False,known_amplitude_linear,106548750000.0,0.6,177581250000.0,,,,,,,,,,,,,,,,,,,
exact_fim,ok,optimal,0.006319717002043035,False,,292.5646905008175,4388470.357512263,0.9999999996948569,3.35714285627102,1307203.9366197244,81470998820.8074,2.1493221484127567e+18,2.1493221484127567e+18,2.1081819717455237e+18,4.6526296708871e-19,0.10224449876954697,-12.783401782276215,-6.054736461181682,0.02341265054390316,2.6938372627312353e-05,64,-39489.70046606938,79911562402.76784,79911562378.38338,1.0416666666666667e-06,Exact unknown-amplitude FIM,asymmetric,21,-13.256466474732292,False,unknown_amplitude_exact,,,,2.1081819725736271e+18,79911562409.77301,26381438.54281344,quad_over_lin,1e-12,0.45,4.684848827941393e+18,,,,,,,,,,,,
exact_fim_psl,ok,optimal,0.4566279009995924,False,,292.5646844214061,4388470.266321092,0.9999999997029082,3.3571428562940238,1307203.9094474397,81469060162.8923,2.149271003828114e+18,2.149271003828114e+18,2.1081819708413937e+18,4.652740386014039e-19,0.10224571528000645,-12.790988657200844,-6.054879387644181,0.023421216330917188,2.6940233468388793e-05,64,-39465.14689245532,79911562367.85303,79911562344.11195,1.0416666666666667e-06,Exact FIM + sampled PSL,asymmetric,21,-13.256466474732292,True,unknown_amplitude_exact,,,,2.1081819725736271e+18,79911562409.77301,26381438.54281344,quad_over_lin,1e-12,0.45,4.684848827941393e+18,-13.256466474732292,-13.256470880114321,-12.790988657200844,-6.060585602766312,-1.4322916666666667e-06,-0.4654778175314487,249.0,1985.0,-13.256466474732292,0.2173585239870126,249.0,1.0416666666666667e-06
water_filling,ok,ok,0.0,False,,278.16897112538174,4172534.5668807263,0.9999999999994282,3.357142857141224,1242882.6369437997,67347442603.81539,1.7767224180682115e+18,1.7767224180682115e+18,1.6899480363461445e+18,5.628341207554957e-19,0.11245555575412727,-14.363658046239255,-8.198539277503258,0.019090817917377673,3.511000546147396e-05,57,-57351.73059425717,64058221601.69765,64058221601.66102,1.0416666666666667e-06,Water-filling (comm. only),asymmetric,22,-13.256466474732292,False,,,,,,,,,,,,,,,,,,,,,,,
linear_sensing,ok,optimal,0.005612225999357179,False,,268.6186227819761,4029279.341729642,0.9999999992130724,3.3571428548944926,1200210.868553067,106548749933.12624,2.8109092981743667e+18,2.8109092981743667e+18,2.648073501834913e+18,3.557567654884778e-19,0.08940612889414083,-8.266166031932302,-0.617638349424423,0.05761675133472849,0.00012235110570585938,64,-78564.38310006967,100376387725.07788,100376387646.08893,1.0416666666666667e-06,Linear S(P) (known-amp. surrogate),asymmetric,22,-13.256466474732292,False,known_amplitude_linear,106548750000.0,0.6,177581250000.0,,,,,,,,,,,,,,,,,,,
exact_fim,ok,optimal,0.006588257998373592,False,,276.4859548542569,4147289.322813853,0.9999999994124382,3.3571428554641094,1235362.7776261282,81660693397.33905,2.1543265642254318e+18,2.1543265642254318e+18,2.1081819693054354e+18,4.641821795292864e-19,0.10212567475043792,-11.577551411471527,-5.251750786095953,0.030096469988340285,3.620377930533152e-05,64,-41822.61484503353,79911562332.84372,79911562285.89075,1.0416666666666667e-06,Exact unknown-amplitude FIM,asymmetric,22,-13.256466474732292,False,unknown_amplitude_exact,,,,2.1081819725736271e+18,79911562409.77301,26381438.54281344,quad_over_lin,1e-12,0.45,4.684848827941393e+18,,,,,,,,,,,,
exact_fim_psl,ok,optimal,0.4613115120009752,False,,276.33166730333807,4144975.009550071,0.9999999997046729,3.3571428562990655,1234673.4074103467,81385419651.3095,2.147064446812103e+18,2.147064446812103e+18,2.10818197025965e+18,4.657522048230877e-19,0.10229824119857109,-12.888081466255032,-5.2271412769391015,0.033954678051584496,3.7499752081604243e-05,64,-38390.84955668603,79911562345.66072,79911562322.06067,1.0416666666666667e-06,Exact FIM + sampled PSL,asymmetric,22,-13.256466474732292,True,unknown_amplitude_exact,,,,2.1081819725736271e+18,79911562409.77301,26381438.54281344,quad_over_lin,1e-12,0.45,4.684848827941393e+18,-13.256466474732292,-13.256466490161731,-12.862545394953353,-5.229592761262596,-1.46484375e-06,-0.39392107977893964,249.0,1985.0,-13.256466474732292,0.2173585239870126,249.0,1.0416666666666667e-06
water_filling,ok,ok,0.0,False,,291.96473918552545,4379471.087782881,0.9999999999994229,3.3571428571412083,1304523.3027444778,68624625796.43683,1.810416347972268e+18,1.810416347972268e+18,1.753527382856412e+18,5.523591306055296e-19,0.11140417734024675,-13.648398084381645,-9.372596371904194,0.01831339692014211,2.0489848054915988e-05,62,-46437.06683961549,66468224619.80952,66468224619.77116,1.0416666666666667e-06,Water-filling (comm. only),asymmetric,23,-13.256466474732292,False,,,,,,,,,,,,,,,,,,,,,,,
linear_sensing,ok,optimal,0.005518783000297844,False,,282.80241838006725,4242036.275701009,0.9999999996588178,3.357142856168051,1263585.2739799707,106548749974.49829,2.810909299265821e+18,2.810909299265821e+18,2.7404573008013563e+18,3.557567653503402e-19,0.08940612887678298,-7.759901590230427,-1.7948000946910763,0.052153368846783975,7.131041951922324e-05,64,-51677.015258102394,103878236104.86469,103878236069.42328,1.0416666666666667e-06,Linear S(P) (known-amp. surrogate),asymmetric,23,-13.256466474732292,False,known_amplitude_linear,106548750000.0,0.6,177581250000.0,,,,,,,,,,,,,,,,,,,
exact_fim,ok,optimal,0.006514832999528153,False,,290.69845502657085,4360476.8253985625,0.9999999993739072,3.3571428553540206,1298865.4380448572,81020765062.03656,2.1374443341758438e+18,2.1374443341758438e+18,2.1081819564141294e+18,4.678484412486841e-19,0.10252819239557998,-11.074939747707662,-6.80991371454942,0.02395218281163331,1.5628548342896615e-05,64,-33304.70335389373,79911561847.27222,79911561797.24016,1.0416666666666667e-06,Exact unknown-amplitude FIM,asymmetric,23,-13.256466474732292,False,unknown_amplitude_exact,,,,2.1081819725736271e+18,79911562409.77301,26381438.54281344,quad_over_lin,1e-12,0.45,4.684848827941393e+18,,,,,,,,,,,,
exact_fim_psl,ok,optimal,0.4731316879988299,False,,290.3819130786483,4355728.696179725,0.9999999999142537,3.357142856897868,1297451.1010843876,80741005871.3859,2.130063884280906e+18,2.130063884280906e+18,2.108181972135074e+18,4.694694874551111e-19,0.10270566356209385,-12.823205767209647,-7.271185211057222,0.02591709842813323,1.2237358997667693e-05,64,-28800.06038722066,79911562400.00159,79911562393.14946,1.0416666666666667e-06,Exact FIM + sampled PSL,asymmetric,23,-13.256466474732292,True,unknown_amplitude_exact,,,,2.1081819725736271e+18,79911562409.77301,26381438.54281344,quad_over_lin,1e-12,0.45,4.684848827941393e+18,-13.256466474732292,-13.25646647698177,-12.804626089314318,-7.272226597569537,-1.46484375e-06,-0.4518403854179738,249.0,1985.0,-13.256466474732292,0.2173585239870126,249.0,1.0416666666666667e-06
water_filling,ok,ok,0.0,False,,280.53292024060374,4207993.803609056,1.0000000000000067,3.3571428571428763,1253444.9627771585,71129071979.53134,1.8764872410353595e+18,1.8764872410353595e+18,1.833881075537693e+18,5.329106311686116e-19,0.10942533865228563,-14.158937631916242,-8.592152111242003,0.018295942535798436,2.0824858191020122e-05,61,-40187.129682118444,69514066587.44347,69514066587.44392,1.0416666666666667e-06,Water-filling (comm. only),asymmetric,24,-13.256466474732292,False,,,,,,,,,,,,,,,,,,,,,,,
linear_sensing,ok,optimal,0.005743646001064917,False,,272.0623018841667,4080934.5282625,0.9999999995916657,3.3571428559761882,1215597.5194793574,106548749964.82219,2.8109092990105523e+18,2.8109092990105523e+18,2.7059746925949937e+18,3.5575676538264777e-19,0.08940612888084262,-7.7570703506259155,-0.9657883705061967,0.05513244889658425,0.00010183117151319027,64,-63068.15588426306,102571157721.68799,102571157679.80467,1.0416666666666667e-06,Linear S(P) (known-amp. surrogate),asymmetric,24,-13.256466474732292,False,known_amplitude_linear,106548750000.0,0.6,177581250000.0,,,,,,,,,,,,,,,,,,,
exact_fim,ok,optimal,0.006676409000647254,False,,279.73407238706363,4196011.085805954,0.9999999997315491,3.3571428563758547,1249875.6428660545,80991804208.01393,2.1366803051852987e+18,2.1366803051852987e+18,2.1081819753273393e+18,4.680157333660064e-19,0.10254652164907982,-11.66658108740445,-6.106645747414365,0.02253077651200924,2.4341146345157106e-05,64,-32867.030503990994,79911562535.60599,79911562514.15366,1.0416666666666667e-06,Exact unknown-amplitude FIM,asymmetric,24,-13.256466474732292,False,unknown_amplitude_exact,,,,2.1081819725736271e+18,79911562409.77301,26381438.54281344,quad_over_lin,1e-12,0.45,4.684848827941393e+18,,,,,,,,,,,,
exact_fim_psl,ok,optimal,0.47017111999957706,False,,279.5818362920097,4193727.5443801456,0.9999999996977817,3.357142856279377,1249195.4390728343,80861616504.87296,2.1332457662958546e+18,2.1332457662958546e+18,2.1081819695031201e+18,4.687692415939442e-19,0.10262903871652113,-12.781025946044045,-6.068306960825631,0.02443041574655175,2.5440795964865556e-05,64,-30822.94943343321,79911562317.53482,79911562293.3841,1.0416666666666667e-06,Exact FIM + sampled PSL,asymmetric,24,-13.256466474732292,True,unknown_amplitude_exact,,,,2.1081819725736271e+18,79911562409.77301,26381438.54281344,quad_over_lin,1e-12,0.45,4.684848827941393e+18,-13.256466474732292,-13.256466485814268,-12.773545910913906,-6.070263531638897,-1.46484375e-06,-0.4829205638183858,249.0,1985.0,-13.256466474732292,0.2173585239870126,249.0,1.0416666666666667e-06
water_filling,ok,ok,0.0,False,,279.4408871680795,4191613.3075211924,0.9999999999996224,3.3571428571417785,1248565.6660705435,67672365680.07286,1.7852943562356396e+18,1.7852943562356396e+18,1.6895628712197507e+18,5.601317208600478e-19,0.1121852580441982,-16.07848732992408,-7.753463809765087,0.019670438746503288,4.156008503939844e-05,57,-60239.056528793466,64043621748.61924,64043621748.595055,1.0416666666666667e-06,Water-filling (comm. only),asymmetric,25,-13.256466474732292,False,,,,,,,,,,,,,,,,,,,,,,,
linear_sensing,ok,optimal,0.005335843998182099,False,,270.3768307399617,4055652.4610994253,0.9999999997438487,3.3571428564109964,1208066.6908036142,106548749978.71303,2.810909299377012e+18,2.810909299377012e+18,2.6359952527820477e+18,3.557567653362676e-19,0.08940612887501467,-8.347840739769008,-0.303222644662346,0.06249999675583659,0.00013750137468696242,64,-81426.00114650912,99918556343.29433,99918556317.70006,1.0416666666666667e-06,Linear S(P) (known-amp. surrogate),asymmetric,25,-13.256466474732292,False,known_amplitude_linear,106548750000.0,0.6,177581250000.0,,,,,,,,,,,,,,,,,,,
exact_fim,ok,optimal,0.00653460399917094,False,,277.94900542308596,4169235.0813462893,0.9999999993862793,3.3571428553893696,1241899.8121135156,81671769884.20459,2.1546187778829448e+18,2.1546187778829448e+18,2.1081819699743647e+18,4.641192262245881e-19,0.1021187492726817,-12.550552428260563,-4.911985277915134,0.027539095016831917,4.28468684594282e-05,64,-41954.82777986387,79911562360.2902,79911562311.24683,1.0416666666666667e-06,Exact unknown-amplitude FIM,asymmetric,25,-13.256466474732292,False,unknown_amplitude_exact,,,,2.1081819725736271e+18,79911562409.77301,26381438.54281344,quad_over_lin,1e-12,0.45,4.684848827941393e+18,,,,,,,,,,,,
exact_fim_psl,ok,optimal,0.48085383900252054,False,,277.94775896567353,4169216.3844851027,0.9999999997031139,3.3571428562946113,1241894.24250084,81653636125.32556,2.1541403832375276e+18,2.1541403832375276e+18,2.1081819703909842e+18,4.642222985008375e-19,0.10213008798374949,-12.658732409403441,-4.9077498885963164,0.027780261421862042,4.296367349277805e-05,64,-41738.15758755755,79911562350.7636,79911562327.03897,1.0416666666666667e-06,Exact FIM + sampled PSL,asymmetric,25,-13.256466474732292,True,unknown_amplitude_exact,,,,2.1081819725736271e+18,79911562409.77301,26381438.54281344,quad_over_lin,1e-12,0.45,4.684848827941393e+18,-13.256466474732292,-13.256466750119396,-12.658732409403441,-4.9125708050285954,-1.4322916666666667e-06,-0.5977340653288508,249.0,1985.0,-13.256466474732292,0.2173585239870126,249.0,1.0416666666666667e-06
water_filling,ok,ok,0.0,False,,283.20575610679043,4248086.341601856,1.0000000000006781,3.3571428571447948,1265387.4209019502,73334238109.25082,1.9346626957632479e+18,1.9346626957632479e+18,1.8978658676609871e+18,5.168859678691886e-19,0.10776756706435679,-12.877915280761393,-7.872572473229663,0.018144243596015748,2.1160974221946724e-05,60,-37347.02009381917,71939438199.31296,71939438199.36174,1.0416666666666667e-06,Water-filling (comm. only),asymmetric,26,-13.256466474732292,False,,,,,,,,,,,,,,,,,,,,,,,
linear_sensing,ok,optimal,0.005246690001513343,False,,275.6091039786668,4134136.559680002,0.9999999988534136,3.3571428538668964,1231444.933872305,106548749906.85046,2.8109092974811745e+18,2.8109092974811745e+18,2.757590158657183e+18,3.5575676557621023e-19,0.08940612890516496,-7.670736833888277,-1.5874058365114103,0.04798998244680222,7.610091225185439e-05,64,-44956.48281961573,104527664681.5074,104527664561.65741,1.0416666666666667e-06,Linear S(P) (known-amp. surrogate),asymmetric,26,-13.256466474732292,False,known_amplitude_linear,106548750000.0,0.6,177581250000.0,,,,,,,,,,,,,,,,,,,
exact_fim,ok,optimal,0.007020420998742338,False,,282.70960441640534,4240644.06624608,0.9999999991892409,3.3571428548264026,1263170.5737959617,80895783166.38753,2.134147131976814e+18,2.134147131976814e+18,2.108181968929394e+18,4.685712550070162e-19,0.10260736353263905,-11.112286311466908,-6.244904233145182,0.02189809051392704,2.215326182264665e-05,64,-31372.295031583657,79911562336.4258,79911562271.63676,1.0416666666666667e-06,Exact unknown-amplitude FIM,asymmetric,26,-13.256466474732292,False,unknown_amplitude_exact,,,,2.1081819725736271e+18,79911562409.77301,26381438.54281344,quad_over_lin,1e-12,0.45,4.684848827941393e+18,,,,,,,,,,,,
exact_fim_psl,ok,optimal,0.46732966500348994,False,,282.3700326007688,4235550.489011532,0.9999999996651797,3.3571428561862278,1261653.3375118836,80683352399.74825,2.1285429027621176e+18,2.1285429027621176e+18,2.108181971248894e+18,4.698049537560852e-19,0.10274235192758786,-12.82767713822615,-6.341740747109351,0.024624960863694596,2.2106073436952342e-05,64,-27781.109417160507,79911562386.31442,79911562359.55841,1.0416666666666667e-06,Exact FIM + sampled PSL,asymmetric,26,-13.256466474732292,True,unknown_amplitude_exact,,,,2.1081819725736271e+18,79911562409.77301,26381438.54281344,quad_over_lin,1e-12,0.45,4.684848827941393e+18,-13.256466474732292,-13.256466478014177,-12.809465454199735,-6.343186270419819,-1.46484375e-06,-0.4470010205325572,249.0,1985.0,-13.256466474732292,0.2173585239870126,249.0,1.0416666666666667e-06
water_filling,ok,ok,0.0,False,,279.3892769060537,4190839.1535908054,1.0000000000008527,3.3571428571452935,1248335.0670261425,73132671760.01126,1.929345085508485e+18,1.929345085508485e+18,1.878285949120312e+18,5.183105953989806e-19,0.10791597794221636,-15.900699154008414,-8.450150270976115,0.01858451527307992,2.0986810324685914e-05,61,-43993.396794602515,71197252798.42157,71197252798.48227,1.0416666666666667e-06,Water-filling (comm. only),asymmetric,27,-13.256466474732292,False,,,,,,,,,,,,,,,,,,,,,,,
linear_sensing,ok,optimal,0.005407099997682963,False,,272.55359727498444,4088303.9591247668,0.9999999995038951,3.3571428557254146,1217792.6691896352,106548749962.90186,2.810909298959891e+18,2.810909298959891e+18,2.753861343170795e+18,3.5575676538905963e-19,0.08940612888164831,-8.422266601615888,-1.5105849466902357,0.042349875913486566,8.162189855791657e-05,64,-46501.91166982042,104386322226.81345,104386322175.02687,1.0416666666666667e-06,Linear S(P) (known-amp. surrogate),asymmetric,27,-13.256466474732292,False,known_amplitude_linear,106548750000.0,0.6,177581250000.0,,,,,,,,,,,,,,,,,,,
exact_fim,ok,optimal,0.006482191998657072,False,,278.91552719797306,4183732.907969596,0.999999999530454,3.3571428558012975,1246218.3135102259,81139566954.42587,2.1405784989986824e+18,2.1405784989986824e+18,2.1081819716794173e+18,4.671634329074028e-19,0.10245310569255553,-13.285508433646351,-6.575292603637272,0.0213498923412931,2.1246295952358675e-05,64,-35042.89627192486,79911562413.39975,79911562375.8776,1.0416666666666667e-06,Exact unknown-amplitude FIM,asymmetric,27,-13.256466474732292,False,unknown_amplitude_exact,,,,2.1081819725736271e+18,79911562409.77301,26381438.54281344,quad_over_lin,1e-12,0.45,4.684848827941393e+18,,,,,,,,,,,,
exact_fim_psl,ok,optimal,0.44142892500167363,False,,278.91552727410055,4183732.909111508,0.9999999997280162,3.357142856365761,1246218.3136408331,81139576447.63065,2.1405787494430807e+18,2.1405787494430807e+18,2.1081819709602286e+18,4.671633782500047e-19,0.102453099699128,-13.285595611305629,-6.575289977961049,0.021350111600540875,2.1246333576991444e-05,64,-35043.03210836952,79911562370.35107,79911562348.61642,1.0416666666666667e-06,Exact FIM + sampled PSL,asymmetric,27,-13.256466474732292,False,unknown_amplitude_exact,,,,2.1081819725736271e+18,79911562409.77301,26381438.54281344,quad_over_lin,1e-12,0.45,4.684848827941393e+18,-13.256466474732292,-13.92655366346208,-13.285595611305629,-6.582601678580964,-1.4322916666666667e-06,0.029129136573336822,249.0,1985.0,-13.256466474732292,0.2173585239870126,249.0,1.0416666666666667e-06
water_filling,ok,ok,0.0,False,,259.85806834929457,3897871.0252394187,1.0000000000000304,3.3571428571429442,1161067.9649649032,70268721103.26897,1.8537899472679877e+18,1.8537899472679877e+18,1.7183900866161106e+18,5.394354422267443e-19,0.1100931874930815,-15.702974526386273,-6.8844416136117275,0.020618018031208246,4.87652216887277e-05,57,-71640.70847093183,65136329993.04978,65136329993.051765,1.0416666666666667e-06,Water-filling (comm. only),asymmetric,28,-13.256466474732292,False,,,,,,,,,,,,,,,,,,,,,,,
linear_sensing,ok,optimal,0.0057946080014517065,False,,252.83516109693844,3792527.4164540763,0.9999999996074664,3.357142856021333,1129689.0180445681,106548749972.95334,2.8109092992250634e+18,2.8109092992250634e+18,2.6373580090313267e+18,3.5575676535549866e-19,0.08940612887743117,-8.390239343567362,-0.8884725168577772,0.04977076587935151,0.0001174633179711081,64,-81108.18568087374,99970212230.33421,99970212191.09254,1.0416666666666667e-06,Linear S(P) (known-amp. surrogate),asymmetric,28,-13.256466474732292,False,known_amplitude_linear,106548750000.0,0.6,177581250000.0,,,,,,,,,,,,,,,,,,,
exact_fim,ok,optimal,0.040078221001749625,False,,258.7499087024726,3881248.6305370894,0.9999999995236489,3.3571428557818543,1156116.6138201691,82629487749.49002,2.179884752887327e+18,2.179884752887327e+18,2.1081819706070126e+18,4.587398479096054e-19,0.10152522026591446,-12.442914080080492,-4.698394469308763,0.02812897514675717,4.788255101898177e-05,64,-52133.72627730625,79911562373.29358,79911562335.22762,1.0416666666666667e-06,Exact unknown-amplitude FIM,asymmetric,28,-13.256466474732292,False,unknown_amplitude_exact,,,,2.1081819725736271e+18,79911562409.77301,26381438.54281344,quad_over_lin,1e-12,0.45,4.684848827941393e+18,,,,,,,,,,,,
exact_fim_psl,ok,optimal,0.404347947001952,False,,258.74653813649195,3881198.0720473793,0.9999999999319672,3.357142856948478,1156101.5534427536,82564922300.3942,2.178181423460016e+18,2.178181423460016e+18,2.108181972032917e+18,4.590985806919203e-19,0.10156490867267913,-12.637196555533325,-4.699588041599379,0.028563968493647767,4.795449040603748e-05,64,-51510.77471071048,79911562394.71376,79911562389.27715,1.0416666666666667e-06,Exact FIM + sampled PSL,asymmetric,28,-13.256466474732292,True,unknown_amplitude_exact,,,,2.1081819725736271e+18,79911562409.77301,26381438.54281344,quad_over_lin,1e-12,0.45,4.684848827941393e+18,-13.256466474732292,-13.256466497608766,-12.637196555533325,-4.707499663853041,-1.4322916666666667e-06,-0.6192699191989668,249.0,1985.0,-13.256466474732292,0.2173585239870126,249.0,1.0416666666666667e-06
water_filling,ok,ok,0.0,False,,284.5317960900917,4267976.941351376,0.9999999999991126,3.357142857140322,1271312.2804034974,71897459936.20557,1.8967584206913987e+18,1.8967584206913987e+18,1.8587755075992924e+18,5.272152684765644e-19,0.10883903859052986,-16.583328977296187,-8.035996001797814,0.01856410190176554,2.496569888783455e-05,60,-37944.156094165475,70457700954.57098,70457700954.50845,1.0416666666666667e-06,Water-filling (comm. only),asymmetric,29,-13.256466474732292,False,,,,,,,,,,,,,,,,,,,,,,,
linear_sensing,ok,optimal,0.005326995000359602,False,,277.2649465516128,4158974.198274192,0.9999999995127896,3.3571428557508276,1238843.3787230165,106548749963.89107,2.8109092989859876e+18,2.8109092989859876e+18,2.7691348370080707e+18,3.5575676538575675e-19,0.0894061288812333,-8.705897212767733,-1.1880731866591332,0.04655603745472763,8.873650420473574e-05,64,-39792.95548362588,104965270709.6809,104965270658.54073,1.0416666666666667e-06,Linear S(P) (known-amp. surrogate),asymmetric,29,-13.256466474732292,False,known_amplitude_linear,106548750000.0,0.6,177581250000.0,,,,,,,,,,,,,,,,,,,
exact_fim,ok,optimal,0.006837353001174051,False,,283.963713945869,4259455.709188036,0.999999999465964,3.35714285561704,1268774.0416113902,80806581388.81158,2.131793860763785e+18,2.131793860763785e+18,2.1081819707648e+18,4.690885072920312e-19,0.10266398166039495,-13.759126545910142,-6.109975437093041,0.0224075759303034,2.5936798191444462e-05,64,-29916.868955172104,79911562383.88428,79911562341.20862,1.0416666666666667e-06,Exact unknown-amplitude FIM,asymmetric,29,-13.256466474732292,False,unknown_amplitude_exact,,,,2.1081819725736271e+18,79911562409.77301,26381438.54281344,quad_over_lin,1e-12,0.45,4.684848827941393e+18,,,,,,,,,,,,
exact_fim_psl,ok,optimal,0.43827038400195306,False,,283.96371399749523,4259455.709962429,0.9999999997207858,3.3571428563451025,1268774.0415669018,80806687627.33601,2.131796663488888e+18,2.131796663488888e+18,2.1081819708256678e+18,4.690878905699218e-19,0.10266391417295159,-13.759074033336137,-6.109946691417205,0.022408223250061057,2.5937151713385187e-05,64,-29918.644422334793,79911562365.82828,79911562343.51584,1.0416666666666667e-06,Exact FIM + sampled PSL,asymmetric,29,-13.256466474732292,False,unknown_amplitude_exact,,,,2.1081819725736271e+18,79911562409.77301,26381438.54281344,quad_over_lin,1e-12,0.45,4.684848827941393e+18,-13.256466474732292,-14.371188943410203,-13.759074033336137,-6.112611241478735,-1.4322916666666667e-06,0.5026075586038452,249.0,1985.0,-13.256466474732292,0.2173585239870126,249.0,1.0416666666666667e-06
water_filling,ok,ok,0.0,False,,274.6546727685756,4119820.091528634,1.0000000000006806,3.357142857144802,1227180.4527950524,71231025477.21198,1.8791769209686461e+18,1.8791769209686461e+18,1.8376851840352596e+18,5.321478722102105e-19,0.10934699995915582,-14.834132215981061,-9.625201815805353,0.01814963695224098,1.4046727574433704e-05,62,-39658.06965197572,69658262988.64253,69658262988.68994,1.0416666666666667e-06,Water-filling (comm. only),asymmetric,30,-13.256466474732292,False,,,,,,,,,,,,,,,,,,,,,,,
linear_sensing,ok,optimal,0.005360188999475213,False,,266.220623211398,3993309.34817097,0.999999999330808,3.35714285523088,1189496.4022602902,106548749945.21045,2.810909298493166e+18,2.810909298493166e+18,2.7160967761301135e+18,3.557567654481297e-19,0.08940612888907083,-8.016655685072388,-1.0339762380414756,0.054255681912563865,9.886429960057465e-05,64,-59949.23061583423,102954839765.08154,102954839696.18498,1.0416666666666667e-06,Linear S(P) (known-amp. surrogate),asymmetric,30,-13.256466474732292,False,known_amplitude_linear,106548750000.0,0.6,177581250000.0,,,,,,,,,,,,,,,,,,,
exact_fim,ok,optimal,0.006605985003261594,False,,273.87529084768323,4108129.3627152485,0.9999999994705693,3.3571428556301983,1223698.108594213,80935385776.85474,2.13519190581099e+18,2.13519190581099e+18,2.1081819697138025e+18,4.683419777297157e-19,0.10258225698243645,-12.094964946767748,-6.820180517659628,0.022935667184316385,1.654489370304354e-05,64,-31997.24169403784,79911562343.67773,79911562301.3701,1.0416666666666667e-06,Exact unknown-amplitude FIM,asymmetric,30,-13.256466474732292,False,unknown_amplitude_exact,,,,2.1081819725736271e+18,79911562409.77301,26381438.54281344,quad_over_lin,1e-12,0.45,4.684848827941393e+18,,,,,,,,,,,,
exact_fim_psl,ok,optimal,0.4733969030021399,False,,273.82066612975007,4107309.991946251,0.9999999997205908,3.3571428563445456,1223454.0404451336,80868662799.9278,2.1334316576957985e+18,2.1334316576957985e+18,2.1081819704755087e+18,4.6872839652152e-19,0.1026245674527694,-12.763789509080613,-6.73719621467103,0.024215908612338202,1.780625509167505e-05,64,-30937.04042005808,79911562352.57092,79911562330.2429,1.0416666666666667e-06,Exact FIM + sampled PSL,asymmetric,30,-13.256466474732292,True,unknown_amplitude_exact,,,,2.1081819725736271e+18,79911562409.77301,26381438.54281344,quad_over_lin,1e-12,0.45,4.684848827941393e+18,-13.256466474732292,-13.256466500522588,-12.759796597554134,-6.739522490357155,-1.46484375e-06,-0.49666987717815836,249.0,1985.0,-13.256466474732292,0.2173585239870126,249.0,1.0416666666666667e-06
water_filling,ok,ok,0.0,False,,290.8701384555997,4363052.076833996,0.9999999999990039,3.3571428571400115,1299632.5335261216,67996173978.635376,1.7938368849638195e+18,1.7938368849638195e+18,1.735683944921924e+18,5.5746428696061145e-19,0.11191781748974076,-13.81657800758439,-10.140188949319192,0.018074401183334622,1.7480719395191545e-05,61,-46950.10863324185,65791861278.0299,65791861277.96436,1.0416666666666667e-06,Water-filling (comm. only),asymmetric,31,-13.256466474732292,False,,,,,,,,,,,,,,,,,,,,,,,
linear_sensing,ok,optimal,0.005525522999960231,False,,280.0357358773795,4200536.038160693,0.9999999991286903,3.357142854653401,1251223.5016565495,106548749921.53372,2.81090929786854e+18,2.81090929786854e+18,2.596442328267149e+18,3.5575676552718415e-19,0.08940612889900452,-7.308311034027365,-0.9223503984045579,0.06249999730420115,0.00011278139275266424,64,-90163.54343230747,98419285450.10109,98419285364.34741,1.0416666666666667e-06,Linear S(P) (known-amp. surrogate),asymmetric,31,-13.256466474732292,False,known_amplitude_linear,106548750000.0,0.6,177581250000.0,,,,,,,,,,,,,,,,,,,
exact_fim,ok,optimal,0.007274745999893639,False,,289.2140662083019,4338210.993124529,0.9999999993921715,3.3571428554062046,1292233.0624502476,81318415374.86673,2.145296777611022e+18,2.145296777611022e+18,2.1081819703884244e+18,4.661359726245375e-19,0.10234037807627869,-10.48459530040841,-6.173367760735397,0.02596706708687638,2.2130373839966053e-05,64,-37508.039788556096,79911562375.51448,79911562326.94196,1.0416666666666667e-06,Exact unknown-amplitude FIM,asymmetric,31,-13.256466474732292,False,unknown_amplitude_exact,,,,2.1081819725736271e+18,79911562409.77301,26381438.54281344,quad_over_lin,1e-12,0.45,4.684848827941393e+18,,,,,,,,,,,,
exact_fim_psl,ok,optimal,0.4668347770020773,False,,288.45309390146207,4326796.408521931,0.9999999996122328,3.357142856034951,1288832.973176547,81045307546.69016,2.138091800226421e+18,2.138091800226421e+18,2.108181969377451e+18,4.6770676539431155e-19,0.10251266720854346,-12.744968652209621,-6.341850762711292,0.030889840062810058,2.166807972533669e-05,64,-33671.13390590299,79911562319.6076,79911562288.62053,1.0416666666666667e-06,Exact FIM + sampled PSL,asymmetric,31,-13.256466474732292,True,unknown_amplitude_exact,,,,2.1081819725736271e+18,79911562409.77301,26381438.54281344,quad_over_lin,1e-12,0.45,4.684848827941393e+18,-13.256466474732292,-13.256466473340378,-12.741523544325675,-6.342694734393577,-1.46484375e-06,-0.5149429304066171,249.0,1985.0,-13.256466474732292,0.2173585239870126,249.0,1.0416666666666667e-06
water_filling,ok,ok,0.0,False,,317.03727081918873,4755559.062287831,0.9999999999997604,3.357142857142173,1416549.5079158128,73974704913.28609,1.9515591313926162e+18,1.9515591313926162e+18,1.9198269051573348e+18,5.124108124186883e-19,0.10730003160554474,-13.566550865899593,-7.808041912218933,0.01789391687430708,2.0871146479213857e-05,60,-34681.75247257728,72771880958.7347,72771880958.71725,1.0416666666666667e-06,Water-filling (comm. only),asymmetric,32,-13.256466474732292,False,,,,,,,,,,,,,,,,,,,,,,,
linear_sensing,ok,optimal,0.005348329003027175,False,,309.86156031487474,4647923.404723121,0.9999999996241509,3.357142856069003,1384487.823126341,106548749975.45671,2.8109092992911063e+18,2.8109092992911063e+18,2.778422075997606e+18,3.557567653471401e-19,0.08940612887638086,-7.90139854962144,-1.6966242008672587,0.044557453611260435,7.129119780052094e-05,64,-35091.91430654192,105317307565.80528,105317307526.22186,1.0416666666666667e-06,Linear S(P) (known-amp. surrogate),asymmetric,32,-13.256466474732292,False,known_amplitude_linear,106548750000.0,0.6,177581250000.0,,,,,,,,,,,,,,,,,,,
exact_fim,ok,optimal,0.006695807998767123,False,,316.6654790269113,4749982.18540367,0.9999999995613762,3.3571428558896463,1414888.3110739475,80728468847.45839,2.1297331395546527e+18,2.1297331395546527e+18,2.108181971776489e+18,4.69542395442609e-19,0.10271363827902012,-11.953984634896145,-6.462757157447605,0.020907544913375358,2.0515104468397362e-05,64,-28581.57567839057,79911562414.60825,79911562379.55713,1.0416666666666667e-06,Exact unknown-amplitude FIM,asymmetric,32,-13.256466474732292,False,unknown_amplitude_exact,,,,2.1081819725736271e+18,79911562409.77301,26381438.54281344,quad_over_lin,1e-12,0.45,4.684848827941393e+18,,,,,,,,,,,,
exact_fim_psl,ok,optimal,0.5101164379993861,False,,316.5773917761451,4748660.876642176,0.999999999725179,3.357142856357654,1414494.7295433995,80627909477.47525,2.1270802387155384e+18,2.1270802387155384e+18,2.108181970745301e+18,4.701280101233329e-19,0.1027776706984037,-12.80927908024929,-6.514641015201609,0.022325256869307614,2.0399868238068727e-05,64,-26764.662097672997,79911562362.43088,79911562340.4695,1.0416666666666667e-06,Exact FIM + sampled PSL,asymmetric,32,-13.256466474732292,True,unknown_amplitude_exact,,,,2.1081819725736271e+18,79911562409.77301,26381438.54281344,quad_over_lin,1e-12,0.45,4.684848827941393e+18,-13.256466474732292,-13.256466499323409,-12.796760587032868,-6.517048000633816,-1.46484375e-06,-0.45970588769942466,249.0,1985.0,-13.256466474732292,0.2173585239870126,249.0,1.0416666666666667e-06
water_filling,ok,ok,0.0,False,,285.9150201311251,4288725.301966877,1.0000000000008882,3.357142857145395,1277492.643138104,69976635870.36238,1.846084318646799e+18,1.846084318646799e+18,1.7611309942159624e+18,5.416870669986577e-19,0.1103227148777396,-15.133416700738135,-8.062095434682377,0.01894073251724012,3.158590264923582e-05,60,-56746.744635558716,66756442843.56692,66756442843.626205,1.0416666666666667e-06,Water-filling (comm. only),asymmetric,33,-13.256466474732292,False,,,,,,,,,,,,,,,,,,,,,,,
linear_sensing,ok,optimal,0.00543883299906156,False,,277.61971483454306,4164295.722518146,0.9999999992975162,3.3571428551357605,1240428.5138321123,106548749950.1514,2.8109092986235156e+18,2.8109092986235156e+18,2.6988775833267656e+18,3.5575676543163226e-19,0.08940612888699784,-8.219535950855928,-1.4371521107032117,0.05235417234231775,8.838052537493197e-05,64,-65166.02882821496,102302138711.76044,102302138639.89484,1.0416666666666667e-06,Linear S(P) (known-amp. surrogate),asymmetric,33,-13.256466474732292,False,known_amplitude_linear,106548750000.0,0.6,177581250000.0,,,,,,,,,,,,,,,,,,,
exact_fim,ok,optimal,0.007263769999553915,False,,284.85018010653414,4272752.701598012,0.9999999996051975,3.35714285601485,1272734.8477121557,81634964440.69301,2.1536477973369034e+18,2.1536477973369034e+18,2.1081819706220964e+18,4.643284761958532e-19,0.1021417669976389,-12.237653034732377,-5.8242292873599535,0.023852053836995013,2.8812767421275962e-05,64,-41513.87846942333,79911562367.34865,79911562335.79936,1.0416666666666667e-06,Exact unknown-amplitude FIM,asymmetric,33,-13.256466474732292,False,unknown_amplitude_exact,,,,2.1081819725736271e+18,79911562409.77301,26381438.54281344,quad_over_lin,1e-12,0.45,4.684848827941393e+18,,,,,,,,,,,,
exact_fim_psl,ok,optimal,0.47795846100052586,False,,284.81507241365347,4272226.086204802,0.9999999996842802,3.357142856240801,1272577.983466773,81493818325.77576,2.1499241597806566e+18,2.1499241597806566e+18,2.1081819703324083e+18,4.651326864023072e-19,0.1022301827622158,-12.779865655048827,-5.812592511255339,0.024668106698868326,2.9252787365819632e-05,64,-39777.58164414594,79911562350.04826,79911562324.8186,1.0416666666666667e-06,Exact FIM + sampled PSL,asymmetric,33,-13.256466474732292,True,unknown_amplitude_exact,,,,2.1081819725736271e+18,79911562409.77301,26381438.54281344,quad_over_lin,1e-12,0.45,4.684848827941393e+18,-13.256466474732292,-13.256466521493039,-12.778939877121127,-5.816120107942995,-1.46484375e-06,-0.4775265976111651,249.0,1985.0,-13.256466474732292,0.2173585239870126,249.0,1.0416666666666667e-06
water_filling,ok,ok,0.0,False,,261.1395583248322,3917093.374872483,0.9999999999993373,3.357142857140964,1166793.7712392698,67962125200.43837,1.7929386292143572e+18,1.7929386292143572e+18,1.6339914209196736e+18,5.577435745462114e-19,0.11194584918952911,-14.538881418396382,-7.796679637877537,0.020326922324725893,4.7192138940592164e-05,56,-77620.63933968953,61937161548.98125,61937161548.9402,1.0416666666666667e-06,Water-filling (comm. only),asymmetric,34,-13.256466474732292,False,,,,,,,,,,,,,,,,,,,,,,,
linear_sensing,ok,optimal,0.005569013999775052,False,,252.9230806981826,3793846.210472739,0.9999999991860268,3.3571428548172197,1130081.8507109063,106548749932.79817,2.8109092981657124e+18,2.8109092981657124e+18,2.536781101407293e+18,3.5575676548957314e-19,0.08940612889427847,-8.76220461119316,-0.43920549353724736,0.060217336471059944,0.00014852575742908497,64,-101936.00713689966,96157800468.51195,96157800390.24207,1.0416666666666667e-06,Linear S(P) (known-amp. surrogate),asymmetric,34,-13.256466474732292,False,known_amplitude_linear,106548750000.0,0.6,177581250000.0,,,,,,,,,,,,,,,,,,,
exact_fim,ok,optimal,0.006310071999905631,False,,259.3918136164973,3890877.2042474593,0.9999999994396963,3.3571428555419898,1158984.6996902076,83001675700.44383,2.1897036064417905e+18,2.1897036064417905e+18,2.108181969313252e+18,4.566828118007136e-19,0.10129733981526647,-13.044921304911252,-4.291875569335753,0.03254770235018512,5.610685361198439e-05,64,-55588.78858176511,79911562330.9618,79911562286.18706,1.0416666666666667e-06,Exact unknown-amplitude FIM,asymmetric,34,-13.256466474732292,False,unknown_amplitude_exact,,,,2.1081819725736271e+18,79911562409.77301,26381438.54281344,quad_over_lin,1e-12,0.45,4.684848827941393e+18,,,,,,,,,,,,
exact_fim_psl,ok,optimal,0.4536029650007549,False,,259.3918137115894,3890877.2056738413,0.9999999996958333,3.3571428562738097,1158984.6998624415,83001865098.5658,2.1897086030367053e+18,2.1897086030367053e+18,2.1081819702594957e+18,4.566817697173003e-19,0.10129722424234022,-13.045085275357987,-4.291882373221754,0.032545954078773816,5.6106778940653116e-05,64,-55590.49178997183,79911562346.36128,79911562322.05484,1.0416666666666667e-06,Exact FIM + sampled PSL,asymmetric,34,-13.256466474732292,False,unknown_amplitude_exact,,,,2.1081819725736271e+18,79911562409.77301,26381438.54281344,quad_over_lin,1e-12,0.45,4.684848827941393e+18,-13.256466474732292,-13.550389311438018,-13.045085275357987,-4.300354054552567,-1.4322916666666667e-06,-0.21138119937430488,249.0,1985.0,-13.256466474732292,0.2173585239870126,249.0,1.0416666666666667e-06
water_filling,ok,ok,0.0,False,,291.2567303622967,4368850.955434451,1.0000000000008402,3.357142857145258,1301359.8590646505,77377329973.3912,2.0413252753000164e+18,2.0413252753000164e+18,2.026916156748255e+18,4.898778318673532e-19,0.10491427909716909,-14.338687519926106,-7.070788754204999,0.01834873692530195,2.0513535212643046e-05,62,-23370.578922306588,76831146014.16243,76831146014.22699,1.0416666666666667e-06,Water-filling (comm. only),asymmetric,35,-13.256466474732292,False,,,,,,,,,,,,,,,,,,,,,,,
linear_sensing,ok,optimal,0.005802249997941544,False,,285.83036221055227,4287455.433158284,0.9999999994636426,3.3571428556104075,1277114.3849279908,106548749963.36389,2.81090929897208e+18,2.81090929897208e+18,2.7965350413065825e+18,3.557567653875169e-19,0.08940612888145447,-8.245373519303065,-1.6276246179085265,0.03997478972265405,7.130728255294533e-05,64,-23342.290853109345,106003887478.24095,106003887421.38498,1.0416666666666667e-06,Linear S(P) (known-amp. surrogate),asymmetric,35,-13.256466474732292,False,known_amplitude_linear,106548750000.0,0.6,177581250000.0,,,,,,,,,,,,,,,,,,,
exact_fim,ok,optimal,0.006579501001397148,False,,291.19149758065385,4367872.463709808,0.999999999739676,3.3571428563990744,1301068.3937337294,80364028027.75012,2.1201186664670264e+18,2.1201186664670264e+18,2.1081819789517414e+18,4.716717115020754e-19,0.10294627159059094,-13.386659926407242,-6.504795458930797,0.019585820315692802,2.062310881980236e-05,64,-21271.23354038687,79911562672.34113,79911562651.53822,1.0416666666666667e-06,Exact unknown-amplitude FIM,asymmetric,35,-13.256466474732292,False,unknown_amplitude_exact,,,,2.1081819725736271e+18,79911562409.77301,26381438.54281344,quad_over_lin,1e-12,0.45,4.684848827941393e+18,,,,,,,,,,,,
exact_fim_psl,ok,optimal,0.437497180999344,False,,291.1914975893156,4367872.463839734,0.999999999733453,3.3571428563812944,1301068.3937793216,80364033739.08655,2.120118817140297e+18,2.120118817140297e+18,2.1081819761268076e+18,4.7167167798116185e-19,0.10294626793248186,-13.386651400316316,-6.5047514873530154,0.01958583894668682,2.062359975292968e-05,64,-21271.37030727616,79911562565.75807,79911562544.45789,1.0416666666666667e-06,Exact FIM + sampled PSL,asymmetric,35,-13.256466474732292,False,unknown_amplitude_exact,,,,2.1081819725736271e+18,79911562409.77301,26381438.54281344,quad_over_lin,1e-12,0.45,4.684848827941393e+18,-13.256466474732292,-13.950915864597434,-13.386651400316316,-6.5063282564436955,-1.4322916666666667e-06,0.1301849255840235,249.0,1985.0,-13.256466474732292,0.2173585239870126,249.0,1.0416666666666667e-06
water_filling,ok,ok,0.0,False,,280.4387674230012,4206581.511345018,0.9999999999992593,3.357142857140741,1253024.2799759014,68837058771.0088,1.8160206354354056e+18,1.8160206354354056e+18,1.7106923484713772e+18,5.506545357950968e-19,0.11123214640345228,-16.31568321822417,-9.059447555352452,0.018999673369979323,2.8875065947100347e-05,60,-63186.35073253928,64844543852.16433,64844543852.116295,1.0416666666666667e-06,Water-filling (comm. only),asymmetric,36,-13.256466474732292,False,,,,,,,,,,,,,,,,,,,,,,,
linear_sensing,ok,optimal,0.005313653000484919,False,,272.0020623185719,4080030.9347785786,0.9999999995916462,3.3571428559761323,1215328.3639734352,106548749967.38307,2.8109092990781117e+18,2.8109092990781117e+18,2.675454726570199e+18,3.5575676537409727e-19,0.0894061288797682,-8.521564987268667,-1.2023257684818396,0.05251475382765258,0.00010042683801757038,64,-71655.1811749569,101414285021.67676,101414284980.26385,1.0416666666666667e-06,Linear S(P) (known-amp. surrogate),asymmetric,36,-13.256466474732292,False,known_amplitude_linear,106548750000.0,0.6,177581250000.0,,,,,,,,,,,,,,,,,,,
exact_fim,ok,optimal,0.006648367001616862,False,,279.1498010085395,4187247.0151280924,0.999999999510526,3.3571428557443603,1247265.068855605,81882659329.6359,2.160182344826919e+18,2.160182344826919e+18,2.1081819693128246e+18,4.629238834373139e-19,0.10198716066253692,-12.716399771355713,-6.129158482609216,0.024781012281902413,2.6116626653891306e-05,64,-44397.03868987027,79911562325.28549,79911562286.17085,1.0416666666666667e-06,Exact unknown-amplitude FIM,asymmetric,36,-13.256466474732292,False,unknown_amplitude_exact,,,,2.1081819725736271e+18,79911562409.77301,26381438.54281344,quad_over_lin,1e-12,0.45,4.684848827941393e+18,,,,,,,,,,,,
exact_fim_psl,ok,optimal,0.45608209100100794,False,,279.14980106981074,4187247.016047161,0.9999999996855061,3.3571428562443035,1247265.0689436286,81882744314.09123,2.160184586839104e+18,2.160184586839104e+18,2.1081819703496095e+18,4.629234029779153e-19,0.10198710773731061,-12.716299023329132,-6.129148250673335,0.024781504602679562,2.6116636148793716e-05,64,-44397.99532907417,79911562350.60237,79911562325.47067,1.0416666666666667e-06,Exact FIM + sampled PSL,asymmetric,36,-13.256466474732292,True,unknown_amplitude_exact,,,,2.1081819725736271e+18,79911562409.77301,26381438.54281344,quad_over_lin,1e-12,0.45,4.684848827941393e+18,-13.256466474732292,-13.273028956218408,-12.716299023329132,-6.135744709742827,-1.4322916666666667e-06,-0.5401674514031605,249.0,1985.0,-13.256466474732292,0.2173585239870126,249.0,1.0416666666666667e-06
water_filling,ok,ok,0.0,False,,294.9326843275272,4423990.264912908,0.999999999999992,3.3571428571428346,1317784.3342293857,68368828013.85017,1.8036680344915702e+18,1.8036680344915702e+18,1.706372853090585e+18,5.544257484620148e-19,0.1116123887226763,-14.67914642669317,-8.002322790550972,0.018897651810075387,3.611515482011948e-05,57,-60729.0418898525,64680811484.99126,64680811484.99074,1.0416666666666667e-06,Water-filling (comm. only),asymmetric,37,-13.256466474732292,False,,,,,,,,,,,,,,,,,,,,,,,
linear_sensing,ok,optimal,0.0052680379994853865,False,,285.57315705885946,4283597.355882892,0.9999999996823405,3.3571428562352588,1275965.1701824125,106548749972.54652,2.8109092992143314e+18,2.8109092992143314e+18,2.618752322738064e+18,3.557567653568569e-19,0.08940612887760185,-8.213240374110967,-0.5657587488286033,0.06031378779683416,0.00012823514850041987,64,-85345.14915312335,99264955522.42387,99264955490.89142,1.0416666666666667e-06,Linear S(P) (known-amp. surrogate),asymmetric,37,-13.256466474732292,False,known_amplitude_linear,106548750000.0,0.6,177581250000.0,,,,,,,,,,,,,,,,,,,
exact_fim,ok,optimal,0.007120908998331288,False,,293.3621204615383,4400431.806923075,0.9999999994436024,3.3571428555531497,1310766.921831816,81961119607.62238,2.1622522398286712e+18,2.1622522398286712e+18,2.1081819698881948e+18,4.624807326268448e-19,0.10193833350540589,-11.771877452085302,-5.020118204237489,0.028136646280264698,4.024640687088614e-05,64,-45272.03663170269,79911562352.44312,79911562307.98051,1.0416666666666667e-06,Exact unknown-amplitude FIM,asymmetric,37,-13.256466474732292,False,unknown_amplitude_exact,,,,2.1081819725736271e+18,79911562409.77301,26381438.54281344,quad_over_lin,1e-12,0.45,4.684848827941393e+18,,,,,,,,,,,,
exact_fim_psl,ok,optimal,0.462261884000327,False,,293.24346421571664,4398651.96323575,0.9999999999170962,3.3571428569059893,1310236.755098839,81684866782.0198,2.154964292887758e+18,2.154964292887758e+18,2.108181972168018e+18,4.640448119258398e-19,0.10211056236799172,-12.822229325669953,-4.98412786997868,0.02924587418472596,4.14928971650096e-05,64,-42110.620842830096,79911562401.0232,79911562394.39822,1.0416666666666667e-06,Exact FIM + sampled PSL,asymmetric,37,-13.256466474732292,True,unknown_amplitude_exact,,,,2.1081819725736271e+18,79911562409.77301,26381438.54281344,quad_over_lin,1e-12,0.45,4.684848827941393e+18,-13.256466474732292,-13.256466479655689,-12.81307297030018,-4.987462721547249,-1.46484375e-06,-0.44339350443211245,249.0,1985.0,-13.256466474732292,0.2173585239870126,249.0,1.0416666666666667e-06
water_filling,ok,ok,0.0,False,,283.819506974207,4257292.604613105,0.9999999999992539,3.3571428571407256,1268129.7120132195,70704850885.66925,1.865295678319072e+18,1.865295678319072e+18,1.831163597247436e+18,5.3610803457238425e-19,0.1097531175450551,-14.424065978443181,-9.729846193284619,0.01772032433101068,1.340370277311068e-05,62,-35969.313377119965,69411059380.90054,69411059380.84875,1.0416666666666667e-06,Water-filling (comm. only),asymmetric,38,-13.256466474732292,False,,,,,,,,,,,,,,,,,,,,,,,
linear_sensing,ok,optimal,0.005328603001544252,False,,275.39982979737533,4130997.44696063,0.999999998944346,3.357142854126703,1230509.8789235854,106548749912.1456,2.810909297620868e+18,2.810909297620868e+18,2.775870699953744e+18,3.557567655585302e-19,0.08940612890294336,-7.9999992450888175,-1.990131145134302,0.04646702521011706,6.297405035762975e-05,64,-36443.83919693077,105220596609.21246,105220596498.13593,1.0416666666666667e-06,Linear S(P) (known-amp. surrogate),asymmetric,38,-13.256466474732292,False,known_amplitude_linear,106548750000.0,0.6,177581250000.0,,,,,,,,,,,,,,,,,,,
exact_fim,ok,optimal,0.006765685997379478,False,,283.05937159081043,4245890.573862157,0.9999999995256583,3.3571428557875955,1264733.362937592,80609594669.64336,2.1265970677382979e+18,2.1265970677382979e+18,2.1081819701438098e+18,4.702348250030886e-19,0.10278934577497892,-12.048032090007602,-7.454260984299578,0.02140801756582432,1.0200900471317283e-05,64,-26420.301896548244,79911562355.57509,79911562317.66971,1.0416666666666667e-06,Exact unknown-amplitude FIM,asymmetric,38,-13.256466474732292,False,unknown_amplitude_exact,,,,2.1081819725736271e+18,79911562409.77301,26381438.54281344,quad_over_lin,1e-12,0.45,4.684848827941393e+18,,,,,,,,,,,,
exact_fim_psl,ok,optimal,0.4855325329990592,False,,282.9928946664227,4244893.419996341,0.9999999996571598,3.357142856163314,1264436.3382401862,80533038805.55556,2.124577413914774e+18,2.124577413914774e+18,2.108181969492953e+18,4.706818369858253e-19,0.10283819068424545,-12.79041562713731,-7.551427364303094,0.02216842957252043,9.780923307598573e-06,64,-24929.430654748845,79911562320.39558,79911562292.99869,1.0416666666666667e-06,Exact FIM + sampled PSL,asymmetric,38,-13.256466474732292,True,unknown_amplitude_exact,,,,2.1081819725736271e+18,79911562409.77301,26381438.54281344,quad_over_lin,1e-12,0.45,4.684848827941393e+18,-13.256466474732292,-13.256466497794113,-12.77949289420828,-7.553158580837955,-1.46484375e-06,-0.47697358052401206,249.0,1985.0,-13.256466474732292,0.2173585239870126,249.0,1.0416666666666667e-06
water_filling,ok,ok,0.0,False,,298.30976401967575,4474646.460295136,1.0000000000002922,3.357142857143692,1332873.4137046027,70310247700.98956,1.854885478653646e+18,1.854885478653646e+18,1.8164330036440218e+18,5.391168411787029e-19,0.11006067110389542,-15.725176426787229,-9.19394878587661,0.018037487218068943,1.861316067452958e-05,61,-38177.977056809614,68852689768.81873,68852689768.83885,1.0416666666666667e-06,Water-filling (comm. only),asymmetric,39,-13.256466474732292,False,,,,,,,,,,,,,,,,,,,,,,,
linear_sensing,ok,optimal,0.005533245999686187,False,,290.0057041568662,4350085.5623529935,0.9999999996967186,3.3571428562763392,1295770.1678438557,106548749977.66202,2.8109092993492854e+18,2.8109092993492854e+18,2.7740500745686323e+18,3.5575676533977677e-19,0.08940612887545561,-8.390456110600866,-1.6844585648535992,0.0477540946910835,7.209491024154477e-05,64,-37378.671508992375,105151584926.19911,105151584894.3086,1.0416666666666667e-06,Linear S(P) (known-amp. surrogate),asymmetric,39,-13.256466474732292,False,known_amplitude_linear,106548750000.0,0.6,177581250000.0,,,,,,,,,,,,,,,,,,,
exact_fim,ok,optimal,0.0070263629968394525,False,,297.51637588294886,4462745.638244233,0.9999999996774065,3.3571428562211616,1329328.488352608,80682087959.55548,2.128509545010881e+18,2.128509545010881e+18,2.1081819716154854e+18,4.698123164840625e-19,0.10274315700746108,-12.906159647009003,-6.942158993551979,0.022359202185365388,1.5786104946854014e-05,64,-27758.342644146072,79911562399.23317,79911562373.45422,1.0416666666666667e-06,Exact unknown-amplitude FIM,asymmetric,39,-13.256466474732292,False,unknown_amplitude_exact,,,,2.1081819725736271e+18,79911562409.77301,26381438.54281344,quad_over_lin,1e-12,0.45,4.684848827941393e+18,,,,,,,,,,,,
exact_fim_psl,ok,optimal,0.4901957729998685,False,,297.5163759176607,4462745.63876491,0.9999999996956076,3.357142856273165,1329328.4884871114,80681957820.81302,2.1285061117636447e+18,2.1285061117636447e+18,2.1081819704876933e+18,4.698130742840182e-19,0.1027432398689844,-12.9060598424056,-6.942158267055808,0.02235971101605631,1.5785935087984358e-05,64,-27755.999177524576,79911562355.02925,79911562330.70477,1.0416666666666667e-06,Exact FIM + sampled PSL,asymmetric,39,-13.256466474732292,True,unknown_amplitude_exact,,,,2.1081819725736271e+18,79911562409.77301,26381438.54281344,quad_over_lin,1e-12,0.45,4.684848827941393e+18,-13.256466474732292,-13.35900007957019,-12.894229878072172,-6.944247190853098,-1.46484375e-06,-0.36223659666011976,249.0,1985.0,-13.256466474732292,0.2173585239870126,249.0,1.0416666666666667e-06
water_filling,ok,ok,0.0,False,,288.70460931210494,4330569.139681574,0.9999999999991991,3.357142857140569,1289956.7650124119,74973513999.36362,1.9779091519129743e+18,1.9779091519129743e+18,1.936038150016972e+18,5.055843940217527e-19,0.10658290111640398,-13.646956631923832,-7.184954781505094,0.018605306540542755,2.6131602678861445e-05,60,-39838.90928844827,73386375306.13046,73386375306.07169,1.0416666666666667e-06,Water-filling (comm. only),asymmetric,40,-13.256466474732292,False,,,,,,,,,,,,,,,,,,,,,,,
linear_sensing,ok,optimal,0.005115894997288706,False,,282.48760631912063,4237314.09478681,0.999999999376076,3.3571428553602174,1262178.6672024569,106548749952.40831,2.810909298683056e+18,2.810909298683056e+18,2.7653287297585526e+18,3.5575676542409663e-19,0.08940612888605093,-7.968635811939624,-1.454724031062383,0.0432539622078747,8.074533881439295e-05,64,-41566.229799694855,104820998559.1256,104820998493.72525,1.0416666666666667e-06,Linear S(P) (known-amp. surrogate),asymmetric,40,-13.256466474732292,False,known_amplitude_linear,106548750000.0,0.6,177581250000.0,,,,,,,,,,,,,,,,,,,
exact_fim,ok,optimal,0.0067935379993286915,False,,288.42496802710275,4326374.520406541,0.9999999996477684,3.3571428561364813,1288707.3043372023,81043218433.08368,2.1380366864042022e+18,2.1380366864042022e+18,2.1081819719892155e+18,4.6771882183267035e-19,0.10251398847410964,-12.203708102684619,-6.0299673896904995,0.0209234577017666,2.633074064576919e-05,64,-33640.09580636859,79911562415.76799,79911562387.62062,1.0416666666666667e-06,Exact unknown-amplitude FIM,asymmetric,40,-13.256466474732292,False,unknown_amplitude_exact,,,,2.1081819725736271e+18,79911562409.77301,26381438.54281344,quad_over_lin,1e-12,0.45,4.684848827941393e+18,,,,,,,,,,,,
exact_fim_psl,ok,optimal,0.46925225199811393,False,,288.3787464450448,4325681.196675672,0.9999999997011465,3.35714285628899,1288500.7823162198,80919479316.72876,2.134772270510743e+18,2.134772270510743e+18,2.1081819706764954e+18,4.684340403956768e-19,0.10259233885897939,-12.853681171113543,-6.050839776529324,0.021814476052726947,2.6391989920716862e-05,64,-31747.708250653104,79911562361.74324,79911562337.86139,1.0416666666666667e-06,Exact FIM + sampled PSL,asymmetric,40,-13.256466474732292,True,unknown_amplitude_exact,,,,2.1081819725736271e+18,79911562409.77301,26381438.54281344,quad_over_lin,1e-12,0.45,4.684848827941393e+18,-13.256466474732292,-13.256466509525708,-12.836722713321391,-6.054314135940858,-1.46484375e-06,-0.419743761410901,249.0,1985.0,-13.256466474732292,0.2173585239870126,249.0,1.0416666666666667e-06
water_filling,ok,ok,0.0,False,,294.8467034733741,4422700.552100611,0.999999999999516,3.3571428571414748,1317400.1644560436,65158866417.82747,1.718984629921306e+18,1.718984629921306e+18,1.6094144746503726e+18,5.817387675221851e-19,0.11432855395553394,-16.05603458684963,-9.132392303501932,0.019137916561731253,3.5753432363837646e-05,58,-64446.13873409172,61005561620.125206,61005561620.09568,1.0416666666666667e-06,Water-filling (comm. only),asymmetric,41,-13.256466474732292,False,,,,,,,,,,,,,,,,,,,,,,,
linear_sensing,ok,optimal,0.005293284000799758,False,,284.4143347441135,4266215.021161702,0.999999999211608,3.357142854890309,1270787.453964659,106548749935.52905,2.810909298237757e+18,2.810909298237757e+18,2.60083545836825e+18,3.5575676548045497e-19,0.08940612889313271,-8.559706906433021,-0.5734677486227338,0.062499995090334166,0.00012908516342011924,64,-89235.31281931693,98585808965.56989,98585808887.84563,1.0416666666666667e-06,Linear S(P) (known-amp. surrogate),asymmetric,41,-13.256466474732292,False,known_amplitude_linear,106548750000.0,0.6,177581250000.0,,,,,,,,,,,,,,,,,,,
exact_fim,ok,optimal,0.006062372001906624,False,,292.6527460776758,4389791.191165136,0.9999999998036102,3.357142856581744,1307597.3763102947,81773645150.64896,2.1573063939636797e+18,2.1573063939636797e+18,2.1081819714040817e+18,4.635410170748495e-19,0.10205511864342628,-12.714874676260784,-5.486570382511347,0.026426597673220052,3.3608362823365354e-05,64,-43151.85726679415,79911562381.13469,79911562365.44087,1.0416666666666667e-06,Exact unknown-amplitude FIM,asymmetric,41,-13.256466474732292,False,unknown_amplitude_exact,,,,2.1081819725736271e+18,79911562409.77301,26381438.54281344,quad_over_lin,1e-12,0.45,4.684848827941393e+18,,,,,,,,,,,,
exact_fim_psl,ok,optimal,0.45136529299998074,False,,292.6504779654839,4389757.169482258,0.9999999996976171,3.357142856278906,1307587.2423099424,81732472557.4657,2.1562202017269673e+18,2.1562202017269673e+18,2.1081819702327895e+18,4.6377452506895005e-19,0.1020808204527088,-12.864394657084436,-5.48010370879752,0.02667064352652724,3.379408260057438e-05,64,-42672.12482375091,79911562345.20642,79911562321.04253,1.0416666666666667e-06,Exact FIM + sampled PSL,asymmetric,41,-13.256466474732292,True,unknown_amplitude_exact,,,,2.1081819725736271e+18,79911562409.77301,26381438.54281344,quad_over_lin,1e-12,0.45,4.684848827941393e+18,-13.256466474732292,-13.256466686950294,-12.84579885007706,-5.482910734281555,-1.46484375e-06,-0.41066762465523254,249.0,1985.0,-13.256466474732292,0.2173585239870126,249.0,1.0416666666666667e-06
water_filling,ok,ok,0.0,False,,271.946958772144,4079204.38158216,0.9999999999996964,3.35714285714199,1215082.1562162763,69149487269.89111,1.8242629486776927e+18,1.8242629486776927e+18,1.7706159988911101e+18,5.48166590087709e-19,0.11098057956820989,-12.526535417837072,-7.374345516803964,0.01932484268309558,3.4489870555218944e-05,58,-45094.46932299661,67115976106.38943,67115976106.36905,1.0416666666666667e-06,Water-filling (comm. only),asymmetric,42,-13.256466474732292,False,,,,,,,,,,,,,,,,,,,,,,,
linear_sensing,ok,optimal,0.005504659999132855,False,,262.96437468442616,3944465.6202663924,0.9999999993496912,3.3571428552848324,1174947.2066870772,106548749948.11603,2.8109092985698196e+18,2.8109092985698196e+18,2.685412544251747e+18,3.557567654384282e-19,0.0894061288878518,-7.354649879788799,-0.9248887164749585,0.06042166556991864,0.00010343912458470563,64,-68971.07744409327,101791740493.6065,101791740427.41045,1.0416666666666667e-06,Linear S(P) (known-amp. surrogate),asymmetric,42,-13.256466474732292,False,known_amplitude_linear,106548750000.0,0.6,177581250000.0,,,,,,,,,,,,,,,,,,,
exact_fim,ok,optimal,0.006484240999270696,False,,270.76603879962795,4061490.5819944195,0.9999999994223308,3.357142855492374,1209805.7058697143,81144097133.37326,2.1406980116361713e+18,2.1406980116361713e+18,2.1081819764172864e+18,4.6713735172561e-19,0.10245024573479487,-10.245223559608563,-5.348024372327094,0.025874457057285936,3.281107823242107e-05,64,-35107.47183459216,79911562601.63103,79911562555.46858,1.0416666666666667e-06,Exact unknown-amplitude FIM,asymmetric,42,-13.256466474732292,False,unknown_amplitude_exact,,,,2.1081819725736271e+18,79911562409.77301,26381438.54281344,quad_over_lin,1e-12,0.45,4.684848827941393e+18,,,,,,,,,,,,
exact_fim_psl,ok,optimal,0.4337660370001686,False,,269.973064829096,4049595.97243644,0.9999999997006883,3.3571428562876813,1206262.6303947254,80746636619.52866,2.1302124315169843e+18,2.1302124315169843e+18,2.108181970963981e+18,4.694367496897349e-19,0.10270208248534062,-12.872935503694421,-5.793802252903236,0.029055335415546557,2.856342986992935e-05,64,-28897.651652339075,79911562372.67712,79911562348.75867,1.0416666666666667e-06,Exact FIM + sampled PSL,asymmetric,42,-13.256466474732292,True,unknown_amplitude_exact,,,,2.1081819725736271e+18,79911562409.77301,26381438.54281344,quad_over_lin,1e-12,0.45,4.684848827941393e+18,-13.256466474732292,-13.25646647606774,-12.84358320820801,-5.79408655156527,-1.46484375e-06,-0.41288326652428253,249.0,1985.0,-13.256466474732292,0.2173585239870126,249.0,1.0416666666666667e-06
water_filling,ok,ok,0.0,False,,279.0340047687679,4185510.0715315184,0.9999999999992201,3.3571428571406288,1246747.6808825564,65816036721.3475,1.7363217278957814e+18,1.7363217278957814e+18,1.643205492451409e+18,5.7593013088184e-19,0.11375633913332334,-15.263357680124994,-9.59316014453848,0.018856866159852013,2.886983665462763e-05,59,-59410.535676016094,62286424972.087654,62286424972.03908,1.0416666666666667e-06,Water-filling (comm. only),asymmetric,43,-13.256466474732292,False,,,,,,,,,,,,,,,,,,,,,,,
linear_sensing,ok,optimal,0.005468305000249529,False,,268.31542146599213,4024731.321989882,0.9999999994497866,3.357142855570819,1198856.1390264556,106548749952.27792,2.8109092986796165e+18,2.8109092986796165e+18,2.5627680956980823e+18,3.55756765424532e-19,0.08940612888610563,-7.961532880674409,-0.6821191513316813,0.06249999836179809,0.00012810441949112828,64,-96984.02522892276,97142848861.29814,97142848807.84885,1.0416666666666667e-06,Linear S(P) (known-amp. surrogate),asymmetric,43,-13.256466474732292,False,known_amplitude_linear,106548750000.0,0.6,177581250000.0,,,,,,,,,,,,,,,,,,,
exact_fim,ok,optimal,0.006759648000297602,False,,276.84531416976,4152679.7125464,0.9999999994670987,3.3571428556202823,1236968.4255748272,81737488322.96466,2.1563525248362232e+18,2.1563525248362232e+18,2.1081819689542031e+18,4.637460658599645e-19,0.1020776883445237,-11.505063258674532,-5.62265511687547,0.027016872883372397,3.0484422421021585e-05,64,-42730.85596334977,79911562315.16212,79911562272.57715,1.0416666666666667e-06,Exact unknown-amplitude FIM,asymmetric,43,-13.256466474732292,False,unknown_amplitude_exact,,,,2.1081819725736271e+18,79911562409.77301,26381438.54281344,quad_over_lin,1e-12,0.45,4.684848827941393e+18,,,,,,,,,,,,
exact_fim_psl,ok,optimal,0.4656776929987245,False,,276.6685691687693,4150028.5375315393,0.9999999997754618,3.3571428565013197,1236178.713543496,81491394618.46562,2.149860218895209e+18,2.149860218895209e+18,2.1081819704031565e+18,4.651465203230234e-19,0.1022317030098452,-12.747135635383081,-5.582560226217803,0.029031330563445784,3.1861079751816884e-05,64,-39747.10418785261,79911562345.44354,79911562327.50035,1.0416666666666667e-06,Exact FIM + sampled PSL,asymmetric,43,-13.256466474732292,True,unknown_amplitude_exact,,,,2.1081819725736271e+18,79911562409.77301,26381438.54281344,quad_over_lin,1e-12,0.45,4.684848827941393e+18,-13.256466474732292,-13.25646648279074,-12.747135635383081,-5.584870006994924,-1.4322916666666667e-06,-0.5093308393492109,249.0,1985.0,-13.256466474732292,0.2173585239870126,249.0,1.0416666666666667e-06
water_filling,ok,ok,0.0,False,,286.92192352797275,4303828.852919592,1.0000000000006575,3.3571428571447357,1281991.5732093737,69049368885.4332,1.82162168167111e+18,1.82162168167111e+18,1.7721034393745856e+18,5.489614062359123e-19,0.11106100877233784,-14.61524969086514,-9.2297878271842,0.01815901629726541,2.081692972828021e-05,60,-43324.48147504294,67172358190.30646,67172358190.350624,1.0416666666666667e-06,Water-filling (comm. only),asymmetric,44,-13.256466474732292,False,,,,,,,,,,,,,,,,,,,,,,,
linear_sensing,ok,optimal,0.005154406000656309,False,,277.297913632995,4159468.704494925,0.9999999996542177,3.357142856154908,1238990.6782992722,106548749966.9685,2.810909299067175e+18,2.810909299067175e+18,2.704152716891688e+18,3.557567653754815e-19,0.08940612887994213,-7.961962186521717,-1.1590490459296086,0.05662073199545412,9.474346574718847e-05,64,-63613.32467961324,102502094927.01729,102502094891.57388,1.0416666666666667e-06,Linear S(P) (known-amp. surrogate),asymmetric,44,-13.256466474732292,False,known_amplitude_linear,106548750000.0,0.6,177581250000.0,,,,,,,,,,,,,,,,,,,
exact_fim,ok,optimal,0.006691047001368133,False,,285.65294046564003,4284794.1069846,0.99999999973708,3.357142856391657,1276321.6491746218,81114913440.08192,2.139928103825153e+18,2.139928103825153e+18,2.1081819759224927e+18,4.67305419379504e-19,0.10246867395930202,-11.476417375386596,-5.983491650380738,0.023712616770439898,2.53383185874047e-05,64,-34689.348562420295,79911562557.72356,79911562536.71321,1.0416666666666667e-06,Exact unknown-amplitude FIM,asymmetric,44,-13.256466474732292,False,unknown_amplitude_exact,,,,2.1081819725736271e+18,79911562409.77301,26381438.54281344,quad_over_lin,1e-12,0.45,4.684848827941393e+18,,,,,,,,,,,,
exact_fim_psl,ok,optimal,0.47014177199889673,False,,285.4602475384963,4281903.713077445,0.9999999997145049,3.3571428563271573,1275460.680801058,80873433740.83052,2.133557521980015e+18,2.133557521980015e+18,2.1081819703072594e+18,4.687007449754462e-19,0.10262154035879684,-12.8180368300475,-6.255693624831694,0.025698919891522173,2.2916717218260336e-05,64,-31014.051931983886,79911562346.6797,79911562323.86534,1.0416666666666667e-06,Exact FIM + sampled PSL,asymmetric,44,-13.256466474732292,True,unknown_amplitude_exact,,,,2.1081819725736271e+18,79911562409.77301,26381438.54281344,quad_over_lin,1e-12,0.45,4.684848827941393e+18,-13.256466474732292,-13.256466483172666,-12.801614799281658,-6.256727416985445,-1.46484375e-06,-0.45485167545063376,249.0,1985.0,-13.256466474732292,0.2173585239870126,249.0,1.0416666666666667e-06
water_filling,ok,ok,0.0,False,,283.82003611052295,4257300.541657845,1.000000000000999,3.3571428571457114,1268132.0762374287,64599960284.959656,1.7042398821258516e+18,1.7042398821258516e+18,1.553337418136086e+18,5.867718567603348e-19,0.11482206288431342,-15.444844164267568,-9.195542217719167,0.019350190974234037,3.929666535052218e-05,59,-75630.84086431509,58879936195.051765,58879936195.11059,1.0416666666666667e-06,Water-filling (comm. only),asymmetric,45,-13.256466474732292,False,,,,,,,,,,,,,,,,,,,,,,,
linear_sensing,ok,optimal,0.005604726997262333,False,,273.55165229848,4103274.7844772,0.9999999992493945,3.3571428549982705,1222252.064242084,106548749939.42343,2.810909298340497e+18,2.810909298340497e+18,2.6153298982237363e+18,3.557567654674519e-19,0.08940612889149879,-8.562272773172484,-1.2181719013062906,0.06037101753790749,0.00010524302365160022,64,-86101.81738230007,99135227062.86455,99135226988.45311,1.0416666666666667e-06,Linear S(P) (known-amp. surrogate),asymmetric,45,-13.256466474732292,False,known_amplitude_linear,106548750000.0,0.6,177581250000.0,,,,,,,,,,,,,,,,,,,
exact_fim,ok,optimal,0.0065658620005706325,False,,281.3806248281021,4220709.372421532,0.9999999993575812,3.357142855307375,1257232.5797065583,82129171954.25336,2.1666857024832924e+18,2.1666857024832924e+18,2.1081819677751078e+18,4.61534406607232e-19,0.1018339872173669,-12.224850843040551,-6.082280310515032,0.026096035673506313,2.579996000974646e-05,64,-47091.503775043886,79911562279.21971,79911562227.88303,1.0416666666666667e-06,Exact unknown-amplitude FIM,asymmetric,45,-13.256466474732292,False,unknown_amplitude_exact,,,,2.1081819725736271e+18,79911562409.77301,26381438.54281344,quad_over_lin,1e-12,0.45,4.684848827941393e+18,,,,,,,,,,,,
exact_fim_psl,ok,optimal,0.5081775319995359,False,,281.352670558279,4220290.058374185,0.9999999996670015,3.357142856191433,1257107.6773187912,81979782581.67632,2.1627445959317012e+18,2.1627445959317012e+18,2.1081819700395277e+18,4.623754473279376e-19,0.10192672954219817,-12.778654930112028,-6.1590300685590735,0.02653198583231017,2.5261045784399425e-05,64,-45477.68979013972,79911562340.32729,79911562313.71686,1.0416666666666667e-06,Exact FIM + sampled PSL,asymmetric,45,-13.256466474732292,True,unknown_amplitude_exact,,,,2.1081819725736271e+18,79911562409.77301,26381438.54281344,quad_over_lin,1e-12,0.45,4.684848827941393e+18,-13.256466474732292,-13.256466534933315,-12.778654930112028,-6.163752212857316,-1.4322916666666667e-06,-0.47781154462026443,249.0,1985.0,-13.256466474732292,0.2173585239870126,249.0,1.0416666666666667e-06
water_filling,ok,ok,0.0,False,,294.9390568303522,4424085.852455283,0.9999999999994418,3.3571428571412625,1317812.8071149655,70540084077.13611,1.860948892885859e+18,1.860948892885859e+18,1.8297797111840806e+18,5.373602702486117e-19,0.10988122288787057,-14.344580274603596,-8.285647465932547,0.018283428646631354,2.3455970153889344e-05,60,-34372.68544282624,69358602572.62401,69358602572.5853,1.0416666666666667e-06,Water-filling (comm. only),asymmetric,46,-13.256466474732292,False,,,,,,,,,,,,,,,,,,,,,,,
linear_sensing,ok,optimal,0.00524350100022275,False,,286.17264538611835,4292589.680791775,0.9999999993453283,3.3571428552723668,1278643.7354163514,106548749943.89062,2.8109092984583475e+18,2.8109092984583475e+18,2.7326291083555123e+18,3.557567654525364e-19,0.08940612888962457,-7.902521681652033,-0.9720629413170478,0.05611861744398523,9.863756574151972e-05,64,-54472.4237100925,103581505068.79323,103581505000.98135,1.0416666666666667e-06,Linear S(P) (known-amp. surrogate),asymmetric,46,-13.256466474732292,False,known_amplitude_linear,106548750000.0,0.6,177581250000.0,,,,,,,,,,,,,,,,,,,
exact_fim,ok,optimal,0.007043800000246847,False,,294.11276108122416,4411691.416218363,0.9999999995109055,3.3571428557454444,1314120.8479311967,80687397002.03677,2.1286496051888225e+18,2.1286496051888225e+18,2.1081819728349192e+18,4.697814039296969e-19,0.10273977682184099,-11.876296641571098,-6.07431641741165,0.023432325099155774,2.4697149915251438e-05,64,-27853.807329319214,79911562458.7617,79911562419.6774,1.0416666666666667e-06,Exact unknown-amplitude FIM,asymmetric,46,-13.256466474732292,False,unknown_amplitude_exact,,,,2.1081819725736271e+18,79911562409.77301,26381438.54281344,quad_over_lin,1e-12,0.45,4.684848827941393e+18,,,,,,,,,,,,
exact_fim_psl,ok,optimal,0.4601779299991904,False,,293.99978542004965,4409996.781300745,0.9999999998526112,3.3571428567217465,1313616.062679892,80585293230.25874,2.125955960808671e+18,2.125955960808671e+18,2.10818197113431e+18,4.703766298242698e-19,0.10280484327250024,-12.844698390173551,-6.008017484363961,0.025295215543488056,2.6067875096517798e-05,64,-25956.326302906953,79911562366.99312,79911562355.21506,1.0416666666666667e-06,Exact FIM + sampled PSL,asymmetric,46,-13.256466474732292,True,unknown_amplitude_exact,,,,2.1081819725736271e+18,79911562409.77301,26381438.54281344,quad_over_lin,1e-12,0.45,4.684848827941393e+18,-13.256466474732292,-13.25646648258147,-12.823299279751474,-6.0091888328676655,-1.46484375e-06,-0.43316719498081824,249.0,1985.0,-13.256466474732292,0.2173585239870126,249.0,1.0416666666666667e-06
water_filling,ok,ok,0.0,False,,284.84828149476067,4272724.2224214105,1.0000000000001095,3.3571428571431703,1272726.3641254078,74938556180.49878,1.9769869143630008e+18,1.9769869143630008e+18,1.9678301531105367e+18,5.058202422762151e-19,0.10660775795593631,-14.415447047645788,-8.123891957689434,0.01791281816420564,1.4967489916620246e-05,61,-18630.379808911235,74591465128.66629,74591465128.67445,1.0416666666666667e-06,Water-filling (comm. only),asymmetric,47,-13.256466474732292,False,,,,,,,,,,,,,,,,,,,,,,,
linear_sensing,ok,optimal,0.005301527999108657,False,,278.252285825619,4173784.2873842856,0.9999999992695552,3.357142855055872,1243254.894887344,106548749943.66028,2.8109092984522706e+18,2.8109092984522706e+18,2.801426315450979e+18,3.557567654533055e-19,0.08940612888972121,-8.186648483409511,-1.7716238360130867,0.03973955128369511,6.646587120264397e-05,64,-18959.341512065133,106189293390.91714,106189293313.35173,1.0416666666666667e-06,Linear S(P) (known-amp. surrogate),asymmetric,47,-13.256466474732292,False,known_amplitude_linear,106548750000.0,0.6,177581250000.0,,,,,,,,,,,,,,,,,,,
exact_fim,ok,optimal,0.006608780000533443,False,,284.6435466239328,4269653.199358992,0.9999999997223047,3.357142856349442,1271811.5915989985,80169122785.75517,2.1149767858036646e+18,2.1149767858036646e+18,2.1081819749558802e+18,4.728184284159944e-19,0.10307133587242845,-12.969863770886555,-6.998510742548606,0.019618589765586864,1.5038710985370663e-05,64,-16048.684860553309,79911562522.26442,79911562500.07335,1.0416666666666667e-06,Exact unknown-amplitude FIM,asymmetric,47,-13.256466474732292,False,unknown_amplitude_exact,,,,2.1081819725736271e+18,79911562409.77301,26381438.54281344,quad_over_lin,1e-12,0.45,4.684848827941393e+18,,,,,,,,,,,,
exact_fim_psl,ok,optimal,0.47568210100143915,False,,284.6435466286616,4269653.199429925,0.9999999997390303,3.3571428563972296,1271811.5916020237,80169115025.17789,2.1149765810684718e+18,2.1149765810684718e+18,2.1081819751182723e+18,4.728184741860388e-19,0.10307134086121403,-12.96985996521133,-6.998514093447695,0.01961859930262458,1.50386655152649e-05,64,-16048.442884473165,79911562527.08339,79911562506.2289,1.0416666666666667e-06,Exact FIM + sampled PSL,asymmetric,47,-13.256466474732292,True,unknown_amplitude_exact,,,,2.1081819725736271e+18,79911562409.77301,26381438.54281344,quad_over_lin,1e-12,0.45,4.684848827941393e+18,-13.256466474732292,-13.388438285108752,-12.94893416394412,-6.999580029958944,-1.46484375e-06,-0.3075323107881722,249.0,1985.0,-13.256466474732292,0.2173585239870126,249.0,1.0416666666666667e-06
water_filling,ok,ok,0.0,False,,272.69705795867117,4090455.8693800676,1.0000000000004516,3.3571428571441477,1218433.6632191262,69021839360.10762,1.820895413190621e+18,1.820895413190621e+18,1.7515151086824028e+18,5.491803608026964e-19,0.11108315503846401,-14.984906463436975,-8.963345836903232,0.018609131686169022,2.4940444771290644e-05,61,-51282.46167620239,66391948484.50528,66391948484.53526,1.0416666666666667e-06,Water-filling (comm. only),asymmetric,48,-13.256466474732292,False,,,,,,,,,,,,,,,,,,,,,,,
linear_sensing,ok,optimal,0.005446186998597113,False,,263.8255643670211,3957383.465505317,0.9999999995407103,3.357142855830601,1178795.075292144,106548749961.40303,2.810909298920349e+18,2.810909298920349e+18,2.717399077550346e+18,3.5575676539406416e-19,0.08940612888227717,-8.320344160681334,-1.4153025915383513,0.052538665866157935,8.673559288081745e-05,64,-59536.089561429966,103004204050.07317,103004204002.76439,1.0416666666666667e-06,Linear S(P) (known-amp. surrogate),asymmetric,48,-13.256466474732292,False,known_amplitude_linear,106548750000.0,0.6,177581250000.0,,,,,,,,,,,,,,,,,,,
exact_fim,ok,optimal,0.006803874002798693,False,,271.4768978846572,4072153.468269858,0.9999999993910345,3.3571428554029557,1212981.88479414,81345304360.88202,2.146006147743063e+18,2.146006147743063e+18,2.108181969662924e+18,4.65981889684562e-19,0.10232346218629046,-12.062108730259741,-6.131838381502645,0.024231186296035868,2.455340090861481e-05,64,-37864.78657425115,79911562348.10492,79911562299.44153,1.0416666666666667e-06,Exact unknown-amplitude FIM,asymmetric,48,-13.256466474732292,False,unknown_amplitude_exact,,,,2.1081819725736271e+18,79911562409.77301,26381438.54281344,quad_over_lin,1e-12,0.45,4.684848827941393e+18,,,,,,,,,,,,
exact_fim_psl,ok,optimal,0.4414306819999183,False,,271.41606195186915,4071240.9292780375,0.9999999996780636,3.357142856223039,1212710.0643725349,81185601083.9636,2.1417929455579535e+18,2.1417929455579535e+18,2.1081819701428713e+18,4.668985403439604e-19,0.10242405492348897,-12.84454234698379,-6.2171602494887255,0.025298224783651135,2.4031907024540356e-05,64,-35693.67964695727,79911562343.36058,79911562317.63414,1.0416666666666667e-06,Exact FIM + sampled PSL,asymmetric,48,-13.256466474732292,True,unknown_amplitude_exact,,,,2.1081819725736271e+18,79911562409.77301,26381438.54281344,quad_over_lin,1e-12,0.45,4.684848827941393e+18,-13.256466474732292,-13.256466503569463,-12.827535950940165,-6.219893246834283,-1.46484375e-06,-0.42893052379212726,249.0,1985.0,-13.256466474732292,0.2173585239870126,249.0,1.0416666666666667e-06
water_filling,ok,ok,0.0,False,,279.17314477332303,4187597.1715998454,0.9999999999993379,3.3571428571409654,1247369.3702644866,68689914643.944466,1.8121387616903217e+18,1.8121387616903217e+18,1.7126576835835052e+18,5.518341206206653e-19,0.1113512206614167,-14.72477851452467,-7.8870551430418745,0.019210008747580342,3.643407148833462e-05,58,-61407.441750368205,64919040741.665085,64919040741.6221,1.0416666666666667e-06,Water-filling (comm. only),asymmetric,49,-13.256466474732292,False,,,,,,,,,,,,,,,,,,,,,,,
linear_sensing,ok,optimal,0.0052725370005646255,False,,270.5886219959704,4058829.3299395563,0.9999999995363836,3.357142855818239,1209012.9923739259,106548749961.36972,2.810909298919471e+18,2.810909298919471e+18,2.693941706627478e+18,3.557567653941753e-19,0.08940612888229113,-8.197221105992698,-1.3608307718134092,0.05301433949447538,9.113861402488055e-05,64,-66586.09385528584,102115042115.86253,102115042068.52032,1.0416666666666667e-06,Linear S(P) (known-amp. surrogate),asymmetric,49,-13.256466474732292,False,known_amplitude_linear,106548750000.0,0.6,177581250000.0,,,,,,,,,,,,,,,,,,,
exact_fim,ok,optimal,0.006317150000541005,False,,277.8628495734336,4167942.7436015042,0.9999999994583988,3.3571428555954252,1241514.8603684532,81715158511.36667,2.1557634322838781e+18,2.1557634322838781e+18,2.1081819696765138e+18,4.638727909678712e-19,0.10209163447088546,-11.96525598185368,-5.798917849842894,0.02383798950583353,2.8958033065852004e-05,64,-42468.767493145395,79911562343.23685,79911562299.95665,1.0416666666666667e-06,Exact unknown-amplitude FIM,asymmetric,49,-13.256466474732292,False,unknown_amplitude_exact,,,,2.1081819725736271e+18,79911562409.77301,26381438.54281344,quad_over_lin,1e-12,0.45,4.684848827941393e+18,,,,,,,,,,,,
exact_fim_psl,ok,optimal,0.4345639419989311,False,,277.79177801919167,4166876.670287875,0.9999999997655189,3.3571428564729113,1241197.306290888,81492709568.33034,2.1498949091642514e+18,2.1498949091642514e+18,2.1081819715788877e+18,4.65139014812933e-19,0.1022308782114857,-12.783361991165954,-5.912867156934155,0.024760844501929634,2.798690635074512e-05,64,-39763.64164200903,79911562390.80472,79911562372.06697,1.0416666666666667e-06,Exact FIM + sampled PSL,asymmetric,49,-13.256466474732292,True,unknown_amplitude_exact,,,,2.1081819725736271e+18,79911562409.77301,26381438.54281344,quad_over_lin,1e-12,0.45,4.684848827941393e+18,-13.256466474732292,-13.256466494540675,-12.780753639490925,-5.9164216707555015,-1.46484375e-06,-0.4757128352413673,249.0,1985.0,-13.256466474732292,0.2173585239870126,249.0,1.0416666666666667e-06
water_filling,ok,ok,0.0,False,,295.2091677856136,4428137.516784204,1.000000000000552,3.3571428571444346,1319019.6858499942,68519881846.84877,1.807653051903479e+18,1.807653051903479e+18,1.753670761993529e+18,5.532035027114239e-19,0.11148929466065782,-13.888181006020892,-8.63714975359347,0.018409006323934433,2.5910860825433756e-05,59,-45235.18959827398,66473659468.819145,66473659468.85584,1.0416666666666667e-06,Water-filling (comm. only),asymmetric,50,-13.256466474732292,False,,,,,,,,,,,,,,,,,,,,,,,
linear_sensing,ok,optimal,0.005885119000595296,False,,285.3570865024875,4280356.297537313,0.9999999997657605,3.3571428564736014,1274999.7484567785,106548749983.39516,2.8109092995005343e+18,2.8109092995005343e+18,2.6663930361787325e+18,3.5575676532063427e-19,0.08940612887305024,-7.7968044996834065,-0.7356772005097576,0.062499987730739115,0.00011311504041341123,64,-74013.19040245813,101070797654.80257,101070797631.12779,1.0416666666666667e-06,Linear S(P) (known-amp. surrogate),asymmetric,50,-13.256466474732292,False,known_amplitude_linear,106548750000.0,0.6,177581250000.0,,,,,,,,,,,,,,,,,,,
exact_fim,ok,optimal,0.0068619049998233095,False,,293.82461581863083,4407369.237279463,0.9999999996582902,3.3571428561665435,1312833.390209719,81131687465.39285,2.1403706267430093e+18,2.1403706267430093e+18,2.1081819718539779e+18,4.67208803702233e-19,0.10245808068166404,-11.206762323021378,-5.840034693892841,0.026633865887705593,2.7042247349660817e-05,64,-34930.28890970421,79911562409.80093,79911562382.49437,1.0416666666666667e-06,Exact unknown-amplitude FIM,asymmetric,50,-13.256466474732292,False,unknown_amplitude_exact,,,,2.1081819725736271e+18,79911562409.77301,26381438.54281344,quad_over_lin,1e-12,0.45,4.684848827941393e+18,,,,,,,,,,,,
exact_fim_psl,ok,optimal,0.45149850000234437,False,,293.52119288127216,4402817.893219083,0.9999999997430696,3.3571428564087706,1311477.6706073508,80878939466.91254,2.133702770954281e+18,2.133702770954281e+18,2.1081819718849157e+18,4.686688387964919e-19,0.10261804738701154,-12.855868909497037,-5.808149629992215,0.030850479750285216,2.8529849884860835e-05,64,-31102.6861138065,79911562404.19882,79911562383.66711,1.0416666666666667e-06,Exact FIM + sampled PSL,asymmetric,50,-13.256466474732292,True,unknown_amplitude_exact,,,,2.1081819725736271e+18,79911562409.77301,26381438.54281344,quad_over_lin,1e-12,0.45,4.684848827941393e+18,-13.256466474732292,-13.256466483366173,-12.831398899563043,-5.808963382733959,-1.46484375e-06,-0.4250675751692494,249.0,1985.0,-13.256466474732292,0.2173585239870126,249.0,1.0416666666666667e-06
water_filling,ok,ok,0.0,False,,280.90330541866103,4213549.581279916,0.9999999999998448,3.357142857142414,1255099.8752750342,70032207922.28964,1.8475503893194166e+18,1.8475503893194166e+18,1.78984046138288e+18,5.412572267478835e-19,0.11027893447621676,-14.40129370406456,-8.88516500536194,0.01837847310309488,2.2256995254401914e-05,60,-46770.93255958817,67844687789.80697,67844687789.79644,1.0416666666666667e-06,Water-filling (comm. only),asymmetric,51,-13.256466474732292,False,,,,,,,,,,,,,,,,,,,,,,,
linear_sensing,ok,optimal,0.005710583998734364,False,,272.29483907386265,4084422.5861079395,0.9999999995437814,3.3571428558393754,1216636.5154832604,106548749963.60678,2.810909298978488e+18,2.810909298978488e+18,2.7360523689641487e+18,3.5575676538670595e-19,0.08940612888135256,-8.03959034670717,-1.5043081887484755,0.048545082833877415,8.190854664750251e-05,64,-53268.04641584019,103711265243.25621,103711265195.9412,1.0416666666666667e-06,Linear S(P) (known-amp. surrogate),asymmetric,51,-13.256466474732292,False,known_amplitude_linear,106548750000.0,0.6,177581250000.0,,,,,,,,,,,,,,,,,,,
exact_fim,ok,optimal,0.006799951999710174,False,,279.8755000209187,4198132.50031378,0.9999999995597029,3.3571428558848657,1250507.5537535471,81168281450.3489,2.1413360287081638e+18,2.1413360287081638e+18,2.1081819704163804e+18,4.669981668422612e-19,0.10243498192879259,-11.758546749604617,-6.339124411027478,0.022767419935922236,2.1889904291879876e-05,64,-35450.23445480467,79911562363.18645,79911562328.00162,1.0416666666666667e-06,Exact unknown-amplitude FIM,asymmetric,51,-13.256466474732292,False,unknown_amplitude_exact,,,,2.1081819725736271e+18,79911562409.77301,26381438.54281344,quad_over_lin,1e-12,0.45,4.684848827941393e+18,,,,,,,,,,,,
exact_fim_psl,ok,optimal,0.48814265100008924,False,,279.7588189955598,4196382.284933398,0.9999999996732307,3.3571428562092307,1249986.2128809756,81000948585.17867,2.1369215470094817e+18,2.1369215470094817e+18,2.108181970172006e+18,4.67962898029388e-19,0.10254073313330193,-12.797722356249302,-6.424677071001932,0.025185917877473655,2.154992401610838e-05,64,-33005.85200833529,79911562344.85115,79911562318.73851,1.0416666666666667e-06,Exact FIM + sampled PSL,asymmetric,51,-13.256466474732292,True,unknown_amplitude_exact,,,,2.1081819725736271e+18,79911562409.77301,26381438.54281344,quad_over_lin,1e-12,0.45,4.684848827941393e+18,-13.256466474732292,-13.256466493559135,-12.788951018146006,-6.427574581681724,-1.46484375e-06,-0.4675154565862858,249.0,1985.0,-13.256466474732292,0.2173585239870126,249.0,1.0416666666666667e-06
water_filling,ok,ok,0.0,False,,276.260024477084,4143900.36715626,1.0000000000003784,3.3571428571439386,1234353.3008546587,68691681939.32883,1.8121853854848914e+18,1.8121853854848914e+18,1.7236734259326372e+18,5.518199230662194e-19,0.11134978823351181,-16.199028489019234,-8.619098532851012,0.018996465851187465,3.073990239443222e-05,60,-57923.09256231747,65336597287.32004,65336597287.34476,1.0416666666666667e-06,Water-filling (comm. only),asymmetric,52,-13.256466474732292,False,,,,,,,,,,,,,,,,,,,,,,,
linear_sensing,ok,optimal,0.005622658001811942,False,,267.96883289051465,4019532.49335772,0.9999999993425402,3.3571428552644007,1197307.5518828796,106548749946.72151,2.8109092985330304e+18,2.8109092985330304e+18,2.725387894706365e+18,3.557567654430843e-19,0.08940612888843685,-8.458010581484952,-1.5149883167433096,0.049044257434229195,8.398474024855225e-05,64,-56936.16010542362,103307023689.2226,103307023621.30238,1.0416666666666667e-06,Linear S(P) (known-amp. surrogate),asymmetric,52,-13.256466474732292,False,known_amplitude_linear,106548750000.0,0.6,177581250000.0,,,,,,,,,,,,,,,,,,,
exact_fim,ok,optimal,0.007100853999872925,False,,275.110334659439,4126655.0198915848,0.9999999994918853,3.357142855691101,1229216.389435436,81478554368.2984,2.1495214746245473e+18,2.1495214746245473e+18,2.108181970231701e+18,4.65219823018827e-19,0.10223975806764173,-12.834382645637179,-6.238004100656676,0.023809940689900874,2.4543777734315018e-05,64,-39585.25038563387,79911562361.60551,79911562321.00128,1.0416666666666667e-06,Exact unknown-amplitude FIM,asymmetric,52,-13.256466474732292,False,unknown_amplitude_exact,,,,2.1081819725736271e+18,79911562409.77301,26381438.54281344,quad_over_lin,1e-12,0.45,4.684848827941393e+18,,,,,,,,,,,,
exact_fim_psl,ok,optimal,0.4934183280020079,False,,275.1103347457654,4126655.0211864808,0.9999999999241479,3.3571428569261372,1229216.389368942,81478585162.78595,2.1495222870274289e+18,2.1495222870274289e+18,2.108181971031551e+18,4.652196471909572e-19,0.10223973874709726,-12.834445723577952,-6.237965115951706,0.0238101136517666,2.4544209153583952e-05,64,-39585.63895638043,79911562357.38136,79911562351.3199,1.0416666666666667e-06,Exact FIM + sampled PSL,asymmetric,52,-13.256466474732292,True,unknown_amplitude_exact,,,,2.1081819725736271e+18,79911562409.77301,26381438.54281344,quad_over_lin,1e-12,0.45,4.684848827941393e+18,-13.256466474732292,-13.39385932548323,-12.834445723577952,-6.243587193930317,-1.4322916666666667e-06,-0.42202075115434035,249.0,1985.0,-13.256466474732292,0.2173585239870126,249.0,1.0416666666666667e-06
water_filling,ok,ok,0.0,False,,280.55596461979894,4208339.469296984,1.0000000000002738,3.3571428571436397,1253547.9270243414,68418727642.24371,1.8049844584713434e+18,1.8049844584713434e+18,1.745521859929072e+18,5.540213907697069e-19,0.11157168033211298,-15.913073131792022,-9.542548028965378,0.018625387166274265,2.1826696100258155e-05,62,-47475.845233126085,66164771761.625244,66164771761.64336,1.0416666666666667e-06,Water-filling (comm. only),asymmetric,53,-13.256466474732292,False,,,,,,,,,,,,,,,,,,,,,,,
linear_sensing,ok,optimal,0.0054289079998852685,False,,271.37676563100615,4070651.4844650924,0.999999999419755,3.3571428554850145,1212534.4853330632,106548749950.76764,2.8109092986397727e+18,2.8109092986397727e+18,2.7101684029128054e+18,3.5575676542957474e-19,0.0894061288867393,-8.359818396053546,-1.2624498140165985,0.05483999300216725,9.198854373189768e-05,64,-61795.0470834044,102730122168.55185,102730122108.9432,1.0416666666666667e-06,Linear S(P) (known-amp. surrogate),asymmetric,53,-13.256466474732292,False,known_amplitude_linear,106548750000.0,0.6,177581250000.0,,,,,,,,,,,,,,,,,,,
exact_fim,ok,optimal,0.006732685000315541,False,,279.3018625849668,4189527.938774502,0.9999999997104225,3.3571428563154933,1247944.49270847,81122420851.84833,2.1401261601472837e+18,2.1401261601472837e+18,2.1081819709701747e+18,4.672621729604856e-19,0.10246393240746411,-12.432787270793975,-6.373246350991403,0.023592218351473057,2.166771328416088e-05,64,-34797.392189724575,79911562372.13405,79911562348.99345,1.0416666666666667e-06,Exact unknown-amplitude FIM,asymmetric,53,-13.256466474732292,False,unknown_amplitude_exact,,,,2.1081819725736271e+18,79911562409.77301,26381438.54281344,quad_over_lin,1e-12,0.45,4.684848827941393e+18,,,,,,,,,,,,
exact_fim_psl,ok,optimal,0.4714189090009313,False,,279.2858966191721,4189288.4492875813,0.9999999996722466,3.357142856206419,1247873.1554550196,81065135393.47191,2.1386148873477302e+18,2.1386148873477302e+18,2.1081819700074604e+18,4.675923682735517e-19,0.10250012957597515,-12.809891369296842,-6.332427335861674,0.024136271847924003,2.236836004834691e-05,64,-33964.2912681641,79911562338.6926,79911562312.50131,1.0416666666666667e-06,Exact FIM + sampled PSL,asymmetric,53,-13.256466474732292,True,unknown_amplitude_exact,,,,2.1081819725736271e+18,79911562409.77301,26381438.54281344,quad_over_lin,1e-12,0.45,4.684848827941393e+18,-13.256466474732292,-13.256466539489411,-12.797795177323831,-6.334562837756512,-1.46484375e-06,-0.45867129740846124,249.0,1985.0,-13.256466474732292,0.2173585239870126,249.0,1.0416666666666667e-06
water_filling,ok,ok,0.0,False,,285.8169425510783,4287254.138266174,1.0000000000001594,3.357142857143313,1277054.4241642188,74531169104.82576,1.9662394572629965e+18,1.9662394572629965e+18,1.9343834009287022e+18,5.0858505372077065e-19,0.10689871969061243,-13.910353624610718,-7.852935818461154,0.018185096587183487,1.9921025327006322e-05,62,-34749.35666726707,73323651316.02495,73323651316.03664,1.0416666666666667e-06,Water-filling (comm. only),asymmetric,54,-13.256466474732292,False,,,,,,,,,,,,,,,,,,,,,,,
linear_sensing,ok,optimal,0.005616392001684289,False,,279.0890194076321,4186335.2911144816,0.999999999490866,3.357142855688189,1246993.4915106003,106548749962.23465,2.8109092989422894e+18,2.8109092989422894e+18,2.77664154131426e+18,3.5575676539128735e-19,0.08940612888192824,-8.082013266989446,-1.6680509993977921,0.04284158257261686,7.283247470600187e-05,64,-36040.73230201492,105249815631.61674,105249815578.03049,1.0416666666666667e-06,Linear S(P) (known-amp. surrogate),asymmetric,54,-13.256466474732292,False,known_amplitude_linear,106548750000.0,0.6,177581250000.0,,,,,,,,,,,,,,,,,,,
exact_fim,ok,optimal,0.0072029729999485426,False,,285.51995907823823,4282799.386173573,0.9999999996342038,3.3571428560977252,1275727.477129708,80737113165.45856,2.1299611890987187e+18,2.1299611890987187e+18,2.1081819714913434e+18,4.694921227288392e-19,0.10270813948741912,-12.365256397971727,-6.650231613699571,0.020145347654243934,1.8930375165426127e-05,64,-28732.39977815938,79911562397.9799,79911562368.74857,1.0416666666666667e-06,Exact unknown-amplitude FIM,asymmetric,54,-13.256466474732292,False,unknown_amplitude_exact,,,,2.1081819725736271e+18,79911562409.77301,26381438.54281344,quad_over_lin,1e-12,0.45,4.684848827941393e+18,,,,,,,,,,,,
exact_fim_psl,ok,optimal,0.4875716360002116,False,,285.495792084046,4282436.88126069,0.9999999997552946,3.357142856443699,1275619.4968113978,80680324842.56265,2.128463031448291e+18,2.128463031448291e+18,2.1081819709852803e+18,4.69822583349996e-19,0.10274427963070731,-12.819420370933408,-6.636444027764928,0.02053840507671671,1.9318003557942366e-05,64,-27726.56655961477,79911562369.12082,79911562349.56602,1.0416666666666667e-06,Exact FIM + sampled PSL,asymmetric,54,-13.256466474732292,True,unknown_amplitude_exact,,,,2.1081819725736271e+18,79911562409.77301,26381438.54281344,quad_over_lin,1e-12,0.45,4.684848827941393e+18,-13.256466474732292,-13.25646651688249,-12.807222460755822,-6.639670141062652,-1.46484375e-06,-0.44924401397646996,249.0,1985.0,-13.256466474732292,0.2173585239870126,249.0,1.0416666666666667e-06
water_filling,ok,ok,0.0,False,,270.1409738145188,4052114.607217782,1.0000000000000138,3.3571428571428967,1207012.8617244316,72752007741.0893,1.919302621087835e+18,1.919302621087835e+18,1.8804849898291784e+18,5.2102257820771035e-19,0.10819793671819582,-13.4968383884013,-8.372420838064526,0.01831298570484947,1.8952815676993638e-05,61,-38358.82349529897,71280608401.14479,71280608401.14577,1.0416666666666667e-06,Water-filling (comm. only),asymmetric,55,-13.256466474732292,False,,,,,,,,,,,,,,,,,,,,,,,
linear_sensing,ok,optimal,0.005768462000560248,False,,262.42542565311095,3936381.384796664,0.999999999475401,3.357142855644003,1172539.136420379,106548749951.35483,2.810909298655264e+18,2.810909298655264e+18,2.731776867363333e+18,3.5575676542761415e-19,0.08940612888649292,-7.597693676089979,-1.311754688184497,0.05171840850807913,8.763297344953789e-05,64,-54768.14330050984,103549200486.66501,103549200432.3432,1.0416666666666667e-06,Linear S(P) (known-amp. surrogate),asymmetric,55,-13.256466474732292,False,known_amplitude_linear,106548750000.0,0.6,177581250000.0,,,,,,,,,,,,,,,,,,,
exact_fim,ok,optimal,0.006782632997783367,False,,269.60461217379526,4044069.182606929,0.9999999994008524,3.357142855431007,1204616.352880143,80890056485.61505,2.133996053899961e+18,2.133996053899961e+18,2.1081819694948946e+18,4.686044279100053e-19,0.1026109955564121,-11.523947805989021,-6.529771126798941,0.02192890049245001,1.9440226340204778e-05,64,-31280.891821190446,79911562340.95113,79911562293.0723,1.0416666666666667e-06,Exact unknown-amplitude FIM,asymmetric,55,-13.256466474732292,False,unknown_amplitude_exact,,,,2.1081819725736271e+18,79911562409.77301,26381438.54281344,quad_over_lin,1e-12,0.45,4.684848827941393e+18,,,,,,,,,,,,
exact_fim_psl,ok,optimal,0.43965179299993906,False,,269.40006267207656,4041000.9400811484,0.9999999996839514,3.3571428562398613,1203702.4080075151,80762169599.71408,2.130622213879133e+18,2.130622213879133e+18,2.1081819719908675e+18,4.693464629655497e-19,0.10269220566967288,-12.77830101932569,-6.469117750143273,0.024625650057889872,2.0769522419773854e-05,64,-29165.171220132863,79911562412.93918,79911562387.68324,1.0416666666666667e-06,Exact FIM + sampled PSL,asymmetric,55,-13.256466474732292,True,unknown_amplitude_exact,,,,2.1081819725736271e+18,79911562409.77301,26381438.54281344,quad_over_lin,1e-12,0.45,4.684848827941393e+18,-13.256466474732292,-13.256466482336114,-12.771734853481963,-6.471377926556587,-1.46484375e-06,-0.4847316212503294,249.0,1985.0,-13.256466474732292,0.2173585239870126,249.0,1.0416666666666667e-06
water_filling,ok,ok,0.0,False,,284.41721675758345,4266258.2513637515,0.9999999999997904,3.3571428571422586,1270800.3301936844,70422239250.66808,1.8578399768388037e+18,1.8578399768388037e+18,1.824425342572585e+18,5.382594908424481e-19,0.10997312227300052,-15.347697533925436,-9.02064736966954,0.018165329008516966,1.8892069302895818e-05,61,-35589.27322885887,69155642881.72447,69155642881.70998,1.0416666666666667e-06,Water-filling (comm. only),asymmetric,56,-13.256466474732292,False,,,,,,,,,,,,,,,,,,,,,,,
linear_sensing,ok,optimal,0.005473351000546245,False,,275.91598708360766,4138739.806254115,0.9999999995573767,3.3571428558782195,1232816.1129656283,106548749964.27426,2.8109092989960965e+18,2.8109092989960965e+18,2.7488398459789363e+18,3.5575676538447736e-19,0.08940612888107252,-8.45708393821035,-0.9726619435447948,0.05149109834570938,9.706665708306104e-05,64,-48505.358920340055,104195980167.44421,104195980121.32465,1.0416666666666667e-06,Linear S(P) (known-amp. surrogate),asymmetric,56,-13.256466474732292,False,known_amplitude_linear,106548750000.0,0.6,177581250000.0,,,,,,,,,,,,,,,,,,,
exact_fim,ok,optimal,0.007272195998666575,False,,283.59292921147784,4253893.938172167,0.9999999995988678,3.357142855996765,1267117.3437179064,80707015358.94601,2.1291671656659346e+18,2.1291671656659346e+18,2.1081819706454282e+18,4.696672089094669e-19,0.10272728900957259,-12.68562411501293,-6.5083162777615335,0.02281067730127211,2.0062276828238726e-05,64,-28203.776743218703,79911562368.73888,79911562336.68378,1.0416666666666667e-06,Exact unknown-amplitude FIM,asymmetric,56,-13.256466474732292,False,unknown_amplitude_exact,,,,2.1081819725736271e+18,79911562409.77301,26381438.54281344,quad_over_lin,1e-12,0.45,4.684848827941393e+18,,,,,,,,,,,,
exact_fim_psl,ok,optimal,0.45434225400094874,False,,283.5873622345548,4253810.433518322,0.9999999997140407,3.3571428563258308,1267092.4698670208,80678280571.27875,2.1284091006310497e+18,2.1284091006310497e+18,2.1081819704873157e+18,4.698344879767292e-19,0.10274558131840104,-12.938623785308312,-6.501212789276805,0.023066217089334963,2.0293331278122325e-05,64,-27689.677513606606,79911562353.54192,79911562330.69046,1.0416666666666667e-06,Exact FIM + sampled PSL,asymmetric,56,-13.256466474732292,True,unknown_amplitude_exact,,,,2.1081819725736271e+18,79911562409.77301,26381438.54281344,quad_over_lin,1e-12,0.45,4.684848827941393e+18,-13.256466474732292,-13.25646659531493,-12.897691727649732,-6.501891865669039,-1.46484375e-06,-0.35877474708255974,249.0,1985.0,-13.256466474732292,0.2173585239870126,249.0,1.0416666666666667e-06
water_filling,ok,ok,0.0,False,,276.5313837019349,4147970.7555290232,0.9999999999998299,3.3571428571423714,1235565.7569662707,70118367084.73438,1.849823391968353e+18,1.849823391968353e+18,1.8129215971178358e+18,5.405921475216744e-19,0.11021116007119725,-15.216395453490026,-9.206481767135887,0.018230989595303917,1.8620111621799655e-05,62,-37400.2502735601,68719588364.22137,68719588364.20969,1.0416666666666667e-06,Water-filling (comm. only),asymmetric,57,-13.256466474732292,False,,,,,,,,,,,,,,,,,,,,,,,
linear_sensing,ok,optimal,0.005290594999678433,False,,268.2016516116681,4023024.774175022,0.9999999992159553,3.3571428549027296,1198347.8058730348,106548749934.49345,2.8109092982104366e+18,2.8109092982104366e+18,2.7667442825396014e+18,3.5575676548391274e-19,0.08940612889356721,-8.235857745696336,-1.485100130218029,0.04575147079424188,7.903596853355531e-05,64,-40915.697391010304,104874655725.03972,104874655642.8133,1.0416666666666667e-06,Linear S(P) (known-amp. surrogate),asymmetric,57,-13.256466474732292,False,known_amplitude_linear,106548750000.0,0.6,177581250000.0,,,,,,,,,,,,,,,,,,,
exact_fim,ok,optimal,0.0065464520012028515,False,,275.7031171417322,4135546.757125983,0.9999999994587306,3.3571428555963734,1231864.9920517998,80693368716.84216,2.128807147615956e+18,2.128807147615956e+18,2.1081819708270264e+18,4.69746637744944e-19,0.10273597512160434,-12.486702023428828,-6.764629410227937,0.022566343579032925,1.743425201498948e-05,64,-27960.80066267754,79911562386.82101,79911562343.56734,1.0416666666666667e-06,Exact unknown-amplitude FIM,asymmetric,57,-13.256466474732292,False,unknown_amplitude_exact,,,,2.1081819725736271e+18,79911562409.77301,26381438.54281344,quad_over_lin,1e-12,0.45,4.684848827941393e+18,,,,,,,,,,,,
exact_fim_psl,ok,optimal,0.46897095600070315,False,,275.6903876120947,4135355.8141814205,0.9999999997314668,3.35714285637562,1231808.1151440667,80653173064.48233,2.127746728483537e+18,2.127746728483537e+18,2.1081819712784077e+18,4.699807484665755e-19,0.10276157253454965,-12.825062726676,-6.779873796859961,0.023606463033008313,1.746930333945668e-05,64,-27232.530253436667,79911562382.13605,79911562360.67714,1.0416666666666667e-06,Exact FIM + sampled PSL,asymmetric,57,-13.256466474732292,True,unknown_amplitude_exact,,,,2.1081819725736271e+18,79911562409.77301,26381438.54281344,quad_over_lin,1e-12,0.45,4.684848827941393e+18,-13.256466474732292,-13.256466535753544,-12.808974978336295,-6.782063573065798,-1.46484375e-06,-0.4474914963959975,249.0,1985.0,-13.256466474732292,0.2173585239870126,249.0,1.0416666666666667e-06
water_filling,ok,ok,0.0,False,,267.2535563464707,4008803.3451970606,0.9999999999998621,3.3571428571424633,1194111.63473969,68452849401.560905,1.8058846395677425e+18,1.8058846395677425e+18,1.7188294008095235e+18,5.537452271809348e-19,0.11154386924318842,-16.417183650834364,-8.60122265747415,0.01893645811984478,3.094568749939845e-05,58,-57444.4689357136,65152982390.26418,65152982390.255196,1.0416666666666667e-06,Water-filling (comm. only),asymmetric,58,-13.256466474732292,False,,,,,,,,,,,,,,,,,,,,,,,
linear_sensing,ok,optimal,0.005231379996985197,False,,258.1962129365163,3872943.1940477444,0.9999999997352977,3.3571428563865653,1153642.6538060275,106548749977.56042,2.810909299346605e+18,2.810909299346605e+18,2.6606577673127793e+18,3.5575676534011597e-19,0.08940612887549824,-8.431198247485348,-0.9303242064967723,0.05758961346063137,0.00010964632761294792,64,-75467.54421630513,100853399775.72415,100853399749.02803,1.0416666666666667e-06,Linear S(P) (known-amp. surrogate),asymmetric,58,-13.256466474732292,False,known_amplitude_linear,106548750000.0,0.6,177581250000.0,,,,,,,,,,,,,,,,,,,
exact_fim,ok,optimal,0.0070962480021989904,False,,265.795283054398,3986929.24581597,0.9999999993849014,3.357142855385433,1187595.9461838962,81692054677.18484,2.155153919902307e+18,2.155153919902307e+18,2.1081819688105623e+18,4.640039816948805e-19,0.10210607003292915,-12.581183620905872,-5.582022592912268,0.025416196030427482,3.224546182960685e-05,64,-42195.88144769146,79911562316.28587,79911562267.13239,1.0416666666666667e-06,Exact unknown-amplitude FIM,asymmetric,58,-13.256466474732292,False,unknown_amplitude_exact,,,,2.1081819725736271e+18,79911562409.77301,26381438.54281344,quad_over_lin,1e-12,0.45,4.684848827941393e+18,,,,,,,,,,,,
exact_fim_psl,ok,optimal,0.4684962489991449,False,,265.7923489886822,3986885.234830233,0.9999999997687468,3.3571428564821337,1187582.8361406075,81649593751.15355,2.1540337395917412e+18,2.1540337395917412e+18,2.1081819723016082e+18,4.642452815941185e-19,0.10213261612198699,-12.75138939550057,-5.592490974756943,0.025755448202008223,3.2206260299242525e-05,64,-41689.70319027772,79911562417.94183,79911562399.46202,1.0416666666666667e-06,Exact FIM + sampled PSL,asymmetric,58,-13.256466474732292,True,unknown_amplitude_exact,,,,2.1081819725736271e+18,79911562409.77301,26381438.54281344,quad_over_lin,1e-12,0.45,4.684848827941393e+18,-13.256466474732292,-13.256466589241292,-12.75138939550057,-5.596073340017421,-1.4322916666666667e-06,-0.5050770792317216,249.0,1985.0,-13.256466474732292,0.2173585239870126,249.0,1.0416666666666667e-06
water_filling,ok,ok,0.0,False,,294.22286889206686,4413343.033381003,0.9999999999996978,3.357142857141994,1314612.8184542537,68903757602.66095,1.817780246563514e+18,1.817780246563514e+18,1.744646677977282e+18,5.501215022500574e-19,0.11117829701449346,-14.69313194167415,-9.235927613438088,0.018435589611472767,2.3257810512448438e-05,61,-52651.305746329956,66131597605.88825,66131597605.86827,1.0416666666666667e-06,Water-filling (comm. only),asymmetric,59,-13.256466474732292,False,,,,,,,,,,,,,,,,,,,,,,,
linear_sensing,ok,optimal,0.005495565001183422,False,,285.28075180995495,4279211.277149324,0.9999999993734833,3.3571428553528095,1274658.6789794539,106548749948.621,2.8109092985831414e+18,2.8109092985831414e+18,2.7050496808184566e+18,3.5575676543674214e-19,0.08940612888763992,-8.118346306617664,-1.3090703049095143,0.05315182845227863,9.145371328575097e-05,64,-63345.52271842064,102536094766.90564,102536094702.66505,1.0416666666666667e-06,Linear S(P) (known-amp. surrogate),asymmetric,59,-13.256466474732292,False,known_amplitude_linear,106548750000.0,0.6,177581250000.0,,,,,,,,,,,,,,,,,,,
exact_fim,ok,optimal,0.0070700219985155854,False,,292.96981096887953,4394547.164533193,0.9999999994717829,3.3571428556336653,1309014.04959835,81360149359.60744,2.1463977801646054e+18,2.1463977801646054e+18,2.1081819700110748e+18,4.658968664807838e-19,0.10231412677471036,-11.852770602131264,-6.428254943021199,0.024008354099285624,2.091751197928404e-05,64,-38060.308035199305,79911562354.84901,79911562312.63835,1.0416666666666667e-06,Exact unknown-amplitude FIM,asymmetric,59,-13.256466474732292,False,unknown_amplitude_exact,,,,2.1081819725736271e+18,79911562409.77301,26381438.54281344,quad_over_lin,1e-12,0.45,4.684848827941393e+18,,,,,,,,,,,,
exact_fim_psl,ok,optimal,0.48469888900217484,False,,292.8742242530977,4393113.363796465,0.9999999996899414,3.3571428562569756,1308586.9597740436,81182961546.065,2.1417233107511007e+18,2.1417233107511007e+18,2.1081819701397883e+18,4.669137208247973e-19,0.10242571998948351,-12.802947650368319,-6.501628470003596,0.026470297652792633,2.069461740449194e-05,64,-35656.68561352738,79911562342.29454,79911562317.51727,1.0416666666666667e-06,Exact FIM + sampled PSL,asymmetric,59,-13.256466474732292,True,unknown_amplitude_exact,,,,2.1081819725736271e+18,79911562409.77301,26381438.54281344,quad_over_lin,1e-12,0.45,4.684848827941393e+18,-13.256466474732292,-13.256466498866793,-12.79360335294311,-6.50459678227598,-1.46484375e-06,-0.4628631217891819,249.0,1985.0,-13.256466474732292,0.2173585239870126,249.0,1.0416666666666667e-06
water_filling,ok,ok,0.0,False,,299.7014827843399,4495522.241765098,1.0000000000003935,3.3571428571439816,1339091.731589155,69477984135.4163,1.8329291685470523e+18,1.8329291685470523e+18,1.7817710722118508e+18,5.455748193437784e-19,0.11071790666753328,-14.196140027415487,-8.89595550138144,0.018289902057671864,2.2253683078562306e-05,61,-44036.00892143212,67538814053.66052,67538814053.687096,1.0416666666666667e-06,Water-filling (comm. only),asymmetric,60,-13.256466474732292,False,,,,,,,,,,,,,,,,,,,,,,,
linear_sensing,ok,optimal,0.005465790996822761,False,,290.921724728068,4363825.87092102,0.9999999994290718,3.357142855511634,1299863.026012328,106548749955.36896,2.810909298761162e+18,2.810909298761162e+18,2.746793148626929e+18,3.557567654142113e-19,0.08940612888480878,-8.16464310826296,-1.418013881814653,0.051326978629628074,8.265718925659438e-05,64,-49298.58817785041,104118399219.87134,104118399160.42722,1.0416666666666667e-06,Linear S(P) (known-amp. surrogate),asymmetric,60,-13.256466474732292,False,known_amplitude_linear,106548750000.0,0.6,177581250000.0,,,,,,,,,,,,,,,,,,,
exact_fim,ok,optimal,0.007072869000694482,False,,298.6979176590037,4480468.764885055,0.9999999995990642,3.3571428559973264,1334607.717655201,80926637355.87071,2.134961109880454e+18,2.134961109880454e+18,2.1081819711534738e+18,4.683926069529175e-19,0.10258780156297499,-11.876148321021098,-6.629583677985255,0.023127050702377996,1.8361431746539025e-05,64,-31860.241686720372,79911562387.98087,79911562355.94145,1.0416666666666667e-06,Exact unknown-amplitude FIM,asymmetric,60,-13.256466474732292,False,unknown_amplitude_exact,,,,2.1081819725736271e+18,79911562409.77301,26381438.54281344,quad_over_lin,1e-12,0.45,4.684848827941393e+18,,,,,,,,,,,,
exact_fim_psl,ok,optimal,0.47888433299885946,False,,298.5936867078344,4478905.300617516,0.9999999998525593,3.357142856721598,1334142.00460667,80767145969.38556,2.1307534976697874e+18,2.1307534976697874e+18,2.1081819720392036e+18,4.693175447528819e-19,0.10268904199313342,-12.884146417644102,-6.695041517403393,0.02430151681067146,1.8276478594399272e-05,64,-29250.360339596966,79911562401.29765,79911562389.51544,1.0416666666666667e-06,Exact FIM + sampled PSL,asymmetric,60,-13.256466474732292,True,unknown_amplitude_exact,,,,2.1081819725736271e+18,79911562409.77301,26381438.54281344,quad_over_lin,1e-12,0.45,4.684848827941393e+18,-13.256466474732292,-13.256466486007996,-12.855148172354161,-6.696453623521866,-1.46484375e-06,-0.40131830237813126,249.0,1985.0,-13.256466474732292,0.2173585239870126,249.0,1.0416666666666667e-06
water_filling,ok,ok,0.0,False,,300.7323168286313,4510984.7524294695,0.9999999999993476,3.3571428571409934,1343697.5858308007,74492303655.97134,1.965214130812605e+18,1.965214130812605e+18,1.9482151398814185e+18,5.088504017557139e-19,0.10692660260434,-13.359200395491367,-8.647978661025334,0.017488088380988028,1.1706213979392918e-05,63,-25384.132991620263,73847949448.28368,73847949448.2355,1.0416666666666667e-06,Water-filling (comm. only),asymmetric,61,-13.256466474732292,False,,,,,,,,,,,,,,,,,,,,,,,
linear_sensing,ok,optimal,0.005711829999199836,False,,293.641735268921,4404626.0290338155,0.9999999992524343,3.3571428550069555,1312016.2648022585,106548749943.12134,2.8109092984380524e+18,2.8109092984380524e+18,2.7946626878012196e+18,3.55756765455105e-19,0.08940612888994734,-7.8345529237714455,-1.9922261952780267,0.042942696330094815,6.066735126591664e-05,64,-24816.021097516186,105932915119.66116,105932915040.46935,1.0416666666666667e-06,Linear S(P) (known-amp. surrogate),asymmetric,61,-13.256466474732292,False,known_amplitude_linear,106548750000.0,0.6,177581250000.0,,,,,,,,,,,,,,,,,,,
exact_fim,ok,optimal,0.007178141000622418,False,,300.46126188300445,4506918.928245067,0.9999999994903024,3.3571428556865786,1342486.4898468386,80346498886.98514,2.1196562225172268e+18,2.1196562225172268e+18,2.1081819718124613e+18,4.717746157971014e-19,0.10295750083702224,-11.960823392731225,-7.379548184898565,0.020004974590645132,1.0764078831179507e-05,64,-20855.131413782656,79911562421.65141,79911562380.92068,1.0416666666666667e-06,Exact unknown-amplitude FIM,asymmetric,61,-13.256466474732292,False,unknown_amplitude_exact,,,,2.1081819725736271e+18,79911562409.77301,26381438.54281344,quad_over_lin,1e-12,0.45,4.684848827941393e+18,,,,,,,,,,,,
exact_fim_psl,ok,optimal,0.4653295909993176,False,,300.3665155073304,4505497.7326099565,0.9999999998671592,3.357142856763312,1342063.1545461835,80281402343.16098,2.11793888204698e+18,2.11793888204698e+18,2.1081819716531028e+18,4.721571564111915e-19,0.10299923416004218,-12.866491083745828,-7.428484349415859,0.02134497022657492,1.083511925100848e-05,64,-19231.22378659208,79911562385.49565,79911562374.88013,1.0416666666666667e-06,Exact FIM + sampled PSL,asymmetric,61,-13.256466474732292,True,unknown_amplitude_exact,,,,2.1081819725736271e+18,79911562409.77301,26381438.54281344,quad_over_lin,1e-12,0.45,4.684848827941393e+18,-13.256466474732292,-13.256466483314604,-12.838909082844054,-7.4292852202909785,-1.46484375e-06,-0.4175573918882378,249.0,1985.0,-13.256466474732292,0.2173585239870126,249.0,1.0416666666666667e-06
water_filling,ok,ok,0.0,False,,293.5589939494471,4403384.909241706,0.9999999999996184,3.357142857141767,1311646.5687107213,66142622035.13954,1.7449375182805716e+18,1.7449375182805716e+18,1.6876868039321382e+18,5.730864225931602e-19,0.11347515038207254,-14.605870299004081,-8.97136251153823,0.018532302437175588,2.868399944577405e-05,59,-46584.476384372276,63972508595.158646,63972508595.13423,1.0416666666666667e-06,Water-filling (comm. only),asymmetric,62,-13.256466474732292,False,,,,,,,,,,,,,,,,,,,,,,,
linear_sensing,ok,optimal,0.005622849999781465,False,,283.0805140417292,4246207.710625938,0.9999999991608353,3.357142854745244,1264827.829600406,106548749928.26193,2.8109092980460406e+18,2.8109092980460406e+18,2.692644193482662e+18,3.557567655047192e-19,0.08940612889618167,-8.276662841115202,-0.7784783311213421,0.060606044456454795,0.00010901333206072466,64,-66954.39245040514,102065859349.27101,102065859263.62094,1.0416666666666667e-06,Linear S(P) (known-amp. surrogate),asymmetric,62,-13.256466474732292,False,known_amplitude_linear,106548750000.0,0.6,177581250000.0,,,,,,,,,,,,,,,,,,,
exact_fim,ok,optimal,0.006816474997322075,False,,291.68403275238086,4375260.491285712,0.9999999997518996,3.357142856433999,1303269.082785822,81129745723.75276,2.140319400805265e+18,2.140319400805265e+18,2.1081819703226637e+18,4.6721998577584455e-19,0.10245930677900648,-11.551869235761727,-5.665680717482702,0.026125768512693825,2.9437117299886556e-05,64,-34902.48414662975,79911562344.27534,79911562324.44925,1.0416666666666667e-06,Exact unknown-amplitude FIM,asymmetric,62,-13.256466474732292,False,unknown_amplitude_exact,,,,2.1081819725736271e+18,79911562409.77301,26381438.54281344,quad_over_lin,1e-12,0.45,4.684848827941393e+18,,,,,,,,,,,,
exact_fim_psl,ok,optimal,0.4306156189995818,False,,291.52748248372836,4372912.237255925,0.9999999996961438,3.357142856274697,1302569.6029237171,80891703437.68774,2.13403950286485e+18,2.13403950286485e+18,2.1081819701631304e+18,4.685948871412858e-19,0.10260995097306903,-12.898407935838714,-5.903225704056671,0.027000719126327646,2.726602799662426e-05,64,-31307.205553729924,79911562342.68369,79911562318.40207,1.0416666666666667e-06,Exact FIM + sampled PSL,asymmetric,62,-13.256466474732292,True,unknown_amplitude_exact,,,,2.1081819725736271e+18,79911562409.77301,26381438.54281344,quad_over_lin,1e-12,0.45,4.684848827941393e+18,-13.256466474732292,-13.256466491469997,-12.864135227014824,-5.903612111851183,-1.46484375e-06,-0.3923312477174683,249.0,1985.0,-13.256466474732292,0.2173585239870126,249.0,1.0416666666666667e-06
water_filling,ok,ok,0.0,False,,267.0826173917817,4006239.2608767254,0.999999999999107,3.357142857140306,1193347.8649429101,69215229949.34872,1.8259973351354435e+18,1.8259973351354435e+18,1.6962132901211643e+18,5.476459251928891e-19,0.11092786072277164,-13.540625427133202,-7.857196008410622,0.019702889406523812,3.7820917983494545e-05,59,-70139.29822246544,64295708794.270584,64295708794.21317,1.0416666666666667e-06,Water-filling (comm. only),asymmetric,63,-13.256466474732292,False,,,,,,,,,,,,,,,,,,,,,,,
linear_sensing,ok,optimal,0.0056109789984475356,False,,258.69309129315104,3880396.369397266,0.9999999991999644,3.3571428548570412,1155862.7491181057,106548749937.39584,2.8109092982870057e+18,2.8109092982870057e+18,2.609128565642409e+18,3.5575676547422194e-19,0.08940612889234949,-7.8213798967411545,-1.274743803640706,0.056597101503353384,0.00010400136790620024,64,-87456.201533845,98900162835.91013,98900162756.78647,1.0416666666666667e-06,Linear S(P) (known-amp. surrogate),asymmetric,63,-13.256466474732292,False,known_amplitude_linear,106548750000.0,0.6,177581250000.0,,,,,,,,,,,,,,,,,,,
exact_fim,ok,optimal,0.006506615998659981,False,,265.55384204193206,3983307.6306289807,0.9999999993836273,3.3571428553817926,1186517.1671927487,82469099716.79994,2.175653485859911e+18,2.175653485859911e+18,2.1081819677964936e+18,4.596320170005186e-19,0.10162389674585219,-10.776753916681995,-5.344933555752127,0.025384751464748334,3.486676316369931e-05,64,-50572.10189108894,79911562277.94897,79911562228.69366,1.0416666666666667e-06,Exact unknown-amplitude FIM,asymmetric,63,-13.256466474732292,False,unknown_amplitude_exact,,,,2.1081819725736271e+18,79911562409.77301,26381438.54281344,quad_over_lin,1e-12,0.45,4.684848827941393e+18,,,,,,,,,,,,
exact_fim_psl,ok,optimal,0.43182205600169254,False,,265.17789548573154,3977668.432285973,0.9999999996412864,3.3571428561179615,1184837.4057234959,81973726574.36285,2.1625848297469468e+18,2.1625848297469468e+18,2.1081819698537567e+18,4.624096064324165e-19,0.101930494514496,-12.733532777395373,-5.597441322486954,0.02751778097940679,3.271551090097401e-05,64,-45411.05887806923,79911562335.34047,79911562306.67511,1.0416666666666667e-06,Exact FIM + sampled PSL,asymmetric,63,-13.256466474732292,True,unknown_amplitude_exact,,,,2.1081819725736271e+18,79911562409.77301,26381438.54281344,quad_over_lin,1e-12,0.45,4.684848827941393e+18,-13.256466474732292,-13.256466481790866,-12.733532777395373,-5.60243774536149,-1.4322916666666667e-06,-0.522933697336919,249.0,1985.0,-13.256466474732292,0.2173585239870126,249.0,1.0416666666666667e-06
water_filling,ok,ok,0.0,False,,282.13944700567754,4232091.705085163,0.999999999999226,3.3571428571406456,1260623.061090028,69893377166.63765,1.8438878342713313e+18,1.8438878342713313e+18,1.7941338096546634e+18,5.423323379077343e-19,0.1103884048814709,-14.073851723100914,-9.156163659662855,0.018281448353958393,1.944882473425103e-05,61,-43427.50427267655,68007429039.33841,68007429039.28577,1.0416666666666667e-06,Water-filling (comm. only),asymmetric,64,-13.256466474732292,False,,,,,,,,,,,,,,,,,,,,,,,
linear_sensing,ok,optimal,0.005688098000973696,False,,273.1144129335755,4096716.1940036328,0.9999999994894826,3.357142855684236,1220298.4412972385,106548749959.28763,2.8109092988645427e+18,2.8109092988645427e+18,2.726988494324763e+18,3.5575676540112717e-19,0.08940612888316468,-7.711515747280567,-1.5763067749389983,0.05405530292286802,7.950796015615254e-05,64,-56400.84138540801,103367695104.70067,103367695051.92966,1.0416666666666667e-06,Linear S(P) (known-amp. surrogate),asymmetric,64,-13.256466474732292,False,known_amplitude_linear,106548750000.0,0.6,177581250000.0,,,,,,,,,,,,,,,,,,,
exact_fim,ok,optimal,0.00709296000059112,False,,281.08082246463505,4216212.336969526,0.9999999996600011,3.357142856171432,1255893.0369075201,81021943524.55077,2.1374754237122373e+18,2.1374754237122373e+18,2.108181970752957e+18,4.67841636402659e-19,0.1025274467576362,-11.251984472040778,-6.541512537201209,0.023579797897388125,1.875229716548403e-05,64,-33322.38263042712,79911562367.92955,79911562340.7597,1.0416666666666667e-06,Exact unknown-amplitude FIM,asymmetric,64,-13.256466474732292,False,unknown_amplitude_exact,,,,2.1081819725736271e+18,79911562409.77301,26381438.54281344,quad_over_lin,1e-12,0.45,4.684848827941393e+18,,,,,,,,,,,,
exact_fim_psl,ok,optimal,0.4972040749998996,False,,280.8179457909664,4212269.186864496,0.9999999996981741,3.3571428562804977,1254718.4815159831,80839686316.12036,2.1326672163690463e+18,2.1326672163690463e+18,2.1081819702871964e+18,4.688964093059681e-19,0.10264295837450776,-12.73670952079657,-6.7810585682625755,0.026291824149818226,1.7104677799958332e-05,64,-30465.127495148627,79911562347.22421,79911562323.10483,1.0416666666666667e-06,Exact FIM + sampled PSL,asymmetric,64,-13.256466474732292,True,unknown_amplitude_exact,,,,2.1081819725736271e+18,79911562409.77301,26381438.54281344,quad_over_lin,1e-12,0.45,4.684848827941393e+18,-13.256466474732292,-13.25646648407565,-12.736702884272502,-6.782862756917081,-1.46484375e-06,-0.5197635904597906,249.0,1985.0,-13.256466474732292,0.2173585239870126,249.0,1.0416666666666667e-06
water_filling,ok,ok,0.0,False,,278.03154737454514,4170473.210618177,0.9999999999995866,3.357142857141676,1242268.6159292557,73272220766.08807,1.9330265890360113e+18,1.9330265890360113e+18,1.8846726009827348e+18,5.173234582865692e-19,0.10781316445790538,-15.377773403940626,-8.659680810924456,0.01834822654985978,1.8410810243018066e-05,61,-42812.137616579945,71439341638.8174,71439341638.78786,1.0416666666666667e-06,Water-filling (comm. only),asymmetric,65,-13.256466474732292,False,,,,,,,,,,,,,,,,,,,,,,,
linear_sensing,ok,optimal,0.005511620001925621,False,,271.1919138003402,4067878.707005103,0.9999999995253311,3.3571428557866607,1211708.5515122947,106548749971.72675,2.8109092991927045e+18,2.8109092991927045e+18,2.76207093201307e+18,3.5575676535959406e-19,0.08940612887794579,-8.327551019531668,-1.6520360411492052,0.04384238042366699,7.581942624749252e-05,64,-43026.03550680796,104697510290.86903,104697510241.17238,1.0416666666666667e-06,Linear S(P) (known-amp. surrogate),asymmetric,65,-13.256466474732292,False,known_amplitude_linear,106548750000.0,0.6,177581250000.0,,,,,,,,,,,,,,,,,,,
exact_fim,ok,optimal,0.006720396002492635,False,,277.5809442187657,4163714.1632814854,0.9999999994716717,3.357142855633348,1240255.2832372612,81076023967.12057,2.1389021435842609e+18,2.1389021435842609e+18,2.1081819720331492e+18,4.675295702515179e-19,0.10249324642094114,-13.072544649407412,-6.806445043512116,0.020960554251318913,1.83521189353695e-05,64,-34124.208099966774,79911562431.5055,79911562389.28595,1.0416666666666667e-06,Exact unknown-amplitude FIM,asymmetric,65,-13.256466474732292,False,unknown_amplitude_exact,,,,2.1081819725736271e+18,79911562409.77301,26381438.54281344,quad_over_lin,1e-12,0.45,4.684848827941393e+18,,,,,,,,,,,,
exact_fim_psl,ok,optimal,0.5115914510024595,False,,277.58094430473574,4163714.164571036,0.9999999997816703,3.3571428565190584,1240255.2832941676,81076046908.00034,2.1389027487976704e+18,2.1389027487976704e+18,2.1081819708890153e+18,4.675294379616486e-19,0.10249323192044749,-13.072548948867933,-6.806455786246124,0.02095971713708657,1.8352099273560316e-05,64,-34124.544866379074,79911562363.36412,79911562345.91705,1.0416666666666667e-06,Exact FIM + sampled PSL,asymmetric,65,-13.256466474732292,False,unknown_amplitude_exact,,,,2.1081819725736271e+18,79911562409.77301,26381438.54281344,quad_over_lin,1e-12,0.45,4.684848827941393e+18,-13.256466474732292,-13.667017186268048,-13.072548948867933,-6.8124977425806925,-1.4322916666666667e-06,-0.18391752586435928,249.0,1985.0,-13.256466474732292,0.2173585239870126,249.0,1.0416666666666667e-06
water_filling,ok,ok,0.0,False,,292.08793616491204,4381319.04247368,0.9999999999997633,3.357142857142181,1305073.7573328486,68424946789.32894,1.8051485285179615e+18,1.8051485285179615e+18,1.6874095125845102e+18,5.539710357357721e-19,0.11156660983888994,-16.197128506494888,-8.064276338729213,0.01916219923351606,3.8795919076634646e-05,58,-66805.30700744914,63961997744.9856,63961997744.97047,1.0416666666666667e-06,Water-filling (comm. only),asymmetric,66,-13.256466474732292,False,,,,,,,,,,,,,,,,,,,,,,,
linear_sensing,ok,optimal,0.005495572000654647,False,,282.77273805692795,4241591.070853919,0.9999999993514925,3.357142855289979,1263452.6601006212,106548749949.07936,2.8109092985952343e+18,2.8109092985952343e+18,2.5384417657902976e+18,3.557567654352116e-19,0.0894061288874476,-8.473994072555172,-0.30706392515758707,0.062499994786779735,0.0001495662896476962,64,-101626.7747872499,96220748664.5186,96220748602.11873,1.0416666666666667e-06,Linear S(P) (known-amp. surrogate),asymmetric,66,-13.256466474732292,False,known_amplitude_linear,106548750000.0,0.6,177581250000.0,,,,,,,,,,,,,,,,,,,
exact_fim,ok,optimal,0.006721228000969859,False,,290.3969008843178,4355953.513264767,0.9999999995739841,3.357142855925669,1297518.0682514312,82316599340.25192,2.1716303065482534e+18,2.1716303065482534e+18,2.108181970184038e+18,4.604835348745305e-19,0.1017179878010178,-12.393274440284788,-4.745596931861336,0.03365074865840812,4.565224456786e-05,64,-49041.176801560585,79911562353.23817,79911562319.19458,1.0416666666666667e-06,Exact unknown-amplitude FIM,asymmetric,66,-13.256466474732292,False,unknown_amplitude_exact,,,,2.1081819725736271e+18,79911562409.77301,26381438.54281344,quad_over_lin,1e-12,0.45,4.684848827941393e+18,,,,,,,,,,,,
exact_fim_psl,ok,optimal,0.5025849279991235,False,,290.3845231032135,4355767.846548202,0.9999999996451571,3.35714285612902,1297462.7631934183,82234897907.7896,2.1694749052288886e+18,2.1694749052288886e+18,2.1081819698463857e+18,4.60941031209806e-19,0.10176850432379635,-12.736486799327762,-4.6704675117391785,0.035305210771210654,4.7146557661197824e-05,64,-48200.991714053904,79911562334.75177,79911562306.39572,1.0416666666666667e-06,Exact FIM + sampled PSL,asymmetric,66,-13.256466474732292,True,unknown_amplitude_exact,,,,2.1081819725736271e+18,79911562409.77301,26381438.54281344,quad_over_lin,1e-12,0.45,4.684848827941393e+18,-13.256466474732292,-13.2564665714597,-12.736486799327762,-4.675168665310054,-1.4322916666666667e-06,-0.5199796754045298,249.0,1985.0,-13.256466474732292,0.2173585239870126,249.0,1.0416666666666667e-06
water_filling,ok,ok,0.0,False,,263.3165454467571,3949748.1817013565,1.0000000000002862,3.357142857143675,1176520.7349745855,68895881042.95535,1.817572451587712e+18,1.817572451587712e+18,1.7502382761992522e+18,5.501843951950667e-19,0.11118465209301036,-15.433145145019738,-9.624368819875755,0.018624401733010387,2.0963065252581335e-05,62,-50520.60424981951,66343549589.168755,66343549589.187744,1.0416666666666667e-06,Water-filling (comm. only),asymmetric,67,-13.256466474732292,False,,,,,,,,,,,,,,,,,,,,,,,
linear_sensing,ok,optimal,0.005032414999732282,False,,254.74549501343267,3821182.42520149,0.9999999997241592,3.357142856354741,1138224.5524548853,106548749975.11388,2.810909299282062e+18,2.810909299282062e+18,2.730202576747702e+18,3.5575676534828475e-19,0.0894061288765247,-8.287661549412569,-1.4418306062821822,0.05127839974589597,8.48250614032517e-05,64,-55310.24968260111,103489526284.55269,103489526256.00606,1.0416666666666667e-06,Linear S(P) (known-amp. surrogate),asymmetric,67,-13.256466474732292,False,known_amplitude_linear,106548750000.0,0.6,177581250000.0,,,,,,,,,,,,,,,,,,,
exact_fim,ok,optimal,0.00682270399920526,False,,262.2130830484047,3933196.245726071,0.9999999993989015,3.3571428554254332,1171590.3716666943,81171748704.2208,2.1414274998530972e+18,2.1414274998530972e+18,2.1081819694069368e+18,4.669782190004567e-19,0.10243279414864609,-12.383967141977543,-6.847100735093709,0.023348244527205953,1.686080585700106e-05,64,-35499.10442870456,79911562337.77293,79911562289.73822,1.0416666666666667e-06,Exact unknown-amplitude FIM,asymmetric,67,-13.256466474732292,False,unknown_amplitude_exact,,,,2.1081819725736271e+18,79911562409.77301,26381438.54281344,quad_over_lin,1e-12,0.45,4.684848827941393e+18,,,,,,,,,,,,
exact_fim_psl,ok,optimal,0.4938314930004708,False,,262.19536299721335,3932930.4449582,0.9999999997077057,3.3571428563077306,1171511.196661954,81100326652.11488,2.139543283374863e+18,2.139543283374863e+18,2.108181970357291e+18,4.673894694117263e-19,0.10247788860540141,-12.793907556308703,-6.86731553558408,0.023924170620857155,1.6892508369025523e-05,64,-34478.4617797913,79911562349.11952,79911562325.76183,1.0416666666666667e-06,Exact FIM + sampled PSL,asymmetric,67,-13.256466474732292,True,unknown_amplitude_exact,,,,2.1081819725736271e+18,79911562409.77301,26381438.54281344,quad_over_lin,1e-12,0.45,4.684848827941393e+18,-13.256466474732292,-13.256466529545634,-12.787113679803781,-6.870916602328152,-1.46484375e-06,-0.46935279492851123,249.0,1985.0,-13.256466474732292,0.2173585239870126,249.0,1.0416666666666667e-06
water_filling,ok,ok,0.0,False,,287.6219919970963,4314329.879956445,1.00000000000036,3.3571428571438857,1285119.5387100365,73319576692.78278,1.934275906505746e+18,1.934275906505746e+18,1.9046279502746184e+18,5.169893274463063e-19,0.10777834144600112,-13.708506853852644,-8.587610947634344,0.018002785149391017,1.5758510238933983e-05,63,-33523.4065364846,72195757906.94597,72195757906.97195,1.0416666666666667e-06,Water-filling (comm. only),asymmetric,68,-13.256466474732292,False,,,,,,,,,,,,,,,,,,,,,,,
linear_sensing,ok,optimal,0.005669674999808194,False,,280.51286525211947,4207692.978781792,0.9999999993750331,3.3571428553572376,1253355.3560484536,106548749949.80612,2.8109092986144067e+18,2.8109092986144067e+18,2.7829704524584397e+18,3.557567654327851e-19,0.0894061288871427,-7.78859414347056,-1.9717637183151648,0.04430068141739093,6.310037938306513e-05,64,-32542.80595438062,105489715797.0111,105489715731.08351,1.0416666666666667e-06,Linear S(P) (known-amp. surrogate),asymmetric,68,-13.256466474732292,False,known_amplitude_linear,106548750000.0,0.6,177581250000.0,,,,,,,,,,,,,,,,,,,
exact_fim,ok,optimal,0.0066722080009640194,False,,287.22601706481595,4308390.255972239,0.999999999851074,3.3571428567173545,1283350.2891756662,80607089883.84059,2.1265309878855798e+18,2.1265309878855798e+18,2.1081819752157084e+18,4.702494370864094e-19,0.10279094280133388,-11.921592983052207,-7.077916784422785,0.020976774411825442,1.4006006515198008e-05,64,-26372.85297463921,79911562521.82315,79911562509.92224,1.0416666666666667e-06,Exact unknown-amplitude FIM,asymmetric,68,-13.256466474732292,False,unknown_amplitude_exact,,,,2.1081819725736271e+18,79911562409.77301,26381438.54281344,quad_over_lin,1e-12,0.45,4.684848827941393e+18,,,,,,,,,,,,
exact_fim_psl,ok,optimal,0.4371198920016468,False,,287.1378381675016,4307067.572512524,0.9999999996828737,3.357142856236782,1282956.298541483,80533554870.57202,2.1245910284522898e+18,2.1245910284522898e+18,2.1081819704622559e+18,4.706788208215651e-19,0.10283786118632576,-12.77367947039252,-7.161804729420074,0.02258467270416882,1.3638297806452222e-05,64,-24939.77828748121,79911562355.08261,79911562329.74055,1.0416666666666667e-06,Exact FIM + sampled PSL,asymmetric,68,-13.256466474732292,True,unknown_amplitude_exact,,,,2.1081819725736271e+18,79911562409.77301,26381438.54281344,quad_over_lin,1e-12,0.45,4.684848827941393e+18,-13.256466474732292,-13.256466495850203,-12.768346447309025,-7.164600141309256,-1.46484375e-06,-0.48812002742326754,249.0,1985.0,-13.256466474732292,0.2173585239870126,249.0,1.0416666666666667e-06
water_filling,ok,ok,0.0,False,,298.12903251822206,4471935.487773331,1.0000000000009623,3.357142857145607,1332065.8899739436,69889391466.51007,1.843782685768365e+18,1.843782685768365e+18,1.827154940181415e+18,5.423632664080837e-19,0.11039155248940943,-15.559211942107996,-8.796263820207054,0.018150229380612618,2.0528823705048814e-05,61,-25105.417545178916,69259109476.32504,69259109476.3917,1.0416666666666667e-06,Water-filling (comm. only),asymmetric,69,-13.256466474732292,False,,,,,,,,,,,,,,,,,,,,,,,
linear_sensing,ok,optimal,0.005466710001201136,False,,289.4195209315629,4341292.813973444,0.9999999993990547,3.3571428554258707,1293151.0516321857,106548749953.0312,2.810909298699489e+18,2.810909298699489e+18,2.7912507177804913e+18,3.5575676542201686e-19,0.0894061288857896,-8.46974342357489,-0.9566352796050845,0.051372683033890455,9.342774362350892e-05,64,-27297.749601062533,105803582883.77887,105803582820.1967,1.0416666666666667e-06,Linear S(P) (known-amp. surrogate),asymmetric,69,-13.256466474732292,False,known_amplitude_linear,106548750000.0,0.6,177581250000.0,,,,,,,,,,,,,,,,,,,
exact_fim,ok,optimal,0.04094257800170453,False,,297.3236723719367,4459855.085579051,0.9999999996664518,3.3571428561898626,1328467.4726772557,80259310780.23358,2.1173560748372964e+18,2.1173560748372964e+18,2.1081819714382984e+18,4.722871187723316e-19,0.10301340857472432,-12.791077056954684,-6.398290928219755,0.023403338313325146,2.1511198078124098e-05,64,-18648.013663972415,79911562393.39223,79911562366.73787,1.0416666666666667e-06,Exact unknown-amplitude FIM,asymmetric,69,-13.256466474732292,False,unknown_amplitude_exact,,,,2.1081819725736271e+18,79911562409.77301,26381438.54281344,quad_over_lin,1e-12,0.45,4.684848827941393e+18,,,,,,,,,,,,
exact_fim_psl,ok,optimal,0.44796188700274797,False,,297.3228037466979,4459842.056200469,0.999999999768739,3.3571428564821115,1328463.5914701156,80255751221.61708,2.1172621685604155e+18,2.1172621685604155e+18,2.1081819710204844e+18,4.72308065977454e-19,0.10301569301038645,-12.87971266454271,-6.398847961254555,0.023580536457877634,2.1555658393560018e-05,64,-18552.32790773794,79911562369.38087,79911562350.90045,1.0416666666666667e-06,Exact FIM + sampled PSL,asymmetric,69,-13.256466474732292,True,unknown_amplitude_exact,,,,2.1081819725736271e+18,79911562409.77301,26381438.54281344,quad_over_lin,1e-12,0.45,4.684848827941393e+18,-13.256466474732292,-13.256466757165096,-12.851007441139988,-6.400200416717899,-1.46484375e-06,-0.4054590335923045,249.0,1985.0,-13.256466474732292,0.2173585239870126,249.0,1.0416666666666667e-06
water_filling,ok,ok,0.0,False,,284.0294568199107,4260441.85229866,1.0000000000009819,3.3571428571456625,1269067.7857900297,64926249546.243645,1.7128478622195958e+18,1.7128478622195958e+18,1.654838619872294e+18,5.83823013156667e-19,0.11453317822145333,-14.435067348253984,-9.77795340516334,0.018642424610209513,2.611040242578204e-05,60,-46892.06517656579,62727383769.6566,62727383769.71819,1.0416666666666667e-06,Water-filling (comm. only),asymmetric,70,-13.256466474732292,False,,,,,,,,,,,,,,,,,,,,,,,
linear_sensing,ok,optimal,0.0058298820003983565,False,,272.30983459979666,4084647.51899695,0.9999999992823947,3.3571428550925564,1216703.5170400385,106548749936.08122,2.8109092982523244e+18,2.8109092982523244e+18,2.605328658059799e+18,3.557567654786113e-19,0.08940612889290105,-7.450799528461907,-0.3910056698698314,0.06249999864717129,0.00013299109732001704,64,-88275.8423840218,98756125663.93251,98756125593.06459,1.0416666666666667e-06,Linear S(P) (known-amp. surrogate),asymmetric,70,-13.256466474732292,False,known_amplitude_linear,106548750000.0,0.6,177581250000.0,,,,,,,,,,,,,,,,,,,
exact_fim,ok,optimal,0.0068134819994156715,False,,281.83250980293235,4227487.647043985,0.9999999993835946,3.3571428553816993,1259251.6402056206,81012808447.96774,2.1372344272507784e+18,2.1372344272507784e+18,2.108181968934752e+18,4.678943906431197e-19,0.1025332271378907,-10.850276894480334,-5.632679587100135,0.02846573643773144,2.9399835209605287e-05,64,-33185.02940795317,79911562321.09776,79911562271.83984,1.0416666666666667e-06,Exact unknown-amplitude FIM,asymmetric,70,-13.256466474732292,False,unknown_amplitude_exact,,,,2.1081819725736271e+18,79911562409.77301,26381438.54281344,quad_over_lin,1e-12,0.45,4.684848827941393e+18,,,,,,,,,,,,
exact_fim_psl,ok,optimal,0.43108048499925644,False,,281.3515282393762,4220272.923590643,0.9999999996275919,3.357142856078834,1257102.5733828768,80855453094.10617,2.1330831666534966e+18,2.1330831666534966e+18,2.1081819701076938e+18,4.688049747112568e-19,0.10263295022059496,-12.78005928551432,-5.392201417913825,0.03362966381923526,3.399617192314929e-05,64,-30722.805505958528,79911562346.06044,79911562316.30072,1.0416666666666667e-06,Exact FIM + sampled PSL,asymmetric,70,-13.256466474732292,True,unknown_amplitude_exact,,,,2.1081819725736271e+18,79911562409.77301,26381438.54281344,quad_over_lin,1e-12,0.45,4.684848827941393e+18,-13.256466474732292,-13.256466476433925,-12.769772452021979,-5.392884418521319,-1.46484375e-06,-0.4866940227103136,249.0,1985.0,-13.256466474732292,0.2173585239870126,249.0,1.0416666666666667e-06
water_filling,ok,ok,0.0,False,,278.74518393519406,4181177.759027911,1.0000000000005498,3.357142857144428,1245457.2048162417,65933793425.1229,1.7394283191394365e+18,1.7394283191394365e+18,1.6179088843399654e+18,5.749015288510073e-19,0.11365471023219373,-15.026744274495682,-8.677252168551355,0.019281215478195092,3.706873276094645e-05,58,-67869.34123539797,61327545945.359764,61327545945.39348,1.0416666666666667e-06,Water-filling (comm. only),asymmetric,71,-13.256466474732292,False,,,,,,,,,,,,,,,,,,,,,,,
linear_sensing,ok,optimal,0.005588424999587005,False,,268.3683579553624,4025525.369330436,0.9999999992246946,3.357142854927699,1199092.6639960133,106548749935.61224,2.810909298239952e+18,2.810909298239952e+18,2.5611744023061043e+18,3.557567654801772e-19,0.08940612889309782,-8.268456139623776,-0.7336648404591078,0.062499994700979236,0.00012724399738589726,64,-97294.9679181207,97082439236.03194,97082439160.7634,1.0416666666666667e-06,Linear S(P) (known-amp. surrogate),asymmetric,71,-13.256466474732292,False,known_amplitude_linear,106548750000.0,0.6,177581250000.0,,,,,,,,,,,,,,,,,,,
exact_fim,ok,optimal,0.006436177998693893,False,,276.3637540389776,4145456.3105846643,0.9999999994407235,3.3571428555449243,1234816.7739533929,82233663737.75839,2.1694423460480591e+18,2.1694423460480591e+18,2.108181969210778e+18,4.6094794905319285e-19,0.10176926799624628,-11.384469545728614,-5.0884033896875565,0.027476594541346995,3.831758702118131e-05,64,-48188.18793806589,79911562326.99539,79911562282.30273,1.0416666666666667e-06,Exact unknown-amplitude FIM,asymmetric,71,-13.256466474732292,False,unknown_amplitude_exact,,,,2.1081819725736271e+18,79911562409.77301,26381438.54281344,quad_over_lin,1e-12,0.45,4.684848827941393e+18,,,,,,,,,,,,
exact_fim_psl,ok,optimal,0.4855985360009072,False,,276.1963673736186,4142945.510604279,0.9999999996757589,3.3571428562164543,1234068.8758396881,81881412045.81534,2.1601494396854612e+18,2.1601494396854612e+18,2.1081819699447846e+18,4.6293093506790425e-19,0.10198793743499233,-12.791547132796246,-5.276742888173743,0.02922021870079893,3.661301284689507e-05,64,-44382.98926760636,79911562336.0362,79911562310.12558,1.0416666666666667e-06,Exact FIM + sampled PSL,asymmetric,71,-13.256466474732292,True,unknown_amplitude_exact,,,,2.1081819725736271e+18,79911562409.77301,26381438.54281344,quad_over_lin,1e-12,0.45,4.684848827941393e+18,-13.256466474732292,-13.256466491632775,-12.785479010774608,-5.279491925818812,-1.46484375e-06,-0.47098746395768387,249.0,1985.0,-13.256466474732292,0.2173585239870126,249.0,1.0416666666666667e-06
water_filling,ok,ok,0.0,False,,293.0924069632172,4396386.104448258,0.9999999999991318,3.357142857140377,1309561.818347257,64415184774.081245,1.6993652383413962e+18,1.6993652383413962e+18,1.6191789759419802e+18,5.884550168720726e-19,0.11498662899087839,-14.599880685829849,-10.025155909558483,0.01848621856890882,2.7493855856404365e-05,59,-55131.61932502234,61375689324.73799,61375689324.68471,1.0416666666666667e-06,Water-filling (comm. only),asymmetric,72,-13.256466474732292,False,,,,,,,,,,,,,,,,,,,,,,,
linear_sensing,ok,optimal,0.00526116900073248,False,,281.2640000782982,4218960.001174472,0.9999999990807207,3.357142854516345,1256711.4906947524,106548749918.264,2.81090929778228e+18,2.81090929778228e+18,2.622689584526702e+18,3.557567655381014e-19,0.08940612890037636,-8.309936757840417,-0.6344644498902987,0.06249999617566214,0.00012245048780427247,64,-84466.27018390447,99414199217.43172,99414199126.0423,1.0416666666666667e-06,Linear S(P) (known-amp. surrogate),asymmetric,72,-13.256466474732292,False,known_amplitude_linear,106548750000.0,0.6,177581250000.0,,,,,,,,,,,,,,,,,,,
exact_fim,ok,optimal,0.0068002879997948185,False,,290.4045156250402,4356067.734375603,0.9999999992977128,3.3571428551363223,1297552.0918661405,81532398202.33238,2.150941952423024e+18,2.150941952423024e+18,2.108181983002021e+18,4.649125927705792e-19,0.10220599302542381,-11.30345122550814,-5.660058354839798,0.027318990469236342,2.950145516704753e-05,64,-40259.6000775566,79911562861.18674,79911562805.06587,1.0416666666666667e-06,Exact unknown-amplitude FIM,asymmetric,72,-13.256466474732292,False,unknown_amplitude_exact,,,,2.1081819725736271e+18,79911562409.77301,26381438.54281344,quad_over_lin,1e-12,0.45,4.684848827941393e+18,,,,,,,,,,,,
exact_fim_psl,ok,optimal,0.47670373800065136,False,,290.1849314425935,4352773.971638902,0.9999999996644936,3.3571428561842676,1296570.970645637,81201685047.33826,2.1422172636492472e+18,2.1422172636492472e+18,2.1081819698302487e+18,4.668060597628223e-19,0.10241391063688136,-12.91997103922032,-5.715276310092396,0.02855770790367245,2.995407390799452e-05,64,-35918.27866124793,79911562332.59488,79911562305.78404,1.0416666666666667e-06,Exact FIM + sampled PSL,asymmetric,72,-13.256466474732292,True,unknown_amplitude_exact,,,,2.1081819725736271e+18,79911562409.77301,26381438.54281344,quad_over_lin,1e-12,0.45,4.684848827941393e+18,-13.256466474732292,-13.256466486355432,-12.883128690685853,-5.716124138615538,-1.46484375e-06,-0.3733377840464396,249.0,1985.0,-13.256466474732292,0.2173585239870126,249.0,1.0416666666666667e-06
water_filling,ok,ok,0.0,False,,300.80395033255536,4512059.25498833,1.0000000000002318,3.35714285714352,1344017.6504217905,72424770369.81743,1.9106696284887142e+18,1.9106696284887142e+18,1.8855329286812196e+18,5.233767183450609e-19,0.10844209699684254,-14.216207460061137,-9.8867091707716,0.0174031224226496,8.935611185507332e-06,63,-30867.744203966733,71471952737.55911,71471952737.57568,1.0416666666666667e-06,Water-filling (comm. only),asymmetric,73,-13.256466474732292,False,,,,,,,,,,,,,,,,,,,,,,,
linear_sensing,ok,optimal,0.005350060000637313,False,,292.88122832140584,4393218.424821088,0.9999999994246793,3.357142855499084,1308618.254842771,106548749952.04411,2.8109092986734484e+18,2.8109092986734484e+18,2.7839164231791857e+18,3.557567654253126e-19,0.08940612888620374,-8.058569624316425,-1.8933169868292694,0.04415991514203378,6.499985708210482e-05,64,-31987.134701875348,105525573226.9079,105525573166.19685,1.0416666666666667e-06,Linear S(P) (known-amp. surrogate),asymmetric,73,-13.256466474732292,False,known_amplitude_linear,106548750000.0,0.6,177581250000.0,,,,,,,,,,,,,,,,,,,
exact_fim,ok,optimal,0.00718248400153243,False,,300.2873516000407,4504310.274000611,0.9999999995643312,3.3571428558980894,1341709.4438168125,80500375882.29922,2.123715719012258e+18,2.123715719012258e+18,2.108181970122998e+18,4.708728155315914e-19,0.10285905179970842,-12.252259242504039,-7.708403862754304,0.020181065230417128,8.311606600954816e-06,64,-24265.48094876601,79911562351.6958,79911562316.88083,1.0416666666666667e-06,Exact unknown-amplitude FIM,asymmetric,73,-13.256466474732292,False,unknown_amplitude_exact,,,,2.1081819725736271e+18,79911562409.77301,26381438.54281344,quad_over_lin,1e-12,0.45,4.684848827941393e+18,,,,,,,,,,,,
exact_fim_psl,ok,optimal,0.5022875249997014,False,,300.2433814042894,4503650.72106434,0.9999999999240706,3.357142856925916,1341512.980829259,80439896239.0781,2.1221201790215283e+18,2.1221201790215283e+18,2.1081819724098168e+18,4.712268465686435e-19,0.10289771240331197,-12.869097160063578,-7.757770562681823,0.02133083493435744,8.233241182784989e-06,64,-22985.513602147075,79911562409.63136,79911562403.56372,1.0416666666666667e-06,Exact FIM + sampled PSL,asymmetric,73,-13.256466474732292,True,unknown_amplitude_exact,,,,2.1081819725736271e+18,79911562409.77301,26381438.54281344,quad_over_lin,1e-12,0.45,4.684848827941393e+18,-13.256466474732292,-13.256466482551623,-12.842992450966953,-7.759625845335114,-1.46484375e-06,-0.4134740237653389,249.0,1985.0,-13.256466474732292,0.2173585239870126,249.0,1.0416666666666667e-06
water_filling,ok,ok,0.0,False,,300.44568676656775,4506685.301498516,0.9999999999995781,3.357142857141652,1342416.898319189,70923397861.68517,1.8710612619355533e+18,1.8710612619355533e+18,1.8252132678833052e+18,5.344560439274618e-19,0.10958388764857249,-15.384959159884817,-9.477443109429247,0.017954513080672634,1.6149051122368224e-05,62,-41687.98778371444,69185509536.25996,69185509536.23077,1.0416666666666667e-06,Water-filling (comm. only),asymmetric,74,-13.256466474732292,False,,,,,,,,,,,,,,,,,,,,,,,
linear_sensing,ok,optimal,0.005355646000680281,False,,291.7429466649911,4376144.199974867,0.9999999993336423,3.357142855238978,1303532.3156253805,106548749945.6399,2.8109092985044956e+18,2.8109092985044956e+18,2.722278974185142e+18,3.557567654466958e-19,0.08940612888889066,-8.051597410341078,-1.278484934669637,0.054486135049444814,8.951564843960751e-05,64,-57961.80917327822,103189178693.99995,103189178625.23904,1.0416666666666667e-06,Linear S(P) (known-amp. surrogate),asymmetric,74,-13.256466474732292,False,known_amplitude_linear,106548750000.0,0.6,177581250000.0,,,,,,,,,,,,,,,,,,,
exact_fim,ok,optimal,0.0069115139995119534,False,,299.62791052717444,4494418.657907616,0.9999999993922702,3.3571428554064866,1338763.0051755505,80923420921.1655,2.1348762557059507e+18,2.1348762557059507e+18,2.1081819697406618e+18,4.684112239888699e-19,0.10258984030332247,-12.427929980040682,-6.947574640314681,0.02255183218081016,1.5452092172859593e-05,64,-31809.72523289406,79911562350.95285,79911562302.38821,1.0416666666666667e-06,Exact unknown-amplitude FIM,asymmetric,74,-13.256466474732292,False,unknown_amplitude_exact,,,,2.1081819725736271e+18,79911562409.77301,26381438.54281344,quad_over_lin,1e-12,0.45,4.684848827941393e+18,,,,,,,,,,,,
exact_fim_psl,ok,optimal,0.5077047300001141,False,,299.61337729879415,4494200.659481912,0.9999999996947962,3.3571428562708467,1338698.06912957,80878669904.83235,2.1336956595188296e+18,2.1336956595188296e+18,2.1081819702895383e+18,4.686704008319117e-19,0.10261821839570456,-12.76715303558144,-6.9250634726515266,0.023169937808042832,1.5862181709990623e-05,64,-31098.353363705668,79911562347.58293,79911562323.19362,1.0416666666666667e-06,Exact FIM + sampled PSL,asymmetric,74,-13.256466474732292,True,unknown_amplitude_exact,,,,2.1081819725736271e+18,79911562409.77301,26381438.54281344,quad_over_lin,1e-12,0.45,4.684848827941393e+18,-13.256466474732292,-13.25646654563095,-12.763165428957187,-6.927507289257138,-1.46484375e-06,-0.49330104577510525,249.0,1985.0,-13.256466474732292,0.2173585239870126,249.0,1.0416666666666667e-06
water_filling,ok,ok,0.0,False,,268.7706387381976,4031559.581072964,1.0000000000004703,3.357142857144201,1200890.0879787,70425367075.22018,1.8579224933499983e+18,1.8579224933499983e+18,1.7692624312036332e+18,5.382355849500006e-19,0.10997068011000176,-14.299117600190277,-7.825844322286022,0.019289548304852293,3.2828091928362226e-05,60,-57971.53220138687,67064668529.41063,67064668529.44217,1.0416666666666667e-06,Water-filling (comm. only),asymmetric,75,-13.256466474732292,False,,,,,,,,,,,,,,,,,,,,,,,
linear_sensing,ok,optimal,0.005662037001457065,False,,261.3060710733597,3919591.0661003958,0.9999999993040829,3.357142855154523,1167537.765061828,106548749945.48785,2.8109092985004846e+18,2.8109092985004846e+18,2.7176778993309327e+18,3.557567654472034e-19,0.08940612888895445,-8.090096831344685,-1.4819089241506425,0.048849765883232185,8.550547407630544e-05,64,-59447.26304285569,103014772936.35048,103014772864.66074,1.0416666666666667e-06,Linear S(P) (known-amp. surrogate),asymmetric,75,-13.256466474732292,False,known_amplitude_linear,106548750000.0,0.6,177581250000.0,,,,,,,,,,,,,,,,,,,
exact_fim,ok,optimal,0.006383924999681767,False,,267.87473793988494,4018121.069098274,0.9999999994887796,3.357142855682228,1196887.1274861863,81645736847.95648,2.153931988937082e+18,2.153931988937082e+18,2.1081819678057185e+18,4.642672123057507e-19,0.10213502843998955,-11.98970588370953,-5.929070058561035,0.02330847207937935,2.7688796657608524e-05,64,-41643.4222873154,79911562269.89577,79911562229.04335,1.0416666666666667e-06,Exact unknown-amplitude FIM,asymmetric,75,-13.256466474732292,False,unknown_amplitude_exact,,,,2.1081819725736271e+18,79911562409.77301,26381438.54281344,quad_over_lin,1e-12,0.45,4.684848827941393e+18,,,,,,,,,,,,
exact_fim_psl,ok,optimal,0.4294921800028533,False,,267.8055326896,4017082.990344,0.9999999998472573,3.3571428567064494,1196577.9121729094,81442055167.37189,2.1485585731984428e+18,2.1485585731984428e+18,2.1081819730272105e+18,4.654283166743526e-19,0.10226266546763706,-12.8096300477129,-5.995455223728545,0.024251473513625922,2.73318314229991e-05,64,-39121.512504495106,79911562439.1722,79911562426.9663,1.0416666666666667e-06,Exact FIM + sampled PSL,asymmetric,75,-13.256466474732292,True,unknown_amplitude_exact,,,,2.1081819725736271e+18,79911562409.77301,26381438.54281344,quad_over_lin,1e-12,0.45,4.684848827941393e+18,-13.256466474732292,-13.256466487773535,-12.805043662165122,-5.999986749518907,-1.46484375e-06,-0.45142281256717,249.0,1985.0,-13.256466474732292,0.2173585239870126,249.0,1.0416666666666667e-06
water_filling,ok,ok,0.0,False,,272.86953251302646,4093042.987695397,1.0000000000000808,3.357142857143088,1219204.2942070556,70755487309.5171,1.8666315400228416e+18,1.8666315400228416e+18,1.8164413974294853e+18,5.357243668923344e-19,0.10971383790570682,-15.84341027495194,-8.547488783441393,0.018761002414301224,2.3727433298375128e-05,62,-43617.42049408957,68853007938.95316,68853007938.95872,1.0416666666666667e-06,Water-filling (comm. only),asymmetric,76,-13.256466474732292,False,,,,,,,,,,,,,,,,,,,,,,,
linear_sensing,ok,optimal,0.005509238999366062,False,,265.24611373108894,3978691.7059663343,0.9999999992604964,3.35714285502999,1185142.211033731,106548749942.50452,2.81090929842178e+18,2.81090929842178e+18,2.756619739770295e+18,3.557567654571645e-19,0.08940612889020612,-8.46347536586967,-1.3458483079663284,0.048346686738034265,8.508071090168164e-05,64,-45363.74693457223,104490880485.35379,104490880408.08241,1.0416666666666667e-06,Linear S(P) (known-amp. surrogate),asymmetric,76,-13.256466474732292,False,known_amplitude_linear,106548750000.0,0.6,177581250000.0,,,,,,,,,,,,,,,,,,,
exact_fim,ok,optimal,0.006595419999939622,False,,272.13483508422223,4082022.5262633334,0.9999999994504589,3.35714285557274,1215921.6041364814,80944762048.99896,2.1354392653583237e+18,2.1354392653583237e+18,2.1081819701646456e+18,4.68287727130559e-19,0.10257631547992495,-12.942485512061419,-6.477683342736292,0.0229697211290193,2.1221600137729285e-05,64,-32143.42438364728,79911562362.37419,79911562318.4595,1.0416666666666667e-06,Exact unknown-amplitude FIM,asymmetric,76,-13.256466474732292,False,unknown_amplitude_exact,,,,2.1081819725736271e+18,79911562409.77301,26381438.54281344,quad_over_lin,1e-12,0.45,4.684848827941393e+18,,,,,,,,,,,,
exact_fim_psl,ok,optimal,0.4352989079998224,False,,272.134835140422,4082022.5271063303,0.9999999997886636,3.357142856539039,1215921.6040376034,80944833660.86185,2.1354411545822833e+18,2.1354411545822833e+18,2.1081819738687012e+18,4.682873128365888e-19,0.1025762701053017,-12.942497841848741,-6.477624294580151,0.022970371652205838,2.1222199143849812e-05,64,-32144.536117618158,79911562475.75157,79911562458.86336,1.0416666666666667e-06,Exact FIM + sampled PSL,asymmetric,76,-13.256466474732292,True,unknown_amplitude_exact,,,,2.1081819725736271e+18,79911562409.77301,26381438.54281344,quad_over_lin,1e-12,0.45,4.684848827941393e+18,-13.256466474732292,-13.413257455547411,-12.937199605989441,-6.480966209721054,-1.46484375e-06,-0.3192668687428508,249.0,1985.0,-13.256466474732292,0.2173585239870126,249.0,1.0416666666666667e-06
water_filling,ok,ok,0.0,False,,276.1964031265279,4142946.0468979185,1.0000000000004279,3.35714285714408,1234069.035245739,68103133588.64688,1.7966586333419013e+18,1.7966586333419013e+18,1.737838734856663e+18,5.565887595129495e-19,0.11182989649898686,-16.198715926749717,-9.284773871870398,0.018669631509271426,2.4038269856499047e-05,60,-47218.57741420904,65873539535.59609,65873539535.624275,1.0416666666666667e-06,Water-filling (comm. only),asymmetric,77,-13.256466474732292,False,,,,,,,,,,,,,,,,,,,,,,,
linear_sensing,ok,optimal,0.006136440999398474,False,,266.7688618519459,4001532.927779189,0.9999999994732497,3.3571428556378566,1191945.979021765,106548749959.11093,2.8109092988598804e+18,2.8109092988598804e+18,2.716619583492302e+18,3.5575676540171722e-19,0.08940612888323882,-8.356435730713883,-1.353896856992164,0.0559486725469295,8.814283135360896e-05,64,-59783.71870684371,102974656992.8165,102974656938.57457,1.0416666666666667e-06,Linear S(P) (known-amp. surrogate),asymmetric,77,-13.256466474732292,False,known_amplitude_linear,106548750000.0,0.6,177581250000.0,,,,,,,,,,,,,,,,,,,
exact_fim,ok,optimal,0.007017033000010997,False,,274.81650778683183,4122247.6168024777,0.9999999994983115,3.3571428557094616,1227903.5459548018,81164453381.8967,2.141235038755554e+18,2.141235038755554e+18,2.1081819703161364e+18,4.670201925059013e-19,0.10243739753983214,-12.397708564423715,-6.0351851785114485,0.025587140282414933,2.5589094574169925e-05,64,-35396.20118492132,79911562364.29254,79911562324.20183,1.0416666666666667e-06,Exact unknown-amplitude FIM,asymmetric,77,-13.256466474732292,False,unknown_amplitude_exact,,,,2.1081819725736271e+18,79911562409.77301,26381438.54281344,quad_over_lin,1e-12,0.45,4.684848827941393e+18,,,,,,,,,,,,
exact_fim_psl,ok,optimal,0.4623178080000798,False,,274.800725649828,4122010.88474742,0.9999999996894178,3.3571428562554795,1227833.0298237787,81097929110.38757,2.1394800327751306e+18,2.1394800327751306e+18,2.1081819702759037e+18,4.674032870981716e-19,0.10247940339869437,-12.767108937657188,-6.051084415415251,0.026071702186693524,2.5607934685573918e-05,64,-34443.67558898511,79911562347.4959,79911562322.67679,1.0416666666666667e-06,Exact FIM + sampled PSL,asymmetric,77,-13.256466474732292,True,unknown_amplitude_exact,,,,2.1081819725736271e+18,79911562409.77301,26381438.54281344,quad_over_lin,1e-12,0.45,4.684848827941393e+18,-13.256466474732292,-13.256466547256505,-12.763159374274078,-6.053090010681967,-1.46484375e-06,-0.4933071004582139,249.0,1985.0,-13.256466474732292,0.2173585239870126,249.0,1.0416666666666667e-06
water_filling,ok,ok,0.0,False,,288.0161196101849,4320241.794152773,0.9999999999993272,3.357142857140935,1286880.5344292223,73546727423.994,1.9402684695611494e+18,1.9402684695611494e+18,1.926221892029508e+18,5.153925942146451e-19,0.10761177481263558,-13.886050711361392,-9.892949143022493,0.01746351607069129,5.733595078901461e-06,64,-23074.69789121485,73014285741.27264,73014285741.22353,1.0416666666666667e-06,Water-filling (comm. only),asymmetric,78,-13.256466474732292,False,,,,,,,,,,,,,,,,,,,,,,,
linear_sensing,ok,optimal,0.005838356999447569,False,,280.63963367590543,4209594.505138582,0.9999999994694412,3.357142855626975,1253921.7680542832,106548749959.23749,2.8109092988632197e+18,2.8109092988632197e+18,2.7968610888668027e+18,3.5575676540129463e-19,0.08940612888318572,-7.944232291656123,-2.059670870087582,0.0435424097408833,5.866395710436179e-05,64,-23076.03870568741,106016246453.42148,106016246397.17363,1.0416666666666667e-06,Linear S(P) (known-amp. surrogate),asymmetric,78,-13.256466474732292,False,known_amplitude_linear,106548750000.0,0.6,177581250000.0,,,,,,,,,,,,,,,,,,,
exact_fim,ok,optimal,0.0063682100008009,False,,287.6682277947948,4315023.416921922,0.9999999998796869,3.3571428567991055,1285326.1243211185,80256705694.52751,2.117287348928843e+18,2.117287348928843e+18,2.1081819738029806e+18,4.723024489358566e-19,0.10301508043864044,-12.210742795991438,-8.059522144573803,0.02033456769826838,5.17195337579796e-06,64,-18578.031063512593,79911562465.9866,79911562456.3722,1.0416666666666667e-06,Exact unknown-amplitude FIM,asymmetric,78,-13.256466474732292,False,unknown_amplitude_exact,,,,2.1081819725736271e+18,79911562409.77301,26381438.54281344,quad_over_lin,1e-12,0.45,4.684848827941393e+18,,,,,,,,,,,,
exact_fim_psl,ok,optimal,0.4897496410012536,False,,287.617368549808,4314260.52824712,0.9999999997249049,3.3571428563568713,1285098.881055333,80215202457.67773,2.1161924338365632e+18,2.1161924338365632e+18,2.108181971165441e+18,4.725468175817283e-19,0.10304172692375412,-12.888246933794454,-8.101191086374333,0.021338327040103394,5.222249183540936e-06,64,-17425.27191656373,79911562378.37836,79911562356.39508,1.0416666666666667e-06,Exact FIM + sampled PSL,asymmetric,78,-13.256466474732292,True,unknown_amplitude_exact,,,,2.1081819725736271e+18,79911562409.77301,26381438.54281344,quad_over_lin,1e-12,0.45,4.684848827941393e+18,-13.256466474732292,-13.256466503185464,-12.855977740210047,-8.101828727758027,-1.46484375e-06,-0.400488734522245,249.0,1985.0,-13.256466474732292,0.2173585239870126,249.0,1.0416666666666667e-06
water_filling,ok,ok,0.0,False,,302.49127157074633,4537369.073561195,1.0000000000002331,3.3571428571435233,1351556.7453158326,71337781487.46701,1.8819932980922652e+18,1.8819932980922652e+18,1.8212621316090127e+18,5.313515202278764e-19,0.10926515118445643,-14.387215222963867,-8.207210452292852,0.01830004288311063,2.52987633386883e-05,60,-47979.594671602106,69035739982.59915,69035739982.61525,1.0416666666666667e-06,Water-filling (comm. only),asymmetric,79,-13.256466474732292,False,,,,,,,,,,,,,,,,,,,,,,,
linear_sensing,ok,optimal,0.005467582999699516,False,,293.8221436025623,4407332.154038434,0.9999999990583509,3.3571428544524315,1312822.3448082295,106548749920.74377,2.8109092978477e+18,2.8109092978477e+18,2.6631667748002724e+18,3.557567655298217e-19,0.08940612889933595,-7.784612113561886,-0.8758123319065529,0.05883463356787019,0.00011001768860886913,64,-74834.785678968,100948504873.45824,100948504778.40016,1.0416666666666667e-06,Linear S(P) (known-amp. surrogate),asymmetric,79,-13.256466474732292,False,known_amplitude_linear,106548750000.0,0.6,177581250000.0,,,,,,,,,,,,,,,,,,,
exact_fim,ok,optimal,0.006475327001680853,False,,301.62078295255213,4524311.744288282,0.9999999993732497,3.357142855352142,1347667.328804723,81329016033.47203,2.1455764382345308e+18,2.1455764382345308e+18,2.1081819692262738e+18,4.660752151169414e-19,0.1023337081888499,-11.674758702802208,-5.979498465247355,0.023879998139035095,2.6189705298790945e-05,64,-37649.08699384747,79911562332.97472,79911562282.89012,1.0416666666666667e-06,Exact unknown-amplitude FIM,asymmetric,79,-13.256466474732292,False,unknown_amplitude_exact,,,,2.1081819725736271e+18,79911562409.77301,26381438.54281344,quad_over_lin,1e-12,0.45,4.684848827941393e+18,,,,,,,,,,,,
exact_fim_psl,ok,optimal,0.485545297000499,False,,301.4694752990075,4522042.129485113,0.9999999997216071,3.357142856347449,1346991.2729317294,81193283674.02515,2.141995623335512e+18,2.141995623335512e+18,2.1081819704866417e+18,4.66854361935064e-19,0.10241920907537454,-12.717154994962225,-5.832023278798508,0.028210763229743325,2.864170127597238e-05,64,-35801.136067408086,79911562352.91171,79911562330.6649,1.0416666666666667e-06,Exact FIM + sampled PSL,asymmetric,79,-13.256466474732292,True,unknown_amplitude_exact,,,,2.1081819725736271e+18,79911562409.77301,26381438.54281344,quad_over_lin,1e-12,0.45,4.684848827941393e+18,-13.256466474732292,-13.256466487559912,-12.717154994962225,-5.834952660908077,-1.4322916666666667e-06,-0.5393114797700669,249.0,1985.0,-13.256466474732292,0.2173585239870126,249.0,1.0416666666666667e-06
water_filling,ok,ok,0.0,False,,282.51022239219685,4237653.335882952,0.9999999999996079,3.3571428571417368,1262279.717071939,64765622006.44496,1.7086102766501133e+18,1.7086102766501133e+18,1.5642389585494252e+18,5.852709735309514e-19,0.11467511918734612,-15.422279058071453,-9.215632991574287,0.019337649211291413,3.862894868299369e-05,59,-73976.06464312617,59293163866.38638,59293163866.36313,1.0416666666666667e-06,Water-filling (comm. only),asymmetric,80,-13.256466474732292,False,,,,,,,,,,,,,,,,,,,,,,,
linear_sensing,ok,optimal,0.004878441999608185,False,,272.0024225942355,4080036.3389135324,0.9999999991436971,3.3571428546962774,1215329.9741790867,106548749923.414,2.810909297918144e+18,2.810909297918144e+18,2.5153991109521925e+18,3.5575676552090614e-19,0.08940612889821566,-8.451389813766614,-0.5465646200524825,0.0624999966156086,0.00014097602177082,64,-105836.87103285818,95347306744.62616,95347306662.97998,1.0416666666666667e-06,Linear S(P) (known-amp. surrogate),asymmetric,80,-13.256466474732292,False,known_amplitude_linear,106548750000.0,0.6,177581250000.0,,,,,,,,,,,,,,,,,,,
exact_fim,ok,optimal,0.006874079001136124,False,,279.9947683983642,4199921.525975463,0.9999999994491284,3.3571428555689384,1251040.4551324039,82336576935.60547,2.1721573442523062e+18,2.1721573442523062e+18,2.1081819694660475e+18,4.603718062349747e-19,0.10170564696688505,-12.17831478633638,-5.111086134245653,0.029421538772413762,3.916434754788552e-05,64,-49244.43770582123,79911562335.99985,79911562291.97884,1.0416666666666667e-06,Exact unknown-amplitude FIM,asymmetric,80,-13.256466474732292,False,unknown_amplitude_exact,,,,2.1081819725736271e+18,79911562409.77301,26381438.54281344,quad_over_lin,1e-12,0.45,4.684848827941393e+18,,,,,,,,,,,,
exact_fim_psl,ok,optimal,0.46009542800311465,False,,279.9514440121218,4199271.660181827,0.9999999998382809,3.357142856680803,1250846.8776731277,82144872476.81737,2.1670999048544049e+18,2.1670999048544049e+18,2.108181971536293e+18,4.614461925635977e-19,0.10182425488002848,-12.845266791050262,-5.02816054855704,0.03291179846438577,4.092074228956348e-05,64,-47257.91052010391,79911562383.37561,79911562370.4524,1.0416666666666667e-06,Exact FIM + sampled PSL,asymmetric,80,-13.256466474732292,True,unknown_amplitude_exact,,,,2.1081819725736271e+18,79911562409.77301,26381438.54281344,quad_over_lin,1e-12,0.45,4.684848827941393e+18,-13.256466474732292,-13.25646649518481,-12.834005010807344,-5.0317645502541755,-1.46484375e-06,-0.42246146392494843,249.0,1985.0,-13.256466474732292,0.2173585239870126,249.0,1.0416666666666667e-06
water_filling,ok,ok,0.0,False,,293.2914326539427,4399371.489809141,0.9999999999998157,3.357142857142331,1310451.0820710133,73134465316.06882,1.9293924020973906e+18,1.9293924020973906e+18,1.9029378579351135e+18,5.18297884304368e-19,0.10791465466363763,-14.535986095542675,-8.522657819017578,0.018019113642285586,1.6317092570072972e-05,62,-31666.56123694562,72131694215.50906,72131694215.49577,1.0416666666666667e-06,Water-filling (comm. only),asymmetric,81,-13.256466474732292,False,,,,,,,,,,,,,,,,,,,,,,,
linear_sensing,ok,optimal,0.005673888997989707,False,,285.8185224836582,4287277.8372548735,0.9999999991952321,3.3571428548435205,1277061.4843122924,106548749936.85669,2.810909298272782e+18,2.810909298272782e+18,2.762929346022258e+18,3.5575676547602215e-19,0.08940612889257571,-7.950337472897599,-1.437271840148441,0.04808149304350761,8.035521239023208e-05,64,-42646.23239621916,104730048885.01138,104730048800.728,1.0416666666666667e-06,Linear S(P) (known-amp. surrogate),asymmetric,81,-13.256466474732292,False,known_amplitude_linear,106548750000.0,0.6,177581250000.0,,,,,,,,,,,,,,,,,,,
exact_fim,ok,optimal,0.006753132998710498,False,,292.8530876939674,4392796.31540951,0.9999999994373221,3.3571428555352063,1308492.520110288,80601315407.81085,2.1263786489010834e+18,2.1263786489010834e+18,2.108181970656623e+18,4.702831269100647e-19,0.10279462483308217,-12.39138257854189,-6.7938993373745005,0.021510479463342357,1.6742109649318898e-05,64,-26263.1504410804,79911562382.07262,79911562337.10814,1.0416666666666667e-06,Exact unknown-amplitude FIM,asymmetric,81,-13.256466474732292,False,unknown_amplitude_exact,,,,2.1081819725736271e+18,79911562409.77301,26381438.54281344,quad_over_lin,1e-12,0.45,4.684848827941393e+18,,,,,,,,,,,,
exact_fim_psl,ok,optimal,0.5239514219974808,False,,292.8371732728714,4392557.599093071,0.999999999684628,3.3571428562417944,1308421.4128469909,80573870896.41158,2.1256546232102659e+18,2.1256546232102659e+18,2.1081819687093906e+18,4.704433114772671e-19,0.10281212993760652,-12.750487614416045,-6.799775437220786,0.02217222129479926,1.689064467290594e-05,64,-25735.35764902066,79911562288.4993,79911562263.29744,1.0416666666666667e-06,Exact FIM + sampled PSL,asymmetric,81,-13.256466474732292,True,unknown_amplitude_exact,,,,2.1081819725736271e+18,79911562409.77301,26381438.54281344,quad_over_lin,1e-12,0.45,4.684848827941393e+18,-13.256466474732292,-13.25646654572176,-12.74737395334079,-6.801395134767611,-1.46484375e-06,-0.5090925213915014,249.0,1985.0,-13.256466474732292,0.2173585239870126,249.0,1.0416666666666667e-06
water_filling,ok,ok,0.0,False,,291.69418259483496,4375412.738922524,1.0000000000007745,3.35714285714507,1303314.43286968,70879763094.15291,1.869910113997571e+18,1.869910113997571e+18,1.794625606593741e+18,5.34785064006183e-19,0.10961761329579492,-15.921455966487867,-8.217089772773846,0.018653946990861307,2.858018567136389e-05,60,-53419.96140176339,68026070817.93212,68026070817.98481,1.0416666666666667e-06,Water-filling (comm. only),asymmetric,82,-13.256466474732292,False,,,,,,,,,,,,,,,,,,,,,,,
linear_sensing,ok,optimal,0.005696284999430645,False,,284.01799281544754,4260269.892231713,0.9999999993681031,3.357142855337438,1269016.5643259464,106548749953.67812,2.8109092987165553e+18,2.8109092987165553e+18,2.74085628845087e+18,3.557567654198569e-19,0.08940612888551819,-8.45424190639655,-1.4784331065535534,0.047600378092618044,8.318030617375285e-05,64,-51530.47723498005,103893359936.94113,103893359871.29124,1.0416666666666667e-06,Linear S(P) (known-amp. surrogate),asymmetric,82,-13.256466474732292,False,known_amplitude_linear,106548750000.0,0.6,177581250000.0,,,,,,,,,,,,,,,,,,,
exact_fim,ok,optimal,0.0070774559972051065,False,,290.8910694297628,4363366.041446442,0.9999999995310722,3.3571428558030636,1299726.0554176446,81381810328.04033,2.146969227672096e+18,2.146969227672096e+18,2.1081819713646036e+18,4.657728611621856e-19,0.10230050966204653,-12.959684274100562,-6.3043505365671,0.022525561621847233,2.377638493859921e-05,64,-38343.81260106155,79911562401.41719,79911562363.94444,1.0416666666666667e-06,Exact unknown-amplitude FIM,asymmetric,82,-13.256466474732292,False,unknown_amplitude_exact,,,,2.1081819725736271e+18,79911562409.77301,26381438.54281344,quad_over_lin,1e-12,0.45,4.684848827941393e+18,,,,,,,,,,,,
exact_fim_psl,ok,optimal,0.422310029000073,False,,290.8910695154725,4363366.042732088,0.9999999998618089,3.3571428567480255,1299726.0554347585,81381824440.1767,2.1469695999705539e+18,2.1469695999705539e+18,2.1081819715268485e+18,4.657727803941496e-19,0.10230050079226011,-12.959708512488849,-6.30438105645899,0.0225266485101759,2.377614087056601e-05,64,-38343.996535122154,79911562381.1375,79911562370.09442,1.0416666666666667e-06,Exact FIM + sampled PSL,asymmetric,82,-13.256466474732292,True,unknown_amplitude_exact,,,,2.1081819725736271e+18,79911562409.77301,26381438.54281344,quad_over_lin,1e-12,0.45,4.684848827941393e+18,-13.256466474732292,-13.48875279614619,-12.959708512488849,-6.309581926798897,-1.4322916666666667e-06,-0.29675796224344353,249.0,1985.0,-13.256466474732292,0.2173585239870126,249.0,1.0416666666666667e-06
water_filling,ok,ok,0.0,False,,271.6206551043969,4074309.826565954,1.0000000000004012,3.357142857144004,1213624.203657529,70230974933.99811,1.8527941490231421e+18,1.8527941490231421e+18,1.7579961834124575e+18,5.397253658898021e-19,0.11012276872757552,-15.688661844389827,-8.155148047565238,0.01905885767438761,3.202563135072319e-05,59,-59944.6283576794,66637616465.029625,66637616465.056366,1.0416666666666667e-06,Water-filling (comm. only),asymmetric,83,-13.256466474732292,False,,,,,,,,,,,,,,,,,,,,,,,
linear_sensing,ok,optimal,0.0056149499978346284,False,,263.6141846115395,3954212.769173092,0.999999999369459,3.3571428553413116,1177850.6127261831,106548749948.36548,2.8109092985764004e+18,2.8109092985764004e+18,2.6700770753024225e+18,3.557567654375953e-19,0.08940612888774713,-8.290508339991705,-0.9004212010728132,0.053081991389943795,0.0001113813662682977,64,-73063.72014647267,101210442813.90674,101210442750.08942,1.0416666666666667e-06,Linear S(P) (known-amp. surrogate),asymmetric,83,-13.256466474732292,False,known_amplitude_linear,106548750000.0,0.6,177581250000.0,,,,,,,,,,,,,,,,,,,
exact_fim,ok,optimal,0.006871063000289723,False,,270.54677831219317,4058201.6746828975,0.9999999998675423,3.3571428567644066,1208826.0308928788,81889299496.57745,2.1603575219830016e+18,2.1603575219830016e+18,2.1081819729403366e+18,4.628863462757293e-19,0.10198302565646347,-12.391410043609676,-5.615270087691082,0.025021521723358694,3.2547695637572494e-05,64,-44471.755903788304,79911562434.2582,79911562423.6733,1.0416666666666667e-06,Exact unknown-amplitude FIM,asymmetric,83,-13.256466474732292,False,unknown_amplitude_exact,,,,2.1081819725736271e+18,79911562409.77301,26381438.54281344,quad_over_lin,1e-12,0.45,4.684848827941393e+18,,,,,,,,,,,,
exact_fim_psl,ok,optimal,0.4758857230008289,False,,270.53666458001896,4058049.9687002846,0.9999999997418325,3.357142856405236,1208780.8420060999,81815875233.67691,2.1584204843037394e+18,2.1584204843037394e+18,2.1081819700629665e+18,4.633017557385621e-19,0.10202877685828307,-12.706614909083276,-5.6052455646855375,0.025852476659512857,3.2850381677722135e-05,64,-43638.43397239663,79911562335.23589,79911562314.60532,1.0416666666666667e-06,Exact FIM + sampled PSL,asymmetric,83,-13.256466474732292,True,unknown_amplitude_exact,,,,2.1081819725736271e+18,79911562409.77301,26381438.54281344,quad_over_lin,1e-12,0.45,4.684848827941393e+18,-13.256466474732292,-13.2564665484776,-12.706614909083276,-5.611029293058954,-1.4322916666666667e-06,-0.5498515656490159,249.0,1985.0,-13.256466474732292,0.2173585239870126,249.0,1.0416666666666667e-06
water_filling,ok,ok,0.0,False,,285.4282349661125,4281423.524491687,0.9999999999996319,3.3571428571418056,1275317.645593668,71568470486.92216,1.8880792057538944e+18,1.8880792057538944e+18,1.8209588548223555e+18,5.2963879743631215e-19,0.10908891007520263,-16.075320335108373,-7.948917517578068,0.018750618521153825,2.924235950698341e-05,60,-50440.32458198845,69024244143.01216,69024244142.98676,1.0416666666666667e-06,Water-filling (comm. only),asymmetric,84,-13.256466474732292,False,,,,,,,,,,,,,,,,,,,,,,,
linear_sensing,ok,optimal,0.0055639230013184715,False,,277.9237654485679,4168856.4817285184,0.9999999993982247,3.357142855423499,1241787.0377466027,106548749951.48293,2.810909298658643e+18,2.810909298658643e+18,2.725199252178201e+18,3.5575676542718644e-19,0.08940612888643919,-8.48045823356405,-1.0527599092985227,0.04914868952353143,9.950675603557832e-05,64,-56998.920252162796,103299873105.68892,103299873043.5256,1.0416666666666667e-06,Linear S(P) (known-amp. surrogate),asymmetric,84,-13.256466474732292,False,known_amplitude_linear,106548750000.0,0.6,177581250000.0,,,,,,,,,,,,,,,,,,,
exact_fim,ok,optimal,0.007426555999700213,False,,284.69650301713835,4270447.545257076,0.9999999996742044,3.357142856212013,1272048.205322897,81411064074.25098,2.1477409835798991e+18,2.1477409835798991e+18,2.1081819805937943e+18,4.656054932346541e-19,0.10228212799567621,-13.049045016047241,-5.846688507969167,0.0227367626705134,2.978339845291111e-05,64,-38723.395524650914,79911562739.8158,79911562713.78096,1.0416666666666667e-06,Exact unknown-amplitude FIM,asymmetric,84,-13.256466474732292,False,unknown_amplitude_exact,,,,2.1081819725736271e+18,79911562409.77301,26381438.54281344,quad_over_lin,1e-12,0.45,4.684848827941393e+18,,,,,,,,,,,,
exact_fim_psl,ok,optimal,0.4454909330015653,False,,284.69650307010323,4270447.546051549,0.999999999708058,3.3571428563087373,1272048.205522899,81411137858.52388,2.1477429301151603e+18,2.1477429301151603e+18,2.1081819703956204e+18,4.656050712486251e-19,0.1022820816456659,-13.04907676468855,-5.8466552887023,0.022736553353044787,2.9783983944974552e-05,64,-38724.35321276481,79911562350.54425,79911562327.2147,1.0416666666666667e-06,Exact FIM + sampled PSL,asymmetric,84,-13.256466474732292,False,unknown_amplitude_exact,,,,2.1081819725736271e+18,79911562409.77301,26381438.54281344,quad_over_lin,1e-12,0.45,4.684848827941393e+18,-13.256466474732292,-13.63516700648443,-13.04907676468855,-5.85232746209865,-1.4322916666666667e-06,-0.20738971004374207,249.0,1985.0,-13.256466474732292,0.2173585239870126,249.0,1.0416666666666667e-06
water_filling,ok,ok,0.0,False,,280.8799378930123,4213199.068395184,0.9999999999995104,3.3571428571414583,1254995.4671820672,69235721878.45679,1.8265379417038316e+18,1.8265379417038316e+18,1.774808497637213e+18,5.474838365893345e-19,0.11091144366220354,-15.602384126227683,-9.138019252802415,0.018395421490573383,2.221789914815142e-05,61,-44281.229297606915,67274894610.383446,67274894610.35051,1.0416666666666667e-06,Water-filling (comm. only),asymmetric,85,-13.256466474732292,False,,,,,,,,,,,,,,,,,,,,,,,
linear_sensing,ok,optimal,0.0055038739992596675,False,,272.2292924170497,4083439.3862557453,0.999999999126906,3.357142854648303,1216343.6478736112,106548749925.05353,2.810909297961398e+18,2.810909297961398e+18,2.7557634893706813e+18,3.557567655154318e-19,0.08940612889752778,-8.503134246892238,-1.416221925100081,0.05048859154130483,8.247753623936331e-05,64,-45720.08383393247,104458423952.2988,104458423861.09677,1.0416666666666667e-06,Linear S(P) (known-amp. surrogate),asymmetric,85,-13.256466474732292,False,known_amplitude_linear,106548750000.0,0.6,177581250000.0,,,,,,,,,,,,,,,,,,,
exact_fim,ok,optimal,0.0068900859987479635,False,,279.87981922372626,4198197.288355893,0.9999999995902307,3.357142855972088,1250526.8522868,80890239098.95007,2.134000871502436e+18,2.134000871502436e+18,2.1081819715261783e+18,4.686033700145367e-19,0.1026108797318893,-12.741881968181668,-6.734305364224329,0.02326743369747074,1.806796576233023e-05,64,-31283.809379327573,79911562402.8143,79911562370.069,1.0416666666666667e-06,Exact unknown-amplitude FIM,asymmetric,85,-13.256466474732292,False,unknown_amplitude_exact,,,,2.1081819725736271e+18,79911562409.77301,26381438.54281344,quad_over_lin,1e-12,0.45,4.684848827941393e+18,,,,,,,,,,,,
exact_fim_psl,ok,optimal,0.4854110630003561,False,,279.87825551399413,4198173.832709912,0.9999999996689366,3.357142856196962,1250519.8654148686,80870894360.58496,2.13349052947613e+18,2.13349052947613e+18,2.1081819704413924e+18,4.687154623768336e-19,0.10262315152600816,-12.863532524448871,-6.738134152803642,0.023430212085005148,1.809929089893856e-05,64,-30973.08560593944,79911562355.4055,79911562328.9497,1.0416666666666667e-06,Exact FIM + sampled PSL,asymmetric,85,-13.256466474732292,True,unknown_amplitude_exact,,,,2.1081819725736271e+18,79911562409.77301,26381438.54281344,quad_over_lin,1e-12,0.45,4.684848827941393e+18,-13.256466474732292,-13.256466711082776,-12.84085787942255,-6.740617584277841,-1.46484375e-06,-0.4156085953097417,249.0,1985.0,-13.256466474732292,0.2173585239870126,249.0,1.0416666666666667e-06
water_filling,ok,ok,0.0,False,,298.72237057853613,4480835.558678042,1.0000000000006883,3.357142857144824,1334716.9749245923,69501292022.2977,1.8335440641323766e+18,1.8335440641323766e+18,1.7840850112652882e+18,5.453918558936813e-19,0.11069933998508417,-15.683815332339517,-8.533698252552323,0.018203118355502926,2.5607693757828682e-05,60,-43298.58073650315,67626524928.454384,67626524928.50093,1.0416666666666667e-06,Water-filling (comm. only),asymmetric,86,-13.256466474732292,False,,,,,,,,,,,,,,,,,,,,,,,
linear_sensing,ok,optimal,0.0051805699986289255,False,,289.55981112661294,4343397.166899194,0.9999999995625486,3.357142855892996,1293777.8799835597,106548749965.41464,2.810909299026181e+18,2.810909299026181e+18,2.7332472050787937e+18,3.5575676538066975e-19,0.08940612888059409,-8.36555841314374,-1.1283864127938465,0.053325588939040956,9.384317046439423e-05,64,-54256.941844350506,103604934273.72331,103604934228.40118,1.0416666666666667e-06,Linear S(P) (known-amp. surrogate),asymmetric,86,-13.256466474732292,False,known_amplitude_linear,106548750000.0,0.6,177581250000.0,,,,,,,,,,,,,,,,,,,
exact_fim,ok,optimal,0.00645552500282065,False,,297.5796067939466,4463694.101909199,0.9999999998140972,3.3571428566117065,1329611.0092897003,81034267922.37863,2.1378005590561103e+18,2.1378005590561103e+18,2.108181971992842e+18,4.677704829684972e-19,0.10251964982725985,-12.413468567751789,-5.896517307923757,0.02661385186136271,2.7350734808991595e-05,64,-33506.79833749057,79911562402.61388,79911562387.75809,1.0416666666666667e-06,Exact unknown-amplitude FIM,asymmetric,86,-13.256466474732292,False,unknown_amplitude_exact,,,,2.1081819725736271e+18,79911562409.77301,26381438.54281344,quad_over_lin,1e-12,0.45,4.684848827941393e+18,,,,,,,,,,,,
exact_fim_psl,ok,optimal,0.48651952400177834,False,,297.5637071986638,4463455.607979957,0.9999999996970604,3.357142856277316,1329539.9686772383,80973751547.84213,2.136204050040442e+18,2.136204050040442e+18,2.1081819704584128e+18,4.681200749437153e-19,0.1025579521083484,-12.799721439743443,-5.910665477786643,0.027646758520211843,2.742331390314632e-05,64,-32591.244507828247,79911562353.80324,79911562329.59486,1.0416666666666667e-06,Exact FIM + sampled PSL,asymmetric,86,-13.256466474732292,True,unknown_amplitude_exact,,,,2.1081819725736271e+18,79911562409.77301,26381438.54281344,quad_over_lin,1e-12,0.45,4.684848827941393e+18,-13.256466474732292,-13.256466552095574,-12.788826496195117,-5.912476760806779,-1.46484375e-06,-0.467639978537175,249.0,1985.0,-13.256466474732292,0.2173585239870126,249.0,1.0416666666666667e-06
water_filling,ok,ok,0.0,False,,290.3052249968295,4354578.374952443,1.0000000000007225,3.3571428571449218,1297108.452112696,72954682193.24573,1.924649464691598e+18,1.924649464691598e+18,1.8955220688213724e+18,5.195751321710096e-19,0.10804754055293916,-13.894664681049402,-8.234166739131153,0.018192600653728512,1.911342292078851e-05,62,-33227.80036339837,71850595476.20316,71850595476.25507,1.0416666666666667e-06,Water-filling (comm. only),asymmetric,87,-13.256466474732292,False,,,,,,,,,,,,,,,,,,,,,,,
linear_sensing,ok,optimal,0.005522720999579178,False,,283.0596088157894,4245894.13223684,0.9999999992532671,3.357142855009335,1264734.423172181,106548749947.22128,2.810909298546216e+18,2.810909298546216e+18,2.7823186164799585e+18,3.5575676544141555e-19,0.08940612888822716,-7.955611009442027,-1.7105638609378373,0.04534999900951372,7.04071696934585e-05,64,-32920.24218675671,105465007681.15002,105465007602.39583,1.0416666666666667e-06,Linear S(P) (known-amp. surrogate),asymmetric,87,-13.256466474732292,False,known_amplitude_linear,106548750000.0,0.6,177581250000.0,,,,,,,,,,,,,,,,,,,
exact_fim,ok,optimal,0.006963589999941178,False,,289.86527835451375,4347979.175317707,0.999999999779422,3.3571428565126347,1295142.7333164911,80597452793.01178,2.1262767475661476e+18,2.1262767475661476e+18,2.108181985538144e+18,4.70305665123157e-19,0.10279708800820926,-12.063861421770493,-6.739911583035333,0.021509931957258754,1.7466377900980462e-05,64,-26189.499650897793,79911562918.82544,79911562901.1987,1.0416666666666667e-06,Exact unknown-amplitude FIM,asymmetric,87,-13.256466474732292,False,unknown_amplitude_exact,,,,2.1081819725736271e+18,79911562409.77301,26381438.54281344,quad_over_lin,1e-12,0.45,4.684848827941393e+18,,,,,,,,,,,,
exact_fim_psl,ok,optimal,0.499712233999162,False,,289.79755859119996,4346963.378868,0.9999999998395954,3.3571428566845585,1294840.1555842536,80526989504.0503,2.1244178246388856e+18,2.1244178246388856e+18,2.1081819715261699e+18,4.70717195272066e-19,0.10284205328697488,-12.840743936613002,-6.736506649377216,0.02280320057794119,1.793961216419553e-05,64,-24807.803894749253,79911562382.88686,79911562370.06868,1.0416666666666667e-06,Exact FIM + sampled PSL,asymmetric,87,-13.256466474732292,True,unknown_amplitude_exact,,,,2.1081819725736271e+18,79911562409.77301,26381438.54281344,quad_over_lin,1e-12,0.45,4.684848827941393e+18,-13.256466474732292,-13.25646648999655,-12.821013837313188,-6.738556478075405,-1.46484375e-06,-0.4354526374191039,249.0,1985.0,-13.256466474732292,0.2173585239870126,249.0,1.0416666666666667e-06
water_filling,ok,ok,0.0,False,,290.84114290458956,4362617.143568844,0.9999999999995094,3.3571428571414557,1299502.9789359428,67286642427.792175,1.7751184219610624e+18,1.7751184219610624e+18,1.7025878684934822e+18,5.633426973819864e-19,0.11250635167354198,-14.709380229396414,-9.819479113696982,0.0182129558740094,2.2748263050459625e-05,61,-52433.791053223984,64537339983.61204,64537339983.580376,1.0416666666666667e-06,Water-filling (comm. only),asymmetric,88,-13.256466474732292,False,,,,,,,,,,,,,,,,,,,,,,,
linear_sensing,ok,optimal,0.005663333002303261,False,,280.98694500314684,4214804.175047203,0.9999999993824786,3.3571428553785108,1255473.5847164278,106548749953.24646,2.810909298705168e+18,2.810909298705168e+18,2.714850476185505e+18,3.557567654212981e-19,0.08940612888569928,-8.354265636474713,-1.2858414876604443,0.054640131377371934,9.074385128874677e-05,64,-60341.95725522308,102907598213.65141,102907598150.10378,1.0416666666666667e-06,Linear S(P) (known-amp. surrogate),asymmetric,88,-13.256466474732292,False,known_amplitude_linear,106548750000.0,0.6,177581250000.0,,,,,,,,,,,,,,,,,,,
exact_fim,ok,optimal,0.006636925001657801,False,,289.2297877779856,4338446.8166697845,0.9999999994559893,3.357142855588541,1292303.307691448,81245821154.46075,2.1433816376468183e+18,2.1433816376468183e+18,2.1081819697624205e+18,4.665524713078547e-19,0.10238608911131372,-11.958177604719605,-6.593494109416021,0.024412057364326733,1.900021625609797e-05,64,-36527.50815445292,79911562346.68573,79911562303.21298,1.0416666666666667e-06,Exact unknown-amplitude FIM,asymmetric,88,-13.256466474732292,False,unknown_amplitude_exact,,,,2.1081819725736271e+18,79911562409.77301,26381438.54281344,quad_over_lin,1e-12,0.45,4.684848827941393e+18,,,,,,,,,,,,
exact_fim_psl,ok,optimal,0.4718915470002685,False,,289.1485295191053,4337227.942786579,0.9999999998388898,3.3571428566825423,1291940.2384539978,81068200058.96481,2.138695737632085e+18,2.138695737632085e+18,2.1081819715810929e+18,4.67574691623586e-19,0.1024981921234429,-12.908332821546356,-6.665683894831219,0.02524082020751051,1.8830143384211074e-05,64,-34009.37645709791,79911562385.02513,79911562372.15056,1.0416666666666667e-06,Exact FIM + sampled PSL,asymmetric,88,-13.256466474732292,True,unknown_amplitude_exact,,,,2.1081819725736271e+18,79911562409.77301,26381438.54281344,quad_over_lin,1e-12,0.45,4.684848827941393e+18,-13.256466474732292,-13.256466488015517,-12.87636865352404,-6.66767785039967,-1.46484375e-06,-0.38009782120825264,249.0,1985.0,-13.256466474732292,0.2173585239870126,249.0,1.0416666666666667e-06
water_filling,ok,ok,0.0,False,,292.33789490012475,4385068.4235018715,1.0000000000001947,3.3571428571434137,1306190.5942343834,71897032693.24,1.8967471494073597e+18,1.8967471494073597e+18,1.8589961242692764e+18,5.272184014155239e-19,0.10883936197414386,-13.977075045065021,-9.071720632257975,0.01785116928276409,1.550888317028898e-05,61,-37828.15310167242,70466063526.14244,70466063526.15616,1.0416666666666667e-06,Water-filling (comm. only),asymmetric,89,-13.256466474732292,False,,,,,,,,,,,,,,,,,,,,,,,
linear_sensing,ok,optimal,0.005947907997324364,False,,283.9858322698414,4259787.4840476215,0.9999999992836595,3.35714285509617,1268872.8683622235,106548749944.01138,2.810909298461533e+18,2.810909298461533e+18,2.739509089494468e+18,3.557567654521332e-19,0.0894061288895739,-7.835680274115337,-1.4379035354029044,0.05094238716425306,8.283678132765403e-05,64,-52023.61235093877,103842293778.29582,103842293703.90938,1.0416666666666667e-06,Linear S(P) (known-amp. surrogate),asymmetric,89,-13.256466474732292,False,known_amplitude_linear,106548750000.0,0.6,177581250000.0,,,,,,,,,,,,,,,,,,,
exact_fim,ok,optimal,0.006986816002608975,False,,291.64338180507866,4374650.72707618,0.9999999994014734,3.3571428554327816,1303087.4512822088,80906644643.26018,2.134433673361415e+18,2.134433673361415e+18,2.1081819831242214e+18,4.685083507069812e-19,0.10260047593448879,-11.697365065666697,-6.554568734341933,0.022381794444478614,1.9094964150561774e-05,64,-31544.917723111357,79911562857.52708,79911562809.69789,1.0416666666666667e-06,Exact unknown-amplitude FIM,asymmetric,89,-13.256466474732292,False,unknown_amplitude_exact,,,,2.1081819725736271e+18,79911562409.77301,26381438.54281344,quad_over_lin,1e-12,0.45,4.684848827941393e+18,,,,,,,,,,,,
exact_fim_psl,ok,optimal,0.4324897209990013,False,,291.4878839265245,4372318.258897867,0.9999999998939886,3.3571428568399675,1302392.6729806995,80776015712.3552,2.1309874942488312e+18,2.1309874942488312e+18,2.1081819721352886e+18,4.692660105696669e-19,0.10268340386896199,-12.806622394348214,-6.50756718870236,0.024475487884844722,2.023380688528613e-05,64,-29401.587019908242,79911562401.62914,79911562393.1576,1.0416666666666667e-06,Exact FIM + sampled PSL,asymmetric,89,-13.256466474732292,True,unknown_amplitude_exact,,,,2.1081819725736271e+18,79911562409.77301,26381438.54281344,quad_over_lin,1e-12,0.45,4.684848827941393e+18,-13.256466474732292,-13.256466479282341,-12.793366079857442,-6.5092914043231715,-1.46484375e-06,-0.46310039487485,249.0,1985.0,-13.256466474732292,0.2173585239870126,249.0,1.0416666666666667e-06
water_filling,ok,ok,0.0,False,,278.25736536701913,4173860.480505287,0.9999999999993614,3.357142857141033,1243277.5899384208,70070810063.11801,1.8485687693253012e+18,1.8485687693253012e+18,1.794548739296254e+18,5.409590471254063e-19,0.11024855385542401,-14.30571388726171,-9.64699592365342,0.018223646354956102,1.673476231667114e-05,63,-45250.999257066724,68023157129.399704,68023157129.35626,1.0416666666666667e-06,Water-filling (comm. only),asymmetric,90,-13.256466474732292,False,,,,,,,,,,,,,,,,,,,,,,,
linear_sensing,ok,optimal,0.005428846001450438,False,,270.0448609955391,4050672.914933087,0.9999999991669046,3.357142854762585,1206583.4223249187,106548749933.38284,2.810909298181137e+18,2.810909298181137e+18,2.757184334641732e+18,3.5575676548762097e-19,0.08940612889403317,-7.999773777618869,-1.858389511397093,0.047719435552973644,6.884051201490439e-05,64,-45127.24576948565,104512281711.40855,104512281624.33986,1.0416666666666667e-06,Linear S(P) (known-amp. surrogate),asymmetric,90,-13.256466474732292,False,known_amplitude_linear,106548750000.0,0.6,177581250000.0,,,,,,,,,,,,,,,,,,,
exact_fim,ok,optimal,0.006562972997926408,False,,277.3912145813507,4160868.2187202605,0.9999999995340885,3.3571428558116816,1239407.5550038684,80955093000.62228,2.135711810723664e+18,2.135711810723664e+18,2.10818197019811e+18,4.682279673591168e-19,0.10256977021684066,-11.946875543922797,-7.25853640459672,0.022151329332885106,1.2249234292224345e-05,64,-32303.72550311388,79911562356.95967,79911562319.72795,1.0416666666666667e-06,Exact unknown-amplitude FIM,asymmetric,90,-13.256466474732292,False,unknown_amplitude_exact,,,,2.1081819725736271e+18,79911562409.77301,26381438.54281344,quad_over_lin,1e-12,0.45,4.684848827941393e+18,,,,,,,,,,,,
exact_fim_psl,ok,optimal,0.44917516200075625,False,,277.3061636083022,4159592.454124533,0.9999999997274356,3.357142856364102,1239027.5398138734,80809295563.58887,2.1318654645988664e+18,2.1318654645988664e+18,2.1081819706456837e+18,4.69072751824966e-19,0.10266225753740006,-12.83145812750086,-7.39789954269778,0.02331471929242973,1.1471162481489708e-05,64,-29962.1966340937,79911562358.47452,79911562336.69347,1.0416666666666667e-06,Exact FIM + sampled PSL,asymmetric,90,-13.256466474732292,True,unknown_amplitude_exact,,,,2.1081819725736271e+18,79911562409.77301,26381438.54281344,quad_over_lin,1e-12,0.45,4.684848827941393e+18,-13.256466474732292,-13.25646649319506,-12.814469536549751,-7.400414366418611,-1.46484375e-06,-0.44199693818254104,249.0,1985.0,-13.256466474732292,0.2173585239870126,249.0,1.0416666666666667e-06
water_filling,ok,ok,0.0,False,,303.2491509678055,4548737.264517083,1.0000000000008678,3.3571428571453366,1354943.0149615346,68160708775.809326,1.7981775496036183e+18,1.7981775496036183e+18,1.7478513976121096e+18,5.561186103232327e-19,0.11178265529811944,-14.564197524775127,-9.74156973138587,0.017982353070870323,1.933702615721902e-05,61,-43676.479556544735,66253073909.29691,66253073909.3544,1.0416666666666667e-06,Water-filling (comm. only),asymmetric,91,-13.256466474732292,False,,,,,,,,,,,,,,,,,,,,,,,
linear_sensing,ok,optimal,0.005332202999852598,False,,293.15441062631464,4397316.15939472,0.9999999993211687,3.3571428552033393,1309838.856746648,106548749941.76595,2.8109092984022953e+18,2.8109092984022953e+18,2.7042950470183296e+18,3.557567654596305e-19,0.089406128890516,-8.069055356887286,-1.1848583831155426,0.05724021481866962,9.382573557244339e-05,64,-63570.90503566017,102507490047.04166,102507489977.45636,1.0416666666666667e-06,Linear S(P) (known-amp. surrogate),asymmetric,91,-13.256466474732292,False,known_amplitude_linear,106548750000.0,0.6,177581250000.0,,,,,,,,,,,,,,,,,,,
exact_fim,ok,optimal,0.006884246999106836,False,,301.8417735990122,4527626.603985183,0.9999999993826073,3.357142855378878,1348654.7338106073,81030638058.74416,2.1377047980317187e+18,2.1377047980317187e+18,2.1081819696895532e+18,4.677914373026365e-19,0.10252194604625928,-11.592354176196839,-6.324944022871815,0.023479890661569514,2.1315504893613356e-05,64,-33452.589720142074,79911562349.78772,79911562300.45091,1.0416666666666667e-06,Exact unknown-amplitude FIM,asymmetric,91,-13.256466474732292,False,unknown_amplitude_exact,,,,2.1081819725736271e+18,79911562409.77301,26381438.54281344,quad_over_lin,1e-12,0.45,4.684848827941393e+18,,,,,,,,,,,,
exact_fim_psl,ok,optimal,0.4472993060007866,False,,301.6629734853219,4524944.602279829,0.999999999643185,3.357142856123386,1347855.8393862767,80848850894.20781,2.1329089911226312e+18,2.1329089911226312e+18,2.1081819698139914e+18,4.688432578052296e-19,0.1026371406909179,-12.836858913191904,-6.2760802048613265,0.025811606456580417,2.2661200805333596e-05,64,-30615.169269080598,79911562333.68143,79911562305.16779,1.0416666666666667e-06,Exact FIM + sampled PSL,asymmetric,91,-13.256466474732292,True,unknown_amplitude_exact,,,,2.1081819725736271e+18,79911562409.77301,26381438.54281344,quad_over_lin,1e-12,0.45,4.684848827941393e+18,-13.256466474732292,-13.256466488790384,-12.816170212071345,-6.2769080882520925,-1.46484375e-06,-0.44029626266094724,249.0,1985.0,-13.256466474732292,0.2173585239870126,249.0,1.0416666666666667e-06
water_filling,ok,ok,0.0,False,,286.90946914745507,4303642.037211826,1.000000000000258,3.3571428571435944,1281935.9259777092,72290105112.46765,1.907116965278089e+18,1.907116965278089e+18,1.8504456758706168e+18,5.243516880225454e-19,0.10854305540771077,-15.096218460035239,-7.859138095664841,0.018549281916058227,2.6880280642649907e-05,60,-46348.14002154657,70141955028.99211,70141955029.01021,1.0416666666666667e-06,Water-filling (comm. only),asymmetric,92,-13.256466474732292,False,,,,,,,,,,,,,,,,,,,,,,,
linear_sensing,ok,optimal,0.00523233599960804,False,,279.5712563121298,4193568.8446819466,0.9999999994885016,3.3571428556814333,1249148.1670447816,106548749962.73416,2.8109092989554673e+18,2.8109092989554673e+18,2.744786755162922e+18,3.557567653896195e-19,0.08940612888171866,-8.394763597669572,-1.3049293634946362,0.04631650079000534,8.833295866815616e-05,64,-50063.99932019729,104042345989.30096,104042345936.08347,1.0416666666666667e-06,Linear S(P) (known-amp. surrogate),asymmetric,92,-13.256466474732292,False,known_amplitude_linear,106548750000.0,0.6,177581250000.0,,,,,,,,,,,,,,,,,,,
exact_fim,ok,optimal,0.006863399998110253,False,,286.2962043323523,4294443.064985285,0.9999999995481839,3.3571428558519543,1279195.8070832433,81237414560.06891,2.1431598595935155e+18,2.1431598595935155e+18,2.1081819711666593e+18,4.666007510002852e-19,0.1023913865229877,-12.783519074915414,-6.04749916119514,0.021745430620595026,2.6635852258423473e-05,64,-36412.253490091585,79911562392.5466,79911562356.44127,1.0416666666666667e-06,Exact unknown-amplitude FIM,asymmetric,92,-13.256466474732292,False,unknown_amplitude_exact,,,,2.1081819725736271e+18,79911562409.77301,26381438.54281344,quad_over_lin,1e-12,0.45,4.684848827941393e+18,,,,,,,,,,,,
exact_fim_psl,ok,optimal,0.4979890639988298,False,,286.296004303344,4294440.0645501595,0.9999999996932615,3.3571428562664614,1279194.9131786674,81227934510.14389,2.142909762239036e+18,2.142909762239036e+18,2.1081819720616855e+18,4.666552076159951e-19,0.1023973613587504,-12.82677212170386,-6.047275315860872,0.021777931495104097,2.666116355800388e-05,64,-36281.84284432158,79911562414.87958,79911562390.36763,1.0416666666666667e-06,Exact FIM + sampled PSL,asymmetric,92,-13.256466474732292,True,unknown_amplitude_exact,,,,2.1081819725736271e+18,79911562409.77301,26381438.54281344,quad_over_lin,1e-12,0.45,4.684848827941393e+18,-13.256466474732292,-13.256467196235057,-12.818167206690363,-6.051633593822371,-1.46484375e-06,-0.43829926804192887,249.0,1985.0,-13.256466474732292,0.2173585239870126,249.0,1.0416666666666667e-06
water_filling,ok,ok,0.0,False,,295.669106654437,4435036.599816554,0.9999999999991604,3.3571428571404587,1321074.7318611941,71528290711.43384,1.887019205476185e+18,1.887019205476185e+18,1.8587004715922412e+18,5.299363128355932e-19,0.10911954517428163,-15.545146233844811,-8.125434983172271,0.018284721543047052,2.314812352514713e-05,62,-32763.30309488952,70454856681.80629,70454856681.74715,1.0416666666666667e-06,Water-filling (comm. only),asymmetric,93,-13.256466474732292,False,,,,,,,,,,,,,,,,,,,,,,,
linear_sensing,ok,optimal,0.005672489998687524,False,,287.8461765104422,4317692.6476566335,0.9999999997056389,3.3571428563018255,1286121.2145177922,106548749979.07974,2.810909299386687e+18,2.810909299386687e+18,2.783103142699177e+18,3.557567653350431e-19,0.08940612887486081,-8.325075229226186,-1.5543201996883813,0.04731600498658707,7.469199961032174e-05,64,-32465.43649063866,105494745443.91585,105494745412.8623,1.0416666666666667e-06,Linear S(P) (known-amp. surrogate),asymmetric,93,-13.256466474732292,False,known_amplitude_linear,106548750000.0,0.6,177581250000.0,,,,,,,,,,,,,,,,,,,
exact_fim,ok,optimal,0.00712189800105989,False,,295.05526206609125,4425828.930991368,0.9999999994713042,3.357142855632298,1318332.0225906174,80535866368.79926,2.124652009100713e+18,2.124652009100713e+18,2.1081819708241828e+18,4.706653116447353e-19,0.10283638537653927,-12.851379844249651,-6.40293009965748,0.02238502966730634,2.1338393993774327e-05,64,-24986.076636193953,79911562385.70847,79911562343.45956,1.0416666666666667e-06,Exact unknown-amplitude FIM,asymmetric,93,-13.256466474732292,False,unknown_amplitude_exact,,,,2.1081819725736271e+18,79911562409.77301,26381438.54281344,quad_over_lin,1e-12,0.45,4.684848827941393e+18,,,,,,,,,,,,
exact_fim_psl,ok,optimal,0.5053116730014153,False,,295.05526215965295,4425828.932394794,0.9999999998139624,3.357142856611321,1318332.022624202,80535887550.29547,2.1246525678990538e+18,2.1246525678990538e+18,2.1081819716119258e+18,4.706651878564985e-19,0.10283637185319758,-12.851316903295052,-6.4029326117914644,0.022385146147535524,2.133830528878158e-05,64,-24986.49989679089,79911562388.18585,79911562373.31929,1.0416666666666667e-06,Exact FIM + sampled PSL,asymmetric,93,-13.256466474732292,True,unknown_amplitude_exact,,,,2.1081819725736271e+18,79911562409.77301,26381438.54281344,quad_over_lin,1e-12,0.45,4.684848827941393e+18,-13.256466474732292,-13.332008498643756,-12.843172555800479,-6.4043800753206686,-1.46484375e-06,-0.41329391893181366,249.0,1985.0,-13.256466474732292,0.2173585239870126,249.0,1.0416666666666667e-06
water_filling,ok,ok,0.0,False,,301.2425087731797,4518637.631597695,0.9999999999998077,3.357142857142308,1345977.166859108,70380358845.36772,1.8567351115002248e+18,1.8567351115002248e+18,1.8214312826157873e+18,5.38579786532937e-19,0.11000583760753868,-13.93921951920481,-9.095835791005777,0.017935887789523257,1.7651878080033405e-05,62,-36581.51335912742,69042151725.73724,69042151725.72397,1.0416666666666667e-06,Water-filling (comm. only),asymmetric,94,-13.256466474732292,False,,,,,,,,,,,,,,,,,,,,,,,
linear_sensing,ok,optimal,0.005670989001373528,False,,292.35921023611047,4385388.153541657,0.9999999991195307,3.357142854627231,1306285.8339487016,106548749927.12653,2.8109092980160865e+18,2.8109092980160865e+18,2.7494357260600156e+18,3.5575676550851023e-19,0.08940612889665803,-7.878079031257829,-1.401957684516609,0.05199101432538702,8.215817525729786e-05,64,-48271.96610872177,104218567308.93784,104218567217.17659,1.0416666666666667e-06,Linear S(P) (known-amp. surrogate),asymmetric,94,-13.256466474732292,False,known_amplitude_linear,106548750000.0,0.6,177581250000.0,,,,,,,,,,,,,,,,,,,
exact_fim,ok,optimal,0.0064082789976964705,False,,300.3385278089204,4505077.917133806,0.9999999994817299,3.3571428556620857,1341938.1035679306,80777558405.6615,2.131028192717482e+18,2.131028192717482e+18,2.1081819701682734e+18,4.692570485070882e-19,0.10268242333823491,-11.431177982302474,-6.454584980279801,0.023195649511772398,1.967830912086608e-05,64,-29427.811463194073,79911562360.01279,79911562318.59702,1.0416666666666667e-06,Exact unknown-amplitude FIM,asymmetric,94,-13.256466474732292,False,unknown_amplitude_exact,,,,2.1081819725736271e+18,79911562409.77301,26381438.54281344,quad_over_lin,1e-12,0.45,4.684848827941393e+18,,,,,,,,,,,,
exact_fim_psl,ok,optimal,0.4877412030000414,False,,300.10839477739796,4501625.921660969,0.9999999997584152,3.357142856452615,1340909.8492810915,80608380219.98285,2.126565028809216e+18,2.126565028809216e+18,2.1081819708767908e+18,4.702419095831537e-19,0.10279012008662965,-12.85394527464096,-6.537696538699852,0.0251863298870916,1.964917402937276e-05,64,-26397.30809566612,79911562364.7591,79911562345.45367,1.0416666666666667e-06,Exact FIM + sampled PSL,asymmetric,94,-13.256466474732292,True,unknown_amplitude_exact,,,,2.1081819725736271e+18,79911562409.77301,26381438.54281344,quad_over_lin,1e-12,0.45,4.684848827941393e+18,-13.256466474732292,-13.256466482256995,-12.828649185761478,-6.538257934178473,-1.46484375e-06,-0.4278172889708145,249.0,1985.0,-13.256466474732292,0.2173585239870126,249.0,1.0416666666666667e-06
water_filling,ok,ok,0.0,False,,305.1844750013718,4577767.125020578,1.0000000000006262,3.3571428571446464,1363590.2074522113,71205528777.6916,1.8785042813572047e+18,1.8785042813572047e+18,1.835228990805272e+18,5.323384194139327e-19,0.1093665752514044,-14.638200742205287,-8.64964396613617,0.018091809892280483,2.055301451293286e-05,61,-40501.46751384949,69565159906.87161,69565159906.91518,1.0416666666666667e-06,Water-filling (comm. only),asymmetric,95,-13.256466474732292,False,,,,,,,,,,,,,,,,,,,,,,,
linear_sensing,ok,optimal,0.005918446000578115,False,,296.95134184350013,4454270.127652502,0.9999999994012312,3.3571428554320892,1326803.8684875101,106548749954.26653,2.8109092987320786e+18,2.8109092987320786e+18,2.748750781333767e+18,3.557567654178922e-19,0.08940612888527132,-8.106802963549201,-1.3764368644318639,0.050051298600372544,8.431616241167756e-05,64,-48540.14697954068,104192604149.26918,104192604086.8819,1.0416666666666667e-06,Linear S(P) (known-amp. surrogate),asymmetric,95,-13.256466474732292,False,known_amplitude_linear,106548750000.0,0.6,177581250000.0,,,,,,,,,,,,,,,,,,,
exact_fim,ok,optimal,0.00664216799850692,False,,304.43979550126016,4566596.932518902,0.9999999995698139,3.357142855913754,1360262.916567474,80892342564.11943,2.134056363939529e+18,2.134056363939529e+18,2.1081819675480481e+18,4.68591184796062e-19,0.10260954561417297,-12.165527177032311,-6.508414356213192,0.022458441712029244,2.0033167620172573e-05,64,-31317.412812445546,79911562253.65306,79911562219.27621,1.0416666666666667e-06,Exact unknown-amplitude FIM,asymmetric,95,-13.256466474732292,False,unknown_amplitude_exact,,,,2.1081819725736271e+18,79911562409.77301,26381438.54281344,quad_over_lin,1e-12,0.45,4.684848827941393e+18,,,,,,,,,,,,
exact_fim_psl,ok,optimal,0.4898127169981308,False,,304.3970925354784,4565956.3880321765,0.9999999996818904,3.3571428562339727,1360072.115952267,80814304581.59897,2.1319976096996593e+18,2.1319976096996593e+18,2.1081819703401014e+18,4.690436778401796e-19,0.10265907589110485,-12.768529313076005,-6.53441161670937,0.023442825388911487,2.0099191947299223e-05,64,-30045.669517850678,79911562350.53088,79911562325.11024,1.0416666666666667e-06,Exact FIM + sampled PSL,asymmetric,95,-13.256466474732292,True,unknown_amplitude_exact,,,,2.1081819725736271e+18,79911562409.77301,26381438.54281344,quad_over_lin,1e-12,0.45,4.684848827941393e+18,-13.256466474732292,-13.256466520322652,-12.764374861049305,-6.536939163185207,-1.46484375e-06,-0.49209161368298737,249.0,1985.0,-13.256466474732292,0.2173585239870126,249.0,1.0416666666666667e-06
water_filling,ok,ok,0.0,False,,275.25167613731907,4128775.142059786,0.9999999999997419,3.35714285714212,1229847.9146563765,67855113596.6478,1.7901155091655885e+18,1.7901155091655885e+18,1.7358685111688942e+18,5.586231697786484e-19,0.11203408708970417,-14.332892640338649,-8.807246006866027,0.018621811747324427,2.6115636434174103e-05,60,-45345.961828302476,65798857342.53145,65798857342.514465,1.0416666666666667e-06,Water-filling (comm. only),asymmetric,96,-13.256466474732292,False,,,,,,,,,,,,,,,,,,,,,,,
linear_sensing,ok,optimal,0.005503721000422956,False,,265.7660186349357,3986490.2795240353,0.9999999996263851,3.357142856075386,1187465.1900230357,106548749968.38208,2.810909299104467e+18,2.810909299104467e+18,2.702319370602271e+18,3.5575676537076166e-19,0.08940612887934907,-8.064033632305724,-0.790595633957424,0.05821257225706232,0.00010832339169601431,64,-64157.219964950134,102432601134.5593,102432601096.28894,1.0416666666666667e-06,Linear S(P) (known-amp. surrogate),asymmetric,96,-13.256466474732292,False,known_amplitude_linear,106548750000.0,0.6,177581250000.0,,,,,,,,,,,,,,,,,,,
exact_fim,ok,optimal,0.007117154000297887,False,,273.8772885977088,4108159.328965632,0.9999999996664664,3.357142856189904,1223707.034507335,81074504079.78825,2.1388620467700111e+18,2.1388620467700111e+18,2.108181970708481e+18,4.6753833493382315e-19,0.10249420712652037,-11.486240543914796,-5.870015056830507,0.025156614615855544,2.6922607004138347e-05,64,-34101.931633007334,79911562365.72702,79911562339.07382,1.0416666666666667e-06,Exact unknown-amplitude FIM,asymmetric,96,-13.256466474732292,False,unknown_amplitude_exact,,,,2.1081819725736271e+18,79911562409.77301,26381438.54281344,quad_over_lin,1e-12,0.45,4.684848827941393e+18,,,,,,,,,,,,
exact_fim_psl,ok,optimal,0.43963057499786373,False,,273.69524550779124,4105428.6826168685,0.9999999998697491,3.357142856770712,1222893.6502767547,80864191724.44121,2.1333137042926285e+18,2.1333137042926285e+18,2.1081819728013773e+18,4.687543130613242e-19,0.1026274045295754,-12.867309380772294,-5.922242595691879,0.026791803841674632,2.719288991618611e-05,64,-30864.693521227397,79911562428.81454,79911562418.40599,1.0416666666666667e-06,Exact FIM + sampled PSL,asymmetric,96,-13.256466474732292,True,unknown_amplitude_exact,,,,2.1081819725736271e+18,79911562409.77301,26381438.54281344,quad_over_lin,1e-12,0.45,4.684848827941393e+18,-13.256466474732292,-13.256466479383773,-12.840756010181805,-5.923289382467027,-1.46484375e-06,-0.41571046455048766,249.0,1985.0,-13.256466474732292,0.2173585239870126,249.0,1.0416666666666667e-06
water_filling,ok,ok,0.0,False,,255.63546540564477,3834531.9810846713,1.0000000000001663,3.3571428571433324,1142201.015642081,69286646932.44131,1.8278814178858138e+18,1.8278814178858138e+18,1.681130498821803e+18,5.470814409594644e-19,0.11087067671989731,-14.97695423768928,-7.632977652355181,0.020305070952019735,4.4743558843452e-05,58,-74583.22839882356,63723988974.03871,63723988974.04931,1.0416666666666667e-06,Water-filling (comm. only),asymmetric,97,-13.256466474732292,False,,,,,,,,,,,,,,,,,,,,,,,
linear_sensing,ok,optimal,0.005484829998749774,False,,247.96852930521504,3719527.939578226,0.9999999992787503,3.357142855082144,1107944.4933204115,106548749938.77155,2.810909298323299e+18,2.810909298323299e+18,2.610615283048272e+18,3.5575676546962855e-19,0.08940612889177231,-8.574390281796338,-0.8897572831792643,0.05457892890935944,0.00012093951450383139,64,-87133.4178834589,98956517503.56633,98956517432.19397,1.0416666666666667e-06,Linear S(P) (known-amp. surrogate),asymmetric,97,-13.256466474732292,False,known_amplitude_linear,106548750000.0,0.6,177581250000.0,,,,,,,,,,,,,,,,,,,
exact_fim,ok,optimal,0.006555788000696339,False,,254.33775139671764,3815066.2709507644,0.9999999995666109,3.357142855904603,1136402.7194257635,82586420632.99928,2.1787485804004104e+18,2.1787485804004104e+18,2.1081819703201004e+18,4.58979071286977e-19,0.1015516884708208,-12.788512033892568,-5.1932854888331415,0.029241023171695482,4.029368869776482e-05,64,-51719.03237500159,79911562358.98488,79911562324.35208,1.0416666666666667e-06,Exact unknown-amplitude FIM,asymmetric,97,-13.256466474732292,False,unknown_amplitude_exact,,,,2.1081819725736271e+18,79911562409.77301,26381438.54281344,quad_over_lin,1e-12,0.45,4.684848827941393e+18,,,,,,,,,,,,
exact_fim_psl,ok,optimal,0.44961319899812224,False,,254.33775146604492,3815066.2719906736,0.9999999998342214,3.357142856669204,1136402.7194767038,82586508469.177,2.1787508976451346e+18,2.1787508976451346e+18,2.1081819714412413e+18,4.589785831325796e-19,0.10155163446736011,-12.788412639719965,-5.193288305386296,0.02924111335939072,4.029353334658591e-05,64,-51719.88111713936,79911562380.09706,79911562366.84943,1.0416666666666667e-06,Exact FIM + sampled PSL,asymmetric,97,-13.256466474732292,True,unknown_amplitude_exact,,,,2.1081819725736271e+18,79911562409.77301,26381438.54281344,quad_over_lin,1e-12,0.45,4.684848827941393e+18,-13.256466474732292,-13.321283097701693,-12.788412639719965,-5.202662245433713,-1.4322916666666667e-06,-0.4680538350123271,249.0,1985.0,-13.256466474732292,0.2173585239870126,249.0,1.0416666666666667e-06
water_filling,ok,ok,0.0,False,,291.86232183520895,4377934.827528134,0.9999999999992525,3.3571428571407216,1304065.6933070822,71995713507.56311,1.8993504912457795e+18,1.8993504912457795e+18,1.863980395953339e+18,5.264957703220443e-19,0.10876474614505928,-14.823964930510956,-9.159981347780894,0.017841267561068058,1.5039911391243866e-05,62,-36615.82959469072,70654994530.70949,70654994530.65668,1.0416666666666667e-06,Water-filling (comm. only),asymmetric,98,-13.256466474732292,False,,,,,,,,,,,,,,,,,,,,,,,
linear_sensing,ok,optimal,0.005652851003105752,False,,283.62638249176257,4254395.737376438,0.9999999994603351,3.3571428556009577,1267266.8159707682,106548749955.90413,2.8109092987752806e+18,2.8109092987752806e+18,2.752520006985384e+18,3.5575676541242443e-19,0.08940612888458425,-7.975518383397615,-1.576749339622727,0.05008296325273481,7.717853202700287e-05,64,-47045.42186597408,104335478294.85728,104335478238.55109,1.0416666666666667e-06,Linear S(P) (known-amp. surrogate),asymmetric,98,-13.256466474732292,False,known_amplitude_linear,106548750000.0,0.6,177581250000.0,,,,,,,,,,,,,,,,,,,
exact_fim,ok,optimal,0.006804239001212409,False,,291.23075726605435,4368461.3589908155,0.9999999994942665,3.3571428556979046,1301243.809621164,80770929713.05728,2.1308533182709245e+18,2.1308533182709245e+18,2.108181970161399e+18,4.692955594012672e-19,0.10268663671214487,-12.300991069826466,-6.89074651903114,0.021961801491373494,1.5891290042814233e-05,64,-29314.96878994497,79911562358.7504,79911562318.33644,1.0416666666666667e-06,Exact unknown-amplitude FIM,asymmetric,98,-13.256466474732292,False,unknown_amplitude_exact,,,,2.1081819725736271e+18,79911562409.77301,26381438.54281344,quad_over_lin,1e-12,0.45,4.684848827941393e+18,,,,,,,,,,,,
exact_fim_psl,ok,optimal,0.4324379220015544,False,,291.20068190881875,4368010.228632282,0.9999999997153896,3.3571428563296846,1301109.4301205173,80716034346.758,2.1294050995386148e+18,2.1294050995386148e+18,2.1081819705840978e+18,4.696147295865278e-19,0.10272154961678952,-12.77749050893582,-6.872088214737305,0.02311392640547082,1.6333050235803704e-05,64,-28363.215837206102,79911562357.10269,79911562334.35902,1.0416666666666667e-06,Exact FIM + sampled PSL,asymmetric,98,-13.256466474732292,True,unknown_amplitude_exact,,,,2.1081819725736271e+18,79911562409.77301,26381438.54281344,quad_over_lin,1e-12,0.45,4.684848827941393e+18,-13.256466474732292,-13.2564665138712,-12.77061849367029,-6.874177547835883,-1.46484375e-06,-0.4858479810620029,249.0,1985.0,-13.256466474732292,0.2173585239870126,249.0,1.0416666666666667e-06
water_filling,ok,ok,0.0,False,,270.56185190837084,4058427.778625563,0.9999999999999036,3.357142857142582,1208893.380867288,73082795524.6036,1.9280292786693312e+18,1.9280292786693312e+18,1.8773064792244713e+18,5.186643227172206e-19,0.10795279594203733,-14.736967165254992,-8.44015563359543,0.018358687561306555,1.9871993094839094e-05,61,-43848.260651490215,71160125562.44962,71160125562.44276,1.0416666666666667e-06,Water-filling (comm. only),asymmetric,99,-13.256466474732292,False,,,,,,,,,,,,,,,,,,,,,,,
linear_sensing,ok,optimal,0.005483463002747158,False,,263.13013725109386,3946952.058766408,0.9999999990290793,3.3571428543687984,1175687.8482636104,106548749914.35782,2.8109092976792294e+18,2.8109092976792294e+18,2.7247990503876833e+18,3.557567655511438e-19,0.08940612890201521,-7.863662740730767,-1.3568449315339162,0.05056959818863674,8.763213324524736e-05,64,-57131.836119773674,103284703319.39153,103284703219.11028,1.0416666666666667e-06,Linear S(P) (known-amp. surrogate),asymmetric,99,-13.256466474732292,False,known_amplitude_linear,106548750000.0,0.6,177581250000.0,,,,,,,,,,,,,,,,,,,
exact_fim,ok,optimal,0.0068258379978942685,False,,270.04213582371784,4050632.0373557676,0.999999999222725,3.3571428549220714,1206571.2459679628,81143657864.97513,2.1406864231039217e+18,2.1406864231039217e+18,2.108181968993778e+18,4.671398805575804e-19,0.10245052303985859,-12.31438633972368,-6.560960250923035,0.02231509139020837,2.0043771605836745e-05,64,-35101.219236025914,79911562336.19052,79911562274.07726,1.0416666666666667e-06,Exact unknown-amplitude FIM,asymmetric,99,-13.256466474732292,False,unknown_amplitude_exact,,,,2.1081819725736271e+18,79911562409.77301,26381438.54281344,quad_over_lin,1e-12,0.45,4.684848827941393e+18,,,,,,,,,,,,
exact_fim_psl,ok,optimal,0.4684183919998759,False,,270.02518924198944,4050377.8386298413,0.9999999997624379,3.3571428564641086,1206495.5266443081,81089906980.50885,2.1392683974487526e+18,2.1392683974487526e+18,2.108181971418751e+18,4.674495267599799e-19,0.10248447235723158,-12.6859400470439,-6.545155751581694,0.023284971934945126,2.0370170056576402e-05,64,-34327.02455488767,79911562384.98088,79911562365.99692,1.0416666666666667e-06,Exact FIM + sampled PSL,asymmetric,99,-13.256466474732292,True,unknown_amplitude_exact,,,,2.1081819725736271e+18,79911562409.77301,26381438.54281344,quad_over_lin,1e-12,0.45,4.684848827941393e+18,-13.256466474732292,-13.256466512869949,-12.6859400470439,-6.549624519569068,-1.4322916666666667e-06,-0.5705264276883923,249.0,1985.0,-13.256466474732292,0.2173585239870126,249.0,1.0416666666666667e-06
