realization,method,label,status,solver_status,solver_name,solve_time_s,error,rate_spectral_efficiency,rate_bps,tx_power_w,system_power_w,energy_efficiency_bit_per_j,sensing_surrogate,delay_fim_per_s2,delay_fim_known_amplitude_per_s2,delay_fim_unknown_amplitude_per_s2,delay_crb_s2,range_rmse_bound_m,psl_db,isl_db,peak_power_w,power_variance_w2,num_active_subcarriers,meets_requirements,max_violation,violated_constraints,slack_power_nonnegative,slack_peak_power,slack_total_power,slack_min_rate,slack_min_sensing,water_level_w,solver_inaccurate,dinkelbach_iterations,dinkelbach_converged,dinkelbach_q_final_bit_per_j,dinkelbach_final_residual_bps,dinkelbach_enforces_min_rate,min_rate_se,gamma_s,water_filling_capacity_se,mean_channel_gain
0,uniform,Uniform,ok,closed_form,numpy,2.3959996724443045e-06,,327.2876577921015,4909314.866881523,1.0,3.357142857142857,1462349.109283858,76781250000.0,2.0255998281153943e+18,2.0255998281153943e+18,2.0255998281153943e+18,4.936809265680052e-19,0.10532073506634214,-13.256466474732292,-9.684463547443015,0.015625,0.0,64,False,29767500000.0,min_sensing,0.015625,0.046875,0.0,32.36762851670335,-29767500000.0,,,,,,,,294.9200292753982,106548750000.0,327.6889214171091,9.085419453108105e-13
0,water_filling,Water-filling (comm. only),ok,closed_form,numpy,0.0001632970001992362,,327.6889214171091,4915333.821256637,1.0000000000001734,3.357142857143353,1464141.9893102713,76079196041.90334,2.0070786347661286e+18,2.0070786347661286e+18,2.0067254018385695e+18,4.982365826023171e-19,0.10580556564401121,-12.70806010536408,-9.298790732650705,0.016452416113279963,3.0585857640229015e-06,64,False,30469553958.096664,min_sensing,0.004881347546767558,0.046047583886720034,-1.7341683644644945e-13,32.76889214171092,-30469553958.096664,0.016554853047678536,,,,,,,294.9200292753982,106548750000.0,327.6889214171091,9.085419453108105e-13
0,edge_weighted,Edge-weighted (∝ w_k),ok,closed_form,numpy,3.3654999697319e-05,,275.3248906481222,4129873.3597218334,1.0,3.357142857142857,1230175.0433213972,138161250000.0,3.644892525873283e+18,3.644892525873283e+18,3.644892525873283e+18,2.7435651199630616e-19,0.07851422418531084,-2.549921626385729,1.7017770590097698,0.045432692307692306,0.0001951694139194139,64,False,19.595138627275958,min_rate,1.1446886446886447e-05,0.017067307692307694,0.0,-19.595138627275958,31612500000.0,,,,,,,,294.9200292753982,106548750000.0,327.6889214171091,9.085419453108105e-13
0,sensing_optimal,Sensing-optimal (max S),ok,closed_form,numpy,2.5412000013602665e-05,,107.66465002963176,1614969.7504444763,1.0,3.357142857142857,481054.81928133336,177581250000.0,4.684848833230989e+18,4.684848833230989e+18,4.684848833230989e+18,2.1345405915911532e-19,0.0692536896294432,-0.2904600964737499,5.960647967914347,0.0625,0.000732421875,16,False,187.25537924576642,min_rate,0.0,0.0,0.0,-187.25537924576642,71032500000.0,,,,,,,,294.9200292753982,106548750000.0,327.6889214171091,9.085419453108105e-13
0,min_power_isac,Min-power ISAC,ok,optimal,CLARABEL,0.007897415999650548,,294.9200318581008,4423800.477871512,0.8435689537747215,2.910197010784919,1520103.4368042164,106548750027.72464,2.8109093006700093e+18,2.8109093006700093e+18,2.810483638633479e+18,3.5575676517262213e-19,0.0894061288544516,-5.696404936540683,1.4700144801644015,0.0601865391339648,0.00012557378195663884,64,True,0.0,,2.993949661457992e-10,0.0023134608660351982,0.15643104622527848,2.5827026206570736e-06,27.724639892578125,,False,,,,,,294.9200292753982,106548750000.0,327.6889214171091,9.085419453108105e-13
0,max_rate_isac,Max-rate ISAC,ok,optimal,CLARABEL,0.005298418000165839,,320.6432295092711,4809648.442639067,0.9999999987491299,3.3571428535689427,1432661.239758082,106548749899.77847,2.8109092972946053e+18,2.8109092972946053e+18,2.810554641235176e+18,3.5575676559982295e-19,0.08940612890813204,-7.623948950543655,-2.2593530231226326,0.0386353710342845,5.189018682874757e-05,64,True,100.22152709960938,,1.3371241038237626e-09,0.0238646289657155,1.25087007418756e-09,25.723200233872944,-100.22152709960938,,False,,,,,,294.9200292753982,106548750000.0,327.6889214171091,9.085419453108105e-13
0,dinkelbach_ee_isac,Dinkelbach EE-ISAC,ok,optimal,CLARABEL,0.016210179000154312,,270.6598118079305,4059897.1771189575,0.7439178173524437,2.625479478149839,1546345.0432223314,106548749949.17184,2.8109092985976735e+18,2.8109092985976735e+18,2.810716225368017e+18,3.557567654349029e-19,0.08940612888740881,-4.221949326360762,3.869852080758644,0.06249999968916492,0.00019352443202196165,64,False,50.828155517578125,min_rate,1.3597854454505928e-11,3.108350798974868e-10,0.25608218264755633,-24.26021746746767,-50.828155517578125,,False,5.0,True,1546345.0432146734,2.0106323063373566e-05,False,294.9200292753982,106548750000.0,327.6889214171091,9.085419453108105e-13
0,dinkelbach_ee_rmin_isac,Dinkelbach EE-ISAC (+R_min),ok,optimal,CLARABEL,0.011002801999438816,,294.9200295438916,4423800.443158374,0.8435689413132974,2.91019697518085,1520103.4434734315,106548749931.94553,2.8109092981432187e+18,2.8109092981432187e+18,2.8104829365717207e+18,3.5575676549242e-19,0.0894061288946362,-5.696359229433878,1.469998376163195,0.060186464473827014,0.00012557325877617732,64,True,68.05447387695312,,4.647305097295888e-11,0.0023135355261729856,0.1564310586867026,2.684934088392765e-07,-68.05447387695312,,False,3.0,True,1520103.4432593838,0.0006229206919670105,True,294.9200292753982,106548750000.0,327.6889214171091,9.085419453108105e-13
1,uniform,Uniform,ok,closed_form,numpy,1.9180001800123136e-06,,334.66422654497006,5019963.398174551,1.0,3.357142857142857,1495308.24626476,76781250000.0,2.0255998281153943e+18,2.0255998281153943e+18,2.0255998281153943e+18,4.936809265680052e-19,0.10532073506634214,-13.256466474732292,-9.684463547443015,0.015625,0.0,64,False,29767500000.0,min_sensing,0.015625,0.046875,0.0,33.21176586613467,-29767500000.0,,,,,,,,301.4524606788354,106548750000.0,334.9471785320393,1.1390512051109652e-12
1,water_filling,Water-filling (comm. only),ok,closed_form,numpy,0.0001449300002605014,,334.9471785320393,5024207.67798059,0.9999999999997736,3.3571428571422106,1496572.4998242937,77814791643.87808,2.0528661434748027e+18,2.0528661434748027e+18,2.0528129869056563e+18,4.871238210920761e-19,0.10461895823565755,-12.834535433796388,-9.034387726163292,0.016464696046615043,1.940492854408738e-06,64,False,28733958356.121918,min_sensing,0.008937025471828869,0.046035303953384954,2.2637447472106942e-13,33.494717853203895,-28733958356.121918,0.01651626689031806,,,,,,,301.4524606788354,106548750000.0,334.9471785320393,1.1390512051109652e-12
1,edge_weighted,Edge-weighted (∝ w_k),ok,closed_form,numpy,2.9366000035224715e-05,,279.5995826017394,4193993.7390260915,1.0,3.357142857142857,1249274.7307737293,138161250000.0,3.644892525873283e+18,3.644892525873283e+18,3.644892525873283e+18,2.7435651199630616e-19,0.07851422418531084,-2.549921626385729,1.7017770590097698,0.045432692307692306,0.0001951694139194139,64,False,21.852878077095966,min_rate,1.1446886446886447e-05,0.017067307692307694,0.0,-21.852878077095966,31612500000.0,,,,,,,,301.4524606788354,106548750000.0,334.9471785320393,1.1390512051109652e-12
1,sensing_optimal,Sensing-optimal (max S),ok,closed_form,numpy,2.343200003451784e-05,,112.16391072371212,1682458.6608556819,1.0,3.357142857142857,501157.8989782882,177581250000.0,4.684848833230989e+18,4.684848833230989e+18,4.684848833230989e+18,2.1345405915911532e-19,0.0692536896294432,-0.2904600964737499,5.960647967914347,0.0625,0.000732421875,16,False,189.28854995512327,min_rate,0.0,0.0,0.0,-189.28854995512327,71032500000.0,,,,,,,,301.4524606788354,106548750000.0,334.9471785320393,1.1390512051109652e-12
1,min_power_isac,Min-power ISAC,ok,optimal,CLARABEL,0.005224255000030098,,301.45246411458487,4521786.9617187735,0.8327549459552169,2.8792998455863343,1570446.7072612115,106548750034.95976,2.8109093008608824e+18,2.8109093008608824e+18,2.8108440174975913e+18,3.5575676514846466e-19,0.08940612885141605,-5.544407844944984,1.7524143384192157,0.05955044766749154,0.00013293171862741396,64,True,0.0,,2.659093461625235e-09,0.0029495523325084594,0.16724505404478307,3.435749476921046e-06,34.95976257324219,,False,,,,,,301.4524606788354,106548750000.0,334.9471785320393,1.1390512051109652e-12
1,max_rate_isac,Max-rate ISAC,ok,optimal,CLARABEL,0.00506522399973619,,328.6183521982101,4929275.282973152,0.999999999542569,3.3571428558359115,1468294.7657125504,106548749967.73509,2.810909299087399e+18,2.810909299087399e+18,2.810856094219658e+18,3.5575676537292188e-19,0.0894061288796205,-7.746365429761281,-2.2216853910153898,0.03818697640793966,5.2863767154247115e-05,64,True,32.26490783691406,,0.0035517586900441858,0.02431302359206034,4.5743098198158805e-10,27.165891519374725,-32.26490783691406,,False,,,,,,301.4524606788354,106548750000.0,334.9471785320393,1.1390512051109652e-12
1,dinkelbach_ee_isac,Dinkelbach EE-ISAC,ok,optimal,CLARABEL,0.01592965500003629,,275.14532693394574,4127179.904009186,0.726404922018002,2.575442634337149,1602512.8453584886,106548749942.98257,2.8109092984343916e+18,2.8109092984343916e+18,2.8108362278786775e+18,3.5575676545556834e-19,0.08940612889000556,-3.9386469213937763,4.342022571384492,0.06249999961713213,0.00021058225313868375,64,False,57.017425537109375,min_rate,4.3597343175936716e-11,3.8286786935293193e-10,0.273595077981998,-26.307133744889654,-57.017425537109375,,False,5.0,True,1602512.8451099133,0.0006401920691132545,False,301.4524606788354,106548750000.0,334.9471785320393,1.1390512051109652e-12
1,dinkelbach_ee_rmin_isac,Dinkelbach EE-ISAC (+R_min),ok,optimal,CLARABEL,0.01184319600042727,,301.4524610834851,4521786.916252277,0.8327549294474954,2.8792997984214157,1570446.7171953956,106548749926.53421,2.8109092980004603e+18,2.8109092980004603e+18,2.81084369800359e+18,3.557567655104879e-19,0.08940612889690654,-5.544408921806006,1.7523428462652069,0.059543588872436326,0.00013292879648932655,64,True,73.46578979492188,,6.331280100125733e-10,0.002956411127563674,0.1672450705525046,4.046497110721248e-07,-73.46578979492188,,False,3.0,True,1570446.7167297604,0.0013407040387392044,True,301.4524606788354,106548750000.0,334.9471785320393,1.1390512051109652e-12
2,uniform,Uniform,ok,closed_form,numpy,2.023999968514545e-06,,318.03673170492084,4770550.975573813,1.0,3.357142857142857,1421015.184213476,76781250000.0,2.0255998281153943e+18,2.0255998281153943e+18,2.0255998281153943e+18,4.936809265680052e-19,0.10532073506634214,-13.256466474732292,-9.684463547443015,0.015625,0.0,64,False,29767500000.0,min_sensing,0.015625,0.046875,0.0,30.57650180159135,-29767500000.0,,,,,,,,287.4602299033295,106548750000.0,319.40025544814387,9.811065412701152e-13
2,water_filling,Water-filling (comm. only),ok,closed_form,numpy,0.00014609799973186455,,319.40025544814387,4791003.831722158,0.999999999999958,3.3571428571427373,1427107.5243428214,76146336245.97621,2.008849889933629e+18,2.008849889933629e+18,2.007519007760314e+18,4.977972744559024e-19,0.1057589095984725,-13.664024761411032,-9.076878309239266,0.01666727874730058,4.998701650830944e-06,63,False,30402413754.02379,min_sensing,0.0,0.045832721252699424,4.196643033083092e-14,31.940025544814375,-30402413754.02379,0.016708137403174568,,,,,,,287.4602299033295,106548750000.0,319.40025544814387,9.811065412701152e-13
2,edge_weighted,Edge-weighted (∝ w_k),ok,closed_form,numpy,2.868999990823795e-05,,260.5899968218157,3908849.9523272356,1.0,3.357142857142857,1164338.2836719425,138161250000.0,3.644892525873283e+18,3.644892525873283e+18,3.644892525873283e+18,2.7435651199630616e-19,0.07851422418531084,-2.549921626385729,1.7017770590097698,0.045432692307692306,0.0001951694139194139,64,False,26.87023308151379,min_rate,1.1446886446886447e-05,0.017067307692307694,0.0,-26.87023308151379,31612500000.0,,,,,,,,287.4602299033295,106548750000.0,319.40025544814387,9.811065412701152e-13
2,sensing_optimal,Sensing-optimal (max S),ok,closed_form,numpy,2.042300002358388e-05,,109.70256570867187,1645538.485630078,1.0,3.357142857142857,490160.3999749168,177581250000.0,4.684848833230989e+18,4.684848833230989e+18,4.684848833230989e+18,2.1345405915911532e-19,0.0692536896294432,-0.2904600964737499,5.960647967914347,0.0625,0.000732421875,16,False,177.75766419465762,min_rate,0.0,0.0,0.0,-177.75766419465762,71032500000.0,,,,,,,,287.4602299033295,106548750000.0,319.40025544814387,9.811065412701152e-13
2,min_power_isac,Min-power ISAC,ok,optimal,CLARABEL,0.005620744999760063,,287.4602327089534,4311903.490634301,0.8439954293303695,2.9114155123724843,1481033.357248472,106548750030.16936,2.8109093007345044e+18,2.8109093007345044e+18,2.8096810571297377e+18,3.5575676516445946e-19,0.0894061288534259,-5.916085465998423,1.6659219240324759,0.05947936210856939,0.00013365166781079,64,True,0.0,,2.857203090296566e-10,0.0030206378914306095,0.15600457066963047,2.805623921631195e-06,30.169357299804688,,False,,,,,,287.4602299033295,106548750000.0,319.40025544814387,9.811065412701152e-13
2,max_rate_isac,Max-rate ISAC,ok,optimal,CLARABEL,0.0053152870000303665,,312.50254587284735,4687538.18809271,0.9999999993003561,3.357142855143875,1396287.9717526408,106548749940.78333,2.810909298376372e+18,2.810909298376372e+18,2.8093339138862623e+18,3.5575676546291143e-19,0.08940612889092826,-8.015043734315231,-1.9739783859796336,0.0394820557739132,5.964071288646487e-05,64,True,59.2166748046875,,7.723148286701951e-11,0.0230179442260868,6.9964389837196e-10,25.04231596951786,-59.2166748046875,,False,,,,,,287.4602299033295,106548750000.0,319.40025544814387,9.811065412701152e-13
2,dinkelbach_ee_isac,Dinkelbach EE-ISAC,ok,optimal,CLARABEL,0.015436423999744875,,263.20024124889244,3948003.6187333865,0.7414648180785883,2.618470908795967,1507751.5680893203,106548749970.11996,2.810909299150315e+18,2.810909299150315e+18,2.810005488425832e+18,3.55756765364959e-19,0.08940612887861993,-4.3229032198082065,4.082829091147472,0.062499999825861914,0.0002034894123759507,64,False,29.880035400390625,min_rate,7.689769722406976e-12,1.7413808589550328e-10,0.25853518192141167,-24.259988654437052,-29.880035400390625,,False,5.0,True,1507751.568210932,-0.0003184364177286625,False,287.4602299033295,106548750000.0,319.40025544814387,9.811065412701152e-13
2,dinkelbach_ee_rmin_isac,Dinkelbach EE-ISAC (+R_min),ok,optimal,CLARABEL,0.011122077000436548,,287.46023036382473,4311903.455457371,0.8439954159269658,2.9114154740770455,1481033.3646468981,106548749924.75497,2.810909297953521e+18,2.810909297953521e+18,2.809679691238814e+18,3.557567655164287e-19,0.08940612889765304,-5.916064536457401,1.6658418021611998,0.05947448331441182,0.0001336485269677543,64,True,75.24502563476562,,2.304181008833733e-11,0.0030255166855881824,0.1560045840730342,4.604952437148313e-07,-75.24502563476562,,False,3.0,True,1481033.364248498,0.0011599082499742508,True,287.4602299033295,106548750000.0,319.40025544814387,9.811065412701152e-13
3,uniform,Uniform,ok,closed_form,numpy,1.5939999684633221e-06,,315.96768546411425,4739515.281961714,1.0,3.357142857142857,1411770.5095205104,76781250000.0,2.0255998281153943e+18,2.0255998281153943e+18,2.0255998281153943e+18,4.936809265680052e-19,0.10532073506634214,-13.256466474732292,-9.684463547443015,0.015625,0.0,64,False,29767500000.0,min_sensing,0.015625,0.046875,0.0,29.905829468986326,-29767500000.0,,,,,,,,286.0618559951279,106548750000.0,317.8465066612532,1.0513522244780996e-12
3,water_filling,Water-filling (comm. only),ok,closed_form,numpy,0.00013991600008012028,,317.8465066612532,4767697.599918799,1.000000000000428,3.3571428571440807,1420165.2425284863,77181297487.79625,2.036153656328898e+18,2.036153656328898e+18,2.0348838890833062e+18,4.911220707198293e-19,0.10504743029358168,-11.809366877657494,-7.340645742899769,0.01735792599582453,1.5419036038658222e-05,61,False,29367452512.20375,min_sensing,0.0,0.04514207400417547,-4.2810199829546036e-13,31.784650666125287,-29367452512.20375,0.017395851098692877,,,,,,,286.0618559951279,106548750000.0,317.8465066612532,1.0513522244780996e-12
3,edge_weighted,Edge-weighted (∝ w_k),ok,closed_form,numpy,2.99299999824143e-05,,264.76290447647546,3971443.567147132,1.0,3.357142857142857,1182983.1902140393,138161250000.0,3.644892525873283e+18,3.644892525873283e+18,3.644892525873283e+18,2.7435651199630616e-19,0.07851422418531084,-2.549921626385729,1.7017770590097698,0.045432692307692306,0.0001951694139194139,64,False,21.298951518652473,min_rate,1.1446886446886447e-05,0.017067307692307694,0.0,-21.298951518652473,31612500000.0,,,,,,,,286.0618559951279,106548750000.0,317.8465066612532,1.0513522244780996e-12
3,sensing_optimal,Sensing-optimal (max S),ok,closed_form,numpy,2.109500019287225e-05,,100.69788277787775,1510468.2416681664,1.0,3.357142857142857,449926.71028413466,177581250000.0,4.684848833230989e+18,4.684848833230989e+18,4.684848833230989e+18,2.1345405915911532e-19,0.0692536896294432,-0.2904600964737499,5.960647967914347,0.0625,0.000732421875,16,False,185.3639732172502,min_rate,0.0,0.0,0.0,-185.3639732172502,71032500000.0,,,,,,,,286.0618559951279,106548750000.0,317.8465066612532,1.0513522244780996e-12
3,min_power_isac,Min-power ISAC,ok,optimal,CLARABEL,0.005627821999951266,,286.0618589204789,4290927.883807184,0.8373921248358831,2.8925489281025234,1483441.763808635,106548750033.23921,2.8109093008154916e+18,2.8109093008154916e+18,2.8093566553820406e+18,3.5575676515420947e-19,0.08940612885213792,-5.40675238931709,1.4724895904739201,0.06244163160047434,0.0001238006639655828,64,True,0.0,,2.2532596511771757e-10,5.83683995256587e-05,0.1626078751641169,2.9253509978843795e-06,33.23921203613281,,False,,,,,,286.0618559951279,106548750000.0,317.8465066612532,1.0513522244780996e-12
3,max_rate_isac,Max-rate ISAC,ok,optimal,CLARABEL,0.005166096999801084,,311.5523023783512,4673284.535675269,0.9999999998096769,3.357142856599077,1392042.2023415163,106548749985.27597,2.810909299550152e+18,2.810909299550152e+18,2.80936927374655e+18,3.557567653143545e-19,0.08940612887226115,-7.339096251352762,-2.086601468224999,0.04000676039644605,5.6437673153745326e-05,64,True,14.724029541015625,,3.502174072666168e-11,0.022493239603553948,1.903230906208364e-10,25.490446383223286,-14.724029541015625,,False,,,,,,286.0618559951279,106548750000.0,317.8465066612532,1.0513522244780996e-12
3,dinkelbach_ee_isac,Dinkelbach EE-ISAC,ok,optimal,CLARABEL,0.01536209899950336,,261.49323679941244,3922398.5519911866,0.7331534213228523,2.5947240609224353,1511682.344594576,106548749961.80243,2.8109092989308867e+18,2.8109092989308867e+18,2.8107720349878897e+18,3.557567653927305e-19,0.0894061288821096,-3.9429467112125245,4.049156310622872,0.062499999785507195,0.0001982580782927947,64,False,38.19757080078125,min_rate,1.7005695749720597e-12,2.1449280546148586e-10,0.26684657867714767,-24.568619195715485,-38.19757080078125,,False,5.0,True,1511682.3445069478,0.0002273712307214737,False,286.0618559951279,106548750000.0,317.8465066612532,1.0513522244780996e-12
3,dinkelbach_ee_rmin_isac,Dinkelbach EE-ISAC (+R_min),ok,optimal,CLARABEL,0.011868139999933192,,286.06185627451555,4290927.844117734,0.8373921098043076,2.8925488851551644,1483441.7721128874,106548749938.35478,2.810909298312304e+18,2.810909298312304e+18,2.8093536413443953e+18,3.557567654710201e-19,0.08940612889194717,-5.406724210745262,1.4725040408999335,0.06244412785053381,0.00012380156255245394,64,True,61.64521789550781,,1.517645041632528e-11,5.5872149466187904e-05,0.16260789019569244,2.7938762059420696e-07,-61.64521789550781,,False,3.0,True,1483441.7719947451,0.00034173205494880676,True,286.0618559951279,106548750000.0,317.8465066612532,1.0513522244780996e-12
4,uniform,Uniform,ok,closed_form,numpy,1.6039998627093155e-06,,303.92649523619787,4558897.428542968,1.0,3.357142857142857,1357969.4468000329,76781250000.0,2.0255998281153943e+18,2.0255998281153943e+18,2.0255998281153943e+18,4.936809265680052e-19,0.10532073506634214,-13.256466474732292,-9.684463547443015,0.015625,0.0,64,False,29767500000.0,min_sensing,0.015625,0.046875,0.0,27.66749975991081,-29767500000.0,,,,,,,,276.25899547628705,106548750000.0,306.95443941809674,9.245198990963598e-13
4,water_filling,Water-filling (comm. only),ok,closed_form,numpy,0.00014663999991171295,,306.95443941809674,4604316.591271451,1.0000000000006466,3.3571428571447046,1371498.5591013795,79037100073.49654,2.085112398191144e+18,2.085112398191144e+18,2.0846893614425984e+18,4.795904531897226e-19,0.10380684027040324,-12.855042383955794,-6.939477277502878,0.017592898422892137,1.6776319745630397e-05,61,False,27511649926.503464,min_sensing,0.0,0.044907101577107866,-6.465938895416912e-13,30.695443941809685,-27511649926.503464,0.017666510945711693,,,,,,,276.25899547628705,106548750000.0,306.95443941809674,9.245198990963598e-13
4,edge_weighted,Edge-weighted (∝ w_k),ok,closed_form,numpy,2.8236000161996344e-05,,255.60986364519113,3834147.954677867,1.0,3.357142857142857,1142086.6247976625,138161250000.0,3.644892525873283e+18,3.644892525873283e+18,3.644892525873283e+18,2.7435651199630616e-19,0.07851422418531084,-2.549921626385729,1.7017770590097698,0.045432692307692306,0.0001951694139194139,64,False,20.64913183109593,min_rate,1.1446886446886447e-05,0.017067307692307694,0.0,-20.64913183109593,31612500000.0,,,,,,,,276.25899547628705,106548750000.0,306.95443941809674,9.245198990963598e-13
4,sensing_optimal,Sensing-optimal (max S),ok,closed_form,numpy,2.0063999727426562e-05,,111.43133635112744,1671470.0452669116,1.0,3.357142857142857,497884.69433482474,177581250000.0,4.684848833230989e+18,4.684848833230989e+18,4.684848833230989e+18,2.1345405915911532e-19,0.0692536896294432,-0.2904600964737499,5.960647967914347,0.0625,0.000732421875,16,False,164.8276591251596,min_rate,0.0,0.0,0.0,-164.8276591251596,71032500000.0,,,,,,,,276.25899547628705,106548750000.0,306.95443941809674,9.245198990963598e-13
4,min_power_isac,Min-power ISAC,ok,optimal,CLARABEL,0.005548616999931255,,276.2589973096111,4143884.9596441668,0.8307815785056789,2.8736616528733685,1442022.569184756,106548750022.35507,2.810909300528352e+18,2.810909300528352e+18,2.810429332013144e+18,3.5575676519055066e-19,0.08940612885670442,-5.538224787305158,1.8184949755368331,0.05873646413945973,0.00013494744962694,64,True,0.0,,1.1598889751954747e-10,0.0037635358605402694,0.1692184214943211,1.8333240632273373e-06,22.355072021484375,,False,,,,,,276.25899547628705,106548750000.0,306.95443941809674,9.245198990963598e-13
4,max_rate_isac,Max-rate ISAC,ok,optimal,CLARABEL,0.004878036999798496,,301.67634554503024,4525145.183175454,0.9999999991494429,3.3571428547126945,1347915.5874535216,106548749936.86359,2.8109092982729646e+18,2.8109092982729646e+18,2.81049723614167e+18,3.55756765475999e-19,0.0894061288925728,-7.792391004489171,-1.8765768975072294,0.03770998327901502,6.210978779749876e-05,64,True,63.13641357421875,,8.196945515262914e-11,0.024790016720984978,8.505570692207698e-10,25.41735006874319,-63.13641357421875,,False,,,,,,276.25899547628705,106548750000.0,306.95443941809674,9.245198990963598e-13
4,dinkelbach_ee_isac,Dinkelbach EE-ISAC,ok,optimal,CLARABEL,0.01423935299999357,,252.98958770319558,3794843.815547934,0.7291151550942694,2.5831861574121984,1469055.493603898,106548749966.833,2.8109092990636006e+18,2.8109092990636006e+18,2.8105151236487393e+18,3.5575676537593384e-19,0.08940612887999898,-4.005377946318526,4.227173637434552,0.06249999979162951,0.0002054860627643026,64,False,33.16700744628906,min_rate,3.055883384424121e-12,2.0837048753108434e-10,0.2708848449057306,-23.269407773091473,-33.16700744628906,,False,5.0,True,1469055.493564358,0.00010213954374194145,False,276.25899547628705,106548750000.0,306.95443941809674,9.245198990963598e-13
4,dinkelbach_ee_rmin_isac,Dinkelbach EE-ISAC (+R_min),ok,optimal,CLARABEL,0.011266661000263412,,276.258995707189,4143884.935607835,0.8307815688007447,2.873661625144985,1442022.5747346866,106548749951.5787,2.81090929866117e+18,2.81090929866117e+18,2.8104297042234035e+18,3.557567654268666e-19,0.089406128886399,-5.538310436593132,1.8186402886392494,0.05873922876448554,0.0001349533659116225,64,True,48.421295166015625,,1.0562881742401889e-12,0.003760771235514458,0.16921843119925528,2.309019464519224e-07,-48.421295166015625,,False,3.0,True,1442022.5740705952,0.0019083740189671516,True,276.25899547628705,106548750000.0,306.95443941809674,9.245198990963598e-13
5,uniform,Uniform,ok,closed_form,numpy,3.0109999897831585e-06,,320.2857854244761,4804286.781367142,1.0,3.357142857142857,1431064.1476412762,76781250000.0,2.0255998281153943e+18,2.0255998281153943e+18,2.0255998281153943e+18,4.936809265680052e-19,0.10532073506634214,-13.256466474732292,-9.684463547443015,0.015625,0.0,64,False,29767500000.0,min_sensing,0.015625,0.046875,0.0,31.190653738457968,-29767500000.0,,,,,,,,289.09513168601814,106548750000.0,321.2168129844646,9.85222738482023e-13
5,water_filling,Water-filling (comm. only),ok,closed_form,numpy,0.0001472730000386946,,321.2168129844646,4818252.1947669685,0.9999999999999157,3.3571428571426165,1435224.0580157957,76215657775.66591,2.0106786916088315e+18,2.0106786916088315e+18,2.010666701524364e+18,4.973445057001408e-19,0.10571080244165024,-12.6720364798409,-8.627245979146194,0.016877682392625104,7.228637554257071e-06,63,False,30333092224.33409,min_sensing,0.0,0.045622317607374896,8.426592756904938e-14,32.12168129844645,-30333092224.33409,0.016949453414033394,,,,,,,289.09513168601814,106548750000.0,321.2168129844646,9.85222738482023e-13
5,edge_weighted,Edge-weighted (∝ w_k),ok,closed_form,numpy,2.6165999770455528e-05,,267.0697932746499,4006046.8991197483,1.0,3.357142857142857,1193290.5656952441,138161250000.0,3.644892525873283e+18,3.644892525873283e+18,3.644892525873283e+18,2.7435651199630616e-19,0.07851422418531084,-2.549921626385729,1.7017770590097698,0.045432692307692306,0.0001951694139194139,64,False,22.02533841136824,min_rate,1.1446886446886447e-05,0.017067307692307694,0.0,-22.02533841136824,31612500000.0,,,,,,,,289.09513168601814,106548750000.0,321.2168129844646,9.85222738482023e-13
5,sensing_optimal,Sensing-optimal (max S),ok,closed_form,numpy,2.0507000044744927e-05,,99.3535324365456,1490302.9865481842,1.0,3.357142857142857,443920.0385462676,177581250000.0,4.684848833230989e+18,4.684848833230989e+18,4.684848833230989e+18,2.1345405915911532e-19,0.0692536896294432,-0.2904600964737499,5.960647967914347,0.0625,0.000732421875,16,False,189.74159924947253,min_rate,0.0,0.0,0.0,-189.74159924947253,71032500000.0,,,,,,,,289.09513168601814,106548750000.0,321.2168129844646,9.85222738482023e-13
5,min_power_isac,Min-power ISAC,ok,optimal,CLARABEL,0.0055393679999724554,,289.0951333436507,4336427.00015476,0.8418906260798991,2.9054017887997117,1492539.523060677,106548750015.4834,2.810909300347068e+18,2.810909300347068e+18,2.810908964708982e+18,3.557567652134945e-19,0.08940612885958746,-5.688936428595607,1.6462441737910116,0.06026514017542942,0.00013206639094724335,64,True,0.0,,1.1016113955040982e-10,0.0022348598245705772,0.15810937392010094,1.6576325378991896e-06,15.4833984375,,False,,,,,,289.09513168601814,106548750000.0,321.2168129844646,9.85222738482023e-13
5,max_rate_isac,Max-rate ISAC,ok,optimal,CLARABEL,0.005618210999728035,,314.40868163494616,4716130.2245241925,0.9999999991769397,3.3571428547912565,1404804.7487146435,106548749937.42206,2.8109092982876974e+18,2.8109092982876974e+18,2.8109081594300447e+18,3.5575676547413436e-19,0.08940612889233848,-7.669330902759953,-2.110245335894223,0.03897989680399664,5.574462870257325e-05,64,True,62.57794189453125,,1.6479871476071787e-10,0.02352010319600336,8.23060286592181e-10,25.313549948928028,-62.57794189453125,,False,,,,,,289.09513168601814,106548750000.0,321.2168129844646,9.85222738482023e-13
5,dinkelbach_ee_isac,Dinkelbach EE-ISAC,ok,optimal,CLARABEL,0.016971098999874812,,264.49046148410764,3967356.922261615,0.7383055138359584,2.6094443252455957,1520383.8165384943,106548749951.40573,2.8109092986566067e+18,2.8109092986566067e+18,2.810883163131141e+18,3.5575676542744413e-19,0.08940612888647156,-4.161268023115703,4.181372236357354,0.06249999968835496,0.00020764919480374612,64,False,48.594268798828125,min_rate,7.593470940309726e-12,3.116450431051021e-10,0.26169448616404156,-24.604670201910494,-48.594268798828125,,False,5.0,True,1520383.8164457963,0.000241890549659729,False,289.09513168601814,106548750000.0,321.2168129844646,9.85222738482023e-13
5,dinkelbach_ee_rmin_isac,Dinkelbach EE-ISAC (+R_min),ok,optimal,CLARABEL,0.01147423299971706,,289.09513202567575,4336426.980385136,0.8418906192301001,2.9054017692288574,1492539.526310021,106548749932.93817,2.8109092981694065e+18,2.8109092981694065e+18,2.8109089660289336e+18,3.557567654891056e-19,0.08940612889421971,-5.688951402022808,1.64623594244674,0.06026545787824664,0.0001320660303488345,64,True,67.06182861328125,,2.3397742652665045e-11,0.0022345421217533634,0.1581093807698999,3.3965761758736335e-07,-67.06182861328125,,False,3.0,True,1492539.5259128383,0.0011539757251739502,True,289.09513168601814,106548750000.0,321.2168129844646,9.85222738482023e-13
6,uniform,Uniform,ok,closed_form,numpy,1.5489999896090012e-06,,284.1470509521819,4262205.764282729,1.0,3.357142857142857,1269593.2063820893,76781250000.0,2.0255998281153943e+18,2.0255998281153943e+18,2.0255998281153943e+18,4.936809265680052e-19,0.10532073506634214,-13.256466474732292,-9.684463547443015,0.015625,0.0,64,False,29767500000.0,min_sensing,0.015625,0.046875,0.0,26.763076366482153,-29767500000.0,,,,,,,,257.3839745856998,106548750000.0,285.98219398411084,6.622047003718631e-13
6,water_filling,Water-filling (comm. only),ok,closed_form,numpy,0.0001455550000173389,,285.98219398411084,4289732.909761663,0.9999999999991525,3.3571428571404356,1277792.7816320553,78043031138.41617,2.0588874296730017e+18,2.0588874296730017e+18,2.056359996291895e+18,4.856992109368616e-19,0.10446586537451963,-12.308680213610275,-7.707440818549135,0.017355614096072,1.1293993735420915e-05,62,False,28505718861.58383,min_sensing,0.0,0.045144385903928,8.475442569988445e-13,28.59821939841106,-28505718861.58383,0.01745350861944149,,,,,,,257.3839745856998,106548750000.0,285.98219398411084,6.622047003718631e-13
6,edge_weighted,Edge-weighted (∝ w_k),ok,closed_form,numpy,2.678500004549278e-05,,238.04781473291672,3570717.2209937507,1.0,3.357142857142857,1063617.8956151598,138161250000.0,3.644892525873283e+18,3.644892525873283e+18,3.644892525873283e+18,2.7435651199630616e-19,0.07851422418531084,-2.549921626385729,1.7017770590097698,0.045432692307692306,0.0001951694139194139,64,False,19.336159852783055,min_rate,1.1446886446886447e-05,0.017067307692307694,0.0,-19.336159852783055,31612500000.0,,,,,,,,257.3839745856998,106548750000.0,285.98219398411084,6.622047003718631e-13
6,sensing_optimal,Sensing-optimal (max S),ok,closed_form,numpy,2.0665000192821026e-05,,101.84282711252077,1527642.4066878115,1.0,3.357142857142857,455042.41901339067,177581250000.0,4.684848833230989e+18,4.684848833230989e+18,4.684848833230989e+18,2.1345405915911532e-19,0.0692536896294432,-0.2904600964737499,5.960647967914347,0.0625,0.000732421875,16,False,155.54114747317902,min_rate,0.0,0.0,0.0,-155.54114747317902,71032500000.0,,,,,,,,257.3839745856998,106548750000.0,285.98219398411084,6.622047003718631e-13
6,min_power_isac,Min-power ISAC,ok,optimal,CLARABEL,0.005351628999960667,,257.3839758122531,3860759.637183796,0.846256718102478,2.9178763374356516,1323140.2536328146,106548750014.21512,2.810909300313609e+18,2.810909300313609e+18,2.8060524201875364e+18,3.5575676521772914e-19,0.08940612886011956,-5.656443374652985,1.6209040614384116,0.057790796947965836,0.00013369824449417712,64,True,0.0,,7.900980769987737e-11,0.004709203052034164,0.15374328189752196,1.2265533086974756e-06,14.215118408203125,,False,,,,,,257.3839745856998,106548750000.0,285.98219398411084,6.622047003718631e-13
6,max_rate_isac,Max-rate ISAC,ok,optimal,CLARABEL,0.0052782399998250185,,280.1569046392544,4202353.569588816,0.999999998804549,3.357142853727283,1251764.8943425608,106548749897.21072,2.8109092972268646e+18,2.8109092972268646e+18,2.806359490358452e+18,3.557567656083964e-19,0.08940612890920936,-7.616347154522069,-1.7926446182235485,0.03942796527889695,6.498583145385232e-05,64,True,102.78927612304688,,8.818140125613462e-11,0.02307203472110305,1.1954509604450436e-09,22.772930053554603,-102.78927612304688,,False,,,,,,257.3839745856998,106548750000.0,285.98219398411084,6.622047003718631e-13
6,dinkelbach_ee_isac,Dinkelbach EE-ISAC,ok,optimal,CLARABEL,0.016774195999460062,,235.73102397248198,3535965.35958723,0.7449145071112496,2.628327163174999,1345329.2303671248,106548749936.68655,2.810909298268294e+18,2.810909298268294e+18,2.8060762149247933e+18,3.557567654765901e-19,0.08940612889264707,-4.155925603501526,3.961237669693482,0.06249999959963909,0.00020031413950233736,63,False,63.313446044921875,min_rate,0.0,4.003609110903028e-10,0.2550854928887504,-21.652950613217797,-63.313446044921875,,False,5.0,True,1345329.2304723912,-0.0002766745164990425,False,257.3839745856998,106548750000.0,285.98219398411084,6.622047003718631e-13
6,dinkelbach_ee_rmin_isac,Dinkelbach EE-ISAC (+R_min),ok,optimal,CLARABEL,0.011641445999430289,,257.3839748899768,3860759.623349652,0.8462567123538565,2.917876321011019,1323140.2563395603,106548749918.51123,2.810909297788802e+18,2.810909297788802e+18,2.8060550055693225e+18,3.55756765537276e-19,0.08940612890027264,-5.656437282401841,1.620944687725204,0.05779056511585074,0.00013369969367197742,64,True,81.48876953125,,3.0036219579692442e-12,0.004709434884149259,0.15374328764614353,3.042770231331815e-07,-81.48876953125,,False,3.0,True,1323140.256074755,0.0007726689800620079,True,257.3839745856998,106548750000.0,285.98219398411084,6.622047003718631e-13
7,uniform,Uniform,ok,closed_form,numpy,1.5790001270943321e-06,,308.2154486688721,4623231.730033082,1.0,3.357142857142857,1377132.855754535,76781250000.0,2.0255998281153943e+18,2.0255998281153943e+18,2.0255998281153943e+18,4.936809265680052e-19,0.10532073506634214,-13.256466474732292,-9.684463547443015,0.015625,0.0,64,False,29767500000.0,min_sensing,0.015625,0.046875,0.0,29.21322305660533,-29767500000.0,,,,,,,,279.0022256122668,106548750000.0,310.00247290251866,9.235200319686116e-13
7,water_filling,Water-filling (comm. only),ok,closed_form,numpy,0.00016103699999803212,,310.00247290251866,4650037.0935377795,0.9999999999997032,3.3571428571420094,1385117.4321179863,77555606266.37802,2.0460284603670886e+18,2.0460284603670886e+18,2.0460263455244744e+18,4.887517546166415e-19,0.10479362702216352,-13.332458181930617,-8.136036508844617,0.0170608502464229,8.877739679131679e-06,63,False,28993143733.62198,min_sensing,0.0,0.0454391497535771,2.9676261448230434e-13,31.000247290251878,-28993143733.62198,0.017130655997951327,,,,,,,279.0022256122668,106548750000.0,310.00247290251866,9.235200319686116e-13
7,edge_weighted,Edge-weighted (∝ w_k),ok,closed_form,numpy,2.6602999696478946e-05,,254.90048899946441,3823507.3349919664,1.0,3.357142857142857,1138917.0785082453,138161250000.0,3.644892525873283e+18,3.644892525873283e+18,3.644892525873283e+18,2.7435651199630616e-19,0.07851422418531084,-2.549921626385729,1.7017770590097698,0.045432692307692306,0.0001951694139194139,64,False,24.10173661280237,min_rate,1.1446886446886447e-05,0.017067307692307694,0.0,-24.10173661280237,31612500000.0,,,,,,,,279.0022256122668,106548750000.0,310.00247290251866,9.235200319686116e-13
7,sensing_optimal,Sensing-optimal (max S),ok,closed_form,numpy,2.0352000319689978e-05,,109.19738222704248,1637960.7334056373,1.0,3.357142857142857,487903.1971846579,177581250000.0,4.684848833230989e+18,4.684848833230989e+18,4.684848833230989e+18,2.1345405915911532e-19,0.0692536896294432,-0.2904600964737499,5.960647967914347,0.0625,0.000732421875,16,False,169.8048433852243,min_rate,0.0,0.0,0.0,-169.8048433852243,71032500000.0,,,,,,,,279.0022256122668,106548750000.0,310.00247290251866,9.235200319686116e-13
7,min_power_isac,Min-power ISAC,ok,optimal,CLARABEL,0.005457719000332872,,279.0022287417821,4185033.431126732,0.8389621936765576,2.8970348390758787,1444592.0272266073,106548750037.08377,2.8109093009169167e+18,2.8109093009169167e+18,2.8109014062618394e+18,3.557567651413728e-19,0.08940612885052492,-5.7323738636972275,1.6680200004537415,0.059059673695527254,0.0001317023087817919,64,True,0.0,,2.4902537930988783e-10,0.003440326304472746,0.16103780632344245,3.129515334876487e-06,37.083770751953125,,False,,,,,,279.0022256122668,106548750000.0,310.00247290251866,9.235200319686116e-13
7,max_rate_isac,Max-rate ISAC,ok,optimal,CLARABEL,0.005349222999939229,,303.9516670561925,4559275.005842888,0.9999999990158221,3.3571428543309207,1358081.9177715785,106548749922.57327,2.810909297895965e+18,2.810909297895965e+18,2.810907443956184e+18,3.5575676552371314e-19,0.08940612889856837,-7.9043640239988235,-1.9988419605770855,0.0390441494390991,5.8722292668485066e-05,64,True,77.42672729492188,,8.289456035943605e-11,0.023455850560900902,9.84177850327228e-10,24.949441443925707,-77.42672729492188,,False,,,,,,279.0022256122668,106548750000.0,310.00247290251866,9.235200319686116e-13
7,dinkelbach_ee_isac,Dinkelbach EE-ISAC,ok,optimal,CLARABEL,0.015189105999979802,,255.00732455147954,3825109.8682721932,0.7347559415398283,2.5993026901137952,1471590.778103928,106548749953.05333,2.8109092987000724e+18,2.8109092987000724e+18,2.8108170363515663e+18,3.55756765421943e-19,0.08940612888578031,-4.1153672793475815,4.13046768592438,0.06249999971343832,0.00020291152866844405,63,False,46.94667053222656,min_rate,0.0,2.865616771652313e-10,0.26524405846017174,-23.994901060787242,-46.94667053222656,,False,5.0,True,1471590.7781038065,3.157183527946472e-07,False,279.0022256122668,106548750000.0,310.00247290251866,9.235200319686116e-13
7,dinkelbach_ee_rmin_isac,Dinkelbach EE-ISAC (+R_min),ok,optimal,CLARABEL,0.012411547000283463,,279.0022260203401,4185033.390305102,0.8389621775914899,2.897034793118543,1444592.036052173,106548749947.93814,2.8109092985651267e+18,2.8109092985651267e+18,2.810901327500947e+18,3.5575676543902215e-19,0.08940612888792643,-5.732335098755838,1.6680523248767014,0.059062720152473366,0.0001317037322893047,64,True,52.061859130859375,,1.7316685060205676e-11,0.0034372798475266336,0.16103782240851006,4.080733333466924e-07,-52.061859130859375,,False,3.0,True,1444592.0353367855,0.0020725028589367867,True,279.0022256122668,106548750000.0,310.00247290251866,9.235200319686116e-13
8,uniform,Uniform,ok,closed_form,numpy,1.485000211687293e-06,,321.3107755766671,4819661.633650006,1.0,3.357142857142857,1435643.89087447,76781250000.0,2.0255998281153943e+18,2.0255998281153943e+18,2.0255998281153943e+18,4.936809265680052e-19,0.10532073506634214,-13.256466474732292,-9.684463547443015,0.015625,0.0,64,False,29767500000.0,min_sensing,0.015625,0.046875,0.0,31.13950662379858,-29767500000.0,,,,,,,,290.1712689528685,106548750000.0,322.41252105874275,1.0504292491460434e-12
8,water_filling,Water-filling (comm. only),ok,closed_form,numpy,0.0002038689999608323,,322.41252105874275,4836187.815881141,0.9999999999992235,3.357142857140639,1440566.5834549088,78321016897.81274,2.0662210939002998e+18,2.0662210939002998e+18,2.0652892510902927e+18,4.839753126865776e-19,0.104280309581655,-13.066472228897076,-8.120354034317758,0.016915142868192845,7.675429476186141e-06,63,False,28227733102.187256,min_sensing,0.0,0.045584857131807155,7.764899834228345e-13,32.24125210587425,-28227733102.187256,0.0169665949311167,,,,,,,290.1712689528685,106548750000.0,322.41252105874275,1.0504292491460434e-12
8,edge_weighted,Edge-weighted (∝ w_k),ok,closed_form,numpy,2.7640000098472228e-05,,268.8873392576886,4033310.088865329,1.0,3.357142857142857,1201411.5158322256,138161250000.0,3.644892525873283e+18,3.644892525873283e+18,3.644892525873283e+18,2.7435651199630616e-19,0.07851422418531084,-2.549921626385729,1.7017770590097698,0.045432692307692306,0.0001951694139194139,64,False,21.283929695179893,min_rate,1.1446886446886447e-05,0.017067307692307694,0.0,-21.283929695179893,31612500000.0,,,,,,,,290.1712689528685,106548750000.0,322.41252105874275,1.0504292491460434e-12
8,sensing_optimal,Sensing-optimal (max S),ok,closed_form,numpy,2.048799979093019e-05,,117.8072734619923,1767109.1019298844,1.0,3.357142857142857,526372.9239791145,177581250000.0,4.684848833230989e+18,4.684848833230989e+18,4.684848833230989e+18,2.1345405915911532e-19,0.0692536896294432,-0.2904600964737499,5.960647967914347,0.0625,0.000732421875,16,False,172.36399549087622,min_rate,0.0,0.0,0.0,-172.36399549087622,71032500000.0,,,,,,,,290.1712689528685,106548750000.0,322.41252105874275,1.0504292491460434e-12
8,min_power_isac,Min-power ISAC,ok,optimal,CLARABEL,0.0404593489997751,,290.1712719129606,4352569.078694409,0.8312999398726002,2.8751426853502866,1513861.9383559823,106548750032.44627,2.810909300794573e+18,2.810909300794573e+18,2.8104891679222436e+18,3.55756765156857e-19,0.0894061288524706,-5.535437848314478,1.7433039170319526,0.05888845060458197,0.0001320454346276094,64,True,0.0,,3.192073159930773e-10,0.0036115493954180303,0.1687000601273998,2.9600921038763772e-06,32.44627380371094,,False,,,,,,290.1712689528685,106548750000.0,322.41252105874275,1.0504292491460434e-12
8,max_rate_isac,Max-rate ISAC,ok,optimal,CLARABEL,0.005318960000295192,,316.5817563578065,4748726.345367097,0.9999999995855553,3.3571428559587297,1414514.2310338058,106548749970.82048,2.810909299168795e+18,2.810909299168795e+18,2.81015926298239e+18,3.5575676536262012e-19,0.08940612887832602,-7.79981942696395,-2.0768273154718435,0.03776657360825443,5.6761148897249654e-05,64,True,29.179519653320312,,1.233540592602296e-10,0.02473342639174557,4.1444470078033646e-10,26.41048740493801,-29.179519653320312,,False,,,,,,290.1712689528685,106548750000.0,322.41252105874275,1.0504292491460434e-12
8,dinkelbach_ee_isac,Dinkelbach EE-ISAC,ok,optimal,CLARABEL,0.014880219000588113,,265.05990879514104,3975898.631927116,0.7263534698993368,2.5752956282838197,1543861.0574494158,106548749973.89932,2.81090929925002e+18,2.81090929925002e+18,2.8105651543263375e+18,3.557567653523401e-19,0.08940612887703428,-3.9241305253303906,4.248248901044134,0.06249999982422444,0.0002053930075990916,64,False,26.100677490234375,min_rate,8.465222430665759e-12,1.7577556077341683e-10,0.2736465301006632,-25.11136015772746,-26.100677490234375,,False,5.0,True,1543861.0575372537,-0.00022620847448706627,False,290.1712689528685,106548750000.0,322.41252105874275,1.0504292491460434e-12
8,dinkelbach_ee_rmin_isac,Dinkelbach EE-ISAC (+R_min),ok,optimal,CLARABEL,0.009890551000353298,,290.17126931291347,4352569.039693702,0.8312999249144672,2.8751426426127638,1513861.9472939745,106548749945.13112,2.810909298491073e+18,2.810909298491073e+18,2.8104879854057083e+18,3.557567654483946e-19,0.08940612888910413,-5.535336279529629,1.7432110598185044,0.05888721494379121,0.00013204193386775787,64,True,54.86888122558594,,3.846148188762068e-11,0.003612785056208788,0.16870007508553275,3.6004496450914303e-07,-54.86888122558594,,False,3.0,True,1513861.9474663963,-0.0004957374185323715,True,290.1712689528685,106548750000.0,322.41252105874275,1.0504292491460434e-12
9,uniform,Uniform,ok,closed_form,numpy,1.7299998944508843e-06,,332.26169114085064,4983925.3671127595,1.0,3.357142857142857,1484573.513608056,76781250000.0,2.0255998281153943e+18,2.0255998281153943e+18,2.0255998281153943e+18,4.936809265680052e-19,0.10532073506634214,-13.256466474732292,-9.684463547443015,0.015625,0.0,64,False,29767500000.0,min_sensing,0.015625,0.046875,0.0,32.64279472136343,-29767500000.0,,,,,,,,299.6188964194872,106548750000.0,332.90988491054134,1.0281923318102067e-12
9,water_filling,Water-filling (comm. only),ok,closed_form,numpy,0.00014951999992263154,,332.90988491054134,4993648.27365812,0.9999999999990691,3.3571428571401976,1487469.6985376398,78305770979.60773,2.0658188846461458e+18,2.0658188846461458e+18,2.0657195013060959e+18,4.840695413486309e-19,0.10429046063229347,-12.319226901210808,-8.335665507102219,0.016573309202273734,5.610956627241248e-06,64,False,28242979020.392273,min_sensing,0.0006566932667592291,0.045926690797726266,9.309220061481938e-13,33.29098849105412,-28242979020.392273,0.016624705260825767,,,,,,,299.6188964194872,106548750000.0,332.90988491054134,1.0281923318102067e-12
9,edge_weighted,Edge-weighted (∝ w_k),ok,closed_form,numpy,2.6183000045421068e-05,,277.99460194895596,4169919.0292343395,1.0,3.357142857142857,1242103.5406229948,138161250000.0,3.644892525873283e+18,3.644892525873283e+18,3.644892525873283e+18,2.7435651199630616e-19,0.07851422418531084,-2.549921626385729,1.7017770590097698,0.045432692307692306,0.0001951694139194139,64,False,21.624294470531254,min_rate,1.1446886446886447e-05,0.017067307692307694,0.0,-21.624294470531254,31612500000.0,,,,,,,,299.6188964194872,106548750000.0,332.90988491054134,1.0281923318102067e-12
9,sensing_optimal,Sensing-optimal (max S),ok,closed_form,numpy,2.017499991779914e-05,,110.81367308304118,1662205.0962456176,1.0,3.357142857142857,495124.9222859286,177581250000.0,4.684848833230989e+18,4.684848833230989e+18,4.684848833230989e+18,2.1345405915911532e-19,0.0692536896294432,-0.2904600964737499,5.960647967914347,0.0625,0.000732421875,16,False,188.80522333644603,min_rate,0.0,0.0,0.0,-188.80522333644603,71032500000.0,,,,,,,,299.6188964194872,106548750000.0,332.90988491054134,1.0281923318102067e-12
9,min_power_isac,Min-power ISAC,ok,optimal,CLARABEL,0.0052435879997574375,,299.6188998992852,4494283.498489278,0.8336674065884248,2.881906875966928,1559482.5550986517,106548750034.4353,2.810909300847046e+18,2.810909300847046e+18,2.810786641717215e+18,3.5575676515021586e-19,0.0894061288516361,-5.538343467031827,1.7427110541723845,0.06015323621610352,0.00013291991470438857,64,True,0.0,,2.6101876354828244e-10,0.0023467637838964772,0.16633259341157525,3.479798010630475e-06,34.435302734375,,False,,,,,,299.6188964194872,106548750000.0,332.90988491054134,1.0281923318102067e-12
9,max_rate_isac,Max-rate ISAC,ok,optimal,CLARABEL,0.0052445750002334535,,326.75991948623295,4901398.792293495,0.9999999997074926,3.357142856307122,1459991.1299827923,106548749977.8561,2.810909299354406e+18,2.810909299354406e+18,2.8107825426016835e+18,3.557567653391287e-19,0.08940612887537418,-7.61343603385889,-2.1945848597656097,0.0378431056483559,5.354944184407955e-05,64,True,22.143905639648438,,7.727423653288376e-11,0.0246568943516441,2.9250735167352104e-10,27.14102306674573,-22.143905639648438,,False,,,,,,299.6188964194872,106548750000.0,332.90988491054134,1.0281923318102067e-12
9,dinkelbach_ee_isac,Dinkelbach EE-ISAC,ok,optimal,CLARABEL,0.01492699900018124,,274.99159788625843,4124873.9682938764,0.7344623881654321,2.598463966186949,1587427.8119572387,106548749942.50728,2.810909298421853e+18,2.810909298421853e+18,2.810790316893684e+18,3.557567654571552e-19,0.08940612889020495,-4.064684433635936,4.144156620687293,0.062499999675675835,0.00020372310212177116,64,False,57.49272155761719,min_rate,7.146621567018737e-12,3.243241647465922e-10,0.2655376118345679,-24.62729853322878,-57.49272155761719,,False,5.0,True,1587427.8119479453,2.414872869849205e-05,False,299.6188964194872,106548750000.0,332.90988491054134,1.0281923318102067e-12
9,dinkelbach_ee_rmin_isac,Dinkelbach EE-ISAC (+R_min),ok,optimal,CLARABEL,0.011557149000054778,,299.61889684493804,4494283.45267407,0.8336673900229786,2.881906828637082,1559482.5648126581,106548749934.2184,2.8109092982031795e+18,2.8109092982031795e+18,2.8107866437474176e+18,3.557567654848312e-19,0.08940612889368262,-5.538315219385911,1.7426705355589323,0.06015147963270442,0.00013291826138043012,64,True,65.78160095214844,,2.6688462934997978e-11,0.0023485203672955826,0.16633260997702137,4.254508212397923e-07,-65.78160095214844,,False,3.0,True,1559482.5648590252,-0.00013362523168325424,True,299.6188964194872,106548750000.0,332.90988491054134,1.0281923318102067e-12
10,uniform,Uniform,ok,closed_form,numpy,1.6139997569553088e-06,,331.4018972954497,4971028.459431746,1.0,3.357142857142857,1480731.8815328605,76781250000.0,2.0255998281153943e+18,2.0255998281153943e+18,2.0255998281153943e+18,4.936809265680052e-19,0.10532073506634214,-13.256466474732292,-9.684463547443015,0.015625,0.0,64,False,29767500000.0,min_sensing,0.015625,0.046875,0.0,32.02748696229469,-29767500000.0,,,,,,,,299.374410333155,106548750000.0,332.6382337035056,1.1622414741258478e-12
10,water_filling,Water-filling (comm. only),ok,closed_form,numpy,0.00014660600027127657,,332.6382337035056,4989573.505552584,0.9999999999990343,3.357142857140098,1486255.9378253955,79107029803.11389,2.0869572450553603e+18,2.0869572450553603e+18,2.086559839856383e+18,4.791665005928156e-19,0.10376094808320124,-11.725905546129415,-7.695942198626993,0.0170495482277353,9.042061729551228e-06,63,False,27441720196.88611,min_sensing,0.0,0.0454504517722647,9.656719868189612e-13,33.263823370350565,-27441720196.88611,0.017114728679268477,,,,,,,299.374410333155,106548750000.0,332.6382337035056,1.1622414741258478e-12
10,edge_weighted,Edge-weighted (∝ w_k),ok,closed_form,numpy,3.1844999739405466e-05,,285.80631124012086,4287094.668601813,1.0,3.357142857142857,1277006.922562242,138161250000.0,3.644892525873283e+18,3.644892525873283e+18,3.644892525873283e+18,2.7435651199630616e-19,0.07851422418531084,-2.549921626385729,1.7017770590097698,0.045432692307692306,0.0001951694139194139,64,False,13.568099093034164,min_rate,1.1446886446886447e-05,0.017067307692307694,0.0,-13.568099093034164,31612500000.0,,,,,,,,299.374410333155,106548750000.0,332.6382337035056,1.1622414741258478e-12
10,sensing_optimal,Sensing-optimal (max S),ok,closed_form,numpy,2.087699976982549e-05,,113.0279197331185,1695418.7959967775,1.0,3.357142857142857,505018.36476499756,177581250000.0,4.684848833230989e+18,4.684848833230989e+18,4.684848833230989e+18,2.1345405915911532e-19,0.0692536896294432,-0.2904600964737499,5.960647967914347,0.0625,0.000732421875,16,False,186.34649060003653,min_rate,0.0,0.0,0.0,-186.34649060003653,71032500000.0,,,,,,,,299.374410333155,106548750000.0,332.6382337035056,1.1622414741258478e-12
10,min_power_isac,Min-power ISAC,ok,optimal,CLARABEL,0.007866351999837207,,299.37441206381874,4490616.180957281,0.8223587287250622,2.849596367785892,1575877.984588549,106548750013.8498,2.810909300303971e+18,2.810909300303971e+18,2.810278341680267e+18,3.5575676521894902e-19,0.08940612886027285,-5.135101853806159,1.9300214147527008,0.05986672945088341,0.00013679313894453168,64,True,0.0,,9.601640466571706e-11,0.0026332705491165925,0.17764127127493778,1.7306637118963408e-06,13.84979248046875,,False,,,,,,299.374410333155,106548750000.0,332.6382337035056,1.1622414741258478e-12
10,max_rate_isac,Max-rate ISAC,ok,optimal,CLARABEL,0.004718420000244805,,327.10824962498236,4906623.744374735,0.9999999990848518,3.3571428545281483,1461547.4994627147,106548749937.87756,2.810909298299714e+18,2.810909298299714e+18,2.8104349248345667e+18,3.557567654726135e-19,0.08940612889214739,-7.357181731154396,-2.138726729676121,0.03734394528838255,5.498727003747389e-05,64,True,62.1224365234375,,1.8747573236642255e-10,0.02515605471161745,9.151481794589245e-10,27.733839291827337,-62.1224365234375,,False,,,,,,299.374410333155,106548750000.0,332.6382337035056,1.1622414741258478e-12
10,dinkelbach_ee_isac,Dinkelbach EE-ISAC,ok,optimal,CLARABEL,0.01453569100021923,,273.0745892021513,4096118.8380322694,0.7151069646826609,2.5431627562361743,1610639.6761229848,106548749975.14635,2.810909299282919e+18,2.810909299282919e+18,2.8103632644993633e+18,3.5575676534817628e-19,0.08940612887651106,-3.593792563904374,4.537406275204263,0.06249999985922567,0.0002166761945160488,64,False,26.29982113100374,min_rate,2.8228191118481386e-12,1.4077432969328285e-10,0.2848930353173391,-26.29982113100374,-24.853652954101562,,False,5.0,True,1610639.6761048306,4.616938531398773e-05,False,299.374410333155,106548750000.0,332.6382337035056,1.1622414741258478e-12
10,dinkelbach_ee_rmin_isac,Dinkelbach EE-ISAC (+R_min),ok,optimal,CLARABEL,0.01213210300056744,,299.37441053381843,4490616.158007276,0.8223587207595128,2.8495963450271793,1575877.989120752,106548749959.51672,2.8109092988705864e+18,2.8109092988705864e+18,2.810279575657606e+18,3.557567654003623e-19,0.08940612888306856,-5.135132355834234,1.930016564285428,0.05986359876247932,0.00013679273233844667,64,True,40.4832763671875,,1.2776871568809409e-11,0.0026364012375206802,0.17764127924048723,2.0066340766788926e-07,-40.4832763671875,,False,3.0,True,1575877.9888066254,0.0008951341733336449,True,299.374410333155,106548750000.0,332.6382337035056,1.1622414741258478e-12
11,uniform,Uniform,ok,closed_form,numpy,1.6310000319208484e-06,,307.9451675337073,4619177.51300561,1.0,3.357142857142857,1375925.2166399688,76781250000.0,2.0255998281153943e+18,2.0255998281153943e+18,2.0255998281153943e+18,4.936809265680052e-19,0.10532073506634214,-13.256466474732292,-9.684463547443015,0.015625,0.0,64,False,29767500000.0,min_sensing,0.015625,0.046875,0.0,29.572591488855892,-29767500000.0,,,,,,,,278.3725760448514,106548750000.0,309.30286227205715,8.84324364853546e-13
11,water_filling,Water-filling (comm. only),ok,closed_form,numpy,0.0001462620002712356,,309.30286227205715,4639542.934080858,0.999999999999774,3.3571428571422115,1381991.5122796702,75072082424.10599,1.980509528752577e+18,1.980509528752577e+18,1.9801380078673562e+18,5.049205699251795e-19,0.10651290732476987,-14.258984572042138,-9.22212641402542,0.016894420730960192,6.12731071196659e-06,63,False,31476667575.894012,min_sensing,0.0,0.04560557926903981,2.2604140781368187e-13,30.930286227205727,-31476667575.894012,0.01695665744953844,,,,,,,278.3725760448514,106548750000.0,309.30286227205715,8.84324364853546e-13
11,edge_weighted,Edge-weighted (∝ w_k),ok,closed_form,numpy,2.8780000320693944e-05,,251.4974970826661,3772462.4562399914,1.0,3.357142857142857,1123712.221007657,138161250000.0,3.644892525873283e+18,3.644892525873283e+18,3.644892525873283e+18,2.7435651199630616e-19,0.07851422418531084,-2.549921626385729,1.7017770590097698,0.045432692307692306,0.0001951694139194139,64,False,26.87507896218534,min_rate,1.1446886446886447e-05,0.017067307692307694,0.0,-26.87507896218534,31612500000.0,,,,,,,,278.3725760448514,106548750000.0,309.30286227205715,8.84324364853546e-13
11,sensing_optimal,Sensing-optimal (max S),ok,closed_form,numpy,2.0660999780375278e-05,,105.01500428099195,1575225.0642148792,1.0,3.357142857142857,469215.97657464485,177581250000.0,4.684848833230989e+18,4.684848833230989e+18,4.684848833230989e+18,2.1345405915911532e-19,0.0692536896294432,-0.2904600964737499,5.960647967914347,0.0625,0.000732421875,16,False,173.35757176385948,min_rate,0.0,0.0,0.0,-173.35757176385948,71032500000.0,,,,,,,,278.3725760448514,106548750000.0,309.30286227205715,8.84324364853546e-13
11,min_power_isac,Min-power ISAC,ok,optimal,CLARABEL,0.005725256999994599,,278.3725783120776,4175588.6746811643,0.8496242865400453,2.927497961542987,1426333.5891377872,106548750024.67224,2.810909300589483e+18,2.810909300589483e+18,2.810732657341903e+18,3.5575676518281376e-19,0.08940612885573224,-6.122887996306227,1.6626649987068884,0.061020140542952676,0.0001354674812383305,64,True,0.0,,2.1308205090478066e-10,0.0014798594570473236,0.1503757134599547,2.267226193453098e-06,24.6722412109375,,False,,,,,,278.3725760448514,106548750000.0,309.30286227205715,8.84324364853546e-13
11,max_rate_isac,Max-rate ISAC,ok,optimal,CLARABEL,0.005388176999986172,,302.14673934656753,4532201.090198513,0.9999999989753843,3.357142854215384,1350017.3471938116,106548749913.45938,2.8109092976555274e+18,2.8109092976555274e+18,2.810547289077112e+18,3.5575676555414365e-19,0.08940612890239216,-8.155913870743735,-1.9069769654391833,0.04151715215437658,6.134069424161432e-05,64,True,86.54061889648438,,1.182228529886052e-10,0.020982847845623417,1.024615725597755e-09,23.7741633017161,-86.54061889648438,,False,,,,,,278.3725760448514,106548750000.0,309.30286227205715,8.84324364853546e-13
11,dinkelbach_ee_isac,Dinkelbach EE-ISAC,ok,optimal,CLARABEL,0.015462239000044065,,254.8092335915963,3822138.5038739443,0.7469567836155078,2.634162238901451,1450988.2677036347,106548749974.7124,2.81090929927147e+18,2.81090929927147e+18,2.8108668723463736e+18,3.557567653496253e-19,0.08940612887669315,-4.487043276604234,4.069185196652217,0.06249999984685598,0.00020520365651334246,64,False,25.28759765625,min_rate,6.540153220190405e-12,1.531440183000221e-10,0.25304321638449223,-23.56334245325513,-25.28759765625,,False,5.0,True,1450988.2677044254,-2.0829029381275177e-06,False,278.3725760448514,106548750000.0,309.30286227205715,8.84324364853546e-13
11,dinkelbach_ee_rmin_isac,Dinkelbach EE-ISAC (+R_min),ok,optimal,CLARABEL,0.011923576000299363,,278.37257634751506,4175588.6452127257,0.8496242759391796,2.927497931254799,1426333.5938286944,106548749925.47073,2.810909297972404e+18,2.810909297972404e+18,2.810731926011312e+18,3.557567655140388e-19,0.08940612889735274,-6.122834251528891,1.6626261803300122,0.06102378867261281,0.0001354660047727923,64,True,74.52926635742188,,1.5386041380661526e-11,0.0014762113273871919,0.15037572406082045,3.026636363756552e-07,-74.52926635742188,,False,3.0,True,1426333.5934240515,0.0011845915578305721,True,278.3725760448514,106548750000.0,309.30286227205715,8.84324364853546e-13
12,uniform,Uniform,ok,closed_form,numpy,1.5729997357993852e-06,,335.45557818221187,5031833.672733178,1.0,3.357142857142857,1498844.0727290318,76781250000.0,2.0255998281153943e+18,2.0255998281153943e+18,2.0255998281153943e+18,4.936809265680052e-19,0.10532073506634214,-13.256466474732292,-9.684463547443015,0.015625,0.0,64,False,29767500000.0,min_sensing,0.015625,0.046875,0.0,33.32171474166779,-29767500000.0,,,,,,,,302.1338634405441,106548750000.0,335.70429271171565,1.1338212592250553e-12
12,water_filling,Water-filling (comm. only),ok,closed_form,numpy,0.00014805499995418359,,335.70429271171565,5035564.390675735,1.000000000000691,3.3571428571448316,1499955.3504131665,77367359486.44635,2.0410622395114386e+18,2.0410622395114386e+18,2.0410615293242675e+18,4.899409634070572e-19,0.10492103913627122,-12.83386739153716,-9.184941967935629,0.016404445940056078,1.7174218529367815e-06,64,False,29181390513.55365,min_sensing,0.008473184033892306,0.04609555405994392,-6.910028105266974e-13,33.57042927117158,-29181390513.55365,0.016461066650685228,,,,,,,302.1338634405441,106548750000.0,335.70429271171565,1.1338212592250553e-12
12,edge_weighted,Edge-weighted (∝ w_k),ok,closed_form,numpy,2.673800008778926e-05,,281.8679274074767,4228018.911112151,1.0,3.357142857142857,1259409.8884163855,138161250000.0,3.644892525873283e+18,3.644892525873283e+18,3.644892525873283e+18,2.7435651199630616e-19,0.07851422418531084,-2.549921626385729,1.7017770590097698,0.045432692307692306,0.0001951694139194139,64,False,20.265936033067362,min_rate,1.1446886446886447e-05,0.017067307692307694,0.0,-20.265936033067362,31612500000.0,,,,,,,,302.1338634405441,106548750000.0,335.70429271171565,1.1338212592250553e-12
12,sensing_optimal,Sensing-optimal (max S),ok,closed_form,numpy,2.3827000404708087e-05,,109.47091299816236,1642063.6949724355,1.0,3.357142857142857,489125.3559492361,177581250000.0,4.684848833230989e+18,4.684848833230989e+18,4.684848833230989e+18,2.1345405915911532e-19,0.0692536896294432,-0.2904600964737499,5.960647967914347,0.0625,0.000732421875,16,False,192.6629504423817,min_rate,0.0,0.0,0.0,-192.6629504423817,71032500000.0,,,,,,,,302.1338634405441,106548750000.0,335.70429271171565,1.1338212592250553e-12
12,min_power_isac,Min-power ISAC,ok,optimal,CLARABEL,0.00553080100007719,,302.1338669188053,4532008.00378208,0.8351102483426005,2.8860292809788586,1570326.4113262745,106548750035.54727,2.810909300876381e+18,2.810909300876381e+18,2.8109089627607736e+18,3.557567651465031e-19,0.08940612885116957,-5.5839412441409655,1.702723494790619,0.059785259649244624,0.00013175564499761706,64,True,0.0,,1.6208916663270734e-09,0.0027147403507553763,0.1648897516573995,3.478261248801573e-06,35.547271728515625,,False,,,,,,302.1338634405441,106548750000.0,335.70429271171565,1.1338212592250553e-12
12,max_rate_isac,Max-rate ISAC,ok,optimal,CLARABEL,0.005468352000207233,,329.1458982252499,4937188.473378749,0.99999999935415,3.3571428552975715,1470651.8864956447,106548749953.51195,2.810909298712172e+18,2.810909298712172e+18,2.81090858698402e+18,3.5575676542041165e-19,0.0894061288855879,-7.728763649472654,-2.2357306073315018,0.03826785912650533,5.248405771364754e-05,64,True,46.48805236816406,,0.003175123177523797,0.02423214087349467,6.458500401151923e-10,27.012034784705804,-46.48805236816406,,False,,,,,,302.1338634405441,106548750000.0,335.70429271171565,1.1338212592250553e-12
12,dinkelbach_ee_isac,Dinkelbach EE-ISAC,ok,optimal,CLARABEL,0.01564602600001308,,276.23698250195383,4143554.7375293076,0.7307612977017889,2.5878894220051114,1601132.8390989974,106548749972.49893,2.8109092992130755e+18,2.8109092992130755e+18,2.8109077173524116e+18,3.5575676535701586e-19,0.08940612887762181,-4.014903143001003,4.233884990090572,0.06249999984063389,0.00020671045742235458,64,False,27.501068115234375,min_rate,1.713511954829337e-11,1.5936611058586792e-10,0.2692387022982111,-25.896880938590243,-27.501068115234375,,False,5.0,True,1601132.8390300353,0.0001784665510058403,False,302.1338634405441,106548750000.0,335.70429271171565,1.1338212592250553e-12
12,dinkelbach_ee_rmin_isac,Dinkelbach EE-ISAC (+R_min),ok,optimal,CLARABEL,0.011708965999332577,,302.13386378742655,4532007.956811398,0.8351102313430061,2.886029232408589,1570326.4214788037,106548749955.27704,2.8109092987587374e+18,2.8109092987587374e+18,2.8109089518794455e+18,3.557567654145182e-19,0.08940612888484735,-5.583903586703183,1.7026911886574556,0.05978707557807102,0.0001317543609530256,64,True,44.72296142578125,,1.8220073204419428e-10,0.0027129244219289833,0.1648897686569939,3.468824729679909e-07,-44.72296142578125,,False,3.0,True,1570326.4206826603,0.002297692932188511,True,302.1338634405441,106548750000.0,335.70429271171565,1.1338212592250553e-12
13,uniform,Uniform,ok,closed_form,numpy,1.826000243454473e-06,,311.9825055931499,4679737.583897248,1.0,3.357142857142857,1393964.3866927973,76781250000.0,2.0255998281153943e+18,2.0255998281153943e+18,2.0255998281153943e+18,4.936809265680052e-19,0.10532073506634214,-13.256466474732292,-9.684463547443015,0.015625,0.0,64,False,29767500000.0,min_sensing,0.015625,0.046875,0.0,28.365826961762195,-29767500000.0,,,,,,,,283.6166786313877,106548750000.0,315.1296429237641,1.0650053424466183e-12
13,water_filling,Water-filling (comm. only),ok,closed_form,numpy,0.00014560399995389162,,315.1296429237641,4726944.643856461,1.0000000000004903,3.3571428571442583,1408026.064126869,75565479636.6322,1.9935260569920328e+18,1.9935260569920328e+18,1.9895521052653043e+18,5.016237417577916e-19,0.10616460517542502,-14.609161286558365,-7.997916035742668,0.01744796618216111,1.4462696203136111e-05,62,False,30983270363.367798,min_sensing,0.0,0.045052033817838885,-4.902744876744691e-13,31.51296429237641,-30983270363.367798,0.01750543390664059,,,,,,,283.6166786313877,106548750000.0,315.1296429237641,1.0650053424466183e-12
13,edge_weighted,Edge-weighted (∝ w_k),ok,closed_form,numpy,2.606899988677469e-05,,254.24293363960624,3813644.0045940937,1.0,3.357142857142857,1135979.0651982406,138161250000.0,3.644892525873283e+18,3.644892525873283e+18,3.644892525873283e+18,2.7435651199630616e-19,0.07851422418531084,-2.549921626385729,1.7017770590097698,0.045432692307692306,0.0001951694139194139,64,False,29.37374499178145,min_rate,1.1446886446886447e-05,0.017067307692307694,0.0,-29.37374499178145,31612500000.0,,,,,,,,283.6166786313877,106548750000.0,315.1296429237641,1.0650053424466183e-12
13,sensing_optimal,Sensing-optimal (max S),ok,closed_form,numpy,2.0944999960192945e-05,,112.02479389291759,1680371.9083937637,1.0,3.357142857142857,500536.3131385679,177581250000.0,4.684848833230989e+18,4.684848833230989e+18,4.684848833230989e+18,2.1345405915911532e-19,0.0692536896294432,-0.2904600964737499,5.960647967914347,0.0625,0.000732421875,16,False,171.5918847384701,min_rate,0.0,0.0,0.0,-171.5918847384701,71032500000.0,,,,,,,,283.6166786313877,106548750000.0,315.1296429237641,1.0650053424466183e-12
13,min_power_isac,Min-power ISAC,ok,optimal,CLARABEL,0.0053878919998169295,,283.61668244776,4254250.2367164,0.8364433148263097,2.889838042360885,1472141.4052812604,106548750036.74908,2.8109093009080873e+18,2.8109093009080873e+18,2.8067108751564636e+18,3.557567651424903e-19,0.08940612885066533,-6.002005674511627,2.145634175160316,0.062225519473538715,0.00015169892979996355,64,True,0.0,,3.17963779451988e-10,0.00027448052646128485,0.16355668517369026,3.81637232749199e-06,36.74908447265625,,False,,,,,,283.6166786313877,106548750000.0,315.1296429237641,1.0650053424466183e-12
13,max_rate_isac,Max-rate ISAC,ok,optimal,CLARABEL,0.005259746999854542,,308.5480053627132,4628220.080440698,0.9999999995896054,3.3571428559703014,1378618.7478468271,106548749969.11086,2.8109092991236936e+18,2.8109092991236936e+18,2.805164793963524e+18,3.557567653683283e-19,0.0894061288790433,-8.351394478723627,-1.4594883629331505,0.04176574357959816,7.502002254208983e-05,64,True,30.889144897460938,,6.328367615205232e-11,0.020734256420401838,4.103946071865039e-10,24.9313267313255,-30.889144897460938,,False,,,,,,283.6166786313877,106548750000.0,315.1296429237641,1.0650053424466183e-12
13,dinkelbach_ee_isac,Dinkelbach EE-ISAC,ok,optimal,CLARABEL,0.0166797429997132,,257.65052033178983,3864757.8049768475,0.7243737348654318,2.5696392424726624,1504007.932746989,106548749977.48587,2.8109092993446385e+18,2.8109092993446385e+18,2.8075434426100567e+18,3.557567653403649e-19,0.08940612887552953,-4.092807735427742,4.635314842368825,0.06249999983472956,0.00022630238201997178,64,False,25.96615829959785,min_rate,8.178674503897407e-12,1.652704431642782e-10,0.2756262651345682,-25.96615829959785,-22.514129638671875,,False,5.0,True,1504007.9327927243,-0.00011752359569072723,False,283.6166786313877,106548750000.0,315.1296429237641,1.0650053424466183e-12
13,dinkelbach_ee_rmin_isac,Dinkelbach EE-ISAC (+R_min),ok,optimal,CLARABEL,0.012950208999882307,,283.6166789266266,4254250.183899399,0.8364432954583632,2.889837987023895,1472141.415194229,106548749956.61807,2.8109092987941156e+18,2.8109092987941156e+18,2.806712439556066e+18,3.5575676541004066e-19,0.08940612888428472,-6.001982318664226,2.1456102192442907,0.0622253764452344,0.0001516976252153561,64,True,43.381927490234375,,1.9798809154384453e-11,0.00027462355476560313,0.16355670454163684,2.9523891953431303e-07,-43.381927490234375,,False,3.0,True,1472141.4154032425,-0.0006040148437023163,True,283.6166786313877,106548750000.0,315.1296429237641,1.0650053424466183e-12
14,uniform,Uniform,ok,closed_form,numpy,1.416000031895237e-06,,332.4812991183594,4987219.486775391,1.0,3.357142857142857,1485554.7407416056,76781250000.0,2.0255998281153943e+18,2.0255998281153943e+18,2.0255998281153943e+18,4.936809265680052e-19,0.10532073506634214,-13.256466474732292,-9.684463547443015,0.015625,0.0,64,False,29767500000.0,min_sensing,0.015625,0.046875,0.0,31.155165002400395,-29767500000.0,,,,,,,,301.326134115959,106548750000.0,334.8068156843989,1.0664312241990814e-12
14,water_filling,Water-filling (comm. only),ok,closed_form,numpy,0.00018680299990592175,,334.8068156843989,5022102.235265983,1.0000000000008638,3.357142857145325,1495945.346673874,78177923958.16364,2.0624460963070364e+18,2.0624460963070364e+18,2.062406680463041e+18,4.848611567548721e-19,0.1043757006685183,-13.303693198140254,-8.05873015184777,0.01668193301829284,8.389521710689263e-06,62,False,28370826041.836365,min_sensing,0.0,0.045818066981707165,-8.637535131583718e-13,33.48068156843988,-28370826041.836365,0.01675857607491634,,,,,,,301.326134115959,106548750000.0,334.8068156843989,1.0664312241990814e-12
14,edge_weighted,Edge-weighted (∝ w_k),ok,closed_form,numpy,2.6884999897447415e-05,,275.54822380429255,4133223.357064388,1.0,3.357142857142857,1231172.9148702433,138161250000.0,3.644892525873283e+18,3.644892525873283e+18,3.644892525873283e+18,2.7435651199630616e-19,0.07851422418531084,-2.549921626385729,1.7017770590097698,0.045432692307692306,0.0001951694139194139,64,False,25.77791031166646,min_rate,1.1446886446886447e-05,0.017067307692307694,0.0,-25.77791031166646,31612500000.0,,,,,,,,301.326134115959,106548750000.0,334.8068156843989,1.0664312241990814e-12
14,sensing_optimal,Sensing-optimal (max S),ok,closed_form,numpy,2.0807000055356184e-05,,117.40370116604987,1761055.517490748,1.0,3.357142857142857,524569.7286142653,177581250000.0,4.684848833230989e+18,4.684848833230989e+18,4.684848833230989e+18,2.1345405915911532e-19,0.0692536896294432,-0.2904600964737499,5.960647967914347,0.0625,0.000732421875,16,False,183.92243294990914,min_rate,0.0,0.0,0.0,-183.92243294990914,71032500000.0,,,,,,,,301.326134115959,106548750000.0,334.8068156843989,1.0664312241990814e-12
14,min_power_isac,Min-power ISAC,ok,optimal,CLARABEL,0.005833195999912277,,301.32613736574535,4519892.060486181,0.8314790303156067,2.8756543723303047,1571778.6198427796,106548750033.98961,2.8109093008352876e+18,2.8109093008352876e+18,2.8108947762494367e+18,3.5575676515170403e-19,0.0894061288518231,-5.671217948932519,1.859969042355272,0.060427708188356986,0.00013669743643424665,64,True,0.0,,1.595794936352855e-10,0.0020722918116430136,0.16852096968439334,3.2497863458047505e-06,33.98960876464844,,False,,,,,,301.326134115959,106548750000.0,334.8068156843989,1.0664312241990814e-12
14,max_rate_isac,Max-rate ISAC,ok,optimal,CLARABEL,0.005013580000195361,,328.68074468862767,4930211.170329415,0.9999999991391634,3.357142854683324,1468573.5411740402,106548749936.61157,2.8109092982663153e+18,2.8109092982663153e+18,2.8108718280931236e+18,3.557567654768406e-19,0.08940612889267854,-7.927560037358809,-2.0757876212965205,0.03829600749694649,5.666743533684649e-05,64,True,63.388427734375,,4.951145615775458e-11,0.02420399250305351,8.608366242057741e-10,27.354610572668662,-63.388427734375,,False,,,,,,301.326134115959,106548750000.0,334.8068156843989,1.0664312241990814e-12
14,dinkelbach_ee_isac,Dinkelbach EE-ISAC,ok,optimal,CLARABEL,0.01597876400091991,,275.7053486571491,4135580.2298572366,0.7285044465867383,2.5814412759621095,1602043.1176827354,106548749969.36743,2.810909299130462e+18,2.810909299130462e+18,2.8109066362522317e+18,3.5575676536747164e-19,0.08940612887893565,-4.050514246970073,4.325078054828692,0.06249999981863397,0.00021033201252993472,64,False,30.632568359375,min_rate,3.858339475207073e-13,1.8136603330276557e-10,0.2714955534132617,-25.620785458809905,-30.632568359375,,False,5.0,True,1602043.1177810596,-0.00025381799787282944,False,301.326134115959,106548750000.0,334.8068156843989,1.0664312241990814e-12
14,dinkelbach_ee_rmin_isac,Dinkelbach EE-ISAC (+R_min),ok,optimal,CLARABEL,0.010794505999911053,,301.32613447492787,4519892.017123918,0.8314790148072508,2.8756543280207167,1571778.6289824734,106548749943.4844,2.810909298447631e+18,2.810909298447631e+18,2.810894755287843e+18,3.5575676545389274e-19,0.089406128889795,-5.671277444863675,1.860066757161546,0.06043095084397399,0.00013670148658244044,63,True,56.515594482421875,,0.0,0.002069049156026008,0.16852098519274916,3.5896886174668907e-07,-56.515594482421875,,False,3.0,True,1571778.6282316383,0.0021591419354081154,True,301.326134115959,106548750000.0,334.8068156843989,1.0664312241990814e-12
15,uniform,Uniform,ok,closed_form,numpy,1.3289995877130423e-06,,331.2608674395159,4968913.011592738,1.0,3.357142857142857,1480101.7481340072,76781250000.0,2.0255998281153943e+18,2.0255998281153943e+18,2.0255998281153943e+18,4.936809265680052e-19,0.10532073506634214,-13.256466474732292,-9.684463547443015,0.015625,0.0,64,False,29767500000.0,min_sensing,0.015625,0.046875,0.0,32.768499223969684,-29767500000.0,,,,,,,,298.4923682155462,106548750000.0,331.6581869061624,1.0920067217622378e-12
15,water_filling,Water-filling (comm. only),ok,closed_form,numpy,0.00014994999992268276,,331.6581869061624,4974872.803592436,0.9999999999993132,3.357142857140895,1481877.0053262725,75455492875.10028,1.9906244480021558e+18,1.9906244480021558e+18,1.990199326009938e+18,5.023549273714723e-19,0.10624195175860013,-13.102855045649264,-9.568168348079345,0.016583129817140826,2.7684274354088375e-06,64,False,31093257124.89972,min_sensing,0.00804778393841585,0.04591687018285917,6.867839630331218e-13,33.16581869061622,-31093257124.89972,0.016684679316885862,,,,,,,298.4923682155462,106548750000.0,331.6581869061624,1.0920067217622378e-12
15,edge_weighted,Edge-weighted (∝ w_k),ok,closed_form,numpy,2.588699999250821e-05,,275.56490339403905,4133473.5509105856,1.0,3.357142857142857,1231247.44069677,138161250000.0,3.644892525873283e+18,3.644892525873283e+18,3.644892525873283e+18,2.7435651199630616e-19,0.07851422418531084,-2.549921626385729,1.7017770590097698,0.045432692307692306,0.0001951694139194139,64,False,22.927464821507158,min_rate,1.1446886446886447e-05,0.017067307692307694,0.0,-22.927464821507158,31612500000.0,,,,,,,,298.4923682155462,106548750000.0,331.6581869061624,1.0920067217622378e-12
15,sensing_optimal,Sensing-optimal (max S),ok,closed_form,numpy,2.5060000098164892e-05,,100.8726699810359,1513090.0497155385,1.0,3.357142857142857,450707.67438335187,177581250000.0,4.684848833230989e+18,4.684848833230989e+18,4.684848833230989e+18,2.1345405915911532e-19,0.0692536896294432,-0.2904600964737499,5.960647967914347,0.0625,0.000732421875,16,False,197.6196982345103,min_rate,0.0,0.0,0.0,-197.6196982345103,71032500000.0,,,,,,,,298.4923682155462,106548750000.0,331.6581869061624,1.0920067217622378e-12
15,min_power_isac,Min-power ISAC,ok,optimal,CLARABEL,0.0050814330002140196,,298.4923698036493,4477385.54705474,0.8409770970385427,2.902791705824408,1542441.2086030606,106548750015.50626,2.8109093003476705e+18,2.8109093003476705e+18,2.8104159147592146e+18,3.5575676521341824e-19,0.08940612885957788,-5.727822348229296,1.6323643774726602,0.06175331300307183,0.00013109971714373779,64,True,0.0,,3.865339066694676e-10,0.0007466869969281684,0.15902290296145727,1.5881030890341208e-06,15.506256103515625,,False,,,,,,298.4923682155462,106548750000.0,331.6581869061624,1.0920067217622378e-12
15,max_rate_isac,Max-rate ISAC,ok,optimal,CLARABEL,0.00514980000025389,,324.448915106169,4866733.726592535,0.9999999991975368,3.3571428548501054,1449665.3663580343,106548749939.27353,2.8109092983365417e+18,2.8109092983365417e+18,2.810484816381999e+18,3.557567654679525e-19,0.0894061288915617,-7.7418182456674245,-2.2049883213899815,0.039952119261880664,5.330423979126393e-05,64,True,60.726470947265625,,0.0022662223212944763,0.022547880738119336,8.024632069947302e-10,25.956546890622803,-60.726470947265625,,False,,,,,,298.4923682155462,106548750000.0,331.6581869061624,1.0920067217622378e-12
15,dinkelbach_ee_isac,Dinkelbach EE-ISAC,ok,optimal,CLARABEL,0.015659022000818368,,272.6332354597124,4089498.531895686,0.7353189983944004,2.600911423984001,1572332.873078588,106548749960.1521,2.810909298887348e+18,2.810909298887348e+18,2.8098554069355945e+18,3.5575676539824082e-19,0.089406128882802,-4.136339558421492,4.178092337621219,0.06249999979244429,0.00020588953122583142,64,False,39.847900390625,min_rate,1.8119061662330162e-11,2.0755570873109974e-10,0.2646810016055996,-25.859132755833798,-39.847900390625,,False,5.0,True,1572332.8729789907,0.0002590436488389969,False,298.4923682155462,106548750000.0,331.6581869061624,1.0920067217622378e-12
15,dinkelbach_ee_rmin_isac,Dinkelbach EE-ISAC (+R_min),ok,optimal,CLARABEL,0.011778869000409031,,298.4923684983838,4477385.5274757575,0.8409770900159086,2.902791685759739,1542441.2125198385,106548749958.16267,2.810909298834865e+18,2.810909298834865e+18,2.810417237554365e+18,3.5575676540488326e-19,0.08940612888363665,-5.727779510574013,1.6323223567801053,0.06175382978714388,0.00013109791124673068,64,True,41.83732604980469,,9.246839189933939e-11,0.000746170212856119,0.1590229099840914,2.82837618215126e-07,-41.83732604980469,,False,3.0,True,1542441.2126053348,-0.0002481779083609581,True,298.4923682155462,106548750000.0,331.6581869061624,1.0920067217622378e-12
16,uniform,Uniform,ok,closed_form,numpy,1.4709999049955513e-06,,335.1950938965619,5027926.408448429,1.0,3.357142857142857,1497680.2067718725,76781250000.0,2.0255998281153943e+18,2.0255998281153943e+18,2.0255998281153943e+18,4.936809265680052e-19,0.10532073506634214,-13.256466474732292,-9.684463547443015,0.015625,0.0,64,False,29767500000.0,min_sensing,0.015625,0.046875,0.0,33.076524116157486,-29767500000.0,,,,,,,,302.1185697804044,106548750000.0,335.6872997560049,9.543546075700166e-13
16,water_filling,Water-filling (comm. only),ok,closed_form,numpy,0.00019143999998050276,,335.6872997560049,5035309.496340074,1.0000000000002083,3.3571428571434523,1499879.4244414582,76291730428.94406,2.0126855976360778e+18,2.0126855976360778e+18,2.0113213786709322e+18,4.968485893546967e-19,0.10565808567386314,-13.644898610660857,-9.183685933667505,0.016412704452681833,4.092530889205635e-06,64,False,30257019571.05594,min_sensing,0.0016639987180455933,0.04608729554731816,-2.0827783941967937e-13,33.56872997560049,-30257019571.05594,0.016503627679377315,,,,,,,302.1185697804044,106548750000.0,335.6872997560049,9.543546075700166e-13
16,edge_weighted,Edge-weighted (∝ w_k),ok,closed_form,numpy,2.6664999950298807e-05,,280.696249983453,4210443.749751795,1.0,3.357142857142857,1254174.7339686197,138161250000.0,3.644892525873283e+18,3.644892525873283e+18,3.644892525873283e+18,2.7435651199630616e-19,0.07851422418531084,-2.549921626385729,1.7017770590097698,0.045432692307692306,0.0001951694139194139,64,False,21.4223197969514,min_rate,1.1446886446886447e-05,0.017067307692307694,0.0,-21.4223197969514,31612500000.0,,,,,,,,302.1185697804044,106548750000.0,335.6872997560049,9.543546075700166e-13
16,sensing_optimal,Sensing-optimal (max S),ok,closed_form,numpy,2.0476999907259597e-05,,114.48841081756358,1717326.1622634537,1.0,3.357142857142857,511543.96322741173,177581250000.0,4.684848833230989e+18,4.684848833230989e+18,4.684848833230989e+18,2.1345405915911532e-19,0.0692536896294432,-0.2904600964737499,5.960647967914347,0.0625,0.000732421875,16,False,187.63015896284082,min_rate,0.0,0.0,0.0,-187.63015896284082,71032500000.0,,,,,,,,302.1185697804044,106548750000.0,335.6872997560049,9.543546075700166e-13
16,min_power_isac,Min-power ISAC,ok,optimal,CLARABEL,0.005867474999831757,,302.118572638301,4531778.589574515,0.8386931263342443,2.8962660752406983,1564696.9138351334,106548750030.55377,2.8109093007446456e+18,2.8109093007446456e+18,2.8095661066952074e+18,3.557567651631759e-19,0.08940612885326461,-5.857554745553681,1.811764952875856,0.061589124302850885,0.0001377377904582848,64,True,0.0,,1.7270892391850848e-09,0.0009108756971491147,0.1613068736657557,2.8578965611814056e-06,30.55377197265625,,False,,,,,,302.1185697804044,106548750000.0,335.6872997560049,9.543546075700166e-13
16,max_rate_isac,Max-rate ISAC,ok,optimal,CLARABEL,0.005070313000032911,,328.69775890994,4930466.3836491,0.9999999990787946,3.3571428545108417,1468649.5622383938,106548749928.51318,2.810909298052669e+18,2.810909298052669e+18,2.809547006037579e+18,3.5575676550388025e-19,0.08940612889607626,-8.000211352339008,-2.057301091765736,0.04006768272460338,5.74072174120589e-05,64,True,71.48681640625,,0.0023954689655359346,0.022432317275396622,9.212054452589769e-10,26.579189129535564,-71.48681640625,,False,,,,,,302.1185697804044,106548750000.0,335.6872997560049,9.543546075700166e-13
16,dinkelbach_ee_isac,Dinkelbach EE-ISAC,ok,optimal,CLARABEL,0.01599373299995932,,276.1170931471189,4141756.3972067838,0.7339612980514979,2.597032280147137,1594803.587490306,106548749975.68118,2.8109092992970276e+18,2.8109092992970276e+18,2.8099832495654615e+18,3.5575676534639065e-19,0.0894061288762867,-4.182690116269533,4.259226773254348,0.06249999985531751,0.00020956385022591475,64,False,26.001476633285506,min_rate,3.685139193141946e-11,1.44682488212311e-10,0.2660387019485021,-26.001476633285506,-24.318817138671875,,False,5.0,True,1594803.5876142422,-0.000321866013109684,False,302.1185697804044,106548750000.0,335.6872997560049,9.543546075700166e-13
16,dinkelbach_ee_rmin_isac,Dinkelbach EE-ISAC (+R_min),ok,optimal,CLARABEL,0.011622270000316348,,302.11857008578573,4531778.551286786,0.8386931126404729,2.896266036115637,1564696.9217526151,106548749936.2052,2.8109092982555945e+18,2.8109092982555945e+18,2.809567871231031e+18,3.557567654781974e-19,0.08940612889284903,-5.857593060130163,1.811727884731678,0.0615873820563332,0.0001377358372436442,64,True,63.7947998046875,,3.326119592149121e-10,0.0009126179436668019,0.16130688735952714,3.053813202313904e-07,-63.7947998046875,,False,3.0,True,1564696.921805924,-0.00015439651906490326,True,302.1185697804044,106548750000.0,335.6872997560049,9.543546075700166e-13
17,uniform,Uniform,ok,closed_form,numpy,1.4270003703131806e-06,,330.0019600743342,4950029.401115013,1.0,3.357142857142857,1474476.842885323,76781250000.0,2.0255998281153943e+18,2.0255998281153943e+18,2.0255998281153943e+18,4.936809265680052e-19,0.10532073506634214,-13.256466474732292,-9.684463547443015,0.015625,0.0,64,False,29767500000.0,min_sensing,0.015625,0.046875,0.0,31.115234840708524,-29767500000.0,,,,,,,,298.88672523362567,106548750000.0,332.0963613706952,1.0966845669641087e-12
17,water_filling,Water-filling (comm. only),ok,closed_form,numpy,0.0001500319999649946,,332.0963613706952,4981445.420560428,0.9999999999992455,3.3571428571407016,1483834.8061253356,76977717793.62143,2.0307829311384602e+18,2.0307829311384602e+18,2.0304454105271813e+18,4.9242092035873e-19,0.10518624580841815,-13.30015785349087,-7.804626103915476,0.017010413724024787,1.2599967371112295e-05,62,False,29571032206.37857,min_sensing,0.0,0.04548958627597521,7.545075675352564e-13,33.20963613706954,-29571032206.37857,0.01708601374789554,,,,,,,298.88672523362567,106548750000.0,332.0963613706952,1.0966845669641087e-12
17,edge_weighted,Edge-weighted (∝ w_k),ok,closed_form,numpy,2.6670999886846403e-05,,271.69562166404455,4075434.324960668,1.0,3.357142857142857,1213959.1606265819,138161250000.0,3.644892525873283e+18,3.644892525873283e+18,3.644892525873283e+18,2.7435651199630616e-19,0.07851422418531084,-2.549921626385729,1.7017770590097698,0.045432692307692306,0.0001951694139194139,64,False,27.191103569581117,min_rate,1.1446886446886447e-05,0.017067307692307694,0.0,-27.191103569581117,31612500000.0,,,,,,,,298.88672523362567,106548750000.0,332.0963613706952,1.0966845669641087e-12
17,sensing_optimal,Sensing-optimal (max S),ok,closed_form,numpy,2.0353000309114577e-05,,112.32003992891826,1684800.598933774,1.0,3.357142857142857,501855.4975547412,177581250000.0,4.684848833230989e+18,4.684848833230989e+18,4.684848833230989e+18,2.1345405915911532e-19,0.0692536896294432,-0.2904600964737499,5.960647967914347,0.0625,0.000732421875,16,False,186.5666853047074,min_rate,0.0,0.0,0.0,-186.5666853047074,71032500000.0,,,,,,,,298.88672523362567,106548750000.0,332.0963613706952,1.0966845669641087e-12
17,min_power_isac,Min-power ISAC,ok,optimal,CLARABEL,0.005526457000087248,,298.8867267368519,4483300.901052779,0.8321358018215581,2.877530862347309,1558037.4687608331,106548750011.31396,2.810909300237072e+18,2.810909300237072e+18,2.810773999132694e+18,3.5575676522741594e-19,0.08940612886133678,-5.761627040419159,2.0741321321771737,0.062054090990872064,0.00014618776624669586,64,True,0.0,,8.449692853792748e-11,0.0004459090091279358,0.1678641981784419,1.503226258137147e-06,11.31396484375,,False,,,,,,298.88672523362567,106548750000.0,332.0963613706952,1.0966845669641087e-12
17,max_rate_isac,Max-rate ISAC,ok,optimal,CLARABEL,0.005272701999729179,,325.70499896258013,4885574.984438702,0.999999999652562,3.3571428561501775,1455277.6553695016,106548749973.9541,2.810909299251465e+18,2.810909299251465e+18,2.810476180757789e+18,3.5575676535215717e-19,0.08940612887701128,-7.949035240236807,-1.7852427695888702,0.03948517329784079,6.470015879741943e-05,64,True,26.0458984375,,6.797335724245093e-11,0.023014826702159208,3.474379672852024e-10,26.818273728954466,-26.0458984375,,False,,,,,,298.88672523362567,106548750000.0,332.0963613706952,1.0966845669641087e-12
17,dinkelbach_ee_isac,Dinkelbach EE-ISAC,ok,optimal,CLARABEL,0.015176108999639837,,273.2357838251323,4098536.757376984,0.727700938595844,2.5791455388452684,1589106.4291051894,106548749951.90738,2.810909298669841e+18,2.810909298669841e+18,2.810842466400929e+18,3.557567654257692e-19,0.08940612888626111,-4.094052996232954,4.476903637778006,0.062499999738602006,0.00021839358430987972,64,False,48.092620849609375,min_rate,1.8568623021058923e-12,2.6139799352842275e-10,0.27229906140415605,-25.650941408493395,-48.092620849609375,,False,5.0,True,1589106.4290194537,0.00022112485021352768,False,298.88672523362567,106548750000.0,332.0963613706952,1.0966845669641087e-12
17,dinkelbach_ee_rmin_isac,Dinkelbach EE-ISAC (+R_min),ok,optimal,CLARABEL,0.010587975999897026,,298.8867255125201,4483300.8826878015,0.8321357953605948,2.877530843887414,1558037.472373733,106548749953.30081,2.810909298706602e+18,2.810909298706602e+18,2.8107739901457623e+18,3.557567654211166e-19,0.08940612888567648,-5.761629513222407,2.074136835277106,0.06205409770527975,0.00014618797008402064,64,True,46.699188232421875,,1.0050454226690723e-11,0.00044590229472025317,0.1678642046394052,2.788944470921706e-07,-46.699188232421875,,False,3.0,True,1558037.4721406854,0.0006706016138195992,True,298.88672523362567,106548750000.0,332.0963613706952,1.0966845669641087e-12
18,uniform,Uniform,ok,closed_form,numpy,1.6409999261668418e-06,,321.5669952228345,4823504.928342517,1.0,3.357142857142857,1436788.7020594734,76781250000.0,2.0255998281153943e+18,2.0255998281153943e+18,2.0255998281153943e+18,4.936809265680052e-19,0.10532073506634214,-13.256466474732292,-9.684463547443015,0.015625,0.0,64,False,29767500000.0,min_sensing,0.015625,0.046875,0.0,31.83807742140897,-29767500000.0,,,,,,,,289.72891780142555,106548750000.0,321.9210197793617,9.008555498187559e-13
18,water_filling,Water-filling (comm. only),ok,closed_form,numpy,0.00019454699986454216,,321.9210197793617,4828815.296690426,0.999999999999933,3.3571428571426662,1438370.5139078682,76353120927.71434,2.0143051673064986e+18,2.0143051673064986e+18,2.0142505386269716e+18,4.964491062380515e-19,0.10561560079016656,-13.867941280853147,-9.419988964558787,0.016532223901096543,2.535997514956437e-06,64,False,30195629072.28566,min_sensing,0.007150198597308305,0.04596777609890346,6.694644838489694e-14,32.19210197793615,-30195629072.28566,0.016609261799540354,,,,,,,289.72891780142555,106548750000.0,321.9210197793617,9.008555498187559e-13
18,edge_weighted,Edge-weighted (∝ w_k),ok,closed_form,numpy,2.689199982341961e-05,,263.8796205088174,3958194.3076322614,1.0,3.357142857142857,1179036.6022734395,138161250000.0,3.644892525873283e+18,3.644892525873283e+18,3.644892525873283e+18,2.7435651199630616e-19,0.07851422418531084,-2.549921626385729,1.7017770590097698,0.045432692307692306,0.0001951694139194139,64,False,25.849297292608128,min_rate,1.1446886446886447e-05,0.017067307692307694,0.0,-25.849297292608128,31612500000.0,,,,,,,,289.72891780142555,106548750000.0,321.9210197793617,9.008555498187559e-13
18,sensing_optimal,Sensing-optimal (max S),ok,closed_form,numpy,2.0251000023563392e-05,,117.76402437304037,1766460.3655956055,1.0,3.357142857142857,526179.6833689037,177581250000.0,4.684848833230989e+18,4.684848833230989e+18,4.684848833230989e+18,2.1345405915911532e-19,0.0692536896294432,-0.2904600964737499,5.960647967914347,0.0625,0.000732421875,16,False,171.96489342838518,min_rate,0.0,0.0,0.0,-171.96489342838518,71032500000.0,,,,,,,,289.72891780142555,106548750000.0,321.9210197793617,9.008555498187559e-13
18,min_power_isac,Min-power ISAC,ok,optimal,CLARABEL,0.005671521000294888,,289.7289185686278,4345933.778529418,0.8434514234383895,2.90986120982397,1493519.2660932175,106548750007.0282,2.8109093001240074e+18,2.8109093001240074e+18,2.8108445640046756e+18,3.557567652417257e-19,0.08940612886313488,-5.998752826591436,1.6929470089656458,0.060015091802039275,0.00013425239087451826,64,True,0.0,,0.004096492704887939,0.002484908197960725,0.15654857656161048,7.672022661608935e-07,7.0281982421875,,False,,,,,,289.72891780142555,106548750000.0,321.9210197793617,9.008555498187559e-13
18,max_rate_isac,Max-rate ISAC,ok,optimal,CLARABEL,0.005572553000092739,,315.04191700150454,4725628.755022568,0.999999998810098,3.3571428537431376,1407634.0986662512,106548749905.87984,2.8109092974555684e+18,2.8109092974555684e+18,2.810854708002422e+18,3.5575676557945104e-19,0.08940612890557219,-8.083029914931721,-2.085642412000813,0.03961939050545712,5.6449593296747175e-05,64,True,94.12016296386719,,0.007930261193118567,0.022880609494542882,1.1899019547456646e-09,25.31299920007899,-94.12016296386719,,False,,,,,,289.72891780142555,106548750000.0,321.9210197793617,9.008555498187559e-13
18,dinkelbach_ee_isac,Dinkelbach EE-ISAC,ok,optimal,CLARABEL,0.023338624999723834,,264.65210908210247,3969781.636231537,0.7384381885393678,2.609823395826765,1521092.056489114,106548749945.95113,2.810909298512706e+18,2.810909298512706e+18,2.810843522865893e+18,3.5575676544565664e-19,0.0894061288887601,-4.342155557370315,4.211031659264965,0.06249999969668429,0.00020862242934559594,64,False,54.04887390136719,min_rate,0.001472494502319295,3.0331571282404823e-10,0.2615618114606322,-25.076808719323083,-54.04887390136719,,False,5.0,True,1521092.0563771036,0.00029232725501060486,False,289.72891780142555,106548750000.0,321.9210197793617,9.008555498187559e-13
18,dinkelbach_ee_rmin_isac,Dinkelbach EE-ISAC (+R_min),ok,optimal,CLARABEL,0.013187012999424041,,289.7289180809451,4345933.771214177,0.8434514208598171,2.90986120245662,1493519.267360645,106548749935.51987,2.810909298237515e+18,2.810909298237515e+18,2.810844648985834e+18,3.5575676548048564e-19,0.08940612889313657,-5.998733767243612,1.6929039522827587,0.060014993247781125,0.0001342505811191963,64,True,64.48013305664062,,0.004096349134103811,0.0024850067522188754,0.15654857914018294,2.795195541693829e-07,-64.48013305664062,,False,3.0,True,1493519.2675996444,-0.0006954548880457878,True,289.72891780142555,106548750000.0,321.9210197793617,9.008555498187559e-13
19,uniform,Uniform,ok,closed_form,numpy,1.488000179961091e-06,,307.305045847305,4609575.687709575,1.0,3.357142857142857,1373065.0984666818,76781250000.0,2.0255998281153943e+18,2.0255998281153943e+18,2.0255998281153943e+18,4.936809265680052e-19,0.10532073506634214,-13.256466474732292,-9.684463547443015,0.015625,0.0,64,False,29767500000.0,min_sensing,0.015625,0.046875,0.0,28.995295700291194,-29767500000.0,,,,,,,,278.3097501470138,106548750000.0,309.2330557189042,8.755913913734926e-13
19,water_filling,Water-filling (comm. only),ok,closed_form,numpy,0.00020275199995012372,,309.2330557189042,4638495.835783564,1.0000000000003262,3.3571428571437893,1381679.6106585502,79425761891.55429,2.0953658560581732e+18,2.0953658560581732e+18,2.0953020697099144e+18,4.772436265050208e-19,0.10355254473460888,-11.447580115859404,-7.131402369572849,0.017371012890945895,1.3577677064130542e-05,62,False,27122988108.44571,min_sensing,0.0,0.04512898710905411,-3.26183524634871e-13,30.92330557189041,-27122988108.44571,0.017449144026019332,,,,,,,278.3097501470138,106548750000.0,309.2330557189042,8.755913913734926e-13
19,edge_weighted,Edge-weighted (∝ w_k),ok,closed_form,numpy,2.7104000309918774e-05,,261.6984536610719,3925476.804916078,1.0,3.357142857142857,1169290.9631664914,138161250000.0,3.644892525873283e+18,3.644892525873283e+18,3.644892525873283e+18,2.7435651199630616e-19,0.07851422418531084,-2.549921626385729,1.7017770590097698,0.045432692307692306,0.0001951694139194139,64,False,16.61129648594192,min_rate,1.1446886446886447e-05,0.017067307692307694,0.0,-16.61129648594192,31612500000.0,,,,,,,,278.3097501470138,106548750000.0,309.2330557189042,8.755913913734926e-13
19,sensing_optimal,Sensing-optimal (max S),ok,closed_form,numpy,1.993000023503555e-05,,108.94178705203767,1634126.8057805651,1.0,3.357142857142857,486761.17618995556,177581250000.0,4.684848833230989e+18,4.684848833230989e+18,4.684848833230989e+18,2.1345405915911532e-19,0.0692536896294432,-0.2904600964737499,5.960647967914347,0.0625,0.000732421875,16,False,169.36796309497612,min_rate,0.0,0.0,0.0,-169.36796309497612,71032500000.0,,,,,,,,278.3097501470138,106548750000.0,309.2330557189042,8.755913913734926e-13
19,min_power_isac,Min-power ISAC,ok,optimal,CLARABEL,0.005630517000099644,,278.3097529810122,4174646.294715183,0.8311091876015813,2.8745976788616607,1452254.1103450486,106548750033.20505,2.8109093008145905e+18,2.8109093008145905e+18,2.810900800914258e+18,3.5575676515432353e-19,0.08940612885215227,-5.269802629411116,1.7505327199556187,0.05865347144250704,0.00013267104045473744,64,True,0.0,,1.9118378105928327e-10,0.0038465285574929634,0.16889081239841874,2.833998394180526e-06,33.205047607421875,,False,,,,,,278.3097501470138,106548750000.0,309.2330557189042,8.755913913734926e-13
19,max_rate_isac,Max-rate ISAC,ok,optimal,CLARABEL,0.005239902999619517,,303.90217325367416,4558532.598805113,0.9999999994321922,3.357142855520549,1357860.7747683348,106548749957.33391,2.8109092988130007e+18,2.8109092988130007e+18,2.8108794782928297e+18,3.557567654076505e-19,0.08940612888398437,-7.334823224522468,-2.051285054733258,0.03770321739522539,5.7337092947096305e-05,64,True,42.66609191894531,,7.594408591689727e-11,0.02479678260477461,5.678078007775866e-10,25.592423106660362,-42.66609191894531,,False,,,,,,278.3097501470138,106548750000.0,309.2330557189042,8.755913913734926e-13
19,dinkelbach_ee_isac,Dinkelbach EE-ISAC,ok,optimal_inaccurate,CLARABEL,0.017037074999734614,,255.23842799785746,3828576.419967862,0.7307051911894977,2.587729117684279,1479512.0531757972,106548749888.51993,2.8109092969975885e+18,2.8109092969975885e+18,2.8108425974401777e+18,3.5575676563741426e-19,0.08940612891285563,-3.8838843316057043,4.203995135274382,0.062499999259843356,0.00020562264410282704,64,False,111.48007202148438,min_rate,8.298690801550151e-12,7.401566443077101e-10,0.2692948088105023,-23.071322149156344,-111.48007202148438,,True,5.0,True,1479512.0528701493,0.0007909340783953667,False,278.3097501470138,106548750000.0,309.2330557189042,8.755913913734926e-13
19,dinkelbach_ee_rmin_isac,Dinkelbach EE-ISAC (+R_min),ok,optimal,CLARABEL,0.011897041000338504,,278.30975039199507,4174646.255879926,0.8311091722706277,2.8745976350589366,1452254.1189644912,106548749939.5281,2.8109092983432576e+18,2.8109092983432576e+18,2.8109004806601395e+18,3.557567654671025e-19,0.08940612889145488,-5.269865203713318,1.7505254557629477,0.058658212267890385,0.00013267086009986493,64,True,60.471893310546875,,1.0563257683042063e-11,0.0038417877321096153,0.16889082772937225,2.449812654958805e-07,-60.471893310546875,,False,3.0,True,1452254.1187229536,0.00069432333111763,True,278.3097501470138,106548750000.0,309.2330557189042,8.755913913734926e-13
20,uniform,Uniform,ok,closed_form,numpy,1.5420000636368059e-06,,313.0970170996087,4696455.256494131,1.0,3.357142857142857,1398944.1189556986,76781250000.0,2.0255998281153943e+18,2.0255998281153943e+18,2.0255998281153943e+18,4.936809265680052e-19,0.10532073506634214,-13.256466474732292,-9.684463547443015,0.015625,0.0,64,False,29767500000.0,min_sensing,0.015625,0.046875,0.0,30.325865613615747,-29767500000.0,,,,,,,,282.77115148599296,106548750000.0,314.19016831777,1.001573223303831e-12
20,water_filling,Water-filling (comm. only),ok,closed_form,numpy,0.000147276999996393,,314.19016831777,4712852.5247665495,1.0000000000007558,3.357142857145017,1403828.4116316861,78947450883.78815,2.0827473236024394e+18,2.0827473236024394e+18,2.0827472612841073e+18,4.801350546307953e-19,0.10386576274722485,-12.099370549641266,-7.7865987856736325,0.017135026268556793,8.681637033260849e-06,63,False,27601299116.211853,min_sensing,0.0,0.04536497373144321,-7.558398351648066e-13,31.419016831777014,-27601299116.211853,0.017207238511555735,,,,,,,282.77115148599296,106548750000.0,314.19016831777,1.001573223303831e-12
20,edge_weighted,Edge-weighted (∝ w_k),ok,closed_form,numpy,2.6545999844529433e-05,,268.13716871485013,4022057.530722752,1.0,3.357142857142857,1198059.690002522,138161250000.0,3.644892525873283e+18,3.644892525873283e+18,3.644892525873283e+18,2.7435651199630616e-19,0.07851422418531084,-2.549921626385729,1.7017770590097698,0.045432692307692306,0.0001951694139194139,64,False,14.633982771142826,min_rate,1.1446886446886447e-05,0.017067307692307694,0.0,-14.633982771142826,31612500000.0,,,,,,,,282.77115148599296,106548750000.0,314.19016831777,1.001573223303831e-12
20,sensing_optimal,Sensing-optimal (max S),ok,closed_form,numpy,2.0338000012998236e-05,,122.59883112473369,1838982.4668710055,1.0,3.357142857142857,547782.0114083847,177581250000.0,4.684848833230989e+18,4.684848833230989e+18,4.684848833230989e+18,2.1345405915911532e-19,0.0692536896294432,-0.2904600964737499,5.960647967914347,0.0625,0.000732421875,16,False,160.17232036125927,min_rate,0.0,0.0,0.0,-160.17232036125927,71032500000.0,,,,,,,,282.77115148599296,106548750000.0,314.19016831777,1.001573223303831e-12
20,min_power_isac,Min-power ISAC,ok,optimal,CLARABEL,0.005411311999978352,,282.77115582183774,4241567.337327566,0.8310203880251374,2.874343965786107,1475664.4952085738,106548750047.54681,2.8109093011929467e+18,2.8109093011929467e+18,2.810903597872161e+18,3.557567651064377e-19,0.08940612884613511,-5.345571671413216,1.6175536301996658,0.05860469365558804,0.0001270284716066672,64,True,0.0,,3.240365480426301e-10,0.0038953063444119584,0.16897961197486255,4.335844778324827e-06,47.54681396484375,,False,,,,,,282.77115148599296,106548750000.0,314.19016831777,1.001573223303831e-12
20,max_rate_isac,Max-rate ISAC,ok,optimal,CLARABEL,0.005470919999879698,,308.6558944957028,4629838.417435542,0.9999999991170088,3.357142854620025,1379100.806229935,106548749939.62408,2.8109092983457905e+18,2.8109092983457905e+18,2.810906724276223e+18,3.5575676546678198e-19,0.08940612889141462,-7.510659624419688,-2.1597195240277265,0.037718220373084775,5.441161918740667e-05,64,True,60.37591552734375,,2.2297529292464362e-10,0.024781779626915225,8.829912356844716e-10,25.884743009709837,-60.37591552734375,,False,,,,,,282.77115148599296,106548750000.0,314.19016831777,1.001573223303831e-12
20,dinkelbach_ee_isac,Dinkelbach EE-ISAC,ok,optimal,CLARABEL,0.01625880499886989,,258.2882130117729,3874323.195176593,0.7259617622835388,2.574176463667254,1505072.884419551,106548749953.28079,2.8109092987060736e+18,2.8109092987060736e+18,2.810652801527902e+18,3.5575676542118347e-19,0.08940612888568489,-3.847683354238365,4.216459808064669,0.06249999966887011,0.00020375702134751614,64,False,46.719207763671875,min_rate,4.215066568282632e-12,3.3112988739869564e-10,0.2740382377164612,-24.482938474220077,-46.719207763671875,,False,5.0,True,1505072.8842934612,0.00032457709312438965,False,282.77115148599296,106548750000.0,314.19016831777,1.001573223303831e-12
20,dinkelbach_ee_rmin_isac,Dinkelbach EE-ISAC (+R_min),ok,optimal,CLARABEL,0.011836152999876504,,282.77115202098076,4241567.280314712,0.8310203661340019,2.8743439032400055,1475664.507484143,106548749938.36165,2.810909298312485e+18,2.810909298312485e+18,2.810903624271902e+18,3.557567654709972e-19,0.08940612889194428,-5.3455620257578484,1.617525671530813,0.05860283782197178,0.00012702735779436487,64,True,61.63835144042969,,3.4619658961468657e-11,0.00389716217802822,0.16897963386599812,5.34987805167475e-07,-61.63835144042969,,False,3.0,True,1475664.5066126734,0.0025049028918147087,True,282.77115148599296,106548750000.0,314.19016831777,1.001573223303831e-12
21,uniform,Uniform,ok,closed_form,numpy,1.571999746374786e-06,,312.22971853642275,4683445.778046342,1.0,3.357142857142857,1395068.95516274,76781250000.0,2.0255998281153943e+18,2.0255998281153943e+18,2.0255998281153943e+18,4.936809265680052e-19,0.10532073506634214,-13.256466474732292,-9.684463547443015,0.015625,0.0,64,False,29767500000.0,min_sensing,0.015625,0.046875,0.0,30.483272844157455,-29767500000.0,,,,,,,,281.7464456922653,106548750000.0,313.0516063247392,8.77196846679768e-13
21,water_filling,Water-filling (comm. only),ok,closed_form,numpy,0.00014940899973225896,,313.0516063247392,4695774.094871088,0.9999999999999817,3.357142857142805,1398741.2197488565,75696373834.17387,1.9969792342200893e+18,1.9969792342200893e+18,1.995694745457998e+18,5.007563337986062e-19,0.10607277552307659,-14.16382631975512,-9.189972178823119,0.016756062100705904,5.340023803002814e-06,63,False,30852376165.826126,min_sensing,0.0,0.045743937899294096,1.8318679906315083e-14,31.305160632473928,-30852376165.826126,0.016817776933229348,,,,,,,281.7464456922653,106548750000.0,313.0516063247392,8.77196846679768e-13
21,edge_weighted,Edge-weighted (∝ w_k),ok,closed_form,numpy,2.757800029939972e-05,,254.66451429575295,3819967.714436294,1.0,3.357142857142857,1137862.723449109,138161250000.0,3.644892525873283e+18,3.644892525873283e+18,3.644892525873283e+18,2.7435651199630616e-19,0.07851422418531084,-2.549921626385729,1.7017770590097698,0.045432692307692306,0.0001951694139194139,64,False,27.081931396512346,min_rate,1.1446886446886447e-05,0.017067307692307694,0.0,-27.081931396512346,31612500000.0,,,,,,,,281.7464456922653,106548750000.0,313.0516063247392,8.77196846679768e-13
21,sensing_optimal,Sensing-optimal (max S),ok,closed_form,numpy,2.1629000002576504e-05,,109.38883484836316,1640832.5227254473,1.0,3.357142857142857,488758.6237905588,177581250000.0,4.684848833230989e+18,4.684848833230989e+18,4.684848833230989e+18,2.1345405915911532e-19,0.0692536896294432,-0.2904600964737499,5.960647967914347,0.0625,0.000732421875,16,False,172.35761084390214,min_rate,0.0,0.0,0.0,-172.35761084390214,71032500000.0,,,,,,,,281.7464456922653,106548750000.0,313.0516063247392,8.77196846679768e-13
21,min_power_isac,Min-power ISAC,ok,optimal,CLARABEL,0.0054872079999768175,,281.74644898976305,4226196.734846446,0.847218393093129,2.920623980266083,1447018.4328423608,106548750035.05951,2.8109093008635136e+18,2.8109093008635136e+18,2.809721195874467e+18,3.5575676514813167e-19,0.08940612885137421,-6.104070260962206,1.69954805228071,0.06050295500490619,0.00013622433519253294,64,True,0.0,,7.819694382262271e-10,0.0019970449950938093,0.15278160690687104,3.297497755738732e-06,35.05950927734375,,False,,,,,,281.7464456922653,106548750000.0,313.0516063247392,8.77196846679768e-13
21,max_rate_isac,Max-rate ISAC,ok,optimal,CLARABEL,0.00549046800006181,,306.04679745602493,4590701.961840374,0.9999999989950836,3.3571428542716677,1367443.138738976,106548749921.56316,2.810909297869317e+18,2.810909297869317e+18,2.8093814634240364e+18,3.557567655270858e-19,0.08940612889899217,-8.182170597852515,-1.8937072693886527,0.04094949256645669,6.189556186402925e-05,64,True,78.43684387207031,,7.579821832470591e-10,0.02155050743354331,1.0049163723380161e-09,24.300351763759636,-78.43684387207031,,False,,,,,,281.7464456922653,106548750000.0,313.0516063247392,8.77196846679768e-13
21,dinkelbach_ee_isac,Dinkelbach EE-ISAC,ok,optimal,CLARABEL,0.017992424000567553,,257.68226307828627,3865233.946174294,0.7436300813689192,2.624657375339769,1472662.2920349475,106548749979.94635,2.81090929940955e+18,2.81090929940955e+18,2.8097570323451684e+18,3.557567653321495e-19,0.08940612887449721,-4.4501832704033015,4.136438203778755,0.06249999982515847,0.00020735684885637778,64,False,24.06418261397903,min_rate,3.23171327357812e-11,1.7484153014279968e-10,0.25636991863108083,-24.06418261397903,-20.05364990234375,,False,5.0,True,1472662.2918041628,0.0006057312712073326,False,281.7464456922653,106548750000.0,313.0516063247392,8.77196846679768e-13
21,dinkelbach_ee_rmin_isac,Dinkelbach EE-ISAC (+R_min),ok,optimal,CLARABEL,0.012245194000115589,,281.7464461546979,4226196.692320468,0.8472183771173265,2.920623934620933,1447018.4408965972,106548749927.85309,2.8109092980352543e+18,2.8109092980352543e+18,2.8097211647110907e+18,3.557567655060843e-19,0.0894061288963532,-6.104072875880671,1.6995369859626088,0.06050715319756185,0.00013622388899992536,64,True,72.14691162109375,,1.5533980912247667e-10,0.00199284680243815,0.1527816228826735,4.6243258111644536e-07,-72.14691162109375,,False,3.0,True,1447018.440243501,0.0019074482843279839,True,281.7464456922653,106548750000.0,313.0516063247392,8.77196846679768e-13
22,uniform,Uniform,ok,closed_form,numpy,1.6100002540042624e-06,,331.7797763544016,4976696.645316023,1.0,3.357142857142857,1482420.2773281771,76781250000.0,2.0255998281153943e+18,2.0255998281153943e+18,2.0255998281153943e+18,4.936809265680052e-19,0.10532073506634214,-13.256466474732292,-9.684463547443015,0.015625,0.0,64,False,29767500000.0,min_sensing,0.015625,0.046875,0.0,32.86415169000401,-29767500000.0,,,,,,,,298.91562466439757,106548750000.0,332.1284718493306,1.010126137668185e-12
22,water_filling,Water-filling (comm. only),ok,closed_form,numpy,0.00014884299980622018,,332.1284718493306,4981927.077739959,1.0000000000004852,3.3571428571442437,1483978.2784751195,75835399273.19942,2.0006469252956298e+18,2.0006469252956298e+18,1.9997472376366195e+18,4.998383209732186e-19,0.10597550182775686,-13.585763863883411,-9.546607744503406,0.01644593795821159,2.6017952351936766e-06,64,False,30713350726.800583,min_sensing,0.005935369749808642,0.04605406204178841,-4.851674617611934e-13,33.212847184933025,-30713350726.800583,0.016513679555579964,,,,,,,298.91562466439757,106548750000.0,332.1284718493306,1.010126137668185e-12
22,edge_weighted,Edge-weighted (∝ w_k),ok,closed_form,numpy,2.5912000182870543e-05,,273.61232651848707,4104184.897777306,1.0,3.357142857142857,1222523.1610400486,138161250000.0,3.644892525873283e+18,3.644892525873283e+18,3.644892525873283e+18,2.7435651199630616e-19,0.07851422418531084,-2.549921626385729,1.7017770590097698,0.045432692307692306,0.0001951694139194139,64,False,25.303298145910503,min_rate,1.1446886446886447e-05,0.017067307692307694,0.0,-25.303298145910503,31612500000.0,,,,,,,,298.91562466439757,106548750000.0,332.1284718493306,1.010126137668185e-12
22,sensing_optimal,Sensing-optimal (max S),ok,closed_form,numpy,1.9811000129266176e-05,,109.03782259874913,1635567.338981237,1.0,3.357142857142857,487190.2711859004,177581250000.0,4.684848833230989e+18,4.684848833230989e+18,4.684848833230989e+18,2.1345405915911532e-19,0.0692536896294432,-0.2904600964737499,5.960647967914347,0.0625,0.000732421875,16,False,189.87780206564844,min_rate,0.0,0.0,0.0,-189.87780206564844,71032500000.0,,,,,,,,298.91562466439757,106548750000.0,332.1284718493306,1.010126137668185e-12
22,min_power_isac,Min-power ISAC,ok,optimal,CLARABEL,0.0058907390002787,,298.91562780085565,4483734.417012835,0.8420102921365022,2.905743691818578,1543059.1588780705,106548750033.36142,2.8109093008187156e+18,2.8109093008187156e+18,2.8098410239301453e+18,3.557567651538014e-19,0.08940612885208665,-5.911076314836929,1.7642648550669278,0.06166794236289287,0.0001368987102782719,64,True,0.0,,0.004820588451772688,0.0008320576371071281,0.15798970786349775,3.1364580763693084e-06,33.361419677734375,,False,,,,,,298.91562466439757,106548750000.0,332.1284718493306,1.010126137668185e-12
22,max_rate_isac,Max-rate ISAC,ok,optimal,CLARABEL,0.005739137000091432,,324.94632463557036,4874194.869533556,0.9999999989086944,3.357142854024841,1451887.8348265514,106548749915.5023,2.8109092977094226e+18,2.8109092977094226e+18,2.8100094327114737e+18,3.557567655473225e-19,0.08940612890153503,-7.970815579263312,-2.0965451735837606,0.04030822139624217,5.622286147600211e-05,64,True,84.49769592285156,,0.008457481780499284,0.02219177860375783,1.0913056014416611e-09,26.030699971172794,-84.49769592285156,,False,,,,,,298.91562466439757,106548750000.0,332.1284718493306,1.010126137668185e-12
22,dinkelbach_ee_isac,Dinkelbach EE-ISAC,ok,optimal,CLARABEL,0.014975711000261072,,273.06009844888393,4095901.476733259,0.7368028798796185,2.6051510853703386,1572231.8370456432,106548749951.24167,2.8109092986522783e+18,2.8109092986522783e+18,2.809902675295922e+18,3.5575676542799196e-19,0.08940612888654041,-4.262915974844913,4.299147695115938,0.06249999971864535,0.0002131541229005876,64,False,48.758331298828125,min_rate,0.0025246610305654535,2.8135464791301246e-10,0.26319712012038154,-25.855526215513635,-48.758331298828125,,False,5.0,True,1572231.8369809503,0.00016853492707014084,False,298.91562466439757,106548750000.0,332.1284718493306,1.010126137668185e-12
22,dinkelbach_ee_rmin_isac,Dinkelbach EE-ISAC (+R_min),ok,optimal,CLARABEL,0.012223410999922635,,298.9156249314542,4483734.373971813,0.8420102768539802,2.905743648154229,1543059.1672530875,106548749945.65167,2.8109092985048064e+18,2.8109092985048064e+18,2.8098397118859694e+18,3.5575676544665644e-19,0.08940612888888572,-5.911139359211974,1.7643192121981597,0.061669713454438606,0.00013690108658920695,64,True,54.34832763671875,,0.004820373008305068,0.0008302865455613942,0.15798972314601978,2.6705663458415074e-07,-54.34832763671875,,False,3.0,True,1543059.1666148102,0.0018546702340245247,True,298.91562466439757,106548750000.0,332.1284718493306,1.010126137668185e-12
23,uniform,Uniform,ok,closed_form,numpy,1.7009997463901527e-06,,327.16107559035635,4907416.133855346,1.0,3.357142857142857,1461783.529233507,76781250000.0,2.0255998281153943e+18,2.0255998281153943e+18,2.0255998281153943e+18,4.936809265680052e-19,0.10532073506634214,-13.256466474732292,-9.684463547443015,0.015625,0.0,64,False,29767500000.0,min_sensing,0.015625,0.046875,0.0,32.37419335784301,-29767500000.0,,,,,,,,294.78688223251334,106548750000.0,327.54098025834816,1.0677953656348195e-12
23,water_filling,Water-filling (comm. only),ok,closed_form,numpy,0.0001446379997105396,,327.54098025834816,4913114.703875222,1.0000000000009213,3.3571428571454893,1463480.975621259,76278460200.78925,2.0123355099275622e+18,2.0123355099275622e+18,2.0115413159271785e+18,4.969350265234831e-19,0.1056672759873768,-13.596917867120267,-9.392166757214055,0.016586783148003544,2.765439933813765e-06,64,False,30270289799.210754,min_sensing,0.006255503446085955,0.04591321685199645,-9.212630658339549e-13,32.75409802583482,-30270289799.210754,0.01664893858046823,,,,,,,294.78688223251334,106548750000.0,327.54098025834816,1.0677953656348195e-12
23,edge_weighted,Edge-weighted (∝ w_k),ok,closed_form,numpy,2.7225999929214595e-05,,268.8361936873644,4032542.9053104664,1.0,3.357142857142857,1201182.9930712027,138161250000.0,3.644892525873283e+18,3.644892525873283e+18,3.644892525873283e+18,2.7435651199630616e-19,0.07851422418531084,-2.549921626385729,1.7017770590097698,0.045432692307692306,0.0001951694139194139,64,False,25.95068854514892,min_rate,1.1446886446886447e-05,0.017067307692307694,0.0,-25.95068854514892,31612500000.0,,,,,,,,294.78688223251334,106548750000.0,327.54098025834816,1.0677953656348195e-12
23,sensing_optimal,Sensing-optimal (max S),ok,closed_form,numpy,2.0558999949571444e-05,,107.68949081107199,1615342.36216608,1.0,3.357142857142857,481165.8100069174,177581250000.0,4.684848833230989e+18,4.684848833230989e+18,4.684848833230989e+18,2.1345405915911532e-19,0.0692536896294432,-0.2904600964737499,5.960647967914347,0.0625,0.000732421875,16,False,187.09739142144133,min_rate,0.0,0.0,0.0,-187.09739142144133,71032500000.0,,,,,,,,294.78688223251334,106548750000.0,327.54098025834816,1.0677953656348195e-12
23,min_power_isac,Min-power ISAC,ok,optimal,CLARABEL,0.005672059000062291,,294.7868857317111,4421803.285975667,0.8402572130727193,2.9007348944934837,1524373.4594187336,106548750036.4132,2.810909300899226e+18,2.810909300899226e+18,2.809965209731574e+18,3.557567651436118e-19,0.08940612885080626,-5.857282303869992,1.7347742947593532,0.06101764127107803,0.00013507189885140298,64,True,0.0,,0.0022307518752439936,0.0014823587289219675,0.15974278692728072,3.499197759992967e-06,36.41319274902344,,False,,,,,,294.78688223251334,106548750000.0,327.54098025834816,1.0677953656348195e-12
23,max_rate_isac,Max-rate ISAC,ok,optimal,CLARABEL,0.005515125000329135,,320.6607893253777,4809911.839880666,0.9999999990562027,3.357142854446294,1432739.698136552,106548749929.3733,2.8109092980753597e+18,2.8109092980753597e+18,2.810114470550528e+18,3.5575676550100845e-19,0.08940612889571539,-7.967106193348005,-2.119909759120361,0.04003199122191463,5.566537282943646e-05,64,True,70.62669372558594,,0.006107724882720382,0.02246800877808537,9.437972625647717e-10,25.873907092864386,-70.62669372558594,,False,,,,,,294.78688223251334,106548750000.0,327.54098025834816,1.0677953656348195e-12
23,dinkelbach_ee_isac,Dinkelbach EE-ISAC,ok,optimal,CLARABEL,0.015220875000522938,,268.7482955346232,4031224.433019348,0.7326517381156504,2.59329068033043,1554482.289083652,106548749949.02423,2.810909298593779e+18,2.810909298593779e+18,2.8098008019869737e+18,3.5575676543539577e-19,0.08940612888747074,-4.157268535675186,4.2901887581593705,0.06249999969659924,0.0002107023972787302,64,False,50.97576904296875,min_rate,4.296925030228384e-10,3.034007628466284e-10,0.26734826188434957,-26.03858669789014,-50.97576904296875,,False,5.0,True,1554482.288910298,0.000449557788670063,False,294.78688223251334,106548750000.0,327.54098025834816,1.0677953656348195e-12
23,dinkelbach_ee_rmin_isac,Dinkelbach EE-ISAC (+R_min),ok,optimal,CLARABEL,0.011400138999761111,,294.78688236732694,4421803.235509904,0.8402571958040164,2.9007348451543327,1524373.467949513,106548749979.6951,2.810909299402921e+18,2.810909299402921e+18,2.8099639394905375e+18,3.557567653329885e-19,0.08940612887460263,-5.857303956680106,1.7347948812192706,0.06101692143363215,0.00013507293688369424,64,True,20.304901123046875,,0.0022309538097770427,0.0014830785663678472,0.15974280419598363,1.348136038359371e-07,-20.304901123046875,,False,3.0,True,1524373.4671975651,0.0021812021732330322,True,294.78688223251334,106548750000.0,327.54098025834816,1.0677953656348195e-12
24,uniform,Uniform,ok,closed_form,numpy,1.6399999367422424e-06,,343.60733740751914,5154110.061112787,1.0,3.357142857142857,1535266.826714447,76781250000.0,2.0255998281153943e+18,2.0255998281153943e+18,2.0255998281153943e+18,4.936809265680052e-19,0.10532073506634214,-13.256466474732292,-9.684463547443015,0.015625,0.0,64,False,29767500000.0,min_sensing,0.015625,0.046875,0.0,34.22895075687853,-29767500000.0,,,,,,,,309.3783866506406,106548750000.0,343.7537629451562,1.2439551569690414e-12
24,water_filling,Water-filling (comm. only),ok,closed_form,numpy,0.00015012699986982625,,343.7537629451562,5156306.4441773435,1.0000000000004907,3.357142857144259,1535921.0684777163,76643797742.67111,2.0219736398361014e+18,2.0219736398361014e+18,2.0219673686365512e+18,4.945662892425535e-19,0.1054151333639288,-13.432838916393766,-9.581257016842882,0.01631205176062345,9.149989762605592e-07,64,False,29904952257.328888,min_sensing,0.012126718027589382,0.04618794823937655,-4.907185768843192e-13,34.375376294515604,-29904952257.328888,0.016368225771246664,,,,,,,309.3783866506406,106548750000.0,343.7537629451562,1.2439551569690414e-12
24,edge_weighted,Edge-weighted (∝ w_k),ok,closed_form,numpy,2.775799976006965e-05,,285.6816281317766,4285224.421976649,1.0,3.357142857142857,1276449.8278228317,138161250000.0,3.644892525873283e+18,3.644892525873283e+18,3.644892525873283e+18,2.7435651199630616e-19,0.07851422418531084,-2.549921626385729,1.7017770590097698,0.045432692307692306,0.0001951694139194139,64,False,23.696758518863987,min_rate,1.1446886446886447e-05,0.017067307692307694,0.0,-23.696758518863987,31612500000.0,,,,,,,,309.3783866506406,106548750000.0,343.7537629451562,1.2439551569690414e-12
24,sensing_optimal,Sensing-optimal (max S),ok,closed_form,numpy,2.0295000012993114e-05,,115.60696074893826,1734104.411234074,1.0,3.357142857142857,516541.7395165327,177581250000.0,4.684848833230989e+18,4.684848833230989e+18,4.684848833230989e+18,2.1345405915911532e-19,0.0692536896294432,-0.2904600964737499,5.960647967914347,0.0625,0.000732421875,16,False,193.77142590170234,min_rate,0.0,0.0,0.0,-193.77142590170234,71032500000.0,,,,,,,,309.3783866506406,106548750000.0,343.7537629451562,1.2439551569690414e-12
24,min_power_isac,Min-power ISAC,ok,optimal,CLARABEL,0.005689055999937409,,309.3783898013611,4640675.8470204165,0.8356278811131141,2.8875082317517546,1607155.8847834258,106548750032.64558,2.810909300799831e+18,2.810909300799831e+18,2.810901722998025e+18,3.5575676515619154e-19,0.08940612885238698,-5.788919052431346,1.8524049160844689,0.061874549936682906,0.0001379635977861316,64,True,0.0,,0.0033780186614290365,0.0006254500633170942,0.16437211888688585,3.150720488065417e-06,32.64558410644531,,False,,,,,,309.3783866506406,106548750000.0,343.7537629451562,1.2439551569690414e-12
24,max_rate_isac,Max-rate ISAC,ok,optimal,CLARABEL,0.0052771410000787,,336.8099390170807,5052149.0852562105,0.9999999995889763,3.357142855968504,1504895.472730401,106548749971.6965,2.8109092991919063e+18,2.8109092991919063e+18,2.8109029926244326e+18,3.557567653596951e-19,0.08940612887795849,-7.945708591808164,-2.1783639903434224,0.039660400428612325,5.399368479608168e-05,64,True,28.303497314453125,,0.007199885908283928,0.022839599571387675,4.110236595522565e-10,27.431552366440087,-28.303497314453125,,False,,,,,,309.3783866506406,106548750000.0,343.7537629451562,1.2439551569690414e-12
24,dinkelbach_ee_isac,Dinkelbach EE-ISAC,ok,optimal,CLARABEL,0.016422066000359337,,282.26045718896063,4233906.857834409,0.7288719061154525,2.5824911603298646,1639466.156892327,106548749973.08109,2.8109092992284334e+18,2.8109092992284334e+18,2.8109057721451013e+18,3.557567653550721e-19,0.08940612887737757,-4.098143973298245,4.4287851487266146,0.06249999981734464,0.00021629327086194718,64,False,27.117929461679978,min_rate,0.0010221132019863077,1.8265536305683838e-10,0.2711280938845475,-27.117929461679978,-26.918914794921875,,False,5.0,True,1639466.1569796416,-0.00022548995912075043,False,309.3783866506406,106548750000.0,343.7537629451562,1.2439551569690414e-12
24,dinkelbach_ee_rmin_isac,Dinkelbach EE-ISAC (+R_min),ok,optimal,CLARABEL,0.011715066000760999,,309.37838710692125,4640675.806603819,0.8356278670785908,2.887508191653117,1607155.8931048443,106548749938.72974,2.8109092983221955e+18,2.8109092983221955e+18,2.810901830174085e+18,3.5575676546976823e-19,0.08940612889178985,-5.788861616520784,1.8523551643230776,0.061865269527263074,0.00013796153320220692,64,True,61.270263671875,,0.003378307137952544,0.000634730472736926,0.16437213292140918,4.5628064526681555e-07,-61.270263671875,,False,3.0,True,1607155.8926302285,0.001370457001030445,True,309.3783866506406,106548750000.0,343.7537629451562,1.2439551569690414e-12
25,uniform,Uniform,ok,closed_form,numpy,1.475999852118548e-06,,307.46756001661475,4612013.400249221,1.0,3.357142857142857,1373791.225606151,76781250000.0,2.0255998281153943e+18,2.0255998281153943e+18,2.0255998281153943e+18,4.936809265680052e-19,0.10532073506634214,-13.256466474732292,-9.684463547443015,0.015625,0.0,64,False,29767500000.0,min_sensing,0.015625,0.046875,0.0,28.49119752928732,-29767500000.0,,,,,,,,278.97636248732744,106548750000.0,309.9737360970305,1.0215919768847484e-12
25,water_filling,Water-filling (comm. only),ok,closed_form,numpy,0.00014357700001710327,,309.9737360970305,4649606.041455457,0.999999999999615,3.357142857141757,1384989.0336254835,76985927834.65967,2.0309995238315448e+18,2.0309995238315448e+18,2.0290305995181476e+18,4.92368406917924e-19,0.10518063694947384,-13.164625348393265,-7.903120110107379,0.017258375168736816,1.171588087509409e-05,62,False,29562822165.340332,min_sensing,0.0,0.045241624831263184,3.850253449400043e-13,30.99737360970306,-29562822165.340332,0.017312019630213636,,,,,,,278.97636248732744,106548750000.0,309.9737360970305,1.0215919768847484e-12
25,edge_weighted,Edge-weighted (∝ w_k),ok,closed_form,numpy,2.6919999982055742e-05,,256.34251836434163,3845137.7754651243,1.0,3.357142857142857,1145360.18843642,138161250000.0,3.644892525873283e+18,3.644892525873283e+18,3.644892525873283e+18,2.7435651199630616e-19,0.07851422418531084,-2.549921626385729,1.7017770590097698,0.045432692307692306,0.0001951694139194139,64,False,22.633844122985806,min_rate,1.1446886446886447e-05,0.017067307692307694,0.0,-22.633844122985806,31612500000.0,,,,,,,,278.97636248732744,106548750000.0,309.9737360970305,1.0215919768847484e-12
25,sensing_optimal,Sensing-optimal (max S),ok,closed_form,numpy,2.0222000330250012e-05,,112.55547429842396,1688332.1144763594,1.0,3.357142857142857,502907.43835466023,177581250000.0,4.684848833230989e+18,4.684848833230989e+18,4.684848833230989e+18,2.1345405915911532e-19,0.0692536896294432,-0.2904600964737499,5.960647967914347,0.0625,0.000732421875,16,False,166.42088818890346,min_rate,0.0,0.0,0.0,-166.42088818890346,71032500000.0,,,,,,,,278.97636248732744,106548750000.0,309.9737360970305,1.0215919768847484e-12
25,min_power_isac,Min-power ISAC,ok,optimal,CLARABEL,0.00564029599991045,,278.9763665326528,4184645.4979897914,0.8401320047764629,2.9003771565041796,1442793.565176723,106548750046.31528,2.810909301160457e+18,2.810909301160457e+18,2.808806756780186e+18,3.5575676511054965e-19,0.08940612884665179,-5.694783941478515,1.6633736143881193,0.059913520978784565,0.00013234572679979273,64,True,0.0,,2.1888197783133104e-10,0.002586479021215435,0.15986799522353712,4.045325340484851e-06,46.315277099609375,,False,,,,,,278.97636248732744,106548750000.0,309.9737360970305,1.0215919768847484e-12
25,max_rate_isac,Max-rate ISAC,ok,optimal,CLARABEL,0.00559575599982054,,303.726477272533,4555897.159087995,0.9999999992814483,3.3571428550898528,1357075.75034547,106548749947.27507,2.8109092985476337e+18,2.8109092985476337e+18,2.808988343029543e+18,3.557567654412361e-19,0.08940612888820462,-7.795002300156083,-2.007606378419772,0.03934945951961844,5.8679512536422895e-05,64,True,52.72492980957031,,4.8452887782984906e-11,0.023150540480381558,7.185516626151411e-10,24.75011478520554,-52.72492980957031,,False,,,,,,278.97636248732744,106548750000.0,309.9737360970305,1.0215919768847484e-12
25,dinkelbach_ee_isac,Dinkelbach EE-ISAC,ok,optimal,CLARABEL,0.016289072000290616,,254.71285277653448,3820692.7916480172,0.7347354280346656,2.599244080099045,1469924.5911151324,106548749945.36401,2.8109092984972175e+18,2.8109092984972175e+18,2.808080586845796e+18,3.557567654476169e-19,0.08940612888900641,-4.077109901437269,4.1718373341807595,0.062499999565769265,0.00020584354374596385,63,False,54.635986328125,min_rate,0.0,4.34230734702723e-10,0.2652645719653344,-24.26350971079296,-54.635986328125,,False,5.0,True,1469924.590994306,0.0003140578046441078,False,278.97636248732744,106548750000.0,309.9737360970305,1.0215919768847484e-12
25,dinkelbach_ee_rmin_isac,Dinkelbach EE-ISAC (+R_min),ok,optimal,CLARABEL,0.011720313999830978,,278.97636271467303,4184645.4407200953,0.840131982964853,2.9003770941852944,1442793.57643167,106548749973.66833,2.8109092992439265e+18,2.8109092992439265e+18,2.808803615813541e+18,3.557567653531113e-19,0.08940612887713117,-5.694775723951576,1.6632923149100785,0.05990521588393141,0.0001323426551998739,64,True,26.3316650390625,,5.318492214032362e-12,0.002594784116068588,0.15986801703514697,2.2734559479431482e-07,-26.3316650390625,,False,3.0,True,1442793.5760483136,0.001111877616494894,True,278.97636248732744,106548750000.0,309.9737360970305,1.0215919768847484e-12
26,uniform,Uniform,ok,closed_form,numpy,1.5560003703285474e-06,,327.53036104970613,4912955.415745592,1.0,3.357142857142857,1463433.5280944316,76781250000.0,2.0255998281153943e+18,2.0255998281153943e+18,2.0255998281153943e+18,4.936809265680052e-19,0.10532073506634214,-13.256466474732292,-9.684463547443015,0.015625,0.0,64,False,29767500000.0,min_sensing,0.015625,0.046875,0.0,30.848474121377706,-29767500000.0,,,,,,,,296.6818869283284,106548750000.0,329.64654103147603,1.1255366373589146e-12
26,water_filling,Water-filling (comm. only),ok,closed_form,numpy,0.00016885500008356757,,329.64654103147603,4944698.115472141,0.9999999999995778,3.357142857141651,1472888.8003539327,74636105737.33954,1.9690078365845486e+18,1.9690078365845486e+18,1.9690012502250112e+18,5.078699949384687e-19,0.10682354469825345,-14.09981206695999,-8.795462709581903,0.016950443022893443,9.56162254930269e-06,62,False,31912644262.66046,min_sensing,0.0,0.04554955697710655,4.2221781626494703e-13,32.96465410314761,-31912644262.66046,0.017023497832486537,,,,,,,296.6818869283284,106548750000.0,329.64654103147603,1.1255366373589146e-12
26,edge_weighted,Edge-weighted (∝ w_k),ok,closed_form,numpy,2.7756999770645052e-05,,268.2579063900503,4023868.595850755,1.0,3.357142857142857,1198599.1562108633,138161250000.0,3.644892525873283e+18,3.644892525873283e+18,3.644892525873283e+18,2.7435651199630616e-19,0.07851422418531084,-2.549921626385729,1.7017770590097698,0.045432692307692306,0.0001951694139194139,64,False,28.4239805382781,min_rate,1.1446886446886447e-05,0.017067307692307694,0.0,-28.4239805382781,31612500000.0,,,,,,,,296.6818869283284,106548750000.0,329.64654103147603,1.1255366373589146e-12
26,sensing_optimal,Sensing-optimal (max S),ok,closed_form,numpy,2.3888000214355998e-05,,109.11585781464393,1636737.867219659,1.0,3.357142857142857,487538.9391718133,177581250000.0,4.684848833230989e+18,4.684848833230989e+18,4.684848833230989e+18,2.1345405915911532e-19,0.0692536896294432,-0.2904600964737499,5.960647967914347,0.0625,0.000732421875,16,False,187.5660291136845,min_rate,0.0,0.0,0.0,-187.5660291136845,71032500000.0,,,,,,,,296.6818869283284,106548750000.0,329.64654103147603,1.1255366373589146e-12
26,min_power_isac,Min-power ISAC,ok,optimal,CLARABEL,0.0056775039997774,,296.6818874755374,4450228.312133061,0.8410442804354672,2.902983658387049,1532984.279562114,106548750005.18005,2.8109093000752507e+18,2.8109093000752507e+18,2.8105461429772155e+18,3.5575676524789647e-19,0.08940612886391028,-5.9660452626048075,2.021070221555828,0.06249999652525081,0.00014757724641124858,64,True,0.0,,2.862250398160225e-11,3.4747491897690885e-09,0.1589557195645328,5.472089696922922e-07,5.1800537109375,,False,,,,,,296.6818869283284,106548750000.0,329.64654103147603,1.1255366373589146e-12
26,max_rate_isac,Max-rate ISAC,ok,optimal,CLARABEL,0.005218340999817883,,322.25725475348526,4833858.821302279,0.9999999993968937,3.3571428554196965,1439872.8411269735,106548749959.42749,2.810909298868232e+18,2.810909298868232e+18,2.8108417872457303e+18,3.5575676540066023e-19,0.089406128883106,-8.077960721477558,-1.7744277531659276,0.042387874948574274,6.499325173875867e-05,64,True,40.572509765625,,6.067587045817883e-11,0.020112125051425726,6.031063426448213e-10,25.57536782515683,-40.572509765625,,False,,,,,,296.6818869283284,106548750000.0,329.64654103147603,1.1255366373589146e-12
26,dinkelbach_ee_isac,Dinkelbach EE-ISAC,ok,optimal,CLARABEL,0.01795124800037229,,270.55477007545454,4058321.551131818,0.7329824952849093,2.5942357008140267,1564361.152634815,106548749982.13423,2.810909299467269e+18,2.810909299467269e+18,2.8102853742804367e+18,3.557567653248444e-19,0.08940612887357928,-4.204003790102388,4.4973588773851585,0.06249999987369918,0.00022255463289122188,64,False,26.127116852873883,min_rate,2.0433237049353836e-12,1.2630081702713625e-10,0.26701750471509067,-26.127116852873883,-17.865768432617188,,False,5.0,True,1564361.1525087587,0.00032701995223760605,False,296.6818869283284,106548750000.0,329.64654103147603,1.1255366373589146e-12
26,dinkelbach_ee_rmin_isac,Dinkelbach EE-ISAC (+R_min),ok,optimal,CLARABEL,0.011831018999600929,,296.6818870360064,4450228.305540096,0.8410442781085643,2.9029836517387553,1532984.2808017922,106548749990.67873,2.8109092996926843e+18,2.8109092996926843e+18,2.8105461574305485e+18,3.557567652963152e-19,0.08940612886999441,-5.966041055291685,2.021067120203232,0.06249999907674662,0.00014757711044110263,64,True,9.321273803710938,,3.639273292148372e-12,9.232533834668821e-10,0.1589557218914357,1.0767797675725888e-07,-9.321273803710938,,False,3.0,True,1532984.2802577738,0.0015792762860655785,True,296.6818869283284,106548750000.0,329.64654103147603,1.1255366373589146e-12
27,uniform,Uniform,ok,closed_form,numpy,1.7500001376902219e-06,,302.53896953822976,4538084.5430734465,1.0,3.357142857142857,1351769.863894218,76781250000.0,2.0255998281153943e+18,2.0255998281153943e+18,2.0255998281153943e+18,4.936809265680052e-19,0.10532073506634214,-13.256466474732292,-9.684463547443015,0.015625,0.0,64,False,29767500000.0,min_sensing,0.015625,0.046875,0.0,29.701681296292975,-29767500000.0,,,,,,,,272.8372882419368,106548750000.0,303.1525424910409,7.530038424190445e-13
27,water_filling,Water-filling (comm. only),ok,closed_form,numpy,0.00014191400032359525,,303.1525424910409,4547288.137365613,0.9999999999991559,3.357142857140446,1354511.3600673256,76463203416.6287,2.0172093017224325e+18,2.0172093017224325e+18,2.0157003854495654e+18,4.957343787509461e-19,0.10553954711153206,-13.80639511404073,-8.963307248276507,0.016792270423874104,5.299357501385701e-06,64,False,30085546583.371307,min_sensing,2.7425588066440354e-05,0.0457077295761259,8.441025656225065e-13,30.3152542491041,-30085546583.371307,0.016875479993139653,,,,,,,272.8372882419368,106548750000.0,303.1525424910409,7.530038424190445e-13
27,edge_weighted,Edge-weighted (∝ w_k),ok,closed_form,numpy,2.678400005606818e-05,,250.83786831367917,3762568.0247051874,1.0,3.357142857142857,1120764.9435292047,138161250000.0,3.644892525873283e+18,3.644892525873283e+18,3.644892525873283e+18,2.7435651199630616e-19,0.07851422418531084,-2.549921626385729,1.7017770590097698,0.045432692307692306,0.0001951694139194139,64,False,21.999419928257623,min_rate,1.1446886446886447e-05,0.017067307692307694,0.0,-21.999419928257623,31612500000.0,,,,,,,,272.8372882419368,106548750000.0,303.1525424910409,7.530038424190445e-13
27,sensing_optimal,Sensing-optimal (max S),ok,closed_form,numpy,2.203999974881299e-05,,109.26270788998896,1638940.6183498343,1.0,3.357142857142857,488195.0778063336,177581250000.0,4.684848833230989e+18,4.684848833230989e+18,4.684848833230989e+18,2.1345405915911532e-19,0.0692536896294432,-0.2904600964737499,5.960647967914347,0.0625,0.000732421875,16,False,163.57458035194782,min_rate,0.0,0.0,0.0,-163.57458035194782,71032500000.0,,,,,,,,272.8372882419368,106548750000.0,303.1525424910409,7.530038424190445e-13
27,min_power_isac,Min-power ISAC,ok,optimal,CLARABEL,0.007585133999782556,,272.8372911683599,4092559.3675253987,0.8484471328865406,2.9241346653901163,1399579.648627229,106548750032.30173,2.8109093007907594e+18,2.8109093007907594e+18,2.8094609710586066e+18,3.5575676515733963e-19,0.08940612885253124,-6.00473804570248,1.5507600729518956,0.0584125791300336,0.00013066553931318861,64,True,0.0,,2.034465007035178e-09,0.004087420869966399,0.1515528671134594,2.926423121607513e-06,32.301727294921875,,False,,,,,,272.8372882419368,106548750000.0,303.1525424910409,7.530038424190445e-13
27,max_rate_isac,Max-rate ISAC,ok,optimal,CLARABEL,0.0052497700003186765,,296.52356121120795,4447853.418168119,0.9999999986810458,3.357142853374417,1324892.5090266503,106548749890.6798,2.810909297054569e+18,2.810909297054569e+18,2.809400994444835e+18,3.5575676563020267e-19,0.08940612891194945,-8.053158686649898,-1.991095500082289,0.03971579743666987,5.919760582457179e-05,64,True,109.32020568847656,,0.0018142591378403673,0.02278420256333013,1.3189541681057904e-09,23.686272969271158,-109.32020568847656,,False,,,,,,272.8372882419368,106548750000.0,303.1525424910409,7.530038424190445e-13
27,dinkelbach_ee_isac,Dinkelbach EE-ISAC,ok,optimal,CLARABEL,0.014754250999885699,,249.69132189151327,3745369.828372699,0.7459456707212961,2.631273344917989,1423405.8333796689,106548749971.07083,2.8109092991754004e+18,2.8109092991754004e+18,2.8097211943153106e+18,3.5575676536178413e-19,0.08940612887822098,-4.39465937176881,3.9436624352021683,0.062499999826860476,0.00019828348112614972,64,False,28.929168701171875,min_rate,4.817644972462354e-11,1.731395235515798e-10,0.25405432927870386,-23.14596635042352,-28.929168701171875,,False,5.0,True,1423405.8335470415,-0.00044040288776159286,False,272.8372882419368,106548750000.0,303.1525424910409,7.530038424190445e-13
27,dinkelbach_ee_rmin_isac,Dinkelbach EE-ISAC (+R_min),ok,optimal,CLARABEL,0.011470500999621436,,272.8372886372006,4092559.329558009,0.8484471184018154,2.924134624005187,1399579.6554511674,106548749927.45593,2.8109092980247767e+18,2.8109092980247767e+18,2.809461160375717e+18,3.557567655074104e-19,0.08940612889651983,-6.0046872768767745,1.550687295670792,0.058410553640301795,0.0001306625424290763,64,True,72.5440673828125,,3.747107464999148e-10,0.004089446359698205,0.15155288159818459,3.95263782593247e-07,-72.5440673828125,,False,3.0,True,1399579.65513509,0.0009242529049515724,True,272.8372882419368,106548750000.0,303.1525424910409,7.530038424190445e-13
28,uniform,Uniform,ok,closed_form,numpy,1.6730000425013714e-06,,308.76733726683074,4631510.059002461,1.0,3.357142857142857,1379598.7409794563,76781250000.0,2.0255998281153943e+18,2.0255998281153943e+18,2.0255998281153943e+18,4.936809265680052e-19,0.10532073506634214,-13.256466474732292,-9.684463547443015,0.015625,0.0,64,False,29767500000.0,min_sensing,0.015625,0.046875,0.0,28.950466996946943,-29767500000.0,,,,,,,,279.8168702698838,106548750000.0,310.9076336332042,8.49981598368519e-13
28,water_filling,Water-filling (comm. only),ok,closed_form,numpy,0.00015194100024018553,,310.9076336332042,4663614.504498064,1.0000000000003164,3.3571428571437614,1389161.7672969215,75659450293.74634,1.9960051381075172e+18,1.9960051381075172e+18,1.9956263979165586e+18,5.010007143308936e-19,0.10609865533499183,-13.320851361555924,-8.120064748942257,0.017135732159314555,1.2173924414206563e-05,63,False,30889299706.253662,min_sensing,0.0,0.045364267840685445,-3.164135620181696e-13,31.090763363320434,-30889299706.253662,0.017196430405358794,,,,,,,279.8168702698838,106548750000.0,310.9076336332042,8.49981598368519e-13
28,edge_weighted,Edge-weighted (∝ w_k),ok,closed_form,numpy,2.713899993977975e-05,,254.55594658730718,3818339.1988096074,1.0,3.357142857142857,1137377.6336879681,138161250000.0,3.644892525873283e+18,3.644892525873283e+18,3.644892525873283e+18,2.7435651199630616e-19,0.07851422418531084,-2.549921626385729,1.7017770590097698,0.045432692307692306,0.0001951694139194139,64,False,25.260923682576617,min_rate,1.1446886446886447e-05,0.017067307692307694,0.0,-25.260923682576617,31612500000.0,,,,,,,,279.8168702698838,106548750000.0,310.9076336332042,8.49981598368519e-13
28,sensing_optimal,Sensing-optimal (max S),ok,closed_form,numpy,2.073699988613953e-05,,106.2228620792132,1593342.931188198,1.0,3.357142857142857,474612.7880135058,177581250000.0,4.684848833230989e+18,4.684848833230989e+18,4.684848833230989e+18,2.1345405915911532e-19,0.0692536896294432,-0.2904600964737499,5.960647967914347,0.0625,0.000732421875,16,False,173.5940081906706,min_rate,0.0,0.0,0.0,-173.5940081906706,71032500000.0,,,,,,,,279.8168702698838,106548750000.0,310.9076336332042,8.49981598368519e-13
28,min_power_isac,Min-power ISAC,ok,optimal,CLARABEL,0.0055853439998827525,,279.8168732649476,4197253.098974214,0.848002942554666,2.922865550156189,1436006.2161428963,106548750032.54288,2.8109093007971215e+18,2.8109093007971215e+18,2.798960577665557e+18,3.5575676515653445e-19,0.08940612885243007,-5.722951953419887,1.970515637055684,0.06249999388967446,0.0001499973265709545,64,True,0.0,,3.00534201779501e-10,6.110325537211914e-09,0.15199705744533398,2.9950638236186933e-06,32.542877197265625,,False,,,,,,279.8168702698838,106548750000.0,310.9076336332042,8.49981598368519e-13
28,max_rate_isac,Max-rate ISAC,ok,optimal,CLARABEL,0.006958340999972279,,303.7820388712595,4556730.583068892,0.9999999991215169,3.357142854632906,1357324.0044821263,106548749918.57391,2.8109092977904563e+18,2.8109092977904563e+18,2.806277830418745e+18,3.557567655370666e-19,0.08940612890024632,-7.707643953049987,-1.4733795275534534,0.04424969887152712,7.40730082504956e-05,64,True,81.42608642578125,,2.573993504045371e-10,0.01825030112847288,8.784830640706787e-10,23.965168601375694,-81.42608642578125,,False,,,,,,279.8168702698838,106548750000.0,310.9076336332042,8.49981598368519e-13
28,dinkelbach_ee_isac,Dinkelbach EE-ISAC,ok,optimal,CLARABEL,0.015813736999007233,,258.01611713982584,3870241.7570973877,0.7535818359554833,2.65309095987281,1458767.0817298056,106548749944.38182,2.810909298471305e+18,2.810909298471305e+18,2.786459191647625e+18,3.557567654508964e-19,0.0894061288894185,-4.158632670914886,3.9567555956691836,0.06249999980863875,0.00020699724969849224,64,False,55.61817932128906,min_rate,1.1498468673933586e-11,1.913612532322695e-10,0.24641816404451666,-21.800753130057956,-55.61817932128906,,False,5.0,True,1458767.0816899932,0.0001056259498000145,False,279.8168702698838,106548750000.0,310.9076336332042,8.49981598368519e-13
28,dinkelbach_ee_rmin_isac,Dinkelbach EE-ISAC (+R_min),ok,optimal,CLARABEL,0.011960101999648032,,279.8168705524896,4197253.058287344,0.8480029268014737,2.922865505147068,1436006.2243357152,106548749928.84644,2.81090929806146e+18,2.81090929806146e+18,2.798967492868912e+18,3.5575676550276764e-19,0.08940612889593644,-5.722952878414071,1.9705456786638378,0.06249999885173921,0.00014999799096299604,64,True,71.153564453125,,3.440522271361963e-11,1.1482607920054733e-09,0.1519970731985263,2.826058107530116e-07,-71.153564453125,,False,3.0,True,1436006.2237889695,0.0015980638563632965,True,279.8168702698838,106548750000.0,310.9076336332042,8.49981598368519e-13
29,uniform,Uniform,ok,closed_form,numpy,1.6029998732847162e-06,,323.2610004322204,4848915.006483306,1.0,3.357142857142857,1444357.6615056656,76781250000.0,2.0255998281153943e+18,2.0255998281153943e+18,2.0255998281153943e+18,4.936809265680052e-19,0.10532073506634214,-13.256466474732292,-9.684463547443015,0.015625,0.0,64,False,29767500000.0,min_sensing,0.015625,0.046875,0.0,30.975451097338293,-29767500000.0,,,,,,,,292.2855493348821,106548750000.0,324.76172148320234,1.0394671058535264e-12
29,water_filling,Water-filling (comm. only),ok,closed_form,numpy,0.00017272200011575478,,324.76172148320234,4871425.822248035,0.9999999999999953,3.357142857142844,1451063.0108823993,77389594499.42094,2.0416488311397266e+18,2.0416488311397266e+18,2.0415068673946662e+18,4.898001971483811e-19,0.10490596548021254,-13.253055552986094,-7.937152089962261,0.01702472328319437,1.0752266161545403e-05,63,False,29159155500.579056,min_sensing,0.0,0.04547527671680563,4.6629367034256575e-15,32.476172148320245,-29159155500.579056,0.01707860665683033,,,,,,,292.2855493348821,106548750000.0,324.76172148320234,1.0394671058535264e-12
29,edge_weighted,Edge-weighted (∝ w_k),ok,closed_form,numpy,2.7090000003227033e-05,,269.72397587675846,4045859.638151377,1.0,3.357142857142857,1205149.6794493464,138161250000.0,3.644892525873283e+18,3.644892525873283e+18,3.644892525873283e+18,2.7435651199630616e-19,0.07851422418531084,-2.549921626385729,1.7017770590097698,0.045432692307692306,0.0001951694139194139,64,False,22.561573458123632,min_rate,1.1446886446886447e-05,0.017067307692307694,0.0,-22.561573458123632,31612500000.0,,,,,,,,292.2855493348821,106548750000.0,324.76172148320234,1.0394671058535264e-12
29,sensing_optimal,Sensing-optimal (max S),ok,closed_form,numpy,3.8220000078581506e-05,,112.22089868232239,1683313.4802348358,1.0,3.357142857142857,501412.5260273979,177581250000.0,4.684848833230989e+18,4.684848833230989e+18,4.684848833230989e+18,2.1345405915911532e-19,0.0692536896294432,-0.2904600964737499,5.960647967914347,0.0625,0.000732421875,16,False,180.0646506525597,min_rate,0.0,0.0,0.0,-180.0646506525597,71032500000.0,,,,,,,,292.2855493348821,106548750000.0,324.76172148320234,1.0394671058535264e-12
29,min_power_isac,Min-power ISAC,ok,optimal,CLARABEL,0.005344611000055011,,292.28555259373263,4384283.288905989,0.8340130759251707,2.882894502643345,1520792.1361277741,106548750032.68295,2.8109093008008166e+18,2.8109093008008166e+18,2.8108407418200934e+18,3.557567651560668e-19,0.08940612885237131,-5.728821796108026,1.9312328665139276,0.06126413486455723,0.00014077075356101212,64,True,0.0,,3.0315250141641983e-10,0.0012358651354427708,0.1659869240748293,3.258850540532876e-06,32.682952880859375,,False,,,,,,292.2855493348821,106548750000.0,324.76172148320234,1.0394671058535264e-12
29,max_rate_isac,Max-rate ISAC,ok,optimal,CLARABEL,0.005326457000137452,,318.6052939958162,4779079.409937243,0.9999999996915561,3.357142856261589,1423555.5692911677,106548749977.45139,2.810909299343729e+18,2.810909299343729e+18,2.810766832013653e+18,3.5575676534047997e-19,0.08940612887554397,-7.891015238407114,-1.918203640360948,0.039200974548048176,6.094131211100727e-05,64,True,22.548614501953125,,8.255234093147701e-11,0.023299025451951824,3.084439370582004e-10,26.319744660934134,-22.548614501953125,,False,,,,,,292.2855493348821,106548750000.0,324.76172148320234,1.0394671058535264e-12
29,dinkelbach_ee_isac,Dinkelbach EE-ISAC,ok,optimal,CLARABEL,0.01582572400002391,,267.69009526646704,4015351.428997006,0.7321786137308128,2.591938896373751,1549169.0157567675,106548749978.69955,2.810909299376657e+18,2.810909299376657e+18,2.8108894348033e+18,3.5575676533631255e-19,0.08940612887502031,-4.146455982240099,4.359987268167268,0.06249999985981816,0.00021415529398997844,64,False,24.59545406841505,min_rate,7.773002024899992e-12,1.4018183835950992e-10,0.26782138626918717,-24.59545406841505,-21.300445556640625,,False,5.0,True,1549169.015909681,-0.0003963429480791092,False,292.2855493348821,106548750000.0,324.76172148320234,1.0394671058535264e-12
29,dinkelbach_ee_rmin_isac,Dinkelbach EE-ISAC (+R_min),ok,optimal_inaccurate,CLARABEL,0.01131602199984627,,292.285550079235,4384283.251188525,0.8340130625423063,2.8828944644065895,1520792.143215336,106548749884.7292,2.810909296897584e+18,2.810909296897584e+18,2.810840658045676e+18,3.557567656500711e-19,0.08940612891444605,-5.728806225951165,1.931223420351791,0.06126453956253651,0.00014077037430407902,64,True,115.27079772949219,,7.901459994485834e-11,0.0012354604374634898,0.16598693745769366,7.443529170814145e-07,-115.27079772949219,,True,3.0,True,1520792.1434411793,-0.000651082955300808,True,292.2855493348821,106548750000.0,324.76172148320234,1.0394671058535264e-12
30,uniform,Uniform,ok,closed_form,numpy,1.4679999367217533e-06,,336.64542203850533,5049681.33057758,1.0,3.357142857142857,1504160.396342258,76781250000.0,2.0255998281153943e+18,2.0255998281153943e+18,2.0255998281153943e+18,4.936809265680052e-19,0.10532073506634214,-13.256466474732292,-9.684463547443015,0.015625,0.0,64,False,29767500000.0,min_sensing,0.015625,0.046875,0.0,32.882216470197875,-29767500000.0,,,,,,,,303.76320556830746,106548750000.0,337.51467285367494,1.0440291121591752e-12
30,water_filling,Water-filling (comm. only),ok,closed_form,numpy,0.00019156700000166893,,337.51467285367494,5062720.092805124,1.0000000000001659,3.357142857143331,1508044.2829630156,74495665683.51617,1.965302825935658e+18,1.965302825935658e+18,1.9624280333406305e+18,5.088274370764778e-19,0.10692418975094768,-13.506901380945708,-9.618922070796648,0.016441377573075396,4.4803369687916865e-06,63,False,32053084316.483826,min_sensing,0.0,0.0460586224269246,-1.6586731987899839e-13,33.75146728536748,-32053084316.483826,0.016521203124160628,,,,,,,303.76320556830746,106548750000.0,337.51467285367494,1.0440291121591752e-12
30,edge_weighted,Edge-weighted (∝ w_k),ok,closed_form,numpy,2.6432000140630407e-05,,274.878867894331,4123183.018414965,1.0,3.357142857142857,1228182.1756980745,138161250000.0,3.644892525873283e+18,3.644892525873283e+18,3.644892525873283e+18,2.7435651199630616e-19,0.07851422418531084,-2.549921626385729,1.7017770590097698,0.045432692307692306,0.0001951694139194139,64,False,28.88433767397646,min_rate,1.1446886446886447e-05,0.017067307692307694,0.0,-28.88433767397646,31612500000.0,,,,,,,,303.76320556830746,106548750000.0,337.51467285367494,1.0440291121591752e-12
30,sensing_optimal,Sensing-optimal (max S),ok,closed_form,numpy,2.027300024565193e-05,,110.21542898212773,1653231.434731916,1.0,3.357142857142857,492451.91672865587,177581250000.0,4.684848833230989e+18,4.684848833230989e+18,4.684848833230989e+18,2.1345405915911532e-19,0.0692536896294432,-0.2904600964737499,5.960647967914347,0.0625,0.000732421875,16,False,193.54777658617974,min_rate,0.0,0.0,0.0,-193.54777658617974,71032500000.0,,,,,,,,303.76320556830746,106548750000.0,337.51467285367494,1.0440291121591752e-12
30,min_power_isac,Min-power ISAC,ok,optimal,CLARABEL,0.0055142189999060065,,303.7632086682577,4556448.130023865,0.8452359672426243,2.914959906407498,1563125.4893105533,106548750031.5293,2.810909300770382e+18,2.810909300770382e+18,2.805276082256258e+18,3.557567651599187e-19,0.08940612885285533,-5.928139352325012,1.9148691043744277,0.06249998872464822,0.0001454082127773942,64,True,0.0,,4.251776805961142e-09,1.1275351777251252e-08,0.1547640327573757,3.099950220075698e-06,31.529296875,,False,,,,,,303.76320556830746,106548750000.0,337.51467285367494,1.0440291121591752e-12
30,max_rate_isac,Max-rate ISAC,ok,optimal,CLARABEL,0.005362195000088832,,329.5720726986724,4943581.090480086,0.99999999902187,3.3571428543482003,1472556.0707305374,106548749920.14502,2.810909297831904e+18,2.810909297831904e+18,2.804712659842981e+18,3.5575676553182087e-19,0.08940612889958716,-7.90674567313992,-1.7703666946813517,0.04385210644720326,6.560463994390527e-05,64,True,79.85498046875,,3.2349995867634843e-09,0.018647893552796738,9.78130021422885e-10,25.808867130364945,-79.85498046875,,False,,,,,,303.76320556830746,106548750000.0,337.51467285367494,1.0440291121591752e-12
30,dinkelbach_ee_isac,Dinkelbach EE-ISAC,ok,optimal,CLARABEL,0.016145410000262927,,277.77823482766684,4166673.5224150023,0.7406438151997125,2.6161251862848927,1592688.8912881163,106548749971.53009,2.8109092991875164e+18,2.8109092991875164e+18,2.8064253740645975e+18,3.557567653602507e-19,0.08940612887802829,-4.298790117804009,4.353365220944406,0.062499999858561715,0.00021914716996560184,64,False,28.46990966796875,min_rate,2.0675791576626916e-10,1.4143828469537212e-10,0.25935618480028755,-25.98497074064062,-28.46990966796875,,False,5.0,True,1592688.8913152472,-7.097795605659485e-05,False,303.76320556830746,106548750000.0,337.51467285367494,1.0440291121591752e-12
30,dinkelbach_ee_rmin_isac,Dinkelbach EE-ISAC (+R_min),ok,optimal,CLARABEL,0.011833894000574219,,303.7632059770558,4556448.089655837,0.8452359528473896,2.9149598652782562,1563125.4975172316,106548749928.0318,2.810909298039969e+18,2.810909298039969e+18,2.805272860823597e+18,3.5575676550548763e-19,0.08940612889627822,-5.9281606500611606,1.9148943929708275,0.06249999725199768,0.00014540971542516815,64,True,71.96820068359375,,9.370043035896145e-10,2.748002318753162e-09,0.15476404715261038,4.087483489456645e-07,-71.96820068359375,,False,3.0,True,1563125.4978339234,-0.0009231436997652054,True,303.76320556830746,106548750000.0,337.51467285367494,1.0440291121591752e-12
31,uniform,Uniform,ok,closed_form,numpy,1.5050000001792796e-06,,315.2271500523233,4728407.250784849,1.0,3.357142857142857,1408461.734276338,76781250000.0,2.0255998281153943e+18,2.0255998281153943e+18,2.0255998281153943e+18,4.936809265680052e-19,0.10532073506634214,-13.256466474732292,-9.684463547443015,0.015625,0.0,64,False,29767500000.0,min_sensing,0.015625,0.046875,0.0,30.663652314527553,-29767500000.0,,,,,,,,284.56349773779573,106548750000.0,316.18166415310634,9.323746490125926e-13
31,water_filling,Water-filling (comm. only),ok,closed_form,numpy,0.00018520200001148623,,316.18166415310634,4742724.962296595,1.0000000000002343,3.3571428571435264,1412726.5845135977,79591366834.91545,2.0997347526938414e+18,2.0997347526938414e+18,2.099653308825268e+18,4.762506305699119e-19,0.10344475827723018,-12.083643237937842,-7.8135668117091885,0.016944866562702998,7.4437639221796345e-06,63,False,26957383165.08455,min_sensing,0.0,0.045555133437297,-2.3425705819590803e-13,31.61816641531061,-26957383165.08455,0.01701923226312179,,,,,,,284.56349773779573,106548750000.0,316.18166415310634,9.323746490125926e-13
31,edge_weighted,Edge-weighted (∝ w_k),ok,closed_form,numpy,2.987100015161559e-05,,269.7087483988095,4045631.2259821426,1.0,3.357142857142857,1205081.6417819147,138161250000.0,3.644892525873283e+18,3.644892525873283e+18,3.644892525873283e+18,2.7435651199630616e-19,0.07851422418531084,-2.549921626385729,1.7017770590097698,0.045432692307692306,0.0001951694139194139,64,False,14.85474933898621,min_rate,1.1446886446886447e-05,0.017067307692307694,0.0,-14.85474933898621,31612500000.0,,,,,,,,284.56349773779573,106548750000.0,316.18166415310634,9.323746490125926e-13
31,sensing_optimal,Sensing-optimal (max S),ok,closed_form,numpy,2.0738999864988727e-05,,120.09298319544995,1801394.747931749,1.0,3.357142857142857,536585.6695966913,177581250000.0,4.684848833230989e+18,4.684848833230989e+18,4.684848833230989e+18,2.1345405915911532e-19,0.0692536896294432,-0.2904600964737499,5.960647967914347,0.0625,0.000732421875,16,False,164.47051454234577,min_rate,0.0,0.0,0.0,-164.47051454234577,71032500000.0,,,,,,,,284.56349773779573,106548750000.0,316.18166415310634,9.323746490125926e-13
31,min_power_isac,Min-power ISAC,ok,optimal,CLARABEL,0.005417281000063667,,284.563500428518,4268452.5064277705,0.830792745373362,2.873693558209606,1485354.099163983,106548750028.89233,2.8109093007008143e+18,2.8109093007008143e+18,2.81080633897562e+18,3.5575676516872337e-19,0.0894061288539617,-5.388900658031702,1.6732656766016374,0.05709461219266067,0.00012914602201230538,64,True,0.0,,1.918100402620058e-10,0.005405387807339332,0.169207254626638,2.6907222832051048e-06,28.892333984375,,False,,,,,,284.56349773779573,106548750000.0,316.18166415310634,9.323746490125926e-13
31,max_rate_isac,Max-rate ISAC,ok,optimal,CLARABEL,0.005408591000104934,,310.7723300442961,4661584.950664441,0.999999999540279,3.3571428558293688,1388557.2198901305,106548749966.98407,2.810909299067586e+18,2.810909299067586e+18,2.810808221608614e+18,3.5575676537542944e-19,0.0894061288799356,-7.560252335139198,-2.175036622711483,0.03635035829373698,5.405284733041904e-05,64,True,33.01593017578125,,9.513365127338629e-11,0.02614964170626302,4.5972103901448236e-10,26.20883230650037,-33.01593017578125,,False,,,,,,284.56349773779573,106548750000.0,316.18166415310634,9.323746490125926e-13
31,dinkelbach_ee_isac,Dinkelbach EE-ISAC,ok,optimal,CLARABEL,0.01702267699965887,,259.45201152639464,3891780.1728959195,0.724109173014731,2.56888335147066,1514969.5959016255,106548749944.54375,2.8109092984755773e+18,2.8109092984755773e+18,2.81081048030673e+18,3.5575676545035577e-19,0.08940612888935057,-3.79957818704834,4.247897742319503,0.06249999966290977,0.00020462630170791792,64,False,55.45625305175781,min_rate,9.357493945263244e-12,3.3709023072869826e-10,0.275890826985269,-25.111486211401086,-55.45625305175781,,False,5.0,True,1514969.595667218,0.0006021652370691299,False,284.56349773779573,106548750000.0,316.18166415310634,9.323746490125926e-13
31,dinkelbach_ee_rmin_isac,Dinkelbach EE-ISAC (+R_min),ok,optimal,CLARABEL,0.011364568999852054,,284.5634980402635,4268452.470603952,0.8307927318154606,2.8736935194727447,1485354.1067201602,106548749962.84004,2.81090929895826e+18,2.81090929895826e+18,2.810806215109463e+18,3.5575676538926604e-19,0.08940612888167425,-5.388887260633214,1.673193948617252,0.05709217652279858,0.00012914315878812514,64,True,37.15995788574219,,1.7908795698906182e-11,0.005407823477201423,0.16920726818453935,3.0246775395426084e-07,-37.15995788574219,,False,3.0,True,1485354.1063719878,0.0010005412623286247,True,284.56349773779573,106548750000.0,316.18166415310634,9.323746490125926e-13
32,uniform,Uniform,ok,closed_form,numpy,1.5050000001792796e-06,,326.5003460225312,4897505.190337968,1.0,3.357142857142857,1458831.3332921606,76781250000.0,2.0255998281153943e+18,2.0255998281153943e+18,2.0255998281153943e+18,4.936809265680052e-19,0.10532073506634214,-13.256466474732292,-9.684463547443015,0.015625,0.0,64,False,29767500000.0,min_sensing,0.015625,0.046875,0.0,31.640285991419148,-29767500000.0,,,,,,,,294.860060031112,106548750000.0,327.6222889234578,9.573733946705233e-13
32,water_filling,Water-filling (comm. only),ok,closed_form,numpy,0.00014608199990107096,,327.6222889234578,4914334.333851867,0.9999999999994851,3.357142857141386,1463844.2696586445,75866658889.73822,2.0014715989482196e+18,2.0014715989482196e+18,2.0007459914567677e+18,4.996323707643433e-19,0.1059536668418096,-13.739268005636696,-8.917156130669996,0.016711682875783403,6.4685270316581635e-06,63,False,30682091110.26178,min_sensing,0.0,0.0457883171242166,5.149214388211476e-13,32.762228892345775,-30682091110.26178,0.01681314194272973,,,,,,,294.860060031112,106548750000.0,327.6222889234578,9.573733946705233e-13
32,edge_weighted,Edge-weighted (∝ w_k),ok,closed_form,numpy,2.6308000087738037e-05,,269.35980755996707,4040397.113399506,1.0,3.357142857142857,1203522.5444168742,138161250000.0,3.644892525873283e+18,3.644892525873283e+18,3.644892525873283e+18,2.7435651199630616e-19,0.07851422418531084,-2.549921626385729,1.7017770590097698,0.045432692307692306,0.0001951694139194139,64,False,25.50025247114496,min_rate,1.1446886446886447e-05,0.017067307692307694,0.0,-25.50025247114496,31612500000.0,,,,,,,,294.860060031112,106548750000.0,327.6222889234578,9.573733946705233e-13
32,sensing_optimal,Sensing-optimal (max S),ok,closed_form,numpy,2.136900002369657e-05,,118.49697418322025,1777454.6127483037,1.0,3.357142857142857,529454.5654994947,177581250000.0,4.684848833230989e+18,4.684848833230989e+18,4.684848833230989e+18,2.1345405915911532e-19,0.0692536896294432,-0.2904600964737499,5.960647967914347,0.0625,0.000732421875,16,False,176.3630858478918,min_rate,0.0,0.0,0.0,-176.3630858478918,71032500000.0,,,,,,,,294.860060031112,106548750000.0,327.6222889234578,9.573733946705233e-13
32,min_power_isac,Min-power ISAC,ok,optimal,CLARABEL,0.005674936000104935,,294.86006301819725,4422900.945272959,0.8393590658490712,2.898168759568775,1526101.93270148,106548750032.15103,2.8109093007867837e+18,2.8109093007867837e+18,2.809169719245184e+18,3.5575676515784283e-19,0.08940612885259448,-5.910725704752053,2.0587903254773123,0.06249983520595502,0.0001488258937964166,64,True,0.0,,1.409623796061246e-09,1.6479404497948824e-07,0.16064093415092884,2.9870852245039714e-06,32.151031494140625,,False,,,,,,294.860060031112,106548750000.0,327.6222889234578,9.573733946705233e-13
32,max_rate_isac,Max-rate ISAC,ok,optimal,CLARABEL,0.0052751270000044315,,320.5942126920205,4808913.190380308,0.9999999993465184,3.357142855275767,1432442.227718453,106548749949.30905,2.8109092986012933e+18,2.8109092986012933e+18,2.8089248458816497e+18,3.557567654344448e-19,0.08940612888735125,-8.04353252883658,-1.7199019823885033,0.04164349844838053,6.675270799508967e-05,64,True,50.690948486328125,,7.686776180112419e-10,0.020856501551619472,6.534816021641632e-10,25.734152660908478,-50.690948486328125,,False,,,,,,294.860060031112,106548750000.0,327.6222889234578,9.573733946705233e-13
32,dinkelbach_ee_isac,Dinkelbach EE-ISAC,ok,optimal,CLARABEL,0.01600723299998208,,268.6911840203255,4030367.7603048827,0.7304200197167012,2.586914342047718,1557982.6880215036,106548749951.60391,2.810909298661835e+18,2.810909298661835e+18,2.809531088637204e+18,3.557567654267825e-19,0.08940612888638842,-4.140510273809749,4.538212792882744,0.06249999969775913,0.00022383678802750267,64,False,48.396087646484375,min_rate,1.1860506468450368e-10,3.022408712194391e-10,0.26957998028329877,-26.168876010786505,-48.396087646484375,,False,5.0,True,1557982.6879697605,0.00013385480269789696,False,294.860060031112,106548750000.0,327.6222889234578,9.573733946705233e-13
32,dinkelbach_ee_rmin_isac,Dinkelbach EE-ISAC (+R_min),ok,optimal,CLARABEL,0.011725444000148855,,294.8600604587623,4422900.906881434,0.8393590512596147,2.8981687178846136,1526101.9414044775,106548749931.75446,2.8109092981381775e+18,2.8109092981381775e+18,2.8091683262299955e+18,3.5575676549305806e-19,0.08940612889471637,-5.910847259047834,2.0588688366953862,0.06249996278935239,0.00014882945705102708,64,True,68.24554443359375,,3.3885532278580497e-10,3.721064761180726e-08,0.16064094874038526,4.276502636457735e-07,-68.24554443359375,,False,3.0,True,1526101.941152415,0.0007305191829800606,True,294.860060031112,106548750000.0,327.6222889234578,9.573733946705233e-13
33,uniform,Uniform,ok,closed_form,numpy,1.4570000530511606e-06,,333.87549088043113,5008132.363206467,1.0,3.357142857142857,1491784.1081891602,76781250000.0,2.0255998281153943e+18,2.0255998281153943e+18,2.0255998281153943e+18,4.936809265680052e-19,0.10532073506634214,-13.256466474732292,-9.684463547443015,0.015625,0.0,64,False,29767500000.0,min_sensing,0.015625,0.046875,0.0,31.969532769794057,-29767500000.0,,,,,,,,301.9059581106371,106548750000.0,335.4510645673745,1.1304007181448624e-12
33,water_filling,Water-filling (comm. only),ok,closed_form,numpy,0.00017636799975662143,,335.4510645673745,5031765.9685106175,1.0000000000005806,3.3571428571445163,1498823.9055130603,77194435611.67136,2.036500258936477e+18,2.036500258936477e+18,2.0345336007377354e+18,4.910384840914436e-19,0.10503849062799091,-13.021227202031469,-8.669649276529688,0.016666003108348922,5.650448274274576e-06,63,False,29354314388.328644,min_sensing,0.0,0.045833996891651074,-5.806466418789569e-13,33.545106456737415,-29354314388.328644,0.016746151654162517,,,,,,,301.9059581106371,106548750000.0,335.4510645673745,1.1304007181448624e-12
33,edge_weighted,Edge-weighted (∝ w_k),ok,closed_form,numpy,2.62849998762249e-05,,279.7708652714175,4196562.979071262,1.0,3.357142857142857,1250040.0363190994,138161250000.0,3.644892525873283e+18,3.644892525873283e+18,3.644892525873283e+18,2.7435651199630616e-19,0.07851422418531084,-2.549921626385729,1.7017770590097698,0.045432692307692306,0.0001951694139194139,64,False,22.135092839219567,min_rate,1.1446886446886447e-05,0.017067307692307694,0.0,-22.135092839219567,31612500000.0,,,,,,,,301.9059581106371,106548750000.0,335.4510645673745,1.1304007181448624e-12
33,sensing_optimal,Sensing-optimal (max S),ok,closed_form,numpy,2.055000004475005e-05,,112.87950593794103,1693192.5890691155,1.0,3.357142857142857,504355.23929718335,177581250000.0,4.684848833230989e+18,4.684848833230989e+18,4.684848833230989e+18,2.1345405915911532e-19,0.0692536896294432,-0.2904600964737499,5.960647967914347,0.0625,0.000732421875,16,False,189.02645217269605,min_rate,0.0,0.0,0.0,-189.02645217269605,71032500000.0,,,,,,,,301.9059581106371,106548750000.0,335.4510645673745,1.1304007181448624e-12
33,min_power_isac,Min-power ISAC,ok,optimal,CLARABEL,0.005606417999842961,,301.9059617775829,4528589.426663743,0.8334590963760106,2.881311703931459,1571711.044134734,106548750037.06067,2.810909300916307e+18,2.810909300916307e+18,2.809298290842702e+18,3.5575676514145e-19,0.08940612885053462,-5.611405005618574,1.8146741825310422,0.061476998221512556,0.00013600620825448027,64,True,0.0,,1.7478325305132757e-10,0.0010230017784874437,0.16654090362398943,3.6669458154392487e-06,37.0606689453125,,False,,,,,,301.9059581106371,106548750000.0,335.4510645673745,1.1304007181448624e-12
33,max_rate_isac,Max-rate ISAC,ok,optimal,CLARABEL,0.005142283000168391,,328.9540786606209,4934311.179909313,0.9999999990907134,3.3571428545448954,1469794.8206848719,106548749933.42502,2.8109092981822495e+18,2.8109092981822495e+18,2.809282399023903e+18,3.557567654874802e-19,0.08940612889401547,-7.783776884753725,-2.151994428232072,0.039351729679872334,5.489981830408789e-05,64,True,66.57498168945312,,5.393850812429009e-11,0.023148270320127666,9.092866459781135e-10,27.04812054998382,-66.57498168945312,,False,,,,,,301.9059581106371,106548750000.0,335.4510645673745,1.1304007181448624e-12
33,dinkelbach_ee_isac,Dinkelbach EE-ISAC,ok,optimal,CLARABEL,0.01629967500002749,,275.57143941074787,4133571.591161218,0.7272309920628983,2.577802834465424,1603525.1167758235,106548749979.47934,2.810909299397229e+18,2.810909299397229e+18,2.8094242829502817e+18,3.557567653337089e-19,0.08940612887469314,-3.9680896328569926,4.3230700390033485,0.062499999856771876,0.00021015786871027498,63,False,26.334518699889202,min_rate,0.0,1.4322812380562766e-10,0.2727690079371017,-26.334518699889202,-20.520660400390625,,False,5.0,True,1603525.116736805,0.00010058190673589706,False,301.9059581106371,106548750000.0,335.4510645673745,1.1304007181448624e-12
33,dinkelbach_ee_rmin_isac,Dinkelbach EE-ISAC (+R_min),ok,optimal,CLARABEL,0.011372728999958781,,301.9059587019211,4528589.380528817,0.8334590800535053,2.8813116572957296,1571711.0535620255,106548749932.28134,2.810909298152078e+18,2.810909298152078e+18,2.8092973624932004e+18,3.5575676549129877e-19,0.08940612889449531,-5.6114280201184075,1.8147137862761478,0.06147865483311898,0.00013600797661598204,64,True,67.71865844726562,,5.457234672669486e-12,0.0010213451668810228,0.16654091994649467,5.912840492783289e-07,-67.71865844726562,,False,3.0,True,1571711.0541645777,-0.0017361408099532127,True,301.9059581106371,106548750000.0,335.4510645673745,1.1304007181448624e-12
34,uniform,Uniform,ok,closed_form,numpy,1.481999788666144e-06,,313.40628192533336,4701094.22888,1.0,3.357142857142857,1400325.940517447,76781250000.0,2.0255998281153943e+18,2.0255998281153943e+18,2.0255998281153943e+18,4.936809265680052e-19,0.10532073506634214,-13.256466474732292,-9.684463547443015,0.015625,0.0,64,False,29767500000.0,min_sensing,0.015625,0.046875,0.0,29.167169885420492,-29767500000.0,,,,,,,,284.23911203991287,106548750000.0,315.82123559990316,9.414115899496362e-13
34,water_filling,Water-filling (comm. only),ok,closed_form,numpy,0.0001465469999857305,,315.82123559990316,4737318.533998547,1.0000000000001446,3.35714285714327,1411116.1590632233,76708913563.36987,2.0236914888580306e+18,2.0236914888580306e+18,2.022368786111676e+18,4.941464672385909e-19,0.10537038204414781,-12.703245989588739,-7.9461987095975175,0.017172787470173652,1.159626332859827e-05,62,False,29839836436.630127,min_sensing,0.0,0.04532721252982635,-1.4455103780619538e-13,31.582123559990293,-29839836436.630127,0.01723829755196777,,,,,,,284.23911203991287,106548750000.0,315.82123559990316,9.414115899496362e-13
34,edge_weighted,Edge-weighted (∝ w_k),ok,closed_form,numpy,2.6718000299297273e-05,,263.51952916773445,3952792.937516017,1.0,3.357142857142857,1177427.6835154092,138161250000.0,3.644892525873283e+18,3.644892525873283e+18,3.644892525873283e+18,2.7435651199630616e-19,0.07851422418531084,-2.549921626385729,1.7017770590097698,0.045432692307692306,0.0001951694139194139,64,False,20.71958287217842,min_rate,1.1446886446886447e-05,0.017067307692307694,0.0,-20.71958287217842,31612500000.0,,,,,,,,284.23911203991287,106548750000.0,315.82123559990316,9.414115899496362e-13
34,sensing_optimal,Sensing-optimal (max S),ok,closed_form,numpy,1.9829999928333564e-05,,109.22313634357604,1638347.0451536407,1.0,3.357142857142857,488018.2687691696,177581250000.0,4.684848833230989e+18,4.684848833230989e+18,4.684848833230989e+18,2.1345405915911532e-19,0.0692536896294432,-0.2904600964737499,5.960647967914347,0.0625,0.000732421875,16,False,175.01597569633682,min_rate,0.0,0.0,0.0,-175.01597569633682,71032500000.0,,,,,,,,284.23911203991287,106548750000.0,315.82123559990316,9.414115899496362e-13
34,min_power_isac,Min-power ISAC,ok,optimal,CLARABEL,0.00552873600008752,,284.2391147510594,4263586.721265891,0.8397303987862386,2.8992297108178247,1470592.93210099,106548750031.20012,2.810909300761698e+18,2.810909300761698e+18,2.8038277697322143e+18,3.5575676516101777e-19,0.08940612885299343,-5.660332449399508,2.093966557277031,0.06249998418231982,0.0001514617325020032,64,True,0.0,,1.372910766052724e-10,1.5817680179552873e-08,0.16026960121376144,2.711146521505725e-06,31.200119018554688,,False,,,,,,284.23911203991287,106548750000.0,315.82123559990316,9.414115899496362e-13
34,max_rate_isac,Max-rate ISAC,ok,optimal,CLARABEL,0.0054827860003570095,,309.20355781026274,4638053.367153941,0.9999999990232125,3.357142854352036,1381547.8126411557,106548749920.6333,2.8109092978447857e+18,2.8109092978447857e+18,2.805991576631022e+18,3.5575676553019057e-19,0.0894061288993823,-7.691565044427932,-1.5748305555242823,0.042287962165888156,7.10763959938997e-05,64,True,79.36669921875,,4.474995170116945e-11,0.020212037834111844,9.767875397415082e-10,24.96444577034987,-79.36669921875,,False,,,,,,284.23911203991287,106548750000.0,315.82123559990316,9.414115899496362e-13
34,dinkelbach_ee_isac,Dinkelbach EE-ISAC,ok,optimal,CLARABEL,0.016801504999421013,,259.5544095087349,3893316.1426310237,0.7338161121299518,2.596617463228434,1499379.942469606,106548749956.77841,2.8109092987983457e+18,2.8109092987983457e+18,2.801737337587818e+18,3.5575676540950525e-19,0.08940612888421744,-3.9991451193518976,4.369568958163602,0.062499999777222454,0.00021770941202907613,64,False,43.221588134765625,min_rate,3.4374424314725135e-12,2.2277754641031322e-10,0.2661838878700482,-24.684702531177948,-43.221588134765625,,False,5.0,True,1499379.9424229348,0.00012118741869926453,False,284.23911203991287,106548750000.0,315.82123559990316,9.414115899496362e-13
34,dinkelbach_ee_rmin_isac,Dinkelbach EE-ISAC (+R_min),ok,optimal,CLARABEL,0.01147892300014064,,284.2391124499501,4263586.686749252,0.8397303850259449,2.8992296715026997,1470592.9401375751,106548749925.97568,2.810909297985725e+18,2.810909297985725e+18,2.8038195613620603e+18,3.557567655123529e-19,0.08940612889714089,-5.660316794414052,2.093993566239567,0.062499996090359056,0.0001514639917153264,63,True,74.02432250976562,,0.0,3.9096409443217794e-09,0.16026961497405512,4.1003721662491444e-07,-74.02432250976562,,False,3.0,True,1470592.9405906096,-0.0013134507462382317,True,284.23911203991287,106548750000.0,315.82123559990316,9.414115899496362e-13
35,uniform,Uniform,ok,closed_form,numpy,1.5040000107546803e-06,,332.1595069835491,4982392.604753236,1.0,3.357142857142857,1484116.9460967088,76781250000.0,2.0255998281153943e+18,2.0255998281153943e+18,2.0255998281153943e+18,4.936809265680052e-19,0.10532073506634214,-13.256466474732292,-9.684463547443015,0.015625,0.0,64,False,29767500000.0,min_sensing,0.015625,0.046875,0.0,32.161789174081434,-29767500000.0,,,,,,,,299.99771780946764,106548750000.0,333.33079756607515,1.0368328207447868e-12
35,water_filling,Water-filling (comm. only),ok,closed_form,numpy,0.00014445800024986966,,333.33079756607515,4999961.963491127,0.9999999999994893,3.3571428571413984,1489350.372104387,78380546856.92569,2.067791579858094e+18,2.067791579858094e+18,2.0656139626731105e+18,4.836077338455101e-19,0.10424070165617036,-13.031453793233016,-8.00192333483406,0.01674112985816479,8.76567156553225e-06,63,False,28168203143.07431,min_sensing,0.0,0.04575887014183521,5.10702591327572e-13,33.3330797566075,-28168203143.07431,0.016815886044534815,,,,,,,299.99771780946764,106548750000.0,333.33079756607515,1.0368328207447868e-12
35,edge_weighted,Edge-weighted (∝ w_k),ok,closed_form,numpy,2.5966999601223506e-05,,278.3426505124065,4175139.7576860976,1.0,3.357142857142857,1243658.651225646,138161250000.0,3.644892525873283e+18,3.644892525873283e+18,3.644892525873283e+18,2.7435651199630616e-19,0.07851422418531084,-2.549921626385729,1.7017770590097698,0.045432692307692306,0.0001951694139194139,64,False,21.655067297061123,min_rate,1.1446886446886447e-05,0.017067307692307694,0.0,-21.655067297061123,31612500000.0,,,,,,,,299.99771780946764,106548750000.0,333.33079756607515,1.0368328207447868e-12
35,sensing_optimal,Sensing-optimal (max S),ok,closed_form,numpy,2.0758999653480714e-05,,121.19807717680769,1817971.1576521152,1.0,3.357142857142857,541523.3235559493,177581250000.0,4.684848833230989e+18,4.684848833230989e+18,4.684848833230989e+18,2.1345405915911532e-19,0.0692536896294432,-0.2904600964737499,5.960647967914347,0.0625,0.000732421875,16,False,178.79964063265996,min_rate,0.0,0.0,0.0,-178.79964063265996,71032500000.0,,,,,,,,299.99771780946764,106548750000.0,333.33079756607515,1.0368328207447868e-12
35,min_power_isac,Min-power ISAC,ok,optimal,CLARABEL,0.005627937000099337,,299.99772157651614,4499965.823647742,0.8302976870897704,2.8722791059707724,1566688.214349853,106548750039.0109,2.810909300967757e+18,2.810909300967757e+18,2.80948773398338e+18,3.5575676513493837e-19,0.0894061288497164,-5.625694210020441,1.8720787479348093,0.060142077959311334,0.00013715876214013585,64,True,0.0,,2.40302616164771e-10,0.002357922040688666,0.16970231291022964,3.767048497138603e-06,39.010894775390625,,False,,,,,,299.99771780946764,106548750000.0,333.33079756607515,1.0368328207447868e-12
35,max_rate_isac,Max-rate ISAC,ok,optimal,CLARABEL,0.005199527000058879,,327.32193733362783,4909829.060004418,0.9999999990622216,3.3571428544634903,1462502.2743600418,106548749933.07535,2.810909298173025e+18,2.810909298173025e+18,2.8090822804769725e+18,3.557567654886477e-19,0.08940612889416218,-7.883721537617094,-2.0600618433168973,0.03815177520035421,5.748168715151752e-05,64,True,66.92465209960938,,1.540479544674771e-10,0.02434822479964579,9.377784104813713e-10,27.324219524160185,-66.92465209960938,,False,,,,,,299.99771780946764,106548750000.0,333.33079756607515,1.0368328207447868e-12
35,dinkelbach_ee_isac,Dinkelbach EE-ISAC,ok,optimal,CLARABEL,0.01593054700015273,,274.5213061971424,4117819.5929571358,0.727284073726668,2.577954496361909,1597320.5108035589,106548749966.43707,2.8109092990531553e+18,2.8109092990531553e+18,2.809950777045206e+18,3.5575676537725584e-19,0.0894061288801651,-4.0115233431948,4.32409053329755,0.062499999769154206,0.0002100114474069319,64,False,33.56292724609375,min_rate,4.110796900492711e-12,2.3084579386933868e-10,0.27271592627333197,-25.47641161232525,-33.56292724609375,,False,5.0,True,1597320.5106815628,0.00031450018286705017,False,299.99771780946764,106548750000.0,333.33079756607515,1.0368328207447868e-12
35,dinkelbach_ee_rmin_isac,Dinkelbach EE-ISAC (+R_min),ok,optimal,CLARABEL,0.01104428700000426,,299.9977182059778,4499965.773089667,0.8302976687191697,2.872279053483342,1566688.2253771117,106548749950.1075,2.8109092986223575e+18,2.8109092986223575e+18,2.809486993414102e+18,3.5575676543177882e-19,0.08940612888701625,-5.625787662618472,1.8722149256829836,0.060146302037508995,0.00013716450371858746,64,True,49.89250183105469,,1.4877748833025484e-11,0.0023536979624910054,0.16970233128083034,3.965101313951891e-07,-49.89250183105469,,False,3.0,True,1566688.224584576,0.002276383340358734,True,299.99771780946764,106548750000.0,333.33079756607515,1.0368328207447868e-12
36,uniform,Uniform,ok,closed_form,numpy,1.6520002645847853e-06,,304.6132357140086,4569198.535710129,1.0,3.357142857142857,1361037.8617008894,76781250000.0,2.0255998281153943e+18,2.0255998281153943e+18,2.0255998281153943e+18,4.936809265680052e-19,0.10532073506634214,-13.256466474732292,-9.684463547443015,0.015625,0.0,64,False,29767500000.0,min_sensing,0.015625,0.046875,0.0,30.105807822582506,-29767500000.0,,,,,,,,274.5074278914261,106548750000.0,305.00825321269565,8.710970651849128e-13
36,water_filling,Water-filling (comm. only),ok,closed_form,numpy,0.00015885099992374307,,305.00825321269565,4575123.798190434,1.0000000000007905,3.357142857145116,1362802.8335026167,77605237509.90575,2.0473378039680182e+18,2.0473378039680182e+18,2.0473235324154652e+18,4.88439180902079e-19,0.10476011208156862,-12.669966931760062,-8.952940067401208,0.01683435841279568,2.7047245592754665e-06,64,False,28943512490.094254,min_sensing,0.009392064624883002,0.04566564158720432,-7.904787935331115e-13,30.50082532126953,-28943512490.094254,0.016936583666390476,,,,,,,274.5074278914261,106548750000.0,305.00825321269565,8.710970651849128e-13
36,edge_weighted,Edge-weighted (∝ w_k),ok,closed_form,numpy,2.703400014070212e-05,,257.8821572170667,3868232.358256001,1.0,3.357142857142857,1152239.4258634897,138161250000.0,3.644892525873283e+18,3.644892525873283e+18,3.644892525873283e+18,2.7435651199630616e-19,0.07851422418531084,-2.549921626385729,1.7017770590097698,0.045432692307692306,0.0001951694139194139,64,False,16.6252706743594,min_rate,1.1446886446886447e-05,0.017067307692307694,0.0,-16.6252706743594,31612500000.0,,,,,,,,274.5074278914261,106548750000.0,305.00825321269565,8.710970651849128e-13
36,sensing_optimal,Sensing-optimal (max S),ok,closed_form,numpy,2.0499000129348133e-05,,110.45087666426392,1656763.1499639587,1.0,3.357142857142857,493503.91701054084,177581250000.0,4.684848833230989e+18,4.684848833230989e+18,4.684848833230989e+18,2.1345405915911532e-19,0.0692536896294432,-0.2904600964737499,5.960647967914347,0.0625,0.000732421875,16,False,164.0565512271622,min_rate,0.0,0.0,0.0,-164.0565512271622,71032500000.0,,,,,,,,274.5074278914261,106548750000.0,305.00825321269565,8.710970651849128e-13
36,min_power_isac,Min-power ISAC,ok,optimal,CLARABEL,0.005463658000280702,,274.50742974692344,4117611.4462038516,0.84197509800665,2.9056431371618574,1417108.4513240699,106548750021.62949,2.81090930050921e+18,2.81090930050921e+18,2.8108922209343795e+18,3.5575676519297333e-19,0.08940612885700884,-5.565077743435147,1.473324872275352,0.057529771808534885,0.00012523038590649257,64,True,0.0,,0.00011521205589656921,0.004970228191465115,0.15802490199334995,1.8554973166828859e-06,21.629486083984375,,False,,,,,,274.5074278914261,106548750000.0,305.00825321269565,8.710970651849128e-13
36,max_rate_isac,Max-rate ISAC,ok,optimal,CLARABEL,0.0051943329999630805,,298.890219028881,4483353.285433215,0.9999999992821205,3.357142855091773,1335466.936902408,106548749946.11908,2.8109092985171374e+18,2.8109092985171374e+18,2.8108950215262075e+18,3.557567654450958e-19,0.08940612888868961,-7.6484445081232675,-2.209681677538876,0.03861171490393551,5.314501857330584e-05,64,True,53.88092041015625,,0.0038458367977913487,0.023888285096064492,7.178795335960331e-10,24.382791137454888,-53.88092041015625,,False,,,,,,274.5074278914261,106548750000.0,305.00825321269565,8.710970651849128e-13
36,dinkelbach_ee_isac,Dinkelbach EE-ISAC,ok,optimal,CLARABEL,0.016859347999798047,,250.32509873388523,3754876.481008278,0.7351100069395696,2.6003143055416276,1444008.7004121463,106548749969.95079,2.810909299145852e+18,2.810909299145852e+18,2.8108918963395876e+18,3.557567653655239e-19,0.0894061288786909,-3.966906294090921,4.041074972084589,0.06249999977857619,0.00019881673947220137,64,False,30.049209594726562,min_rate,2.8603142386036863e-11,2.2142380984302434e-10,0.2648899930604304,-24.18232915754089,-30.049209594726562,,False,5.0,True,1444008.7003606746,0.00013384222984313965,False,274.5074278914261,106548750000.0,305.00825321269565,8.710970651849128e-13
36,dinkelbach_ee_rmin_isac,Dinkelbach EE-ISAC (+R_min),ok,optimal,CLARABEL,0.010925281000254472,,274.50742801467544,4117611.4202201315,0.8419750880747694,2.9056431087850556,1417108.4562211907,106548749982.69856,2.810909299482156e+18,2.810909299482156e+18,2.8108923481881324e+18,3.5575676532296027e-19,0.08940612887334252,-5.565047546690804,1.4733032606025471,0.05753067216207494,0.0001252295417566044,64,True,17.301437377929688,,0.000115430483250806,0.004969327837925058,0.1580249119252306,1.2324932185947546e-07,-17.301437377929688,,False,3.0,True,1417108.45530437,0.002663953695446253,True,274.5074278914261,106548750000.0,305.00825321269565,8.710970651849128e-13
37,uniform,Uniform,ok,closed_form,numpy,1.529999735794263e-06,,293.5234951435727,4402852.42715359,1.0,3.357142857142857,1311487.9570244737,76781250000.0,2.0255998281153943e+18,2.0255998281153943e+18,2.0255998281153943e+18,4.936809265680052e-19,0.10532073506634214,-13.256466474732292,-9.684463547443015,0.015625,0.0,64,False,29767500000.0,min_sensing,0.015625,0.046875,0.0,28.338985013220395,-29767500000.0,,,,,,,,265.1845101303523,106548750000.0,294.6494557003914,8.527616408080484e-13
37,water_filling,Water-filling (comm. only),ok,closed_form,numpy,0.00018547199988461216,,294.6494557003914,4419741.835505871,0.99999999999951,3.357142857141457,1316518.844619319,79708084191.36148,2.1028139244598024e+18,2.1028139244598024e+18,2.102745299189723e+18,4.755532519392522e-19,0.1033689929264982,-11.699306918724556,-7.681757135775674,0.017296992545890785,8.16341500553535e-06,63,False,26840665808.63852,min_sensing,0.0,0.04520300745410921,4.900524430695441e-13,29.464945570039106,-26840665808.63852,0.017358357157353246,,,,,,,265.1845101303523,106548750000.0,294.6494557003914,8.527616408080484e-13
37,edge_weighted,Edge-weighted (∝ w_k),ok,closed_form,numpy,2.6206000256934203e-05,,253.19009243191587,3797851.386478738,1.0,3.357142857142857,1131274.881078773,138161250000.0,3.644892525873283e+18,3.644892525873283e+18,3.644892525873283e+18,2.7435651199630616e-19,0.07851422418531084,-2.549921626385729,1.7017770590097698,0.045432692307692306,0.0001951694139194139,64,False,11.994417698436422,min_rate,1.1446886446886447e-05,0.017067307692307694,0.0,-11.994417698436422,31612500000.0,,,,,,,,265.1845101303523,106548750000.0,294.6494557003914,8.527616408080484e-13
37,sensing_optimal,Sensing-optimal (max S),ok,closed_form,numpy,2.0184000277367886e-05,,105.06250976306768,1575937.6464460152,1.0,3.357142857142857,469428.235111579,177581250000.0,4.684848833230989e+18,4.684848833230989e+18,4.684848833230989e+18,2.1345405915911532e-19,0.0692536896294432,-0.2904600964737499,5.960647967914347,0.0625,0.000732421875,16,False,160.1220003672846,min_rate,0.0,0.0,0.0,-160.1220003672846,71032500000.0,,,,,,,,265.1845101303523,106548750000.0,294.6494557003914,8.527616408080484e-13
37,min_power_isac,Min-power ISAC,ok,optimal,CLARABEL,0.00561423899989677,,265.18451320361066,3977767.69805416,0.8362510131295393,2.889288608941541,1376729.0971708677,106548750036.23135,2.8109093008944287e+18,2.8109093008944287e+18,2.8108733882933586e+18,3.55756765144219e-19,0.08940612885088256,-5.295901576415046,1.4839056393158496,0.05551902270814812,0.0001238322146058133,64,True,0.0,,2.2881021532896716e-10,0.006980977291851882,0.1637489868704607,3.073258369568066e-06,36.231353759765625,,False,,,,,,265.1845101303523,106548750000.0,294.6494557003914,8.527616408080484e-13
37,max_rate_isac,Max-rate ISAC,ok,optimal,CLARABEL,0.005778577999990375,,289.4823291324474,4342234.936986711,0.99999999931788,3.357142855193943,1293431.6841086166,106548749948.71292,2.8109092985855667e+18,2.8109092985855667e+18,2.810856643532002e+18,3.557567654364352e-19,0.08940612888760135,-7.373067573760398,-2.1716768818488403,0.036635102481983685,5.4106477566173754e-05,64,True,51.287078857421875,,1.0533361673311735e-10,0.025864897518016315,6.82120027128974e-10,24.297819002095082,-51.287078857421875,,False,,,,,,265.1845101303523,106548750000.0,294.6494557003914,8.527616408080484e-13
37,dinkelbach_ee_isac,Dinkelbach EE-ISAC,ok,optimal,CLARABEL,0.016934502000367502,,242.19099430024016,3632864.9145036023,0.731590138728631,2.5902575392246603,1402511.0860563405,106548749960.2959,2.8109092988911427e+18,2.8109092988911427e+18,2.8108956024273485e+18,3.557567653977606e-19,0.08940612888274165,-3.793933410497226,4.009059838854209,0.06249999971216021,0.00019583312879094652,64,False,39.7041015625,min_rate,4.469142224410587e-12,2.878397867278615e-10,0.268409861271369,-22.99351583011213,-39.7041015625,,False,5.0,True,1402511.0860696933,-3.458745777606964e-05,False,265.1845101303523,106548750000.0,294.6494557003914,8.527616408080484e-13
37,dinkelbach_ee_rmin_isac,Dinkelbach EE-ISAC (+R_min),ok,optimal,CLARABEL,0.011483447999580676,,265.18451045253624,3977767.6567880437,0.8362509966363887,2.8892885618182533,1376729.1053423898,106548749945.13838,2.810909298491265e+18,2.810909298491265e+18,2.810873178239564e+18,3.557567654483703e-19,0.08940612888910107,-5.29587751014486,1.4838315065323284,0.055524364781556604,0.0001238293376138247,64,True,54.86161804199219,,1.5032508533083692e-11,0.006975635218443396,0.1637490033636113,3.2218395062955096e-07,-54.86161804199219,,False,3.0,True,1376729.104973071,0.001067067962139845,True,265.1845101303523,106548750000.0,294.6494557003914,8.527616408080484e-13
38,uniform,Uniform,ok,closed_form,numpy,1.5929999790387228e-06,,326.27093035557857,4894063.955333679,1.0,3.357142857142857,1457806.2845674788,76781250000.0,2.0255998281153943e+18,2.0255998281153943e+18,2.0255998281153943e+18,4.936809265680052e-19,0.10532073506634214,-13.256466474732292,-9.684463547443015,0.015625,0.0,64,False,29767500000.0,min_sensing,0.015625,0.046875,0.0,30.898563467728138,-29767500000.0,,,,,,,,295.37236688785043,106548750000.0,328.19151876427827,1.0159428518604242e-12
38,water_filling,Water-filling (comm. only),ok,closed_form,numpy,0.00013787800025966135,,328.19151876427827,4922872.781464174,0.9999999999997704,3.3571428571422013,1466387.6370321682,78676060970.5999,2.0755876672865247e+18,2.0755876672865247e+18,2.0753710123949018e+18,4.817912612225764e-19,0.1040447489177053,-13.264385453709544,-7.784704703220083,0.016891004353393992,9.775106347813953e-06,63,False,27872689029.4001,min_sensing,0.0,0.045608995646606004,2.2959412149248237e-13,32.81915187642784,-27872689029.4001,0.016964254310255104,,,,,,,295.37236688785043,106548750000.0,328.19151876427827,1.0159428518604242e-12
38,edge_weighted,Edge-weighted (∝ w_k),ok,closed_form,numpy,2.678200007721898e-05,,272.9539363058734,4094309.044588101,1.0,3.357142857142857,1219581.417536881,138161250000.0,3.644892525873283e+18,3.644892525873283e+18,3.644892525873283e+18,2.7435651199630616e-19,0.07851422418531084,-2.549921626385729,1.7017770590097698,0.045432692307692306,0.0001951694139194139,64,False,22.41843058197702,min_rate,1.1446886446886447e-05,0.017067307692307694,0.0,-22.41843058197702,31612500000.0,,,,,,,,295.37236688785043,106548750000.0,328.19151876427827,1.0159428518604242e-12
38,sensing_optimal,Sensing-optimal (max S),ok,closed_form,numpy,2.0757999664056115e-05,,115.84574666735888,1737686.2000103833,1.0,3.357142857142857,517608.65532224183,177581250000.0,4.684848833230989e+18,4.684848833230989e+18,4.684848833230989e+18,2.1345405915911532e-19,0.0692536896294432,-0.2904600964737499,5.960647967914347,0.0625,0.000732421875,16,False,179.52662022049157,min_rate,0.0,0.0,0.0,-179.52662022049157,71032500000.0,,,,,,,,295.37236688785043,106548750000.0,328.19151876427827,1.0159428518604242e-12
38,min_power_isac,Min-power ISAC,ok,optimal,CLARABEL,0.0056250610000461165,,295.37236960513076,4430585.544076961,0.8291974705785794,2.8691356302245126,1544223.1093586413,106548750026.30583,2.8109093006325786e+18,2.8109093006325786e+18,2.8108188095331686e+18,3.557567651773595e-19,0.08940612885504687,-5.58790210151646,1.8428471420663297,0.05942443418307786,0.00013517876561505287,64,True,0.0,,1.264284160489409e-10,0.0030755658169221434,0.1708025294214206,2.7172803243047383e-06,26.305831909179688,,False,,,,,,295.37236688785043,106548750000.0,328.19151876427827,1.0159428518604242e-12
38,max_rate_isac,Max-rate ISAC,ok,optimal,CLARABEL,0.005451199999697565,,322.4447969964123,4836671.9549461845,0.9999999997194567,3.357142856341305,1440710.7954343373,106548749980.02283,2.8109092994115666e+18,2.8109092994115666e+18,2.810770347351374e+18,3.5575676533189427e-19,0.08940612887446514,-7.914802517653153,-2.017180825489328,0.037520612962568395,5.826019318497465e-05,64,True,19.9771728515625,,2.0933623333315216e-11,0.024979387037431605,2.8054325529325297e-10,27.07243010856189,-19.9771728515625,,False,,,,,,295.37236688785043,106548750000.0,328.19151876427827,1.0159428518604242e-12
38,dinkelbach_ee_isac,Dinkelbach EE-ISAC,ok,optimal,CLARABEL,0.014522808999117842,,270.13419766439733,4052012.96496596,0.7257599484258712,2.5735998526453465,1574453.3715297603,106548749946.48354,2.810909298526752e+18,2.810909298526752e+18,2.8108823238042353e+18,3.5575676544387896e-19,0.0894061288885367,-3.962393966272242,4.323078090401578,0.06249999969302225,0.0002089992125573469,63,False,53.51646423339844,min_rate,0.0,3.069777487763048e-10,0.2742400515741288,-25.2381692234531,-53.51646423339844,,False,5.0,True,1574453.3712997262,0.0005920156836509705,False,295.37236688785043,106548750000.0,328.19151876427827,1.0159428518604242e-12
38,dinkelbach_ee_rmin_isac,Dinkelbach EE-ISAC (+R_min),ok,optimal,CLARABEL,0.01101536899977873,,295.37236712080835,4430585.506812125,0.8291974574839731,2.869135592811352,1544223.1165069374,106548749962.44803,2.8109092989479183e+18,2.8109092989479183e+18,2.8108187514679025e+18,3.557567653905749e-19,0.08940612888183871,-5.587898042770866,1.8428544756655196,0.05942440362875486,0.00013517909294989366,63,True,37.551971435546875,,0.0,0.0030755963712451387,0.1708025425160269,2.3295791606869898e-07,-37.551971435546875,,False,3.0,True,1544223.1153185614,0.0034096119925379753,True,295.37236688785043,106548750000.0,328.19151876427827,1.0159428518604242e-12
39,uniform,Uniform,ok,closed_form,numpy,1.4899997040629387e-06,,326.30934259326085,4894640.138898913,1.0,3.357142857142857,1457977.9137145698,76781250000.0,2.0255998281153943e+18,2.0255998281153943e+18,2.0255998281153943e+18,4.936809265680052e-19,0.10532073506634214,-13.256466474732292,-9.684463547443015,0.015625,0.0,64,False,29767500000.0,min_sensing,0.015625,0.046875,0.0,31.98129642715662,-29767500000.0,,,,,,,,294.32804616610423,106548750000.0,327.03116240678247,1.0263863018695073e-12
39,water_filling,Water-filling (comm. only),ok,closed_form,numpy,0.0001460029998270329,,327.03116240678247,4905467.436101737,0.9999999999995131,3.357142857141466,1461203.0660734635,77943904441.99551,2.0562723248234284e+18,2.0562723248234284e+18,2.0561970866956385e+18,4.863169084794592e-19,0.1045322725290129,-12.949606825681336,-8.406401880487968,0.016750446204280678,6.011974585130244e-06,64,False,28604845558.004486,min_sensing,0.0013594953772711887,0.04574955379571932,4.869438186005937e-13,32.70311624067824,-28604845558.004486,0.016820542806293172,,,,,,,294.32804616610423,106548750000.0,327.03116240678247,1.0263863018695073e-12
39,edge_weighted,Edge-weighted (∝ w_k),ok,closed_form,numpy,2.620799978103605e-05,,273.5313184267252,4102969.776400878,1.0,3.357142857142857,1222161.209991751,138161250000.0,3.644892525873283e+18,3.644892525873283e+18,3.644892525873283e+18,2.7435651199630616e-19,0.07851422418531084,-2.549921626385729,1.7017770590097698,0.045432692307692306,0.0001951694139194139,64,False,20.796727739379037,min_rate,1.1446886446886447e-05,0.017067307692307694,0.0,-20.796727739379037,31612500000.0,,,,,,,,294.32804616610423,106548750000.0,327.03116240678247,1.0263863018695073e-12
39,sensing_optimal,Sensing-optimal (max S),ok,closed_form,numpy,2.1287999970809324e-05,,114.21612660198053,1713241.899029708,1.0,3.357142857142857,510327.37417906197,177581250000.0,4.684848833230989e+18,4.684848833230989e+18,4.684848833230989e+18,2.1345405915911532e-19,0.0692536896294432,-0.2904600964737499,5.960647967914347,0.0625,0.000732421875,16,False,180.1119195641237,min_rate,0.0,0.0,0.0,-180.1119195641237,71032500000.0,,,,,,,,294.32804616610423,106548750000.0,327.03116240678247,1.0263863018695073e-12
39,min_power_isac,Min-power ISAC,ok,optimal,CLARABEL,0.005027012000027753,,294.3280482386916,4414920.723580374,0.8324989337246049,2.8785683820703,1533720.9812626066,106548750022.1592,2.810909300523185e+18,2.810909300523185e+18,2.8109037749585213e+18,3.557567651912046e-19,0.08940612885678659,-5.5584480658115325,1.780937535672008,0.05965068841537994,0.00013397311493525108,64,True,0.0,,2.9233531294937435e-10,0.002849311584620061,0.16750106627539507,2.0725873923765903e-06,22.159194946289062,,False,,,,,,294.32804616610423,106548750000.0,327.03116240678247,1.0263863018695073e-12
39,max_rate_isac,Max-rate ISAC,ok,optimal,CLARABEL,0.004935237000154302,,320.96645888787174,4814496.883318076,0.9999999995894404,3.3571428559698298,1434105.4551064787,106548749970.54335,2.8109092991614843e+18,2.8109092991614843e+18,2.810855498207864e+18,3.557567653635454e-19,0.08940612887844229,-7.769425213302737,-2.087726296756895,0.03823408050298098,5.633631425023122e-05,64,True,29.456649780273438,,7.774251808012461e-10,0.02426591949701902,4.105595863279632e-10,26.63841272176751,-29.456649780273438,,False,,,,,,294.32804616610423,106548750000.0,327.03116240678247,1.0263863018695073e-12
39,dinkelbach_ee_isac,Dinkelbach EE-ISAC,ok,optimal,CLARABEL,0.015236733000165259,,268.9424774981339,4034137.1624720083,0.7277362468487883,2.579246419567967,1564075.8990169466,106548749975.87529,2.8109092993021486e+18,2.8109092993021486e+18,2.810902806897035e+18,3.5575676534574253e-19,0.08940612887620525,-3.9528990383237033,4.291213830386064,0.062499999842379424,0.00020842117395343282,64,False,25.385568667970347,min_rate,9.349230999558876e-12,1.5762057631318882e-10,0.27226375315121165,-25.385568667970347,-24.124710083007812,,False,5.0,True,1564075.8990254132,-2.183765172958374e-05,False,294.32804616610423,106548750000.0,327.03116240678247,1.0263863018695073e-12
39,dinkelbach_ee_rmin_isac,Dinkelbach EE-ISAC (+R_min),ok,optimal,CLARABEL,0.010667181999906461,,294.3280465874335,4414920.698811502,0.8324989245909231,2.8785683559740662,1533720.9865622788,106548749929.83954,2.8109092980876595e+18,2.8109092980876595e+18,2.8109036403747794e+18,3.5575676549945177e-19,0.08940612889551978,-5.558409873770966,1.7809475512204194,0.05965541497655493,0.00013397359105345456,64,True,70.16046142578125,,7.598228615403445e-11,0.002844585023445069,0.16750107540907688,4.2132927546845167e-07,-70.16046142578125,,False,3.0,True,1533720.9861392893,0.0012176046147942543,True,294.32804616610423,106548750000.0,327.03116240678247,1.0263863018695073e-12
40,uniform,Uniform,ok,closed_form,numpy,1.5910000001895241e-06,,326.5795547508998,4898693.321263497,1.0,3.357142857142857,1459185.24463168,76781250000.0,2.0255998281153943e+18,2.0255998281153943e+18,2.0255998281153943e+18,4.936809265680052e-19,0.10532073506634214,-13.256466474732292,-9.684463547443015,0.015625,0.0,64,False,29767500000.0,min_sensing,0.015625,0.046875,0.0,31.363010587150654,-29767500000.0,,,,,,,,295.2165441637491,106548750000.0,328.01838240416566,1.0721084393531389e-12
40,water_filling,Water-filling (comm. only),ok,closed_form,numpy,0.00014686999975310755,,328.01838240416566,4920275.736062485,1.000000000000863,3.3571428571453232,1465614.0490388125,78467910712.95813,2.070096364056877e+18,2.070096364056877e+18,2.0693390455661294e+18,4.83069299266942e-19,0.10418265623472672,-12.731304409027997,-8.344073226879063,0.016737011379432818,5.6420613377171646e-06,63,False,28080839287.04187,min_sensing,0.0,0.045762988620567185,-8.630873793435967e-13,32.801838240416544,-28080839287.04187,0.01680230493926434,,,,,,,295.2165441637491,106548750000.0,328.01838240416566,1.0721084393531389e-12
40,edge_weighted,Edge-weighted (∝ w_k),ok,closed_form,numpy,2.7179999960935675e-05,,271.94181529912646,4079127.229486897,1.0,3.357142857142857,1215059.1747407778,138161250000.0,3.644892525873283e+18,3.644892525873283e+18,3.644892525873283e+18,2.7435651199630616e-19,0.07851422418531084,-2.549921626385729,1.7017770590097698,0.045432692307692306,0.0001951694139194139,64,False,23.27472886462266,min_rate,1.1446886446886447e-05,0.017067307692307694,0.0,-23.27472886462266,31612500000.0,,,,,,,,295.2165441637491,106548750000.0,328.01838240416566,1.0721084393531389e-12
40,sensing_optimal,Sensing-optimal (max S),ok,closed_form,numpy,1.971400024558534e-05,,115.06965666434274,1726044.8499651412,1.0,3.357142857142857,514141.01913855266,177581250000.0,4.684848833230989e+18,4.684848833230989e+18,4.684848833230989e+18,2.1345405915911532e-19,0.0692536896294432,-0.2904600964737499,5.960647967914347,0.0625,0.000732421875,16,False,180.14688749940638,min_rate,0.0,0.0,0.0,-180.14688749940638,71032500000.0,,,,,,,,295.2165441637491,106548750000.0,328.01838240416566,1.0721084393531389e-12
40,min_power_isac,Min-power ISAC,ok,optimal,CLARABEL,0.005059549999714363,,295.21654781051063,4428248.217157659,0.8319054527116472,2.8768727220332777,1539257.6054000473,106548750039.42235,2.810909300978611e+18,2.810909300978611e+18,2.810280994937241e+18,3.557567651335646e-19,0.08940612884954377,-5.574241792358434,1.768445439278803,0.05926458005029332,0.00013336569223690203,64,True,0.0,,1.7843004910147854e-10,0.0032354199497066777,0.16809454728835282,3.64676151320964e-06,39.42234802246094,,False,,,,,,295.2165441637491,106548750000.0,328.01838240416566,1.0721084393531389e-12
40,max_rate_isac,Max-rate ISAC,ok,optimal,CLARABEL,0.004959440999755316,,322.0455827522428,4830683.741283642,0.9999999992976362,3.3571428551361033,1438927.0727318511,106548749948.21207,2.810909298572353e+18,2.810909298572353e+18,2.8102873855223885e+18,3.5575676543810753e-19,0.08940612888781149,-7.773379493519208,-2.173711670793443,0.037874236546282775,5.4240413583885166e-05,64,True,51.787933349609375,,3.7283783123947204e-11,0.024625763453717225,7.023638337599891e-10,26.829038588493688,-51.787933349609375,,False,,,,,,295.2165441637491,106548750000.0,328.01838240416566,1.0721084393531389e-12
40,dinkelbach_ee_isac,Dinkelbach EE-ISAC,ok,optimal,CLARABEL,0.015276262000043062,,269.2926559890758,4039389.839836137,0.725107943070161,2.5717369802004604,1570685.4437039967,106548749943.92874,2.810909298459353e+18,2.810909298459353e+18,2.810395420286075e+18,3.5575676545240915e-19,0.08940612888960858,-3.9360634693921845,4.3540320241623425,0.0624999996477503,0.00021064701740385186,64,False,56.071258544921875,min_rate,5.3914783707248235e-12,3.522497016295034e-10,0.274892056929839,-25.923888174673323,-56.071258544921875,,False,5.0,True,1570685.4435058055,0.0005096960812807083,False,295.2165441637491,106548750000.0,328.01838240416566,1.0721084393531389e-12
40,dinkelbach_ee_rmin_isac,Dinkelbach EE-ISAC (+R_min),ok,optimal,CLARABEL,0.010725157000251784,,295.2165445837543,4428248.168756315,0.8319054351613235,2.876872671889496,1539257.6154049574,106548749925.02371,2.810909297960611e+18,2.810909297960611e+18,2.8102816582055e+18,3.557567655155314e-19,0.08940612889754028,-5.5742644994872945,1.768455063823049,0.059264256017680345,0.00013336591638694057,63,True,74.97628784179688,,0.0,0.0032357439823196554,0.16809456483867646,4.20005164869508e-07,-74.97628784179688,,False,3.0,True,1539257.6150603578,0.0009913695976138115,True,295.2165441637491,106548750000.0,328.01838240416566,1.0721084393531389e-12
41,uniform,Uniform,ok,closed_form,numpy,1.6580002011323813e-06,,310.7040982386702,4660561.473580053,1.0,3.357142857142857,1388252.3538323562,76781250000.0,2.0255998281153943e+18,2.0255998281153943e+18,2.0255998281153943e+18,4.936809265680052e-19,0.10532073506634214,-13.256466474732292,-9.684463547443015,0.015625,0.0,64,False,29767500000.0,min_sensing,0.015625,0.046875,0.0,30.42544593129469,-29767500000.0,,,,,,,,280.2786523073755,106548750000.0,311.4207247859728,9.043070754582834e-13
41,water_filling,Water-filling (comm. only),ok,closed_form,numpy,0.00018114700014848495,,311.4207247859728,4671310.871789592,0.9999999999992213,3.3571428571406323,1391454.3022361198,78197355397.39049,2.0629587256267978e+18,2.0629587256267978e+18,2.062751380778983e+18,4.847406724999627e-19,0.10436273158480823,-12.625237001399096,-8.336501218491946,0.016863188620087403,5.917271942073907e-06,64,False,28351394602.609512,min_sensing,0.0023132724829300275,0.0456368113799126,7.787104294720848e-13,31.1420724785973,-28351394602.609512,0.01693634960113799,,,,,,,280.2786523073755,106548750000.0,311.4207247859728,9.043070754582834e-13
41,edge_weighted,Edge-weighted (∝ w_k),ok,closed_form,numpy,2.5628000003052875e-05,,259.77529919826253,3896629.4879739378,1.0,3.357142857142857,1160698.145353939,138161250000.0,3.644892525873283e+18,3.644892525873283e+18,3.644892525873283e+18,2.7435651199630616e-19,0.07851422418531084,-2.549921626385729,1.7017770590097698,0.045432692307692306,0.0001951694139194139,64,False,20.503353109112993,min_rate,1.1446886446886447e-05,0.017067307692307694,0.0,-20.503353109112993,31612500000.0,,,,,,,,280.2786523073755,106548750000.0,311.4207247859728,9.043070754582834e-13
41,sensing_optimal,Sensing-optimal (max S),ok,closed_form,numpy,2.0093000330234645e-05,,113.17050996198664,1697557.6494297995,1.0,3.357142857142857,505655.470042919,177581250000.0,4.684848833230989e+18,4.684848833230989e+18,4.684848833230989e+18,2.1345405915911532e-19,0.0692536896294432,-0.2904600964737499,5.960647967914347,0.0625,0.000732421875,16,False,167.1081423453889,min_rate,0.0,0.0,0.0,-167.1081423453889,71032500000.0,,,,,,,,280.2786523073755,106548750000.0,311.4207247859728,9.043070754582834e-13
41,min_power_isac,Min-power ISAC,ok,optimal,CLARABEL,0.005199316000016552,,280.27865331403456,4204179.799710519,0.8386052014696664,2.896014861341904,1451712.0943787077,106548750009.84593,2.8109093001983437e+18,2.8109093001983437e+18,2.810612392488928e+18,3.557567652323175e-19,0.08940612886195269,-5.607782620519805,1.5595840489750343,0.05824332655594265,0.00012731513339497573,64,True,0.0,,8.389177700629932e-11,0.004256673444057349,0.16139479853033356,1.0066590334645298e-06,9.845932006835938,,False,,,,,,280.2786523073755,106548750000.0,311.4207247859728,9.043070754582834e-13
41,max_rate_isac,Max-rate ISAC,ok,optimal,CLARABEL,0.0051538959996833,,305.49215526898,4582382.3290347,0.999999998978942,3.3571428542255486,1364964.9502603007,106548749922.44093,2.8109092978924733e+18,2.8109092978924733e+18,2.810719228144325e+18,3.557567655241551e-19,0.08940612889862391,-7.692766522876663,-2.152815062339885,0.03798820524956664,5.461925470140607e-05,64,True,77.55906677246094,,3.752210321938803e-10,0.024511794750433358,1.0210580159153437e-09,25.21350296160449,-77.55906677246094,,False,,,,,,280.2786523073755,106548750000.0,311.4207247859728,9.043070754582834e-13
41,dinkelbach_ee_isac,Dinkelbach EE-ISAC,ok,optimal,CLARABEL,0.01643935899983262,,256.8364686884447,3852547.0303266705,0.7375585544891476,2.607310155683279,1477594.4556995218,106548749973.40672,2.8109092992370243e+18,2.8109092992370243e+18,2.8107293020658714e+18,3.5575676535398483e-19,0.08940612887724095,-4.107671674066427,4.012342194638164,0.06249999981497906,0.00019809405686830618,64,False,26.593276977539062,min_rate,8.01274489426011e-12,1.8502094301098282e-10,0.26244144551085236,-23.442183618930812,-26.593276977539062,,False,5.0,True,1477594.4558664241,-0.00043516606092453003,False,280.2786523073755,106548750000.0,311.4207247859728,9.043070754582834e-13
41,dinkelbach_ee_rmin_isac,Dinkelbach EE-ISAC (+R_min),ok,optimal,CLARABEL,0.010635421000188217,,280.27865247998295,4204179.787199744,0.8386051970657411,2.8960148487592603,1451712.0963661291,106548749958.52196,2.810909298844343e+18,2.810909298844343e+18,2.810612328523946e+18,3.5575676540368374e-19,0.08940612888348594,-5.6077608357020186,1.5595573422148525,0.05824347714091178,0.00012731408688076512,64,True,41.47804260253906,,2.0895533585128043e-11,0.004256522859088223,0.1613948029342589,1.726074287944357e-07,-41.47804260253906,,False,3.0,True,1451712.0964675166,-0.00029361993074417114,True,280.2786523073755,106548750000.0,311.4207247859728,9.043070754582834e-13
42,uniform,Uniform,ok,closed_form,numpy,1.6620001588307787e-06,,297.6517133289741,4464775.699934611,1.0,3.357142857142857,1329933.187214565,76781250000.0,2.0255998281153943e+18,2.0255998281153943e+18,2.0255998281153943e+18,4.936809265680052e-19,0.10532073506634214,-13.256466474732292,-9.684463547443015,0.015625,0.0,64,False,29767500000.0,min_sensing,0.015625,0.046875,0.0,27.470661003743146,-29767500000.0,,,,,,,,270.18105232523095,106548750000.0,300.2011692502566,1.0894415320849812e-12
42,water_filling,Water-filling (comm. only),ok,closed_form,numpy,0.00014742899975317414,,300.2011692502566,4503017.538753849,0.9999999999999201,3.357142857142629,1341324.3732459187,78423891266.3883,2.0689350677325064e+18,2.0689350677325064e+18,2.0689229170126797e+18,4.833404467816244e-19,0.10421189107270246,-12.980953469616525,-6.4471717393320755,0.018322047649752093,2.3231129724630552e-05,63,False,28124858733.611694,min_sensing,0.0,0.04417795235024791,7.993605777301127e-14,30.02011692502566,-28124858733.611694,0.018380489163682692,,,,,,,270.18105232523095,106548750000.0,300.2011692502566,1.0894415320849812e-12
42,edge_weighted,Edge-weighted (∝ w_k),ok,closed_form,numpy,2.6949000130116474e-05,,248.3369355172045,3725054.0327580674,1.0,3.357142857142857,1109590.5629492116,138161250000.0,3.644892525873283e+18,3.644892525873283e+18,3.644892525873283e+18,2.7435651199630616e-19,0.07851422418531084,-2.549921626385729,1.7017770590097698,0.045432692307692306,0.0001951694139194139,64,False,21.844116808026456,min_rate,1.1446886446886447e-05,0.017067307692307694,0.0,-21.844116808026456,31612500000.0,,,,,,,,270.18105232523095,106548750000.0,300.2011692502566,1.0894415320849812e-12
42,sensing_optimal,Sensing-optimal (max S),ok,closed_form,numpy,2.227200002380414e-05,,107.24357917476485,1608653.6876214726,1.0,3.357142857142857,479173.4388659706,177581250000.0,4.684848833230989e+18,4.684848833230989e+18,4.684848833230989e+18,2.1345405915911532e-19,0.0692536896294432,-0.2904600964737499,5.960647967914347,0.0625,0.000732421875,16,False,162.9374731504661,min_rate,0.0,0.0,0.0,-162.9374731504661,71032500000.0,,,,,,,,270.18105232523095,106548750000.0,300.2011692502566,1.0894415320849812e-12
42,min_power_isac,Min-power ISAC,ok,optimal,CLARABEL,0.005256165999981022,,270.1810541490913,4052715.81223637,0.8260901464222841,2.860257561206526,1416905.8993858008,106548750020.89154,2.8109093004897423e+18,2.8109093004897423e+18,2.8108671738769684e+18,3.557567651954372e-19,0.08940612885731845,-5.490752799585233,2.058270341692044,0.060429357730783,0.00014338366489379006,64,True,0.0,,1.742547778172854e-10,0.0020706422692170004,0.17390985357771593,1.823860372951458e-06,20.89154052734375,,False,,,,,,270.18105232523095,106548750000.0,300.2011692502566,1.0894415320849812e-12
42,max_rate_isac,Max-rate ISAC,ok,optimal,CLARABEL,0.005315819999850646,,295.1409869861144,4427114.804791716,0.9999999996085089,3.3571428560243115,1318715.0486752049,106548749975.73358,2.8109092992984105e+18,2.8109092992984105e+18,2.8108840624054124e+18,3.5575676534621563e-19,0.0894061288762647,-7.796397604244683,-1.6416230170561623,0.03867072687744342,6.886272124930467e-05,64,True,24.26641845703125,,1.9476209467816613e-10,0.02382927312255658,3.914910617908163e-10,24.959934660883448,-24.26641845703125,,False,,,,,,270.18105232523095,106548750000.0,300.2011692502566,1.0894415320849812e-12
42,dinkelbach_ee_isac,Dinkelbach EE-ISAC,ok,optimal,CLARABEL,0.016735804999825632,,246.5507489878289,3698261.2348174336,0.7199129559260049,2.5568941597885857,1446388.0801085723,106548749976.22961,2.810909299311496e+18,2.810909299311496e+18,2.8108917579412306e+18,3.5575676534455948e-19,0.08940612887605659,-3.8319896313090043,4.418883691893817,0.06249999983664351,0.00021160618480591182,64,False,23.7703857421875,min_rate,8.794457769803879e-12,1.6335648805876346e-10,0.2800870440739951,-23.63030333740204,-23.7703857421875,,False,5.0,True,1446388.0801259677,-4.447810351848602e-05,False,270.18105232523095,106548750000.0,300.2011692502566,1.0894415320849812e-12
42,dinkelbach_ee_rmin_isac,Dinkelbach EE-ISAC (+R_min),ok,optimal,CLARABEL,0.010961619999761751,,270.1810527372482,4052715.791058723,0.8260901375726202,2.860257535921772,1416905.9045071823,106548749936.24075,2.8109092982565325e+18,2.8109092982565325e+18,2.810866928668818e+18,3.557567654780787e-19,0.08940612889283413,-5.49073218545767,2.0582389164573742,0.060429756264425795,0.0001433824752208486,64,True,63.759246826171875,,4.606546884382592e-11,0.002070243735574205,0.17390986242737982,4.1201724343409296e-07,-63.759246826171875,,False,3.0,True,1416905.9044134005,0.00026823999360203743,True,270.18105232523095,106548750000.0,300.2011692502566,1.0894415320849812e-12
43,uniform,Uniform,ok,closed_form,numpy,1.5240002539940178e-06,,298.31398930518185,4474709.839577728,1.0,3.357142857142857,1332892.2926401743,76781250000.0,2.0255998281153943e+18,2.0255998281153943e+18,2.0255998281153943e+18,4.936809265680052e-19,0.10532073506634214,-13.256466474732292,-9.684463547443015,0.015625,0.0,64,False,29767500000.0,min_sensing,0.015625,0.046875,0.0,29.266205553662246,-29767500000.0,,,,,,,,269.0477837515196,106548750000.0,298.9419819461329,7.63438113454371e-13
43,water_filling,Water-filling (comm. only),ok,closed_form,numpy,0.00013900299973101937,,298.9419819461329,4484129.729191993,1.0000000000002405,3.357142857143544,1335698.2172058523,76679739714.82288,2.0229218407655306e+18,2.0229218407655306e+18,2.0202105241060682e+18,4.943344719742468e-19,0.10539042493450064,-13.680979641948204,-8.979810019164777,0.016948568956152602,4.75317400686647e-06,64,False,29869010285.177124,min_sensing,0.006475864549318365,0.0455514310438474,-2.404743071338089e-13,29.894198194613296,-29869010285.177124,0.017067802172576668,,,,,,,269.0477837515196,106548750000.0,298.9419819461329,7.63438113454371e-13
43,edge_weighted,Edge-weighted (∝ w_k),ok,closed_form,numpy,2.6430999696458457e-05,,243.64872369784175,3654730.8554676264,1.0,3.357142857142857,1088643.2335435483,138161250000.0,3.644892525873283e+18,3.644892525873283e+18,3.644892525873283e+18,2.7435651199630616e-19,0.07851422418531084,-2.549921626385729,1.7017770590097698,0.045432692307692306,0.0001951694139194139,64,False,25.399060053677857,min_rate,1.1446886446886447e-05,0.017067307692307694,0.0,-25.399060053677857,31612500000.0,,,,,,,,269.0477837515196,106548750000.0,298.9419819461329,7.63438113454371e-13
43,sensing_optimal,Sensing-optimal (max S),ok,closed_form,numpy,2.3746999886498088e-05,,109.48287092005245,1642243.0638007866,1.0,3.357142857142857,489178.7849619364,177581250000.0,4.684848833230989e+18,4.684848833230989e+18,4.684848833230989e+18,2.1345405915911532e-19,0.0692536896294432,-0.2904600964737499,5.960647967914347,0.0625,0.000732421875,16,False,159.56491283146715,min_rate,0.0,0.0,0.0,-159.56491283146715,71032500000.0,,,,,,,,269.0477837515196,106548750000.0,298.9419819461329,7.63438113454371e-13
43,min_power_isac,Min-power ISAC,ok,optimal,CLARABEL,0.005595517000074324,,269.0477865662848,4035716.798494272,0.8467778185526436,2.919365195864696,1382395.3249188887,106548750033.73486,2.8109093008285676e+18,2.8109093008285676e+18,2.807853844018584e+18,3.5575676515255456e-19,0.08940612885192997,-5.917422004469426,1.5039322221524705,0.05820992518030965,0.00012835701418512264,64,True,0.0,,1.632474681309212e-09,0.004290074819690348,0.15322218144735644,2.814765196035296e-06,33.73486328125,,False,,,,,,269.0477837515196,106548750000.0,298.9419819461329,7.63438113454371e-13
43,max_rate_isac,Max-rate ISAC,ok,optimal,CLARABEL,0.004773899000156234,,292.54204915181793,4388130.737277269,0.9999999990003339,3.3571428542866686,1307102.7739180515,106548749918.70645,2.810909297793953e+18,2.810909297793953e+18,2.8081979908179983e+18,3.5575676553662414e-19,0.08940612890019072,-7.982525503151768,-2.0732656996215386,0.03953082734568982,5.706489562078056e-05,64,True,81.29354858398438,,0.0028155115621283314,0.02296917265431018,9.996661276545638e-10,23.49426540029833,-81.29354858398438,,False,,,,,,269.0477837515196,106548750000.0,298.9419819461329,7.63438113454371e-13
43,dinkelbach_ee_isac,Dinkelbach EE-ISAC,ok,optimal,CLARABEL,0.014384616000370443,,245.98157283707656,3689723.5925561483,0.7429206490080862,2.6226304257373894,1406878.9701921996,106548749984.10541,2.810909299519271e+18,2.810909299519271e+18,2.807976976414456e+18,3.557567653182629e-19,0.08940612887275226,-4.313548920282523,3.9810836341203104,0.06249999989110981,0.00019918851729957047,64,False,23.066210914443047,min_rate,1.4413752195813774e-11,1.0889018853266208e-10,0.2570793509919138,-23.066210914443047,-15.89459228515625,,False,5.0,True,1406878.970274036,-0.00021462701261043549,False,269.0477837515196,106548750000.0,298.9419819461329,7.63438113454371e-13
43,dinkelbach_ee_rmin_isac,Dinkelbach EE-ISAC (+R_min),ok,optimal,CLARABEL,0.01097819799952049,,269.0477839228713,4035716.7588430694,0.8467778028066293,2.9193651508760836,1382395.3326400348,106548749972.95328,2.810909299225062e+18,2.810909299225062e+18,2.807855827749542e+18,3.5575676535549885e-19,0.0894061288774312,-5.917361798746153,1.5038664799625734,0.058209643420428406,0.00012835403998776412,64,True,27.046722412109375,,1.1621250107361891e-10,0.004290356579571594,0.1532221971933707,1.7135170082838158e-07,-27.046722412109375,,False,3.0,True,1382395.33252457,0.0003370847553014755,True,269.0477837515196,106548750000.0,298.9419819461329,7.63438113454371e-13
44,uniform,Uniform,ok,closed_form,numpy,1.7419997675460763e-06,,338.1175188123808,5071762.782185712,1.0,3.357142857142857,1510737.8500127653,76781250000.0,2.0255998281153943e+18,2.0255998281153943e+18,2.0255998281153943e+18,4.936809265680052e-19,0.10532073506634214,-13.256466474732292,-9.684463547443015,0.015625,0.0,64,False,29767500000.0,min_sensing,0.015625,0.046875,0.0,32.65387864853244,-29767500000.0,,,,,,,,305.46364016384837,106548750000.0,339.40404462649815,1.1033023785174304e-12
44,water_filling,Water-filling (comm. only),ok,closed_form,numpy,0.00015028899997560075,,339.40404462649815,5091060.669397472,1.0000000000002693,3.357142857143627,1516486.1568414527,76970821357.88023,2.03060099324279e+18,2.03060099324279e+18,2.0298572847885527e+18,4.924650403145127e-19,0.10519095794429101,-13.638930051014682,-8.939783973952505,0.01644863073692425,4.409865620985881e-06,63,False,29577928642.119766,min_sensing,0.0,0.04605136926307575,-2.69340105774063e-13,33.94040446264978,-29577928642.119766,0.016508158951795512,,,,,,,305.46364016384837,106548750000.0,339.40404462649815,1.1033023785174304e-12
44,edge_weighted,Edge-weighted (∝ w_k),ok,closed_form,numpy,2.6731999696494313e-05,,283.523835313704,4252857.52970556,1.0,3.357142857142857,1266808.6258697412,138161250000.0,3.644892525873283e+18,3.644892525873283e+18,3.644892525873283e+18,2.7435651199630616e-19,0.07851422418531084,-2.549921626385729,1.7017770590097698,0.045432692307692306,0.0001951694139194139,64,False,21.939804850144355,min_rate,1.1446886446886447e-05,0.017067307692307694,0.0,-21.939804850144355,31612500000.0,,,,,,,,305.46364016384837,106548750000.0,339.40404462649815,1.1033023785174304e-12
44,sensing_optimal,Sensing-optimal (max S),ok,closed_form,numpy,2.1051999738119775e-05,,118.54546449136981,1778181.9673705471,1.0,3.357142857142857,529671.2243231417,177581250000.0,4.684848833230989e+18,4.684848833230989e+18,4.684848833230989e+18,2.1345405915911532e-19,0.0692536896294432,-0.2904600964737499,5.960647967914347,0.0625,0.000732421875,16,False,186.91817567247855,min_rate,0.0,0.0,0.0,-186.91817567247855,71032500000.0,,,,,,,,305.46364016384837,106548750000.0,339.40404462649815,1.1033023785174304e-12
44,min_power_isac,Min-power ISAC,ok,optimal,CLARABEL,0.0056765130002531805,,305.46364150172224,4581954.622525834,0.8346177646496973,2.884622184713421,1588407.1913497532,106548750011.37453,2.8109093002386703e+18,2.8109093002386703e+18,2.8104803725560673e+18,3.557567652272136e-19,0.08940612886131136,-5.774767448753258,1.8465698645896136,0.060949051055692906,0.0001373923006034547,64,True,0.0,,8.52114648904359e-11,0.0015509489443070942,0.16538223535030272,1.337873868578754e-06,11.374526977539062,,False,,,,,,305.46364016384837,106548750000.0,339.40404462649815,1.1033023785174304e-12
44,max_rate_isac,Max-rate ISAC,ok,optimal,CLARABEL,0.005444665000140958,,332.7103098662071,4990654.647993107,0.9999999991136502,3.3571428546104296,1486577.9813746514,106548749932.42224,2.810909298155795e+18,2.810909298155795e+18,2.8102327369493944e+18,3.557567654908283e-19,0.08940612889443618,-8.015024587553073,-2.0666368878889094,0.03919798527512232,5.704055692924816e-05,64,True,67.5777587890625,,9.925095065887854e-11,0.02330201472487768,8.863497713562651e-10,27.24666970235876,-67.5777587890625,,False,,,,,,305.46364016384837,106548750000.0,339.40404462649815,1.1033023785174304e-12
44,dinkelbach_ee_isac,Dinkelbach EE-ISAC,ok,optimal,CLARABEL,0.01663794100022642,,278.8850763418109,4183276.1451271633,0.72876524240853,2.5821864068815144,1620051.9582857196,106548749966.50789,2.810909299055023e+18,2.810909299055023e+18,2.810626672336787e+18,3.5575676537701944e-19,0.0894061288801354,-4.0780038350094445,4.360514752023125,0.062499999778896816,0.00021244769795867623,64,False,33.49211120605469,min_rate,5.9988004586177115e-12,2.211031843724065e-10,0.27123475759147,-26.578563822037495,-33.49211120605469,,False,5.0,True,1620051.9582918976,-1.595262438058853e-05,False,305.46364016384837,106548750000.0,339.40404462649815,1.1033023785174304e-12
44,dinkelbach_ee_rmin_isac,Dinkelbach EE-ISAC (+R_min),ok,optimal,CLARABEL,0.011013670000011189,,305.463640530994,4581954.60796491,0.8346177596996707,2.8846221705704878,1588407.1940897352,106548749957.20886,2.8109092988097014e+18,2.8109092988097014e+18,2.810480296653462e+18,3.5575676540806807e-19,0.08940612888403685,-5.774757377077686,1.8465569111447813,0.06094888713490585,0.00013739178012222143,64,True,42.7911376953125,,1.6977766106593795e-11,0.0015511128650941494,0.16538224030032933,3.671456170195597e-07,-42.7911376953125,,False,3.0,True,1588407.1934727433,0.0017797881737351418,True,305.46364016384837,106548750000.0,339.40404462649815,1.1033023785174304e-12
45,uniform,Uniform,ok,closed_form,numpy,1.440000232832972e-06,,312.3560503607032,4685340.755410548,1.0,3.357142857142857,1395633.4165052697,76781250000.0,2.0255998281153943e+18,2.0255998281153943e+18,2.0255998281153943e+18,4.936809265680052e-19,0.10532073506634214,-13.256466474732292,-9.684463547443015,0.015625,0.0,64,False,29767500000.0,min_sensing,0.015625,0.046875,0.0,30.419245626536906,-29767500000.0,,,,,,,,281.9368047341663,106548750000.0,313.2631163712959,9.10361558931162e-13
45,water_filling,Water-filling (comm. only),ok,closed_form,numpy,0.00014377399975273875,,313.2631163712959,4698946.745569439,1.0000000000004614,3.3571428571441757,1399686.2646371555,76848405781.89627,2.0273714942482854e+18,2.0273714942482854e+18,2.0273578267233398e+18,4.932495119108808e-19,0.10527470651102663,-13.30664665658258,-8.47676211127666,0.016974095262106914,7.562663835342953e-06,64,False,29700344218.10373,min_sensing,0.002469485500211005,0.045525904737893086,-4.614086890342151e-13,31.326311637129606,-29700344218.10373,0.017042757096086214,,,,,,,281.9368047341663,106548750000.0,313.2631163712959,9.10361558931162e-13
45,edge_weighted,Edge-weighted (∝ w_k),ok,closed_form,numpy,2.6925999918603338e-05,,259.4543820257433,3891815.7303861496,1.0,3.357142857142857,1159264.2601150232,138161250000.0,3.644892525873283e+18,3.644892525873283e+18,3.644892525873283e+18,2.7435651199630616e-19,0.07851422418531084,-2.549921626385729,1.7017770590097698,0.045432692307692306,0.0001951694139194139,64,False,22.482422708422973,min_rate,1.1446886446886447e-05,0.017067307692307694,0.0,-22.482422708422973,31612500000.0,,,,,,,,281.9368047341663,106548750000.0,313.2631163712959,9.10361558931162e-13
45,sensing_optimal,Sensing-optimal (max S),ok,closed_form,numpy,2.061199984382256e-05,,103.04658146512578,1545698.7219768867,1.0,3.357142857142857,460420.8959080088,177581250000.0,4.684848833230989e+18,4.684848833230989e+18,4.684848833230989e+18,2.1345405915911532e-19,0.0692536896294432,-0.2904600964737499,5.960647967914347,0.0625,0.000732421875,16,False,178.89022326904052,min_rate,0.0,0.0,0.0,-178.89022326904052,71032500000.0,,,,,,,,281.9368047341663,106548750000.0,313.2631163712959,9.10361558931162e-13
45,min_power_isac,Min-power ISAC,ok,optimal,CLARABEL,0.005764660000295407,,281.9368078633562,4229052.117950343,0.8397966342508946,2.899418955002556,1458586.0765839596,106548750034.04294,2.810909300836695e+18,2.810909300836695e+18,2.8108846727564995e+18,3.5575676515152592e-19,0.08940612885180071,-5.802464567980045,1.7699991843820255,0.05992018237991405,0.0001362382266065676,64,True,0.0,,3.764711211362478e-10,0.002579817620085953,0.16020336574910543,3.129189906303509e-06,34.042938232421875,,False,,,,,,281.9368047341663,106548750000.0,313.2631163712959,9.10361558931162e-13
45,max_rate_isac,Max-rate ISAC,ok,optimal,CLARABEL,0.005503745000169147,,306.9116373383647,4603674.56007547,0.9999999993262654,3.3571428552179015,1371307.3165534567,106548749947.21906,2.810909298546156e+18,2.810909298546156e+18,2.8108947200548844e+18,3.557567654414231e-19,0.08940612888822812,-7.880494619059285,-1.9665820667525715,0.03944189097038811,5.9610008224777515e-05,64,True,52.78094482421875,,1.0373087557908187e-09,0.02305810902961189,6.737346236462827e-10,24.97483260419841,-52.78094482421875,,False,,,,,,281.9368047341663,106548750000.0,313.2631163712959,9.10361558931162e-13
45,dinkelbach_ee_isac,Dinkelbach EE-ISAC,ok,optimal,CLARABEL,0.01501776199984306,,257.47253333654976,3862088.0000482462,0.7341339335665249,2.5975255244757856,1486833.5127631386,106548749971.58316,2.810909299188916e+18,2.810909299188916e+18,2.810902086612825e+18,3.557567653600735e-19,0.08940612887800603,-4.156463530108131,4.263982003370059,0.06249999983362319,0.00020980803082538589,64,False,28.416839599609375,min_rate,7.488089660333929e-12,1.6637680816389278e-10,0.2658660664334751,-24.46427139761653,-28.416839599609375,,False,5.0,True,1486833.5128298732,-0.00017334474250674248,False,281.9368047341663,106548750000.0,313.2631163712959,9.10361558931162e-13
45,dinkelbach_ee_rmin_isac,Dinkelbach EE-ISAC (+R_min),ok,optimal,CLARABEL,0.01094375700040473,,281.936804866337,4229052.0729950555,0.8397966174105054,2.8994189068871585,1458586.0852840347,106548749977.54105,2.810909299346094e+18,2.810909299346094e+18,2.8108844868363766e+18,3.5575676534018063e-19,0.08940612887550636,-5.802459982261753,1.7700358700462022,0.05992169441499951,0.00013623983115638484,64,True,22.458953857421875,,1.7592607405467002e-11,0.0025783055850004885,0.16020338258949463,1.321707259194227e-07,-22.458953857421875,,False,3.0,True,1458586.084450104,0.002417914569377899,True,281.9368047341663,106548750000.0,313.2631163712959,9.10361558931162e-13
46,uniform,Uniform,ok,closed_form,numpy,1.621000137674855e-06,,306.8545045803377,4602817.568705065,1.0,3.357142857142857,1371052.0417419344,76781250000.0,2.0255998281153943e+18,2.0255998281153943e+18,2.0255998281153943e+18,4.936809265680052e-19,0.10532073506634214,-13.256466474732292,-9.684463547443015,0.015625,0.0,64,False,29767500000.0,min_sensing,0.015625,0.046875,0.0,27.55498361015384,-29767500000.0,,,,,,,,279.29952097018383,106548750000.0,310.332801077982,1.0192330753166182e-12
46,water_filling,Water-filling (comm. only),ok,closed_form,numpy,0.0001591029999872262,,310.332801077982,4654992.016169731,0.9999999999993042,3.3571428571408695,1386593.3665194642,75087684354.493,1.9809211301202317e+18,1.9809211301202317e+18,1.980837854786313e+18,5.0481565610807795e-19,0.1065018409740601,-14.629005743822178,-7.701127443738348,0.01764266108767962,1.7459496651544364e-05,61,False,31461065645.507004,min_sensing,0.0,0.04485733891232038,6.957767695325856e-13,31.03328010779819,-31461065645.507004,0.01769649345299328,,,,,,,279.29952097018383,106548750000.0,310.332801077982,1.0192330753166182e-12
46,edge_weighted,Edge-weighted (∝ w_k),ok,closed_form,numpy,2.622700003485079e-05,,251.9111427870393,3778667.1418055897,1.0,3.357142857142857,1125560.4252186862,138161250000.0,3.644892525873283e+18,3.644892525873283e+18,3.644892525873283e+18,2.7435651199630616e-19,0.07851422418531084,-2.549921626385729,1.7017770590097698,0.045432692307692306,0.0001951694139194139,64,False,27.38837818314454,min_rate,1.1446886446886447e-05,0.017067307692307694,0.0,-27.38837818314454,31612500000.0,,,,,,,,279.29952097018383,106548750000.0,310.332801077982,1.0192330753166182e-12
46,sensing_optimal,Sensing-optimal (max S),ok,closed_form,numpy,2.030099994954071e-05,,110.3138257772529,1654707.3866587935,1.0,3.357142857142857,492891.5619834704,177581250000.0,4.684848833230989e+18,4.684848833230989e+18,4.684848833230989e+18,2.1345405915911532e-19,0.0692536896294432,-0.2904600964737499,5.960647967914347,0.0625,0.000732421875,16,False,168.98569519293093,min_rate,0.0,0.0,0.0,-168.98569519293093,71032500000.0,,,,,,,,279.29952097018383,106548750000.0,310.332801077982,1.0192330753166182e-12
46,min_power_isac,Min-power ISAC,ok,optimal,CLARABEL,0.005795780999960698,,279.2995225841231,4189492.8387618465,0.8393123670684136,2.898035334481182,1445632.0766399028,106548750016.78346,2.810909300381365e+18,2.810909300381365e+18,2.8108851785894195e+18,3.5575676520915374e-19,0.08940612885904202,-5.990438752793597,1.9186038514234915,0.0624995825349576,0.00014222075599494127,64,True,0.0,,1.2200846166796485e-10,4.1746504240297577e-07,0.1606876329315864,1.613939275557641e-06,16.783462524414062,,False,,,,,,279.29952097018383,106548750000.0,310.332801077982,1.0192330753166182e-12
46,max_rate_isac,Max-rate ISAC,ok,optimal,CLARABEL,0.0053957370000716764,,303.7152221196966,4555728.331795448,0.9999999991749172,3.357142854785478,1357025.4614877151,106548749936.76033,2.81090929827024e+18,2.81090929827024e+18,2.81071344224603e+18,3.557567654763439e-19,0.08940612889261614,-8.233891666304903,-1.5668720726236975,0.04190817832778249,7.112407776139127e-05,64,True,63.23966979980469,,9.640273113911409e-11,0.020591821672217507,8.250827798761406e-10,24.415701149512756,-63.23966979980469,,False,,,,,,279.29952097018383,106548750000.0,310.332801077982,1.0192330753166182e-12
46,dinkelbach_ee_isac,Dinkelbach EE-ISAC,ok,optimal,CLARABEL,0.016905321999729495,,254.39611175175725,3815941.676276359,0.7301988602329563,2.586282457808447,1475454.3397823204,106548749974.0837,2.8109092992548833e+18,2.8109092992548833e+18,2.8105558408890194e+18,3.5575676535172456e-19,0.08940612887695693,-4.209930631554337,4.457907981068169,0.06249999979375818,0.00021842292539127865,64,False,25.916305541992188,min_rate,5.466417129832544e-12,2.06241822231501e-10,0.2698011397670437,-24.90340921842659,-25.916305541992188,,False,5.0,True,1475454.3397639005,4.763901233673096e-05,False,279.29952097018383,106548750000.0,310.332801077982,1.0192330753166182e-12
46,dinkelbach_ee_rmin_isac,Dinkelbach EE-ISAC (+R_min),ok,optimal,CLARABEL,0.011093234999862034,,279.2995212679709,4189492.819019563,0.8393123595708305,2.898035313059516,1445632.0805134112,106548749965.98059,2.810909299041113e+18,2.810909299041113e+18,2.8108852188615747e+18,3.5575676537877993e-19,0.08940612888035661,-5.99043855127954,1.9186114754176704,0.06249988347190761,0.00014222107042549486,64,True,34.0194091796875,,1.6591252974250686e-11,1.1652809239065531e-07,0.1606876404291695,2.9778703947158647e-07,-34.0194091796875,,False,3.0,True,1445632.0793563295,0.0033532637171447277,True,279.29952097018383,106548750000.0,310.332801077982,1.0192330753166182e-12
47,uniform,Uniform,ok,closed_form,numpy,1.5350001376646105e-06,,319.03473386536507,4785521.007980476,1.0,3.357142857142857,1425474.342802695,76781250000.0,2.0255998281153943e+18,2.0255998281153943e+18,2.0255998281153943e+18,4.936809265680052e-19,0.10532073506634214,-13.256466474732292,-9.684463547443015,0.015625,0.0,64,False,29767500000.0,min_sensing,0.015625,0.046875,0.0,30.19573760628981,-29767500000.0,,,,,,,,288.83899625907526,106548750000.0,320.9322180656392,1.0009857433841775e-12
47,water_filling,Water-filling (comm. only),ok,closed_form,numpy,0.00019580700018195785,,320.9322180656392,4813983.270984587,0.9999999999990639,3.3571428571401825,1433952.463698679,74824274351.67032,1.9739719953192023e+18,1.9739719953192023e+18,1.9694783742421256e+18,5.065927998833107e-19,0.10668913984163404,-13.83385934282164,-8.869263225985001,0.016875604462301047,8.835854475146773e-06,62,False,31724475648.32968,min_sensing,0.0,0.04562439553769895,9.36140054363932e-13,32.09322180656392,-31724475648.32968,0.016940870279981392,,,,,,,288.83899625907526,106548750000.0,320.9322180656392,1.0009857433841775e-12
47,edge_weighted,Edge-weighted (∝ w_k),ok,closed_form,numpy,2.6761999833979644e-05,,264.6945724408954,3970418.586613431,1.0,3.357142857142857,1182677.8768635753,138161250000.0,3.644892525873283e+18,3.644892525873283e+18,3.644892525873283e+18,2.7435651199630616e-19,0.07851422418531084,-2.549921626385729,1.7017770590097698,0.045432692307692306,0.0001951694139194139,64,False,24.14442381817986,min_rate,1.1446886446886447e-05,0.017067307692307694,0.0,-24.14442381817986,31612500000.0,,,,,,,,288.83899625907526,106548750000.0,320.9322180656392,1.0009857433841775e-12
47,sensing_optimal,Sensing-optimal (max S),ok,closed_form,numpy,2.1582000044872984e-05,,114.59331100305404,1718899.6650458106,1.0,3.357142857142857,512012.66618385847,177581250000.0,4.684848833230989e+18,4.684848833230989e+18,4.684848833230989e+18,2.1345405915911532e-19,0.0692536896294432,-0.2904600964737499,5.960647967914347,0.0625,0.000732421875,16,False,174.2456852560212,min_rate,0.0,0.0,0.0,-174.2456852560212,71032500000.0,,,,,,,,288.83899625907526,106548750000.0,320.9322180656392,1.0009857433841775e-12
47,min_power_isac,Min-power ISAC,ok,optimal,CLARABEL,0.005496788000073138,,288.8389993524477,4332584.990286715,0.8485930103953221,2.924551458272349,1481452.814937354,106548750033.29703,2.810909300817017e+18,2.810909300817017e+18,2.788399530021503e+18,3.5575676515401644e-19,0.08940612885211367,-5.834698070939322,1.9748858833431082,0.06249999571289118,0.00015180555253300524,64,True,0.0,,3.31750838987216e-10,4.287108820721919e-09,0.1514069896046779,3.093372413331963e-06,33.297027587890625,,False,,,,,,288.83899625907526,106548750000.0,320.9322180656392,1.0009857433841775e-12
47,max_rate_isac,Max-rate ISAC,ok,optimal_inaccurate,CLARABEL,0.005527304999759508,,313.28090083062756,4699213.512459413,0.9999999964855631,3.3571428471016094,1399765.7313022832,106548749696.49048,2.810909291931576e+18,2.810909291931576e+18,2.798227735268371e+18,3.557567662785834e-19,0.08940612899342255,-7.867825091296751,-1.4912945837427716,0.04556852387787732,7.449801629564556e-05,64,True,303.509521484375,,9.923647114952296e-10,0.01693147612212268,3.514436852647407e-09,24.4419045715523,-303.509521484375,,True,,,,,,288.83899625907526,106548750000.0,320.9322180656392,1.0009857433841775e-12
47,dinkelbach_ee_isac,Dinkelbach EE-ISAC,ok,optimal,CLARABEL,0.016801415000827546,,265.7044755080464,3985567.1326206964,0.7513428695784041,2.6466939130811546,1505866.2858301168,106548749983.94107,2.8109092995149363e+18,2.8109092995149363e+18,2.7804574882523704e+18,3.557567653188115e-19,0.0894061288728212,-4.236187815445605,3.9489412591780715,0.06249999992273829,0.00020617919698348347,64,False,23.134520751028845,min_rate,9.168835450058465e-12,7.726171091793077e-11,0.24865713042159587,-23.134520751028845,-16.058929443359375,,False,5.0,True,1505866.2859983696,-0.000445313286036253,False,288.83899625907526,106548750000.0,320.9322180656392,1.0009857433841775e-12
47,dinkelbach_ee_rmin_isac,Dinkelbach EE-ISAC (+R_min),ok,optimal,CLARABEL,0.011204533000181982,,288.83899676201435,4332584.9514302155,0.8485929953832911,2.924551415380832,1481452.8233780533,106548749923.95314,2.810909297932368e+18,2.810909297932368e+18,2.7884065632800773e+18,3.5575676551910593e-19,0.08940612889798945,-5.8346091897617445,1.9747761834937267,0.062499998832131476,0.00015179988794596398,64,True,76.04685974121094,,5.514114465378425e-11,1.167868524110105e-09,0.15140700461670886,5.029390877098194e-07,-76.04685974121094,,False,3.0,True,1481452.8229823317,0.0011573079973459244,True,288.83899625907526,106548750000.0,320.9322180656392,1.0009857433841775e-12
48,uniform,Uniform,ok,closed_form,numpy,1.6799999684735667e-06,,329.23528802825905,4938529.320423886,1.0,3.357142857142857,1471051.2869347746,76781250000.0,2.0255998281153943e+18,2.0255998281153943e+18,2.0255998281153943e+18,4.936809265680052e-19,0.10532073506634214,-13.256466474732292,-9.684463547443015,0.015625,0.0,64,False,29767500000.0,min_sensing,0.015625,0.046875,0.0,31.96971671750532,-29767500000.0,,,,,,,,297.2655713107537,106548750000.0,330.29507923417077,1.1654748072549477e-12
48,water_filling,Water-filling (comm. only),ok,closed_form,numpy,0.0001612119999663264,,330.29507923417077,4954426.188512562,1.0000000000000095,3.3571428571428847,1475786.5242377722,75729023669.75708,1.9978405838509606e+18,1.9978405838509606e+18,1.9959792310982879e+18,5.005404375520486e-19,0.10604990693266736,-12.838005738123325,-8.5287323784194,0.016938039387806466,8.90966524282663e-06,63,False,30819726330.24292,min_sensing,0.0,0.04556196061219353,-9.547918011776346e-15,33.02950792341704,-30819726330.24292,0.01699367623293993,,,,,,,297.2655713107537,106548750000.0,330.29507923417077,1.1654748072549477e-12
48,edge_weighted,Edge-weighted (∝ w_k),ok,closed_form,numpy,2.6910999622486997e-05,,276.6571619488851,4149857.4292332768,1.0,3.357142857142857,1236127.7448779973,138161250000.0,3.644892525873283e+18,3.644892525873283e+18,3.644892525873283e+18,2.7435651199630616e-19,0.07851422418531084,-2.549921626385729,1.7017770590097698,0.045432692307692306,0.0001951694139194139,64,False,20.60840936186861,min_rate,1.1446886446886447e-05,0.017067307692307694,0.0,-20.60840936186861,31612500000.0,,,,,,,,297.2655713107537,106548750000.0,330.29507923417077,1.1654748072549477e-12
48,sensing_optimal,Sensing-optimal (max S),ok,closed_form,numpy,2.068999992843601e-05,,108.32473349423796,1624871.0024135695,1.0,3.357142857142857,484004.12837851007,177581250000.0,4.684848833230989e+18,4.684848833230989e+18,4.684848833230989e+18,2.1345405915911532e-19,0.0692536896294432,-0.2904600964737499,5.960647967914347,0.0625,0.000732421875,16,False,188.94083781651577,min_rate,0.0,0.0,0.0,-188.94083781651577,71032500000.0,,,,,,,,297.2655713107537,106548750000.0,330.29507923417077,1.1654748072549477e-12
48,min_power_isac,Min-power ISAC,ok,optimal,CLARABEL,0.005603646000054141,,297.26557529158356,4458983.629373753,0.838595928962074,2.895988368463069,1539710.4760265949,106548750036.36978,2.810909300898081e+18,2.810909300898081e+18,2.808605395072141e+18,3.5575676514375677e-19,0.08940612885082447,-5.687293298555528,1.7850578312863523,0.06249994178941344,0.00013676620745511057,64,True,0.0,,2.6087112277861975e-10,5.821058655930411e-08,0.16140407103792598,3.980829831107258e-06,36.369781494140625,,False,,,,,,297.2655713107537,106548750000.0,330.29507923417077,1.1654748072549477e-12
48,max_rate_isac,Max-rate ISAC,ok,optimal,CLARABEL,0.004998316000182967,,323.3072974078552,4849609.461117827,0.9999999993555974,3.357142855301707,1444564.521125209,106548749954.39372,2.810909298735435e+18,2.810909298735435e+18,2.80921730136359e+18,3.5575676541746743e-19,0.08940612888521794,-7.711377504516095,-2.0614281562323256,0.04138659824637952,5.7171723397322796e-05,64,True,45.60627746582031,,1.605138484844659e-10,0.021113401753620482,6.444026423579885e-10,26.041726097101446,-45.60627746582031,,False,,,,,,297.2655713107537,106548750000.0,330.29507923417077,1.1654748072549477e-12
48,dinkelbach_ee_isac,Dinkelbach EE-ISAC,ok,optimal,CLARABEL,0.018973825000102806,,271.23125835260566,4068468.875289085,0.7316895739857016,2.5905416399591474,1570508.967133701,106548749958.5419,2.810909298844869e+18,2.810909298844869e+18,2.808893182574649e+18,3.557567654036171e-19,0.08940612888347756,-4.05064974264207,4.235477166298057,0.06249999972916725,0.00020745911686516263,64,False,41.458099365234375,min_rate,9.08214363528692e-12,2.7083275205841417e-10,0.26831042601429844,-26.034312958148064,-41.458099365234375,,False,5.0,True,1570508.9672662378,-0.0003433418460190296,False,297.2655713107537,106548750000.0,330.29507923417077,1.1654748072549477e-12
48,dinkelbach_ee_rmin_isac,Dinkelbach EE-ISAC (+R_min),ok,optimal,CLARABEL,0.012063088000104472,,297.26557174557746,4458983.576183662,0.8385959105894456,2.8959883159698445,1539710.4855688557,106548749954.13799,2.8109092987286876e+18,2.8109092987286876e+18,2.808605415403676e+18,3.557567654183214e-19,0.08940612888532525,-5.687293999522353,1.785062487726258,0.06249999299341477,0.00013676639137943697,64,True,45.86201477050781,,2.486858959704073e-11,7.006585228674922e-09,0.1614040894105544,4.348237325757509e-07,-45.86201477050781,,False,3.0,True,1539710.484657004,0.0026407120749354362,True,297.2655713107537,106548750000.0,330.29507923417077,1.1654748072549477e-12
49,uniform,Uniform,ok,closed_form,numpy,1.5219998203974683e-06,,302.0651500424151,4530977.2506362265,1.0,3.357142857142857,1349652.7980618547,76781250000.0,2.0255998281153943e+18,2.0255998281153943e+18,2.0255998281153943e+18,4.936809265680052e-19,0.10532073506634214,-13.256466474732292,-9.684463547443015,0.015625,0.0,64,False,29767500000.0,min_sensing,0.015625,0.046875,0.0,28.314412719937593,-29767500000.0,,,,,,,,273.7507373224775,106548750000.0,304.16748591386386,8.563135797690849e-13
49,water_filling,Water-filling (comm. only),ok,closed_form,numpy,0.00014664899981653434,,304.16748591386386,4562512.288707958,1.0000000000003073,3.357142857143735,1359046.213657334,76078298309.03964,2.007054951281757e+18,2.007054951281757e+18,2.0059977234724529e+18,4.982424618525638e-19,0.10580618990122612,-13.575722735598179,-8.148636893433459,0.017259534382739975,1.1492774043050194e-05,62,False,30470451690.960358,min_sensing,0.0,0.04524046561726003,-3.0730973321624333e-13,30.41674859138635,-30470451690.960358,0.017361673838556385,,,,,,,273.7507373224775,106548750000.0,304.16748591386386,8.563135797690849e-13
49,edge_weighted,Edge-weighted (∝ w_k),ok,closed_form,numpy,2.7377000151318498e-05,,245.90348132320605,3688552.219848091,1.0,3.357142857142857,1098717.682507942,138161250000.0,3.644892525873283e+18,3.644892525873283e+18,3.644892525873283e+18,2.7435651199630616e-19,0.07851422418531084,-2.549921626385729,1.7017770590097698,0.045432692307692306,0.0001951694139194139,64,False,27.847255999271454,min_rate,1.1446886446886447e-05,0.017067307692307694,0.0,-27.847255999271454,31612500000.0,,,,,,,,273.7507373224775,106548750000.0,304.16748591386386,8.563135797690849e-13
49,sensing_optimal,Sensing-optimal (max S),ok,closed_form,numpy,2.0312000287958654e-05,,107.92067989369251,1618810.1984053876,1.0,3.357142857142857,482198.7825037325,177581250000.0,4.684848833230989e+18,4.684848833230989e+18,4.684848833230989e+18,2.1345405915911532e-19,0.0692536896294432,-0.2904600964737499,5.960647967914347,0.0625,0.000732421875,16,False,165.83005742878498,min_rate,0.0,0.0,0.0,-165.83005742878498,71032500000.0,,,,,,,,273.7507373224775,106548750000.0,304.16748591386386,8.563135797690849e-13
49,min_power_isac,Min-power ISAC,ok,optimal,CLARABEL,0.005480019000060565,,273.7507394115835,4106261.091173752,0.8449626370025478,2.9141789628644226,1409062.7732545296,106548750019.15805,2.8109093004440105e+18,2.8109093004440105e+18,2.8068885664160195e+18,3.5575676520122517e-19,0.08940612885804575,-5.915103381996127,1.949356579808601,0.0623806646075689,0.00014677830041955666,64,True,0.0,,1.2801086854869236e-10,0.0001193353924310997,0.1550373629974522,2.0891059762107034e-06,19.158050537109375,,False,,,,,,273.7507373224775,106548750000.0,304.16748591386386,8.563135797690849e-13
49,max_rate_isac,Max-rate ISAC,ok,optimal,CLARABEL,0.007345456999701128,,297.500880815957,4462513.212239355,0.9999999990292785,3.3571428543693673,1329259.2558077571,106548749917.44789,2.8109092977607496e+18,2.8109092977607496e+18,2.807209264118665e+18,3.557567655408264e-19,0.08940612890071876,-7.949466365725727,-1.6052036118333737,0.04204901200359041,7.025021999326472e-05,64,True,82.55210876464844,,1.2446501602349635e-10,0.02045098799640959,9.707215031795613e-10,23.75014349347947,-82.55210876464844,,False,,,,,,273.7507373224775,106548750000.0,304.16748591386386,8.563135797690849e-13
49,dinkelbach_ee_isac,Dinkelbach EE-ISAC,ok,optimal,CLARABEL,0.01832699600026899,,249.89641287090546,3748446.193063582,0.7391117612627898,2.6117478893222565,1435225.1258203548,106548749964.96436,2.8109092990143027e+18,2.8109092990143027e+18,2.806160724848008e+18,3.5575676538217313e-19,0.08940612888078299,-4.243745070218703,4.376277257342659,0.062499999785134944,0.00021993325876916992,64,False,35.03564453125,min_rate,4.58376143676045e-12,2.1486505630274877e-10,0.26088823873721023,-23.85432445157204,-35.03564453125,,False,5.0,True,1435225.1257919732,7.412582635879517e-05,False,273.7507373224775,106548750000.0,304.16748591386386,8.563135797690849e-13
49,dinkelbach_ee_rmin_isac,Dinkelbach EE-ISAC (+R_min),ok,optimal,CLARABEL,0.012096311000277638,,273.7507376858144,4106261.0652872156,0.8449626273882257,2.9141789353949306,1409062.7776536082,106548749926.63147,2.810909298003026e+18,2.810909298003026e+18,2.8068893819646597e+18,3.557567655101632e-19,0.08940612889686574,-5.915147024467986,1.9493918565415147,0.06238186573408362,0.00014677975718712147,64,True,73.3685302734375,,1.6925091217798045e-11,0.0001181342659163781,0.1550373726117743,3.6333688058221014e-07,-73.3685302734375,,False,3.0,True,1409062.7774561266,0.0005754963494837284,True,273.7507373224775,106548750000.0,304.16748591386386,8.563135797690849e-13
50,uniform,Uniform,ok,closed_form,numpy,1.6439998944406398e-06,,322.21711743814603,4833256.761572191,1.0,3.357142857142857,1439693.5034470356,76781250000.0,2.0255998281153943e+18,2.0255998281153943e+18,2.0255998281153943e+18,4.936809265680052e-19,0.10532073506634214,-13.256466474732292,-9.684463547443015,0.015625,0.0,64,False,29767500000.0,min_sensing,0.015625,0.046875,0.0,31.858954808193516,-29767500000.0,,,,,,,,290.3581626299525,106548750000.0,322.62018069994724,9.99453595376495e-13
50,water_filling,Water-filling (comm. only),ok,closed_form,numpy,0.00014458299983743927,,322.62018069994724,4839302.710499208,1.000000000000924,3.3571428571454973,1441494.4244028858,76983651620.5427,2.0309394740287073e+18,2.0309394740287073e+18,2.0297883422633725e+18,4.923829650207808e-19,0.10518219190221985,-13.486049881994193,-9.14195421252668,0.016597048285593274,3.0621892799562306e-06,64,False,29565098379.457306,min_sensing,0.004861202059861137,0.045902951714406726,-9.239276010930553e-13,32.262018069994724,-29565098379.457306,0.016646526699662916,,,,,,,290.3581626299525,106548750000.0,322.62018069994724,9.99453595376495e-13
50,edge_weighted,Edge-weighted (∝ w_k),ok,closed_form,numpy,2.597699995021685e-05,,265.8321566735465,3987482.350103197,1.0,3.357142857142857,1187760.7000307397,138161250000.0,3.644892525873283e+18,3.644892525873283e+18,3.644892525873283e+18,2.7435651199630616e-19,0.07851422418531084,-2.549921626385729,1.7017770590097698,0.045432692307692306,0.0001951694139194139,64,False,24.52600595640604,min_rate,1.1446886446886447e-05,0.017067307692307694,0.0,-24.52600595640604,31612500000.0,,,,,,,,290.3581626299525,106548750000.0,322.62018069994724,9.99453595376495e-13
50,sensing_optimal,Sensing-optimal (max S),ok,closed_form,numpy,1.9641000108094886e-05,,112.21023135657131,1683153.4703485698,1.0,3.357142857142857,501364.8635080846,177581250000.0,4.684848833230989e+18,4.684848833230989e+18,4.684848833230989e+18,2.1345405915911532e-19,0.0692536896294432,-0.2904600964737499,5.960647967914347,0.0625,0.000732421875,16,False,178.1479312733812,min_rate,0.0,0.0,0.0,-178.1479312733812,71032500000.0,,,,,,,,290.3581626299525,106548750000.0,322.62018069994724,9.99453595376495e-13
50,min_power_isac,Min-power ISAC,ok,optimal,CLARABEL,0.005333124000117095,,290.3581651394275,4355372.477091413,0.8402287210371402,2.9006534886775435,1501514.225705429,106548750026.34311,2.8109093006335626e+18,2.8109093006335626e+18,2.809774051816253e+18,3.557567651772349e-19,0.08940612885503121,-5.813474326996763,1.646583425204729,0.059710086216035956,0.0001314535301975853,64,True,0.0,,6.37510223321833e-10,0.0027899137839640445,0.1597712789628598,2.5094749958043394e-06,26.343109130859375,,False,,,,,,290.3581626299525,106548750000.0,322.62018069994724,9.99453595376495e-13
50,max_rate_isac,Max-rate ISAC,ok,optimal,CLARABEL,0.005424776999916503,,316.03863387347576,4740579.508102137,0.9999999991518467,3.3571428547195623,1412087.514070991,106548749937.74121,2.8109092982961167e+18,2.8109092982961167e+18,2.809757406321501e+18,3.557567654730688e-19,0.08940612889220459,-7.947023923619807,-2.138993796890143,0.039162335407376785,5.52109769822205e-05,64,True,62.2587890625,,0.001578465832463169,0.023337664592623215,8.481533253501539e-10,25.680471243523243,-62.2587890625,,False,,,,,,290.3581626299525,106548750000.0,322.62018069994724,9.99453595376495e-13
50,dinkelbach_ee_isac,Dinkelbach EE-ISAC,ok,optimal,CLARABEL,0.016824660999645857,,265.4556047190598,3981834.0707858973,0.7362483618875619,2.603566748250177,1529376.6036388488,106548749960.22217,2.810909298889197e+18,2.810909298889197e+18,2.809756428871665e+18,3.5575676539800687e-19,0.08940612888277259,-4.186818054336539,4.115037418679007,0.06249999973531582,0.00020286881929006654,64,False,39.77783203125,min_rate,3.1856991783941945e-11,2.6468417735348027e-10,0.26375163811243807,-24.90255791089271,-39.77783203125,,False,5.0,True,1529376.6036916578,-0.0001374920830130577,False,290.3581626299525,106548750000.0,322.62018069994724,9.99453595376495e-13
50,dinkelbach_ee_rmin_isac,Dinkelbach EE-ISAC (+R_min),ok,optimal,CLARABEL,0.012397603999488638,,290.3581631227783,4355372.446841675,0.840228709994259,2.9006534571264546,1501514.2316091575,106548749936.95761,2.8109092982754447e+18,2.8109092982754447e+18,2.8097748557487713e+18,3.557567654756851e-19,0.08940612889253335,-5.813446131706209,1.6466332898172598,0.059714338498035306,0.00013145553821174757,64,True,63.042388916015625,,1.49180829889237e-10,0.002785661501964694,0.15977129000574097,4.928257908431988e-07,-63.042388916015625,,False,3.0,True,1501514.2316069275,6.468966603279114e-06,True,290.3581626299525,106548750000.0,322.62018069994724,9.99453595376495e-13
51,uniform,Uniform,ok,closed_form,numpy,1.4949996511859354e-06,,332.6074238290481,4989111.357435722,1.0,3.357142857142857,1486118.276682981,76781250000.0,2.0255998281153943e+18,2.0255998281153943e+18,2.0255998281153943e+18,4.936809265680052e-19,0.10532073506634214,-13.256466474732292,-9.684463547443015,0.015625,0.0,64,False,29767500000.0,min_sensing,0.015625,0.046875,0.0,32.27172010326524,-29767500000.0,,,,,,,,300.3357037257829,106548750000.0,333.70633747309205,1.0659683222172923e-12
51,water_filling,Water-filling (comm. only),ok,closed_form,numpy,0.000142610000239074,,333.70633747309205,5005595.062096381,0.9999999999993762,3.357142857141075,1491028.316369926,79122037542.42108,2.0873531708075594e+18,2.0873531708075594e+18,2.0871779887845496e+18,4.7907561307084315e-19,0.1037511070126406,-12.411406025262373,-7.832679252321203,0.016810634211203997,8.222298493826732e-06,63,False,27426712457.57892,min_sensing,0.0,0.045689365788796,6.238343175368755e-13,33.37063374730917,-27426712457.57892,0.016881135760773568,,,,,,,300.3357037257829,106548750000.0,333.70633747309205,1.0659683222172923e-12
51,edge_weighted,Edge-weighted (∝ w_k),ok,closed_form,numpy,2.6980999791703653e-05,,281.35104725030067,4220265.70875451,1.0,3.357142857142857,1257100.423884322,138161250000.0,3.644892525873283e+18,3.644892525873283e+18,3.644892525873283e+18,2.7435651199630616e-19,0.07851422418531084,-2.549921626385729,1.7017770590097698,0.045432692307692306,0.0001951694139194139,64,False,18.98465647548221,min_rate,1.1446886446886447e-05,0.017067307692307694,0.0,-18.98465647548221,31612500000.0,,,,,,,,300.3357037257829,106548750000.0,333.70633747309205,1.0659683222172923e-12
51,sensing_optimal,Sensing-optimal (max S),ok,closed_form,numpy,2.0120000044698827e-05,,116.78870556766557,1751830.5835149835,1.0,3.357142857142857,521821.87594063336,177581250000.0,4.684848833230989e+18,4.684848833230989e+18,4.684848833230989e+18,2.1345405915911532e-19,0.0692536896294432,-0.2904600964737499,5.960647967914347,0.0625,0.000732421875,16,False,183.5469981581173,min_rate,0.0,0.0,0.0,-183.5469981581173,71032500000.0,,,,,,,,300.3357037257829,106548750000.0,333.70633747309205,1.0659683222172923e-12
51,min_power_isac,Min-power ISAC,ok,optimal,CLARABEL,0.005310084000029747,,300.33570663089165,4505035.599463374,0.8260858711690725,2.8602453461973503,1575052.1560861014,106548750031.11917,2.8109093007595617e+18,2.8109093007595617e+18,2.810794635018551e+18,3.5575676516128813e-19,0.0894061288530274,-5.413453727977632,1.8950006372472263,0.05951466093458077,0.00013633142913567362,64,True,0.0,,1.9043858979747692e-10,0.002985339065419229,0.1739141288309275,2.9051087722109514e-06,31.119171142578125,,False,,,,,,300.3357037257829,106548750000.0,333.70633747309205,1.0659683222172923e-12
51,max_rate_isac,Max-rate ISAC,ok,optimal,CLARABEL,0.005246747999990475,,328.0262918541257,4920394.377811885,0.9999999992397597,3.3571428549707423,1465649.3900837493,106548749946.98889,2.810909298540084e+18,2.810909298540084e+18,2.810728489560729e+18,3.5575676544219156e-19,0.08940612888832468,-7.689972709797748,-2.1066533879168374,0.037234430169656926,5.584314554402382e-05,64,True,53.0111083984375,,1.4130548970469124e-10,0.025265569830343074,7.602403151452108e-10,27.690588128342824,-53.0111083984375,,False,,,,,,300.3357037257829,106548750000.0,333.70633747309205,1.0659683222172923e-12
51,dinkelbach_ee_isac,Dinkelbach EE-ISAC,ok,optimal,CLARABEL,0.015473750000182918,,274.6181180862019,4119271.7712930283,0.7220578173781651,2.563022335366186,1607193.0839043963,106548749981.67368,2.810909299455119e+18,2.810909299455119e+18,2.810798405738617e+18,3.5575676532638216e-19,0.0894061288737725,-3.833034779603561,4.413214794353007,0.06249999987234603,0.00021249972868474568,64,False,25.71758563958099,min_rate,7.379733700340815e-13,1.276539707273372e-10,0.2779421826218349,-25.71758563958099,-18.326324462890625,,False,5.0,True,1607193.0839094564,-1.2969132512807846e-05,False,300.3357037257829,106548750000.0,333.70633747309205,1.0659683222172923e-12
51,dinkelbach_ee_rmin_isac,Dinkelbach EE-ISAC (+R_min),ok,optimal,CLARABEL,0.01157331400008843,,300.3357040893227,4505035.56133984,0.8260858569148136,2.860245305470896,1575052.1651841868,106548749936.53793,2.8109092982643727e+18,2.8109092982643727e+18,2.8107945522536883e+18,3.557567654770864e-19,0.08940612889270944,-5.413563803858277,1.895121552695038,0.05951695638027271,0.00013633634308057326,64,True,63.462066650390625,,1.7950473255881064e-11,0.002983043619727288,0.17391414308518638,3.6353981158754323e-07,-63.462066650390625,,False,3.0,True,1575052.1648000386,0.0010987576097249985,True,300.3357037257829,106548750000.0,333.70633747309205,1.0659683222172923e-12
52,uniform,Uniform,ok,closed_form,numpy,1.5949999578879215e-06,,328.81914902317396,4932287.235347609,1.0,3.357142857142857,1469191.9424439687,76781250000.0,2.0255998281153943e+18,2.0255998281153943e+18,2.0255998281153943e+18,4.936809265680052e-19,0.10532073506634214,-13.256466474732292,-9.684463547443015,0.015625,0.0,64,False,29767500000.0,min_sensing,0.015625,0.046875,0.0,31.73572489310368,-29767500000.0,,,,,,,,297.0834241300703,106548750000.0,330.09269347785585,1.025531642281899e-12
52,water_filling,Water-filling (comm. only),ok,closed_form,numpy,0.00014062799982639262,,330.09269347785585,4951390.402167838,1.000000000000661,3.357142857144746,1474882.24745342,74534675220.24976,1.9663319536315786e+18,1.9663319536315786e+18,1.9663088025054746e+18,5.085611298504916e-19,0.10689620540007214,-13.981276260571507,-9.07818385735051,0.016838373964631614,7.7663949759989e-06,63,False,32014074779.750244,min_sensing,0.0,0.045661626035368386,-6.610267888618182e-13,33.00926934778556,-32014074779.750244,0.016912357343497948,,,,,,,297.0834241300703,106548750000.0,330.09269347785585,1.025531642281899e-12
52,edge_weighted,Edge-weighted (∝ w_k),ok,closed_form,numpy,2.6686999717639992e-05,,273.19457816840304,4097918.6725260457,1.0,3.357142857142857,1220656.6258588221,138161250000.0,3.644892525873283e+18,3.644892525873283e+18,3.644892525873283e+18,2.7435651199630616e-19,0.07851422418531084,-2.549921626385729,1.7017770590097698,0.045432692307692306,0.0001951694139194139,64,False,23.888845961667244,min_rate,1.1446886446886447e-05,0.017067307692307694,0.0,-23.888845961667244,31612500000.0,,,,,,,,297.0834241300703,106548750000.0,330.09269347785585,1.025531642281899e-12
52,sensing_optimal,Sensing-optimal (max S),ok,closed_form,numpy,1.927699986481457e-05,,109.3077222197328,1639615.8332959919,1.0,3.357142857142857,488396.20566263585,177581250000.0,4.684848833230989e+18,4.684848833230989e+18,4.684848833230989e+18,2.1345405915911532e-19,0.0692536896294432,-0.2904600964737499,5.960647967914347,0.0625,0.000732421875,16,False,187.7757019103375,min_rate,0.0,0.0,0.0,-187.7757019103375,71032500000.0,,,,,,,,297.0834241300703,106548750000.0,330.09269347785585,1.025531642281899e-12
52,min_power_isac,Min-power ISAC,ok,optimal,CLARABEL,0.005361589000131062,,297.08342585960145,4456251.387894021,0.8424356317686214,2.906958947910347,1532959.862091405,106548750016.07195,2.810909300362594e+18,2.810909300362594e+18,2.8109089954170194e+18,3.557567652115295e-19,0.08940612885934054,-5.925260905974731,1.765430977315701,0.06249998716383497,0.00013701466840562227,64,True,0.0,,1.4548906307760447e-10,1.2836165026730573e-08,0.15756436823137865,1.729531163618958e-06,16.071945190429688,,False,,,,,,297.0834241300703,106548750000.0,330.09269347785585,1.025531642281899e-12
52,max_rate_isac,Max-rate ISAC,ok,optimal,CLARABEL,0.005290638000133185,,322.6517695050388,4839776.542575583,0.9999999990940466,3.357142854554419,1441635.5669851138,106548749928.90277,2.8109092980629463e+18,2.8109092980629463e+18,2.81090675407847e+18,3.557567655025795e-19,0.0894061288959128,-8.00609367866624,-1.971493636733673,0.04218320054512544,5.9521280037162785e-05,64,True,71.09722900390625,,1.652481997081119e-10,0.020316799454874558,9.059534233912814e-10,25.568345374968544,-71.09722900390625,,False,,,,,,297.0834241300703,106548750000.0,330.09269347785585,1.025531642281899e-12
52,dinkelbach_ee_isac,Dinkelbach EE-ISAC,ok,optimal,CLARABEL,0.015601552000589436,,271.01869020624014,4065280.353093602,0.7351040735585828,2.6002973530245224,1563390.5669923066,106548749943.47458,2.810909298447372e+18,2.810909298447372e+18,2.810909164694148e+18,3.5575676545392553e-19,0.08940612888979912,-4.225279542948469,4.310661438372657,0.06249999971660178,0.00021278697456319297,64,False,56.525421142578125,min_rate,1.557483672007349e-11,2.833982215566522e-10,0.26489592644141724,-26.064733923830147,-56.525421142578125,,False,5.0,True,1563390.5669515347,0.00010601943358778954,False,297.0834241300703,106548750000.0,330.09269347785585,1.025531642281899e-12
52,dinkelbach_ee_rmin_isac,Dinkelbach EE-ISAC (+R_min),ok,optimal,CLARABEL,0.011154617000102007,,297.08342448877926,4456251.367331689,0.842435624546669,2.906958927276197,1532959.8658991614,106548749942.62027,2.8109092984248335e+18,2.8109092984248335e+18,2.8109089947022147e+18,3.55756765456778e-19,0.08940612889015755,-5.9252462373236705,1.7654211642999869,0.06249999457732501,0.00013701426375167214,64,True,57.379730224609375,,2.8862577331899615e-11,5.422674989596921e-09,0.15756437545333102,3.5870897363565746e-07,-57.379730224609375,,False,3.0,True,1532959.8656933568,0.0005982657894492149,True,297.0834241300703,106548750000.0,330.09269347785585,1.025531642281899e-12
53,uniform,Uniform,ok,closed_form,numpy,1.978999989660224e-06,,325.5203608955851,4882805.413433776,1.0,3.357142857142857,1454452.6763419758,76781250000.0,2.0255998281153943e+18,2.0255998281153943e+18,2.0255998281153943e+18,4.936809265680052e-19,0.10532073506634214,-13.256466474732292,-9.684463547443015,0.015625,0.0,64,False,29767500000.0,min_sensing,0.015625,0.046875,0.0,31.71714788836755,-29767500000.0,,,,,,,,293.80321300721755,106548750000.0,326.44801445246395,1.0977357826628046e-12
53,water_filling,Water-filling (comm. only),ok,closed_form,numpy,0.00014109000039752573,,326.44801445246395,4896720.216786959,1.0000000000008424,3.357142857145264,1458597.5113823037,76591700651.27005,2.020599243621045e+18,2.020599243621045e+18,2.0177317557949432e+18,4.949026894654949e-19,0.10545097855495375,-13.239094391794408,-8.539740147992422,0.016939305115293728,7.7373959318884e-06,64,False,29957049348.72995,min_sensing,0.0029544843768003967,0.04556069488470627,-8.424372310855688e-13,32.6448014452464,-29957049348.72995,0.0169992062978368,,,,,,,293.80321300721755,106548750000.0,326.44801445246395,1.0977357826628046e-12
53,edge_weighted,Edge-weighted (∝ w_k),ok,closed_form,numpy,2.6918999992631143e-05,,270.15421091219076,4052313.1636828613,1.0,3.357142857142857,1207072.0062034056,138161250000.0,3.644892525873283e+18,3.644892525873283e+18,3.644892525873283e+18,2.7435651199630616e-19,0.07851422418531084,-2.549921626385729,1.7017770590097698,0.045432692307692306,0.0001951694139194139,64,False,23.649002095026788,min_rate,1.1446886446886447e-05,0.017067307692307694,0.0,-23.649002095026788,31612500000.0,,,,,,,,293.80321300721755,106548750000.0,326.44801445246395,1.0977357826628046e-12
53,sensing_optimal,Sensing-optimal (max S),ok,closed_form,numpy,2.0815999960177578e-05,,107.59488558848327,1613923.283827249,1.0,3.357142857142857,480743.10582088266,177581250000.0,4.684848833230989e+18,4.684848833230989e+18,4.684848833230989e+18,2.1345405915911532e-19,0.0692536896294432,-0.2904600964737499,5.960647967914347,0.0625,0.000732421875,16,False,186.20832741873429,min_rate,0.0,0.0,0.0,-186.20832741873429,71032500000.0,,,,,,,,293.80321300721755,106548750000.0,326.44801445246395,1.0977357826628046e-12
53,min_power_isac,Min-power ISAC,ok,optimal,CLARABEL,0.005873488000361249,,293.8032164012818,4407048.246019227,0.8349348231801363,2.8855280662289613,1527293.495286882,106548750036.81935,2.810909300909941e+18,2.810909300909941e+18,2.8084469577293527e+18,3.5575676514225565e-19,0.08940612885063585,-5.655366192500573,1.8400416755603002,0.06146306256356039,0.0001377544081585492,64,True,0.0,,4.782796575305317e-10,0.0010369374364396083,0.16506517681986366,3.3940642651941744e-06,36.81935119628906,,False,,,,,,293.80321300721755,106548750000.0,326.44801445246395,1.0977357826628046e-12
53,max_rate_isac,Max-rate ISAC,ok,optimal,CLARABEL,0.00531561799971314,,319.9586518540833,4799379.77781125,0.9999999990696047,3.357142854484585,1429602.4881396024,106548749932.88351,2.810909298167964e+18,2.810909298167964e+18,2.808157068168043e+18,3.5575676548928815e-19,0.08940612889424267,-7.818232510466881,-2.0101582908098607,0.03967876209022988,5.878853689358314e-05,64,True,67.11648559570312,,1.3830814460673083e-09,0.02282123790977012,9.303953163453116e-10,26.155438846865763,-67.11648559570312,,False,,,,,,293.80321300721755,106548750000.0,326.44801445246395,1.0977357826628046e-12
53,dinkelbach_ee_isac,Dinkelbach EE-ISAC,ok,optimal,CLARABEL,0.015730059999441437,,268.72216198701113,4030832.429805167,0.7308908183195556,2.588259480913016,1557352.5218512015,106548749983.42255,2.810909299501256e+18,2.810909299501256e+18,2.8093785243735557e+18,3.557567653205429e-19,0.08940612887303877,-4.05493288542032,4.31323587585097,0.06249999989960358,0.00021141530347823815,64,False,25.081051020206417,min_rate,7.39533174860892e-12,1.0039642034387342e-10,0.2691091816804444,-25.081051020206417,-16.57745361328125,,False,5.0,True,1557352.5218532314,-5.254056304693222e-06,False,293.80321300721755,106548750000.0,326.44801445246395,1.0977357826628046e-12
53,dinkelbach_ee_rmin_isac,Dinkelbach EE-ISAC (+R_min),ok,optimal,CLARABEL,0.011669431999962399,,293.80321341759577,4407048.201263936,0.834934806558775,2.885528018739357,1527293.5049125976,106548749931.6438,2.810909298135259e+18,2.810909298135259e+18,2.8084461086673126e+18,3.557567654934274e-19,0.08940612889476278,-5.655357266147707,1.8400522332218343,0.061465038457699885,0.00013775499682123333,64,True,68.356201171875,,7.33270699251656e-11,0.0010349615423001154,0.16506519344122506,4.103782202946604e-07,-68.356201171875,,False,3.0,True,1527293.50539537,-0.0013930536806583405,True,293.80321300721755,106548750000.0,326.44801445246395,1.0977357826628046e-12
54,uniform,Uniform,ok,closed_form,numpy,1.484999756939942e-06,,341.4857465274439,5122286.197911658,1.0,3.357142857142857,1525787.378101345,76781250000.0,2.0255998281153943e+18,2.0255998281153943e+18,2.0255998281153943e+18,4.936809265680052e-19,0.10532073506634214,-13.256466474732292,-9.684463547443015,0.015625,0.0,64,False,29767500000.0,min_sensing,0.015625,0.046875,0.0,33.867896203598946,-29767500000.0,,,,,,,,307.61785032384495,106548750000.0,341.7976114709388,1.1343237654590691e-12
54,water_filling,Water-filling (comm. only),ok,closed_form,numpy,0.00013852299980499083,,341.7976114709388,5126964.172064083,0.9999999999990372,3.3571428571401065,1527180.8172118291,76047972731.7549,2.006254918928344e+18,2.006254918928344e+18,2.0061475874523648e+18,4.984411455221041e-19,0.10582728391505458,-13.59884313558225,-9.528993213947615,0.016377866203882267,2.2927690242684546e-06,64,False,30500777268.245102,min_sensing,0.006214235529525136,0.04612213379611774,9.627854069549358e-13,34.17976114709387,-30500777268.245102,0.016436430066186506,,,,,,,307.61785032384495,106548750000.0,341.7976114709388,1.1343237654590691e-12
54,edge_weighted,Edge-weighted (∝ w_k),ok,closed_form,numpy,2.676900021469919e-05,,283.3742742318954,4250614.1134784315,1.0,3.357142857142857,1266140.3742276179,138161250000.0,3.644892525873283e+18,3.644892525873283e+18,3.644892525873283e+18,2.7435651199630616e-19,0.07851422418531084,-2.549921626385729,1.7017770590097698,0.045432692307692306,0.0001951694139194139,64,False,24.243576091949535,min_rate,1.1446886446886447e-05,0.017067307692307694,0.0,-24.243576091949535,31612500000.0,,,,,,,,307.61785032384495,106548750000.0,341.7976114709388,1.1343237654590691e-12
54,sensing_optimal,Sensing-optimal (max S),ok,closed_form,numpy,2.023799970629625e-05,,111.88270656218461,1678240.598432769,1.0,3.357142857142857,499901.4548523142,177581250000.0,4.684848833230989e+18,4.684848833230989e+18,4.684848833230989e+18,2.1345405915911532e-19,0.0692536896294432,-0.2904600964737499,5.960647967914347,0.0625,0.000732421875,16,False,195.73514376166034,min_rate,0.0,0.0,0.0,-195.73514376166034,71032500000.0,,,,,,,,307.61785032384495,106548750000.0,341.7976114709388,1.1343237654590691e-12
54,min_power_isac,Min-power ISAC,ok,optimal,CLARABEL,0.0055990559999372636,,307.61785360968395,4614267.804145259,0.8377637787386157,2.893610796396045,1594640.0980713337,106548750034.77847,2.8109093008560993e+18,2.8109093008560993e+18,2.8107807714864476e+18,3.5575676514907003e-19,0.08940612885149211,-5.857281453955613,1.8559818117874396,0.06223472527123725,0.0001389888804802331,64,True,0.0,,0.0016909355588445125,0.00026527472876274744,0.16223622126138426,3.2858390000001236e-06,34.778472900390625,,False,,,,,,307.61785032384495,106548750000.0,341.7976114709388,1.1343237654590691e-12
54,max_rate_isac,Max-rate ISAC,ok,optimal,CLARABEL,0.005509846999757428,,334.6460710938469,5019691.066407704,0.9999999990587306,3.357142854453516,1495227.127361794,106548749929.94736,2.8109092980905037e+18,2.8109092980905037e+18,2.8108023469029074e+18,3.5575676549909176e-19,0.08940612889547454,-7.978525110443115,-2.1188597488416234,0.04004104569630399,5.557795435936756e-05,64,True,70.05264282226562,,0.006069110467612284,0.02245895430369601,9.412693957600027e-10,27.02822077000195,-70.05264282226562,,False,,,,,,307.61785032384495,106548750000.0,341.7976114709388,1.1343237654590691e-12
54,dinkelbach_ee_isac,Dinkelbach EE-ISAC,ok,optimal,CLARABEL,0.01586520000046221,,280.87408393753367,4213111.259063005,0.7316923733260596,2.590549638074456,1626338.7495614993,106548749960.58661,2.8109092988988114e+18,2.8109092988988114e+18,2.8108755581029484e+18,3.5575676539679e-19,0.08940612888261969,-4.167947784608387,4.3956255301129845,0.062499999772080775,0.00021584089885253328,64,False,39.41339111328125,min_rate,1.4461514998277127e-10,2.2791922515974505e-10,0.26830762667394037,-26.74376638631128,-39.41339111328125,,False,5.0,True,1626338.7494960201,0.00016962643712759018,False,307.61785032384495,106548750000.0,341.7976114709388,1.1343237654590691e-12
54,dinkelbach_ee_rmin_isac,Dinkelbach EE-ISAC (+R_min),ok,optimal,CLARABEL,0.012372748999496253,,307.6178506586565,4614267.759879847,0.837763762955397,2.8936107513011344,1594640.1076250514,106548749937.28207,2.8109092982840044e+18,2.8109092982840044e+18,2.810781594428479e+18,3.557567654746018e-19,0.08940612889239723,-5.857332649501719,1.8561405939385665,0.06223549411119519,0.00013899550249145016,64,True,62.717926025390625,,0.0016911136740653111,0.0002645058888048127,0.162236237044603,3.348115455992229e-07,-62.717926025390625,,False,3.0,True,1594640.1072423542,0.0011073770001530647,True,307.61785032384495,106548750000.0,341.7976114709388,1.1343237654590691e-12
55,uniform,Uniform,ok,closed_form,numpy,1.4620000001741573e-06,,325.8145099761855,4887217.649642782,1.0,3.357142857142857,1455766.9594680627,76781250000.0,2.0255998281153943e+18,2.0255998281153943e+18,2.0255998281153943e+18,4.936809265680052e-19,0.10532073506634214,-13.256466474732292,-9.684463547443015,0.015625,0.0,64,False,29767500000.0,min_sensing,0.015625,0.046875,0.0,31.27154170612755,-29767500000.0,,,,,,,,294.54296827005794,106548750000.0,327.2699647445088,1.0814605785879598e-12
55,water_filling,Water-filling (comm. only),ok,closed_form,numpy,0.00014754499989066971,,327.2699647445088,4909049.471167632,0.9999999999997804,3.3571428571422297,1462270.0552416956,76147863860.75641,2.0088901906090696e+18,2.0088901906090696e+18,2.0030478573342016e+18,4.977872880631733e-19,0.1057578487697406,-14.266921787907949,-8.272181733754515,0.017041982791562663,1.1409152446457087e-05,62,False,30400886139.24359,min_sensing,0.0,0.04545801720843734,2.1960211427085596e-13,32.72699647445086,-30400886139.24359,0.01709593811139553,,,,,,,294.54296827005794,106548750000.0,327.2699647445088,1.0814605785879598e-12
55,edge_weighted,Edge-weighted (∝ w_k),ok,closed_form,numpy,2.7460000183054945e-05,,268.7954561140024,4031931.8417100357,1.0,3.357142857142857,1201000.9741263937,138161250000.0,3.644892525873283e+18,3.644892525873283e+18,3.644892525873283e+18,2.7435651199630616e-19,0.07851422418531084,-2.549921626385729,1.7017770590097698,0.045432692307692306,0.0001951694139194139,64,False,25.747512156055564,min_rate,1.1446886446886447e-05,0.017067307692307694,0.0,-25.747512156055564,31612500000.0,,,,,,,,294.54296827005794,106548750000.0,327.2699647445088,1.0814605785879598e-12
55,sensing_optimal,Sensing-optimal (max S),ok,closed_form,numpy,1.960300005521276e-05,,116.57311435565114,1748596.7153347672,1.0,3.357142857142857,520858.5960571647,177581250000.0,4.684848833230989e+18,4.684848833230989e+18,4.684848833230989e+18,2.1345405915911532e-19,0.0692536896294432,-0.2904600964737499,5.960647967914347,0.0625,0.000732421875,16,False,177.9698539144068,min_rate,0.0,0.0,0.0,-177.9698539144068,71032500000.0,,,,,,,,294.54296827005794,106548750000.0,327.2699647445088,1.0814605785879598e-12
55,min_power_isac,Min-power ISAC,ok,optimal,CLARABEL,0.00527675100011038,,294.5429697092917,4418144.545639375,0.835057245640943,2.885877844688409,1530953.4164002035,106548750016.20523,2.8109093003661107e+18,2.8109093003661107e+18,2.806424603196742e+18,3.557567652110844e-19,0.08940612885928462,-5.939582673475102,2.01281844682842,0.06203072439779435,0.00014537958932047914,64,True,0.0,,1.3802247149739522e-10,0.00046927560220565157,0.16494275435905703,1.4392337561730528e-06,16.205230712890625,,False,,,,,,294.54296827005794,106548750000.0,327.2699647445088,1.0814605785879598e-12
55,max_rate_isac,Max-rate ISAC,ok,optimal,CLARABEL,0.005561251000017364,,320.65305409466384,4809795.811419957,0.9999999991938802,3.357142854839658,1432705.1362995037,106548749940.70255,2.8109092983742413e+18,2.8109092983742413e+18,2.804618829480421e+18,3.5575676546318116e-19,0.08940612889096215,-8.222895865001764,-1.7319115913015515,0.04063212631954986,6.722194052662217e-05,64,True,59.297454833984375,,6.896133346519766e-10,0.021867873680450137,8.061198375486356e-10,26.110085824605903,-59.297454833984375,,False,,,,,,294.54296827005794,106548750000.0,327.2699647445088,1.0814605785879598e-12
55,dinkelbach_ee_isac,Dinkelbach EE-ISAC,ok,optimal,CLARABEL,0.016619235000689514,,268.4657828539947,4026986.7428099206,0.7270398621722002,2.5772567490634293,1562508.9523088147,106548749957.4552,2.8109092988162007e+18,2.8109092988162007e+18,2.808531893334157e+18,3.5575676540724546e-19,0.08940612888393348,-4.160283754213047,4.525904161407311,0.06249999973131345,0.00022115828275783087,64,False,42.5447998046875,min_rate,1.6117864110002067e-11,2.6868655217393567e-10,0.2729601378277998,-26.07718541606323,-42.5447998046875,,False,5.0,True,1562508.952303504,1.3686716556549072e-05,False,294.54296827005794,106548750000.0,327.2699647445088,1.0814605785879598e-12
55,dinkelbach_ee_rmin_isac,Dinkelbach EE-ISAC (+R_min),ok,optimal,CLARABEL,0.012020865000522463,,294.5429684364283,4418144.526546424,0.8350572388998327,2.8858778254280937,1530953.4200017746,106548749978.76631,2.8109092993784187e+18,2.8109092993784187e+18,2.806424558861086e+18,3.5575676533608957e-19,0.0894061288749923,-5.9395866159125665,2.012822198071535,0.062031035024202416,0.00014537974764203065,64,True,21.233688354492188,,1.8506635742632616e-11,0.0004689649757975839,0.16494276110016726,1.663703415033524e-07,-21.233688354492188,,False,3.0,True,1530953.4188644306,0.003282235935330391,True,294.54296827005794,106548750000.0,327.2699647445088,1.0814605785879598e-12
56,uniform,Uniform,ok,closed_form,numpy,1.5539999367319979e-06,,321.1630380855175,4817445.571282762,1.0,3.357142857142857,1434983.78719061,76781250000.0,2.0255998281153943e+18,2.0255998281153943e+18,2.0255998281153943e+18,4.936809265680052e-19,0.10532073506634214,-13.256466474732292,-9.684463547443015,0.015625,0.0,64,False,29767500000.0,min_sensing,0.015625,0.046875,0.0,31.09833313580458,-29767500000.0,,,,,,,,290.0647049497129,106548750000.0,322.2941166107921,9.062446106500112e-13
56,water_filling,Water-filling (comm. only),ok,closed_form,numpy,0.0001477060000070196,,322.2941166107921,4834411.749161881,1.0000000000002256,3.357142857143502,1440037.5423032625,77585190533.80138,2.0468089358999516e+18,2.0468089358999516e+18,2.0461668165052723e+18,4.885653870571534e-19,0.10477364551369471,-13.0781228316362,-8.531064337627258,0.01665892618430753,5.856148295054222e-06,63,False,28963559466.198624,min_sensing,0.0,0.04584107381569247,-2.255973186038318e-13,32.22941166107921,-28963559466.198624,0.016748871384070232,,,,,,,290.0647049497129,106548750000.0,322.2941166107921,9.062446106500112e-13
56,edge_weighted,Edge-weighted (∝ w_k),ok,closed_form,numpy,2.611699983390281e-05,,264.806844027368,3972102.66041052,1.0,3.357142857142857,1183179.5158669634,138161250000.0,3.644892525873283e+18,3.644892525873283e+18,3.644892525873283e+18,2.7435651199630616e-19,0.07851422418531084,-2.549921626385729,1.7017770590097698,0.045432692307692306,0.0001951694139194139,64,False,25.25786092234489,min_rate,1.1446886446886447e-05,0.017067307692307694,0.0,-25.25786092234489,31612500000.0,,,,,,,,290.0647049497129,106548750000.0,322.2941166107921,9.062446106500112e-13
56,sensing_optimal,Sensing-optimal (max S),ok,closed_form,numpy,1.989699967452907e-05,,107.84124085950253,1617618.612892538,1.0,3.357142857142857,481843.8421382028,177581250000.0,4.684848833230989e+18,4.684848833230989e+18,4.684848833230989e+18,2.1345405915911532e-19,0.0692536896294432,-0.2904600964737499,5.960647967914347,0.0625,0.000732421875,16,False,182.22346409021037,min_rate,0.0,0.0,0.0,-182.22346409021037,71032500000.0,,,,,,,,290.0647049497129,106548750000.0,322.2941166107921,9.062446106500112e-13
56,min_power_isac,Min-power ISAC,ok,optimal,CLARABEL,0.005504624999957741,,290.0647081533184,4350970.622299776,0.8387632144684466,2.8964663270527047,1502165.097402358,106548750035.21664,2.8109093008676593e+18,2.8109093008676593e+18,2.810505554822723e+18,3.55756765147607e-19,0.08940612885130828,-5.729083657899227,1.6151810511741238,0.05914224398705831,0.00012955553160778915,64,True,0.0,,2.0454664624118392e-10,0.003357756012941693,0.1612367855315534,3.203605501767015e-06,35.216644287109375,,False,,,,,,290.0647049497129,106548750000.0,322.2941166107921,9.062446106500112e-13
56,max_rate_isac,Max-rate ISAC,ok,optimal,CLARABEL,0.005087734999960958,,315.9440712087972,4739161.068131958,0.999999998884932,3.357142853956949,1411665.0003576917,106548749910.41064,2.810909297575098e+18,2.810909297575098e+18,2.810434909276302e+18,3.55756765564323e-19,0.08940612890367126,-7.834747885725135,-2.1584127124228187,0.038217488966752554,5.45980850922831e-05,64,True,89.58935546875,,9.33450857782588e-11,0.024282511033247446,1.1150680379046207e-09,25.879366259084293,-89.58935546875,,False,,,,,,290.0647049497129,106548750000.0,322.2941166107921,9.062446106500112e-13
56,dinkelbach_ee_isac,Dinkelbach EE-ISAC,ok,optimal,CLARABEL,0.015910589000213804,,265.8256204730436,3987384.3070956543,0.7376087817832293,2.607453662237798,1529225.3760220448,106548749974.75635,2.81090929927263e+18,2.81090929927263e+18,2.810364706418559e+18,3.557567653494785e-19,0.08940612887667469,-4.200147314328599,4.071021546042411,0.06249999985364572,0.0002010464686562594,64,False,25.24365234375,min_rate,1.5902505960610077e-12,1.4635428285947327e-10,0.2623912182167707,-24.23908447666929,-25.24365234375,,False,5.0,True,1529225.3760789253,-0.00014831358566880226,False,290.0647049497129,106548750000.0,322.2941166107921,9.062446106500112e-13
56,dinkelbach_ee_rmin_isac,Dinkelbach EE-ISAC (+R_min),ok,optimal,CLARABEL,0.010936553999272292,,290.0647052923724,4350970.579385586,0.8387631986689801,2.896466281911372,1502165.1059975019,106548749924.78906,2.8109092979544207e+18,2.8109092979544207e+18,2.8105050151503744e+18,3.557567655163148e-19,0.08940612889763873,-5.729003644173196,1.6151106097470103,0.059140756437708296,0.00012955283587183568,64,True,75.2109375,,1.4485750099699167e-12,0.003359243562291704,0.16123680133101992,3.426595185374026e-07,-75.2109375,,False,3.0,True,1502165.1063336027,-0.0009735049679875374,True,290.0647049497129,106548750000.0,322.2941166107921,9.062446106500112e-13
57,uniform,Uniform,ok,closed_form,numpy,1.5799996617715806e-06,,350.00469662874116,5250070.449431118,1.0,3.357142857142857,1563850.7721709711,76781250000.0,2.0255998281153943e+18,2.0255998281153943e+18,2.0255998281153943e+18,4.936809265680052e-19,0.10532073506634214,-13.256466474732292,-9.684463547443015,0.015625,0.0,64,False,29767500000.0,min_sensing,0.015625,0.046875,0.0,34.88463498640402,-29767500000.0,,,,,,,,315.12006164233713,106548750000.0,350.13340182481903,1.2979693482065698e-12
57,water_filling,Water-filling (comm. only),ok,closed_form,numpy,0.00014529899999615736,,350.13340182481903,5252001.027372286,1.000000000000729,3.35714285714494,1564425.8379397104,77123500540.34596,2.034628889711776e+18,2.034628889711776e+18,2.0345110420751757e+18,4.914901213958773e-19,0.10508678459998336,-13.184782673349789,-9.433382216676238,0.01623115339824111,8.314279597371228e-07,64,False,29425249459.654037,min_sensing,0.01033780278766425,0.046268846601758895,-7.289724379688778e-13,35.0133401824819,-29425249459.654037,0.01627459069984151,,,,,,,315.12006164233713,106548750000.0,350.13340182481903,1.2979693482065698e-12
57,edge_weighted,Edge-weighted (∝ w_k),ok,closed_form,numpy,2.8749000193784013e-05,,291.90931794206665,4378639.769131,1.0,3.357142857142857,1304275.6759113618,138161250000.0,3.644892525873283e+18,3.644892525873283e+18,3.644892525873283e+18,2.7435651199630616e-19,0.07851422418531084,-2.549921626385729,1.7017770590097698,0.045432692307692306,0.0001951694139194139,64,False,23.210743700270484,min_rate,1.1446886446886447e-05,0.017067307692307694,0.0,-23.210743700270484,31612500000.0,,,,,,,,315.12006164233713,106548750000.0,350.13340182481903,1.2979693482065698e-12
57,sensing_optimal,Sensing-optimal (max S),ok,closed_form,numpy,2.3932999738462968e-05,,121.47771976684349,1822165.7965026523,1.0,3.357142857142857,542772.7904475986,177581250000.0,4.684848833230989e+18,4.684848833230989e+18,4.684848833230989e+18,2.1345405915911532e-19,0.0692536896294432,-0.2904600964737499,5.960647967914347,0.0625,0.000732421875,16,False,193.64234187549363,min_rate,0.0,0.0,0.0,-193.64234187549363,71032500000.0,,,,,,,,315.12006164233713,106548750000.0,350.13340182481903,1.2979693482065698e-12
57,min_power_isac,Min-power ISAC,ok,optimal,CLARABEL,0.005473953000091569,,315.1200655692864,4726800.983539296,0.8322998335098446,2.8779995243138417,1642391.1621966779,106548750037.246,2.8109093009211965e+18,2.8109093009211965e+18,2.810767749474641e+18,3.5575676514083114e-19,0.08940612885045685,-5.667564623248991,1.8586143669125503,0.06166247827385202,0.00013702907736043522,64,True,0.0,,0.0018296983682138184,0.0008375217261479828,0.1677001664901554,3.9269492617677315e-06,37.246002197265625,,False,,,,,,315.12006164233713,106548750000.0,350.13340182481903,1.2979693482065698e-12
57,max_rate_isac,Max-rate ISAC,ok,optimal,CLARABEL,0.005612099999780185,,343.3254327024208,5149881.490536313,0.9999999991987487,3.357142854853568,1534007.2535462421,106548749946.5435,2.8109092985283343e+18,2.8109092985283343e+18,2.810791549218163e+18,3.5575676544367866e-19,0.08940612888851154,-7.864840583739586,-2.228944412246411,0.039027639727470725,5.270068753672433e-05,64,True,53.45649719238281,,0.0059256576769828855,0.023472360272529275,8.012512875410494e-10,28.205371060083678,-53.45649719238281,,False,,,,,,315.12006164233713,106548750000.0,350.13340182481903,1.2979693482065698e-12
57,dinkelbach_ee_isac,Dinkelbach EE-ISAC,ok,optimal,CLARABEL,0.017514011999992363,,287.54681848958336,4313202.27734375,0.7256043704781813,2.573155344223375,1676230.8140574205,106548749956.10979,2.810909298780707e+18,2.810909298780707e+18,2.810767287064968e+18,3.557567654117377e-19,0.08940612888449796,-3.987561600638278,4.428824734073137,0.06249999970524024,0.00021484072044807153,64,False,43.89021301269531,min_rate,1.4830701047648314e-10,2.9475975826809275e-10,0.27439562952181873,-27.573243152753776,-43.89021301269531,,False,5.0,True,1676230.8139586064,0.00025426410138607025,False,315.12006164233713,106548750000.0,350.13340182481903,1.2979693482065698e-12
57,dinkelbach_ee_rmin_isac,Dinkelbach EE-ISAC (+R_min),ok,optimal,CLARABEL,0.011863017000450782,,315.12006214212715,4726800.932131907,0.8322998171052326,2.877999477443522,1642391.1710820198,106548749933.09448,2.810909298173529e+18,2.810909298173529e+18,2.81076834972644e+18,3.5575676548858384e-19,0.08940612889415415,-5.66756669360509,1.8586330555592556,0.061661604673535673,0.00013702975312603923,64,True,66.905517578125,,0.0018295592771940942,0.0008383953264643265,0.1677001828947674,4.997900191483495e-07,-66.905517578125,,False,3.0,True,1642391.1706680895,0.0011912910267710686,True,315.12006164233713,106548750000.0,350.13340182481903,1.2979693482065698e-12
58,uniform,Uniform,ok,closed_form,numpy,1.621000137674855e-06,,311.0780915115769,4666171.372673653,1.0,3.357142857142857,1389923.3876049179,76781250000.0,2.0255998281153943e+18,2.0255998281153943e+18,2.0255998281153943e+18,4.936809265680052e-19,0.10532073506634214,-13.256466474732292,-9.684463547443015,0.015625,0.0,64,False,29767500000.0,min_sensing,0.015625,0.046875,0.0,29.11749019851203,-29767500000.0,,,,,,,,281.96060131306484,106548750000.0,313.2895570145165,9.273915694542753e-13
58,water_filling,Water-filling (comm. only),ok,closed_form,numpy,0.00017035500013662386,,313.2895570145165,4699343.355217747,1.0000000000004996,3.357142857144285,1399804.4036812868,75919153057.85968,2.002856470618372e+18,2.002856470618372e+18,2.0028328290893855e+18,4.992869008188364e-19,0.10591702976698142,-12.88141610082368,-7.582047526428878,0.01739796270689809,1.6121812641755236e-05,62,False,30629596942.14032,min_sensing,0.0,0.04510203729310191,-4.996003610813204e-13,31.32895570145166,-30629596942.14032,0.01747256750344523,,,,,,,281.96060131306484,106548750000.0,313.2895570145165,9.273915694542753e-13
58,edge_weighted,Edge-weighted (∝ w_k),ok,closed_form,numpy,2.6745000013761455e-05,,258.66702998948995,3880005.449842349,1.0,3.357142857142857,1155746.3042083592,138161250000.0,3.644892525873283e+18,3.644892525873283e+18,3.644892525873283e+18,2.7435651199630616e-19,0.07851422418531084,-2.549921626385729,1.7017770590097698,0.045432692307692306,0.0001951694139194139,64,False,23.293571323574895,min_rate,1.1446886446886447e-05,0.017067307692307694,0.0,-23.293571323574895,31612500000.0,,,,,,,,281.96060131306484,106548750000.0,313.2895570145165,9.273915694542753e-13
58,sensing_optimal,Sensing-optimal (max S),ok,closed_form,numpy,2.0769999991898658e-05,,103.81407273569204,1557211.0910353805,1.0,3.357142857142857,463850.1122233048,177581250000.0,4.684848833230989e+18,4.684848833230989e+18,4.684848833230989e+18,2.1345405915911532e-19,0.0692536896294432,-0.2904600964737499,5.960647967914347,0.0625,0.000732421875,16,False,178.1465285773728,min_rate,0.0,0.0,0.0,-178.1465285773728,71032500000.0,,,,,,,,281.96060131306484,106548750000.0,313.2895570145165,9.273915694542753e-13
58,min_power_isac,Min-power ISAC,ok,optimal,CLARABEL,0.005253916000128811,,281.960602927974,4229409.04391961,0.8406503352207181,2.901858100630623,1457483.0667979552,106548750016.18765,2.810909300365647e+18,2.810909300365647e+18,2.8109058764221266e+18,3.5575676521114313e-19,0.08940612885929199,-5.770662749127603,2.062402951221267,0.06249999240980247,0.00014956794469254638,64,True,0.0,,9.286375092124754e-11,7.590197532991727e-09,0.15934966477928192,1.614909137970244e-06,16.187652587890625,,False,,,,,,281.96060131306484,106548750000.0,313.2895570145165,9.273915694542753e-13
58,max_rate_isac,Max-rate ISAC,ok,optimal,CLARABEL,0.004865926000093168,,306.6109297093715,4599163.945640572,0.9999999992410273,3.357142854974364,1369963.7293735875,106548749942.76408,2.8109092984286275e+18,2.8109092984286275e+18,2.8108041585378273e+18,3.557567654562979e-19,0.08940612889009723,-7.78525569837319,-1.5636888720081819,0.04237983500473552,7.110769915685028e-05,64,True,57.23591613769531,,9.715917644253275e-11,0.020120164995264478,7.589726624956938e-10,24.650328396306634,-57.23591613769531,,False,,,,,,281.96060131306484,106548750000.0,313.2895570145165,9.273915694542753e-13
58,dinkelbach_ee_isac,Dinkelbach EE-ISAC,ok,optimal,CLARABEL,0.015610100999310816,,257.85366404432716,3867804.9606649075,0.7362383241851552,2.6035380691004435,1485595.7001624657,106548749970.80652,2.8109092991684275e+18,2.8109092991684275e+18,2.8109005252948116e+18,3.5575676536266664e-19,0.08940612887833188,-4.147143586646937,4.386818072982978,0.06249999984401125,0.0002183343525922799,64,False,29.1934814453125,min_rate,4.362112845858429e-12,1.5598874969491305e-10,0.2637616758148448,-24.10693726873768,-29.1934814453125,,False,5.0,True,1485595.7001224216,0.00010425643995404243,False,281.96060131306484,106548750000.0,313.2895570145165,9.273915694542753e-13
58,dinkelbach_ee_rmin_isac,Dinkelbach EE-ISAC (+R_min),ok,optimal,CLARABEL,0.010509642000215536,,281.9606017472942,4229409.026209413,0.8406503286604243,2.901858081886927,1457483.070109083,106548749925.03894,2.8109092979610127e+18,2.8109092979610127e+18,2.810905854194449e+18,3.557567655154805e-19,0.0894061288975339,-5.770663746981515,2.062417272403296,0.062499994291699945,0.00014956859921048078,64,True,74.9610595703125,,1.594949326552808e-11,5.7083000548630025e-09,0.15934967133957567,4.342293777881423e-07,-74.9610595703125,,False,3.0,True,1457483.0707841122,-0.001958838663995266,True,281.96060131306484,106548750000.0,313.2895570145165,9.273915694542753e-13
59,uniform,Uniform,ok,closed_form,numpy,1.7359998309984803e-06,,332.25657687389605,4983848.65310844,1.0,3.357142857142857,1484550.662628046,76781250000.0,2.0255998281153943e+18,2.0255998281153943e+18,2.0255998281153943e+18,4.936809265680052e-19,0.10532073506634214,-13.256466474732292,-9.684463547443015,0.015625,0.0,64,False,29767500000.0,min_sensing,0.015625,0.046875,0.0,31.91857296124408,-29767500000.0,,,,,,,,300.33800391265197,106548750000.0,333.70889323627995,1.0554963319115391e-12
59,water_filling,Water-filling (comm. only),ok,closed_form,numpy,0.00014869000006001443,,333.70889323627995,5005633.398544199,1.0000000000006215,3.357142857144633,1491039.735735781,77517008036.73215,2.0450101835438246e+18,2.0450101835438246e+18,2.045010145139169e+18,4.889951199495188e-19,0.10481971384616318,-13.348568541979809,-8.172498021100909,0.01679760479115622,8.70861816787929e-06,63,False,29031741963.267853,min_sensing,0.0,0.04570239520884378,-6.215028491851626e-13,33.37088932362798,-29031741963.267853,0.016874540980763963,,,,,,,300.33800391265197,106548750000.0,333.70889323627995,1.0554963319115391e-12
59,edge_weighted,Edge-weighted (∝ w_k),ok,closed_form,numpy,2.6431000151205808e-05,,275.300553324931,4129508.299873965,1.0,3.357142857142857,1230066.3020901172,138161250000.0,3.644892525873283e+18,3.644892525873283e+18,3.644892525873283e+18,2.7435651199630616e-19,0.07851422418531084,-2.549921626385729,1.7017770590097698,0.045432692307692306,0.0001951694139194139,64,False,25.03745058772097,min_rate,1.1446886446886447e-05,0.017067307692307694,0.0,-25.03745058772097,31612500000.0,,,,,,,,300.33800391265197,106548750000.0,333.70889323627995,1.0554963319115391e-12
59,sensing_optimal,Sensing-optimal (max S),ok,closed_form,numpy,2.0158000097580953e-05,,112.68627750700342,1690294.1626050514,1.0,3.357142857142857,503491.8782227813,177581250000.0,4.684848833230989e+18,4.684848833230989e+18,4.684848833230989e+18,2.1345405915911532e-19,0.0692536896294432,-0.2904600964737499,5.960647967914347,0.0625,0.000732421875,16,False,187.65172640564856,min_rate,0.0,0.0,0.0,-187.65172640564856,71032500000.0,,,,,,,,300.33800391265197,106548750000.0,333.70889323627995,1.0554963319115391e-12
59,min_power_isac,Min-power ISAC,ok,optimal,CLARABEL,0.005514599999969505,,300.3380075543332,4505070.113314998,0.8324797470755463,2.8785135630729894,1565068.2251799293,106548750039.49829,2.8109093009806157e+18,2.8109093009806157e+18,2.810780285370789e+18,3.557567651333109e-19,0.08940612884951189,-5.766718397247658,1.949510683467666,0.061212351608908776,0.00014083871068343935,64,True,0.0,,2.948996049681511e-10,0.0012876483910912243,0.16752025292445372,3.641681246335793e-06,39.498291015625,,False,,,,,,300.33800391265197,106548750000.0,333.70889323627995,1.0554963319115391e-12
59,max_rate_isac,Max-rate ISAC,ok,optimal,CLARABEL,0.005338791999747627,,327.4093367729537,4911140.051594305,0.9999999992646444,3.3571428550418414,1462892.7822414918,106548749944.36092,2.810909298470754e+18,2.810909298470754e+18,2.810895486517446e+18,3.5575676545096624e-19,0.08940612888942727,-7.972580170924078,-2.003219334760093,0.038828363687174294,5.8621314865216934e-05,64,True,55.63908386230469,,1.0714810995569267e-10,0.023671636312825706,7.353555542266577e-10,27.07133286030171,-55.63908386230469,,False,,,,,,300.33800391265197,106548750000.0,333.70889323627995,1.0554963319115391e-12
59,dinkelbach_ee_isac,Dinkelbach EE-ISAC,ok,optimal,CLARABEL,0.015956287999415508,,274.5075024057711,4117612.5360865667,0.7281351444765718,2.5803861270759194,1595735.0308469627,106548749949.06393,2.810909298594826e+18,2.810909298594826e+18,2.8106137839487903e+18,3.5575676543526326e-19,0.0894061288874541,-4.119625719304983,4.46008416093783,0.06249999968440647,0.0002176201598575123,64,False,50.936065673828125,min_rate,1.1498740795060322e-11,3.1559353047549976e-10,0.2718648555234282,-25.830501506880864,-50.936065673828125,,False,5.0,True,1595735.0305734319,0.0007058149203658104,False,300.33800391265197,106548750000.0,333.70889323627995,1.0554963319115391e-12
59,dinkelbach_ee_rmin_isac,Dinkelbach EE-ISAC (+R_min),ok,optimal,CLARABEL,0.011031478999939281,,300.3380042886622,4505070.064329933,0.8324797292195825,2.87851351205595,1565068.2359007692,106548749949.36908,2.810909298602877e+18,2.810909298602877e+18,2.810780961363234e+18,3.5575676543424435e-19,0.08940612888732606,-5.766706035185392,1.949467218833578,0.06121287599614719,0.00014083674836976056,64,True,50.63092041015625,,1.8051795189638937e-11,0.0012871240038528076,0.16752027078041754,3.76010234504065e-07,-50.63092041015625,,False,3.0,True,1565068.2352919935,0.0017523691058158875,True,300.33800391265197,106548750000.0,333.70889323627995,1.0554963319115391e-12
60,uniform,Uniform,ok,closed_form,numpy,1.6159997358045075e-06,,327.56188198965606,4913428.229844841,1.0,3.357142857142857,1463574.3663367613,76781250000.0,2.0255998281153943e+18,2.0255998281153943e+18,2.0255998281153943e+18,4.936809265680052e-19,0.10532073506634214,-13.256466474732292,-9.684463547443015,0.015625,0.0,64,False,29767500000.0,min_sensing,0.015625,0.046875,0.0,32.08444294074337,-29767500000.0,,,,,,,,295.4774390489127,106548750000.0,328.30826560990295,1.0689988525833732e-12
60,water_filling,Water-filling (comm. only),ok,closed_form,numpy,0.00015044500014482765,,328.30826560990295,4924623.984148544,0.9999999999999578,3.357142857142737,1466909.271874087,76743088156.23207,2.0245930637793498e+18,2.0245930637793498e+18,2.0244010367380713e+18,4.939264180493039e-19,0.10534691810118821,-13.38577382839876,-8.727141341954383,0.016772544466851617,6.055090485722787e-06,63,False,29805661843.76793,min_sensing,0.0,0.04572745553314839,4.218847493575595e-14,32.83082656099026,-29805661843.76793,0.01683951826919447,,,,,,,295.4774390489127,106548750000.0,328.30826560990295,1.0689988525833732e-12
60,edge_weighted,Edge-weighted (∝ w_k),ok,closed_form,numpy,2.634800011946936e-05,,271.67165328759637,4075074.7993139457,1.0,3.357142857142857,1213852.0678807497,138161250000.0,3.644892525873283e+18,3.644892525873283e+18,3.644892525873283e+18,2.7435651199630616e-19,0.07851422418531084,-2.549921626385729,1.7017770590097698,0.045432692307692306,0.0001951694139194139,64,False,23.805785761316315,min_rate,1.1446886446886447e-05,0.017067307692307694,0.0,-23.805785761316315,31612500000.0,,,,,,,,295.4774390489127,106548750000.0,328.30826560990295,1.0689988525833732e-12
60,sensing_optimal,Sensing-optimal (max S),ok,closed_form,numpy,2.0220000351400813e-05,,108.43957148302083,1626593.5722453124,1.0,3.357142857142857,484517.23428583774,177581250000.0,4.684848833230989e+18,4.684848833230989e+18,4.684848833230989e+18,2.1345405915911532e-19,0.0692536896294432,-0.2904600964737499,5.960647967914347,0.0625,0.000732421875,16,False,187.03786756589187,min_rate,0.0,0.0,0.0,-187.03786756589187,71032500000.0,,,,,,,,295.4774390489127,106548750000.0,328.30826560990295,1.0689988525833732e-12
60,min_power_isac,Min-power ISAC,ok,optimal,CLARABEL,0.00555802600001698,,295.47744251679325,4432161.637751899,0.8370454820742381,2.8915585202121092,1532793.338530385,106548750036.07138,2.810909300890208e+18,2.810909300890208e+18,2.810870234359893e+18,3.557567651447531e-19,0.08940612885094967,-5.763407628796646,1.8341737711715835,0.06144215364579131,0.00013785252576832698,64,True,0.0,,3.331371354954026e-10,0.0010578463542086913,0.16295451792576188,3.467880560492631e-06,36.071380615234375,,False,,,,,,295.4774390489127,106548750000.0,328.30826560990295,1.0689988525833732e-12
60,max_rate_isac,Max-rate ISAC,ok,optimal,CLARABEL,0.005283257000428421,,321.70061583789425,4825509.237568414,0.9999999991670333,3.3571428547629525,1437385.7313585014,106548749940.07693,2.810909298357737e+18,2.810909298357737e+18,2.810815547293244e+18,3.5575676546526998e-19,0.08940612889122462,-7.907981107391022,-2.0626458891282065,0.039888845616122125,5.7054890416129155e-05,64,True,59.923065185546875,,3.0037480995933445e-10,0.022611154383877875,8.329666956186088e-10,26.22317678898156,-59.923065185546875,,False,,,,,,295.4774390489127,106548750000.0,328.30826560990295,1.0689988525833732e-12
60,dinkelbach_ee_isac,Dinkelbach EE-ISAC,ok,optimal,CLARABEL,0.01666047599974263,,269.7949429154903,4046924.1437323545,0.731245426972027,2.5892726484915056,1562957.9009727181,106548749947.4454,2.8109092985521275e+18,2.8109092985521275e+18,2.810909289674544e+18,3.5575676544066733e-19,0.08940612888813315,-4.11789249922984,4.392317758420895,0.06249999968024676,0.00021557764100058375,64,False,52.554595947265625,min_rate,1.944181861413089e-11,3.1975323777633236e-10,0.268754573027973,-25.682496133422376,-52.554595947265625,,False,5.0,True,1562957.900956513,4.195980727672577e-05,False,295.4774390489127,106548750000.0,328.30826560990295,1.0689988525833732e-12
60,dinkelbach_ee_rmin_isac,Dinkelbach EE-ISAC (+R_min),ok,optimal,CLARABEL,0.01136315099984131,,295.4774395135891,4432161.592703837,0.8370454656173855,2.89155847319253,1532793.347875946,106548749936.70515,2.810909298268784e+18,2.810909298268784e+18,2.8108703169675494e+18,3.557567654765281e-19,0.08940612889263928,-5.763352037284593,1.834043735596049,0.061438656030003445,0.00013784700862764062,64,True,63.29484558105469,,4.9366091944704914e-11,0.0010613439699965546,0.16295453438261454,4.646764182325569e-07,-63.29484558105469,,False,3.0,True,1532793.3482280762,-0.0010182047262787819,True,295.4774390489127,106548750000.0,328.30826560990295,1.0689988525833732e-12
61,uniform,Uniform,ok,closed_form,numpy,1.6760000107751694e-06,,321.4709669164838,4822064.503747257,1.0,3.357142857142857,1436359.6394140767,76781250000.0,2.0255998281153943e+18,2.0255998281153943e+18,2.0255998281153943e+18,4.936809265680052e-19,0.10532073506634214,-13.256466474732292,-9.684463547443015,0.015625,0.0,64,False,29767500000.0,min_sensing,0.015625,0.046875,0.0,31.038424120691445,-29767500000.0,,,,,,,,290.43254279579236,106548750000.0,322.70282532865815,9.765142133884443e-13
61,water_filling,Water-filling (comm. only),ok,closed_form,numpy,0.00014297000006990856,,322.70282532865815,4840542.379929872,1.0000000000003437,3.3571428571438395,1441863.6876382635,77691103956.19363,2.0496030843436524e+18,2.0496030843436524e+18,2.0495989865881088e+18,4.878993438479488e-19,0.10470220412981275,-13.286294480253895,-8.004299375704049,0.016875089310524064,9.691836292569611e-06,63,False,28857646043.806366,min_sensing,0.0,0.04562491068947594,-3.4372504842394846e-13,32.27028253286579,-28857646043.806366,0.016933555893275887,,,,,,,290.43254279579236,106548750000.0,322.70282532865815,9.765142133884443e-13
61,edge_weighted,Edge-weighted (∝ w_k),ok,closed_form,numpy,2.6331000299251173e-05,,267.67090681182174,4015063.602177326,1.0,3.357142857142857,1195976.392137927,138161250000.0,3.644892525873283e+18,3.644892525873283e+18,3.644892525873283e+18,2.7435651199630616e-19,0.07851422418531084,-2.549921626385729,1.7017770590097698,0.045432692307692306,0.0001951694139194139,64,False,22.76163598397062,min_rate,1.1446886446886447e-05,0.017067307692307694,0.0,-22.76163598397062,31612500000.0,,,,,,,,290.43254279579236,106548750000.0,322.70282532865815,9.765142133884443e-13
61,sensing_optimal,Sensing-optimal (max S),ok,closed_form,numpy,1.9839999822579557e-05,,118.50796214261803,1777619.4321392705,1.0,3.357142857142857,529503.6606372294,177581250000.0,4.684848833230989e+18,4.684848833230989e+18,4.684848833230989e+18,2.1345405915911532e-19,0.0692536896294432,-0.2904600964737499,5.960647967914347,0.0625,0.000732421875,16,False,171.92458065317433,min_rate,0.0,0.0,0.0,-171.92458065317433,71032500000.0,,,,,,,,290.43254279579236,106548750000.0,322.70282532865815,9.765142133884443e-13
61,min_power_isac,Min-power ISAC,ok,optimal,CLARABEL,0.006034116999671824,,290.4325452363161,4356488.178544742,0.8358841140099116,2.8882403257426046,1508353.768111257,106548750027.93906,2.810909300675666e+18,2.810909300675666e+18,2.810909033721024e+18,3.557567651719062e-19,0.08940612885436162,-5.740622218263804,1.8234683943926309,0.05985414074739291,0.0001369182870998331,64,True,0.0,,1.8469246521912695e-10,0.0026458592526070884,0.16411588599008842,2.4405237581959227e-06,27.939056396484375,,False,,,,,,290.43254279579236,106548750000.0,322.70282532865815,9.765142133884443e-13
61,max_rate_isac,Max-rate ISAC,ok,optimal,CLARABEL,0.0051481909999893105,,316.5106234251481,4747659.351377221,0.9999999991906543,3.357142854830441,1414196.4035120008,106548749941.03227,2.81090929838294e+18,2.81090929838294e+18,2.8108910139795994e+18,3.557567654620802e-19,0.08940612889082382,-7.942743656851893,-1.958289186224219,0.038842115152160475,5.983895112472873e-05,64,True,58.96772766113281,,1.465405195322018e-10,0.023657884847839525,8.093457015689864e-10,26.078080629355725,-58.96772766113281,,False,,,,,,290.43254279579236,106548750000.0,322.70282532865815,9.765142133884443e-13
61,dinkelbach_ee_isac,Dinkelbach EE-ISAC,ok,optimal,CLARABEL,0.01455139900008362,,265.4663978639636,3981995.9679594543,0.7317545942721108,2.590727412206031,1537018.5026794246,106548749952.23909,2.8109092986785915e+18,2.8109092986785915e+18,2.8108856986383247e+18,3.557567654246617e-19,0.08940612888612194,-4.102622177637318,4.278598228665906,0.06249999966151688,0.0002094300574373762,64,False,47.76091003417969,min_rate,1.0436752770137566e-11,3.38483116535393e-10,0.26824540572788924,-24.96614493182875,-47.76091003417969,,False,5.0,True,1537018.5026912016,-3.0510593205690384e-05,False,290.43254279579236,106548750000.0,322.70282532865815,9.765142133884443e-13
61,dinkelbach_ee_rmin_isac,Dinkelbach EE-ISAC (+R_min),ok,optimal,CLARABEL,0.011882210999829113,,290.43254329770974,4356488.149465647,0.8358841029942654,2.88824029426933,1508353.7744797496,106548749923.23622,2.8109092979134546e+18,2.8109092979134546e+18,2.810909011599359e+18,3.557567655214996e-19,0.08940612889829024,-5.740647784443055,1.8234506099022016,0.05985002229148666,0.00013691747476929285,64,True,76.76377868652344,,2.818980421283979e-11,0.002649977708513343,0.1641158970057346,5.019173840992153e-07,-76.76377868652344,,False,3.0,True,1508353.7747336535,-0.0007333355024456978,True,290.43254279579236,106548750000.0,322.70282532865815,9.765142133884443e-13
62,uniform,Uniform,ok,closed_form,numpy,1.8720002117333934e-06,,322.33279541104133,4834991.93116562,1.0,3.357142857142857,1440210.3624748655,76781250000.0,2.0255998281153943e+18,2.0255998281153943e+18,2.0255998281153943e+18,4.936809265680052e-19,0.10532073506634214,-13.256466474732292,-9.684463547443015,0.015625,0.0,64,False,29767500000.0,min_sensing,0.015625,0.046875,0.0,31.50211583372902,-29767500000.0,,,,,,,,290.8306795773123,106548750000.0,323.145199530347,1.028544549413446e-12
62,water_filling,Water-filling (comm. only),ok,closed_form,numpy,0.00014466999982687412,,323.145199530347,4847177.992955205,1.00000000000057,3.3571428571444857,1443840.253219999,74502285470.45657,1.9654774654379932e+18,1.9654774654379932e+18,1.965298779310114e+18,5.087822259906484e-19,0.1069194393525262,-14.392036862291711,-9.32666949218006,0.016877477125980533,6.533418356183897e-06,64,False,32046464529.543427,min_sensing,0.003997872190488427,0.04562252287401947,-5.699885008425554e-13,32.314519953034676,-32046464529.543427,0.016928015910440006,,,,,,,290.8306795773123,106548750000.0,323.145199530347,1.028544549413446e-12
62,edge_weighted,Edge-weighted (∝ w_k),ok,closed_form,numpy,2.6058000003104098e-05,,263.3785760851443,3950678.641277164,1.0,3.357142857142857,1176797.8931463894,138161250000.0,3.644892525873283e+18,3.644892525873283e+18,3.644892525873283e+18,2.7435651199630616e-19,0.07851422418531084,-2.549921626385729,1.7017770590097698,0.045432692307692306,0.0001951694139194139,64,False,27.45210349216802,min_rate,1.1446886446886447e-05,0.017067307692307694,0.0,-27.45210349216802,31612500000.0,,,,,,,,290.8306795773123,106548750000.0,323.145199530347,1.028544549413446e-12
62,sensing_optimal,Sensing-optimal (max S),ok,closed_form,numpy,2.0613999822671758e-05,,107.99199029435087,1619879.854415263,1.0,3.357142857142857,482517.4034428443,177581250000.0,4.684848833230989e+18,4.684848833230989e+18,4.684848833230989e+18,2.1345405915911532e-19,0.0692536896294432,-0.2904600964737499,5.960647967914347,0.0625,0.000732421875,16,False,182.83868928296144,min_rate,0.0,0.0,0.0,-182.83868928296144,71032500000.0,,,,,,,,290.8306795773123,106548750000.0,323.145199530347,1.028544549413446e-12
62,min_power_isac,Min-power ISAC,ok,optimal,CLARABEL,0.005172470999696088,,290.83068280965097,4362460.242144764,0.8448418108685313,2.913833745338661,1497154.821932964,106548750032.01059,2.810909300783079e+18,2.810909300783079e+18,2.8107549392757217e+18,3.557567651583117e-19,0.0894061288526534,-6.138699063530205,1.9150897387772106,0.062499901328094125,0.00014432525879274927,64,True,0.0,,0.000504844688105614,9.867190587514729e-08,0.15515818913146873,3.2323386562893575e-06,32.010589599609375,,False,,,,,,290.8306795773123,106548750000.0,323.145199530347,1.028544549413446e-12
62,max_rate_isac,Max-rate ISAC,ok,optimal,CLARABEL,0.005113982000239048,,315.7183107215767,4735774.660823651,0.9999999993373462,3.3571428552495606,1410656.282743025,106548749949.0582,2.810909298594675e+18,2.810909298594675e+18,2.8107311192600033e+18,3.557567654352824e-19,0.0894061288874565,-8.191426401603136,-1.8654920138701767,0.041998048043450954,6.246823199339666e-05,64,True,50.941802978515625,,0.004682006057220015,0.020501951956549046,6.626538207044064e-10,24.88763114426439,-50.941802978515625,,False,,,,,,290.8306795773123,106548750000.0,323.145199530347,1.028544549413446e-12
62,dinkelbach_ee_isac,Dinkelbach EE-ISAC,ok,optimal,CLARABEL,0.016034791999572917,,265.12223771643653,3976833.565746548,0.7366531595137848,2.604723312896528,1526777.7372193108,106548749987.66605,2.810909299613206e+18,2.810909299613206e+18,2.810850754128385e+18,3.557567653063742e-19,0.08940612887125837,-4.364272818050374,4.40866037345563,0.06249999993180808,0.0002188552392714547,64,False,25.70844186087578,min_rate,3.3917601140514116e-11,6.819191739060315e-11,0.26334684048621515,-25.70844186087578,-12.333953857421875,,False,5.0,True,1526777.7374165175,-0.0005136686377227306,False,290.8306795773123,106548750000.0,323.145199530347,1.028544549413446e-12
62,dinkelbach_ee_rmin_isac,Dinkelbach EE-ISAC (+R_min),ok,optimal,CLARABEL,0.010706246000154351,,290.83067975409693,4362460.196311454,0.844841794257448,2.913833697878423,1497154.830588919,106548749973.50407,2.810909299239593e+18,2.810909299239593e+18,2.8107548141133727e+18,3.5575676535365974e-19,0.08940612887720009,-6.138696705345799,1.9151011575417964,0.062499991260388243,0.00014432580177859138,64,True,26.495925903320312,,0.0005048264279197331,8.739611756514165e-09,0.155158205742552,1.7678462427284103e-07,-26.495925903320312,,False,3.0,True,1497154.8298843596,0.0020529692992568016,True,290.8306795773123,106548750000.0,323.145199530347,1.028544549413446e-12
63,uniform,Uniform,ok,closed_form,numpy,1.5680002434237394e-06,,307.1274408477673,4606911.612716509,1.0,3.357142857142857,1372271.5442134282,76781250000.0,2.0255998281153943e+18,2.0255998281153943e+18,2.0255998281153943e+18,4.936809265680052e-19,0.10532073506634214,-13.256466474732292,-9.684463547443015,0.015625,0.0,64,False,29767500000.0,min_sensing,0.015625,0.046875,0.0,28.554749151024453,-29767500000.0,,,,,,,,278.5726916967428,106548750000.0,309.5252129963809,8.658777071577333e-13
63,water_filling,Water-filling (comm. only),ok,closed_form,numpy,0.000141299999995681,,309.5252129963809,4642878.1949457135,1.0000000000005098,3.357142857144314,1382984.9942385487,73242818259.83997,1.932250908624422e+18,1.932250908624422e+18,1.931913285782505e+18,5.175311319749382e-19,0.10783480247814282,-13.966123536418277,-8.404730204476603,0.017369153986612228,1.4581169469542323e-05,63,False,33305931740.160034,min_sensing,0.0,0.04513084601338777,-5.098144129078719e-13,30.95252129963808,-33305931740.160034,0.017423270842766934,,,,,,,278.5726916967428,106548750000.0,309.5252129963809,8.658777071577333e-13
63,edge_weighted,Edge-weighted (∝ w_k),ok,closed_form,numpy,2.6298999728169292e-05,,250.82398920199893,3762359.838029984,1.0,3.357142857142857,1120702.9304770164,138161250000.0,3.644892525873283e+18,3.644892525873283e+18,3.644892525873283e+18,2.7435651199630616e-19,0.07851422418531084,-2.549921626385729,1.7017770590097698,0.045432692307692306,0.0001951694139194139,64,False,27.748702494743895,min_rate,1.1446886446886447e-05,0.017067307692307694,0.0,-27.748702494743895,31612500000.0,,,,,,,,278.5726916967428,106548750000.0,309.5252129963809,8.658777071577333e-13
63,sensing_optimal,Sensing-optimal (max S),ok,closed_form,numpy,2.069100037260796e-05,,100.4885137968842,1507327.7069532631,1.0,3.357142857142857,448991.2318584188,177581250000.0,4.684848833230989e+18,4.684848833230989e+18,4.684848833230989e+18,2.1345405915911532e-19,0.0692536896294432,-0.2904600964737499,5.960647967914347,0.0625,0.000732421875,16,False,178.08417789985862,min_rate,0.0,0.0,0.0,-178.08417789985862,71032500000.0,,,,,,,,278.5726916967428,106548750000.0,309.5252129963809,8.658777071577333e-13
63,min_power_isac,Min-power ISAC,ok,optimal,CLARABEL,0.005543695000142179,,278.572695110749,4178590.4266612353,0.8557836889303477,2.945096254086708,1418829.8331040596,106548750034.87656,2.8109093008586875e+18,2.8109093008586875e+18,2.7911134707996334e+18,3.5575676514874247e-19,0.08940612885145095,-5.700433442330399,1.9558169941356431,0.062499996664847256,0.000153296179051359,64,True,0.0,,4.432436999357627e-10,3.335152744254888e-09,0.14421631106965227,3.4140061870857608e-06,34.876556396484375,,False,,,,,,278.5726916967428,106548750000.0,309.5252129963809,8.658777071577333e-13
63,max_rate_isac,Max-rate ISAC,ok,optimal,CLARABEL,0.005579200999818568,,301.42327108000035,4521349.066200005,0.9999999995090989,3.3571428557402827,1346784.8287924593,106548749959.37225,2.810909298866775e+18,2.810909298866775e+18,2.80143634230581e+18,3.5575676540084463e-19,0.08940612888312917,-7.652102806576889,-1.1974479924456012,0.049966387989384214,8.291263003410137e-05,64,True,40.62774658203125,,2.579474411570542e-10,0.012533612010615786,4.909010975495676e-10,22.850579383257525,-40.62774658203125,,False,,,,,,278.5726916967428,106548750000.0,309.5252129963809,8.658777071577333e-13
63,dinkelbach_ee_isac,Dinkelbach EE-ISAC,ok,optimal,CLARABEL,0.017126672999893344,,253.30271300948496,3799540.6951422743,0.7464712799750846,2.632775085643099,1443169.4966507833,106548749960.06113,2.810909298884948e+18,2.810909298884948e+18,2.810897725846725e+18,3.5575676539854464e-19,0.08940612888284016,-4.362442187932404,3.9227808634234336,0.0624999997685135,0.00019736421803148116,64,False,39.938873291015625,min_rate,1.5933563293657818e-11,2.3148649663795595e-10,0.25352872002491544,-25.26997868725786,-39.938873291015625,,False,5.0,True,1443169.496531577,0.00031384360045194626,False,278.5726916967428,106548750000.0,309.5252129963809,8.658777071577333e-13
63,dinkelbach_ee_rmin_isac,Dinkelbach EE-ISAC (+R_min),ok,optimal,CLARABEL,0.01169491399969047,,278.5726918747723,4178590.3781215847,0.8557836703246072,2.9450962009274493,1418829.8422325533,106548749971.70456,2.810909299192119e+18,2.810909299192119e+18,2.7911139861515105e+18,3.557567653596682e-19,0.0894061288779551,-5.700469965101781,1.9558906837110948,0.06249999972903735,0.00015329948902384428,64,True,28.295440673828125,,2.734071858941431e-11,2.709626481522953e-10,0.14421632967539277,1.7802949514589272e-07,-28.295440673828125,,False,3.0,True,1418829.8419790783,0.0007465081289410591,True,278.5726916967428,106548750000.0,309.5252129963809,8.658777071577333e-13
64,uniform,Uniform,ok,closed_form,numpy,1.4480001482297666e-06,,306.61165864634245,4599174.879695137,1.0,3.357142857142857,1369966.9854411045,76781250000.0,2.0255998281153943e+18,2.0255998281153943e+18,2.0255998281153943e+18,4.936809265680052e-19,0.10532073506634214,-13.256466474732292,-9.684463547443015,0.015625,0.0,64,False,29767500000.0,min_sensing,0.015625,0.046875,0.0,29.002927776831314,-29767500000.0,,,,,,,,277.60873086951113,106548750000.0,308.4541454105679,9.672479800630703e-13
64,water_filling,Water-filling (comm. only),ok,closed_form,numpy,0.00019753300011871033,,308.4541454105679,4626812.181158518,1.0000000000004698,3.3571428571441997,1378199.373110497,79457921142.31436,2.0962142633556833e+18,2.0962142633556833e+18,2.09618636222157e+18,4.770504702125105e-19,0.10353158704259388,-12.851011087532125,-7.2176203346455985,0.01746304074790395,1.3281298582838762e-05,62,False,27090828857.68564,min_sensing,0.0,0.045036959252096054,-4.698463840213662e-13,30.845414541056755,-27090828857.68564,0.017531853166158462,,,,,,,277.60873086951113,106548750000.0,308.4541454105679,9.672479800630703e-13
64,edge_weighted,Edge-weighted (∝ w_k),ok,closed_form,numpy,2.639900003487128e-05,,257.30980129493815,3859647.0194240725,1.0,3.357142857142857,1149682.090892277,138161250000.0,3.644892525873283e+18,3.644892525873283e+18,3.644892525873283e+18,2.7435651199630616e-19,0.07851422418531084,-2.549921626385729,1.7017770590097698,0.045432692307692306,0.0001951694139194139,64,False,20.29892957457298,min_rate,1.1446886446886447e-05,0.017067307692307694,0.0,-20.29892957457298,31612500000.0,,,,,,,,277.60873086951113,106548750000.0,308.4541454105679,9.672479800630703e-13
64,sensing_optimal,Sensing-optimal (max S),ok,closed_form,numpy,2.0405999748618342e-05,,114.35426436725879,1715313.965508882,1.0,3.357142857142857,510944.5854707308,177581250000.0,4.684848833230989e+18,4.684848833230989e+18,4.684848833230989e+18,2.1345405915911532e-19,0.0692536896294432,-0.2904600964737499,5.960647967914347,0.0625,0.000732421875,16,False,163.25446650225234,min_rate,0.0,0.0,0.0,-163.25446650225234,71032500000.0,,,,,,,,277.60873086951113,106548750000.0,308.4541454105679,9.672479800630703e-13
64,min_power_isac,Min-power ISAC,ok,optimal,CLARABEL,0.005524466000224493,,277.60873425281056,4164131.0137921586,0.828201779057719,2.8662907973077685,1452794.3283715027,106548750040.78336,2.8109093010145167e+18,2.8109093010145167e+18,2.8104725224827464e+18,3.557567651290203e-19,0.08940612884897274,-5.46830827576911,1.850373484818539,0.05748689127889387,0.00013535380366810825,64,True,0.0,,2.562274776079136e-10,0.005013108721106128,0.17179822094228103,3.383299429060571e-06,40.783355712890625,,False,,,,,,277.60873086951113,106548750000.0,308.4541454105679,9.672479800630703e-13
64,max_rate_isac,Max-rate ISAC,ok,optimal,CLARABEL,0.004992646000118839,,303.2716125803902,4549074.188705853,0.9999999991124382,3.3571428546069666,1355043.3763827516,106548749936.38611,2.8109092982603674e+18,2.8109092982603674e+18,2.8107709346289654e+18,3.5575676547759333e-19,0.08940612889277313,-7.807609217353512,-1.960063730118238,0.03724581612542901,5.977266973423054e-05,64,True,63.6138916015625,,1.4629427947192785e-10,0.02525418387457099,8.875618018322484e-10,25.66288171087905,-63.6138916015625,,False,,,,,,277.60873086951113,106548750000.0,308.4541454105679,9.672479800630703e-13
64,dinkelbach_ee_isac,Dinkelbach EE-ISAC,ok,optimal,CLARABEL,0.01522049299956052,,252.39211494462847,3785881.724169427,0.7175238667638283,2.5500681907537954,1484619.7987553922,106548749973.22614,2.81090929923226e+18,2.81090929923226e+18,2.81060834089742e+18,3.557567653545878e-19,0.08940612887731672,-3.7312647502947134,4.445532361009291,0.062499999823147585,0.00021219880670810633,64,False,26.77386474609375,min_rate,2.3327526076002332e-12,1.768524146572581e-10,0.2824761332361717,-25.21661592488266,-26.77386474609375,,False,5.0,True,1484619.7987924614,-9.452877566218376e-05,False,277.60873086951113,106548750000.0,308.4541454105679,9.672479800630703e-13
64,dinkelbach_ee_rmin_isac,Dinkelbach EE-ISAC (+R_min),ok,optimal,CLARABEL,0.012093464999452408,,277.6087312670531,4164130.969005796,0.828201761427414,2.866290746935469,1452794.3382777653,106548749925.48627,2.810909297972814e+18,2.810909297972814e+18,2.8104720124495683e+18,3.5575676551398695e-19,0.08940612889734621,-5.468392608296352,1.8504639050571012,0.05748662734710941,0.0001353575527638368,64,True,74.51373291015625,,2.0334381638710568e-11,0.005013372652890591,0.17179823857258603,3.975419531343505e-07,-74.51373291015625,,False,3.0,True,1452794.3380945777,0.0005250689573585987,True,277.60873086951113,106548750000.0,308.4541454105679,9.672479800630703e-13
65,uniform,Uniform,ok,closed_form,numpy,1.5080004232004285e-06,,345.7058095331852,5185587.142997778,1.0,3.357142857142857,1544642.9787652956,76781250000.0,2.0255998281153943e+18,2.0255998281153943e+18,2.0255998281153943e+18,4.936809265680052e-19,0.10532073506634214,-13.256466474732292,-9.684463547443015,0.015625,0.0,64,False,29767500000.0,min_sensing,0.015625,0.046875,0.0,33.9090590608817,-29767500000.0,,,,,,,,311.7967504723035,106548750000.0,346.44083385811496,1.2204879637059379e-12
65,water_filling,Water-filling (comm. only),ok,closed_form,numpy,0.00013984799988975283,,346.44083385811496,5196612.507871725,0.9999999999990506,3.3571428571401447,1547927.130005594,76728690935.06346,2.0242132443739028e+18,2.0242132443739028e+18,2.023055539425784e+18,4.940190974342251e-19,0.10535680118220873,-12.84879462576442,-8.865879416324727,0.016433471174039482,4.872976270561551e-06,63,False,29820059064.93654,min_sensing,0.0,0.04606652882596052,9.493517083569714e-13,34.644083385811484,-29820059064.93654,0.016499210156191286,,,,,,,311.7967504723035,106548750000.0,346.44083385811496,1.2204879637059379e-12
65,edge_weighted,Edge-weighted (∝ w_k),ok,closed_form,numpy,2.619699989736546e-05,,282.4032089058472,4236048.133587708,1.0,3.357142857142857,1261801.5717069767,138161250000.0,3.644892525873283e+18,3.644892525873283e+18,3.644892525873283e+18,2.7435651199630616e-19,0.07851422418531084,-2.549921626385729,1.7017770590097698,0.045432692307692306,0.0001951694139194139,64,False,29.393541566456292,min_rate,1.1446886446886447e-05,0.017067307692307694,0.0,-29.393541566456292,31612500000.0,,,,,,,,311.7967504723035,106548750000.0,346.44083385811496,1.2204879637059379e-12
65,sensing_optimal,Sensing-optimal (max S),ok,closed_form,numpy,1.9678000171552412e-05,,115.89335157397554,1738400.273609633,1.0,3.357142857142857,517821.3580964864,177581250000.0,4.684848833230989e+18,4.684848833230989e+18,4.684848833230989e+18,2.1345405915911532e-19,0.0692536896294432,-0.2904600964737499,5.960647967914347,0.0625,0.000732421875,16,False,195.90339889832794,min_rate,0.0,0.0,0.0,-195.90339889832794,71032500000.0,,,,,,,,311.7967504723035,106548750000.0,346.44083385811496,1.2204879637059379e-12
65,min_power_isac,Min-power ISAC,ok,optimal,CLARABEL,0.005491116000030161,,311.7967539063694,4676951.308595541,0.8349320388759258,2.885520111074074,1620834.76411975,106548750035.40335,2.8109093008725847e+18,2.8109093008725847e+18,2.81003858793418e+18,3.557567651469836e-19,0.08940612885122995,-5.667792245502241,1.7252387520943138,0.062499927920153006,0.0001326446501192005,64,True,0.0,,2.2973856984186164e-10,7.20798469938666e-08,0.16506796112407418,3.4340659453846456e-06,35.403350830078125,,False,,,,,,311.7967504723035,106548750000.0,346.44083385811496,1.2204879637059379e-12
65,max_rate_isac,Max-rate ISAC,ok,optimal,CLARABEL,0.005033917000218935,,339.5106063238961,5092659.0948584415,0.9999999996408506,3.3571428561167163,1516962.284038528,106548749974.185,2.8109092992575565e+18,2.8109092992575565e+18,2.8099289296708454e+18,3.557567653513862e-19,0.08940612887691442,-7.751448093349449,-2.2319514130952998,0.03995308993812272,5.271441150960779e-05,64,True,25.81500244140625,,6.663600427670599e-11,0.022546910061877277,3.5914937690506576e-10,27.713855851592655,-25.81500244140625,,False,,,,,,311.7967504723035,106548750000.0,346.44083385811496,1.2204879637059379e-12
65,dinkelbach_ee_isac,Dinkelbach EE-ISAC,ok,optimal,CLARABEL,0.016620677999981126,,285.3248545925634,4279872.818888451,0.7316391746623321,2.5903976418923773,1652206.8850255175,106548749966.00179,2.8109092990416717e+18,2.8109092990416717e+18,2.8107532958420726e+18,3.5575676537870925e-19,0.08940612888034773,-4.102073110940748,4.283173626197294,0.062499999790990246,0.00020969158127735212,64,False,33.99821472167969,min_rate,3.1770277992036365e-12,2.090097539486635e-10,0.2683608253376679,-26.47189587974009,-33.99821472167969,,False,5.0,True,1652206.8850165089,2.3336149752140045e-05,False,311.7967504723035,106548750000.0,346.44083385811496,1.2204879637059379e-12
65,dinkelbach_ee_rmin_isac,Dinkelbach EE-ISAC (+R_min),ok,optimal,CLARABEL,0.011228704000131984,,311.79675095237616,4676951.264285643,0.8349320233526,2.8855200667217145,1620834.7736771076,106548749939.11868,2.8109092983324564e+18,2.8109092983324564e+18,2.810038106893539e+18,3.557567654684695e-19,0.08940612889162666,-5.667721510823918,1.7251443719362278,0.06249998866364505,0.00013264090539303477,64,True,60.881317138671875,,2.1281432699502386e-11,1.133635495198515e-08,0.16506797664740003,4.800726856046822e-07,-60.881317138671875,,False,3.0,True,1620834.77313955,0.001551133580505848,True,311.7967504723035,106548750000.0,346.44083385811496,1.2204879637059379e-12
66,uniform,Uniform,ok,closed_form,numpy,1.6079998204077128e-06,,325.28958307087584,4879343.746063137,1.0,3.357142857142857,1453421.541380509,76781250000.0,2.0255998281153943e+18,2.0255998281153943e+18,2.0255998281153943e+18,4.936809265680052e-19,0.10532073506634214,-13.256466474732292,-9.684463547443015,0.015625,0.0,64,False,29767500000.0,min_sensing,0.015625,0.046875,0.0,32.40918409870727,-29767500000.0,,,,,,,,292.88039897216856,106548750000.0,325.4226655246317,1.0829246363125027e-12
66,water_filling,Water-filling (comm. only),ok,closed_form,numpy,0.000150264999774663,,325.4226655246317,4881339.982869476,0.9999999999990876,3.3571428571402504,1454016.1651111857,77309192760.96445,2.039527717617901e+18,2.039527717617901e+18,2.039525227486023e+18,4.90309590481058e-19,0.10496050252704338,-13.083974543254744,-9.370451711359266,0.016417281797474814,8.264649294596256e-07,64,False,29239557239.035553,min_sensing,0.01251266184851122,0.046082718202525186,9.123812816369536e-13,32.54226655246316,-29239557239.035553,0.01647440377905116,,,,,,,292.88039897216856,106548750000.0,325.4226655246317,1.0829246363125027e-12
66,edge_weighted,Edge-weighted (∝ w_k),ok,closed_form,numpy,2.650199985509971e-05,,269.63102608017067,4044465.39120256,1.0,3.357142857142857,1204734.371847571,138161250000.0,3.644892525873283e+18,3.644892525873283e+18,3.644892525873283e+18,2.7435651199630616e-19,0.07851422418531084,-2.549921626385729,1.7017770590097698,0.045432692307692306,0.0001951694139194139,64,False,23.249372891997893,min_rate,1.1446886446886447e-05,0.017067307692307694,0.0,-23.249372891997893,31612500000.0,,,,,,,,292.88039897216856,106548750000.0,325.4226655246317,1.0829246363125027e-12
66,sensing_optimal,Sensing-optimal (max S),ok,closed_form,numpy,2.019299972744193e-05,,115.1900801127049,1727851.2016905735,1.0,3.357142857142857,514679.0813546389,177581250000.0,4.684848833230989e+18,4.684848833230989e+18,4.684848833230989e+18,2.1345405915911532e-19,0.0692536896294432,-0.2904600964737499,5.960647967914347,0.0625,0.000732421875,16,False,177.69031885946367,min_rate,0.0,0.0,0.0,-177.69031885946367,71032500000.0,,,,,,,,292.88039897216856,106548750000.0,325.4226655246317,1.0829246363125027e-12
66,min_power_isac,Min-power ISAC,ok,optimal,CLARABEL,0.005742512000324496,,292.88040175086934,4393206.0262630405,0.8401727072171972,2.900493449191992,1514640.9061833539,106548750031.38225,2.810909300766502e+18,2.810909300766502e+18,2.810906344035421e+18,3.5575676516040976e-19,0.08940612885291703,-5.720670973011581,1.5758675695378999,0.05936353261408468,0.00012841257102325098,64,True,0.0,,0.004307388589201529,0.0031364673859153175,0.15982729278280283,2.7787007752522186e-06,31.382247924804688,,False,,,,,,292.88039897216856,106548750000.0,325.4226655246317,1.0829246363125027e-12
66,max_rate_isac,Max-rate ISAC,ok,optimal,CLARABEL,0.0056236320001517015,,318.8495729980477,4782743.594970715,0.9999999991828982,3.3571428548082807,1424647.029279857,106548749941.94206,2.810909298406941e+18,2.810909298406941e+18,2.8109067664057277e+18,3.5575676545904253e-19,0.08940612889044211,-7.822817446826326,-2.2450863115329622,0.03891545159352398,5.225577541633072e-05,64,True,58.05793762207031,,0.008077162211455787,0.023584548406476023,8.171018306413202e-10,25.969174025879113,-58.05793762207031,,False,,,,,,292.88039897216856,106548750000.0,325.4226655246317,1.0829246363125027e-12
66,dinkelbach_ee_isac,Dinkelbach EE-ISAC,ok,optimal,CLARABEL,0.017749566000020423,,267.51872087205686,4012780.813080853,0.7352154781866764,2.600615651961933,1543011.8672298105,106548749960.28236,2.8109092988907853e+18,2.8109092988907853e+18,2.81090652914021e+18,3.5575676539780585e-19,0.08940612888274733,-4.104787259161145,4.1034889844894975,0.062499999691579045,0.00020170671705504778,64,False,39.71763610839844,min_rate,0.001969252229957352,3.0842095544159065e-10,0.26478452181332357,-25.361678100111703,-39.71763610839844,,False,5.0,True,1543011.8672166343,3.42661514878273e-05,False,292.88039897216856,106548750000.0,325.4226655246317,1.0829246363125027e-12
66,dinkelbach_ee_rmin_isac,Dinkelbach EE-ISAC (+R_min),ok,optimal,CLARABEL,0.011332187999869348,,292.8803991791497,4393205.987687246,0.8401726931779426,2.900493409079836,1514640.9138302312,106548749976.05461,2.8109092993068795e+18,2.8109092993068795e+18,2.8109063307958303e+18,3.5575676534514375e-19,0.08940612887613002,-5.72071772913243,1.5759576839760077,0.059365662477016586,0.00012841616671763897,64,True,23.945388793945312,,0.004306840085017165,0.0031343375229834144,0.15982730682205737,2.0698115577033604e-07,-23.945388793945312,,False,3.0,True,1514640.912603875,0.0035570384934544563,True,292.88039897216856,106548750000.0,325.4226655246317,1.0829246363125027e-12
67,uniform,Uniform,ok,closed_form,numpy,1.4020001799508464e-06,,310.67327482382706,4660099.122357406,1.0,3.357142857142857,1388114.6321915677,76781250000.0,2.0255998281153943e+18,2.0255998281153943e+18,2.0255998281153943e+18,4.936809265680052e-19,0.10532073506634214,-13.256466474732292,-9.684463547443015,0.015625,0.0,64,False,29767500000.0,min_sensing,0.015625,0.046875,0.0,29.238914425160146,-29767500000.0,,,,,,,,281.4343603986669,106548750000.0,312.70484488740766,9.60752132883242e-13
67,water_filling,Water-filling (comm. only),ok,closed_form,numpy,0.00014193800006978563,,312.70484488740766,4690572.673311115,1.0000000000002778,3.357142857143651,1397191.8601348954,75769382304.33823,1.998905302688835e+18,1.998905302688835e+18,1.997493999254552e+18,5.002738242051018e-19,0.1060216593780261,-13.856727561802348,-8.004537855755917,0.017362817735282476,1.3501397523418625e-05,62,False,30779367695.661774,min_sensing,0.0,0.045137182264717524,-2.7777780076121417e-13,31.27048448874075,-30779367695.661774,0.017436483551022584,,,,,,,281.4343603986669,106548750000.0,312.70484488740766,9.60752132883242e-13
67,edge_weighted,Edge-weighted (∝ w_k),ok,closed_form,numpy,2.6180999611824518e-05,,255.7276340272129,3835914.5104081933,1.0,3.357142857142857,1142612.8328875469,138161250000.0,3.644892525873283e+18,3.644892525873283e+18,3.644892525873283e+18,2.7435651199630616e-19,0.07851422418531084,-2.549921626385729,1.7017770590097698,0.045432692307692306,0.0001951694139194139,64,False,25.70672637145401,min_rate,1.1446886446886447e-05,0.017067307692307694,0.0,-25.70672637145401,31612500000.0,,,,,,,,281.4343603986669,106548750000.0,312.70484488740766,9.60752132883242e-13
67,sensing_optimal,Sensing-optimal (max S),ok,closed_form,numpy,2.0307000340835657e-05,,105.93857023340726,1589078.553501109,1.0,3.357142857142857,473342.5478513941,177581250000.0,4.684848833230989e+18,4.684848833230989e+18,4.684848833230989e+18,2.1345405915911532e-19,0.0692536896294432,-0.2904600964737499,5.960647967914347,0.0625,0.000732421875,16,False,175.49579016525965,min_rate,0.0,0.0,0.0,-175.49579016525965,71032500000.0,,,,,,,,281.4343603986669,106548750000.0,312.70484488740766,9.60752132883242e-13
67,min_power_isac,Min-power ISAC,ok,optimal,CLARABEL,0.005676776000200334,,281.43436419269347,4221515.462890402,0.8410029344078446,2.9028655268795562,1454258.0163636904,106548750042.84651,2.8109093010689454e+18,2.8109093010689454e+18,2.8101555308412867e+18,3.557567651221316e-19,0.08940612884810714,-5.979356660178658,1.9780685249769134,0.062366691227169764,0.00014569143050513684,64,True,0.0,,2.753973808286567e-10,0.00013330877283023596,0.15899706559215543,3.794026554260199e-06,42.84651184082031,,False,,,,,,281.4343603986669,106548750000.0,312.70484488740766,9.60752132883242e-13
67,max_rate_isac,Max-rate ISAC,ok,optimal,CLARABEL,0.005107724000026792,,306.05940191077184,4590891.028661578,0.999999999197986,3.357142854851389,1367499.4562794094,106548749940.15198,2.8109092983597164e+18,2.8109092983597164e+18,2.809813840097059e+18,3.5575676546501946e-19,0.08940612889119315,-8.089443007276033,-1.7589015447099405,0.0414240197892057,6.5576402911734e-05,64,True,59.8480224609375,,1.4212871893496706e-10,0.0210759802107943,8.020140107589668e-10,24.62504151210493,-59.8480224609375,,False,,,,,,281.4343603986669,106548750000.0,312.70484488740766,9.60752132883242e-13
67,dinkelbach_ee_isac,Dinkelbach EE-ISAC,ok,optimal,CLARABEL,0.01557963700088294,,257.3689544310838,3860534.316466257,0.7367942554838813,2.605126444239661,1481899.016841389,106548749959.83746,2.8109092988790477e+18,2.8109092988790477e+18,2.810226641013618e+18,3.5575676539929137e-19,0.089406128882934,-4.33031162917912,4.4170303948380045,0.062499999736362825,0.00021970068622674337,64,False,40.16253662109375,min_rate,6.26623152498238e-12,2.636371745912136e-10,0.26320574451611867,-24.065405967583104,-40.16253662109375,,False,5.0,True,1481899.0168519355,-2.747494727373123e-05,False,281.4343603986669,106548750000.0,312.70484488740766,9.60752132883242e-13
67,dinkelbach_ee_rmin_isac,Dinkelbach EE-ISAC (+R_min),ok,optimal,CLARABEL,0.011126108000098611,,281.4343609149363,4221515.413724044,0.8410029152234793,2.902865472067084,1454258.026886093,106548749935.06018,2.810909298225387e+18,2.810909298225387e+18,2.8101561968633364e+18,3.5575676548202056e-19,0.08940612889332944,-5.979411787668088,1.9781359175148485,0.062367816107952403,0.0001456942268217913,64,True,64.9398193359375,,2.4664069766731548e-11,0.0001321838920475965,0.15899708477652075,5.162693810234487e-07,-64.9398193359375,,False,3.0,True,1454258.0263548882,0.0015420159325003624,True,281.4343603986669,106548750000.0,312.70484488740766,9.60752132883242e-13
68,uniform,Uniform,ok,closed_form,numpy,1.478999820392346e-06,,298.6003573745515,4479005.360618273,1.0,3.357142857142857,1334171.8095458685,76781250000.0,2.0255998281153943e+18,2.0255998281153943e+18,2.0255998281153943e+18,4.936809265680052e-19,0.10532073506634214,-13.256466474732292,-9.684463547443015,0.015625,0.0,64,False,29767500000.0,min_sensing,0.015625,0.046875,0.0,28.593092461598758,-29767500000.0,,,,,,,,270.00726491295273,106548750000.0,300.008072125503,7.787480596604727e-13
68,water_filling,Water-filling (comm. only),ok,closed_form,numpy,0.00014719199998580734,,300.008072125503,4500121.081882546,0.9999999999997677,3.3571428571421937,1340461.5988588955,77446392632.97844,2.0431472476095206e+18,2.0431472476095206e+18,2.0420172831203717e+18,4.89440984329445e-19,0.10486749011873678,-12.619402439213713,-8.384762128785217,0.01692941744492308,6.961554355981095e-06,63,False,29102357367.02156,min_sensing,0.0,0.04557058255507692,2.3225865675158275e-13,30.000807212550285,-29102357367.02156,0.017004201593700752,,,,,,,270.00726491295273,106548750000.0,300.008072125503,7.787480596604727e-13
68,edge_weighted,Edge-weighted (∝ w_k),ok,closed_form,numpy,2.6274999981978908e-05,,249.83569508918498,3747535.426337775,1.0,3.357142857142857,1116287.1482708266,138161250000.0,3.644892525873283e+18,3.644892525873283e+18,3.644892525873283e+18,2.7435651199630616e-19,0.07851422418531084,-2.549921626385729,1.7017770590097698,0.045432692307692306,0.0001951694139194139,64,False,20.171569823767754,min_rate,1.1446886446886447e-05,0.017067307692307694,0.0,-20.171569823767754,31612500000.0,,,,,,,,270.00726491295273,106548750000.0,300.008072125503,7.787480596604727e-13
68,sensing_optimal,Sensing-optimal (max S),ok,closed_form,numpy,1.9238000277255196e-05,,107.59682864478876,1613952.4296718314,1.0,3.357142857142857,480751.7875618221,177581250000.0,4.684848833230989e+18,4.684848833230989e+18,4.684848833230989e+18,2.1345405915911532e-19,0.0692536896294432,-0.2904600964737499,5.960647967914347,0.0625,0.000732421875,16,False,162.41043626816398,min_rate,0.0,0.0,0.0,-162.41043626816398,71032500000.0,,,,,,,,270.00726491295273,106548750000.0,300.008072125503,7.787480596604727e-13
68,min_power_isac,Min-power ISAC,ok,optimal,CLARABEL,0.006121742000232189,,270.0072679506179,4050109.019259269,0.8471612352059621,2.9204606720170347,1386804.8483125216,106548750033.90102,2.8109093008329513e+18,2.8109093008329513e+18,2.8098667184961275e+18,3.557567651519997e-19,0.08940612885186025,-5.73630260309519,1.4558901079073712,0.05770291129325625,0.00012649005554453798,64,True,0.0,,1.6195298361749885e-10,0.004797088706743752,0.1528387647940379,3.0376651807273447e-06,33.90101623535156,,False,,,,,,270.00726491295273,106548750000.0,300.008072125503,7.787480596604727e-13
68,max_rate_isac,Max-rate ISAC,ok,optimal,CLARABEL,0.005185633000110101,,293.75315870340955,4406297.380551144,0.9999999990035331,3.357142854295809,1312514.1144687466,106548749916.93802,2.810909297747299e+18,2.810909297747299e+18,2.8099292879122985e+18,3.557567655425288e-19,0.08940612890093268,-7.689056861779675,-2.110754726256637,0.03861077320819198,5.584227207117349e-05,64,True,83.06198120117188,,4.101009495790809e-11,0.02388922679180802,9.96466908986804e-10,23.74589379045682,-83.06198120117188,,False,,,,,,270.00726491295273,106548750000.0,300.008072125503,7.787480596604727e-13
68,dinkelbach_ee_isac,Dinkelbach EE-ISAC,ok,optimal,CLARABEL,0.015828349999992497,,247.61244783147572,3714186.717472136,0.747379588398662,2.635370252567606,1409360.492649355,106548749974.0734,2.8109092992546125e+18,2.8109092992546125e+18,2.809907146716204e+18,3.5575676535175884e-19,0.08940612887696124,-4.238100701571672,3.853276952028014,0.062499999818180246,0.00019464347839116163,64,False,25.926605224609375,min_rate,1.8255697760886647e-12,1.8181975369735426e-10,0.25262041160133797,-22.394817081477015,-25.926605224609375,,False,5.0,True,1409360.4927785886,-0.0003405786119401455,False,270.00726491295273,106548750000.0,300.008072125503,7.787480596604727e-13
68,dinkelbach_ee_rmin_isac,Dinkelbach EE-ISAC (+R_min),ok,optimal,CLARABEL,0.012018699999771343,,270.0072652704574,4050108.9790568613,0.8471612200250132,2.920460628642895,1386804.8551433138,106548749927.34784,2.810909298021925e+18,2.810909298021925e+18,2.8098664450193915e+18,3.557567655077713e-19,0.08940612889656518,-5.7362675815263895,1.4559073456783862,0.0577033180382063,0.00012649082692753485,63,True,72.65216064453125,,0.0,0.004796681961793697,0.15283877997498685,3.575046889636724e-07,-72.65216064453125,,False,3.0,True,1386804.8548074139,0.000980982556939125,True,270.00726491295273,106548750000.0,300.008072125503,7.787480596604727e-13
69,uniform,Uniform,ok,closed_form,numpy,1.466999947297154e-06,,305.72536637083533,4585880.49556253,1.0,3.357142857142857,1366006.9561250089,76781250000.0,2.0255998281153943e+18,2.0255998281153943e+18,2.0255998281153943e+18,4.936809265680052e-19,0.10532073506634214,-13.256466474732292,-9.684463547443015,0.015625,0.0,64,False,29767500000.0,min_sensing,0.015625,0.046875,0.0,28.78366676211442,-29767500000.0,,,,,,,,276.9416996087209,106548750000.0,307.71299956524547,9.45368584309469e-13
69,water_filling,Water-filling (comm. only),ok,closed_form,numpy,0.00014235900016501546,,307.71299956524547,4615694.993478682,1.0000000000008202,3.3571428571452007,1374887.8703969454,78981487333.6267,2.0836452541120712e+18,2.0836452541120712e+18,2.0836443476492096e+18,4.799281442109694e-19,0.10384338026941811,-12.077809097459355,-7.2424986769738675,0.017490591571508677,1.3536183413661741e-05,62,False,27567262666.373306,min_sensing,0.0,0.045009408428491327,-8.202327705930657e-13,30.771299956524558,-27567262666.373306,0.017564492041650406,,,,,,,276.9416996087209,106548750000.0,307.71299956524547,9.45368584309469e-13
69,edge_weighted,Edge-weighted (∝ w_k),ok,closed_form,numpy,2.8371000098559307e-05,,255.74033392489133,3836105.00887337,1.0,3.357142857142857,1142669.5771112165,138161250000.0,3.644892525873283e+18,3.644892525873283e+18,3.644892525873283e+18,2.7435651199630616e-19,0.07851422418531084,-2.549921626385729,1.7017770590097698,0.045432692307692306,0.0001951694139194139,64,False,21.20136568382958,min_rate,1.1446886446886447e-05,0.017067307692307694,0.0,-21.20136568382958,31612500000.0,,,,,,,,276.9416996087209,106548750000.0,307.71299956524547,9.45368584309469e-13
69,sensing_optimal,Sensing-optimal (max S),ok,closed_form,numpy,2.0126999970671022e-05,,107.09597905159086,1606439.685773863,1.0,3.357142857142857,478513.9489539166,177581250000.0,4.684848833230989e+18,4.684848833230989e+18,4.684848833230989e+18,2.1345405915911532e-19,0.0692536896294432,-0.2904600964737499,5.960647967914347,0.0625,0.000732421875,16,False,169.84572055713005,min_rate,0.0,0.0,0.0,-169.84572055713005,71032500000.0,,,,,,,,276.9416996087209,106548750000.0,307.71299956524547,9.45368584309469e-13
69,min_power_isac,Min-power ISAC,ok,optimal,CLARABEL,0.005653857999732281,,276.94170305457754,4154125.545818663,0.832376739452199,2.8782192555777115,1443297.1142724336,106548750038.82408,2.8109093009628283e+18,2.8109093009628283e+18,2.81090175039398e+18,3.5575676513556213e-19,0.08940612884979476,-5.5058505490058,1.8281353758468946,0.05952338858318929,0.00013600123780629336,64,True,0.0,,2.2914529725356746e-10,0.002976611416810708,0.16762326054780097,3.44585663469843e-06,38.82408142089844,,False,,,,,,276.9416996087209,106548750000.0,307.71299956524547,9.45368584309469e-13
69,max_rate_isac,Max-rate ISAC,ok,optimal,CLARABEL,0.005439545000172075,,302.28125646387645,4534218.846958146,0.9999999991150225,3.35714285461435,1350618.3809622282,106548749935.32462,2.8109092982323635e+18,2.8109092982323635e+18,2.8109090010112466e+18,3.557567654811376e-19,0.08940612889321849,-7.602946225499107,-1.9884318584338496,0.038315968288928574,5.899352920430187e-05,64,True,64.67538452148438,,1.239551912544193e-10,0.024184031711071426,8.849775356978284e-10,25.339556855155536,-64.67538452148438,,False,,,,,,276.9416996087209,106548750000.0,307.71299956524547,9.45368584309469e-13
69,dinkelbach_ee_isac,Dinkelbach EE-ISAC,ok,optimal,CLARABEL,0.017252275999908306,,253.17677087880816,3797651.5631821225,0.7286323499944748,2.581806714269928,1470927.9134615643,106548749975.18805,2.8109092992840187e+18,2.8109092992840187e+18,2.810883948665043e+18,3.557567653480371e-19,0.08940612887649357,-3.985541144608631,4.297539564045704,0.062499999829734414,0.00020915266786661465,64,False,24.81195068359375,min_rate,1.9216050811531622e-12,1.702655863522473e-10,0.2713676500055252,-23.764928729912754,-24.81195068359375,,False,5.0,True,1470927.913470291,-2.2530555725097656e-05,False,276.9416996087209,106548750000.0,307.71299956524547,9.45368584309469e-13
69,dinkelbach_ee_rmin_isac,Dinkelbach EE-ISAC (+R_min),ok,optimal,CLARABEL,0.011140436999539816,,276.94169979302524,4154125.4968953785,0.8323767203945931,2.878219201127409,1443297.1245790427,106548749975.13199,2.810909299282539e+18,2.810909299282539e+18,2.8109016976502866e+18,3.5575676534822438e-19,0.08940612887651711,-5.505820789015755,1.8280527931751076,0.05952009963911056,0.00013599778246896707,64,True,24.868011474609375,,6.8743890665932496e-12,0.002979900360889437,0.1676232796054069,1.843043264670996e-07,-24.868011474609375,,False,3.0,True,1443297.123565335,0.0029176725074648857,True,276.9416996087209,106548750000.0,307.71299956524547,9.45368584309469e-13
70,uniform,Uniform,ok,closed_form,numpy,1.5800001165189315e-06,,322.0805104518279,4831207.656777418,1.0,3.357142857142857,1439083.1318060395,76781250000.0,2.0255998281153943e+18,2.0255998281153943e+18,2.0255998281153943e+18,4.936809265680052e-19,0.10532073506634214,-13.256466474732292,-9.684463547443015,0.015625,0.0,64,False,29767500000.0,min_sensing,0.015625,0.046875,0.0,31.70543285139621,-29767500000.0,,,,,,,,290.37507760043167,106548750000.0,322.63897511159075,1.074832876326074e-12
70,water_filling,Water-filling (comm. only),ok,closed_form,numpy,0.0001499889999649895,,322.63897511159075,4839584.626673861,0.9999999999999865,3.3571428571428186,1441578.3994347837,75371514513.11998,1.988408978006646e+18,1.988408978006646e+18,1.9870047438437484e+18,5.029146473692182e-19,0.10630112226426461,-13.105201742340629,-9.340587152733775,0.01675195251496042,4.296790853159476e-06,64,False,31177235486.88002,min_sensing,0.004169449346010174,0.04574804748503958,1.354472090042691e-14,32.26389751115909,-31177235486.88002,0.01680960833274895,,,,,,,290.37507760043167,106548750000.0,322.63897511159075,1.074832876326074e-12
70,edge_weighted,Edge-weighted (∝ w_k),ok,closed_form,numpy,2.7973000214842614e-05,,270.7838288190987,4061757.4322864804,1.0,3.357142857142857,1209885.192595973,138161250000.0,3.644892525873283e+18,3.644892525873283e+18,3.644892525873283e+18,2.7435651199630616e-19,0.07851422418531084,-2.549921626385729,1.7017770590097698,0.045432692307692306,0.0001951694139194139,64,False,19.59124878133298,min_rate,1.1446886446886447e-05,0.017067307692307694,0.0,-19.59124878133298,31612500000.0,,,,,,,,290.37507760043167,106548750000.0,322.63897511159075,1.074832876326074e-12
70,sensing_optimal,Sensing-optimal (max S),ok,closed_form,numpy,2.0777999907295452e-05,,108.68494205190258,1630274.1307785388,1.0,3.357142857142857,485613.570870203,177581250000.0,4.684848833230989e+18,4.684848833230989e+18,4.684848833230989e+18,2.1345405915911532e-19,0.0692536896294432,-0.2904600964737499,5.960647967914347,0.0625,0.000732421875,16,False,181.6901355485291,min_rate,0.0,0.0,0.0,-181.6901355485291,71032500000.0,,,,,,,,290.37507760043167,106548750000.0,322.63897511159075,1.074832876326074e-12
70,min_power_isac,Min-power ISAC,ok,optimal,CLARABEL,0.005535283999961393,,290.37508136167924,4355626.220425189,0.8436359326321392,2.9103883789489693,1496579.0311457124,106548750035.26372,2.810909300868901e+18,2.810909300868901e+18,2.8092476535313224e+18,3.5575676514744984e-19,0.08940612885128854,-5.73294670560743,1.4967165989052278,0.062160846713256016,0.0001267498478529899,64,True,0.0,,4.713075854941369e-09,0.0003391532867439845,0.1563640673678608,3.761247569400439e-06,35.26371765136719,,False,,,,,,290.37507760043167,106548750000.0,322.63897511159075,1.074832876326074e-12
70,max_rate_isac,Max-rate ISAC,ok,optimal,CLARABEL,0.004884167999989586,,315.4943942658644,4732415.913987966,0.9999999990815559,3.3571428545187314,1409655.805268492,106548749931.85231,2.810909298140759e+18,2.810909298140759e+18,2.8095060565083694e+18,3.5575676549273133e-19,0.08940612889467532,-7.734797839186841,-2.171019746539101,0.0413246235196126,5.426344201223696e-05,64,True,68.14768981933594,,0.003405115371869658,0.0211753764803874,9.184440985521292e-10,25.119316665432734,-68.14768981933594,,False,,,,,,290.37507760043167,106548750000.0,322.63897511159075,1.074832876326074e-12
70,dinkelbach_ee_isac,Dinkelbach EE-ISAC,ok,optimal,CLARABEL,0.015261819999977888,,265.1171037669932,3976756.556504898,0.7372727964966135,2.6064937042760388,1525711.1689857135,106548749983.88446,2.8109092995134423e+18,2.8109092995134423e+18,2.8108465660485396e+18,3.5575676531900056e-19,0.08940612887284496,-4.188488326328634,4.149215969536511,0.062499999847019365,0.0002050959877003994,64,False,25.257973833438484,min_rate,1.6208825506393197e-11,1.529806351041607e-10,0.2627272035033865,-25.257973833438484,-16.11553955078125,,False,5.0,True,1525711.1691323007,-0.0003820783458650112,False,290.37507760043167,106548750000.0,322.63897511159075,1.074832876326074e-12
70,dinkelbach_ee_rmin_isac,Dinkelbach EE-ISAC (+R_min),ok,optimal,CLARABEL,0.012205037000057928,,290.37507802797086,4355626.170419563,0.8436359154015425,2.910388329718693,1496579.0392791193,106548749942.30191,2.8109092984164347e+18,2.8109092984164347e+18,2.809247010464107e+18,3.5575676545784104e-19,0.08940612889029113,-5.732976856450059,1.4967576902241082,0.06216264271681255,0.00012675151749436326,64,True,57.698089599609375,,1.022929636222878e-09,0.0003373572831874491,0.15636408459845752,4.275391916053195e-07,-57.698089599609375,,False,3.0,True,1496579.039209552,0.0002024676650762558,True,290.37507760043167,106548750000.0,322.63897511159075,1.074832876326074e-12
71,uniform,Uniform,ok,closed_form,numpy,1.4569995983038098e-06,,324.8904946481912,4873357.419722868,1.0,3.357142857142857,1451638.380342982,76781250000.0,2.0255998281153943e+18,2.0255998281153943e+18,2.0255998281153943e+18,4.936809265680052e-19,0.10532073506634214,-13.256466474732292,-9.684463547443015,0.015625,0.0,64,False,29767500000.0,min_sensing,0.015625,0.046875,0.0,32.05650097850827,-29767500000.0,,,,,,,,292.8339936696829,106548750000.0,325.37110407742546,1.0505150214549644e-12
71,water_filling,Water-filling (comm. only),ok,closed_form,numpy,0.00014784499990128097,,325.37110407742546,4880566.561161382,0.99999999999971,3.357142857142029,1453785.7841760896,76406951130.17537,2.015725285484471e+18,2.015725285484471e+18,2.0150871600926979e+18,4.960993480615362e-19,0.10557839009928413,-13.015139408646633,-9.131468153462524,0.016635686453765782,3.7709253561270937e-06,64,False,30141798869.82463,min_sensing,0.003320239645584297,0.045864313546234214,2.899902540320909e-13,32.537110407742546,-30141798869.82463,0.01668246738457898,,,,,,,292.8339936696829,106548750000.0,325.37110407742546,1.0505150214549644e-12
71,edge_weighted,Edge-weighted (∝ w_k),ok,closed_form,numpy,2.686000016183243e-05,,268.4809920974431,4027214.8814616464,1.0,3.357142857142857,1199595.9221375117,138161250000.0,3.644892525873283e+18,3.644892525873283e+18,3.644892525873283e+18,2.7435651199630616e-19,0.07851422418531084,-2.549921626385729,1.7017770590097698,0.045432692307692306,0.0001951694139194139,64,False,24.353001572239805,min_rate,1.1446886446886447e-05,0.017067307692307694,0.0,-24.353001572239805,31612500000.0,,,,,,,,292.8339936696829,106548750000.0,325.37110407742546,1.0505150214549644e-12
71,sensing_optimal,Sensing-optimal (max S),ok,closed_form,numpy,2.074999974865932e-05,,109.14179642483231,1637126.9463724846,1.0,3.357142857142857,487654.83508967626,177581250000.0,4.684848833230989e+18,4.684848833230989e+18,4.684848833230989e+18,2.1345405915911532e-19,0.0692536896294432,-0.2904600964737499,5.960647967914347,0.0625,0.000732421875,16,False,183.6921972448506,min_rate,0.0,0.0,0.0,-183.6921972448506,71032500000.0,,,,,,,,292.8339936696829,106548750000.0,325.37110407742546,1.0505150214549644e-12
71,min_power_isac,Min-power ISAC,ok,optimal,CLARABEL,0.005936851000114984,,292.8339969698391,4392509.954547587,0.8402802555111382,2.9008007300318233,1514240.5023110288,106548750034.52489,2.8109093008494095e+18,2.8109093008494095e+18,2.810148622370616e+18,3.557567651499167e-19,0.08940612885159852,-5.671272550873779,1.683632423867414,0.06053791383829473,0.00013310174817507154,64,True,0.0,,0.0008068382459994245,0.001962086161705269,0.15971974448886184,3.300156208752014e-06,34.52488708496094,,False,,,,,,292.8339936696829,106548750000.0,325.37110407742546,1.0505150214549644e-12
71,max_rate_isac,Max-rate ISAC,ok,optimal,CLARABEL,0.0051786340000035125,,318.5720714524243,4778581.071786365,0.9999999991767454,3.3571428547907014,1423407.12876345,106548749936.5151,2.8109092982637706e+18,2.8109092982637706e+18,2.8102708903745715e+18,3.5575676547716264e-19,0.08940612889271901,-7.7457067487258335,-2.136322930110734,0.039753673955124164,5.5131742426431176e-05,64,True,63.484893798828125,,0.004561159677808639,0.022746326044875836,8.232545756214904e-10,25.738077782741414,-63.484893798828125,,False,,,,,,292.8339936696829,106548750000.0,325.37110407742546,1.0505150214549644e-12
71,dinkelbach_ee_isac,Dinkelbach EE-ISAC,ok,optimal,CLARABEL,0.015663248999771895,,267.10450293345673,4006567.5440018508,0.7332379356115081,2.5949655303185946,1543977.1731803883,106548749973.18628,2.8109092992312084e+18,2.8109092992312084e+18,2.809912278293645e+18,3.557567653547209e-19,0.08940612887733344,-4.0383593810699345,4.260084325622747,0.06249999984713415,0.0002097920265873158,64,False,26.813720703125,min_rate,2.706112761103801e-11,1.5286585192120228e-10,0.2667620643884919,-25.729490736226182,-26.813720703125,,False,5.0,True,1543977.173171861,2.2127758711576462e-05,False,292.8339936696829,106548750000.0,325.37110407742546,1.0505150214549644e-12
71,dinkelbach_ee_rmin_isac,Dinkelbach EE-ISAC (+R_min),ok,optimal,CLARABEL,0.012028736000047502,,292.8339939203271,4392509.9088049065,0.8402802391111336,2.9008006831746673,1514240.511001844,106548749944.08856,2.8109092984635694e+18,2.8109092984635694e+18,2.810149440045123e+18,3.557567654518755e-19,0.08940612888954153,-5.671276277663873,1.6836268505138505,0.06054180297157014,0.00013310142768691968,64,True,55.91143798828125,,0.000806852113229869,0.0019581970284298575,0.1597197608888664,2.506441774130508e-07,-55.91143798828125,,False,3.0,True,1514240.5104940098,0.0014731260016560555,True,292.8339936696829,106548750000.0,325.37110407742546,1.0505150214549644e-12
72,uniform,Uniform,ok,closed_form,numpy,1.3529997886507772e-06,,306.26393768811744,4593959.065321761,1.0,3.357142857142857,1368413.3386064821,76781250000.0,2.0255998281153943e+18,2.0255998281153943e+18,2.0255998281153943e+18,4.936809265680052e-19,0.10532073506634214,-13.256466474732292,-9.684463547443015,0.015625,0.0,64,False,29767500000.0,min_sensing,0.015625,0.046875,0.0,28.36673805979359,-29767500000.0,,,,,,,,277.89719962832385,106548750000.0,308.77466625369317,9.498093846430333e-13
72,water_filling,Water-filling (comm. only),ok,closed_form,numpy,0.00014638299990110681,,308.77466625369317,4631619.993805397,0.9999999999995511,3.3571428571415747,1379631.4875170283,79848521931.81998,2.1065188740787996e+18,2.1065188740787996e+18,2.1064991831614054e+18,4.747168479263255e-19,0.10327805012530535,-12.491419901027491,-6.870458978117474,0.017538026850156044,1.593060606962541e-05,62,False,26700228068.180023,min_sensing,0.0,0.04496197314984396,4.488631688559508e-13,30.877466625369323,-26700228068.180023,0.017585151802793554,,,,,,,277.89719962832385,106548750000.0,308.77466625369317,9.498093846430333e-13
72,edge_weighted,Edge-weighted (∝ w_k),ok,closed_form,numpy,2.617800009829807e-05,,260.5076710536081,3907615.065804121,1.0,3.357142857142857,1163970.4451331424,138161250000.0,3.644892525873283e+18,3.644892525873283e+18,3.644892525873283e+18,2.7435651199630616e-19,0.07851422418531084,-2.549921626385729,1.7017770590097698,0.045432692307692306,0.0001951694139194139,64,False,17.38952857471577,min_rate,1.1446886446886447e-05,0.017067307692307694,0.0,-17.38952857471577,31612500000.0,,,,,,,,277.89719962832385,106548750000.0,308.77466625369317,9.498093846430333e-13
72,sensing_optimal,Sensing-optimal (max S),ok,closed_form,numpy,1.9936999706260394e-05,,122.1110404586792,1831665.606880188,1.0,3.357142857142857,545602.5211983538,177581250000.0,4.684848833230989e+18,4.684848833230989e+18,4.684848833230989e+18,2.1345405915911532e-19,0.0692536896294432,-0.2904600964737499,5.960647967914347,0.0625,0.000732421875,16,False,155.78615916964463,min_rate,0.0,0.0,0.0,-155.78615916964463,71032500000.0,,,,,,,,277.89719962832385,106548750000.0,308.77466625369317,9.498093846430333e-13
72,min_power_isac,Min-power ISAC,ok,optimal,CLARABEL,0.0054789000000710075,,277.8972034333165,4168458.0514997477,0.8268884435020404,2.86253841000583,1456210.347057407,106548750045.12451,2.810909301129043e+18,2.810909301129043e+18,2.8109041650020147e+18,3.5575676511452554e-19,0.08940612884715139,-5.441052344470087,1.870828541103349,0.05778721829768684,0.0001355994460540729,64,True,0.0,,2.2491620624271956e-10,0.004712781702313158,0.17311155649795962,3.8049926729399886e-06,45.12451171875,,False,,,,,,277.89719962832385,106548750000.0,308.77466625369317,9.498093846430333e-13
72,max_rate_isac,Max-rate ISAC,ok,optimal,CLARABEL,0.005407225999988441,,303.79529579074597,4556929.436861189,0.9999999991210882,3.3571428546316806,1357383.2375271798,106548749938.60635,2.8109092983189407e+18,2.8109092983189407e+18,2.810908250024104e+18,3.5575676547018013e-19,0.08940612889184162,-7.721248178570094,-1.8402939579144528,0.03669466591515138,6.306679254182997e-05,64,True,61.393646240234375,,6.66028389903243e-11,0.02580533408484862,8.789118322027889e-10,25.89809616242212,-61.393646240234375,,False,,,,,,277.89719962832385,106548750000.0,308.77466625369317,9.498093846430333e-13
72,dinkelbach_ee_isac,Dinkelbach EE-ISAC,ok,optimal,CLARABEL,0.01755013799902372,,254.09314484644133,3811397.17269662,0.7235658312712785,2.5673309464893674,1484575.7138978986,106548749957.52176,2.8109092988179564e+18,2.8109092988179564e+18,2.810908687093029e+18,3.5575676540702326e-19,0.08940612888390556,-3.86894389984116,4.299490114500166,0.06249999968113076,0.00020679081763601406,63,False,42.478240966796875,min_rate,0.0,3.188692365707624e-10,0.2764341687287215,-23.804054781882513,-42.478240966796875,,False,5.0,True,1484575.7139488684,-0.00013085640966892242,False,277.89719962832385,106548750000.0,308.77466625369317,9.498093846430333e-13
72,dinkelbach_ee_rmin_isac,Dinkelbach EE-ISAC (+R_min),ok,optimal,CLARABEL,0.012908534999951371,,277.89720012338694,4168458.001850804,0.8268884233137126,2.862538352324893,1456210.3590560702,106548749922.52084,2.810909297894582e+18,2.810909297894582e+18,2.810904155201734e+18,3.557567655238882e-19,0.08940612889859037,-5.441039496575108,1.8707863275321563,0.05778243275680383,0.00013559767045449216,63,True,77.47915649414062,,0.0,0.0047175672431961704,0.1731115766862874,4.950630909661413e-07,-77.47915649414062,,False,3.0,True,1456210.3595479114,-0.0014079147949814796,True,277.89719962832385,106548750000.0,308.77466625369317,9.498093846430333e-13
73,uniform,Uniform,ok,closed_form,numpy,1.4860002011118922e-06,,322.3576663769402,4835364.995654102,1.0,3.357142857142857,1440321.4880671795,76781250000.0,2.0255998281153943e+18,2.0255998281153943e+18,2.0255998281153943e+18,4.936809265680052e-19,0.10532073506634214,-13.256466474732292,-9.684463547443015,0.015625,0.0,64,False,29767500000.0,min_sensing,0.015625,0.046875,0.0,30.898045017390302,-29767500000.0,,,,,,,,291.4596213595499,106548750000.0,323.8440237328332,9.864371089605821e-13
73,water_filling,Water-filling (comm. only),ok,closed_form,numpy,0.0001435279996258032,,323.8440237328332,4857660.355992498,1.000000000000692,3.3571428571448343,1446962.6592309556,75311839242.98383,1.986834658535023e+18,1.986834658535023e+18,1.9858481991104174e+18,5.033131447069391e-19,0.10634322913703471,-12.954104817736049,-9.145238622580468,0.0166846861136984,5.39838856431669e-06,63,False,31236910757.016174,min_sensing,0.0,0.0458153138863016,-6.918909889463976e-13,32.38440237328331,-31236910757.016174,0.016747114865482172,,,,,,,291.4596213595499,106548750000.0,323.8440237328332,9.864371089605821e-13
73,edge_weighted,Edge-weighted (∝ w_k),ok,closed_form,numpy,2.6388999685877934e-05,,267.2396669748475,4008595.0046227127,1.0,3.357142857142857,1194049.5758450634,138161250000.0,3.644892525873283e+18,3.644892525873283e+18,3.644892525873283e+18,2.7435651199630616e-19,0.07851422418531084,-2.549921626385729,1.7017770590097698,0.045432692307692306,0.0001951694139194139,64,False,24.219954384702362,min_rate,1.1446886446886447e-05,0.017067307692307694,0.0,-24.219954384702362,31612500000.0,,,,,,,,291.4596213595499,106548750000.0,323.8440237328332,9.864371089605821e-13
73,sensing_optimal,Sensing-optimal (max S),ok,closed_form,numpy,1.9849000182148302e-05,,109.7521663644912,1646282.495467368,1.0,3.357142857142857,490382.01992645004,177581250000.0,4.684848833230989e+18,4.684848833230989e+18,4.684848833230989e+18,2.1345405915911532e-19,0.0692536896294432,-0.2904600964737499,5.960647967914347,0.0625,0.000732421875,16,False,181.7074549950587,min_rate,0.0,0.0,0.0,-181.7074549950587,71032500000.0,,,,,,,,291.4596213595499,106548750000.0,323.8440237328332,9.864371089605821e-13
73,min_power_isac,Min-power ISAC,ok,optimal,CLARABEL,0.005970964999960415,,291.4596243849424,4371894.365774136,0.8494852758166088,2.9271007880474538,1493592.0155624172,106548750032.86215,2.8109093008055444e+18,2.8109093008055444e+18,2.786774837122575e+18,3.557567651554684e-19,0.08940612885229611,-5.45141708406482,1.8826309679441193,0.062499996537640774,0.00014806949585694195,64,True,0.0,,3.2023585398409102e-09,3.462359225714362e-09,0.15051472418339118,3.0253925160650397e-06,32.862152099609375,,False,,,,,,291.4596213595499,106548750000.0,323.8440237328332,9.864371089605821e-13
73,max_rate_isac,Max-rate ISAC,ok,optimal,CLARABEL,0.005002495000098861,,316.1216485558657,4741824.728337985,0.9999999995347936,3.357142855813696,1412458.430276919,106548749959.64781,2.8109092988740444e+18,2.8109092988740444e+18,2.7998274727742976e+18,3.557567653999246e-19,0.08940612888301357,-7.425583040222681,-1.5613871674310436,0.04687594326232788,7.177670489034321e-05,64,True,40.35218811035156,,2.1089710507556788e-10,0.015624056737672122,4.6520642893455033e-10,24.66202719631582,-40.35218811035156,,False,,,,,,291.4596213595499,106548750000.0,323.8440237328332,9.864371089605821e-13
73,dinkelbach_ee_isac,Dinkelbach EE-ISAC,ok,optimal,CLARABEL,0.015722707999884733,,265.22727253627255,3978409.0880440883,0.7413304318398607,2.6180869481138878,1519586.3112606702,106548749947.66017,2.8109092985577933e+18,2.8109092985577933e+18,2.8096088731434394e+18,3.5575676543995026e-19,0.08940612888804304,-4.126663933158814,3.93474922291753,0.06249999969938189,0.0001960570132115136,64,False,52.33982849121094,min_rate,3.9962325452569514e-11,3.0061810679660184e-10,0.2586695681601393,-26.232348823277334,-52.33982849121094,,False,5.0,True,1519586.3111673333,0.0002443641424179077,False,291.4596213595499,106548750000.0,323.8440237328332,9.864371089605821e-13
73,dinkelbach_ee_rmin_isac,Dinkelbach EE-ISAC (+R_min),ok,optimal,CLARABEL,0.011258399999860558,,291.4596217495339,4371894.3262430085,0.8494852611918242,2.927100746262355,1493592.0233786027,106548749926.67603,2.810909298004202e+18,2.810909298004202e+18,2.7867714940018104e+18,3.557567655100144e-19,0.08940612889684704,-5.4513608932050515,1.882588138565331,0.062499999203248266,0.00014806803214554876,64,True,73.323974609375,,6.85706908938357e-10,7.967517340334851e-10,0.15051473880817579,3.899839953191986e-07,-73.323974609375,,False,3.0,True,1493592.0233465899,9.370502084493637e-05,True,291.4596213595499,106548750000.0,323.8440237328332,9.864371089605821e-13
74,uniform,Uniform,ok,closed_form,numpy,1.5790001270943321e-06,,306.47429919107174,4597114.487866076,1.0,3.357142857142857,1369353.2517047885,76781250000.0,2.0255998281153943e+18,2.0255998281153943e+18,2.0255998281153943e+18,4.936809265680052e-19,0.10532073506634214,-13.256466474732292,-9.684463547443015,0.015625,0.0,64,False,29767500000.0,min_sensing,0.015625,0.046875,0.0,29.79599532682107,-29767500000.0,,,,,,,,276.67830386425067,106548750000.0,307.4203376269452,8.781524406150574e-13
74,water_filling,Water-filling (comm. only),ok,closed_form,numpy,0.0001696869999250339,,307.4203376269452,4611305.0644041775,1.000000000000903,3.3571428571454374,1373580.2319491247,77838514773.6323,2.0534919937644562e+18,2.0534919937644562e+18,2.0530551974413338e+18,4.869753585777574e-19,0.10460301446886919,-13.291214299165155,-8.199980532122142,0.017016161819370268,8.001414517885921e-06,64,False,28710235226.367706,min_sensing,0.0017009067426336944,0.04548383818062973,-9.030554082301023e-13,30.74203376269452,-28710235226.367706,0.01708918218223475,,,,,,,276.67830386425067,106548750000.0,307.4203376269452,8.781524406150574e-13
74,edge_weighted,Edge-weighted (∝ w_k),ok,closed_form,numpy,2.6525000066612847e-05,,257.44665851271054,3861699.877690658,1.0,3.357142857142857,1150293.5805887065,138161250000.0,3.644892525873283e+18,3.644892525873283e+18,3.644892525873283e+18,2.7435651199630616e-19,0.07851422418531084,-2.549921626385729,1.7017770590097698,0.045432692307692306,0.0001951694139194139,64,False,19.231645351540124,min_rate,1.1446886446886447e-05,0.017067307692307694,0.0,-19.231645351540124,31612500000.0,,,,,,,,276.67830386425067,106548750000.0,307.4203376269452,8.781524406150574e-13
74,sensing_optimal,Sensing-optimal (max S),ok,closed_form,numpy,3.339399972901447e-05,,114.84933224420887,1722739.983663133,1.0,3.357142857142857,513156.59087838006,177581250000.0,4.684848833230989e+18,4.684848833230989e+18,4.684848833230989e+18,2.1345405915911532e-19,0.0692536896294432,-0.2904600964737499,5.960647967914347,0.0625,0.000732421875,16,False,161.82897162004178,min_rate,0.0,0.0,0.0,-161.82897162004178,71032500000.0,,,,,,,,276.67830386425067,106548750000.0,307.4203376269452,8.781524406150574e-13
74,min_power_isac,Min-power ISAC,ok,optimal,CLARABEL,0.005617607000203861,,276.6783064440267,4150174.5966604007,0.8396958119158399,2.899130891188114,1431523.70569912,106548750030.11156,2.8109093007329797e+18,2.8109093007329797e+18,2.810377883270215e+18,3.5575676516465244e-19,0.08940612885345015,-5.823312534588274,1.7285095157831045,0.05872175212031545,0.00013453389695332362,64,True,0.0,,2.511640267070308e-10,0.003778247879684553,0.16030418808416014,2.579776037237025e-06,30.111557006835938,,False,,,,,,276.67830386425067,106548750000.0,307.4203376269452,8.781524406150574e-13
74,max_rate_isac,Max-rate ISAC,ok,optimal,CLARABEL,0.005742153000028338,,301.43711577395237,4521556.736609286,0.999999998944665,3.3571428541276145,1346846.6887103186,106548749922.56377,2.8109092978957143e+18,2.8109092978957143e+18,2.810416847183461e+18,3.5575676552374487e-19,0.08940612889857237,-7.9541093181142895,-1.985763571799242,0.03882723287921808,5.919449958931255e-05,64,True,77.43623352050781,,3.738486918822414e-10,0.023672767120781923,1.0553350415776208e-09,24.758811909701706,-77.43623352050781,,False,,,,,,276.67830386425067,106548750000.0,307.4203376269452,8.781524406150574e-13
74,dinkelbach_ee_isac,Dinkelbach EE-ISAC,ok,optimal,CLARABEL,0.017468667999764875,,252.86928978878933,3793039.34683184,0.7357049400983271,2.602014114566649,1457732.0413434997,106548749967.21735,2.8109092990737393e+18,2.8109092990737393e+18,2.8104272863593226e+18,3.5575676537465064e-19,0.08940612887983773,-4.205106163084762,4.200350419578102,0.06249999971891399,0.00020708819824167342,64,False,32.78265380859375,min_rate,1.2125840385473278e-11,2.810860086355227e-10,0.2642950599016729,-23.809014075461334,-32.78265380859375,,False,5.0,True,1457732.041362226,-4.872633144259453e-05,False,276.67830386425067,106548750000.0,307.4203376269452,8.781524406150574e-13
74,dinkelbach_ee_rmin_isac,Dinkelbach EE-ISAC (+R_min),ok,optimal,CLARABEL,0.011644726000668015,,276.67830413496716,4150174.5620245077,0.8396957983741096,2.899130852497456,1431523.712856679,106548749966.46255,2.8109092990538276e+18,2.8109092990538276e+18,2.8103781997232087e+18,3.557567653771707e-19,0.08940612888015441,-5.823291800985356,1.728491220745001,0.05871916359665528,0.00013453307475358586,64,True,33.537445068359375,,2.4547213699879764e-11,0.0037808364033447214,0.16030420162589043,2.7071649810750387e-07,-33.537445068359375,,False,3.0,True,1431523.7121795714,0.0019630235619843006,True,276.67830386425067,106548750000.0,307.4203376269452,8.781524406150574e-13
75,uniform,Uniform,ok,closed_form,numpy,1.511999926151475e-06,,318.66890422524966,4780033.563378745,1.0,3.357142857142857,1423839.7848362217,76781250000.0,2.0255998281153943e+18,2.0255998281153943e+18,2.0255998281153943e+18,4.936809265680052e-19,0.10532073506634214,-13.256466474732292,-9.684463547443015,0.015625,0.0,64,False,29767500000.0,min_sensing,0.015625,0.046875,0.0,30.526033166282446,-29767500000.0,,,,,,,,288.1428710589672,106548750000.0,320.1587456210747,9.604740958876475e-13
75,water_filling,Water-filling (comm. only),ok,closed_form,numpy,0.0001481069998590101,,320.1587456210747,4802381.18431612,0.9999999999999729,3.35714285714278,1430496.5229878135,75535635066.7355,1.992738714305466e+18,1.992738714305466e+18,1.9890089848471237e+18,5.01821936223351e-19,0.10618557623148185,-13.182848459135126,-8.635238286591052,0.016928112302197824,8.726486395204415e-06,63,False,31013114933.264496,min_sensing,0.0,0.045571887697802176,2.708944180085382e-14,32.015874562107456,-31013114933.264496,0.01699143580768122,,,,,,,288.1428710589672,106548750000.0,320.1587456210747,9.604740958876475e-13
75,edge_weighted,Edge-weighted (∝ w_k),ok,closed_form,numpy,2.6480000087758526e-05,,261.1321100444593,3916981.6506668893,1.0,3.357142857142857,1166760.4916880096,138161250000.0,3.644892525873283e+18,3.644892525873283e+18,3.644892525873283e+18,2.7435651199630616e-19,0.07851422418531084,-2.549921626385729,1.7017770590097698,0.045432692307692306,0.0001951694139194139,64,False,27.01076101450792,min_rate,1.1446886446886447e-05,0.017067307692307694,0.0,-27.01076101450792,31612500000.0,,,,,,,,288.1428710589672,106548750000.0,320.1587456210747,9.604740958876475e-13
75,sensing_optimal,Sensing-optimal (max S),ok,closed_form,numpy,2.042500000243308e-05,,109.98260440326973,1649739.0660490459,1.0,3.357142857142857,491411.6366954605,177581250000.0,4.684848833230989e+18,4.684848833230989e+18,4.684848833230989e+18,2.1345405915911532e-19,0.0692536896294432,-0.2904600964737499,5.960647967914347,0.0625,0.000732421875,16,False,178.16026665569748,min_rate,0.0,0.0,0.0,-178.16026665569748,71032500000.0,,,,,,,,288.1428710589672,106548750000.0,320.1587456210747,9.604740958876475e-13
75,min_power_isac,Min-power ISAC,ok,optimal,CLARABEL,0.005780417999631027,,288.1428730713868,4322143.096070802,0.8440814877187792,2.9116613934822264,1484425.0453524396,106548750020.07764,2.8109093004682706e+18,2.8109093004682706e+18,2.8073144591153275e+18,3.5575676519815476e-19,0.08940612885765992,-5.790775760405137,1.4394277335596664,0.06207120193993886,0.0001248275655560118,64,True,0.0,,1.0726121645921754e-10,0.0004287980600611377,0.15591851228122078,2.0124195998505456e-06,20.07763671875,,False,,,,,,288.1428710589672,106548750000.0,320.1587456210747,9.604740958876475e-13
75,max_rate_isac,Max-rate ISAC,ok,optimal,CLARABEL,0.005073743000139075,,313.1140323162693,4696710.484744039,0.9999999996921605,3.357142856263316,1399020.1447583723,106548749975.06245,2.810909299280705e+18,2.810909299280705e+18,2.8075948261958303e+18,3.557567653484565e-19,0.08940612887654628,-7.7694975924358465,-2.146871488321201,0.04083304596547296,5.510691683125256e-05,64,True,24.937545776367188,,2.3874726851442736e-11,0.021666954034527043,3.0783953164359446e-10,24.97116125730207,-24.937545776367188,,False,,,,,,288.1428710589672,106548750000.0,320.1587456210747,9.604740958876475e-13
75,dinkelbach_ee_isac,Dinkelbach EE-ISAC,ok,optimal,CLARABEL,0.014063795999391004,,263.05325482470494,3945798.822370574,0.7379452237327684,2.608414924950767,1512719.0021139178,106548749963.22697,2.8109092989684685e+18,2.8109092989684685e+18,2.8104795616951757e+18,3.5575676538797403e-19,0.0894061288815119,-4.217719336516842,4.077484806469139,0.062499999800981164,0.00020150930950657884,63,False,36.77302551269531,min_rate,0.0,1.9901883613338e-10,0.2620547762672316,-25.08961623426228,-36.77302551269531,,False,5.0,True,1512719.0022035672,-0.00023384299129247665,False,288.1428710589672,106548750000.0,320.1587456210747,9.604740958876475e-13
75,dinkelbach_ee_rmin_isac,Dinkelbach EE-ISAC (+R_min),ok,optimal,CLARABEL,0.011188632999619585,,288.1428712847029,4322143.069270544,0.8440814783662891,2.911661366760826,1484425.0497711052,106548749946.37434,2.8109092985238717e+18,2.8109092985238717e+18,2.8073151836421565e+18,3.557567654442435e-19,0.08940612888858251,-5.79079033637461,1.4394483656745272,0.06207137838709537,0.00012482825873011562,63,True,53.62565612792969,,0.0,0.0004286216129046269,0.1559185216337109,2.2573567548533902e-07,-53.62565612792969,,False,3.0,True,1484425.0498432198,-0.00020997319370508194,True,288.1428710589672,106548750000.0,320.1587456210747,9.604740958876475e-13
76,uniform,Uniform,ok,closed_form,numpy,2.4229998416558374e-06,,314.68626291309033,4720293.9436963545,1.0,3.357142857142857,1406045.0045052972,76781250000.0,2.0255998281153943e+18,2.0255998281153943e+18,2.0255998281153943e+18,4.936809265680052e-19,0.10532073506634214,-13.256466474732292,-9.684463547443015,0.015625,0.0,64,False,29767500000.0,min_sensing,0.015625,0.046875,0.0,30.394035832989005,-29767500000.0,,,,,,,,284.2922270801013,106548750000.0,315.88025231122367,9.299201690786886e-13
76,water_filling,Water-filling (comm. only),ok,closed_form,numpy,0.00014343000020744512,,315.88025231122367,4738203.784668355,1.000000000000457,3.357142857144163,1411379.8507517271,76716655102.79623,2.0238957218046346e+18,2.0238957218046346e+18,2.0227448273969316e+18,4.940966025207742e-19,0.10536506540497813,-13.727490079795448,-8.541690487561965,0.016896446883531983,7.647875185672141e-06,63,False,29832094897.203766,min_sensing,0.0,0.04560355311646802,-4.569677969357144e-13,31.588025231122344,-29832094897.203766,0.01696490671472147,,,,,,,284.2922270801013,106548750000.0,315.88025231122367,9.299201690786886e-13
76,edge_weighted,Edge-weighted (∝ w_k),ok,closed_form,numpy,2.6358000013715355e-05,,262.52037635254914,3937805.645288237,1.0,3.357142857142857,1172963.383702879,138161250000.0,3.644892525873283e+18,3.644892525873283e+18,3.644892525873283e+18,2.7435651199630616e-19,0.07851422418531084,-2.549921626385729,1.7017770590097698,0.045432692307692306,0.0001951694139194139,64,False,21.77185072755219,min_rate,1.1446886446886447e-05,0.017067307692307694,0.0,-21.77185072755219,31612500000.0,,,,,,,,284.2922270801013,106548750000.0,315.88025231122367,9.299201690786886e-13
76,sensing_optimal,Sensing-optimal (max S),ok,closed_form,numpy,2.0074000076419907e-05,,110.19715814656783,1652957.3721985174,1.0,3.357142857142857,492370.2810804094,177581250000.0,4.684848833230989e+18,4.684848833230989e+18,4.684848833230989e+18,2.1345405915911532e-19,0.0692536896294432,-0.2904600964737499,5.960647967914347,0.0625,0.000732421875,16,False,174.0950689335335,min_rate,0.0,0.0,0.0,-174.0950689335335,71032500000.0,,,,,,,,284.2922270801013,106548750000.0,315.88025231122367,9.299201690786886e-13
76,min_power_isac,Min-power ISAC,ok,optimal,CLARABEL,0.0057538850001037645,,284.2922302097167,4264383.453145751,0.8404105973625103,2.901173135321458,1469882.4421153497,106548750033.06647,2.810909300810935e+18,2.810909300810935e+18,2.8100744035302897e+18,3.557567651547862e-19,0.08940612885221039,-5.897868052401351,1.7809799211018438,0.06011396606610902,0.0001369463035086074,64,True,0.0,,3.8729583628542105e-10,0.002386033933890981,0.15958940263748966,3.129615379293682e-06,33.06646728515625,,False,,,,,,284.2922270801013,106548750000.0,315.88025231122367,9.299201690786886e-13
76,max_rate_isac,Max-rate ISAC,ok,optimal,CLARABEL,0.005070576999969489,,309.4201449914701,4641302.174872052,0.9999999989817681,3.357142854233623,1382515.5426493103,106548749920.29886,2.810909297835963e+18,2.810909297835963e+18,2.8098385324534216e+18,3.557567655313072e-19,0.08940612889952261,-8.025726354915188,-1.928458307723786,0.039607409463391786,6.080747285249341e-05,64,True,79.70114135742188,,2.5696593128506397e-10,0.022892590536608214,1.0182319432061604e-09,25.127917911368797,-79.70114135742188,,False,,,,,,284.2922270801013,106548750000.0,315.88025231122367,9.299201690786886e-13
76,dinkelbach_ee_isac,Dinkelbach EE-ISAC,ok,optimal,CLARABEL,0.016198653000628838,,260.13364631463287,3902004.694719493,0.7373906523797811,2.6068304353708034,1496838.7056461768,106548749940.22797,2.8109092983617213e+18,2.8109092983617213e+18,2.8101858430534513e+18,3.557567654647657e-19,0.08940612889116126,-4.2751151365770825,4.200289833123573,0.06249999963324651,0.00020778231296644329,64,False,59.77203369140625,min_rate,2.0709042652062517e-11,3.6675348868975277e-10,0.2626093476202189,-24.158580765468457,-59.77203369140625,,False,5.0,True,1496838.7058288604,-0.00047622527927160263,False,284.2922270801013,106548750000.0,315.88025231122367,9.299201690786886e-13
76,dinkelbach_ee_rmin_isac,Dinkelbach EE-ISAC (+R_min),ok,optimal,CLARABEL,0.011347157000727748,,284.2922274630788,4264383.411946182,0.8404105819592624,2.9011730913121787,1469882.4502116947,106548749923.41379,2.810909297918139e+18,2.810909297918139e+18,2.810076279146417e+18,3.5575676552090677e-19,0.08940612889821573,-5.897881150282121,1.781017868639966,0.060108240399362585,0.00013694766665079915,64,True,76.58621215820312,,5.086546081002073e-11,0.002391759600637415,0.15958941804073756,3.829774755104154e-07,-76.58621215820312,,False,3.0,True,1469882.4507097031,-0.0014448082074522972,True,284.2922270801013,106548750000.0,315.88025231122367,9.299201690786886e-13
77,uniform,Uniform,ok,closed_form,numpy,1.461000010749558e-06,,308.7685447935123,4631528.1719026845,1.0,3.357142857142857,1379604.136311438,76781250000.0,2.0255998281153943e+18,2.0255998281153943e+18,2.0255998281153943e+18,4.936809265680052e-19,0.10532073506634214,-13.256466474732292,-9.684463547443015,0.015625,0.0,64,False,29767500000.0,min_sensing,0.015625,0.046875,0.0,29.005472509361482,-29767500000.0,,,,,,,,279.76307228415084,106548750000.0,310.8478580935009,8.640256004016456e-13
77,water_filling,Water-filling (comm. only),ok,closed_form,numpy,0.00014758699990125024,,310.8478580935009,4662717.871402514,1.0000000000001092,3.3571428571431694,1388894.685098492,76360024962.26816,2.0144873056697774e+18,2.0144873056697774e+18,2.0132592547013944e+18,4.96404220163363e-19,0.10561082610445695,-12.625306633294366,-8.395620927384089,0.016905246651352335,8.670190488913544e-06,62,False,30188725037.731842,min_sensing,0.0,0.04559475334864767,-1.092459456231154e-13,31.08478580935008,-30188725037.731842,0.016964238694316666,,,,,,,279.76307228415084,106548750000.0,310.8478580935009,8.640256004016456e-13
77,edge_weighted,Edge-weighted (∝ w_k),ok,closed_form,numpy,2.6775000151246786e-05,,256.1255497420109,3841883.2461301633,1.0,3.357142857142857,1144390.7541664315,138161250000.0,3.644892525873283e+18,3.644892525873283e+18,3.644892525873283e+18,2.7435651199630616e-19,0.07851422418531084,-2.549921626385729,1.7017770590097698,0.045432692307692306,0.0001951694139194139,64,False,23.637522542139948,min_rate,1.1446886446886447e-05,0.017067307692307694,0.0,-23.637522542139948,31612500000.0,,,,,,,,279.76307228415084,106548750000.0,310.8478580935009,8.640256004016456e-13
77,sensing_optimal,Sensing-optimal (max S),ok,closed_form,numpy,1.9861000055243494e-05,,99.50207634379537,1492531.1451569304,1.0,3.357142857142857,444583.74536589417,177581250000.0,4.684848833230989e+18,4.684848833230989e+18,4.684848833230989e+18,2.1345405915911532e-19,0.0692536896294432,-0.2904600964737499,5.960647967914347,0.0625,0.000732421875,16,False,180.26099594035549,min_rate,0.0,0.0,0.0,-180.26099594035549,71032500000.0,,,,,,,,279.76307228415084,106548750000.0,310.8478580935009,8.640256004016456e-13
77,min_power_isac,Min-power ISAC,ok,optimal,CLARABEL,0.0054140910001478915,,279.76307417107296,4196446.112566094,0.8479117597870569,2.92260502796302,1435858.1034437309,106548750021.2567,2.810909300499375e+18,2.810909300499375e+18,2.804605839523285e+18,3.557567651942181e-19,0.08940612885716526,-5.787219031595186,1.9119467491588864,0.062499986498812436,0.00014673117148605825,64,True,0.0,,1.2377365554421122e-10,1.3501187563769168e-08,0.1520882402129431,1.8869221207751252e-06,21.256698608398438,,False,,,,,,279.76307228415084,106548750000.0,310.8478580935009,8.640256004016456e-13
77,max_rate_isac,Max-rate ISAC,ok,optimal,CLARABEL,0.005174524999802088,,303.87918812515903,4558187.8218773855,0.9999999990652636,3.357142854472182,1357758.0756818985,106548749914.86981,2.8109092976927365e+18,2.8109092976927365e+18,2.8060596596126177e+18,3.557567655494343e-19,0.0894061289018004,-7.660937716590526,-1.672372505183598,0.04271777344958497,6.824226407146076e-05,64,True,85.13018798828125,,9.654351252824314e-11,0.019782226550415033,9.347363993938984e-10,24.116115841008195,-85.13018798828125,,False,,,,,,279.76307228415084,106548750000.0,310.8478580935009,8.640256004016456e-13
77,dinkelbach_ee_isac,Dinkelbach EE-ISAC,ok,optimal,CLARABEL,0.016676801000812702,,256.83493533435376,3852524.0300153065,0.748632125560298,2.63894893017228,1459870.627266667,106548749962.36664,2.8109092989457715e+18,2.8109092989457715e+18,2.8005218111830144e+18,3.557567653908466e-19,0.08940612888187287,-4.2481542934678,4.181587153138707,0.062499999814615716,0.00021500090324035406,64,False,37.63336181640625,min_rate,5.083777080127107e-12,1.8538428431247311e-10,0.251367874439702,-22.92813694979708,-37.63336181640625,,False,5.0,True,1459870.627326782,-0.000158640556037426,False,279.76307228415084,106548750000.0,310.8478580935009,8.640256004016456e-13
77,dinkelbach_ee_rmin_isac,Dinkelbach EE-ISAC (+R_min),ok,optimal,CLARABEL,0.010112368000136485,,279.7630724152107,4196446.08622816,0.8479117496440609,2.922604998983031,1435858.1086696228,106548749980.46954,2.8109092994233513e+18,2.8109092994233513e+18,2.804604553621726e+18,3.5575676533040274e-19,0.08940612887427771,-5.787217009686779,1.9119088684179606,0.06249999919171567,0.00014672968485117692,64,True,19.53045654296875,,1.984827731862718e-12,8.082843283574448e-10,0.1520882503559391,1.3105983498462592e-07,-19.53045654296875,,False,3.0,True,1435858.1080126017,0.0019202129915356636,True,279.76307228415084,106548750000.0,310.8478580935009,8.640256004016456e-13
78,uniform,Uniform,ok,closed_form,numpy,1.6939998204179574e-06,,319.4872575410033,4792308.86311505,1.0,3.357142857142857,1427496.2570981,76781250000.0,2.0255998281153943e+18,2.0255998281153943e+18,2.0255998281153943e+18,4.936809265680052e-19,0.10532073506634214,-13.256466474732292,-9.684463547443015,0.015625,0.0,64,False,29767500000.0,min_sensing,0.015625,0.046875,0.0,29.564845856944373,-29767500000.0,,,,,,,,289.92241168405894,106548750000.0,322.1360129822877,9.946819345654308e-13
78,water_filling,Water-filling (comm. only),ok,closed_form,numpy,0.00014913599989085924,,322.1360129822877,4832040.194734315,1.0000000000006402,3.3571428571446864,1439331.1218349691,77080366502.1803,2.0334909517348052e+18,2.0334909517348052e+18,2.0316497488951916e+18,4.917651584074585e-19,0.10511618367799445,-13.118543815170671,-7.797519743740575,0.01712615496017961,1.2534159031466614e-05,62,False,29468383497.819702,min_sensing,0.0,0.04537384503982039,-6.401545959988653e-13,32.21360129822875,-29468383497.819702,0.017190791188895348,,,,,,,289.92241168405894,106548750000.0,322.1360129822877,9.946819345654308e-13
78,edge_weighted,Edge-weighted (∝ w_k),ok,closed_form,numpy,2.6836999950319296e-05,,265.0915984549432,3976373.976824148,1.0,3.357142857142857,1184451.8228837887,138161250000.0,3.644892525873283e+18,3.644892525873283e+18,3.644892525873283e+18,2.7435651199630616e-19,0.07851422418531084,-2.549921626385729,1.7017770590097698,0.045432692307692306,0.0001951694139194139,64,False,24.830813229115734,min_rate,1.1446886446886447e-05,0.017067307692307694,0.0,-24.830813229115734,31612500000.0,,,,,,,,289.92241168405894,106548750000.0,322.1360129822877,9.946819345654308e-13
78,sensing_optimal,Sensing-optimal (max S),ok,closed_form,numpy,1.9999999949504854e-05,,112.26408458059582,1683961.2687089373,1.0,3.357142857142857,501605.4842962792,177581250000.0,4.684848833230989e+18,4.684848833230989e+18,4.684848833230989e+18,2.1345405915911532e-19,0.0692536896294432,-0.2904600964737499,5.960647967914347,0.0625,0.000732421875,16,False,177.65832710346314,min_rate,0.0,0.0,0.0,-177.65832710346314,71032500000.0,,,,,,,,289.92241168405894,106548750000.0,322.1360129822877,9.946819345654308e-13
78,min_power_isac,Min-power ISAC,ok,optimal,CLARABEL,0.0056955550003294775,,289.92241547965637,4348836.232194846,0.8351931947033143,2.886266270580898,1506734.2457352648,106548750040.36111,2.8109093010033777e+18,2.8109093010033777e+18,2.808350366762264e+18,3.5575676513043006e-19,0.08940612884914989,-5.740569751392336,2.0564947020880995,0.062048394200073374,0.00014722636092382748,64,True,0.0,,2.1050984349597297e-10,0.0004516057999266257,0.16480680529668568,3.7955974221404176e-06,40.361114501953125,,False,,,,,,289.92241168405894,106548750000.0,322.1360129822877,9.946819345654308e-13
78,max_rate_isac,Max-rate ISAC,ok,optimal,CLARABEL,0.005307121999976516,,315.80838779746284,4737125.816961942,0.9999999990587669,3.35714285445362,1411058.7551189915,106548749926.26764,2.8109092979934275e+18,2.8109092979934275e+18,2.8080760138098243e+18,3.5575676551137804e-19,0.08940612889701839,-7.885986781843944,-1.7229402505388687,0.04040408835557905,6.677218191032444e-05,64,True,73.73236083984375,,8.423566349171228e-11,0.02209591164442095,9.412330914670974e-10,25.8859761134039,-73.73236083984375,,False,,,,,,289.92241168405894,106548750000.0,322.1360129822877,9.946819345654308e-13
78,dinkelbach_ee_isac,Dinkelbach EE-ISAC,ok,optimal,CLARABEL,0.016560585000661376,,265.01056969730433,3975158.545459565,0.7306537591210702,2.5875821689173435,1536244.3725305116,106548749966.07481,2.810909299043598e+18,2.810909299043598e+18,2.8089991454604544e+18,3.5575676537846542e-19,0.08940612888031708,-4.114130499600313,4.489102110516432,0.062499999765993186,0.0002213207470273793,64,False,33.92518615722656,min_rate,4.1694292214100025e-12,2.340068139261575e-10,0.2693462408789298,-24.91184198675461,-33.92518615722656,,False,5.0,True,1536244.3724864807,0.00011393381282687187,False,289.92241168405894,106548750000.0,322.1360129822877,9.946819345654308e-13
78,dinkelbach_ee_rmin_isac,Dinkelbach EE-ISAC (+R_min),ok,optimal,CLARABEL,0.012131650999890553,,289.9224121870028,4348836.182805042,0.8351931763130225,2.8862662180372074,1506734.256052946,106548749925.50623,2.8109092979733407e+18,2.8109092979733407e+18,2.8083476170392125e+18,3.5575676551392027e-19,0.08940612889733783,-5.740609242724842,2.0564506496109303,0.06205263719503799,0.00014722460785856443,64,True,74.4937744140625,,3.91794339675904e-12,0.00044736280496200653,0.16480682368697752,5.029438625570037e-07,-74.4937744140625,,False,3.0,True,1506734.2560197022,9.595043957233429e-05,True,289.92241168405894,106548750000.0,322.1360129822877,9.946819345654308e-13
79,uniform,Uniform,ok,closed_form,numpy,1.3450003280013334e-06,,322.95447382404484,4844317.107360672,1.0,3.357142857142857,1442988.0745329661,76781250000.0,2.0255998281153943e+18,2.0255998281153943e+18,2.0255998281153943e+18,4.936809265680052e-19,0.10532073506634214,-13.256466474732292,-9.684463547443015,0.015625,0.0,64,False,29767500000.0,min_sensing,0.015625,0.046875,0.0,31.96846042233591,-29767500000.0,,,,,,,,290.98601340170893,106548750000.0,323.31779266856546,9.62922056624025e-13
79,water_filling,Water-filling (comm. only),ok,closed_form,numpy,0.00014697000005980954,,323.31779266856546,4849766.890028482,0.9999999999991793,3.3571428571405124,1444611.4140520461,76795202390.11295,2.0259679122376845e+18,2.0259679122376845e+18,2.0255405198496358e+18,4.9359123308892815e-19,0.10531116713314,-13.691086144677875,-9.243983950328658,0.016532893174014514,2.779083887343221e-06,64,False,29753547609.887054,min_sensing,0.0046827061502551885,0.04596710682598548,8.206768598029157e-13,32.33177926685653,-29753547609.887054,0.01658807901949368,,,,,,,290.98601340170893,106548750000.0,323.31779266856546,9.62922056624025e-13
79,edge_weighted,Edge-weighted (∝ w_k),ok,closed_form,numpy,2.5951999759854516e-05,,266.2968185954226,3994452.2789313393,1.0,3.357142857142857,1189836.8490433777,138161250000.0,3.644892525873283e+18,3.644892525873283e+18,3.644892525873283e+18,2.7435651199630616e-19,0.07851422418531084,-2.549921626385729,1.7017770590097698,0.045432692307692306,0.0001951694139194139,64,False,24.68919480628631,min_rate,1.1446886446886447e-05,0.017067307692307694,0.0,-24.68919480628631,31612500000.0,,,,,,,,290.98601340170893,106548750000.0,323.31779266856546,9.62922056624025e-13
79,sensing_optimal,Sensing-optimal (max S),ok,closed_form,numpy,2.0232999759173254e-05,,117.48646379577096,1762296.9569365643,1.0,3.357142857142857,524939.5190874872,177581250000.0,4.684848833230989e+18,4.684848833230989e+18,4.684848833230989e+18,2.1345405915911532e-19,0.0692536896294432,-0.2904600964737499,5.960647967914347,0.0625,0.000732421875,16,False,173.49954960593797,min_rate,0.0,0.0,0.0,-173.49954960593797,71032500000.0,,,,,,,,290.98601340170893,106548750000.0,323.31779266856546,9.62922056624025e-13
79,min_power_isac,Min-power ISAC,ok,optimal,CLARABEL,0.0055136759997367335,,290.9860172748214,4364790.25912232,0.8414259794124362,2.904074226892675,1502988.5320089061,106548750042.39342,2.810909301056993e+18,2.810909301056993e+18,2.8105016709885317e+18,3.557567651236444e-19,0.08940612884829723,-5.909038634703464,1.6978465553820725,0.05990862804877379,0.000133771774670781,64,True,0.0,,1.8888241423441864e-09,0.002591371951226211,0.15857402058756376,3.873112461860728e-06,42.39341735839844,,False,,,,,,290.98601340170893,106548750000.0,323.31779266856546,9.62922056624025e-13
79,max_rate_isac,Max-rate ISAC,ok,optimal,CLARABEL,0.005051034000189247,,316.61200420480105,4749180.0630720155,0.9999999989589379,3.3571428541683943,1414649.3817429303,106548749921.71143,2.8109092978732283e+18,2.8109092978732283e+18,2.810481902157827e+18,3.5575676552659077e-19,0.08940612889892996,-8.034244907257444,-2.0982446894413345,0.039437339992967946,5.6148741605430486e-05,64,True,78.28857421875,,0.0026903195821327635,0.023062660007032054,1.0410621253953423e-09,25.625990803092122,-78.28857421875,,False,,,,,,290.98601340170893,106548750000.0,323.31779266856546,9.62922056624025e-13
79,dinkelbach_ee_isac,Dinkelbach EE-ISAC,ok,optimal,CLARABEL,0.015230964999773278,,266.2246563337505,3993369.8450062573,0.7382664438156608,2.609332696616174,1530418.0452668706,106548749952.85123,2.8109092986947405e+18,2.8109092986947405e+18,2.810616268148994e+18,3.5575676542261785e-19,0.08940612888586512,-4.275323451570067,4.155518026045826,0.06249999969021348,0.00020570520392494256,64,False,47.148773193359375,min_rate,6.040785974296864e-11,3.097865228229857e-10,0.26173355618433924,-24.761357067958443,-47.148773193359375,,False,5.0,True,1530418.0452404432,6.895791739225388e-05,False,290.98601340170893,106548750000.0,323.31779266856546,9.62922056624025e-13
79,dinkelbach_ee_rmin_isac,Dinkelbach EE-ISAC (+R_min),ok,optimal,CLARABEL,0.011156771000059962,,290.9860135514201,4364790.203271301,0.8414259588138647,2.904074168039614,1502988.5432360494,106548749980.56876,2.810909299425969e+18,2.810909299425969e+18,2.810501262361227e+18,3.5575676533007143e-19,0.08940612887423607,-5.909093989858899,1.69798013337055,0.059910298139066114,0.00013377736861007125,64,True,19.431243896484375,,9.196057363990319e-11,0.0025897018609338865,0.15857404118613527,1.4971118389439653e-07,-19.431243896484375,,False,3.0,True,1502988.542206765,0.002989118918776512,True,290.98601340170893,106548750000.0,323.31779266856546,9.62922056624025e-13
80,uniform,Uniform,ok,closed_form,numpy,1.6970002434391063e-06,,344.79380367206204,5171907.055080931,1.0,3.357142857142857,1540568.0589602771,76781250000.0,2.0255998281153943e+18,2.0255998281153943e+18,2.0255998281153943e+18,4.936809265680052e-19,0.10532073506634214,-13.256466474732292,-9.684463547443015,0.015625,0.0,64,False,29767500000.0,min_sensing,0.015625,0.046875,0.0,33.96701318038316,-29767500000.0,,,,,,,,310.8267904916789,106548750000.0,345.36310054630985,1.21603256388543e-12
80,water_filling,Water-filling (comm. only),ok,closed_form,numpy,0.0001457849998587335,,345.36310054630985,5180446.508194648,1.000000000000377,3.3571428571439346,1543111.725844719,76121774813.43326,2.0082019240104735e+18,2.0082019240104735e+18,2.004919264216486e+18,4.979578935981463e-19,0.10577597029384926,-14.074926745100676,-9.174598845518906,0.01647419994905519,4.857978191009438e-06,64,False,30426975186.566742,min_sensing,0.00038605944915380205,0.04602580005094481,-3.7703173916270316e-13,34.536310054630974,-30426975186.566742,0.01653447959220184,,,,,,,310.8267904916789,106548750000.0,345.36310054630985,1.21603256388543e-12
80,edge_weighted,Edge-weighted (∝ w_k),ok,closed_form,numpy,2.6137000077142147e-05,,284.07328000137375,4261099.200020607,1.0,3.357142857142857,1269263.5914954997,138161250000.0,3.644892525873283e+18,3.644892525873283e+18,3.644892525873283e+18,2.7435651199630616e-19,0.07851422418531084,-2.549921626385729,1.7017770590097698,0.045432692307692306,0.0001951694139194139,64,False,26.753510490305132,min_rate,1.1446886446886447e-05,0.017067307692307694,0.0,-26.753510490305132,31612500000.0,,,,,,,,310.8267904916789,106548750000.0,345.36310054630985,1.21603256388543e-12
80,sensing_optimal,Sensing-optimal (max S),ok,closed_form,numpy,2.0135999875492416e-05,,121.59317392757029,1823897.6089135543,1.0,3.357142857142857,543288.6494636119,177581250000.0,4.684848833230989e+18,4.684848833230989e+18,4.684848833230989e+18,2.1345405915911532e-19,0.0692536896294432,-0.2904600964737499,5.960647967914347,0.0625,0.000732421875,16,False,189.2336165641086,min_rate,0.0,0.0,0.0,-189.2336165641086,71032500000.0,,,,,,,,310.8267904916789,106548750000.0,345.36310054630985,1.21603256388543e-12
80,min_power_isac,Min-power ISAC,ok,optimal,CLARABEL,0.005605438999737089,,310.82679465435075,4662401.919815261,0.8342536133296958,2.8835817523705596,1616878.7016294417,106548750042.77542,2.8109093010670705e+18,2.8109093010670705e+18,2.8078565231468227e+18,3.5575676512236893e-19,0.08940612884813696,-5.907286050386428,1.996276022426321,0.0624997650705914,0.00014409126586127386,64,True,0.0,,1.5283368252714335e-09,2.349294086004261e-07,0.16574638667030417,4.162671871199564e-06,42.775421142578125,,False,,,,,,310.8267904916789,106548750000.0,345.36310054630985,1.21603256388543e-12
80,max_rate_isac,Max-rate ISAC,ok,optimal,CLARABEL,0.005917243000112649,,338.3239782084416,5074859.673126624,0.999999999157541,3.3571428547358315,1511660.3292492172,106548749941.82718,2.8109092984039107e+18,2.8109092984039107e+18,2.8076276472667674e+18,3.557567654594261e-19,0.0894061288904903,-8.150204211528404,-1.9894786925173986,0.04034626145530069,5.955323002606526e-05,64,True,58.172821044921875,,0.00111140687772501,0.022153738544699313,8.424589914568514e-10,27.49718771676271,-58.172821044921875,,False,,,,,,310.8267904916789,106548750000.0,345.36310054630985,1.21603256388543e-12
80,dinkelbach_ee_isac,Dinkelbach EE-ISAC,ok,optimal,CLARABEL,0.01757891399984146,,283.6209834174244,4254314.751261366,0.7272167954675189,2.57776227276434,1650390.6493670284,106548749952.94322,2.810909298697168e+18,2.810909298697168e+18,2.808396874074039e+18,3.557567654223106e-19,0.08940612888582651,-4.141481775273103,4.491261777768093,0.06249999969076938,0.00021937146310307365,64,False,47.05677795410156,min_rate,7.792390278927439e-11,3.0923062027676806e-10,0.27278320453248106,-27.205807074254494,-47.05677795410156,,False,5.0,True,1650390.6492809718,0.00022183265537023544,False,310.8267904916789,106548750000.0,345.36310054630985,1.21603256388543e-12
80,dinkelbach_ee_rmin_isac,Dinkelbach EE-ISAC (+R_min),ok,optimal,CLARABEL,0.011554222000540904,,310.82679101823567,4662401.865273535,0.8342535935674641,2.8835816959070404,1616878.714375027,106548749931.28001,2.8109092981256617e+18,2.8109092981256617e+18,2.8078536299581353e+18,3.557567654946421e-19,0.08940612889491541,-5.907325684753873,1.9963283653831998,0.06249995609136382,0.00014409399348233753,64,True,68.71998596191406,,2.8252902083011616e-10,4.3908636178369154e-08,0.1657464064325359,5.2655678928204e-07,-68.71998596191406,,False,3.0,True,1616878.7147229859,-0.0010033678263425827,True,310.8267904916789,106548750000.0,345.36310054630985,1.21603256388543e-12
81,uniform,Uniform,ok,closed_form,numpy,1.5199998415482696e-06,,343.2647679412088,5148971.519118132,1.0,3.357142857142857,1533736.1971841245,76781250000.0,2.0255998281153943e+18,2.0255998281153943e+18,2.0255998281153943e+18,4.936809265680052e-19,0.10532073506634214,-13.256466474732292,-9.684463547443015,0.015625,0.0,64,False,29767500000.0,min_sensing,0.015625,0.046875,0.0,33.464652437246116,-29767500000.0,,,,,,,,309.8001155039627,106548750000.0,344.2223505599585,1.199627850506178e-12
81,water_filling,Water-filling (comm. only),ok,closed_form,numpy,0.00013869800022803247,,344.2223505599585,5163335.258399378,1.0000000000007514,3.3571428571450044,1538014.7578201075,75005682553.39108,1.9787578046440607e+18,1.9787578046440607e+18,1.9787217186304348e+18,5.053675581989076e-19,0.10656004294491067,-13.67386883137625,-9.263329985099993,0.016560884855806538,5.614640014664573e-06,63,False,31543067446.608917,min_sensing,0.0,0.045939115144193465,-7.513989430663059e-13,34.42223505599583,-31543067446.608917,0.016595693746320722,,,,,,,309.8001155039627,106548750000.0,344.2223505599585,1.199627850506178e-12
81,edge_weighted,Edge-weighted (∝ w_k),ok,closed_form,numpy,2.6602999696478946e-05,,280.86943181515664,4213041.47722735,1.0,3.357142857142857,1254948.525131551,138161250000.0,3.644892525873283e+18,3.644892525873283e+18,3.644892525873283e+18,2.7435651199630616e-19,0.07851422418531084,-2.549921626385729,1.7017770590097698,0.045432692307692306,0.0001951694139194139,64,False,28.930683688806027,min_rate,1.1446886446886447e-05,0.017067307692307694,0.0,-28.930683688806027,31612500000.0,,,,,,,,309.8001155039627,106548750000.0,344.2223505599585,1.199627850506178e-12
81,sensing_optimal,Sensing-optimal (max S),ok,closed_form,numpy,2.0219999896653462e-05,,104.97323435897363,1574598.5153846045,1.0,3.357142857142857,469029.34500818007,177581250000.0,4.684848833230989e+18,4.684848833230989e+18,4.684848833230989e+18,2.1345405915911532e-19,0.0692536896294432,-0.2904600964737499,5.960647967914347,0.0625,0.000732421875,16,False,204.82688114498904,min_rate,0.0,0.0,0.0,-204.82688114498904,71032500000.0,,,,,,,,309.8001155039627,106548750000.0,344.2223505599585,1.199627850506178e-12
81,min_power_isac,Min-power ISAC,ok,optimal,CLARABEL,0.005646020000313001,,309.80011806904616,4647001.771035693,0.838106250205798,2.89458928630228,1605409.7184101888,106548750026.46713,2.810909300636835e+18,2.810909300636835e+18,2.8108861913632184e+18,3.557567651768208e-19,0.08940612885497919,-5.827515170367837,1.8063723448486115,0.06249995030502075,0.00013703416189938646,64,True,0.0,,4.5405311374025766e-10,4.969497924972588e-08,0.161893749794202,2.5650834913903964e-06,26.467132568359375,,False,,,,,,309.8001155039627,106548750000.0,344.2223505599585,1.199627850506178e-12
81,max_rate_isac,Max-rate ISAC,ok,optimal,CLARABEL,0.005414910999661515,,336.7325629834441,5050988.444751661,0.9999999995657309,3.3571428559020884,1504549.7500565625,106548749967.00076,2.810909299068026e+18,2.810909299068026e+18,2.8108265659703373e+18,3.557567653753738e-19,0.0894061288799286,-7.964041612311129,-1.994781834295508,0.041015976943118856,5.8886378836074806e-05,64,True,32.999237060546875,,2.0871670193781029e-10,0.021484023056881144,4.342690651526482e-10,26.932447479481425,-32.999237060546875,,False,,,,,,309.8001155039627,106548750000.0,344.2223505599585,1.199627850506178e-12
81,dinkelbach_ee_isac,Dinkelbach EE-ISAC,ok,optimal,CLARABEL,0.015453536999302742,,282.8296513394378,4242444.770091567,0.7313173188641658,2.5894780538976168,1638339.727848223,106548749987.05481,2.8109092995970806e+18,2.8109092995970806e+18,2.810731183584316e+18,3.5575676530841507e-19,0.08940612887151482,-4.158627231868034,4.399549630115608,0.06249999993453247,0.0002158949118232338,64,False,26.970464164524856,min_rate,8.732663979380114e-12,6.546752723268767e-11,0.26868268113583416,-26.970464164524856,-12.9451904296875,,False,5.0,True,1638339.7279753091,-0.0003290874883532524,False,309.8001155039627,106548750000.0,344.2223505599585,1.199627850506178e-12
81,dinkelbach_ee_rmin_isac,Dinkelbach EE-ISAC (+R_min),ok,optimal,CLARABEL,0.011837873999866133,,309.80011567877665,4647001.73518165,0.8381062371896955,2.8945892491134155,1605409.7266494655,106548749972.04083,2.8109092992009897e+18,2.8109092992009897e+18,2.810886280636513e+18,3.557567653585455e-19,0.08940612887781403,-5.827526322349774,1.8064269266750108,0.062499995076412726,0.0001370364411366159,64,True,27.95916748046875,,3.385336957932356e-11,4.923587273997221e-09,0.16189376281030454,1.7481397662777454e-07,-27.95916748046875,,False,3.0,True,1605409.7258344241,0.0023592105135321617,True,309.8001155039627,106548750000.0,344.2223505599585,1.199627850506178e-12
82,uniform,Uniform,ok,closed_form,numpy,1.5820000953681301e-06,,328.36955861958194,4925543.379293729,1.0,3.357142857142857,1467183.1342577063,76781250000.0,2.0255998281153943e+18,2.0255998281153943e+18,2.0255998281153943e+18,4.936809265680052e-19,0.10532073506634214,-13.256466474732292,-9.684463547443015,0.015625,0.0,64,False,29767500000.0,min_sensing,0.015625,0.046875,0.0,31.388580540568853,-29767500000.0,,,,,,,,296.9809780790131,106548750000.0,329.97886453223674,9.77664751389163e-13
82,water_filling,Water-filling (comm. only),ok,closed_form,numpy,0.00015064900026118266,,329.97886453223674,4949682.967983551,0.9999999999995721,3.3571428571416346,1474373.6500381904,77596943652.26837,2.0471190000724754e+18,2.0471190000724754e+18,2.047094191999068e+18,4.884913871468128e-19,0.1047657105123773,-12.945769974205463,-8.527122053360188,0.01660999427720787,5.7008702341649615e-06,63,False,28951806347.73163,min_sensing,0.0,0.04589000572279213,4.2787995369053533e-13,32.99788645322366,-28951806347.73163,0.016709063344793024,,,,,,,296.9809780790131,106548750000.0,329.97886453223674,9.77664751389163e-13
82,edge_weighted,Edge-weighted (∝ w_k),ok,closed_form,numpy,2.7209000108996406e-05,,275.9521917955538,4139282.876933307,1.0,3.357142857142857,1232977.878235453,138161250000.0,3.644892525873283e+18,3.644892525873283e+18,3.644892525873283e+18,2.7435651199630616e-19,0.07851422418531084,-2.549921626385729,1.7017770590097698,0.045432692307692306,0.0001951694139194139,64,False,21.028786283459283,min_rate,1.1446886446886447e-05,0.017067307692307694,0.0,-21.028786283459283,31612500000.0,,,,,,,,296.9809780790131,106548750000.0,329.97886453223674,9.77664751389163e-13
82,sensing_optimal,Sensing-optimal (max S),ok,closed_form,numpy,2.007000011872151e-05,,113.85280592036574,1707792.088805486,1.0,3.357142857142857,508704.02645269793,177581250000.0,4.684848833230989e+18,4.684848833230989e+18,4.684848833230989e+18,2.1345405915911532e-19,0.0692536896294432,-0.2904600964737499,5.960647967914347,0.0625,0.000732421875,16,False,183.12817215864735,min_rate,0.0,0.0,0.0,-183.12817215864735,71032500000.0,,,,,,,,296.9809780790131,106548750000.0,329.97886453223674,9.77664751389163e-13
82,min_power_isac,Min-power ISAC,ok,optimal,CLARABEL,0.0057107259999611415,,296.9809807675042,4454714.711512563,0.8349153971121289,2.8854725631775113,1543842.3391581262,106548750030.05634,2.810909300731523e+18,2.810909300731523e+18,2.8106780398865587e+18,3.557567651648368e-19,0.08940612885347332,-5.601438676238958,1.6720065750373836,0.06030275994365192,0.00013039829546159176,64,True,0.0,,1.4725520817672395e-10,0.002197240056348082,0.16508460288787108,2.688491122171399e-06,30.05633544921875,,False,,,,,,296.9809780790131,106548750000.0,329.97886453223674,9.77664751389163e-13
82,max_rate_isac,Max-rate ISAC,ok,optimal,CLARABEL,0.0056885809999585035,,323.6430364324042,4854645.546486063,0.9999999989392911,3.3571428541122605,1446064.6321735962,106548749918.1705,2.8109092977798134e+18,2.8109092977798134e+18,2.8108268530079585e+18,3.5575676553841367e-19,0.08940612890041559,-7.758360921636827,-2.170760636748468,0.03871573551910714,5.4157137975918366e-05,64,True,81.82949829101562,,5.058087685463621e-11,0.02378426448089286,1.060708854083714e-09,26.662058353391103,-81.82949829101562,,False,,,,,,296.9809780790131,106548750000.0,329.97886453223674,9.77664751389163e-13
82,dinkelbach_ee_isac,Dinkelbach EE-ISAC,ok,optimal,CLARABEL,0.016178828999727557,,271.7063066145121,4075594.599217681,0.73163768578363,2.590393387953229,1573349.6766056712,106548749985.26208,2.810909299549786e+18,2.810909299549786e+18,2.810839526442151e+18,3.557567653144008e-19,0.08940612887226697,-4.045481938720114,4.186270528688115,0.062499999906971256,0.00020444561838641812,64,False,25.27467146450101,min_rate,5.779062973815108e-13,9.302874443006814e-11,0.26836231421637,-25.27467146450101,-14.7379150390625,,False,5.0,True,1573349.6767444334,-0.0003594490699470043,False,296.9809780790131,106548750000.0,329.97886453223674,9.77664751389163e-13
82,dinkelbach_ee_rmin_isac,Dinkelbach EE-ISAC (+R_min),ok,optimal,CLARABEL,0.010705947999667842,,296.9809785479027,4454714.67821854,0.8349153844738164,2.885472527068047,1543842.3469396234,106548749930.14511,2.810909298095721e+18,2.810909298095721e+18,2.81067750466889e+18,3.5575676549843146e-19,0.08940612889539157,-5.601527391078337,1.6721400074594888,0.060304614014642856,0.00013040367482716774,63,True,69.85488891601562,,0.0,0.002195385985357144,0.1650846155261836,4.6888959559510113e-07,-69.85488891601562,,False,3.0,True,1543842.3468023615,0.0003960654139518738,True,296.9809780790131,106548750000.0,329.97886453223674,9.77664751389163e-13
83,uniform,Uniform,ok,closed_form,numpy,1.5670002539991401e-06,,299.98980933608823,4499847.140041323,1.0,3.357142857142857,1340379.9991612453,76781250000.0,2.0255998281153943e+18,2.0255998281153943e+18,2.0255998281153943e+18,4.936809265680052e-19,0.10532073506634214,-13.256466474732292,-9.684463547443015,0.015625,0.0,64,False,29767500000.0,min_sensing,0.015625,0.046875,0.0,29.08963414984271,-29767500000.0,,,,,,,,270.9001751862455,106548750000.0,301.0001946513839,8.575794266898409e-13
83,water_filling,Water-filling (comm. only),ok,closed_form,numpy,0.00018633100035003736,,301.0001946513839,4515002.919770759,0.999999999999042,3.3571428571401203,1344894.4867413223,77240027357.3505,2.0377030347731707e+18,2.0377030347731707e+18,2.0368657855266235e+18,4.907486434161964e-19,0.10500748601032861,-13.307176300703834,-8.247114434419409,0.0171696175748437,8.531042407246578e-06,64,False,29308722642.649506,min_sensing,0.0012691935685347697,0.0453303824251563,9.580114479490476e-13,30.10001946513836,-29308722642.649506,0.01722813808555717,,,,,,,270.9001751862455,106548750000.0,301.0001946513839,8.575794266898409e-13
83,edge_weighted,Edge-weighted (∝ w_k),ok,closed_form,numpy,2.5982999886764446e-05,,247.9847488041744,3719771.232062616,1.0,3.357142857142857,1108016.9627420558,138161250000.0,3.644892525873283e+18,3.644892525873283e+18,3.644892525873283e+18,2.7435651199630616e-19,0.07851422418531084,-2.549921626385729,1.7017770590097698,0.045432692307692306,0.0001951694139194139,64,False,22.915426382071132,min_rate,1.1446886446886447e-05,0.017067307692307694,0.0,-22.915426382071132,31612500000.0,,,,,,,,270.9001751862455,106548750000.0,301.0001946513839,8.575794266898409e-13
83,sensing_optimal,Sensing-optimal (max S),ok,closed_form,numpy,2.0009999843750848e-05,,111.3911034794134,1670866.5521912011,1.0,3.357142857142857,497704.9304399322,177581250000.0,4.684848833230989e+18,4.684848833230989e+18,4.684848833230989e+18,2.1345405915911532e-19,0.0692536896294432,-0.2904600964737499,5.960647967914347,0.0625,0.000732421875,16,False,159.50907170683212,min_rate,0.0,0.0,0.0,-159.50907170683212,71032500000.0,,,,,,,,270.9001751862455,106548750000.0,301.0001946513839,8.575794266898409e-13
83,min_power_isac,Min-power ISAC,ok,optimal,CLARABEL,0.005835019000187458,,270.90017694473124,4063502.6541709686,0.8430040527111298,2.9085830077460852,1397072.9538572982,106548750017.08215,2.810909300389245e+18,2.810909300389245e+18,2.8093561283613276e+18,3.557567652081565e-19,0.0894061288589167,-5.796456932068532,1.5575588781911456,0.058970289534024715,0.00012890628626295055,64,True,0.0,,1.5940444754653248e-10,0.0035297104659752845,0.15699594728887023,1.7584857232577633e-06,17.0821533203125,,False,,,,,,270.9001751862455,106548750000.0,301.0001946513839,8.575794266898409e-13
83,max_rate_isac,Max-rate ISAC,ok,optimal,CLARABEL,0.005376025999794365,,294.88304123281887,4423245.618492283,0.9999999990942036,3.3571428545548674,1317562.5256729722,106548749931.60129,2.810909298134137e+18,2.810909298134137e+18,2.80991046190458e+18,3.5575676549356945e-19,0.08940612889478063,-7.876574009678911,-2.0322148333140424,0.039490272085359504,5.788369217464603e-05,64,True,68.39871215820312,,3.6612737297851906e-10,0.023009727914640496,9.057964378555994e-10,23.98286604657335,-68.39871215820312,,False,,,,,,270.9001751862455,106548750000.0,301.0001946513839,8.575794266898409e-13
83,dinkelbach_ee_isac,Dinkelbach EE-ISAC,ok,optimal,CLARABEL,0.016363831000035134,,247.72249780192152,3715837.4670288227,0.7396233339097714,2.6132095254564898,1421943.9470241943,106548749977.8912,2.8109092993553316e+18,2.8109092993553316e+18,2.808809034291952e+18,3.5575676533901155e-19,0.08940612887535947,-4.207070580833305,3.9240464237591253,0.0624999998143561,0.0001944464813212664,64,False,23.177677384324,min_rate,1.0523249925869633e-11,1.856439030278878e-10,0.2603766660902286,-23.177677384324,-22.108795166015625,,False,5.0,True,1421943.9471439752,-0.00031301239505410194,False,270.9001751862455,106548750000.0,301.0001946513839,8.575794266898409e-13
83,dinkelbach_ee_rmin_isac,Dinkelbach EE-ISAC (+R_min),ok,optimal,CLARABEL,0.012053485999786062,,270.9001755351085,4063502.633026627,0.843004044859818,2.9085829853137657,1397072.9573625259,106548749962.1203,2.810909298939272e+18,2.810909298939272e+18,2.8093561716434243e+18,3.557567653916692e-19,0.08940612888197623,-5.796457023665768,1.5575620116447808,0.05897023079792465,0.00012890640643118258,64,True,37.87969970703125,,3.0324002535587473e-11,0.0035297692020753516,0.15699595514018205,3.488629545245203e-07,-37.87969970703125,,False,3.0,True,1397072.956685028,0.0019705588929355145,True,270.9001751862455,106548750000.0,301.0001946513839,8.575794266898409e-13
84,uniform,Uniform,ok,closed_form,numpy,1.4180000107444357e-06,,322.3331964492977,4834997.946739466,1.0,3.357142857142857,1440212.154347926,76781250000.0,2.0255998281153943e+18,2.0255998281153943e+18,2.0255998281153943e+18,4.936809265680052e-19,0.10532073506634214,-13.256466474732292,-9.684463547443015,0.015625,0.0,64,False,29767500000.0,min_sensing,0.015625,0.046875,0.0,31.256341004736953,-29767500000.0,,,,,,,,291.07685544456075,106548750000.0,323.41872827173415,1.005065105861983e-12
84,water_filling,Water-filling (comm. only),ok,closed_form,numpy,0.0001496589998168929,,323.41872827173415,4851280.924076012,0.9999999999995373,3.357142857141535,1445062.402916828,77866150932.19408,2.0542210753831135e+18,2.0542210753831135e+18,2.054190729715232e+18,4.868025218821686e-19,0.10458445003485722,-12.693679896825996,-8.520927661630452,0.01666537161922754,5.155608765551315e-06,63,False,28682599067.805923,min_sensing,0.0,0.04583462838077246,4.627409566637652e-13,32.341872827173404,-28682599067.805923,0.016737600571411125,,,,,,,291.07685544456075,106548750000.0,323.41872827173415,1.005065105861983e-12
84,edge_weighted,Edge-weighted (∝ w_k),ok,closed_form,numpy,2.6184999569522915e-05,,269.40341629238264,4041051.24438574,1.0,3.357142857142857,1203717.3919446885,138161250000.0,3.644892525873283e+18,3.644892525873283e+18,3.644892525873283e+18,2.7435651199630616e-19,0.07851422418531084,-2.549921626385729,1.7017770590097698,0.045432692307692306,0.0001951694139194139,64,False,21.673439152178105,min_rate,1.1446886446886447e-05,0.017067307692307694,0.0,-21.673439152178105,31612500000.0,,,,,,,,291.07685544456075,106548750000.0,323.41872827173415,1.005065105861983e-12
84,sensing_optimal,Sensing-optimal (max S),ok,closed_form,numpy,2.0757000129378866e-05,,108.94349479610446,1634152.421941567,1.0,3.357142857142857,486768.8065357859,177581250000.0,4.684848833230989e+18,4.684848833230989e+18,4.684848833230989e+18,2.1345405915911532e-19,0.0692536896294432,-0.2904600964737499,5.960647967914347,0.0625,0.000732421875,16,False,182.1333606484563,min_rate,0.0,0.0,0.0,-182.1333606484563,71032500000.0,,,,,,,,291.07685544456075,106548750000.0,323.41872827173415,1.005065105861983e-12
84,min_power_isac,Min-power ISAC,ok,optimal,CLARABEL,0.005679438000242953,,291.0768581192217,4366152.871788326,0.83740734782053,2.8925924223443715,1509425.5374732923,106548750029.67162,2.810909300721373e+18,2.810909300721373e+18,2.8109091393314207e+18,3.557567651661214e-19,0.08940612885363473,-5.600600880503031,1.6016597259134722,0.059021406597611355,0.00012852853053252515,64,True,0.0,,1.6194022897570845e-10,0.0034785934023886453,0.16259265217947005,2.674660947832308e-06,29.671615600585938,,False,,,,,,291.07685544456075,106548750000.0,323.41872827173415,1.005065105861983e-12
84,max_rate_isac,Max-rate ISAC,ok,optimal,CLARABEL,0.0048630260002937575,,317.16899605426204,4757534.940813931,0.9999999991507809,3.3571428547165167,1417138.0685007118,106548749934.52795,2.8109092982113464e+18,2.8109092982113464e+18,2.8109042664866017e+18,3.5575676548379757e-19,0.08940612889355273,-7.704744483940224,-2.2116184332909987,0.038078222015661856,5.3093023161709395e-05,64,True,65.4720458984375,,7.244950219166659e-11,0.024421777984338144,8.49219139453794e-10,26.09214060970129,-65.4720458984375,,False,,,,,,291.07685544456075,106548750000.0,323.41872827173415,1.005065105861983e-12
84,dinkelbach_ee_isac,Dinkelbach EE-ISAC,ok,optimal,CLARABEL,0.015246212999954878,,266.16587774793265,3992488.16621899,0.7337482226967107,2.5964234934191737,1537687.5830688812,106548749967.567,2.810909299082964e+18,2.810909299082964e+18,2.810908914257398e+18,3.5575676537348314e-19,0.08940612887969104,-4.031587862281266,4.081386265923558,0.06249999980327751,0.00019997528576121116,63,False,32.43299865722656,min_rate,0.0,1.9672249246260876e-10,0.2662517773032893,-24.910977696628095,-32.43299865722656,,False,5.0,True,1537687.5830476198,5.5203214287757874e-05,False,291.07685544456075,106548750000.0,323.41872827173415,1.005065105861983e-12
84,dinkelbach_ee_rmin_isac,Dinkelbach EE-ISAC (+R_min),ok,optimal,CLARABEL,0.011794037000072422,,291.07685573536486,4366152.836030473,0.8374073347384609,2.892592384967031,1509425.5446158333,106548749937.6424,2.81090929829351e+18,2.81090929829351e+18,2.8109091156302167e+18,3.557567654733987e-19,0.08940612889224606,-5.600611039941504,1.6016258971948525,0.05902271981771441,0.0001285271276493562,64,True,62.35760498046875,,7.01284106092102e-13,0.0034772801822855887,0.16259266526153915,2.908041096816305e-07,-62.35760498046875,,False,3.0,True,1509425.5442250404,0.001130404882133007,True,291.07685544456075,106548750000.0,323.41872827173415,1.005065105861983e-12
85,uniform,Uniform,ok,closed_form,numpy,1.5330001588154119e-06,,305.4763869190111,4582145.803785166,1.0,3.357142857142857,1364894.4947445174,76781250000.0,2.0255998281153943e+18,2.0255998281153943e+18,2.0255998281153943e+18,4.936809265680052e-19,0.10532073506634214,-13.256466474732292,-9.684463547443015,0.015625,0.0,64,False,29767500000.0,min_sensing,0.015625,0.046875,0.0,29.57485182917361,-29767500000.0,,,,,,,,275.90153508983747,106548750000.0,306.5572612109305,8.063246970929705e-13
85,water_filling,Water-filling (comm. only),ok,closed_form,numpy,0.00014773400016565574,,306.5572612109305,4598358.918163958,1.0000000000005627,3.357142857144465,1369723.9330694592,77754401857.9982,2.0512729740499986e+18,2.0512729740499986e+18,2.0511032526475343e+18,4.875021572704763e-19,0.10465957773804209,-12.93972628354988,-8.239549844279257,0.017001670171810094,7.582262545147765e-06,63,False,28794348142.0018,min_sensing,0.0,0.04549832982818991,-5.626610288800293e-13,30.65572612109304,-28794348142.0018,0.01706204287650641,,,,,,,275.90153508983747,106548750000.0,306.5572612109305,8.063246970929705e-13
85,edge_weighted,Edge-weighted (∝ w_k),ok,closed_form,numpy,2.712600007725996e-05,,252.52009456576155,3787801.4184864233,1.0,3.357142857142857,1128281.2735917005,138161250000.0,3.644892525873283e+18,3.644892525873283e+18,3.644892525873283e+18,2.7435651199630616e-19,0.07851422418531084,-2.549921626385729,1.7017770590097698,0.045432692307692306,0.0001951694139194139,64,False,23.381440524075913,min_rate,1.1446886446886447e-05,0.017067307692307694,0.0,-23.381440524075913,31612500000.0,,,,,,,,275.90153508983747,106548750000.0,306.5572612109305,8.063246970929705e-13
85,sensing_optimal,Sensing-optimal (max S),ok,closed_form,numpy,1.9955999960075133e-05,,106.43207746003281,1596481.1619004922,1.0,3.357142857142857,475547.5801405721,177581250000.0,4.684848833230989e+18,4.684848833230989e+18,4.684848833230989e+18,2.1345405915911532e-19,0.0692536896294432,-0.2904600964737499,5.960647967914347,0.0625,0.000732421875,16,False,169.46945762980465,min_rate,0.0,0.0,0.0,-169.46945762980465,71032500000.0,,,,,,,,275.90153508983747,106548750000.0,306.5572612109305,8.063246970929705e-13
85,min_power_isac,Min-power ISAC,ok,optimal,CLARABEL,0.005446228999971936,,275.9015383711229,4138523.0755668436,0.8412146750654734,2.903470500187067,1425371.1464608316,106548750038.30594,2.8109093009491594e+18,2.8109093009491594e+18,2.810870107859476e+18,3.557567651372921e-19,0.08940612885001215,-5.71142045737267,1.6240143702801348,0.05855243432234756,0.00013083575672862468,64,True,0.0,,2.720950671427603e-10,0.003947565677652441,0.15878532493452657,3.281285444245441e-06,38.305938720703125,,False,,,,,,275.90153508983747,106548750000.0,306.5572612109305,8.063246970929705e-13
85,max_rate_isac,Max-rate ISAC,ok,optimal,CLARABEL,0.005151925000063784,,300.5033393876547,4507550.0908148205,0.999999998826236,3.357142853789246,1342674.4964775916,106548749905.74445,2.8109092974519956e+18,2.8109092974519956e+18,2.810823543450952e+18,3.557567655799032e-19,0.089406128905629,-7.772533790460105,-2.064700426943108,0.03863533331283233,5.695532260011436e-05,64,True,94.25555419921875,,1.808262282336819e-10,0.02386466668716767,1.1737639749043183e-09,24.60180429781724,-94.25555419921875,,False,,,,,,275.90153508983747,106548750000.0,306.5572612109305,8.063246970929705e-13
85,dinkelbach_ee_isac,Dinkelbach EE-ISAC,ok,optimal,CLARABEL,0.015974013000686682,,252.79624564293084,3791943.6846439624,0.7401122133808129,2.6146063239451798,1450292.4015429972,106548749960.37668,2.8109092988932736e+18,2.8109092988932736e+18,2.810874316304525e+18,3.557567653974909e-19,0.08940612888270776,-4.203661783795224,4.06013140182694,0.06249999974046631,0.00020176877995134235,64,False,39.623321533203125,min_rate,5.9356441732617465e-12,2.595336931476844e-10,0.2598877866191871,-23.105289446906625,-39.623321533203125,,False,5.0,True,1450292.401618046,-0.00019622314721345901,False,275.90153508983747,106548750000.0,306.5572612109305,8.063246970929705e-13
85,dinkelbach_ee_rmin_isac,Dinkelbach EE-ISAC (+R_min),ok,optimal,CLARABEL,0.011110778000329447,,275.9015353957021,4138523.030935532,0.8412146576569478,2.9034704504484226,1425371.155506805,106548749930.87103,2.810909298114872e+18,2.810909298114872e+18,2.8108700604190413e+18,3.5575676549600767e-19,0.089406128895087,-5.711420589279128,1.6240186940825323,0.058550199315766376,0.00013083593238201463,64,True,69.12896728515625,,2.077231415299896e-11,0.0039498006842336245,0.1587853423430522,3.0586465982196387e-07,-69.12896728515625,,False,3.0,True,1425371.1550336701,0.0013737333938479424,True,275.90153508983747,106548750000.0,306.5572612109305,8.063246970929705e-13
86,uniform,Uniform,ok,closed_form,numpy,1.648000306886388e-06,,314.09486908950555,4711423.036342584,1.0,3.357142857142857,1403402.6065701311,76781250000.0,2.0255998281153943e+18,2.0255998281153943e+18,2.0255998281153943e+18,4.936809265680052e-19,0.10532073506634214,-13.256466474732292,-9.684463547443015,0.015625,0.0,64,False,29767500000.0,min_sensing,0.015625,0.046875,0.0,30.814872119551126,-29767500000.0,,,,,,,,283.2799969699544,106548750000.0,314.75555218883824,9.182545804855059e-13
86,water_filling,Water-filling (comm. only),ok,closed_form,numpy,0.0001473289999012195,,314.75555218883824,4721333.282832573,0.999999999999808,3.3571428571423088,1406354.594886528,77301391254.21774,2.0393219026471217e+18,2.0393219026471217e+18,2.038704975058338e+18,4.903590741128018e-19,0.10496579887033104,-12.951982908192557,-8.690094912553311,0.01683588450184992,5.21219693331627e-06,64,False,29247358745.782257,min_sensing,0.005345237725221616,0.04566411549815008,1.9195756095768957e-13,31.475555218883812,-29247358745.782257,0.016893715228318146,,,,,,,283.2799969699544,106548750000.0,314.75555218883824,9.182545804855059e-13
86,edge_weighted,Edge-weighted (∝ w_k),ok,closed_form,numpy,2.6553999759926228e-05,,262.0960997354375,3931441.496031563,1.0,3.357142857142857,1171067.6796689762,138161250000.0,3.644892525873283e+18,3.644892525873283e+18,3.644892525873283e+18,2.7435651199630616e-19,0.07851422418531084,-2.549921626385729,1.7017770590097698,0.045432692307692306,0.0001951694139194139,64,False,21.183897234516905,min_rate,1.1446886446886447e-05,0.017067307692307694,0.0,-21.183897234516905,31612500000.0,,,,,,,,283.2799969699544,106548750000.0,314.75555218883824,9.182545804855059e-13
86,sensing_optimal,Sensing-optimal (max S),ok,closed_form,numpy,2.0485000277403742e-05,,109.26983594538075,1639047.5391807111,1.0,3.357142857142857,488226.92656446714,177581250000.0,4.684848833230989e+18,4.684848833230989e+18,4.684848833230989e+18,2.1345405915911532e-19,0.0692536896294432,-0.2904600964737499,5.960647967914347,0.0625,0.000732421875,16,False,174.01016102457368,min_rate,0.0,0.0,0.0,-174.01016102457368,71032500000.0,,,,,,,,283.2799969699544,106548750000.0,314.75555218883824,9.182545804855059e-13
86,min_power_isac,Min-power ISAC,ok,optimal,CLARABEL,0.005776040000000648,,283.28000006440413,4249200.000966062,0.8393587343486346,2.8981678124246706,1466167.6879956403,106548750034.54352,2.810909300849901e+18,2.810909300849901e+18,2.810271905067047e+18,3.557567651498545e-19,0.0894061288515907,-5.685737765065518,1.7081371024512464,0.05944971439713662,0.0001337570129385468,64,True,0.0,,4.5751412679017557e-10,0.003050285602863377,0.16064126565136538,3.094449709806213e-06,34.54351806640625,,False,,,,,,283.2799969699544,106548750000.0,314.75555218883824,9.182545804855059e-13
86,max_rate_isac,Max-rate ISAC,ok,optimal,CLARABEL,0.005274901000120735,,308.4850851444874,4627276.277167311,0.9999999992593204,3.35714285502663,1378337.6153442257,106548749944.70056,2.810909298479715e+18,2.810909298479715e+18,2.810292357393885e+18,3.557567654498321e-19,0.08940612888928476,-7.756277745429956,-2.0727696721804993,0.039013707033766075,5.68654710496448e-05,64,True,55.2994384765625,,0.00039545239570570504,0.023486292966233925,7.406796287412476e-10,25.20508817453299,-55.2994384765625,,False,,,,,,283.2799969699544,106548750000.0,314.75555218883824,9.182545804855059e-13
86,dinkelbach_ee_isac,Dinkelbach EE-ISAC,ok,optimal,CLARABEL,0.015026301999569114,,259.08675734754604,3886301.360213191,0.7359301335758635,2.602657524502467,1493205.050463222,106548749964.06985,2.8109092989907046e+18,2.8109092989907046e+18,2.810347903005448e+18,3.5575676538515976e-19,0.08940612888115827,-4.1246121061594945,4.190876981395576,0.06249999975256705,0.0002070719337517452,64,False,35.930145263671875,min_rate,1.470017660675738e-11,2.4743294912976666e-10,0.26406986642413655,-24.193239622408385,-35.930145263671875,,False,5.0,True,1493205.0504025088,0.000158015638589859,False,283.2799969699544,106548750000.0,314.75555218883824,9.182545804855059e-13
86,dinkelbach_ee_rmin_isac,Dinkelbach EE-ISAC (+R_min),ok,optimal,CLARABEL,0.011194852000244282,,283.27999740981875,4249199.961147281,0.83935871907662,2.898167768790343,1466167.6963307206,106548749926.3634,2.810909297995954e+18,2.810909297995954e+18,2.810272237760945e+18,3.5575676551105824e-19,0.0894061288969782,-5.685673690315563,1.7081482894340805,0.05945488011187808,0.00013375757237153377,64,True,73.6365966796875,,8.424310660821467e-11,0.003045119888121922,0.16064128092338004,4.3986432274323306e-07,-73.6365966796875,,False,3.0,True,1466167.696169641,0.0004668356850743294,True,283.2799969699544,106548750000.0,314.75555218883824,9.182545804855059e-13
87,uniform,Uniform,ok,closed_form,numpy,1.5440000424860045e-06,,316.5010927558512,4747516.391337767,1.0,3.357142857142857,1414153.8186963561,76781250000.0,2.0255998281153943e+18,2.0255998281153943e+18,2.0255998281153943e+18,4.936809265680052e-19,0.10532073506634214,-13.256466474732292,-9.684463547443015,0.015625,0.0,64,False,29767500000.0,min_sensing,0.015625,0.046875,0.0,30.920102249103934,-29767500000.0,,,,,,,,285.58099050674724,106548750000.0,317.31221167416356,1.0803024590843903e-12
87,water_filling,Water-filling (comm. only),ok,closed_form,numpy,0.0001388679997944564,,317.31221167416356,4759683.175112453,1.0000000000000338,3.3571428571429536,1417777.9670547326,74257138897.82764,1.959010146198201e+18,1.959010146198201e+18,1.9587797353776612e+18,5.104618788936205e-19,0.10709578156997684,-13.99205933020393,-9.318675462767755,0.016986646131073254,6.7989782603524444e-06,64,False,32291611102.172363,min_sensing,0.00040631832515780966,0.04551335386892674,-3.375077994860476e-14,31.731221167416322,-32291611102.172363,0.01703910151661582,,,,,,,285.58099050674724,106548750000.0,317.31221167416356,1.0803024590843903e-12
87,edge_weighted,Edge-weighted (∝ w_k),ok,closed_form,numpy,2.5781000204005977e-05,,258.1887733721304,3872831.600581956,1.0,3.357142857142857,1153609.412939306,138161250000.0,3.644892525873283e+18,3.644892525873283e+18,3.644892525873283e+18,2.7435651199630616e-19,0.07851422418531084,-2.549921626385729,1.7017770590097698,0.045432692307692306,0.0001951694139194139,64,False,27.39221713461683,min_rate,1.1446886446886447e-05,0.017067307692307694,0.0,-27.39221713461683,31612500000.0,,,,,,,,285.58099050674724,106548750000.0,317.31221167416356,1.0803024590843903e-12
87,sensing_optimal,Sensing-optimal (max S),ok,closed_form,numpy,2.0648999907280086e-05,,98.95323070233394,1484298.4605350092,1.0,3.357142857142857,442131.4563295772,177581250000.0,4.684848833230989e+18,4.684848833230989e+18,4.684848833230989e+18,2.1345405915911532e-19,0.0692536896294432,-0.2904600964737499,5.960647967914347,0.0625,0.000732421875,16,False,186.6277598044133,min_rate,0.0,0.0,0.0,-186.6277598044133,71032500000.0,,,,,,,,285.58099050674724,106548750000.0,317.31221167416356,1.0803024590843903e-12
87,min_power_isac,Min-power ISAC,ok,optimal,CLARABEL,0.0056210859997918305,,285.58099359777873,4283714.903966681,0.8476207960160138,2.9217737029028967,1466135.0739486231,106548750034.9144,2.810909300859686e+18,2.810909300859686e+18,2.810867287068702e+18,3.5575676514861613e-19,0.08940612885143509,-5.988140705057038,1.6486444812850531,0.06249981298247573,0.00013421754748636137,64,True,0.0,,6.85404741815645e-10,1.870175242724148e-07,0.1523792039839862,3.091031487656437e-06,34.914398193359375,,False,,,,,,285.58099050674724,106548750000.0,317.31221167416356,1.0803024590843903e-12
87,max_rate_isac,Max-rate ISAC,ok,optimal,CLARABEL,0.005020971000249119,,309.8655774380858,4647983.661571287,0.9999999996156101,3.3571428560446006,1384505.7719848002,106548749970.14552,2.810909299150989e+18,2.810909299150989e+18,2.810733232488561e+18,3.5575676536487375e-19,0.08940612887860921,-7.999527156735423,-1.98101348789948,0.04223474834650179,5.93177709065182e-05,64,True,29.854476928710938,,6.10730006502179e-10,0.020265251653498212,3.8438985328070885e-10,24.284586931338538,-29.854476928710938,,False,,,,,,285.58099050674724,106548750000.0,317.31221167416356,1.0803024590843903e-12
87,dinkelbach_ee_isac,Dinkelbach EE-ISAC,ok,optimal,CLARABEL,0.016227695000452513,,260.66367988405864,3909955.1982608796,0.7412313347000759,2.617803813428788,1493601.3074026494,106548749974.23895,2.81090929925898e+18,2.81090929925898e+18,2.8108041754574326e+18,3.557567653512061e-19,0.08940612887689178,-4.317076103064496,4.191235814452829,0.06249999985302454,0.0002093367036404633,64,False,25.76104736328125,min_rate,1.7993118292591532e-11,1.4697545958064495e-10,0.25876866529992415,-24.917310622688603,-25.76104736328125,,False,5.0,True,1493601.3073662114,9.538792073726654e-05,False,285.58099050674724,106548750000.0,317.31221167416356,1.0803024590843903e-12
87,dinkelbach_ee_rmin_isac,Dinkelbach EE-ISAC (+R_min),ok,optimal,CLARABEL,0.012402767999901698,,285.58099078269186,4283714.861740378,0.8476207795276731,2.921773655793352,1466135.083135732,106548749941.54852,2.8109092983965594e+18,2.8109092983965594e+18,2.810867392562044e+18,3.557567654603565e-19,0.08940612889060721,-5.988203831224242,1.6486503566811028,0.06249997047277556,0.00013421766032061305,64,True,58.45147705078125,,9.161028560584816e-11,2.952722444327094e-08,0.15237922047232688,2.759446147138078e-07,-58.45147705078125,,False,3.0,True,1466135.0828943504,0.0007052626460790634,True,285.58099050674724,106548750000.0,317.31221167416356,1.0803024590843903e-12
88,uniform,Uniform,ok,closed_form,numpy,1.5870000424911268e-06,,311.00426325013643,4665063.948752047,1.0,3.357142857142857,1389593.5166495459,76781250000.0,2.0255998281153943e+18,2.0255998281153943e+18,2.0255998281153943e+18,4.936809265680052e-19,0.10532073506634214,-13.256466474732292,-9.684463547443015,0.015625,0.0,64,False,29767500000.0,min_sensing,0.015625,0.046875,0.0,29.698737323104126,-29767500000.0,,,,,,,,281.3055259270323,106548750000.0,312.5616954744803,8.796599382699815e-13
88,water_filling,Water-filling (comm. only),ok,closed_form,numpy,0.0001459430000068096,,312.5616954744803,4688425.432117204,1.0000000000009515,3.357142857145576,1396552.2563742064,78117614429.71288,2.0608550441886666e+18,2.0608550441886666e+18,2.0607522813619323e+18,4.852354865131661e-19,0.1044159837393906,-13.206008570586995,-8.180450661053394,0.016901107998399167,7.510881924491662e-06,63,False,28431135570.287125,min_sensing,0.0,0.04559889200160083,-9.514611321037592e-13,31.256169547447996,-28431135570.287125,0.016987484910523862,,,,,,,281.3055259270323,106548750000.0,312.5616954744803,8.796599382699815e-13
88,edge_weighted,Edge-weighted (∝ w_k),ok,closed_form,numpy,2.6507999791647308e-05,,260.93539220340057,3914030.8830510085,1.0,3.357142857142857,1165881.5396322152,138161250000.0,3.644892525873283e+18,3.644892525873283e+18,3.644892525873283e+18,2.7435651199630616e-19,0.07851422418531084,-2.549921626385729,1.7017770590097698,0.045432692307692306,0.0001951694139194139,64,False,20.37013372363174,min_rate,1.1446886446886447e-05,0.017067307692307694,0.0,-20.37013372363174,31612500000.0,,,,,,,,281.3055259270323,106548750000.0,312.5616954744803,8.796599382699815e-13
88,sensing_optimal,Sensing-optimal (max S),ok,closed_form,numpy,2.0578000203386182e-05,,113.08333593404213,1696250.0390106319,1.0,3.357142857142857,505265.9690669967,177581250000.0,4.684848833230989e+18,4.684848833230989e+18,4.684848833230989e+18,2.1345405915911532e-19,0.0692536896294432,-0.2904600964737499,5.960647967914347,0.0625,0.000732421875,16,False,168.2221899929902,min_rate,0.0,0.0,0.0,-168.2221899929902,71032500000.0,,,,,,,,281.3055259270323,106548750000.0,312.5616954744803,8.796599382699815e-13
88,min_power_isac,Min-power ISAC,ok,optimal,CLARABEL,0.005571959000008064,,281.3055284494636,4219582.926741954,0.8367114941858333,2.890604269102381,1459758.0761382673,106548750029.06161,2.8109093007052805e+18,2.8109093007052805e+18,2.810876969840153e+18,3.557567651681581e-19,0.08940612885389065,-5.621585943720939,1.6311861600300661,0.05799134254542277,0.0001294237667118644,64,True,0.0,,1.92368785503791e-10,0.004508657454577229,0.16328850581416665,2.5224313162652834e-06,29.061614990234375,,False,,,,,,281.3055259270323,106548750000.0,312.5616954744803,8.796599382699815e-13
88,max_rate_isac,Max-rate ISAC,ok,optimal,CLARABEL,0.005648010999721009,,306.67130795887545,4600069.619383132,0.9999999992723261,3.357142855063789,1370233.5044946207,106548749942.53366,2.8109092984225485e+18,2.8109092984225485e+18,2.8108529559892654e+18,3.5575676545706725e-19,0.0894061288901939,-7.854679117284804,-2.0460889857719557,0.03807765977839243,5.7443841977992006e-05,64,True,57.466339111328125,,6.190583694715163e-11,0.024422340221607573,7.276739211192762e-10,25.36578203184314,-57.466339111328125,,False,,,,,,281.3055259270323,106548750000.0,312.5616954744803,8.796599382699815e-13
88,dinkelbach_ee_isac,Dinkelbach EE-ISAC,ok,optimal,CLARABEL,0.016092615001070953,,257.1122995993688,3856684.4939905317,0.7325429790330403,2.592979940094401,1487356.08569734,106548749953.27306,2.8109092987058693e+18,2.8109092987058693e+18,2.8108841380898217e+18,3.557567654212093e-19,0.08940612888568812,-4.009374271420034,4.074796296862364,0.062499999698336174,0.00019901571681778875,64,False,46.72694396972656,min_rate,2.2359264944818278e-12,3.0166382586349627e-10,0.26745702096695967,-24.193226327663524,-46.72694396972656,,False,5.0,True,1487356.0856157353,0.00021159928292036057,False,281.3055259270323,106548750000.0,312.5616954744803,8.796599382699815e-13
88,dinkelbach_ee_rmin_isac,Dinkelbach EE-ISAC (+R_min),ok,optimal,CLARABEL,0.010979156999837869,,281.30552631651227,4219582.894747684,0.8367114818466748,2.8906042338476423,1459758.0828735786,106548749925.1937,2.8109092979650954e+18,2.8109092979650954e+18,2.8108771646062653e+18,3.5575676551496383e-19,0.08940612889746898,-5.621560700888461,1.631195364521762,0.05799166442473764,0.00012942417211171287,64,True,74.80630493164062,,3.7919803027901335e-12,0.004508335575262361,0.16328851815332524,3.894799647241598e-07,-74.80630493164062,,False,3.0,True,1459758.0829247949,-0.0001480458304286003,True,281.3055259270323,106548750000.0,312.5616954744803,8.796599382699815e-13
89,uniform,Uniform,ok,closed_form,numpy,1.6290000530716497e-06,,345.00462534550434,5175069.380182565,1.0,3.357142857142857,1541510.0281394874,76781250000.0,2.0255998281153943e+18,2.0255998281153943e+18,2.0255998281153943e+18,4.936809265680052e-19,0.10532073506634214,-13.256466474732292,-9.684463547443015,0.015625,0.0,64,False,29767500000.0,min_sensing,0.015625,0.046875,0.0,32.75796683664424,-29767500000.0,,,,,,,,312.2466585088601,106548750000.0,346.94073167651123,1.2146267674856512e-12
89,water_filling,Water-filling (comm. only),ok,closed_form,numpy,0.00014466499987975112,,346.94073167651123,5204110.975147668,1.0000000000002665,3.357142857143619,1550160.7160010815,78575923397.24657,2.0729458940492764e+18,2.0729458940492764e+18,2.0728942945266803e+18,4.824052585601295e-19,0.10411102539846463,-12.698929043555554,-7.957654508213478,0.016595943589346903,8.215342725465607e-06,62,False,27972826602.753433,min_sensing,0.0,0.045904056410653094,-2.6645352591003757e-13,34.69407316765114,-27972826602.753433,0.01665173194779476,,,,,,,312.2466585088601,106548750000.0,346.94073167651123,1.2146267674856512e-12
89,edge_weighted,Edge-weighted (∝ w_k),ok,closed_form,numpy,2.5624000045354478e-05,,288.2228208876458,4323342.313314687,1.0,3.357142857142857,1287804.0933277793,138161250000.0,3.644892525873283e+18,3.644892525873283e+18,3.644892525873283e+18,2.7435651199630616e-19,0.07851422418531084,-2.549921626385729,1.7017770590097698,0.045432692307692306,0.0001951694139194139,64,False,24.023837621214284,min_rate,1.1446886446886447e-05,0.017067307692307694,0.0,-24.023837621214284,31612500000.0,,,,,,,,312.2466585088601,106548750000.0,346.94073167651123,1.2146267674856512e-12
89,sensing_optimal,Sensing-optimal (max S),ok,closed_form,numpy,1.9968999822594924e-05,,116.79965686861557,1751994.8530292336,1.0,3.357142857142857,521870.8072853036,177581250000.0,4.684848833230989e+18,4.684848833230989e+18,4.684848833230989e+18,2.1345405915911532e-19,0.0692536896294432,-0.2904600964737499,5.960647967914347,0.0625,0.000732421875,16,False,195.44700164024454,min_rate,0.0,0.0,0.0,-195.44700164024454,71032500000.0,,,,,,,,312.2466585088601,106548750000.0,346.94073167651123,1.2146267674856512e-12
89,min_power_isac,Min-power ISAC,ok,optimal,CLARABEL,0.0055795859998397646,,312.2466625785695,4683699.938678542,0.8270242652165823,2.8629264720473784,1635983.3144192018,106548750039.7162,2.8109093009863644e+18,2.8109093009863644e+18,2.8108737652806753e+18,3.557567651325833e-19,0.08940612884942047,-5.507273232256765,1.9233706225126128,0.06106886213170813,0.00013776949602520422,64,True,0.0,,1.910981956949525e-10,0.001431137868291868,0.17297573478341766,4.069709405030153e-06,39.71620178222656,,False,,,,,,312.2466585088601,106548750000.0,346.94073167651123,1.2146267674856512e-12
89,max_rate_isac,Max-rate ISAC,ok,optimal,CLARABEL,0.005384539000260702,,340.8481846530596,5112722.769795894,0.9999999992589881,3.3571428550256806,1522938.6983464498,106548749947.97421,2.8109092985660785e+18,2.8109092985660785e+18,2.810866831805773e+18,3.557567654389017e-19,0.08940612888791127,-7.74268358084857,-2.158542226173455,0.03758567508749267,5.447864730164957e-05,64,True,52.025787353515625,,5.3514636146727596e-11,0.024914324912507328,7.410119184925179e-10,28.60152614419951,-52.025787353515625,,False,,,,,,312.2466585088601,106548750000.0,346.94073167651123,1.2146267674856512e-12
89,dinkelbach_ee_isac,Dinkelbach EE-ISAC,ok,optimal,CLARABEL,0.015713870000126917,,285.76770857787596,4286515.62866814,0.724252407651748,2.569292593290709,1668364.1403325102,106548749970.21808,2.8109092991529037e+18,2.8109092991529037e+18,2.810867140474399e+18,3.5575676536463137e-19,0.08940612887857875,-3.921512298784518,4.4169986698848405,0.06249999982602726,0.00021361965168658882,64,False,29.78192138671875,min_rate,2.6989641395771346e-13,1.7397273899266708e-10,0.27574759234825197,-26.47894993098413,-29.78192138671875,,False,5.0,True,1668364.1402566992,0.00019478145986795425,False,312.2466585088601,106548750000.0,346.94073167651123,1.2146267674856512e-12
89,dinkelbach_ee_rmin_isac,Dinkelbach EE-ISAC (+R_min),ok,optimal,CLARABEL,0.01165961900005641,,312.2466589283127,4683699.88392469,0.8270242473045142,2.8629264208700405,1635983.324538714,106548749926.01959,2.8109092979868836e+18,2.8109092979868836e+18,2.8108738674564413e+18,3.5575676551220624e-19,0.08940612889712246,-5.507280824060813,1.9233553917744302,0.06106841892820337,0.00013776880911760422,63,True,73.98040771484375,,0.0,0.0014315810717966324,0.17297575269548582,4.194525899947621e-07,-73.98040771484375,,False,3.0,True,1635983.3242100074,0.0009410623461008072,True,312.2466585088601,106548750000.0,346.94073167651123,1.2146267674856512e-12
90,uniform,Uniform,ok,closed_form,numpy,1.511999926151475e-06,,313.24522953866045,4698678.4430799065,1.0,3.357142857142857,1399606.3447472062,76781250000.0,2.0255998281153943e+18,2.0255998281153943e+18,2.0255998281153943e+18,4.936809265680052e-19,0.10532073506634214,-13.256466474732292,-9.684463547443015,0.015625,0.0,64,False,29767500000.0,min_sensing,0.015625,0.046875,0.0,30.300355015206833,-29767500000.0,,,,,,,,282.9448745234536,106548750000.0,314.38319391494844,8.539314212383224e-13
90,water_filling,Water-filling (comm. only),ok,closed_form,numpy,0.0001494969997111184,,314.38319391494844,4715747.908724227,1.000000000000118,3.3571428571431943,1404690.8664283522,77408651579.60959,2.042151584329529e+18,2.042151584329529e+18,2.0400067815871846e+18,4.896796142233075e-19,0.10489305139105315,-13.704838698129564,-8.080086355626987,0.017050088127879448,9.982374001722943e-06,64,False,29140098420.39041,min_sensing,0.001354209160614319,0.04544991187212055,-1.1790568521519162e-13,31.438319391494815,-29140098420.39041,0.01712327701754115,,,,,,,282.9448745234536,106548750000.0,314.38319391494844,8.539314212383224e-13
90,edge_weighted,Edge-weighted (∝ w_k),ok,closed_form,numpy,2.6734000130090863e-05,,259.36926440776574,3890538.966116486,1.0,3.357142857142857,1158883.9473538469,138161250000.0,3.644892525873283e+18,3.644892525873283e+18,3.644892525873283e+18,2.7435651199630616e-19,0.07851422418531084,-2.549921626385729,1.7017770590097698,0.045432692307692306,0.0001951694139194139,64,False,23.57561011568788,min_rate,1.1446886446886447e-05,0.017067307692307694,0.0,-23.57561011568788,31612500000.0,,,,,,,,282.9448745234536,106548750000.0,314.38319391494844,8.539314212383224e-13
90,sensing_optimal,Sensing-optimal (max S),ok,closed_form,numpy,1.999000005525886e-05,,118.15628819698435,1772344.3229547653,1.0,3.357142857142857,527932.3515184408,177581250000.0,4.684848833230989e+18,4.684848833230989e+18,4.684848833230989e+18,2.1345405915911532e-19,0.0692536896294432,-0.2904600964737499,5.960647967914347,0.0625,0.000732421875,16,False,164.78858632646927,min_rate,0.0,0.0,0.0,-164.78858632646927,71032500000.0,,,,,,,,282.9448745234536,106548750000.0,314.38319391494844,8.539314212383224e-13
90,min_power_isac,Min-power ISAC,ok,optimal,CLARABEL,0.00561864900009823,,282.94487768372846,4244173.165255927,0.8362349641888722,2.889242754825349,1468956.9293434054,106548750035.45245,2.81090930087388e+18,2.81090930087388e+18,2.808811673580996e+18,3.5575676514681967e-19,0.08940612885120934,-5.776470177317306,1.8221489241290243,0.05927745986659129,0.0001373539769744599,64,True,0.0,,4.2295723109028683e-10,0.0032225401334087106,0.16376503581112778,3.1602748435943795e-06,35.45245361328125,,False,,,,,,282.9448745234536,106548750000.0,314.38319391494844,8.539314212383224e-13
90,max_rate_isac,Max-rate ISAC,ok,optimal,CLARABEL,0.005387381000218738,,308.3094575111935,4624641.862667902,0.9999999988032547,3.3571428537235852,1377552.896665826,106548749908.85825,2.810909297534143e+18,2.810909297534143e+18,2.8086890941123436e+18,3.557567655695064e-19,0.08940612890432259,-8.037343014805753,-1.8757347104578979,0.03895166748019549,6.243536208870698e-05,64,True,91.14175415039062,,1.5221268447282678e-09,0.02354833251980451,1.1967452584471516e-09,25.36458298773988,-91.14175415039062,,False,,,,,,282.9448745234536,106548750000.0,314.38319391494844,8.539314212383224e-13
90,dinkelbach_ee_isac,Dinkelbach EE-ISAC,ok,optimal,CLARABEL,0.017393012999946222,,258.6524277577811,3879786.4163667164,0.7319319650398759,2.591234185828217,1497273.5531144782,106548749988.38486,2.810909299632169e+18,2.810909299632169e+18,2.8093767019237274e+18,3.557567653039742e-19,0.0894061288709568,-4.118457232551792,4.24336764178988,0.06249999993241138,0.0002078115791224071,64,False,24.292446765672537,min_rate,3.2474255575846915e-12,6.758862219902184e-11,0.2680680349601241,-24.292446765672537,-11.615142822265625,,False,5.0,True,1497273.553220819,-0.0002755536697804928,False,282.9448745234536,106548750000.0,314.38319391494844,8.539314212383224e-13
90,dinkelbach_ee_rmin_isac,Dinkelbach EE-ISAC (+R_min),ok,optimal,CLARABEL,0.011573014999612496,,282.94487486373635,4244173.122956045,0.836234948084966,2.8892427088141885,1468956.938096056,106548749924.18132,2.810909297938388e+18,2.810909297938388e+18,2.8088133716986527e+18,3.55756765518344e-19,0.0894061288978937,-5.7764458792057365,1.8220936890139483,0.05927663520113573,0.00013735145222623733,64,True,75.81867980957031,,6.683764378917342e-11,0.0032233647988642727,0.163765051915034,3.4028272466457565e-07,-75.81867980957031,,False,3.0,True,1468956.9378920726,0.0005893576890230179,True,282.9448745234536,106548750000.0,314.38319391494844,8.539314212383224e-13
91,uniform,Uniform,ok,closed_form,numpy,1.424999936716631e-06,,333.0462639412258,4995693.959118387,1.0,3.357142857142857,1488079.0516522853,76781250000.0,2.0255998281153943e+18,2.0255998281153943e+18,2.0255998281153943e+18,4.936809265680052e-19,0.10532073506634214,-13.256466474732292,-9.684463547443015,0.015625,0.0,64,False,29767500000.0,min_sensing,0.015625,0.046875,0.0,32.10833551683726,-29767500000.0,,,,,,,,300.93792842438853,106548750000.0,334.37547602709833,1.1370626917647586e-12
91,water_filling,Water-filling (comm. only),ok,closed_form,numpy,0.0001490320000812062,,334.37547602709833,5015632.140406475,0.9999999999996543,3.3571428571418696,1494018.0843768364,76859120483.85208,2.0276541634994373e+18,2.0276541634994373e+18,2.0276529029483574e+18,4.931807494598314e-19,0.10526736823801672,-13.340754070496903,-8.799494124350096,0.01659355081347559,5.302667287945674e-06,63,False,29689629516.14792,min_sensing,0.0,0.04590644918652441,3.4572344986827375e-13,33.4375476027098,-29689629516.14792,0.016649537533754727,,,,,,,300.93792842438853,106548750000.0,334.37547602709833,1.1370626917647586e-12
91,edge_weighted,Edge-weighted (∝ w_k),ok,closed_form,numpy,2.6111999886779813e-05,,274.41075001957716,4116161.2502936576,1.0,3.357142857142857,1226090.5851938555,138161250000.0,3.644892525873283e+18,3.644892525873283e+18,3.644892525873283e+18,2.7435651199630616e-19,0.07851422418531084,-2.549921626385729,1.7017770590097698,0.045432692307692306,0.0001951694139194139,64,False,26.527178404811366,min_rate,1.1446886446886447e-05,0.017067307692307694,0.0,-26.527178404811366,31612500000.0,,,,,,,,300.93792842438853,106548750000.0,334.37547602709833,1.1370626917647586e-12
91,sensing_optimal,Sensing-optimal (max S),ok,closed_form,numpy,2.0070999653398758e-05,,109.23122972989248,1638468.445948387,1.0,3.357142857142857,488054.4307080302,177581250000.0,4.684848833230989e+18,4.684848833230989e+18,4.684848833230989e+18,2.1345405915911532e-19,0.0692536896294432,-0.2904600964737499,5.960647967914347,0.0625,0.000732421875,16,False,191.70669869449605,min_rate,0.0,0.0,0.0,-191.70669869449605,71032500000.0,,,,,,,,300.93792842438853,106548750000.0,334.37547602709833,1.1370626917647586e-12
91,min_power_isac,Min-power ISAC,ok,optimal,CLARABEL,0.005525355000372656,,300.93792961645977,4514068.944246897,0.8371189874432945,2.89176853555227,1561006.3145613414,106548750011.22075,2.8109093002346127e+18,2.8109093002346127e+18,2.810827997466555e+18,3.5575676522772717e-19,0.08940612886137589,-5.802834418533416,1.8373479583464403,0.06165149766401144,0.0001379497896908212,64,True,0.0,,5.5878589508472406e-11,0.0008485023359885574,0.1628810125567055,1.1920712381652265e-06,11.220748901367188,,False,,,,,,300.93792842438853,106548750000.0,334.37547602709833,1.1370626917647586e-12
91,max_rate_isac,Max-rate ISAC,ok,optimal,CLARABEL,0.005410142000073392,,327.6535319053303,4914802.978579954,0.9999999994865896,3.3571428556759706,1463983.8665996667,106548749961.18567,2.8109092989146153e+18,2.8109092989146153e+18,2.8108844875716966e+18,3.5575676539478985e-19,0.08940612888236836,-7.923456461351618,-2.0996762795591244,0.03962437598139659,5.604674522631449e-05,64,True,38.8143310546875,,3.397598829378553e-11,0.022875624018603408,5.134104252846328e-10,26.715603480941752,-38.8143310546875,,False,,,,,,300.93792842438853,106548750000.0,334.37547602709833,1.1370626917647586e-12
91,dinkelbach_ee_isac,Dinkelbach EE-ISAC,ok,optimal,CLARABEL,0.015475888000310078,,275.266372751936,4128995.5912790396,0.7336185755422127,2.5960530729777505,1590489.6684346127,106548749973.07391,2.8109092992282445e+18,2.8109092992282445e+18,2.8107463018339067e+18,3.5575676535509605e-19,0.08940612887738059,-4.184978232209638,4.3280199723488435,0.06249999983365198,0.0002130420498456243,63,False,26.92608642578125,min_rate,0.0,1.6634801869308546e-10,0.26638142445778734,-25.67155567245254,-26.92608642578125,,False,5.0,True,1590489.6683740907,0.000157118309289217,False,300.93792842438853,106548750000.0,334.37547602709833,1.1370626917647586e-12
91,dinkelbach_ee_rmin_isac,Dinkelbach EE-ISAC (+R_min),ok,optimal,CLARABEL,0.011175434000506357,,300.93792886207723,4514068.932931159,0.8371189835831796,2.8917685245233704,1561006.316601769,106548749926.72421,2.810909298005473e+18,2.810909298005473e+18,2.810828160723699e+18,3.557567655098535e-19,0.08940612889682682,-5.8028349820911265,1.8373242860041572,0.06165115054175122,0.00013794876194730897,63,True,73.27578735351562,,0.0,0.0008488494582487779,0.1628810164168204,4.376886977297545e-07,-73.27578735351562,,False,3.0,True,1561006.3161069858,0.0014307983219623566,True,300.93792842438853,106548750000.0,334.37547602709833,1.1370626917647586e-12
92,uniform,Uniform,ok,closed_form,numpy,1.36500011649332e-06,,304.7233111533766,4570849.667300649,1.0,3.357142857142857,1361529.6881321082,76781250000.0,2.0255998281153943e+18,2.0255998281153943e+18,2.0255998281153943e+18,4.936809265680052e-19,0.10532073506634214,-13.256466474732292,-9.684463547443015,0.015625,0.0,64,False,29767500000.0,min_sensing,0.015625,0.046875,0.0,26.88808377093403,-29767500000.0,,,,,,,,277.83522738244255,106548750000.0,308.70580820271397,1.026892279165377e-12
92,water_filling,Water-filling (comm. only),ok,closed_form,numpy,0.0001499800000601681,,308.70580820271397,4630587.12304071,0.999999999999212,3.3571428571406057,1379323.8238853917,75116558898.51627,1.9816828821288328e+18,1.9816828821288328e+18,1.9707196966425528e+18,5.046216067253632e-19,0.1064813695379283,-14.211880826832514,-7.52965762803205,0.01779118609690178,1.9840205310178512e-05,60,False,31432191101.483734,min_sensing,0.0,0.04470881390309822,7.880363028789361e-13,30.870580820271414,-31432191101.483734,0.01785428025009661,,,,,,,277.83522738244255,106548750000.0,308.70580820271397,1.026892279165377e-12
92,edge_weighted,Edge-weighted (∝ w_k),ok,closed_form,numpy,2.6588999844534555e-05,,255.60976802025976,3834146.5203038966,1.0,3.357142857142857,1142086.197537331,138161250000.0,3.644892525873283e+18,3.644892525873283e+18,3.644892525873283e+18,2.7435651199630616e-19,0.07851422418531084,-2.549921626385729,1.7017770590097698,0.045432692307692306,0.0001951694139194139,64,False,22.22545936218279,min_rate,1.1446886446886447e-05,0.017067307692307694,0.0,-22.22545936218279,31612500000.0,,,,,,,,277.83522738244255,106548750000.0,308.70580820271397,1.026892279165377e-12
92,sensing_optimal,Sensing-optimal (max S),ok,closed_form,numpy,1.9484999938867986e-05,,98.73721388838557,1481058.2083257835,1.0,3.357142857142857,441166.27482044615,177581250000.0,4.684848833230989e+18,4.684848833230989e+18,4.684848833230989e+18,2.1345405915911532e-19,0.0692536896294432,-0.2904600964737499,5.960647967914347,0.0625,0.000732421875,16,False,179.098013494057,min_rate,0.0,0.0,0.0,-179.098013494057,71032500000.0,,,,,,,,277.83522738244255,106548750000.0,308.70580820271397,1.026892279165377e-12
92,min_power_isac,Min-power ISAC,ok,optimal,CLARABEL,0.005670143000315875,,277.83523075658104,4167528.4613487157,0.8386082812217743,2.896023660633641,1439051.938006913,106548750039.18285,2.8109093009722926e+18,2.8109093009722926e+18,2.798323986558859e+18,3.557567651343643e-19,0.08940612884964426,-5.971711383450051,2.200724285073251,0.06249991370252244,0.00015696290623127586,64,True,0.0,,1.7513673332611849e-10,8.629747755978245e-08,0.16139171877822567,3.3741384868335444e-06,39.18284606933594,,False,,,,,,277.83522738244255,106548750000.0,308.70580820271397,1.026892279165377e-12
92,max_rate_isac,Max-rate ISAC,ok,optimal,CLARABEL,0.005268339999929594,,302.04083807161646,4530612.571074247,0.9999999991976734,3.3571428548504954,1349544.1710287335,106548749936.52695,2.810909298264083e+18,2.810909298264083e+18,2.7951137342639744e+18,3.557567654771231e-19,0.08940612889271404,-8.23047308872217,-1.3361728611037893,0.04291099495235745,8.033276740900306e-05,64,True,63.473052978515625,,4.5893228584351965e-11,0.01958900504764255,8.023266495627013e-10,24.20561068917391,-63.473052978515625,,False,,,,,,277.83522738244255,106548750000.0,308.70580820271397,1.026892279165377e-12
92,dinkelbach_ee_isac,Dinkelbach EE-ISAC,ok,optimal,CLARABEL,0.016700243999821396,,252.697951547061,3790469.273205915,0.7273838897976541,2.578239685136155,1470177.2279196545,106548749959.50269,2.810909298870216e+18,2.810909298870216e+18,2.8027884001117056e+18,3.5575676540040913e-19,0.08940612888307445,-4.0928499692624065,4.627256178525456,0.06249999978780058,0.000229027254970642,63,False,40.497314453125,min_rate,0.0,2.1219941775951767e-10,0.2726161102023459,-25.13727583538156,-40.497314453125,,False,5.0,True,1470177.2279424502,-5.8772973716259e-05,False,277.83522738244255,106548750000.0,308.70580820271397,1.026892279165377e-12
92,dinkelbach_ee_rmin_isac,Dinkelbach EE-ISAC (+R_min),ok,optimal,CLARABEL,0.011012410000603268,,277.8352277892828,4167528.4168392415,0.8386082627286866,2.8960236077962476,1439051.9488929703,106548749924.2886,2.810909297941218e+18,2.810909297941218e+18,2.798336130724813e+18,3.5575676551798586e-19,0.0894061288978487,-5.97178764752932,2.2008061394968887,0.06249998349821811,0.0001569645181765988,63,True,75.71139526367188,,0.0,1.6501781892330758e-08,0.1613917372713134,4.0684022906134487e-07,-75.71139526367188,,False,3.0,True,1439051.9491326998,-0.0006942618638277054,True,277.83522738244255,106548750000.0,308.70580820271397,1.026892279165377e-12
93,uniform,Uniform,ok,closed_form,numpy,1.7180000213556923e-06,,319.61255671419707,4794188.350712956,1.0,3.357142857142857,1428056.104467689,76781250000.0,2.0255998281153943e+18,2.0255998281153943e+18,2.0255998281153943e+18,4.936809265680052e-19,0.10532073506634214,-13.256466474732292,-9.684463547443015,0.015625,0.0,64,False,29767500000.0,min_sensing,0.015625,0.046875,0.0,31.206623190952712,-29767500000.0,,,,,,,,288.40593352324436,106548750000.0,320.45103724804926,9.181185030372958e-13
93,water_filling,Water-filling (comm. only),ok,closed_form,numpy,0.0001399620000483992,,320.45103724804926,4806765.558720739,0.9999999999995642,3.3571428571416124,1431802.506853517,76106029098.27328,2.0077865293936678e+18,2.0077865293936678e+18,2.007158410011977e+18,4.980609170149131e-19,0.105786911819653,-13.820326988245164,-8.900818735163922,0.016751346722998054,6.284126245093663e-06,63,False,30442720901.726715,min_sensing,0.0,0.04574865327700195,4.3576253716537394e-13,32.0451037248049,-30442720901.726715,0.016853778794873042,,,,,,,288.40593352324436,106548750000.0,320.45103724804926,9.181185030372958e-13
93,edge_weighted,Edge-weighted (∝ w_k),ok,closed_form,numpy,2.6353000066592358e-05,,263.4597231031438,3951895.846547157,1.0,3.357142857142857,1177160.4649289404,138161250000.0,3.644892525873283e+18,3.644892525873283e+18,3.644892525873283e+18,2.7435651199630616e-19,0.07851422418531084,-2.549921626385729,1.7017770590097698,0.045432692307692306,0.0001951694139194139,64,False,24.946210420100556,min_rate,1.1446886446886447e-05,0.017067307692307694,0.0,-24.946210420100556,31612500000.0,,,,,,,,288.40593352324436,106548750000.0,320.45103724804926,9.181185030372958e-13
93,sensing_optimal,Sensing-optimal (max S),ok,closed_form,numpy,1.983599986488116e-05,,112.40030780847749,1686004.6171271624,1.0,3.357142857142857,502214.1412719207,177581250000.0,4.684848833230989e+18,4.684848833230989e+18,4.684848833230989e+18,2.1345405915911532e-19,0.0692536896294432,-0.2904600964737499,5.960647967914347,0.0625,0.000732421875,16,False,176.00562571476686,min_rate,0.0,0.0,0.0,-176.00562571476686,71032500000.0,,,,,,,,288.40593352324436,106548750000.0,320.45103724804926,9.181185030372958e-13
93,min_power_isac,Min-power ISAC,ok,optimal,CLARABEL,0.005875629000001936,,288.4059361865237,4326089.042797856,0.8414862709431652,2.9042464884090435,1489573.6501923783,106548750029.78922,2.810909300724476e+18,2.810909300724476e+18,2.8105315821100303e+18,3.557567651657287e-19,0.08940612885358538,-5.894611241515205,1.7352705491889155,0.05929628571295204,0.0001354833315171181,64,True,0.0,,5.720800404251153e-10,0.003203714287047958,0.1585137290568348,2.663279360604065e-06,29.789215087890625,,False,,,,,,288.40593352324436,106548750000.0,320.45103724804926,9.181185030372958e-13
93,max_rate_isac,Max-rate ISAC,ok,optimal,CLARABEL,0.005074276999948779,,313.65562420158204,4704834.363023731,0.9999999988850742,3.357142853957355,1401440.0243581338,106548749912.84299,2.810909297639266e+18,2.810909297639266e+18,2.8102884999618007e+18,3.5575676555620175e-19,0.08940612890265077,-8.042833473762874,-1.9601424881684175,0.03896078244418605,5.99777099463146e-05,64,True,87.15701293945312,,9.887932889939319e-10,0.02353921755581395,1.1149258183351662e-09,25.249690678337686,-87.15701293945312,,False,,,,,,288.40593352324436,106548750000.0,320.45103724804926,9.181185030372958e-13
93,dinkelbach_ee_isac,Dinkelbach EE-ISAC,ok,optimal,CLARABEL,0.015779489999204088,,263.2630375838154,3948945.563757231,0.7352381806201473,2.600680516057564,1518427.788178894,106548749972.762,2.8109092992200156e+18,2.8109092992200156e+18,2.810704596036252e+18,3.557567653561375e-19,0.08940612887751144,-4.2202426710762255,4.269103732975628,0.062499999827559834,0.0002105915362654211,64,False,27.238006591796875,min_rate,2.2667704511083303e-11,1.724401663127928e-10,0.26476181937985266,-25.142895939428968,-27.238006591796875,,False,5.0,True,1518427.7880606996,0.0003073853440582752,False,288.40593352324436,106548750000.0,320.45103724804926,9.181185030372958e-13
93,dinkelbach_ee_rmin_isac,Dinkelbach EE-ISAC (+R_min),ok,optimal,CLARABEL,0.011192506000043068,,288.405933975977,4326089.009639655,0.841486258244539,2.9042464521272544,1489573.6573839844,106548749934.08017,2.810909298199533e+18,2.810909298199533e+18,2.8105318515383936e+18,3.557567654852927e-19,0.08940612889374061,-5.894602961940663,1.735353233609416,0.05930204326771354,0.00013548690542113605,64,True,65.91983032226562,,1.0276113823190535e-10,0.0031979567322864624,0.15851374175546096,4.527326495917805e-07,-65.91983032226562,,False,3.0,True,1489573.6571114557,0.0007914910092949867,True,288.40593352324436,106548750000.0,320.45103724804926,9.181185030372958e-13
94,uniform,Uniform,ok,closed_form,numpy,1.4779998309677467e-06,,307.7471352186651,4616207.028279977,1.0,3.357142857142857,1375040.3914025463,76781250000.0,2.0255998281153943e+18,2.0255998281153943e+18,2.0255998281153943e+18,4.936809265680052e-19,0.10532073506634214,-13.256466474732292,-9.684463547443015,0.015625,0.0,64,False,29767500000.0,min_sensing,0.015625,0.046875,0.0,29.139016923112194,-29767500000.0,,,,,,,,278.6081182955529,106548750000.0,309.56457588394767,9.33805786500071e-13
94,water_filling,Water-filling (comm. only),ok,closed_form,numpy,0.0001507649999439309,,309.56457588394767,4643468.638259215,1.0000000000002918,3.3571428571436908,1383160.8709704867,78879772522.2571,2.0809618710670298e+18,2.0809618710670298e+18,2.080877873262935e+18,4.805470075659012e-19,0.10391031128770792,-13.021134913225723,-7.544064733431185,0.017213790427872407,1.1383208989164512e-05,62,False,27668977477.742905,min_sensing,0.0,0.04528620957212759,-2.9176661087149114e-13,30.956457588394755,-27668977477.742905,0.017262967545442404,,,,,,,278.6081182955529,106548750000.0,309.56457588394767,9.33805786500071e-13
94,edge_weighted,Edge-weighted (∝ w_k),ok,closed_form,numpy,2.6218000130029395e-05,,259.740694511546,3896110.41767319,1.0,3.357142857142857,1160543.52866861,138161250000.0,3.644892525873283e+18,3.644892525873283e+18,3.644892525873283e+18,2.7435651199630616e-19,0.07851422418531084,-2.549921626385729,1.7017770590097698,0.045432692307692306,0.0001951694139194139,64,False,18.867423784006917,min_rate,1.1446886446886447e-05,0.017067307692307694,0.0,-18.867423784006917,31612500000.0,,,,,,,,278.6081182955529,106548750000.0,309.56457588394767,9.33805786500071e-13
94,sensing_optimal,Sensing-optimal (max S),ok,closed_form,numpy,1.9630999759101542e-05,,115.29312553721033,1729396.883058155,1.0,3.357142857142857,515139.4970811525,177581250000.0,4.684848833230989e+18,4.684848833230989e+18,4.684848833230989e+18,2.1345405915911532e-19,0.0692536896294432,-0.2904600964737499,5.960647967914347,0.0625,0.000732421875,16,False,163.31499275834258,min_rate,0.0,0.0,0.0,-163.31499275834258,71032500000.0,,,,,,,,278.6081182955529,106548750000.0,309.56457588394767,9.33805786500071e-13
94,min_power_isac,Min-power ISAC,ok,optimal,CLARABEL,0.005660196000008,,278.6081211207505,4179121.816811258,0.8343432862619841,2.883837960748526,1449152.786561742,106548750032.38036,2.8109093007928335e+18,2.8109093007928335e+18,2.8108789474721925e+18,3.5575676515707713e-19,0.08940612885249825,-5.656518264496432,1.7313561228694254,0.05822583855124139,0.0001325272089527354,64,True,0.0,,1.570718581192019e-10,0.004274161448758612,0.16565671373801594,2.825197611855401e-06,32.38035583496094,,False,,,,,,278.6081182955529,106548750000.0,309.56457588394767,9.33805786500071e-13
94,max_rate_isac,Max-rate ISAC,ok,optimal,CLARABEL,0.005327342999862594,,304.0193529040672,4560290.293561008,0.9999999993527239,3.357142855293497,1358384.343511151,106548749954.61624,2.8109092987413043e+18,2.8109092987413043e+18,2.8108632772987587e+18,3.557567654167246e-19,0.08940612888512459,-7.8931939259007695,-1.9787572664918331,0.03784714688983647,5.926149111340323e-05,64,True,45.383758544921875,,6.516454060019016e-11,0.024652853110163533,6.472761215903233e-10,25.41123460851429,-45.383758544921875,,False,,,,,,278.6081182955529,106548750000.0,309.56457588394767,9.33805786500071e-13
94,dinkelbach_ee_isac,Dinkelbach EE-ISAC,ok,optimal,CLARABEL,0.016589425000347546,,254.78321585117035,3821748.2377675553,0.7311710401471185,2.589060114706053,1476114.1373503623,106548749969.1103,2.810909299123679e+18,2.810909299123679e+18,2.810888454997955e+18,3.557567653683301e-19,0.08940612887904352,-4.054826155642686,4.170610212340432,0.06249999972020052,0.0002032576775734804,63,False,30.889694213867188,min_rate,0.0,2.7979948219458706e-10,0.26882895985288147,-23.82490244438256,-30.889694213867188,,False,5.0,True,1476114.1372784215,0.000186258926987648,False,278.6081182955529,106548750000.0,309.56457588394767,9.33805786500071e-13
94,dinkelbach_ee_rmin_isac,Dinkelbach EE-ISAC (+R_min),ok,optimal,CLARABEL,0.011275602000296203,,278.60811872542786,4179121.780881418,0.8343432723879001,2.883837921108286,1449152.7940222598,106548749940.62201,2.810909298372117e+18,2.810909298372117e+18,2.81087927716834e+18,3.5575676546344997e-19,0.08940612889099593,-5.65656316709377,1.7314316799312568,0.058227521687304794,0.00013253025063105194,64,True,59.37799072265625,,3.221921785225172e-12,0.004272478312695206,0.16565672761209993,4.2987494452972896e-07,-59.37799072265625,,False,3.0,True,1449152.7932161405,0.0023247175849974155,True,278.6081182955529,106548750000.0,309.56457588394767,9.33805786500071e-13
95,uniform,Uniform,ok,closed_form,numpy,1.4679999367217533e-06,,306.00114027990094,4590017.1041985145,1.0,3.357142857142857,1367239.137420834,76781250000.0,2.0255998281153943e+18,2.0255998281153943e+18,2.0255998281153943e+18,4.936809265680052e-19,0.10532073506634214,-13.256466474732292,-9.684463547443015,0.015625,0.0,64,False,29767500000.0,min_sensing,0.015625,0.046875,0.0,28.146990691731332,-29767500000.0,,,,,,,,277.8541495881696,106548750000.0,308.726832875744,8.30566752823335e-13
95,water_filling,Water-filling (comm. only),ok,closed_form,numpy,0.00015023700007077423,,308.726832875744,4630902.49313616,0.9999999999990699,3.3571428571401998,1379417.7639139907,79209974911.64372,2.0896730851093233e+18,2.0896730851093233e+18,2.088529115855414e+18,4.785437526691808e-19,0.10369349979188389,-12.553861906251074,-7.213644295147757,0.017307054714310287,1.3817416491928851e-05,62,False,27338775088.356277,min_sensing,0.0,0.04519294528568971,9.301448500309561e-13,30.872683287574375,-27338775088.356277,0.01741104513102984,,,,,,,277.8541495881696,106548750000.0,308.726832875744,8.30566752823335e-13
95,edge_weighted,Edge-weighted (∝ w_k),ok,closed_form,numpy,2.58230002145865e-05,,258.8864720620665,3883297.0809309976,1.0,3.357142857142857,1156726.7900645526,138161250000.0,3.644892525873283e+18,3.644892525873283e+18,3.644892525873283e+18,2.7435651199630616e-19,0.07851422418531084,-2.549921626385729,1.7017770590097698,0.045432692307692306,0.0001951694139194139,64,False,18.967677526103103,min_rate,1.1446886446886447e-05,0.017067307692307694,0.0,-18.967677526103103,31612500000.0,,,,,,,,277.8541495881696,106548750000.0,308.726832875744,8.30566752823335e-13
95,sensing_optimal,Sensing-optimal (max S),ok,closed_form,numpy,1.9878000330209034e-05,,111.11161269862548,1666674.1904793822,1.0,3.357142857142857,496456.1418449223,177581250000.0,4.684848833230989e+18,4.684848833230989e+18,4.684848833230989e+18,2.1345405915911532e-19,0.0692536896294432,-0.2904600964737499,5.960647967914347,0.0625,0.000732421875,16,False,166.7425368895441,min_rate,0.0,0.0,0.0,-166.7425368895441,71032500000.0,,,,,,,,277.8541495881696,106548750000.0,308.726832875744,8.30566752823335e-13
95,min_power_isac,Min-power ISAC,ok,optimal,CLARABEL,0.005822298000111914,,277.85415205788763,4167812.2808683147,0.8325986779732537,2.878853365637868,1447733.438116551,106548750025.56421,2.810909300613014e+18,2.810909300613014e+18,2.810386713987016e+18,3.557567651798356e-19,0.08940612885535801,-5.579192724788951,1.7794442974628915,0.05764794112691859,0.00013404236959654257,64,True,0.0,,1.1298533758382346e-10,0.004852058873081412,0.1674013220267463,2.469718026532064e-06,25.564208984375,,False,,,,,,277.8541495881696,106548750000.0,308.726832875744,8.30566752823335e-13
95,max_rate_isac,Max-rate ISAC,ok,optimal,CLARABEL,0.005383495999922161,,303.3585309331196,4550377.963996794,0.9999999988244058,3.357142853784017,1355431.735312609,106548749908.03023,2.810909297512299e+18,2.810909297512299e+18,2.8100811351394816e+18,3.5575676557227103e-19,0.08940612890466998,-7.7544482953234,-1.9646678310576504,0.03687619378180785,5.979944700341798e-05,64,True,91.96977233886719,,4.83207297390759e-11,0.02562380621819215,1.1755941775604128e-09,25.50438134494999,-91.96977233886719,,False,,,,,,277.8541495881696,106548750000.0,308.726832875744,8.30566752823335e-13
95,dinkelbach_ee_isac,Dinkelbach EE-ISAC,ok,optimal,CLARABEL,0.01487291399962487,,254.07541837224085,3811131.2755836127,0.7291481698166336,2.583280485190382,1475306.803667795,106548749955.497,2.810909298764541e+18,2.810909298764541e+18,2.8105239933087524e+18,3.557567654137837e-19,0.08940612888475505,-4.011188870321404,4.258446768390367,0.06249999971543121,0.00020725146445770823,63,False,44.50300598144531,min_rate,0.0,2.845687921415596e-10,0.27085183018336645,-23.778731215928758,-44.50300598144531,,False,5.0,True,1475306.803726008,-0.00015038065612316132,False,277.8541495881696,106548750000.0,308.726832875744,8.30566752823335e-13
95,dinkelbach_ee_rmin_isac,Dinkelbach EE-ISAC (+R_min),ok,optimal,CLARABEL,0.0116910070000813,,277.8541499458473,4167812.2491877098,0.8325986660492988,2.878853331569425,1447733.4442444835,106548749939.98715,2.810909298355368e+18,2.810909298355368e+18,2.810386778938745e+18,3.557567654655698e-19,0.0894061288912623,-5.579159130297192,1.779426478983448,0.05764873923157898,0.00013404164020168583,63,True,60.012847900390625,,0.0,0.004851260768421017,0.16740133395070123,3.576777203306847e-07,-60.012847900390625,,False,3.0,True,1447733.443528819,0.0020602932199835777,True,277.8541495881696,106548750000.0,308.726832875744,8.30566752823335e-13
96,uniform,Uniform,ok,closed_form,numpy,1.5250002434186172e-06,,304.00716528825956,4560107.479323894,1.0,3.357142857142857,1358329.887458181,76781250000.0,2.0255998281153943e+18,2.0255998281153943e+18,2.0255998281153943e+18,4.936809265680052e-19,0.10532073506634214,-13.256466474732292,-9.684463547443015,0.015625,0.0,64,False,29767500000.0,min_sensing,0.015625,0.046875,0.0,29.795728788400538,-29767500000.0,,,,,,,,274.211436499859,106548750000.0,304.67937388873224,8.078215791723335e-13
96,water_filling,Water-filling (comm. only),ok,closed_form,numpy,0.0001477119999435672,,304.67937388873224,4570190.608330984,0.9999999999990514,3.357142857140147,1361333.3726954346,77287797116.33472,2.038963269734018e+18,2.038963269734018e+18,2.0375284304077176e+18,4.904453232894428e-19,0.10497502967297026,-13.133316276659833,-8.703323545970944,0.01688440353782284,5.318358977454461e-06,64,False,29260952883.665283,min_sensing,0.004270484312496445,0.04561559646217716,9.485745522397337e-13,30.467937388873224,-29260952883.665283,0.016969496687520395,,,,,,,274.211436499859,106548750000.0,304.67937388873224,8.078215791723335e-13
96,edge_weighted,Edge-weighted (∝ w_k),ok,closed_form,numpy,2.658299990798696e-05,,249.97454886360777,3749618.2329541165,1.0,3.357142857142857,1116907.55875229,138161250000.0,3.644892525873283e+18,3.644892525873283e+18,3.644892525873283e+18,2.7435651199630616e-19,0.07851422418531084,-2.549921626385729,1.7017770590097698,0.045432692307692306,0.0001951694139194139,64,False,24.236887636251254,min_rate,1.1446886446886447e-05,0.017067307692307694,0.0,-24.236887636251254,31612500000.0,,,,,,,,274.211436499859,106548750000.0,304.67937388873224,8.078215791723335e-13
96,sensing_optimal,Sensing-optimal (max S),ok,closed_form,numpy,2.0002999917778652e-05,,103.13712532196631,1547056.8798294947,1.0,3.357142857142857,460825.45356623246,177581250000.0,4.684848833230989e+18,4.684848833230989e+18,4.684848833230989e+18,2.1345405915911532e-19,0.0692536896294432,-0.2904600964737499,5.960647967914347,0.0625,0.000732421875,16,False,171.0743111778927,min_rate,0.0,0.0,0.0,-171.0743111778927,71032500000.0,,,,,,,,274.211436499859,106548750000.0,304.67937388873224,8.078215791723335e-13
96,min_power_isac,Min-power ISAC,ok,optimal,CLARABEL,0.005335135999757767,,274.2114388902387,4113171.5833535804,0.8436620863306528,2.9104631038018653,1413236.1197022726,106548750027.16907,2.8109093006553523e+18,2.8109093006553523e+18,2.809488249293914e+18,3.557567651744772e-19,0.08940612885468469,-5.762086989805194,1.5628505888409547,0.05822375768869258,0.00012958272596253848,64,True,0.0,,3.502275097407114e-10,0.004276242311307417,0.15633791366934724,2.390379677308374e-06,27.1690673828125,,False,,,,,,274.211436499859,106548750000.0,304.67937388873224,8.078215791723335e-13
96,max_rate_isac,Max-rate ISAC,ok,optimal,CLARABEL,0.005387446999975509,,298.45499783581374,4476824.967537207,0.9999999988355681,3.357142853815909,1333522.332077292,106548749905.27875,2.8109092974397107e+18,2.8109092974397107e+18,2.809504404318444e+18,3.55756765581458e-19,0.08940612890582438,-7.814980552578147,-2.0823639623772032,0.03882823827043264,5.676347067299228e-05,64,True,94.72125244140625,,2.235933639982774e-09,0.023671761729567357,1.164431884248529e-09,24.243561335954723,-94.72125244140625,,False,,,,,,274.211436499859,106548750000.0,304.67937388873224,8.078215791723335e-13
96,dinkelbach_ee_isac,Dinkelbach EE-ISAC,ok,optimal,CLARABEL,0.01622625999925731,,250.65442469617926,3759816.370442689,0.7398709440620045,2.6139169830342985,1438384.001804909,106548749979.83911,2.81090929940672e+18,2.81090929940672e+18,2.8094299004470656e+18,3.557567653325077e-19,0.08940612887454222,-4.1805028625793215,4.044762817059929,0.0624999998844043,0.00020129691622865195,64,False,23.557011803679757,min_rate,6.681179601618038e-12,1.1559569967900529e-10,0.2601290559379955,-23.557011803679757,-20.160888671875,,False,5.0,True,1438384.0019195685,-0.00029971031472086906,False,274.211436499859,106548750000.0,304.67937388873224,8.078215791723335e-13
96,dinkelbach_ee_rmin_isac,Dinkelbach EE-ISAC (+R_min),ok,optimal,CLARABEL,0.01180402399995728,,274.21143667150034,4113171.550072505,0.8436620734828326,2.9104630670938074,1413236.1260916605,106548749966.54909,2.81090929905611e+18,2.81090929905611e+18,2.809488036603463e+18,3.557567653768819e-19,0.0894061288801181,-5.762051257541264,1.562864593466124,0.05822153461491318,0.0001295833127671637,64,True,33.45091247558594,,2.92604367920364e-11,0.004278465385086819,0.15633792651716738,1.716413180474774e-07,-33.45091247558594,,False,3.0,True,1413236.1259363978,0.000451886560767889,True,274.211436499859,106548750000.0,304.67937388873224,8.078215791723335e-13
97,uniform,Uniform,ok,closed_form,numpy,1.5729997357993852e-06,,320.8782071951554,4813173.107927332,1.0,3.357142857142857,1433711.1385315456,76781250000.0,2.0255998281153943e+18,2.0255998281153943e+18,2.0255998281153943e+18,4.936809265680052e-19,0.10532073506634214,-13.256466474732292,-9.684463547443015,0.015625,0.0,64,False,29767500000.0,min_sensing,0.015625,0.046875,0.0,30.651525536075326,-29767500000.0,,,,,,,,290.2266816590801,106548750000.0,322.4740907323112,1.033100617222528e-12
97,water_filling,Water-filling (comm. only),ok,closed_form,numpy,0.0001594889999978477,,322.4740907323112,4837111.360984668,1.0000000000007052,3.357142857144872,1440841.6819945683,77731881266.5105,2.050678848449718e+18,2.050678848449718e+18,2.048274441224123e+18,4.876433970906682e-19,0.10467473770113452,-14.068822852146273,-7.8339577525456985,0.01707716318680852,1.1618462110662229e-05,63,False,28816868733.489502,min_sensing,0.0,0.04542283681319148,-7.052136652418994e-13,32.2474090732311,-28816868733.489502,0.01714120349212573,,,,,,,290.2266816590801,106548750000.0,322.4740907323112,1.033100617222528e-12
97,edge_weighted,Edge-weighted (∝ w_k),ok,closed_form,numpy,2.6528000034886645e-05,,263.31313562689195,3949697.034403379,1.0,3.357142857142857,1176505.4996095172,138161250000.0,3.644892525873283e+18,3.644892525873283e+18,3.644892525873283e+18,2.7435651199630616e-19,0.07851422418531084,-2.549921626385729,1.7017770590097698,0.045432692307692306,0.0001951694139194139,64,False,26.91354603218815,min_rate,1.1446886446886447e-05,0.017067307692307694,0.0,-26.91354603218815,31612500000.0,,,,,,,,290.2266816590801,106548750000.0,322.4740907323112,1.033100617222528e-12
97,sensing_optimal,Sensing-optimal (max S),ok,closed_form,numpy,2.02380001610436e-05,,119.34005548292944,1790100.8322439417,1.0,3.357142857142857,533221.5244981954,177581250000.0,4.684848833230989e+18,4.684848833230989e+18,4.684848833230989e+18,2.1345405915911532e-19,0.0692536896294432,-0.2904600964737499,5.960647967914347,0.0625,0.000732421875,16,False,170.88662617615066,min_rate,0.0,0.0,0.0,-170.88662617615066,71032500000.0,,,,,,,,290.2266816590801,106548750000.0,322.4740907323112,1.033100617222528e-12
97,min_power_isac,Min-power ISAC,ok,optimal,CLARABEL,0.0057269779999842285,,290.22668510064034,4353400.276509605,0.8320885840920396,2.8773959545486845,1512965.314915246,106548750038.47238,2.8109093009535503e+18,2.8109093009535503e+18,2.8087868726615086e+18,3.5575676513673637e-19,0.08940612884994231,-5.802718752119591,1.880973116723223,0.059967181217923826,0.0001381336812688307,64,True,0.0,,4.2324696112310005e-10,0.002532818782076174,0.16791141590796044,3.4415602385706734e-06,38.472381591796875,,False,,,,,,290.2266816590801,106548750000.0,322.4740907323112,1.033100617222528e-12
97,max_rate_isac,Max-rate ISAC,ok,optimal,CLARABEL,0.005152124000233016,,316.51682952931446,4747752.442939717,0.9999999992594591,3.357142855027026,1414224.1328308017,106548749946.41925,2.810909298525056e+18,2.810909298525056e+18,2.8085336006049116e+18,3.557567654440936e-19,0.08940612888856368,-8.150503110154665,-1.8848625310935652,0.038616464647162736,6.229082534375345e-05,64,True,53.58074951171875,,2.1378222730260204e-10,0.023883535352837264,7.405408508631695e-10,26.290147870234364,-53.58074951171875,,False,,,,,,290.2266816590801,106548750000.0,322.4740907323112,1.033100617222528e-12
97,dinkelbach_ee_isac,Dinkelbach EE-ISAC,ok,optimal,CLARABEL,0.015501891000440082,,265.40141471206425,3981021.2206809637,0.7282284066926418,2.580652590550405,1542641.2819990953,106548749972.96559,2.8109092992253865e+18,2.8109092992253865e+18,2.809892784769942e+18,3.5575676535545774e-19,0.08940612887742604,-4.11768721238344,4.3400014472334245,0.06249999981623388,0.00021102094012132497,64,False,27.034408569335938,min_rate,1.0841402369145477e-11,1.8376612037629414e-10,0.27177159330735823,-24.825266947015848,-27.034408569335938,,False,5.0,True,1542641.2819648837,8.828844875097275e-05,False,290.2266816590801,106548750000.0,322.4740907323112,1.033100617222528e-12
97,dinkelbach_ee_rmin_isac,Dinkelbach EE-ISAC (+R_min),ok,optimal,CLARABEL,0.011751373000151943,,290.2266820014856,4353400.230022284,0.8320885663591203,2.877395903883201,1512965.3253996558,106548749934.11172,2.8109092982003656e+18,2.8109092982003656e+18,2.808786585208454e+18,3.5575676548518737e-19,0.08940612889372737,-5.802605719262038,1.8808674502986436,0.05996648192318878,0.0001381293999982746,64,True,65.88827514648438,,5.022776772356044e-11,0.0025335180768112225,0.16791143364087968,3.4240548529851367e-07,-65.88827514648438,,False,3.0,True,1512965.3249821872,0.001201222650706768,True,290.2266816590801,106548750000.0,322.4740907323112,1.033100617222528e-12
98,uniform,Uniform,ok,closed_form,numpy,1.4349998309626244e-06,,312.33437952666895,4685015.692900035,1.0,3.357142857142857,1395536.5893744784,76781250000.0,2.0255998281153943e+18,2.0255998281153943e+18,2.0255998281153943e+18,4.936809265680052e-19,0.10532073506634214,-13.256466474732292,-9.684463547443015,0.015625,0.0,64,False,29767500000.0,min_sensing,0.015625,0.046875,0.0,30.250376440570278,-29767500000.0,,,,,,,,282.0840030860987,106548750000.0,313.4266700956652,9.82233437162545e-13
98,water_filling,Water-filling (comm. only),ok,closed_form,numpy,0.00014722000014444347,,313.4266700956652,4701400.051434978,0.9999999999997474,3.3571428571421356,1400417.036597954,78356707323.90784,2.0671626586828946e+18,2.0671626586828946e+18,2.066928707690644e+18,4.837548684423103e-19,0.10425655773759201,-12.636995193433329,-8.12360773734594,0.017023707385879657,7.334777715873221e-06,63,False,28192042676.092163,min_sensing,0.0,0.04547629261412034,2.525757381022231e-13,31.342667009566526,-28192042676.092163,0.017075696693954708,,,,,,,282.0840030860987,106548750000.0,313.4266700956652,9.82233437162545e-13
98,edge_weighted,Edge-weighted (∝ w_k),ok,closed_form,numpy,2.6301000161765842e-05,,262.68062817560246,3940209.4226340367,1.0,3.357142857142857,1173679.4024867343,138161250000.0,3.644892525873283e+18,3.644892525873283e+18,3.644892525873283e+18,2.7435651199630616e-19,0.07851422418531084,-2.549921626385729,1.7017770590097698,0.045432692307692306,0.0001951694139194139,64,False,19.40337491049621,min_rate,1.1446886446886447e-05,0.017067307692307694,0.0,-19.40337491049621,31612500000.0,,,,,,,,282.0840030860987,106548750000.0,313.4266700956652,9.82233437162545e-13
98,sensing_optimal,Sensing-optimal (max S),ok,closed_form,numpy,1.99299997802882e-05,,120.21578138527738,1803236.7207791607,1.0,3.357142857142857,537134.34235975,177581250000.0,4.684848833230989e+18,4.684848833230989e+18,4.684848833230989e+18,2.1345405915911532e-19,0.0692536896294432,-0.2904600964737499,5.960647967914347,0.0625,0.000732421875,16,False,161.8682217008213,min_rate,0.0,0.0,0.0,-161.8682217008213,71032500000.0,,,,,,,,282.0840030860987,106548750000.0,313.4266700956652,9.82233437162545e-13
98,min_power_isac,Min-power ISAC,ok,optimal,CLARABEL,0.005686298000000534,,282.08400731795666,4231260.10976935,0.835583842741241,2.887382407832117,1465431.1456258518,106548750042.07654,2.810909301048633e+18,2.810909301048633e+18,2.810527962505262e+18,3.5575676512470244e-19,0.08940612884843019,-5.594475218663568,1.701751001170548,0.058664072632745694,0.00013200151376068045,64,True,0.0,,2.4900858898419447e-10,0.0038359273672543062,0.16441615725875902,4.231857985814713e-06,42.0765380859375,,False,,,,,,282.0840030860987,106548750000.0,313.4266700956652,9.82233437162545e-13
98,max_rate_isac,Max-rate ISAC,ok,optimal,CLARABEL,0.005649463000281685,,307.5764222938532,4613646.334407798,0.9999999992045893,3.357142854870255,1374277.632456038,106548749942.9144,2.810909298432593e+18,2.810909298432593e+18,2.8106278547678397e+18,3.55756765455796e-19,0.08940612889003416,-7.739956119440596,-2.109042839186313,0.03833557905664285,5.582671586653764e-05,64,True,57.085601806640625,,1.2023126344632954e-10,0.02416442094335715,7.954107372754038e-10,25.49241920775455,-57.085601806640625,,False,,,,,,282.0840030860987,106548750000.0,313.4266700956652,9.82233437162545e-13
98,dinkelbach_ee_isac,Dinkelbach EE-ISAC,ok,optimal,CLARABEL,0.01759041299965247,,256.91113847248573,3853667.077087286,0.7272841851433236,2.5779548146952105,1494854.3919854942,106548749969.6237,2.810909299137223e+18,2.810909299137223e+18,2.810558729936622e+18,3.5575676536661595e-19,0.08940612887882814,-3.9204973199602526,4.267783945798376,0.06249999978029079,0.0002070985530728693,64,False,30.376296997070312,min_rate,4.431146150993387e-12,2.1970920915936887e-10,0.2727158148566764,-25.172864613612944,-30.376296997070312,,False,5.0,True,1494854.3920790316,-0.00024113524705171585,False,282.0840030860987,106548750000.0,313.4266700956652,9.82233437162545e-13
98,dinkelbach_ee_rmin_isac,Dinkelbach EE-ISAC (+R_min),ok,optimal,CLARABEL,0.011263198999586166,,282.08400358140057,4231260.053721009,0.8355838228849817,2.887382351099948,1465431.1550076182,106548749929.11285,2.8109092980684887e+18,2.8109092980684887e+18,2.8105287075152374e+18,3.5575676550187805e-19,0.08940612889582465,-5.594491736774621,1.7017778461394397,0.05866382327013777,0.00013200246830542627,64,True,70.88714599609375,,2.1678987739375497e-11,0.00383617672986223,0.16441617711501832,4.953018901687756e-07,-70.88714599609375,,False,3.0,True,1465431.1554478959,-0.0012712497264146805,True,282.0840030860987,106548750000.0,313.4266700956652,9.82233437162545e-13
99,uniform,Uniform,ok,closed_form,numpy,1.5650002751499414e-06,,305.6417248784668,4584625.873177002,1.0,3.357142857142857,1365633.2388186816,76781250000.0,2.0255998281153943e+18,2.0255998281153943e+18,2.0255998281153943e+18,4.936809265680052e-19,0.10532073506634214,-13.256466474732292,-9.684463547443015,0.015625,0.0,64,False,29767500000.0,min_sensing,0.015625,0.046875,0.0,29.2106991129599,-29767500000.0,,,,,,,,276.4310257655069,106548750000.0,307.1455841838965,8.273188994864779e-13
99,water_filling,Water-filling (comm. only),ok,closed_form,numpy,0.00019182199957867851,,307.1455841838965,4607183.762758448,1.0000000000006435,3.3571428571446957,1372352.610182616,77009639380.8114,2.031625068529102e+18,2.031625068529102e+18,2.0307087946792067e+18,4.922168049068231e-19,0.10516444295379701,-13.910947483586884,-7.896603847636264,0.017268446674652445,1.2115433585902213e-05,63,False,29539110619.1886,min_sensing,0.0,0.045231553325347555,-6.434852650727407e-13,30.71455841838963,-29539110619.1886,0.017348482843272103,,,,,,,276.4310257655069,106548750000.0,307.1455841838965,8.273188994864779e-13
99,edge_weighted,Edge-weighted (∝ w_k),ok,closed_form,numpy,2.710699982344522e-05,,251.74184412768545,3776127.661915282,1.0,3.357142857142857,1124803.9844002966,138161250000.0,3.644892525873283e+18,3.644892525873283e+18,3.644892525873283e+18,2.7435651199630616e-19,0.07851422418531084,-2.549921626385729,1.7017770590097698,0.045432692307692306,0.0001951694139194139,64,False,24.689181637821434,min_rate,1.1446886446886447e-05,0.017067307692307694,0.0,-24.689181637821434,31612500000.0,,,,,,,,276.4310257655069,106548750000.0,307.1455841838965,8.273188994864779e-13
99,sensing_optimal,Sensing-optimal (max S),ok,closed_form,numpy,1.9892000182153424e-05,,108.94399118698531,1634159.8678047797,1.0,3.357142857142857,486771.02445248753,177581250000.0,4.684848833230989e+18,4.684848833230989e+18,4.684848833230989e+18,2.1345405915911532e-19,0.0692536896294432,-0.2904600964737499,5.960647967914347,0.0625,0.000732421875,16,False,167.48703457852156,min_rate,0.0,0.0,0.0,-167.48703457852156,71032500000.0,,,,,,,,276.4310257655069,106548750000.0,307.1455841838965,8.273188994864779e-13
99,min_power_isac,Min-power ISAC,ok,optimal,CLARABEL,0.005261774000246078,,276.4310285157369,4146465.4277360532,0.8385043653743487,2.895726758212425,1431925.6525072579,106548750032.46597,2.8109093007950925e+18,2.8109093007950925e+18,2.809584079153446e+18,3.5575676515679122e-19,0.08940612885246234,-5.8391894083359075,1.81359277640907,0.059280491160393446,0.0001376452734816775,64,True,0.0,,4.0971305102580236e-10,0.003219508839606554,0.1614956346256513,2.7502300099513377e-06,32.465972900390625,,False,,,,,,276.4310257655069,106548750000.0,307.1455841838965,8.273188994864779e-13
99,max_rate_isac,Max-rate ISAC,ok,optimal,CLARABEL,0.005373573999804648,,301.04645154553396,4515696.77318301,0.9999999990527899,3.357142854436543,1345101.16756438,106548749925.24442,2.810909297966434e+18,2.810909297966434e+18,2.8097871127974216e+18,3.5575676551479445e-19,0.08940612889744769,-8.090860159130607,-1.800531839718661,0.03942805330599566,6.432484873014258e-05,64,True,74.75558471679688,,5.157549076508628e-10,0.023071946694004343,9.472100881424694e-10,24.615425780027067,-74.75558471679688,,False,,,,,,276.4310257655069,106548750000.0,307.1455841838965,8.273188994864779e-13
99,dinkelbach_ee_isac,Dinkelbach EE-ISAC,ok,optimal,CLARABEL,0.015814041999874462,,252.53068909615774,3787960.3364423662,0.7334357010707009,2.595530574487717,1459416.5731181959,106548749941.93225,2.8109092984066826e+18,2.8109092984066826e+18,2.809671888443253e+18,3.5575676545907527e-19,0.08940612889044622,-4.150490526524077,4.239471929669416,0.06249999967039755,0.0002082307354856115,64,False,58.0677490234375,min_rate,2.1533528574846892e-11,3.2960244950031026e-10,0.2665642989292991,-23.900336669349144,-58.0677490234375,,False,5.0,True,1459416.5730334688,0.00021991180256009102,False,276.4310257655069,106548750000.0,307.1455841838965,8.273188994864779e-13
99,dinkelbach_ee_rmin_isac,Dinkelbach EE-ISAC (+R_min),ok,optimal,CLARABEL,0.011271751999629487,,276.4310261419795,4146465.3921296922,0.8385043511346364,2.8957267175275327,1431925.6603296052,106548749938.16568,2.810909298307315e+18,2.810909298307315e+18,2.80958300248929e+18,3.557567654716515e-19,0.0894061288920265,-5.839178302696224,1.8135649003448209,0.059281153612096585,0.00013764419364482123,64,True,61.834320068359375,,4.9636277549415514e-11,0.003218846387903415,0.1614956488653636,3.764725988730788e-07,-61.834320068359375,,False,3.0,True,1431925.6603570564,-7.949164137244225e-05,True,276.4310257655069,106548750000.0,307.1455841838965,8.273188994864779e-13
