method,label,status,solver_status,solve_time_s,solver_inaccurate,error,optimizer_model,rate_spectral_efficiency,rate_bps,tx_power_w,system_power_w,energy_efficiency_bit_per_j,sensing_surrogate,delay_fim_per_s2,delay_fim_known_amplitude_per_s2,delay_fim_unknown_amplitude_per_s2,delay_crb_s2,range_rmse_bound_m,psl_db,isl_db,peak_power_w,power_variance_w2,num_active_subcarriers,spectral_centroid_hz,power_weighted_spectral_variance_hz2,unknown_amplitude_kernel_w_hz2,rate_mbps,ee_mbit_per_j,optimizer_claimed_sensing_metric,optimizer_claimed_known_fim,independently_evaluated_unknown_fim,independently_evaluated_known_fim,fim_mismatch_percent,centroid_magnitude_hz,gamma_unknown_fim,gamma_conventional_s,c_beta,j_max,s_max,fim_fraction,max_range_rmse_m_target,optimizer_claimed_sensing_satisfied,physical_sensing_satisfied,false_sensing_feasibility,psl_requirement_applicable,requested_psl_max_db,optimization_grid_psl_db,validation_grid_psl_db,dense_psl_db,psl_margin_db,dense_psl_satisfied,psl_tolerance_db,optimization_oversampling,validation_oversampling,worst_delay_s,mainlobe_exclusion_s,realization,channel_kind,water_level_w,sensing_model,min_sensing_surrogate,min_unknown_fim,gamma_fim_kernel,unknown_fim_representation,s0_epsilon_w,psl_max_db,psl_rho,num_psl_soc_constraints,psl_mainlobe_exclusion_s,validation_grid_isl_db,violation_margin_db,optimization_grid_sidelobe_samples,validation_grid_sidelobe_samples,cutting_plane_iteration,cutting_plane_num_constraints,cutting_plane_converged,cutting_plane_iterations,cutting_plane_status,cutting_plane_infeasible,cutting_plane_runtime_s,num_added_soc_constraints,num_final_soc_constraints,initial_validation_grid_psl_db,initial_optimization_grid_psl_db,worst_violating_delay_s,num_worst_violating_delays
uniform,Uniform,ok,ok,1.517400232842192e-05,False,,none,162.49017756326717,2437352.6634490076,1.0,3.357142857142857,726019.9423039596,76781250000.0,2.0255998281153943e+18,2.0255998281153943e+18,2.0255998281153943e+18,4.936809265680052e-19,0.10532073506634214,-13.256466474732292,-9.684463547443015,0.015625,0.0,64,0.0,76781250000.0,76781250000.0,2.4373526634490075,0.7260199423039596,76781250000.0,2.0255998281153943e+18,2.0255998281153943e+18,2.0255998281153943e+18,0.0,0.0,2.3424244139706967e+18,88790624899.74777,26381438.54281344,4.684848827941393e+18,177581250000.0,0.5,0.09793950717362658,False,False,False,True,-13.256466474732292,-13.456972739469613,-13.256466474732292,-13.256466474732292,0.0,True,0.25,4,32,-1.4973958333333334e-06,1.0416666666666667e-06,0,natural_tdl,,,,,,,,,,,,,,,,,,,,,,,,,,,,
water_filling,Water-filling,ok,ok,0.00021366800137911923,False,,none,166.94449202651796,2504167.3803977696,0.9999999999995635,3.35714285714161,745922.198416634,88553362031.24062,2.336165078186684e+18,2.336165078186684e+18,2.2730354809658383e+18,4.2805194262050757e-19,0.0980706250870433,-8.906091573766492,-4.575254428213406,0.02040278231959469,4.356163576095624e-05,58,48917.84003833612,86160406957.26303,86160406957.22542,2.5041673803977695,0.745922198416634,88553362031.24062,2.3361650781866834e+18,2.2730354809658383e+18,2.336165078186684e+18,2.702274672723314,48917.84003833612,2.3424244139706967e+18,88790624899.74777,26381438.54281344,4.684848827941393e+18,177581250000.0,0.5,0.09793950717362658,False,False,False,True,-13.256466474732292,-9.104713556597146,-8.897024318768436,-8.897024318768436,-4.3594421559638565,False,0.25,4,32,-1.3997395833333333e-06,1.0416666666666667e-06,0,natural_tdl,0.02155686917782476,,,,,,,,,,,,,,,,,,,,,,,,,,,
conventional_s2,Conventional $S_2$,ok,optimal,0.007736611998552689,False,,conventional_s2,166.94418576280717,2504162.7864421075,0.9999999971342215,3.357142848954919,745920.8318233034,88790627402.68701,2.342424480001834e+18,2.342424480001834e+18,2.2794127828029745e+18,4.269081067660363e-19,0.09793950579320704,-8.869029665202087,-4.539884176797146,0.02052034633515695,4.3738372921103144e-05,64,48872.13959722522,86402141628.33063,86402141380.72122,2.5041627864421074,0.7459208318233034,88790627402.68701,2.342424480001834e+18,2.2794127828029745e+18,2.342424480001834e+18,2.690020435527987,48872.13959722522,2.3424244139706967e+18,88790624899.74777,26381438.54281344,4.684848827941393e+18,177581250000.0,0.5,0.09793950717362658,True,False,True,True,-13.256466474732292,-9.06500681417511,-8.861389804384437,-8.861389804384437,-4.395076670347855,False,0.25,4,32,-1.3997395833333333e-06,1.0416666666666667e-06,0,natural_tdl,,known_amplitude_linear,88790624899.74777,,,,,,,,,,,,,,,,,,,,,,,,,
exact_efim,Exact EFIM,ok,optimal,0.008722589998797048,False,,exact_efim,166.91301867648855,2503695.280147328,0.999999997847227,3.3571428509920773,745781.574176224,90822247857.72733,2.3960215501788027e+18,2.3960215501788027e+18,2.34242440814165e+18,4.1735851663161174e-19,0.09683789653495388,-8.569864299515382,-4.204010823840005,0.021187399845770078,4.483793932350083e-05,64,45073.530850219926,88790624869.94128,88790624678.79523,2.503695280147328,0.7457815741762239,90822247857.72733,2.396021550178803e+18,2.34242440814165e+18,2.3960215501788027e+18,2.236922369631988,45073.530850219926,2.3424244139706967e+18,88790624899.74777,26381438.54281344,4.684848827941393e+18,177581250000.0,0.5,0.09793950717362658,True,True,False,True,-13.256466474732292,-8.757329591645258,-8.56809682963771,-8.56809682963771,-4.688369645094582,False,0.25,4,32,-1.3997395833333333e-06,1.0416666666666667e-06,0,natural_tdl,,unknown_amplitude_exact,,2.3424244139706967e+18,88790624899.74777,quad_over_lin,1e-12,,,,,,,,,,,,,,,,,,,,,
exact_efim_sampled_psl,Exact EFIM+sampled PSL,ok,optimal,0.4638986490026582,False,,exact_efim,162.8588508385703,2442882.7625785545,0.9999999995836395,3.357142855953256,727667.2061323114,88993857836.30911,2.347785991196465e+18,2.347785991196465e+18,2.342424410162657e+18,4.2593319993803427e-19,0.0978276123137344,-13.074583821327595,-4.538723784746834,0.04102218652461231,3.331302518371064e-05,64,14255.984041495305,88790624792.37126,88790624755.40236,2.4428827625785545,0.7276672061323114,88993857836.30911,2.347785991196465e+18,2.342424410162657e+18,2.347785991196465e+18,0.22836753664570789,14255.984041495305,2.3424244139706967e+18,88790624899.74777,26381438.54281344,4.684848827941393e+18,177581250000.0,0.5,0.09793950717362658,True,True,False,True,-13.256466474732292,-13.256466459300924,-13.074583821327595,-13.074583821327595,-0.18188265340469734,True,0.25,4,32,-1.3671875e-06,1.0416666666666667e-06,0,natural_tdl,,unknown_amplitude_exact,,2.3424244139706967e+18,88790624899.74777,quad_over_lin,1e-12,-13.256466474732292,0.2173585239870126,249.0,1.0416666666666667e-06,,,,,,,,,,,,,,,,,
exact_efim_cutting_plane_psl,Exact EFIM+cutting-plane PSL,ok,optimal,0.44132093400185113,False,,exact_efim,162.8588508385703,2442882.7625785545,0.9999999995836395,3.357142855953256,727667.2061323114,88993857836.30911,2.347785991196465e+18,2.347785991196465e+18,2.342424410162657e+18,4.2593319993803427e-19,0.0978276123137344,-13.074583821327595,-4.538723784746834,0.04102218652461231,3.331302518371064e-05,64,14255.984041495305,88790624792.37126,88790624755.40236,2.4428827625785545,0.7276672061323114,88993857836.30911,2.347785991196465e+18,2.342424410162657e+18,2.347785991196465e+18,0.22836753664570789,14255.984041495305,2.3424244139706967e+18,88790624899.74777,26381438.54281344,4.684848827941393e+18,177581250000.0,0.5,0.09793950717362658,True,True,False,True,-13.256466474732292,-13.256466459300924,-13.074583821327595,-13.074583821327595,-0.18188265340469734,True,0.25,4,32,-1.3671875e-06,1.0416666666666667e-06,0,natural_tdl,,unknown_amplitude_exact,,2.3424244139706967e+18,88790624899.74777,quad_over_lin,1e-12,-13.256466474732292,0.2173585239870126,249.0,1.0416666666666667e-06,-4.54305460428243,-0.18188265340469734,249.0,1985.0,1.0,249.0,True,1.0,dense_psl_satisfied,False,0.44132093400185113,0.0,249.0,-13.074583821327595,-13.256466459300924,,0.0
uniform,Uniform,ok,ok,1.636600063648075e-05,False,,none,247.8203747103446,3717305.620655169,1.0,3.357142857142857,1107282.5253015396,76781250000.0,2.0255998281153943e+18,2.0255998281153943e+18,2.0255998281153943e+18,4.936809265680052e-19,0.10532073506634214,-13.256466474732292,-9.684463547443015,0.015625,0.0,64,0.0,76781250000.0,76781250000.0,3.7173056206551687,1.1072825253015395,76781250000.0,2.0255998281153943e+18,2.0255998281153943e+18,2.0255998281153943e+18,0.0,0.0,2.3424244139706967e+18,88790624899.74777,26381438.54281344,4.684848827941393e+18,177581250000.0,0.5,0.09793950717362658,False,False,False,True,-13.256466474732292,-13.456972739469613,-13.256466474732292,-13.256466474732292,0.0,True,0.25,4,32,-1.4973958333333334e-06,1.0416666666666667e-06,1,natural_tdl,,,,,,,,,,,,,,,,,,,,,,,,,,,,
water_filling,Water-filling,ok,ok,0.0002147209997929167,False,,none,248.08911348396208,3721336.702259431,0.9999999999997526,3.3571428571421507,1108483.273013681,73265492283.97952,1.9328490819987776e+18,1.9328490819987776e+18,1.924403406285067e+18,5.173709677146084e-19,0.10781811496237345,-14.009149386853688,-10.690998439195006,0.016378735113226742,1.8966143266363929e-06,64,-17892.373866126185,72945355241.43242,72945355241.41437,3.721336702259431,1.1084832730136809,73265492283.97952,1.932849081998778e+18,1.924403406285067e+18,1.9328490819987776e+18,0.4369547417006215,17892.373866126185,2.3424244139706967e+18,88790624899.74777,26381438.54281344,4.684848827941393e+18,177581250000.0,0.5,0.09793950717362658,False,False,False,True,-13.256466474732292,-14.037745757923565,-13.982295755137766,-13.982295755137766,0.725829280405474,True,0.25,4,32,-1.5299479166666667e-06,1.0416666666666667e-06,1,natural_tdl,0.017128145958800328,,,,,,,,,,,,,,,,,,,,,,,,,,,
conventional_s2,Conventional $S_2$,ok,optimal,0.007288059998245444,False,,conventional_s2,246.2714180048746,3694071.270073119,0.9999999971858796,3.3571428491025133,1100361.657550759,88790624705.92708,2.3424244088574275e+18,2.3424244088574275e+18,2.333979089826505e+18,4.269081197321426e-19,0.09793950728052246,-10.540608592050075,-6.1878440292342285,0.025795392484420695,8.880857880711552e-06,64,-17891.99606663426,88470501432.54613,88470501183.57948,3.694071270073119,1.1003616575507589,88790624705.92708,2.342424408857428e+18,2.333979089826505e+18,2.3424244088574275e+18,0.3605375268029094,17891.99606663426,2.3424244139706967e+18,88790624899.74777,26381438.54281344,4.684848827941393e+18,177581250000.0,0.5,0.09793950717362658,True,False,True,True,-13.256466474732292,-11.01429925497653,-10.536176785403432,-10.536176785403432,-2.72028968932886,False,0.25,4,32,-1.3997395833333333e-06,1.0416666666666667e-06,1,natural_tdl,,known_amplitude_linear,88790624899.74777,,,,,,,,,,,,,,,,,,,,,,,,,
exact_efim,Exact EFIM,ok,optimal,0.00841397899785079,False,,exact_efim,246.2276310335238,3693414.465502857,0.9999999983867711,3.3571428525336318,1100166.0125113358,88906888029.98584,2.3454916025958666e+18,2.3454916025958666e+18,2.3424244040712873e+18,4.263498530087478e-19,0.09787544870207403,-10.525769177450888,-6.185752081579018,0.024750023521503208,8.27948266185402e-06,64,-10782.555618547534,88790624667.74593,88790624524.50633,3.6934144655028573,1.1001660125113357,88906888029.98584,2.345491602595867e+18,2.3424244040712873e+18,2.3454916025958666e+18,0.13076996401030447,10782.555618547534,2.3424244139706967e+18,88790624899.74777,26381438.54281344,4.684848827941393e+18,177581250000.0,0.5,0.09793950717362658,True,True,False,True,-13.256466474732292,-10.98812878808706,-10.518023878645536,-10.518023878645536,-2.738442596086756,False,0.25,4,32,-1.3997395833333333e-06,1.0416666666666667e-06,1,natural_tdl,,unknown_amplitude_exact,,2.3424244139706967e+18,88790624899.74777,quad_over_lin,1e-12,,,,,,,,,,,,,,,,,,,,,
exact_efim_sampled_psl,Exact EFIM+sampled PSL,ok,optimal,0.49726142099825665,False,,exact_efim,245.13746990163102,3677062.0485244654,0.9999999994472177,3.3571428555634792,1095295.078799168,88842381045.25015,2.3437898155424804e+18,2.3437898155424804e+18,2.3424244095004324e+18,4.266594185914856e-19,0.09791097512740048,-13.025541680785164,-5.373116773717209,0.03371311447660035,1.9786035923207585e-05,64,-7194.186192914549,88790624779.38232,88790624730.30045,3.6770620485244656,1.0952950787991682,88842381045.25015,2.3437898155424804e+18,2.3424244095004324e+18,2.3437898155424804e+18,0.05825633480415012,7194.186192914549,2.3424244139706967e+18,88790624899.74777,26381438.54281344,4.684848827941393e+18,177581250000.0,0.5,0.09793950717362658,True,True,False,True,-13.256466474732292,-13.256466458690921,-13.025541680785164,-13.025541680785164,-0.2309247939471284,True,0.25,4,32,-1.3671875e-06,1.0416666666666667e-06,1,natural_tdl,,unknown_amplitude_exact,,2.3424244139706967e+18,88790624899.74777,quad_over_lin,1e-12,-13.256466474732292,0.2173585239870126,249.0,1.0416666666666667e-06,,,,,,,,,,,,,,,,,
exact_efim_cutting_plane_psl,Exact EFIM+cutting-plane PSL,ok,optimal,0.4972281020018272,False,,exact_efim,245.13746990163102,3677062.0485244654,0.9999999994472177,3.3571428555634792,1095295.078799168,88842381045.25015,2.3437898155424804e+18,2.3437898155424804e+18,2.3424244095004324e+18,4.266594185914856e-19,0.09791097512740048,-13.025541680785164,-5.373116773717209,0.03371311447660035,1.9786035923207585e-05,64,-7194.186192914549,88790624779.38232,88790624730.30045,3.6770620485244656,1.0952950787991682,88842381045.25015,2.3437898155424804e+18,2.3424244095004324e+18,2.3437898155424804e+18,0.05825633480415012,7194.186192914549,2.3424244139706967e+18,88790624899.74777,26381438.54281344,4.684848827941393e+18,177581250000.0,0.5,0.09793950717362658,True,True,False,True,-13.256466474732292,-13.256466458690921,-13.025541680785164,-13.025541680785164,-0.2309247939471284,True,0.25,4,32,-1.3671875e-06,1.0416666666666667e-06,1,natural_tdl,,unknown_amplitude_exact,,2.3424244139706967e+18,88790624899.74777,quad_over_lin,1e-12,-13.256466474732292,0.2173585239870126,249.0,1.0416666666666667e-06,-5.376058521032859,-0.2309247939471284,249.0,1985.0,1.0,249.0,True,1.0,dense_psl_satisfied,False,0.4972281020018272,0.0,249.0,-13.025541680785164,-13.256466458690921,,0.0
uniform,Uniform,ok,ok,1.4749999536434188e-05,False,,none,311.2091409363667,4668137.1140455,1.0,3.357142857142857,1390508.9275880211,76781250000.0,2.0255998281153943e+18,2.0255998281153943e+18,2.0255998281153943e+18,4.936809265680052e-19,0.10532073506634214,-13.256466474732292,-9.684463547443015,0.015625,0.0,64,0.0,76781250000.0,76781250000.0,4.6681371140455,1.3905089275880211,76781250000.0,2.0255998281153943e+18,2.0255998281153943e+18,2.0255998281153943e+18,0.0,0.0,2.3424244139706967e+18,88790624899.74777,26381438.54281344,4.684848827941393e+18,177581250000.0,0.5,0.09793950717362658,False,False,False,True,-13.256466474732292,-13.456972739469613,-13.256466474732292,-13.256466474732292,0.0,True,0.25,4,32,-1.4973958333333334e-06,1.0416666666666667e-06,2,natural_tdl,,,,,,,,,,,,,,,,,,,,,,,,,,,,
water_filling,Water-filling,ok,ok,0.0001740360021358356,False,,none,311.28520881172915,4669278.132175937,0.999999999999205,3.3571428571405857,1390848.8053299435,78893840850.61153,2.0813330138069123e+18,2.0813330138069123e+18,2.0813305641222047e+18,4.804613165535322e-19,0.10390104624535748,-12.255587407325322,-8.940985479108964,0.016201426296543534,4.5932658191341223e-07,64,-304.7234375412676,78893747994.30087,78893747994.23814,4.669278132175937,1.3908488053299435,78893840850.61153,2.0813330138069123e+18,2.0813305641222047e+18,2.0813330138069123e+18,0.0001176978739746863,304.7234375412676,2.3424244139706967e+18,88790624899.74777,26381438.54281344,4.684848827941393e+18,177581250000.0,0.5,0.09793950717362658,False,False,False,True,-13.256466474732292,-12.469929055656602,-12.255587407325322,-12.255587407325322,-1.00087906740697,False,0.25,4,32,-1.4973958333333334e-06,1.0416666666666667e-06,2,natural_tdl,0.01639865113536442,,,,,,,,,,,,,,,,,,,,,,,,,,,
conventional_s2,Conventional $S_2$,ok,optimal,0.0076652989991998766,False,,conventional_s2,310.4598392674096,4656897.589011144,0.9999999989288177,3.3571428540823365,1387160.9852253639,88790624869.84058,2.3424244131817006e+18,2.3424244131817006e+18,2.342421971045272e+18,4.2690811894404146e-19,0.09793950719012101,-10.12163403498131,-6.219746533863933,0.02176836905915448,7.608855302152964e-06,64,-304.2535992597577,88790532394.69885,88790532299.58801,4.656897589011144,1.387160985225364,88790624869.84058,2.3424244131817016e+18,2.342421971045272e+18,2.3424244131817006e+18,0.00010425678689144386,304.2535992597577,2.3424244139706967e+18,88790624899.74777,26381438.54281344,4.684848827941393e+18,177581250000.0,0.5,0.09793950717362658,True,False,True,True,-13.256466474732292,-10.654067627687098,-10.12163403498131,-10.12163403498131,-3.1348324397509817,False,0.25,4,32,-1.4322916666666667e-06,1.0416666666666667e-06,2,natural_tdl,,known_amplitude_linear,88790624899.74777,,,,,,,,,,,,,,,,,,,,,,,,,
exact_efim,Exact EFIM,ok,optimal,0.00907134400040377,False,,exact_efim,310.45982855578904,4656897.4283368355,0.9999999990941004,3.357142854554573,1387160.937169805,88790672659.72888,2.342425673947703e+18,2.342425673947703e+18,2.342424391348566e+18,4.269078891688779e-19,0.09793948083308034,-10.121620880012651,-6.219715000573825,0.021777694383119,7.60883205112257e-06,64,-220.49372534727456,88790624122.6814,88790624042.246,4.656897428336835,1.387160937169805,88790672659.72888,2.342425673947703e+18,2.342424391348566e+18,2.342425673947703e+18,5.475516901274518e-05,220.49372534727456,2.3424244139706967e+18,88790624899.74777,26381438.54281344,4.684848827941393e+18,177581250000.0,0.5,0.09793950717362658,True,True,False,True,-13.256466474732292,-10.654073622301432,-10.121620880012651,-10.121620880012651,-3.134845594719641,False,0.25,4,32,-1.4322916666666667e-06,1.0416666666666667e-06,2,natural_tdl,,unknown_amplitude_exact,,2.3424244139706967e+18,88790624899.74777,quad_over_lin,1e-12,,,,,,,,,,,,,,,,,,,,,
exact_efim_sampled_psl,Exact EFIM+sampled PSL,ok,optimal,0.5271368819994677,False,,exact_efim,308.78565724674195,4631784.858701129,0.9999999994460097,3.357142855560028,1379680.5968593403,88790655867.88548,2.342425230954718e+18,2.342425230954718e+18,2.342424407119225e+18,4.269079699045178e-19,0.09793949009410183,-13.02332879657683,-5.414265277363849,0.033353535761311455,1.9173735803668192e-05,64,-176.71402253106666,88790624689.22888,88790624640.03973,4.631784858701129,1.3796805968593404,88790655867.88548,2.342425230954718e+18,2.342424407119225e+18,2.342425230954718e+18,3.5170193801243496e-05,176.71402253106666,2.3424244139706967e+18,88790624899.74777,26381438.54281344,4.684848827941393e+18,177581250000.0,0.5,0.09793950717362658,True,True,False,True,-13.256466474732292,-13.256466464035599,-13.02332879657683,-13.02332879657683,-0.23313767815546171,True,0.25,4,32,-1.3671875e-06,1.0416666666666667e-06,2,natural_tdl,,unknown_amplitude_exact,,2.3424244139706967e+18,88790624899.74777,quad_over_lin,1e-12,-13.256466474732292,0.2173585239870126,249.0,1.0416666666666667e-06,,,,,,,,,,,,,,,,,
exact_efim_cutting_plane_psl,Exact EFIM+cutting-plane PSL,ok,optimal,0.5238476730010007,False,,exact_efim,308.78565724674195,4631784.858701129,0.9999999994460097,3.357142855560028,1379680.5968593403,88790655867.88548,2.342425230954718e+18,2.342425230954718e+18,2.342424407119225e+18,4.269079699045178e-19,0.09793949009410183,-13.02332879657683,-5.414265277363849,0.033353535761311455,1.9173735803668192e-05,64,-176.71402253106666,88790624689.22888,88790624640.03973,4.631784858701129,1.3796805968593404,88790655867.88548,2.342425230954718e+18,2.342424407119225e+18,2.342425230954718e+18,3.5170193801243496e-05,176.71402253106666,2.3424244139706967e+18,88790624899.74777,26381438.54281344,4.684848827941393e+18,177581250000.0,0.5,0.09793950717362658,True,True,False,True,-13.256466474732292,-13.256466464035599,-13.02332879657683,-13.02332879657683,-0.23313767815546171,True,0.25,4,32,-1.3671875e-06,1.0416666666666667e-06,2,natural_tdl,,unknown_amplitude_exact,,2.3424244139706967e+18,88790624899.74777,quad_over_lin,1e-12,-13.256466474732292,0.2173585239870126,249.0,1.0416666666666667e-06,-5.417112760387601,-0.23313767815546171,249.0,1985.0,1.0,249.0,True,1.0,dense_psl_satisfied,False,0.5238476730010007,0.0,249.0,-13.02332879657683,-13.256466464035599,,0.0
uniform,Uniform,ok,ok,1.3774999388260767e-05,False,,none,405.96025214763847,6089403.782214577,1.0,3.357142857142857,1813864.956404342,76781250000.0,2.0255998281153943e+18,2.0255998281153943e+18,2.0255998281153943e+18,4.936809265680052e-19,0.10532073506634214,-13.256466474732292,-9.684463547443015,0.015625,0.0,64,0.0,76781250000.0,76781250000.0,6.0894037822145775,1.813864956404342,76781250000.0,2.0255998281153943e+18,2.0255998281153943e+18,2.0255998281153943e+18,0.0,0.0,2.3424244139706967e+18,88790624899.74777,26381438.54281344,4.684848827941393e+18,177581250000.0,0.5,0.09793950717362658,False,False,False,True,-13.256466474732292,-13.456972739469613,-13.256466474732292,-13.256466474732292,0.0,True,0.25,4,32,-1.4973958333333334e-06,1.0416666666666667e-06,3,natural_tdl,,,,,,,,,,,,,,,,,,,,,,,,,,,,
water_filling,Water-filling,ok,ok,0.00024173900237656198,False,,none,405.96046114700346,6089406.9172050515,0.9999999999991179,3.357142857140337,1813865.8902326536,76696163571.33652,2.0233551257267812e+18,2.0233551257267812e+18,2.023349047992187e+18,4.942286142877681e-19,0.10537914008130982,-13.284674990361069,-9.712665729770569,0.015656501022069946,1.1348335164888932e-09,64,-479.97832842033904,76695933192.20842,76695933192.14076,6.089406917205052,1.8138658902326537,76696163571.33652,2.0233551257267812e+18,2.023349047992187e+18,2.0233551257267812e+18,0.00030037903465516966,479.97832842033904,2.3424244139706967e+18,88790624899.74777,26381438.54281344,4.684848827941393e+18,177581250000.0,0.5,0.09793950717362658,False,False,False,True,-13.256466474732292,-13.482713237297023,-13.284674990361069,-13.284674990361069,0.028208515628776354,True,0.25,4,32,-1.4973958333333334e-06,1.0416666666666667e-06,3,natural_tdl,0.015822534034674537,,,,,,,,,,,,,,,,,,,,,,,,,,,
conventional_s2,Conventional $S_2$,ok,optimal,0.007512787000450771,False,,conventional_s2,404.6534902601834,6069802.353902751,0.9999999992109598,3.357142854888457,1808026.2342915472,88790624922.35576,2.3424244145671276e+18,2.3424244145671276e+18,2.342418391944753e+18,4.2690811869154665e-19,0.09793950716115785,-10.539147419493009,-6.236135726359404,0.02271191100130469,7.642286194448212e-06,64,-477.79717774071577,88790396702.27206,88790396632.21288,6.069802353902751,1.8080262342915472,88790624922.35576,2.3424244145671276e+18,2.342418391944753e+18,2.3424244145671276e+18,0.000257110638744472,477.79717774071577,2.3424244139706967e+18,88790624899.74777,26381438.54281344,4.684848827941393e+18,177581250000.0,0.5,0.09793950717362658,True,False,True,True,-13.256466474732292,-11.005481800629314,-10.53188941623973,-10.53188941623973,-2.724577058492562,False,0.25,4,32,-1.3997395833333333e-06,1.0416666666666667e-06,3,natural_tdl,,known_amplitude_linear,88790624899.74777,,,,,,,,,,,,,,,,,,,,,,,,,
exact_efim,Exact EFIM,ok,optimal,0.009323628997663036,False,,exact_efim,404.6534584557061,6069801.876835591,0.999999998865617,3.357142853901763,1808026.0927178306,88790725806.15918,2.3424270760269875e+18,2.3424270760269875e+18,2.3424243400501207e+18,4.269076336395963e-19,0.09793945152182894,-10.539154835502757,-6.236113616497207,0.022689218280934904,7.642069312059853e-06,64,-322.03789122325844,88790622198.4785,88790622097.75592,6.069801876835591,1.8080260927178307,88790725806.15918,2.3424270760269875e+18,2.3424243400501207e+18,2.3424270760269875e+18,0.00011680094099050955,322.03789122325844,2.3424244139706967e+18,88790624899.74777,26381438.54281344,4.684848827941393e+18,177581250000.0,0.5,0.09793950717362658,True,True,False,True,-13.256466474732292,-11.005481796929509,-10.531894342194759,-10.531894342194759,-2.724572132537533,False,0.25,4,32,-1.3997395833333333e-06,1.0416666666666667e-06,3,natural_tdl,,unknown_amplitude_exact,,2.3424244139706967e+18,88790624899.74777,quad_over_lin,1e-12,,,,,,,,,,,,,,,,,,,,,
exact_efim_sampled_psl,Exact EFIM+sampled PSL,ok,optimal,0.4998516199993901,False,,exact_efim,403.3732801525505,6050599.202288257,0.9999999995229513,3.357142855779861,1802306.146094194,88790669419.1225,2.3424255884558454e+18,2.3424255884558454e+18,2.34242440990253e+18,4.2690790474979905e-19,0.09793948262033626,-13.02341095363873,-5.41396819040285,0.03331395609425592,1.917720400163115e-05,64,-211.36125568910333,88790624787.89957,88790624745.54211,6.050599202288257,1.8023061460941938,88790669419.1225,2.342425588455845e+18,2.34242440990253e+18,2.3424255884558454e+18,5.031337264826057e-05,211.36125568910333,2.3424244139706967e+18,88790624899.74777,26381438.54281344,4.684848827941393e+18,177581250000.0,0.5,0.09793950717362658,True,True,False,True,-13.256466474732292,-13.256466475669889,-13.02341095363873,-13.02341095363873,-0.23305552109356142,True,0.25,4,32,-1.3671875e-06,1.0416666666666667e-06,3,natural_tdl,,unknown_amplitude_exact,,2.3424244139706967e+18,88790624899.74777,quad_over_lin,1e-12,-13.256466474732292,0.2173585239870126,249.0,1.0416666666666667e-06,,,,,,,,,,,,,,,,,
exact_efim_cutting_plane_psl,Exact EFIM+cutting-plane PSL,ok,optimal,0.476351073000842,False,,exact_efim,403.3732801525505,6050599.202288257,0.9999999995229513,3.357142855779861,1802306.146094194,88790669419.1225,2.3424255884558454e+18,2.3424255884558454e+18,2.34242440990253e+18,4.2690790474979905e-19,0.09793948262033626,-13.02341095363873,-5.41396819040285,0.03331395609425592,1.917720400163115e-05,64,-211.36125568910333,88790624787.89957,88790624745.54211,6.050599202288257,1.8023061460941938,88790669419.1225,2.342425588455845e+18,2.34242440990253e+18,2.3424255884558454e+18,5.031337264826057e-05,211.36125568910333,2.3424244139706967e+18,88790624899.74777,26381438.54281344,4.684848827941393e+18,177581250000.0,0.5,0.09793950717362658,True,True,False,True,-13.256466474732292,-13.256466475669889,-13.02341095363873,-13.02341095363873,-0.23305552109356142,True,0.25,4,32,-1.3671875e-06,1.0416666666666667e-06,3,natural_tdl,,unknown_amplitude_exact,,2.3424244139706967e+18,88790624899.74777,quad_over_lin,1e-12,-13.256466474732292,0.2173585239870126,249.0,1.0416666666666667e-06,-5.416814545614654,-0.23305552109356142,249.0,1985.0,1.0,249.0,True,1.0,dense_psl_satisfied,False,0.476351073000842,0.0,249.0,-13.02341095363873,-13.256466475669889,,0.0
uniform,Uniform,ok,ok,1.4204000763129443e-05,False,,none,301.62977350508504,4524446.602576275,1.0,3.357142857142857,1347707.4986397417,76781250000.0,2.0255998281153943e+18,2.0255998281153943e+18,2.0255998281153943e+18,4.936809265680052e-19,0.10532073506634214,-13.256466474732292,-9.684463547443015,0.015625,0.0,64,0.0,76781250000.0,76781250000.0,4.524446602576275,1.3477074986397417,76781250000.0,2.0255998281153943e+18,2.0255998281153943e+18,2.0255998281153943e+18,0.0,0.0,2.3424244139706967e+18,88790624899.74777,26381438.54281344,4.684848827941393e+18,177581250000.0,0.5,0.09793950717362658,False,False,False,True,-13.256466474732292,-13.456972739469613,-13.256466474732292,-13.256466474732292,0.0,True,0.25,4,32,-1.4973958333333334e-06,1.0416666666666667e-06,4,natural_tdl,,,,,,,,,,,,,,,,,,,,,,,,,,,,
water_filling,Water-filling,ok,ok,0.0001952780003193766,False,,none,305.78758119959366,4586813.717993905,1.0000000000001708,3.3571428571433453,1366284.9372745815,80626489780.57358,2.1270427850689777e+18,2.1270427850689777e+18,2.1125266272359575e+18,4.701362882870131e-19,0.10277857556539427,-12.570338876423763,-6.661387296639919,0.01752189645801837,2.0073933683918696e-05,60,23457.22340926721,80076248450.48753,80076248450.5012,4.586813717993905,1.3662849372745816,80626489780.57358,2.1270427850689777e+18,2.1125266272359575e+18,2.1270427850689777e+18,0.6824572563804548,23457.22340926721,2.3424244139706967e+18,88790624899.74777,26381438.54281344,4.684848827941393e+18,177581250000.0,0.5,0.09793950717362658,False,False,False,True,-13.256466474732292,-12.759769104290882,-12.570338876423763,-12.570338876423763,-0.6861275983085289,False,0.25,4,32,-1.4322916666666667e-06,1.0416666666666667e-06,4,natural_tdl,0.01772342989518076,,,,,,,,,,,,,,,,,,,,,,,,,,,
conventional_s2,Conventional $S_2$,ok,optimal,0.007800105999194784,False,,conventional_s2,305.2908782940774,4579363.174411161,0.9999999988216988,3.357142853776282,1364065.6277882438,88790624902.86559,2.342424414052949e+18,2.342424414052949e+18,2.3289520807584686e+18,4.26908118785256e-19,0.09793950717190705,-10.699537468547698,-5.112533784877995,0.02197403066730918,2.5127384066218192e-05,64,22598.11283435792,88279950303.81331,88279950199.79294,4.579363174411161,1.364065627788244,88790624902.86559,2.342424414052949e+18,2.3289520807584686e+18,2.342424414052949e+18,0.575144846239459,22598.11283435792,2.3424244139706967e+18,88790624899.74777,26381438.54281344,4.684848827941393e+18,177581250000.0,0.5,0.09793950717362658,True,False,True,True,-13.256466474732292,-10.965456881607405,-10.690677223730793,-10.690677223730793,-2.5657892510014992,False,0.25,4,32,-1.3997395833333333e-06,1.0416666666666667e-06,4,natural_tdl,,known_amplitude_linear,88790624899.74777,,,,,,,,,,,,,,,,,,,,,,,,,
exact_efim,Exact EFIM,ok,optimal,0.008896130999346497,False,,exact_efim,305.243448451806,4578651.72677709,0.9999999990899194,3.357142854542627,1363853.7069048495,89087641331.86597,2.350260134720829e+18,2.350260134720829e+18,2.3424244188321106e+18,4.2548481558565136e-19,0.0977761066776393,-10.643657635332918,-5.012048079479035,0.022846220158498576,2.5299548422966744e-05,64,17234.159338780784,88790625164.82841,88790625084.02179,4.57865172677709,1.3638537069048495,89087641331.86597,2.3502601347208284e+18,2.3424244188321106e+18,2.350260134720829e+18,0.33339781298928794,17234.159338780784,2.3424244139706967e+18,88790624899.74777,26381438.54281344,4.684848827941393e+18,177581250000.0,0.5,0.09793950717362658,True,True,False,True,-13.256466474732292,-10.920635559207447,-10.630065931804113,-10.630065931804113,-2.626400542928179,False,0.25,4,32,-1.3997395833333333e-06,1.0416666666666667e-06,4,natural_tdl,,unknown_amplitude_exact,,2.3424244139706967e+18,88790624899.74777,quad_over_lin,1e-12,,,,,,,,,,,,,,,,,,,,,
exact_efim_sampled_psl,Exact EFIM+sampled PSL,ok,optimal,0.47392531000150484,False,,exact_efim,303.2462031442684,4548693.047164026,0.999999999571387,3.357142855918249,1354929.84433034,88867173221.38898,2.3444438688136294e+18,2.3444438688136294e+18,2.3424244027720924e+18,4.265403890885368e-19,0.0978973165661015,-13.048092594802105,-4.301033067594503,0.03954073417046167,3.685920626382311e-05,64,8749.214031101259,88790624513.31659,88790624475.25977,4.548693047164026,1.35492984433034,88867173221.38898,2.3444438688136294e+18,2.3424244027720924e+18,2.3444438688136294e+18,0.08613838311082894,8749.214031101259,2.3424244139706967e+18,88790624899.74777,26381438.54281344,4.684848827941393e+18,177581250000.0,0.5,0.09793950717362658,True,True,False,True,-13.256466474732292,-13.256466462962626,-13.048092594802105,-13.048092594802105,-0.2083738799301873,True,0.25,4,32,-1.3671875e-06,1.0416666666666667e-06,4,natural_tdl,,unknown_amplitude_exact,,2.3424244139706967e+18,88790624899.74777,quad_over_lin,1e-12,-13.256466474732292,0.2173585239870126,249.0,1.0416666666666667e-06,,,,,,,,,,,,,,,,,
exact_efim_cutting_plane_psl,Exact EFIM+cutting-plane PSL,ok,optimal,0.47723514099925524,False,,exact_efim,303.2462031442684,4548693.047164026,0.999999999571387,3.357142855918249,1354929.84433034,88867173221.38898,2.3444438688136294e+18,2.3444438688136294e+18,2.3424244027720924e+18,4.265403890885368e-19,0.0978973165661015,-13.048092594802105,-4.301033067594503,0.03954073417046167,3.685920626382311e-05,64,8749.214031101259,88790624513.31659,88790624475.25977,4.548693047164026,1.35492984433034,88867173221.38898,2.3444438688136294e+18,2.3424244027720924e+18,2.3444438688136294e+18,0.08613838311082894,8749.214031101259,2.3424244139706967e+18,88790624899.74777,26381438.54281344,4.684848827941393e+18,177581250000.0,0.5,0.09793950717362658,True,True,False,True,-13.256466474732292,-13.256466462962626,-13.048092594802105,-13.048092594802105,-0.2083738799301873,True,0.25,4,32,-1.3671875e-06,1.0416666666666667e-06,4,natural_tdl,,unknown_amplitude_exact,,2.3424244139706967e+18,88790624899.74777,quad_over_lin,1e-12,-13.256466474732292,0.2173585239870126,249.0,1.0416666666666667e-06,-4.304275717520682,-0.2083738799301873,249.0,1985.0,1.0,249.0,True,1.0,dense_psl_satisfied,False,0.47723514099925524,0.0,249.0,-13.048092594802105,-13.256466462962626,,0.0
uniform,Uniform,ok,ok,1.355800122837536e-05,False,,none,436.69498131022976,6550424.719653446,1.0,3.357142857142857,1951190.3420244309,76781250000.0,2.0255998281153943e+18,2.0255998281153943e+18,2.0255998281153943e+18,4.936809265680052e-19,0.10532073506634214,-13.256466474732292,-9.684463547443015,0.015625,0.0,64,0.0,76781250000.0,76781250000.0,6.550424719653447,1.9511903420244308,76781250000.0,2.0255998281153943e+18,2.0255998281153943e+18,2.0255998281153943e+18,0.0,0.0,2.3424244139706967e+18,88790624899.74777,26381438.54281344,4.684848827941393e+18,177581250000.0,0.5,0.09793950717362658,False,False,False,True,-13.256466474732292,-13.456972739469613,-13.256466474732292,-13.256466474732292,0.0,True,0.25,4,32,-1.4973958333333334e-06,1.0416666666666667e-06,5,natural_tdl,,,,,,,,,,,,,,,,,,,,,,,,,,,,
water_filling,Water-filling,ok,ok,0.00018978200023411773,False,,none,436.69582324042165,6550437.348606325,0.9999999999991538,3.3571428571404396,1951194.103841587,76605008312.24902,2.0209503188613102e+18,2.0209503188613102e+18,2.0209273559898253e+18,4.948167160108334e-19,0.10544181879599308,-13.298515152220707,-9.741167035462126,0.015673055988806087,4.560575780943124e-09,64,932.9617977949329,76604137894.5977,76604137894.53288,6.550437348606325,1.951194103841587,76605008312.24902,2.0209503188613102e+18,2.0209273559898253e+18,2.0209503188613102e+18,0.0011362412658350882,932.9617977949329,2.3424244139706967e+18,88790624899.74777,26381438.54281344,4.684848827941393e+18,177581250000.0,0.5,0.09793950717362658,False,False,False,True,-13.256466474732292,-13.492234496518762,-13.298515152220707,-13.298515152220707,0.04204867748841501,True,0.25,4,32,-1.4973958333333334e-06,1.0416666666666667e-06,5,natural_tdl,0.015775230234733543,,,,,,,,,,,,,,,,,,,,,,,,,,,
conventional_s2,Conventional $S_2$,ok,optimal,0.007433400001900736,False,,conventional_s2,435.3619567971431,6530429.351957146,0.9999999993679309,3.357142855336946,1945234.2760974667,88790624910.5701,2.3424244142562053e+18,2.3424244142562053e+18,2.3424015383304545e+18,4.269081187482124e-19,0.09793950716765785,-10.5372135143818,-6.236101459742805,0.022797845454686175,7.643188050822113e-06,64,931.1938576306541,88789757844.69142,88789757788.57016,6.530429351957146,1.9452342760974668,88790624910.5701,2.3424244142562053e+18,2.3424015383304545e+18,2.3424244142562053e+18,0.0009765918426890986,931.1938576306541,2.3424244139706967e+18,88790624899.74777,26381438.54281344,4.684848827941393e+18,177581250000.0,0.5,0.09793950717362658,True,False,True,True,-13.256466474732292,-11.003904536257629,-10.530070533978277,-10.530070533978277,-2.7263959407540153,False,0.25,4,32,-1.3997395833333333e-06,1.0416666666666667e-06,5,natural_tdl,,known_amplitude_linear,88790624899.74777,,,,,,,,,,,,,,,,,,,,,,,,,
exact_efim,Exact EFIM,ok,optimal,0.009042945999681251,False,,exact_efim,435.3618330475345,6530427.495713018,0.9999999995917319,3.357142855976377,1945233.722803177,88791014838.8192,2.3424347011243443e+18,2.3424347011243443e+18,2.3424244306947287e+18,4.2690624396915327e-19,0.097939292115366,-10.537089280712834,-6.236046570980712,0.02275181871252994,7.642059279909878e-06,64,623.9432184094724,88790625569.92995,88790625533.67957,6.530427495713018,1.945233722803177,88791014838.8192,2.342434701124345e+18,2.3424244306947287e+18,2.3424347011243443e+18,0.00043845105311521814,623.9432184094724,2.3424244139706967e+18,88790624899.74777,26381438.54281344,4.684848827941393e+18,177581250000.0,0.5,0.09793950717362658,True,True,False,True,-13.256466474732292,-11.003769666138613,-10.52994353529315,-10.52994353529315,-2.7265229394391426,False,0.25,4,32,-1.3997395833333333e-06,1.0416666666666667e-06,5,natural_tdl,,unknown_amplitude_exact,,2.3424244139706967e+18,88790624899.74777,quad_over_lin,1e-12,,,,,,,,,,,,,,,,,,,,,
exact_efim_sampled_psl,Exact EFIM+sampled PSL,ok,optimal,0.4829195960010111,False,,exact_efim,434.07285662476835,6511092.849371525,0.9999999994864944,3.3571428556756984,1939474.4666178424,88790787146.79199,2.342428694281122e+18,2.342428694281122e+18,2.342424411722687e+18,4.269073387127775e-19,0.09793941769135417,-13.023389160146142,-5.41309011228332,0.03333665731706766,1.9189327641361926e-05,64,402.90477296501393,88790624860.13048,88790624814.536,6.511092849371526,1.9394744666178425,88790787146.79199,2.3424286942811223e+18,2.342424411722687e+18,2.342428694281122e+18,0.00018282556242892563,402.90477296501393,2.3424244139706967e+18,88790624899.74777,26381438.54281344,4.684848827941393e+18,177581250000.0,0.5,0.09793950717362658,True,True,False,True,-13.256466474732292,-13.256466478162592,-13.023389160146142,-13.023389160146142,-0.23307731458615066,True,0.25,4,32,-1.3671875e-06,1.0416666666666667e-06,5,natural_tdl,,unknown_amplitude_exact,,2.3424244139706967e+18,88790624899.74777,quad_over_lin,1e-12,-13.256466474732292,0.2173585239870126,249.0,1.0416666666666667e-06,,,,,,,,,,,,,,,,,
exact_efim_cutting_plane_psl,Exact EFIM+cutting-plane PSL,ok,optimal,0.4929237570031546,False,,exact_efim,434.07285662476835,6511092.849371525,0.9999999994864944,3.3571428556756984,1939474.4666178424,88790787146.79199,2.342428694281122e+18,2.342428694281122e+18,2.342424411722687e+18,4.269073387127775e-19,0.09793941769135417,-13.023389160146142,-5.41309011228332,0.03333665731706766,1.9189327641361926e-05,64,402.90477296501393,88790624860.13048,88790624814.536,6.511092849371526,1.9394744666178425,88790787146.79199,2.3424286942811223e+18,2.342424411722687e+18,2.342428694281122e+18,0.00018282556242892563,402.90477296501393,2.3424244139706967e+18,88790624899.74777,26381438.54281344,4.684848827941393e+18,177581250000.0,0.5,0.09793950717362658,True,True,False,True,-13.256466474732292,-13.256466478162592,-13.023389160146142,-13.023389160146142,-0.23307731458615066,True,0.25,4,32,-1.3671875e-06,1.0416666666666667e-06,5,natural_tdl,,unknown_amplitude_exact,,2.3424244139706967e+18,88790624899.74777,quad_over_lin,1e-12,-13.256466474732292,0.2173585239870126,249.0,1.0416666666666667e-06,-5.4159361872003835,-0.23307731458615066,249.0,1985.0,1.0,249.0,True,1.0,dense_psl_satisfied,False,0.4929237570031546,0.0,249.0,-13.023389160146142,-13.256466478162592,,0.0
uniform,Uniform,ok,ok,1.4615998225053772e-05,False,,none,295.13386690856146,4427008.003628422,1.0,3.357142857142857,1318683.2351233596,76781250000.0,2.0255998281153943e+18,2.0255998281153943e+18,2.0255998281153943e+18,4.936809265680052e-19,0.10532073506634214,-13.256466474732292,-9.684463547443015,0.015625,0.0,64,0.0,76781250000.0,76781250000.0,4.427008003628422,1.3186832351233595,76781250000.0,2.0255998281153943e+18,2.0255998281153943e+18,2.0255998281153943e+18,0.0,0.0,2.3424244139706967e+18,88790624899.74777,26381438.54281344,4.684848827941393e+18,177581250000.0,0.5,0.09793950717362658,False,False,False,True,-13.256466474732292,-13.456972739469613,-13.256466474732292,-13.256466474732292,0.0,True,0.25,4,32,-1.4973958333333334e-06,1.0416666666666667e-06,6,natural_tdl,,,,,,,,,,,,,,,,,,,,,,,,,,,,
water_filling,Water-filling,ok,ok,0.00020932700135745108,False,,none,295.1405888614327,4427108.832921491,0.9999999999993053,3.3571428571408726,1318713.2693816493,77188294282.59784,2.0363382418409523e+18,2.0363382418409523e+18,2.0361972903945736e+18,4.910775525660951e-19,0.10504266913142724,-13.142368356350802,-9.55005340082536,0.015858897520965698,3.8873066845399214e-08,64,-2311.4554727203845,77182951456.2491,77182951456.19548,4.427108832921491,1.3187132693816492,77188294282.59784,2.0363382418409528e+18,2.0361972903945736e+18,2.0363382418409523e+18,0.006921809131832872,2311.4554727203845,2.3424244139706967e+18,88790624899.74777,26381438.54281344,4.684848827941393e+18,177581250000.0,0.5,0.09793950717362658,False,False,False,True,-13.256466474732292,-13.357459830766079,-13.142368356350802,-13.142368356350802,-0.11409811838148975,True,0.25,4,32,-1.4973958333333334e-06,1.0416666666666667e-06,6,natural_tdl,0.01632002340932922,,,,,,,,,,,,,,,,,,,,,,,,,,,
conventional_s2,Conventional $S_2$,ok,optimal,0.006858531000034418,False,,conventional_s2,294.00521636074035,4410078.245411105,0.999999997802911,3.3571428508654604,1313640.3308766566,88790624783.37859,2.34242441090071e+18,2.34242441090071e+18,2.3422834859529897e+18,4.269081193597533e-19,0.09793950723780646,-10.500880210762597,-6.236931006889936,0.022530533381746532,7.632105510816098e-06,64,-2311.238189982861,88785283156.48866,88785282961.4195,4.410078245411105,1.3136403308766567,88790624783.37859,2.34242441090071e+18,2.3422834859529897e+18,2.34242441090071e+18,0.006016200440209871,2311.238189982861,2.3424244139706967e+18,88790624899.74777,26381438.54281344,4.684848827941393e+18,177581250000.0,0.5,0.09793950717362658,True,False,True,True,-13.256466474732292,-10.971123347731439,-10.495018062312205,-10.495018062312205,-2.761448412420087,False,0.25,4,32,-1.3997395833333333e-06,1.0416666666666667e-06,6,natural_tdl,,known_amplitude_linear,88790624899.74777,,,,,,,,,,,,,,,,,,,,,,,,,
exact_efim,Exact EFIM,ok,optimal,0.008677082998474361,False,,exact_efim,294.00452100891255,4410067.815133688,0.9999999978848116,3.357142851099462,1313637.2238939411,88793121786.04675,2.3424902854231414e+18,2.3424902854231414e+18,2.34242440202099e+18,4.2689611402992974e-19,0.09793813012139634,-10.500196087980147,-6.236085152818171,0.022580893404775135,7.628738915313382e-06,64,-1580.2972072137131,88790624634.59781,88790624446.78891,4.410067815133688,1.313637223893941,88793121786.04675,2.3424902854231414e+18,2.34242440202099e+18,2.3424902854231414e+18,0.0028125368357514017,1580.2972072137131,2.3424244139706967e+18,88790624899.74777,26381438.54281344,4.684848827941393e+18,177581250000.0,0.5,0.09793950717362658,True,True,False,True,-13.256466474732292,-10.970583579337108,-10.49436273551202,-10.49436273551202,-2.7621037392202723,False,0.25,4,32,-1.3997395833333333e-06,1.0416666666666667e-06,6,natural_tdl,,unknown_amplitude_exact,,2.3424244139706967e+18,88790624899.74777,quad_over_lin,1e-12,,,,,,,,,,,,,,,,,,,,,
exact_efim_sampled_psl,Exact EFIM+sampled PSL,ok,optimal,0.4957675859986921,False,,exact_efim,292.7516828155466,4391275.242233199,0.9999999994000648,3.357142855428757,1308039.4345245603,88791727362.16495,2.342453498515201e+18,2.342453498515201e+18,2.3424244096409103e+18,4.2690281819206437e-19,0.09793889914986026,-13.023798411955902,-5.414418392818282,0.033279886904657226,1.9175044555979666e-05,64,-1050.060255553287,88790624788.89394,88790624735.62532,4.391275242233199,1.3080394345245603,88791727362.16495,2.342453498515201e+18,2.3424244096409103e+18,2.342453498515201e+18,0.0012418122412729395,1050.060255553287,2.3424244139706967e+18,88790624899.74777,26381438.54281344,4.684848827941393e+18,177581250000.0,0.5,0.09793950717362658,True,True,False,True,-13.256466474732292,-13.256466462924648,-13.023798411955902,-13.023798411955902,-0.23266806277639063,True,0.25,4,32,-1.3671875e-06,1.0416666666666667e-06,6,natural_tdl,,unknown_amplitude_exact,,2.3424244139706967e+18,88790624899.74777,quad_over_lin,1e-12,-13.256466474732292,0.2173585239870126,249.0,1.0416666666666667e-06,,,,,,,,,,,,,,,,,
exact_efim_cutting_plane_psl,Exact EFIM+cutting-plane PSL,ok,optimal,0.4730951460005599,False,,exact_efim,292.7516828155466,4391275.242233199,0.9999999994000648,3.357142855428757,1308039.4345245603,88791727362.16495,2.342453498515201e+18,2.342453498515201e+18,2.3424244096409103e+18,4.2690281819206437e-19,0.09793889914986026,-13.023798411955902,-5.414418392818282,0.033279886904657226,1.9175044555979666e-05,64,-1050.060255553287,88790624788.89394,88790624735.62532,4.391275242233199,1.3080394345245603,88791727362.16495,2.342453498515201e+18,2.3424244096409103e+18,2.342453498515201e+18,0.0012418122412729395,1050.060255553287,2.3424244139706967e+18,88790624899.74777,26381438.54281344,4.684848827941393e+18,177581250000.0,0.5,0.09793950717362658,True,True,False,True,-13.256466474732292,-13.256466462924648,-13.023798411955902,-13.023798411955902,-0.23266806277639063,True,0.25,4,32,-1.3671875e-06,1.0416666666666667e-06,6,natural_tdl,,unknown_amplitude_exact,,2.3424244139706967e+18,88790624899.74777,quad_over_lin,1e-12,-13.256466474732292,0.2173585239870126,249.0,1.0416666666666667e-06,-5.417275770773811,-0.23266806277639063,249.0,1985.0,1.0,249.0,True,1.0,dense_psl_satisfied,False,0.4730951460005599,0.0,249.0,-13.023798411955902,-13.256466462924648,,0.0
uniform,Uniform,ok,ok,1.2923002941533923e-05,False,,none,312.36731989088014,4685509.798363202,1.0,3.357142857142857,1395683.769725209,76781250000.0,2.0255998281153943e+18,2.0255998281153943e+18,2.0255998281153943e+18,4.936809265680052e-19,0.10532073506634214,-13.256466474732292,-9.684463547443015,0.015625,0.0,64,0.0,76781250000.0,76781250000.0,4.685509798363202,1.3956837697252091,76781250000.0,2.0255998281153943e+18,2.0255998281153943e+18,2.0255998281153943e+18,0.0,0.0,2.3424244139706967e+18,88790624899.74777,26381438.54281344,4.684848827941393e+18,177581250000.0,0.5,0.09793950717362658,False,False,False,True,-13.256466474732292,-13.456972739469613,-13.256466474732292,-13.256466474732292,0.0,True,0.25,4,32,-1.4973958333333334e-06,1.0416666666666667e-06,7,natural_tdl,,,,,,,,,,,,,,,,,,,,,,,,,,,,
water_filling,Water-filling,ok,ok,0.00019840800086967647,False,,none,312.39601068994943,4685940.160349241,0.9999999999992824,3.357142857140807,1395811.9626580733,75484293017.54176,1.991384237189999e+18,1.991384237189999e+18,1.9911642066463926e+18,5.021632597690335e-19,0.10622168214267516,-13.56169157066649,-10.091359945801397,0.015930156703808148,1.7162289058509018e-07,64,-2887.9671518710384,75475952663.32565,75475952663.27148,4.685940160349242,1.3958119626580734,75484293017.54176,1.9913842371899996e+18,1.9911642066463926e+18,1.991384237189999e+18,0.011049125502620655,2887.9671518710384,2.3424244139706967e+18,88790624899.74777,26381438.54281344,4.684848827941393e+18,177581250000.0,0.5,0.09793950717362658,False,False,False,True,-13.256466474732292,-13.711228573640025,-13.56169157066649,-13.56169157066649,0.30522509593419755,True,0.25,4,32,-1.4973958333333334e-06,1.0416666666666667e-06,7,natural_tdl,0.016255252463576206,,,,,,,,,,,,,,,,,,,,,,,,,,,
conventional_s2,Conventional $S_2$,ok,optimal,0.007291801000974374,False,,conventional_s2,310.9034546075841,4663551.819113761,0.9999999995003356,3.3571428557152445,1389143.0956458908,88790624873.46173,2.342424413277233e+18,2.342424413277233e+18,2.3422044039789527e+18,4.269081189266306e-19,0.09793950718812384,-10.552286238959315,-6.229655447076566,0.023668014373526013,7.732540118518283e-06,64,-2887.827723575842,88782285368.8662,88782285324.50485,4.663551819113761,1.3891430956458908,88790624873.46173,2.342424413277233e+18,2.3422044039789527e+18,2.342424413277233e+18,0.009392375567527405,2887.827723575842,2.3424244139706967e+18,88790624899.74777,26381438.54281344,4.684848827941393e+18,177581250000.0,0.5,0.09793950717362658,True,False,True,True,-13.256466474732292,-11.016822251263076,-10.544417670087157,-10.544417670087157,-2.7120488046451356,False,0.25,4,32,-1.3997395833333333e-06,1.0416666666666667e-06,7,natural_tdl,,known_amplitude_linear,88790624899.74777,,,,,,,,,,,,,,,,,,,,,,,,,
exact_efim,Exact EFIM,ok,optimal,0.008505977999448078,False,,exact_efim,310.90228313327106,4663534.246999065,0.999999998350391,3.3571428524296887,1389137.8627584742,88794112571.86264,2.3425164237782523e+18,2.3425164237782523e+18,2.34242438962763e+18,4.2689135062160923e-19,0.09793758371140339,-10.551985530035669,-6.230196300165373,0.023515544658320685,7.71346736536953e-06,64,-1867.7780529920537,88790624123.48297,88790623977.01315,4.663534246999065,1.3891378627584743,88794112571.86264,2.3425164237782523e+18,2.34242438962763e+18,2.3425164237782523e+18,0.003928858286242699,1867.7780529920537,2.3424244139706967e+18,88790624899.74777,26381438.54281344,4.684848827941393e+18,177581250000.0,0.5,0.09793950717362658,True,True,False,True,-13.256466474732292,-11.015888580941732,-10.543955250062226,-10.543955250062226,-2.7125112246700667,False,0.25,4,32,-1.3997395833333333e-06,1.0416666666666667e-06,7,natural_tdl,,unknown_amplitude_exact,,2.3424244139706967e+18,88790624899.74777,quad_over_lin,1e-12,,,,,,,,,,,,,,,,,,,,,
exact_efim_sampled_psl,Exact EFIM+sampled PSL,ok,optimal,0.46002292100092745,False,,exact_efim,309.7076072485425,4645614.108728138,0.9999999995081627,3.357142855737608,1383799.9478599597,88791945297.58429,2.342459247965073e+18,2.342459247965073e+18,2.342424410232085e+18,4.2690177038030183e-19,0.09793877895670489,-13.023371411958852,-5.412743770104113,0.033593110988968486,1.919373821593352e-05,64,-1149.147314702558,88790624801.7046,88790624758.03406,4.645614108728138,1.3837999478599596,88791945297.58429,2.342459247965073e+18,2.342424410232085e+18,2.342459247965073e+18,0.0014872289888572458,1149.147314702558,2.3424244139706967e+18,88790624899.74777,26381438.54281344,4.684848827941393e+18,177581250000.0,0.5,0.09793950717362658,True,True,False,True,-13.256466474732292,-13.256466466340072,-13.023371411958852,-13.023371411958852,-0.23309506277344028,True,0.25,4,32,-1.3671875e-06,1.0416666666666667e-06,7,natural_tdl,,unknown_amplitude_exact,,2.3424244139706967e+18,88790624899.74777,quad_over_lin,1e-12,-13.256466474732292,0.2173585239870126,249.0,1.0416666666666667e-06,,,,,,,,,,,,,,,,,
exact_efim_cutting_plane_psl,Exact EFIM+cutting-plane PSL,ok,optimal,0.4648154389979027,False,,exact_efim,309.7076072485425,4645614.108728138,0.9999999995081627,3.357142855737608,1383799.9478599597,88791945297.58429,2.342459247965073e+18,2.342459247965073e+18,2.342424410232085e+18,4.2690177038030183e-19,0.09793877895670489,-13.023371411958852,-5.412743770104113,0.033593110988968486,1.919373821593352e-05,64,-1149.147314702558,88790624801.7046,88790624758.03406,4.645614108728138,1.3837999478599596,88791945297.58429,2.342459247965073e+18,2.342424410232085e+18,2.342459247965073e+18,0.0014872289888572458,1149.147314702558,2.3424244139706967e+18,88790624899.74777,26381438.54281344,4.684848827941393e+18,177581250000.0,0.5,0.09793950717362658,True,True,False,True,-13.256466474732292,-13.256466466340072,-13.023371411958852,-13.023371411958852,-0.23309506277344028,True,0.25,4,32,-1.3671875e-06,1.0416666666666667e-06,7,natural_tdl,,unknown_amplitude_exact,,2.3424244139706967e+18,88790624899.74777,quad_over_lin,1e-12,-13.256466474732292,0.2173585239870126,249.0,1.0416666666666667e-06,-5.4155892519893865,-0.23309506277344028,249.0,1985.0,1.0,249.0,True,1.0,dense_psl_satisfied,False,0.4648154389979027,0.0,249.0,-13.023371411958852,-13.256466466340072,,0.0
uniform,Uniform,ok,ok,1.3627999578602612e-05,False,,none,311.3939344089832,4670909.016134748,1.0,3.357142857142857,1391334.600550776,76781250000.0,2.0255998281153943e+18,2.0255998281153943e+18,2.0255998281153943e+18,4.936809265680052e-19,0.10532073506634214,-13.256466474732292,-9.684463547443015,0.015625,0.0,64,0.0,76781250000.0,76781250000.0,4.670909016134749,1.391334600550776,76781250000.0,2.0255998281153943e+18,2.0255998281153943e+18,2.0255998281153943e+18,0.0,0.0,2.3424244139706967e+18,88790624899.74777,26381438.54281344,4.684848827941393e+18,177581250000.0,0.5,0.09793950717362658,False,False,False,True,-13.256466474732292,-13.456972739469613,-13.256466474732292,-13.256466474732292,0.0,True,0.25,4,32,-1.4973958333333334e-06,1.0416666666666667e-06,8,natural_tdl,,,,,,,,,,,,,,,,,,,,,,,,,,,,
water_filling,Water-filling,ok,ok,0.00017267399744014256,False,,none,311.56669410038944,4673500.411505842,0.9999999999993832,3.357142857141095,1392106.5055556623,73667648021.60616,1.9434585288756145e+18,1.9434585288756145e+18,1.9404532689837809e+18,5.145466111790657e-19,0.10752341971620241,-13.806932395729575,-10.589846294766986,0.016185145573485826,1.1367756967619142e-06,64,-10673.129552121702,73553732327.21521,73553732327.16985,4.673500411505842,1.3921065055556623,73667648021.60616,1.9434585288756147e+18,1.9404532689837809e+18,1.9434585288756145e+18,0.15463462930553448,10673.129552121702,2.3424244139706967e+18,88790624899.74777,26381438.54281344,4.684848827941393e+18,177581250000.0,0.5,0.09793950717362658,False,False,False,True,-13.256466474732292,-13.857742498141587,-13.791440326743412,-13.791440326743412,0.5349738520111202,True,0.25,4,32,-1.5299479166666667e-06,1.0416666666666667e-06,8,natural_tdl,0.016464134555577364,,,,,,,,,,,,,,,,,,,,,,,,,,,
conventional_s2,Conventional $S_2$,ok,optimal,0.007459808999556117,False,,conventional_s2,309.70173783715336,4645526.0675573,0.9999999985128591,3.3571428528938836,1383773.7240024863,88790624818.04916,2.3424244118153697e+18,2.3424244118153697e+18,2.339418108003142e+18,4.26908119193056e-19,0.09793950721868495,-10.476691851871205,-6.208132634230013,0.024887540062262636,8.139520635691116e-06,64,-10674.983131894463,88676669685.2271,88676669553.3524,4.6455260675573005,1.3837737240024863,88790624818.04916,2.3424244118153697e+18,2.339418108003142e+18,2.3424244118153697e+18,0.12834155062009922,10674.983131894463,2.3424244139706967e+18,88790624899.74777,26381438.54281344,4.684848827941393e+18,177581250000.0,0.5,0.09793950717362658,True,False,True,True,-13.256466474732292,-10.955832551106328,-10.473497108312667,-10.473497108312667,-2.782969366419625,False,0.25,4,32,-1.3997395833333333e-06,1.0416666666666667e-06,8,natural_tdl,,known_amplitude_linear,88790624899.74777,,,,,,,,,,,,,,,,,,,,,,,,,
exact_efim,Exact EFIM,ok,optimal,0.008273734001704725,False,,exact_efim,309.68519844341796,4645277.976651269,0.9999999988593913,3.357142853883975,1383699.8241754929,88832870353.51219,2.343538909812895e+18,2.343538909812895e+18,2.342424408662703e+18,4.2670509792382263e-19,0.09791621629643842,-10.472293942603857,-6.210867489544833,0.02425110897225194,7.899270944497893e-06,64,-6499.665761746954,88790624799.82132,88790624698.54596,4.645277976651269,1.3836998241754928,88832870353.51219,2.343538909812896e+18,2.342424408662703e+18,2.343538909812895e+18,0.047556332242894496,6499.665761746954,2.3424244139706967e+18,88790624899.74777,26381438.54281344,4.684848827941393e+18,177581250000.0,0.5,0.09793950717362658,True,True,False,True,-13.256466474732292,-10.946170755705824,-10.467649202088328,-10.467649202088328,-2.788817272643964,False,0.25,4,32,-1.3997395833333333e-06,1.0416666666666667e-06,8,natural_tdl,,unknown_amplitude_exact,,2.3424244139706967e+18,88790624899.74777,quad_over_lin,1e-12,,,,,,,,,,,,,,,,,,,,,
exact_efim_sampled_psl,Exact EFIM+sampled PSL,ok,optimal,0.48575595099828206,False,,exact_efim,308.45042978845595,4626756.446826839,0.9999999994873373,3.3571428556781067,1378182.7719965416,88808167586.23473,2.3428872152761277e+18,2.3428872152761277e+18,2.3424244102947287e+18,4.26823789672753e-19,0.09792983347484834,-13.023413931370305,-5.392698237600181,0.03400622745677079,1.9477948323775224e-05,64,-4188.41567124352,88790624805.92824,88790624760.4086,4.626756446826839,1.3781827719965416,88808167586.23473,2.3428872152761277e+18,2.3424244102947287e+18,2.3428872152761277e+18,0.019753617604016623,4188.41567124352,2.3424244139706967e+18,88790624899.74777,26381438.54281344,4.684848827941393e+18,177581250000.0,0.5,0.09793950717362658,True,True,False,True,-13.256466474732292,-13.2564664641917,-13.023413931370305,-13.023413931370305,-0.23305254336198722,True,0.25,4,32,-1.3671875e-06,1.0416666666666667e-06,8,natural_tdl,,unknown_amplitude_exact,,2.3424244139706967e+18,88790624899.74777,quad_over_lin,1e-12,-13.256466474732292,0.2173585239870126,249.0,1.0416666666666667e-06,,,,,,,,,,,,,,,,,
exact_efim_cutting_plane_psl,Exact EFIM+cutting-plane PSL,ok,optimal,0.491233477001515,False,,exact_efim,308.45042978845595,4626756.446826839,0.9999999994873373,3.3571428556781067,1378182.7719965416,88808167586.23473,2.3428872152761277e+18,2.3428872152761277e+18,2.3424244102947287e+18,4.26823789672753e-19,0.09792983347484834,-13.023413931370305,-5.392698237600181,0.03400622745677079,1.9477948323775224e-05,64,-4188.41567124352,88790624805.92824,88790624760.4086,4.626756446826839,1.3781827719965416,88808167586.23473,2.3428872152761277e+18,2.3424244102947287e+18,2.3428872152761277e+18,0.019753617604016623,4188.41567124352,2.3424244139706967e+18,88790624899.74777,26381438.54281344,4.684848827941393e+18,177581250000.0,0.5,0.09793950717362658,True,True,False,True,-13.256466474732292,-13.2564664641917,-13.023413931370305,-13.023413931370305,-0.23305254336198722,True,0.25,4,32,-1.3671875e-06,1.0416666666666667e-06,8,natural_tdl,,unknown_amplitude_exact,,2.3424244139706967e+18,88790624899.74777,quad_over_lin,1e-12,-13.256466474732292,0.2173585239870126,249.0,1.0416666666666667e-06,-5.39555566834209,-0.23305254336198722,249.0,1985.0,1.0,249.0,True,1.0,dense_psl_satisfied,False,0.491233477001515,0.0,249.0,-13.023413931370305,-13.2564664641917,,0.0
uniform,Uniform,ok,ok,1.4045999705558643e-05,False,,none,260.98468816522416,3914770.3224783624,1.0,3.357142857142857,1166101.7981850442,76781250000.0,2.0255998281153943e+18,2.0255998281153943e+18,2.0255998281153943e+18,4.936809265680052e-19,0.10532073506634214,-13.256466474732292,-9.684463547443015,0.015625,0.0,64,0.0,76781250000.0,76781250000.0,3.9147703224783625,1.1661017981850441,76781250000.0,2.0255998281153943e+18,2.0255998281153943e+18,2.0255998281153943e+18,0.0,0.0,2.3424244139706967e+18,88790624899.74777,26381438.54281344,4.684848827941393e+18,177581250000.0,0.5,0.09793950717362658,False,False,False,True,-13.256466474732292,-13.456972739469613,-13.256466474732292,-13.256466474732292,0.0,True,0.25,4,32,-1.4973958333333334e-06,1.0416666666666667e-06,9,natural_tdl,,,,,,,,,,,,,,,,,,,,,,,,,,,,
water_filling,Water-filling,ok,ok,0.00019527699987520464,False,,none,268.4290329943143,4026435.4949147142,1.000000000000406,3.357142857144017,1199363.7644422664,72031566708.08154,1.9002963502518198e+18,1.9002963502518198e+18,1.7608436634300905e+18,5.262337107933107e-19,0.10873767433614956,-13.46801887847602,-7.803056949904743,0.01947140908300202,4.1306129801732514e-05,57,-72704.98788891542,66745551444.12497,66745551444.15206,4.026435494914714,1.1993637644422663,72031566708.08154,1.9002963502518198e+18,1.7608436634300905e+18,1.9002963502518198e+18,7.3384704866296016,72704.98788891542,2.3424244139706967e+18,88790624899.74777,26381438.54281344,4.684848827941393e+18,177581250000.0,0.5,0.09793950717362658,False,False,False,True,-13.256466474732292,-13.46801887847602,-13.46801887847602,-13.46801887847602,0.21155240374372752,True,0.25,4,32,-1.0416666666666667e-06,1.0416666666666667e-06,9,natural_tdl,0.01963861544854783,,,,,,,,,,,,,,,,,,,,,,,,,,,
conventional_s2,Conventional $S_2$,ok,optimal,0.007806469999195542,False,,conventional_s2,266.80069425283983,4002010.4137925976,0.9999999993180947,3.3571428551945566,1192088.2090555748,88790624873.01791,2.342424413265524e+18,2.342424413265524e+18,2.2013689252071398e+18,4.269081189287646e-19,0.09793950718836862,-11.24392246476554,-4.526733398474521,0.029613227487419992,5.2163206227620445e-05,64,-73121.61206858416,83443854782.0562,83443854725.1554,4.002010413792598,1.1920882090555749,88790624873.01791,2.342424413265524e+18,2.2013689252071398e+18,2.342424413265524e+18,6.0217733071583694,73121.61206858416,2.3424244139706967e+18,88790624899.74777,26381438.54281344,4.684848827941393e+18,177581250000.0,0.5,0.09793950717362658,True,False,True,True,-13.256466474732292,-11.24392246476554,-11.238335592794098,-11.238335592794098,-2.0181308819381947,False,0.25,4,32,-2.3763020833333334e-06,1.0416666666666667e-06,9,natural_tdl,,known_amplitude_linear,88790624899.74777,,,,,,,,,,,,,,,,,,,,,,,,,
exact_efim,Exact EFIM,ok,optimal,0.009061554999789223,False,,exact_efim,266.1835645719933,3992753.4685798995,0.9999999989916843,3.3571428542619555,1189330.8214486686,90622496298.8354,2.3907518167040645e+18,2.3907518167040645e+18,2.342424407481615e+18,4.182784649636359e-19,0.09694456360984796,-10.874779311986266,-3.796428952426303,0.03381228816310442,5.1969626961859386e-05,64,-42800.36970525174,88790624743.30525,88790624653.77628,3.9927534685798993,1.1893308214486686,90622496298.8354,2.3907518167040645e+18,2.342424407481615e+18,2.3907518167040645e+18,2.021431454523571,42800.36970525174,2.3424244139706967e+18,88790624899.74777,26381438.54281344,4.684848827941393e+18,177581250000.0,0.5,0.09793950717362658,True,True,False,True,-13.256466474732292,-10.902377047339293,-10.855648415229586,-10.855648415229586,-2.400818059502706,False,0.25,4,32,-2.3763020833333334e-06,1.0416666666666667e-06,9,natural_tdl,,unknown_amplitude_exact,,2.3424244139706967e+18,88790624899.74777,quad_over_lin,1e-12,,,,,,,,,,,,,,,,,,,,,
exact_efim_sampled_psl,Exact EFIM+sampled PSL,ok,optimal,0.4935101669980213,False,,exact_efim,264.84385005610216,3972657.7508415324,0.9999999993726731,3.357142855350495,1183344.862584579,89535488682.59445,2.3620749920806344e+18,2.3620749920806344e+18,2.342424408162895e+18,4.233565840850589e-19,0.0975312670889156,-13.030777581098317,-3.7114262643236993,0.04101650871367369,5.014781981582488e-05,64,-27292.196750376344,88790624735.30122,88790624679.60048,3.9726577508415324,1.183344862584579,89535488682.59445,2.362074992080634e+18,2.342424408162895e+18,2.3620749920806344e+18,0.8319204082690997,27292.196750376344,2.3424244139706967e+18,88790624899.74777,26381438.54281344,4.684848827941393e+18,177581250000.0,0.5,0.09793950717362658,True,True,False,True,-13.256466474732292,-13.256466459800876,-13.004999189280632,-13.004999189280632,-0.2514672854516604,False,0.25,4,32,-4.524739583333334e-06,1.0416666666666667e-06,9,natural_tdl,,unknown_amplitude_exact,,2.3424244139706967e+18,88790624899.74777,quad_over_lin,1e-12,-13.256466474732292,0.2173585239870126,249.0,1.0416666666666667e-06,,,,,,,,,,,,,,,,,
exact_efim_cutting_plane_psl,Exact EFIM+cutting-plane PSL,ok,optimal,0.9557905210022,False,,exact_efim,264.8389791311273,3972584.6869669096,0.9999999995069544,3.3571428557341556,1183323.0987420005,89521110874.07074,2.361695684808685e+18,2.361695684808685e+18,2.342424409515339e+18,4.2342457854853025e-19,0.09753909892639796,-13.208375107988374,-3.722641822042844,0.04160808769581438,4.9887733795222134e-05,64,-27027.50716520896,88790624774.64331,88790624730.86548,3.9725846869669095,1.1833230987420005,89521110874.07074,2.361695684808685e+18,2.342424409515339e+18,2.361695684808685e+18,0.8159931619177863,27027.50716520896,2.3424244139706967e+18,88790624899.74777,26381438.54281344,4.684848827941393e+18,177581250000.0,0.5,0.09793950717362658,True,True,False,True,-13.256466474732292,-13.2564664631704,-13.18082423162566,-13.18082423162566,-0.07564224310663192,True,0.25,4,32,-1.3346354166666666e-06,1.0416666666666667e-06,9,natural_tdl,,unknown_amplitude_exact,,2.3424244139706967e+18,88790624899.74777,quad_over_lin,1e-12,-13.256466474732292,0.2173585239870126,251.0,1.0416666666666667e-06,-3.7292903996513433,-0.07564224310663192,249.0,1985.0,2.0,251.0,True,2.0,dense_psl_satisfied,False,0.9557905210022,2.0,251.0,-13.004999189280632,-13.256466459800876,-4.524739583333334e-06,1.0
uniform,Uniform,ok,ok,1.4150999049888924e-05,False,,none,268.09646449979243,4021446.9674968864,1.0,3.357142857142857,1197877.8201054556,76781250000.0,2.0255998281153943e+18,2.0255998281153943e+18,2.0255998281153943e+18,4.936809265680052e-19,0.10532073506634214,-13.256466474732292,-9.684463547443015,0.015625,0.0,64,0.0,76781250000.0,76781250000.0,4.021446967496886,1.1978778201054556,76781250000.0,2.0255998281153943e+18,2.0255998281153943e+18,2.0255998281153943e+18,0.0,0.0,2.3424244139706967e+18,88790624899.74777,26381438.54281344,4.684848827941393e+18,177581250000.0,0.5,0.09793950717362658,False,False,False,True,-13.256466474732292,-13.456972739469613,-13.256466474732292,-13.256466474732292,0.0,True,0.25,4,32,-1.4973958333333334e-06,1.0416666666666667e-06,10,natural_tdl,,,,,,,,,,,,,,,,,,,,,,,,,,,,
water_filling,Water-filling,ok,ok,0.00017396200200892054,False,,none,268.4865019544827,4027297.5293172407,1.0000000000007219,3.35714285714492,1199620.5406469516,73124719411.40707,1.929135291112513e+18,1.929135291112513e+18,1.9131447548434058e+18,5.183669619269212e-19,0.10792184574008767,-14.425001034489835,-10.784540800815343,0.016823870586904377,2.6749090728993587e-06,64,24619.672853587494,72518591119.93661,72518591119.98897,4.027297529317241,1.1996205406469516,73124719411.40707,1.9291352911125125e+18,1.9131447548434058e+18,1.929135291112513e+18,0.8288965705399344,24619.672853587494,2.3424244139706967e+18,88790624899.74777,26381438.54281344,4.684848827941393e+18,177581250000.0,0.5,0.09793950717362658,False,False,False,True,-13.256466474732292,-14.470684806079358,-14.405977522365365,-14.405977522365365,1.149511047633073,True,0.25,4,32,-1.5299479166666667e-06,1.0416666666666667e-06,10,natural_tdl,0.017172645239476425,,,,,,,,,,,,,,,,,,,,,,,,,,,
conventional_s2,Conventional $S_2$,ok,optimal,0.007342119999520946,False,,conventional_s2,266.6460899513235,3999691.349269853,0.9999999991882073,3.3571428548234494,1191397.424009886,88790624851.61209,2.342424412700808e+18,2.342424412700808e+18,2.326433814268224e+18,4.2690811903168437e-19,0.09793950720017434,-10.76978889783111,-6.176924228557766,0.026145401102790778,9.973613414838465e-06,64,24619.720718237513,88184494275.44766,88184494203.86012,3.999691349269853,1.1913974240098861,88790624851.61209,2.342424412700808e+18,2.326433814268224e+18,2.342424412700808e+18,0.6826516299045517,24619.720718237513,2.3424244139706967e+18,88790624899.74777,26381438.54281344,4.684848827941393e+18,177581250000.0,0.5,0.09793950717362658,True,False,True,True,-13.256466474732292,-11.195892307328826,-10.752763020198252,-10.752763020198252,-2.5037034545340404,False,0.25,4,32,-1.3997395833333333e-06,1.0416666666666667e-06,10,natural_tdl,,known_amplitude_linear,88790624899.74777,,,,,,,,,,,,,,,,,,,,,,,,,
exact_efim,Exact EFIM,ok,optimal,0.008762989997194381,False,,exact_efim,266.5632008578425,3998448.0128676374,0.9999999989091786,3.3571428540262245,1191027.068768401,89007859942.20294,2.348155386892573e+18,2.348155386892573e+18,2.3424244051121485e+18,4.2586619504910533e-19,0.0978199172266731,-10.734370748836382,-6.147718440056755,0.024729012441725786,9.031821827201637e-06,64,14738.906963519592,88790624660.81534,88790624563.96062,3.9984480128676374,1.191027068768401,89007859942.20294,2.348155386892573e+18,2.3424244051121485e+18,2.348155386892573e+18,0.2440631404725216,14738.906963519592,2.3424244139706967e+18,88790624899.74777,26381438.54281344,4.684848827941393e+18,177581250000.0,0.5,0.09793950717362658,True,True,False,True,-13.256466474732292,-11.148464566863495,-10.713147963351483,-10.713147963351483,-2.543318511380809,False,0.25,4,32,-1.3997395833333333e-06,1.0416666666666667e-06,10,natural_tdl,,unknown_amplitude_exact,,2.3424244139706967e+18,88790624899.74777,quad_over_lin,1e-12,,,,,,,,,,,,,,,,,,,,,
exact_efim_sampled_psl,Exact EFIM+sampled PSL,ok,optimal,0.471295254999859,False,,exact_efim,265.64870267357156,3984730.5401035734,0.999999999841038,3.3571428566886805,1186941.0121063225,88897549507.8812,2.345245238948883e+18,2.345245238948883e+18,2.3424244126956943e+18,4.2639464026721175e-19,0.0978805893839247,-13.034588981556478,-5.338001425569644,0.034458115344949095,2.0389462532935598e-05,64,10340.437924958955,88790624865.5326,88790624851.41826,3.9847305401035733,1.1869410121063224,88897549507.8812,2.345245238948883e+18,2.3424244126956943e+18,2.345245238948883e+18,0.12027851954846633,10340.437924958955,2.3424244139706967e+18,88790624899.74777,26381438.54281344,4.684848827941393e+18,177581250000.0,0.5,0.09793950717362658,True,True,False,True,-13.256466474732292,-13.256466471548071,-13.034588981556478,-13.034588981556478,-0.22187749317581407,True,0.25,4,32,-1.3671875e-06,1.0416666666666667e-06,10,natural_tdl,,unknown_amplitude_exact,,2.3424244139706967e+18,88790624899.74777,quad_over_lin,1e-12,-13.256466474732292,0.2173585239870126,249.0,1.0416666666666667e-06,,,,,,,,,,,,,,,,,
exact_efim_cutting_plane_psl,Exact EFIM+cutting-plane PSL,ok,optimal,0.48309437799980515,False,,exact_efim,265.64870267357156,3984730.5401035734,0.999999999841038,3.3571428566886805,1186941.0121063225,88897549507.8812,2.345245238948883e+18,2.345245238948883e+18,2.3424244126956943e+18,4.2639464026721175e-19,0.0978805893839247,-13.034588981556478,-5.338001425569644,0.034458115344949095,2.0389462532935598e-05,64,10340.437924958955,88790624865.5326,88790624851.41826,3.9847305401035733,1.1869410121063224,88897549507.8812,2.345245238948883e+18,2.3424244126956943e+18,2.345245238948883e+18,0.12027851954846633,10340.437924958955,2.3424244139706967e+18,88790624899.74777,26381438.54281344,4.684848827941393e+18,177581250000.0,0.5,0.09793950717362658,True,True,False,True,-13.256466474732292,-13.256466471548071,-13.034588981556478,-13.034588981556478,-0.22187749317581407,True,0.25,4,32,-1.3671875e-06,1.0416666666666667e-06,10,natural_tdl,,unknown_amplitude_exact,,2.3424244139706967e+18,88790624899.74777,quad_over_lin,1e-12,-13.256466474732292,0.2173585239870126,249.0,1.0416666666666667e-06,-5.341223038448069,-0.22187749317581407,249.0,1985.0,1.0,249.0,True,1.0,dense_psl_satisfied,False,0.48309437799980515,0.0,249.0,-13.034588981556478,-13.256466471548071,,0.0
uniform,Uniform,ok,ok,1.4911998732713982e-05,False,,none,426.31439417010637,6394715.912551596,1.0,3.357142857142857,1904808.9952281348,76781250000.0,2.0255998281153943e+18,2.0255998281153943e+18,2.0255998281153943e+18,4.936809265680052e-19,0.10532073506634214,-13.256466474732292,-9.684463547443015,0.015625,0.0,64,0.0,76781250000.0,76781250000.0,6.394715912551596,1.9048089952281348,76781250000.0,2.0255998281153943e+18,2.0255998281153943e+18,2.0255998281153943e+18,0.0,0.0,2.3424244139706967e+18,88790624899.74777,26381438.54281344,4.684848827941393e+18,177581250000.0,0.5,0.09793950717362658,False,False,False,True,-13.256466474732292,-13.456972739469613,-13.256466474732292,-13.256466474732292,0.0,True,0.25,4,32,-1.4973958333333334e-06,1.0416666666666667e-06,11,natural_tdl,,,,,,,,,,,,,,,,,,,,,,,,,,,,
water_filling,Water-filling,ok,ok,0.00017403500169166364,False,,none,426.31444219259447,6394716.632888917,1.0000000000006022,3.357142857144578,1904809.2097957223,76778290867.48593,2.0255217619428344e+18,2.0255217619428344e+18,2.0255217257360579e+18,4.936999536558041e-19,0.10532276464400761,-13.242911962188714,-9.684003140239245,0.01564724658787853,2.592478763946674e-10,64,-37.04637283272629,76778289495.00595,76778289495.05219,6.394716632888917,1.9048092097957223,76778290867.48593,2.0255217619428344e+18,2.0255217257360579e+18,2.0255217619428344e+18,1.7875283917597252e-06,37.04637283272629,2.3424244139706967e+18,88790624899.74777,26381438.54281344,4.684848827941393e+18,177581250000.0,0.5,0.09793950717362658,False,False,False,True,-13.256466474732292,-13.441819022020468,-13.242911962188714,-13.242911962188714,-0.013554512543578312,True,0.25,4,32,-1.4973958333333334e-06,1.0416666666666667e-06,11,natural_tdl,0.01578172077042114,,,,,,,,,,,,,,,,,,,,,,,,,,,
conventional_s2,Conventional $S_2$,ok,optimal,0.007241340001201024,False,,conventional_s2,425.01815393306197,6375272.30899593,0.999999999375413,3.357142855358323,1899017.2845401505,88790624898.41925,2.342424413935649e+18,2.342424413935649e+18,2.3424243780788777e+18,4.26908118806634e-19,0.09793950717435929,-10.523038905026345,-6.236716164277039,0.022658545487811328,7.62635404465637e-06,64,-36.8668771441189,88790623594.7101,88790623539.25262,6.375272308995929,1.8990172845401505,88790624898.41925,2.3424244139356483e+18,2.3424243780788777e+18,2.342424413935649e+18,1.5307546684827653e-06,36.8668771441189,2.3424244139706967e+18,88790624899.74777,26381438.54281344,4.684848827941393e+18,177581250000.0,0.5,0.09793950717362658,True,True,False,True,-13.256466474732292,-10.991768918903578,-10.516552200196967,-10.516552200196967,-2.739914274535325,False,0.25,4,32,-1.3997395833333333e-06,1.0416666666666667e-06,11,natural_tdl,,known_amplitude_linear,88790624899.74777,,,,,,,,,,,,,,,,,,,,,,,,,
exact_efim,Exact EFIM,ok,optimal,0.00960529499934637,False,,exact_efim,425.01815368331916,6375272.305249787,0.9999999992718791,3.357142855062512,1899017.283591608,88790625480.48381,2.3424244292913485e+18,2.3424244292913485e+18,2.342424412284774e+18,4.269081160080494e-19,0.0979395068533394,-10.522999530204753,-6.2367206141024045,0.022655787296286773,7.626272154814223e-06,64,-25.389794862300274,88790624900.49245,88790624835.84213,6.375272305249787,1.8990172835916082,88790625480.48381,2.3424244292913485e+18,2.342424412284774e+18,2.3424244292913485e+18,7.260244718821082e-07,25.389794862300274,2.3424244139706967e+18,88790624899.74777,26381438.54281344,4.684848827941393e+18,177581250000.0,0.5,0.09793950717362658,True,True,False,True,-13.256466474732292,-10.991730887642547,-10.516513382878575,-10.516513382878575,-2.7399530918537174,False,0.25,4,32,-1.3997395833333333e-06,1.0416666666666667e-06,11,natural_tdl,,unknown_amplitude_exact,,2.3424244139706967e+18,88790624899.74777,quad_over_lin,1e-12,,,,,,,,,,,,,,,,,,,,,
exact_efim_sampled_psl,Exact EFIM+sampled PSL,ok,optimal,0.5160490130001563,False,,exact_efim,423.71346495539865,6355701.974330979,0.9999999996002248,3.3571428560006424,1893187.82278527,88790624936.6635,2.342424414944586e+18,2.342424414944586e+18,2.342424411731334e+18,4.269081186227546e-19,0.09793950715326685,-13.023378992846904,-5.413235568327705,0.0333246256386102,1.918713703650805e-05,64,-11.036291501198397,88790624850.36006,88790624814.86377,6.355701974330979,1.8931878227852699,88790624936.6635,2.342424414944586e+18,2.342424411731334e+18,2.342424414944586e+18,1.371763406963983e-07,11.036291501198397,2.3424244139706967e+18,88790624899.74777,26381438.54281344,4.684848827941393e+18,177581250000.0,0.5,0.09793950717362658,True,True,False,True,-13.256466474732292,-13.25646647965064,-13.023378992846904,-13.023378992846904,-0.23308748188538786,True,0.25,4,32,-1.3671875e-06,1.0416666666666667e-06,11,natural_tdl,,unknown_amplitude_exact,,2.3424244139706967e+18,88790624899.74777,quad_over_lin,1e-12,-13.256466474732292,0.2173585239870126,249.0,1.0416666666666667e-06,,,,,,,,,,,,,,,,,
exact_efim_cutting_plane_psl,Exact EFIM+cutting-plane PSL,ok,optimal,0.5108612690019072,False,,exact_efim,423.71346495539865,6355701.974330979,0.9999999996002248,3.3571428560006424,1893187.82278527,88790624936.6635,2.342424414944586e+18,2.342424414944586e+18,2.342424411731334e+18,4.269081186227546e-19,0.09793950715326685,-13.023378992846904,-5.413235568327705,0.0333246256386102,1.918713703650805e-05,64,-11.036291501198397,88790624850.36006,88790624814.86377,6.355701974330979,1.8931878227852699,88790624936.6635,2.342424414944586e+18,2.342424411731334e+18,2.342424414944586e+18,1.371763406963983e-07,11.036291501198397,2.3424244139706967e+18,88790624899.74777,26381438.54281344,4.684848827941393e+18,177581250000.0,0.5,0.09793950717362658,True,True,False,True,-13.256466474732292,-13.25646647965064,-13.023378992846904,-13.023378992846904,-0.23308748188538786,True,0.25,4,32,-1.3671875e-06,1.0416666666666667e-06,11,natural_tdl,,unknown_amplitude_exact,,2.3424244139706967e+18,88790624899.74777,quad_over_lin,1e-12,-13.256466474732292,0.2173585239870126,249.0,1.0416666666666667e-06,-5.4160812262070746,-0.23308748188538786,249.0,1985.0,1.0,249.0,True,1.0,dense_psl_satisfied,False,0.5108612690019072,0.0,249.0,-13.023378992846904,-13.25646647965064,,0.0
uniform,Uniform,ok,ok,1.3443997886497527e-05,False,,none,379.3151961096296,5689727.941644444,1.0,3.357142857142857,1694812.5783621748,76781250000.0,2.0255998281153943e+18,2.0255998281153943e+18,2.0255998281153943e+18,4.936809265680052e-19,0.10532073506634214,-13.256466474732292,-9.684463547443015,0.015625,0.0,64,0.0,76781250000.0,76781250000.0,5.689727941644444,1.6948125783621748,76781250000.0,2.0255998281153943e+18,2.0255998281153943e+18,2.0255998281153943e+18,0.0,0.0,2.3424244139706967e+18,88790624899.74777,26381438.54281344,4.684848827941393e+18,177581250000.0,0.5,0.09793950717362658,False,False,False,True,-13.256466474732292,-13.456972739469613,-13.256466474732292,-13.256466474732292,0.0,True,0.25,4,32,-1.4973958333333334e-06,1.0416666666666667e-06,12,natural_tdl,,,,,,,,,,,,,,,,,,,,,,,,,,,,
water_filling,Water-filling,ok,ok,0.000169754999660654,False,,none,379.33111248001865,5689966.68720028,1.0000000000007359,3.35714285714496,1694883.6940585962,76224158265.21347,2.0109029467514143e+18,2.0109029467514143e+18,2.0103026074292544e+18,4.97289042027357e-19,0.10570490786278067,-13.408527340848003,-9.862680167437732,0.01587819628980114,8.936859980988731e-08,64,-4770.338074091023,76201402139.81625,76201402139.87233,5.68996668720028,1.694883694058596,76224158265.21347,2.0109029467514143e+18,2.0103026074292544e+18,2.0109029467514143e+18,0.029854216640823557,4770.338074091023,2.3424244139706967e+18,88790624899.74777,26381438.54281344,4.684848827941393e+18,177581250000.0,0.5,0.09793950717362658,False,False,False,True,-13.256466474732292,-13.58884262006212,-13.408527340848003,-13.408527340848003,0.15206086611571124,True,0.25,4,32,-1.4973958333333334e-06,1.0416666666666667e-06,12,natural_tdl,0.015984737523590305,,,,,,,,,,,,,,,,,,,,,,,,,,,
conventional_s2,Conventional $S_2$,ok,optimal,0.007156313997256802,False,,conventional_s2,377.95099343830213,5669264.901574532,0.9999999995433468,3.357142855838134,1688717.205380633,88790624896.6852,2.3424244138899016e+18,2.3424244138899016e+18,2.341824924480622e+18,4.2690811881497146e-19,0.09793950717531565,-10.555151624192332,-6.233950061293024,0.02327953866924819,7.732956568202591e-06,64,-4766.9601457281,88767901028.20076,88767900987.66461,5.669264901574532,1.688717205380633,88790624896.6852,2.3424244138899016e+18,2.341824924480622e+18,2.3424244138899016e+18,0.025592689596500472,4766.9601457281,2.3424244139706967e+18,88790624899.74777,26381438.54281344,4.684848827941393e+18,177581250000.0,0.5,0.09793950717362658,True,False,True,True,-13.256466474732292,-11.018904829727393,-10.547177243381576,-10.547177243381576,-2.7092892313507164,False,0.25,4,32,-1.3997395833333333e-06,1.0416666666666667e-06,12,natural_tdl,,known_amplitude_linear,88790624899.74777,,,,,,,,,,,,,,,,,,,,,,,,,
exact_efim,Exact EFIM,ok,optimal,0.0091928639994876,False,,exact_efim,377.9477866890729,5669216.800336094,0.9999999993556247,3.357142855301785,1688702.8776219499,88800580732.88055,2.3426870631706317e+18,2.3426870631706317e+18,2.3424244114454815e+18,4.2686025620792194e-19,0.09793401680006221,-10.553349298840796,-6.2323359217139975,0.02304742839771488,7.704524154179406e-06,64,-3155.301706428832,88790624861.24287,88790624804.02838,5.669216800336094,1.68870287762195,88800580732.88055,2.3426870631706317e+18,2.3424244114454815e+18,2.3426870631706317e+18,0.011211558269107047,3155.301706428832,2.3424244139706967e+18,88790624899.74777,26381438.54281344,4.684848827941393e+18,177581250000.0,0.5,0.09793950717362658,True,True,False,True,-13.256466474732292,-11.01662023614958,-10.545224753321714,-10.545224753321714,-2.7112417214105786,False,0.25,4,32,-1.3997395833333333e-06,1.0416666666666667e-06,12,natural_tdl,,unknown_amplitude_exact,,2.3424244139706967e+18,88790624899.74777,quad_over_lin,1e-12,,,,,,,,,,,,,,,,,,,,,
exact_efim_sampled_psl,Exact EFIM+sampled PSL,ok,optimal,0.4531474640025408,False,,exact_efim,376.71065098416545,5650659.764762482,0.9999999995159174,3.3571428557597645,1683175.249771629,88794891193.66592,2.342536964941504e+18,2.342536964941504e+18,2.342424410847193e+18,4.268876073103808e-19,0.09793715431448548,-13.023844904563141,-5.411057472435829,0.033407520042171866,1.9223196664148967e-05,64,-2065.5295490453836,88790624824.332,88790624781.35,5.650659764762482,1.683175249771629,88794891193.66592,2.342536964941504e+18,2.342424410847193e+18,2.342536964941504e+18,0.0048047948013372165,2065.5295490453836,2.3424244139706967e+18,88790624899.74777,26381438.54281344,4.684848827941393e+18,177581250000.0,0.5,0.09793950717362658,True,True,False,True,-13.256466474732292,-13.256466471273455,-13.023844904563141,-13.023844904563141,-0.23262157016915097,True,0.25,4,32,-1.3671875e-06,1.0416666666666667e-06,12,natural_tdl,,unknown_amplitude_exact,,2.3424244139706967e+18,88790624899.74777,quad_over_lin,1e-12,-13.256466474732292,0.2173585239870126,249.0,1.0416666666666667e-06,,,,,,,,,,,,,,,,,
exact_efim_cutting_plane_psl,Exact EFIM+cutting-plane PSL,ok,optimal,0.4796381599990127,False,,exact_efim,376.71065098416545,5650659.764762482,0.9999999995159174,3.3571428557597645,1683175.249771629,88794891193.66592,2.342536964941504e+18,2.342536964941504e+18,2.342424410847193e+18,4.268876073103808e-19,0.09793715431448548,-13.023844904563141,-5.411057472435829,0.033407520042171866,1.9223196664148967e-05,64,-2065.5295490453836,88790624824.332,88790624781.35,5.650659764762482,1.683175249771629,88794891193.66592,2.342536964941504e+18,2.342424410847193e+18,2.342536964941504e+18,0.0048047948013372165,2065.5295490453836,2.3424244139706967e+18,88790624899.74777,26381438.54281344,4.684848827941393e+18,177581250000.0,0.5,0.09793950717362658,True,True,False,True,-13.256466474732292,-13.256466471273455,-13.023844904563141,-13.023844904563141,-0.23262157016915097,True,0.25,4,32,-1.3671875e-06,1.0416666666666667e-06,12,natural_tdl,,unknown_amplitude_exact,,2.3424244139706967e+18,88790624899.74777,quad_over_lin,1e-12,-13.256466474732292,0.2173585239870126,249.0,1.0416666666666667e-06,-5.413918228568634,-0.23262157016915097,249.0,1985.0,1.0,249.0,True,1.0,dense_psl_satisfied,False,0.4796381599990127,0.0,249.0,-13.023844904563141,-13.256466471273455,,0.0
uniform,Uniform,ok,ok,1.331600287812762e-05,False,,none,418.47399975234043,6277109.996285106,1.0,3.357142857142857,1869777.4457019465,76781250000.0,2.0255998281153943e+18,2.0255998281153943e+18,2.0255998281153943e+18,4.936809265680052e-19,0.10532073506634214,-13.256466474732292,-9.684463547443015,0.015625,0.0,64,0.0,76781250000.0,76781250000.0,6.277109996285106,1.8697774457019465,76781250000.0,2.0255998281153943e+18,2.0255998281153943e+18,2.0255998281153943e+18,0.0,0.0,2.3424244139706967e+18,88790624899.74777,26381438.54281344,4.684848827941393e+18,177581250000.0,0.5,0.09793950717362658,False,False,False,True,-13.256466474732292,-13.456972739469613,-13.256466474732292,-13.256466474732292,0.0,True,0.25,4,32,-1.4973958333333334e-06,1.0416666666666667e-06,13,natural_tdl,,,,,,,,,,,,,,,,,,,,,,,,,,,,
water_filling,Water-filling,ok,ok,0.0001912119987537153,False,,none,418.4842646861549,6277263.970292323,1.0000000000006701,3.357142857144772,1869823.3102987744,76130205182.26237,2.008424329267632e+18,2.008424329267632e+18,2.008287933104149e+18,4.979027516384687e-19,0.10577011351775903,-13.360169467584882,-9.884251888073269,0.015737202340620367,5.7787705018528696e-08,64,-2273.7977935709455,76125035025.80531,76125035025.85632,6.277263970292323,1.8698233102987745,76130205182.26237,2.008424329267632e+18,2.008287933104149e+18,2.008424329267632e+18,0.006791202511118384,2273.7977935709455,2.3424244139706967e+18,88790624899.74777,26381438.54281344,4.684848827941393e+18,177581250000.0,0.5,0.09793950717362658,False,False,False,True,-13.256466474732292,-13.531311617080506,-13.360169467584882,-13.360169467584882,0.10370299285258966,True,0.25,4,32,-1.4973958333333334e-06,1.0416666666666667e-06,13,natural_tdl,0.01584508591008008,,,,,,,,,,,,,,,,,,,,,,,,,,,
conventional_s2,Conventional $S_2$,ok,optimal,0.007354150999162812,False,,conventional_s2,417.06006453647615,6255900.968047142,0.9999999994830066,3.357142855665733,1863459.8636424649,88790624899.07523,2.342424413952954e+18,2.342424413952954e+18,2.3422879807738404e+18,4.2690811880348016e-19,0.0979395071739975,-10.513233681603316,-6.235521351925898,0.023159163258359455,7.64209517650703e-06,64,-2274.1063085163164,88785453385.47697,88785453339.57547,6.2559009680471425,1.8634598636424649,88790624899.07523,2.342424413952954e+18,2.3422879807738404e+18,2.342424413952954e+18,0.0058244431837710595,2274.1063085163164,2.3424244139706967e+18,88790624899.74777,26381438.54281344,4.684848827941393e+18,177581250000.0,0.5,0.09793950717362658,True,False,True,True,-13.256466474732292,-10.98299449551872,-10.507085841104388,-10.507085841104388,-2.7493806336279043,False,0.25,4,32,-1.3997395833333333e-06,1.0416666666666667e-06,13,natural_tdl,,known_amplitude_linear,88790624899.74777,,,,,,,,,,,,,,,,,,,,,,,,,
exact_efim,Exact EFIM,ok,optimal,0.01032330400266801,False,,exact_efim,417.0593215442779,6255889.823164169,0.9999999993961612,3.357142855417604,1863456.544027818,88792871351.95346,2.3424836786115e+18,2.3424836786115e+18,2.342424404781064e+18,4.268973180606095e-19,0.09793826823512747,-10.513045344321725,-6.235533100436727,0.023044494714026885,7.632841622142159e-06,64,-1498.933135295037,88790624605.02596,88790624551.41074,6.255889823164169,1.863456544027818,88792871351.95346,2.3424836786115e+18,2.342424404781064e+18,2.3424836786115e+18,0.002530383924423942,1498.933135295037,2.3424244139706967e+18,88790624899.74777,26381438.54281344,4.684848827941393e+18,177581250000.0,0.5,0.09793950717362658,True,True,False,True,-13.256466474732292,-10.98252457125013,-10.506822019822097,-10.506822019822097,-2.749644454910195,False,0.25,4,32,-1.3997395833333333e-06,1.0416666666666667e-06,13,natural_tdl,,unknown_amplitude_exact,,2.3424244139706967e+18,88790624899.74777,quad_over_lin,1e-12,,,,,,,,,,,,,,,,,,,,,
exact_efim_sampled_psl,Exact EFIM+sampled PSL,ok,optimal,0.45214627599852975,False,,exact_efim,415.7570418472145,6236355.627708218,0.9999999994585794,3.3571428555959413,1857637.8474073529,88791505445.80034,2.3424476440422666e+18,2.3424476440422666e+18,2.342424410293163e+18,4.2690388514910014e-19,0.09793902153899402,-13.023344719416565,-5.4112847371667305,0.03356881228800459,1.9214102021685343e-05,64,-938.4484277661946,88790624808.42232,88790624760.34924,6.236355627708218,1.857637847407353,88791505445.80034,2.3424476440422666e+18,2.342424410293163e+18,2.3424476440422666e+18,0.0009918577758913094,938.4484277661946,2.3424244139706967e+18,88790624899.74777,26381438.54281344,4.684848827941393e+18,177581250000.0,0.5,0.09793950717362658,True,True,False,True,-13.256466474732292,-13.256466471967183,-13.023344719416565,-13.023344719416565,-0.233121755315727,True,0.25,4,32,-1.3671875e-06,1.0416666666666667e-06,13,natural_tdl,,unknown_amplitude_exact,,2.3424244139706967e+18,88790624899.74777,quad_over_lin,1e-12,-13.256466474732292,0.2173585239870126,249.0,1.0416666666666667e-06,,,,,,,,,,,,,,,,,
exact_efim_cutting_plane_psl,Exact EFIM+cutting-plane PSL,ok,optimal,0.4592801649996545,False,,exact_efim,415.7570418472145,6236355.627708218,0.9999999994585794,3.3571428555959413,1857637.8474073529,88791505445.80034,2.3424476440422666e+18,2.3424476440422666e+18,2.342424410293163e+18,4.2690388514910014e-19,0.09793902153899402,-13.023344719416565,-5.4112847371667305,0.03356881228800459,1.9214102021685343e-05,64,-938.4484277661946,88790624808.42232,88790624760.34924,6.236355627708218,1.857637847407353,88791505445.80034,2.3424476440422666e+18,2.342424410293163e+18,2.3424476440422666e+18,0.0009918577758913094,938.4484277661946,2.3424244139706967e+18,88790624899.74777,26381438.54281344,4.684848827941393e+18,177581250000.0,0.5,0.09793950717362658,True,True,False,True,-13.256466474732292,-13.256466471967183,-13.023344719416565,-13.023344719416565,-0.233121755315727,True,0.25,4,32,-1.3671875e-06,1.0416666666666667e-06,13,natural_tdl,,unknown_amplitude_exact,,2.3424244139706967e+18,88790624899.74777,quad_over_lin,1e-12,-13.256466474732292,0.2173585239870126,249.0,1.0416666666666667e-06,-5.414130016942856,-0.233121755315727,249.0,1985.0,1.0,249.0,True,1.0,dense_psl_satisfied,False,0.4592801649996545,0.0,249.0,-13.023344719416565,-13.256466471967183,,0.0
uniform,Uniform,ok,ok,1.3179000234231353e-05,False,,none,275.5157895090545,4132736.842635818,1.0,3.357142857142857,1231027.9956787543,76781250000.0,2.0255998281153943e+18,2.0255998281153943e+18,2.0255998281153943e+18,4.936809265680052e-19,0.10532073506634214,-13.256466474732292,-9.684463547443015,0.015625,0.0,64,0.0,76781250000.0,76781250000.0,4.1327368426358175,1.2310279956787542,76781250000.0,2.0255998281153943e+18,2.0255998281153943e+18,2.0255998281153943e+18,0.0,0.0,2.3424244139706967e+18,88790624899.74777,26381438.54281344,4.684848827941393e+18,177581250000.0,0.5,0.09793950717362658,False,False,False,True,-13.256466474732292,-13.456972739469613,-13.256466474732292,-13.256466474732292,0.0,True,0.25,4,32,-1.4973958333333334e-06,1.0416666666666667e-06,14,natural_tdl,,,,,,,,,,,,,,,,,,,,,,,,,,,,
water_filling,Water-filling,ok,ok,0.0002045759974862449,False,,none,275.55529854263614,4133329.478139542,0.9999999999993654,3.357142857141044,1231204.525403933,75934780794.52017,2.003268752792644e+18,2.003268752792644e+18,2.0017140391707026e+18,4.991841452156414e-19,0.10590613009357264,-13.364202403730756,-9.935193961337227,0.016093095200547577,2.4134602097189586e-07,64,7676.724679448291,75875848692.76431,75875848692.71616,4.133329478139542,1.231204525403933,75934780794.52017,2.003268752792644e+18,2.0017140391707026e+18,2.003268752792644e+18,0.07760883904239835,7676.724679448291,2.3424244139706967e+18,88790624899.74777,26381438.54281344,4.684848827941393e+18,177581250000.0,0.5,0.09793950717362658,False,False,False,True,-13.256466474732292,-13.521548960120956,-13.364202403730756,-13.364202403730756,0.10773592899846385,True,0.25,4,32,-1.4973958333333334e-06,1.0416666666666667e-06,14,natural_tdl,0.01656369414475787,,,,,,,,,,,,,,,,,,,,,,,,,,,
conventional_s2,Conventional $S_2$,ok,optimal,0.007784954999806359,False,,conventional_s2,274.2090373985897,4113135.5609788457,0.9999999991208836,3.357142854631096,1225189.3169529191,88790624852.7691,2.3424244127313316e+18,2.3424244127313316e+18,2.340869706036001e+18,4.2690811902612146e-19,0.09793950719953623,-10.475719727438557,-6.233788280895901,0.023497503733154672,7.780306891379253e-06,64,7676.7075820045975,88731693091.5268,88731693013.5213,4.113135560978845,1.225189316952919,88790624852.7691,2.3424244127313316e+18,2.340869706036001e+18,2.3424244127313316e+18,0.0663716910940996,7676.7075820045975,2.3424244139706967e+18,88790624899.74777,26381438.54281344,4.684848827941393e+18,177581250000.0,0.5,0.09793950717362658,True,False,True,True,-13.256466474732292,-10.950587625020962,-10.471502259787881,-10.471502259787881,-2.784964214944411,False,0.25,4,32,-1.3997395833333333e-06,1.0416666666666667e-06,14,natural_tdl,,known_amplitude_linear,88790624899.74777,,,,,,,,,,,,,,,,,,,,,,,,,
exact_efim,Exact EFIM,ok,optimal,0.008746128998609493,False,,exact_efim,274.2011675421337,4113017.5131320055,0.999999997837611,3.357142850964603,1225154.1551025207,88816052595.33905,2.3430952331592233e+18,2.3430952331592233e+18,2.3424244097352115e+18,4.2678589664137894e-19,0.09792548631718347,-10.471351166942394,-6.230045351830334,0.023125061738731637,7.702156375040433e-06,64,5042.604108412928,88790624931.19974,88790624739.19986,4.1130175131320055,1.2251541551025207,88816052595.33905,2.3430952331592233e+18,2.3424244097352115e+18,2.3430952331592233e+18,0.028629797650490577,5042.604108412928,2.3424244139706967e+18,88790624899.74777,26381438.54281344,4.684848827941393e+18,177581250000.0,0.5,0.09793950717362658,True,True,False,True,-13.256466474732292,-10.944937328848903,-10.466738160226061,-10.466738160226061,-2.789728314506231,False,0.25,4,32,-1.3997395833333333e-06,1.0416666666666667e-06,14,natural_tdl,,unknown_amplitude_exact,,2.3424244139706967e+18,88790624899.74777,quad_over_lin,1e-12,,,,,,,,,,,,,,,,,,,,,
exact_efim_sampled_psl,Exact EFIM+sampled PSL,ok,optimal,0.4795201199995063,False,,exact_efim,272.96435754027175,4094465.363104076,0.9999999994957132,3.3571428557020377,1219627.9810225267,88801325099.68637,2.3427067006377723e+18,2.3427067006377723e+18,2.342424410136827e+18,4.268566781013443e-19,0.09793360633893479,-13.02444878461774,-5.406364517137376,0.033384961427241754,1.9295961397742806e-05,64,3271.1382221652307,88790624799.1992,88790624754.42326,4.094465363104076,1.2196279810225268,88801325099.68637,2.3427067006377723e+18,2.342424410136827e+18,2.3427067006377723e+18,0.012049758549312126,3271.1382221652307,2.3424244139706967e+18,88790624899.74777,26381438.54281344,4.684848827941393e+18,177581250000.0,0.5,0.09793950717362658,True,True,False,True,-13.256466474732292,-13.256466463236576,-13.02444878461774,-13.02444878461774,-0.23201769011455298,True,0.25,4,32,-1.3671875e-06,1.0416666666666667e-06,14,natural_tdl,,unknown_amplitude_exact,,2.3424244139706967e+18,88790624899.74777,quad_over_lin,1e-12,-13.256466474732292,0.2173585239870126,249.0,1.0416666666666667e-06,,,,,,,,,,,,,,,,,
exact_efim_cutting_plane_psl,Exact EFIM+cutting-plane PSL,ok,optimal,0.4975196119994507,False,,exact_efim,272.96435754027175,4094465.363104076,0.9999999994957132,3.3571428557020377,1219627.9810225267,88801325099.68637,2.3427067006377723e+18,2.3427067006377723e+18,2.342424410136827e+18,4.268566781013443e-19,0.09793360633893479,-13.02444878461774,-5.406364517137376,0.033384961427241754,1.9295961397742806e-05,64,3271.1382221652307,88790624799.1992,88790624754.42326,4.094465363104076,1.2196279810225268,88801325099.68637,2.3427067006377723e+18,2.342424410136827e+18,2.3427067006377723e+18,0.012049758549312126,3271.1382221652307,2.3424244139706967e+18,88790624899.74777,26381438.54281344,4.684848827941393e+18,177581250000.0,0.5,0.09793950717362658,True,True,False,True,-13.256466474732292,-13.256466463236576,-13.02444878461774,-13.02444878461774,-0.23201769011455298,True,0.25,4,32,-1.3671875e-06,1.0416666666666667e-06,14,natural_tdl,,unknown_amplitude_exact,,2.3424244139706967e+18,88790624899.74777,quad_over_lin,1e-12,-13.256466474732292,0.2173585239870126,249.0,1.0416666666666667e-06,-5.409244830467709,-0.23201769011455298,249.0,1985.0,1.0,249.0,True,1.0,dense_psl_satisfied,False,0.4975196119994507,0.0,249.0,-13.02444878461774,-13.256466463236576,,0.0
uniform,Uniform,ok,ok,1.3906999811297283e-05,False,,none,310.42246300121417,4656336.945018212,1.0,3.357142857142857,1386993.9836224462,76781250000.0,2.0255998281153943e+18,2.0255998281153943e+18,2.0255998281153943e+18,4.936809265680052e-19,0.10532073506634214,-13.256466474732292,-9.684463547443015,0.015625,0.0,64,0.0,76781250000.0,76781250000.0,4.656336945018213,1.386993983622446,76781250000.0,2.0255998281153943e+18,2.0255998281153943e+18,2.0255998281153943e+18,0.0,0.0,2.3424244139706967e+18,88790624899.74777,26381438.54281344,4.684848827941393e+18,177581250000.0,0.5,0.09793950717362658,False,False,False,True,-13.256466474732292,-13.456972739469613,-13.256466474732292,-13.256466474732292,0.0,True,0.25,4,32,-1.4973958333333334e-06,1.0416666666666667e-06,15,natural_tdl,,,,,,,,,,,,,,,,,,,,,,,,,,,,
water_filling,Water-filling,ok,ok,0.00019739599883905612,False,,none,310.4281408517695,4656422.112776543,1.0000000000004257,3.3571428571440736,1387019.3527414463,76818172738.36278,2.0265739030683443e+18,2.0265739030683443e+18,2.026436515983664e+18,4.934436382931533e-19,0.10529542076115045,-13.145809502487957,-9.65846116601675,0.01593372632079948,3.256257076489426e-08,64,-2282.0424423497516,76812965020.62138,76812965020.65408,4.656422112776543,1.3870193527414463,76818172738.36278,2.0265739030683443e+18,2.026436515983664e+18,2.0265739030683443e+18,0.006779278291908349,2282.0424423497516,2.3424244139706967e+18,88790624899.74777,26381438.54281344,4.684848827941393e+18,177581250000.0,0.5,0.09793950717362658,False,False,False,True,-13.256466474732292,-13.336922962860642,-13.145809502487957,-13.145809502487957,-0.11065697224433535,True,0.25,4,32,-1.4973958333333334e-06,1.0416666666666667e-06,15,natural_tdl,0.016213307347921417,,,,,,,,,,,,,,,,,,,,,,,,,,,
conventional_s2,Conventional $S_2$,ok,optimal,0.007459880998794688,False,,conventional_s2,309.20589102168594,4638088.365325289,0.9999999985641107,3.3571428530403167,1381558.2381681835,88790624828.71243,2.342424412096682e+18,2.342424412096682e+18,2.342287426019136e+18,4.269081191417867e-19,0.09793950721280396,-10.455638880873401,-6.2369443061028385,0.022900085127459384,7.5965902936474056e-06,64,-2278.709583257687,88785432438.84111,88785432311.35506,4.638088365325289,1.3815582381681835,88790624828.71243,2.342424412096682e+18,2.342287426019136e+18,2.342424412096682e+18,0.005848046871376697,2278.709583257687,2.3424244139706967e+18,88790624899.74777,26381438.54281344,4.684848827941393e+18,177581250000.0,0.5,0.09793950717362658,True,False,True,True,-13.256466474732292,-10.934632565806934,-10.452454430404366,-10.452454430404366,-2.8040120443279264,False,0.25,4,32,-1.3997395833333333e-06,1.0416666666666667e-06,15,natural_tdl,,known_amplitude_linear,88790624899.74777,,,,,,,,,,,,,,,,,,,,,,,,,
exact_efim,Exact EFIM,ok,optimal,0.009695345001091482,False,,exact_efim,309.2051935408312,4638077.903112468,0.9999999983512418,3.3571428524321196,1381555.1220146504,88792998439.83034,2.3424870313725133e+18,2.3424870313725133e+18,2.3424244053556137e+18,4.2689670704989073e-19,0.09793819814643102,-10.455085293423046,-6.236844428667297,0.022793947097340773,7.5883356828374576e-06,64,-1540.735747933599,88790624719.58356,88790624573.18929,4.638077903112468,1.3815551220146505,88792998439.83034,2.342487031372514e+18,2.3424244053556137e+18,2.3424870313725133e+18,0.0026734840390083216,1540.735747933599,2.3424244139706967e+18,88790624899.74777,26381438.54281344,4.684848827941393e+18,177581250000.0,0.5,0.09793950717362658,True,True,False,True,-13.256466474732292,-10.933846650341836,-10.451841188822272,-10.451841188822272,-2.8046252859100207,False,0.25,4,32,-1.3997395833333333e-06,1.0416666666666667e-06,15,natural_tdl,,unknown_amplitude_exact,,2.3424244139706967e+18,88790624899.74777,quad_over_lin,1e-12,,,,,,,,,,,,,,,,,,,,,
exact_efim_sampled_psl,Exact EFIM+sampled PSL,ok,optimal,0.4629762499971548,False,,exact_efim,307.8944775167869,4618417.162751803,0.9999999993954428,3.357142855415551,1375698.7300381444,88791533769.35736,2.3424483912584453e+18,2.3424483912584453e+18,2.3424244096928133e+18,4.269037489712911e-19,0.09793900591823851,-13.02336991021644,-5.412669431012384,0.033356238995623344,1.9195295840452967e-05,64,-953.4315734102263,88790624791.27174,88790624737.59273,4.618417162751803,1.3756987300381445,88791533769.35736,2.3424483912584453e+18,2.3424244096928133e+18,2.3424483912584453e+18,0.001023782027450187,953.4315734102263,2.3424244139706967e+18,88790624899.74777,26381438.54281344,4.684848827941393e+18,177581250000.0,0.5,0.09793950717362658,True,True,False,True,-13.256466474732292,-13.256466467045854,-13.02336991021644,-13.02336991021644,-0.23309656451585248,True,0.25,4,32,-1.3671875e-06,1.0416666666666667e-06,15,natural_tdl,,unknown_amplitude_exact,,2.3424244139706967e+18,88790624899.74777,quad_over_lin,1e-12,-13.256466474732292,0.2173585239870126,249.0,1.0416666666666667e-06,,,,,,,,,,,,,,,,,
exact_efim_cutting_plane_psl,Exact EFIM+cutting-plane PSL,ok,optimal,0.49312943799668574,False,,exact_efim,307.8944775167869,4618417.162751803,0.9999999993954428,3.357142855415551,1375698.7300381444,88791533769.35736,2.3424483912584453e+18,2.3424483912584453e+18,2.3424244096928133e+18,4.269037489712911e-19,0.09793900591823851,-13.02336991021644,-5.412669431012384,0.033356238995623344,1.9195295840452967e-05,64,-953.4315734102263,88790624791.27174,88790624737.59273,4.618417162751803,1.3756987300381445,88791533769.35736,2.3424483912584453e+18,2.3424244096928133e+18,2.3424483912584453e+18,0.001023782027450187,953.4315734102263,2.3424244139706967e+18,88790624899.74777,26381438.54281344,4.684848827941393e+18,177581250000.0,0.5,0.09793950717362658,True,True,False,True,-13.256466474732292,-13.256466467045854,-13.02336991021644,-13.02336991021644,-0.23309656451585248,True,0.25,4,32,-1.3671875e-06,1.0416666666666667e-06,15,natural_tdl,,unknown_amplitude_exact,,2.3424244139706967e+18,88790624899.74777,quad_over_lin,1e-12,-13.256466474732292,0.2173585239870126,249.0,1.0416666666666667e-06,-5.415515710732529,-0.23309656451585248,249.0,1985.0,1.0,249.0,True,1.0,dense_psl_satisfied,False,0.49312943799668574,0.0,249.0,-13.02336991021644,-13.256466467045854,,0.0
uniform,Uniform,ok,ok,1.280599826714024e-05,False,,none,123.61347380794822,1854202.1071192233,1.0,3.357142857142857,552315.5212695559,76781250000.0,2.0255998281153943e+18,2.0255998281153943e+18,2.0255998281153943e+18,4.936809265680052e-19,0.10532073506634214,-13.256466474732292,-9.684463547443015,0.015625,0.0,64,0.0,76781250000.0,76781250000.0,1.8542021071192234,0.5523155212695559,76781250000.0,2.0255998281153943e+18,2.0255998281153943e+18,2.0255998281153943e+18,0.0,0.0,2.3424244139706967e+18,88790624899.74777,26381438.54281344,4.684848827941393e+18,177581250000.0,0.5,0.09793950717362658,False,False,False,True,-13.256466474732292,-13.456972739469613,-13.256466474732292,-13.256466474732292,0.0,True,0.25,4,32,-1.4973958333333334e-06,1.0416666666666667e-06,16,natural_tdl,,,,,,,,,,,,,,,,,,,,,,,,,,,,
water_filling,Water-filling,ok,ok,0.00019724400044651702,False,,none,132.70562177335887,1990584.326600383,0.9999999999998364,3.3571428571423896,592940.0121789201,102808059835.19975,2.7122245122482084e+18,2.7122245122482084e+18,2.7121891357295795e+18,3.6870104059751426e-19,0.09101812589296013,-5.477989331911654,-1.8407398479927348,0.024238293267744935,6.80115678761032e-05,53,-1157.999333464166,102806718872.76028,102806718872.74345,1.990584326600383,0.5929400121789201,102808059835.19975,2.712224512248209e+18,2.7121891357295795e+18,2.7122245122482084e+18,0.0013043359231179506,1157.999333464166,2.3424244139706967e+18,88790624899.74777,26381438.54281344,4.684848827941393e+18,177581250000.0,0.5,0.09793950717362658,False,True,False,True,-13.256466474732292,-5.857926352475724,-5.477989331911654,-5.477989331911654,-7.7784771428206385,False,0.25,4,32,-1.4322916666666667e-06,1.0416666666666667e-06,16,natural_tdl,0.024907642174624794,,,,,,,,,,,,,,,,,,,,,,,,,,,
conventional_s2,Conventional $S_2$,ok,optimal,0.0070220119996520225,False,,conventional_s2,132.70562170952877,1990584.3256429315,0.9999999990580088,3.357142854451454,592940.0123689959,102807980485.88138,2.712222418899043e+18,2.712222418899043e+18,2.7121870582817306e+18,3.6870132516857684e-19,0.09101816101778613,-5.4779972760569775,-1.8407503681427264,0.02423825391312668,6.801138392341504e-05,60,-1157.739051419255,102806640223.0144,102806640126.17146,1.9905843256429314,0.592940012368996,102807980485.88138,2.712222418899043e+18,2.7121870582817306e+18,2.712222418899043e+18,0.0013037506461807708,1157.739051419255,2.3424244139706967e+18,88790624899.74777,26381438.54281344,4.684848827941393e+18,177581250000.0,0.5,0.09793950717362658,True,True,False,True,-13.256466474732292,-5.857936279186169,-5.4779972760569775,-5.4779972760569775,-7.778469198675315,False,0.25,4,32,-1.4322916666666667e-06,1.0416666666666667e-06,16,natural_tdl,,known_amplitude_linear,88790624899.74777,,,,,,,,,,,,,,,,,,,,,,,,,
exact_efim,Exact EFIM,ok,optimal,0.008268633999250596,False,,exact_efim,132.70562152637171,1990584.3228955758,0.9999999970797576,3.357142848799308,592940.0125489192,102808317289.86276,2.7122313042725786e+18,2.7122313042725786e+18,2.7121960143402767e+18,3.687001172889273e-19,0.0910180119281749,-5.47794910901096,-1.840739509140827,0.02423854645049619,6.801138855699299e-05,59,-1156.581327654987,102806979909.72049,102806979609.49919,1.9905843228955757,0.5929400125489191,102808317289.86276,2.7122313042725786e+18,2.7121960143402767e+18,2.7122313042725786e+18,0.0013011402178800813,1156.581327654987,2.3424244139706967e+18,88790624899.74777,26381438.54281344,4.684848827941393e+18,177581250000.0,0.5,0.09793950717362658,True,True,False,True,-13.256466474732292,-5.857872878734241,-5.47794910901096,-5.47794910901096,-7.778517365721332,False,0.25,4,32,-1.4322916666666667e-06,1.0416666666666667e-06,16,natural_tdl,,unknown_amplitude_exact,,2.3424244139706967e+18,88790624899.74777,quad_over_lin,1e-12,,,,,,,,,,,,,,,,,,,,,
exact_efim_sampled_psl,Exact EFIM+sampled PSL,ok,optimal,0.4790204189994256,False,,exact_efim,125.87127413844959,1888069.112076744,0.9999999995490485,3.3571428558544243,562403.5655152997,88794661834.78674,2.3425309141243284e+18,2.3425309141243284e+18,2.342424410057467e+18,4.2688870997197246e-19,0.09793728080148917,-12.96604923109367,-3.1235821008252236,0.04145954785699204,6.021639369156788e-05,64,-2009.2494552653634,88790624791.45535,88790624751.41508,1.8880691120767439,0.5624035655152997,88794661834.78674,2.3425309141243284e+18,2.342424410057467e+18,2.3425309141243284e+18,0.0045465383709303465,2009.2494552653634,2.3424244139706967e+18,88790624899.74777,26381438.54281344,4.684848827941393e+18,177581250000.0,0.5,0.09793950717362658,True,True,False,True,-13.256466474732292,-13.256466455772507,-12.96604923109367,-12.96604923109367,-0.29041724363862187,False,0.25,4,32,-1.3671875e-06,1.0416666666666667e-06,16,natural_tdl,,unknown_amplitude_exact,,2.3424244139706967e+18,88790624899.74777,quad_over_lin,1e-12,-13.256466474732292,0.2173585239870126,249.0,1.0416666666666667e-06,,,,,,,,,,,,,,,,,
exact_efim_cutting_plane_psl,Exact EFIM+cutting-plane PSL,ok,optimal,0.981866849000653,False,,exact_efim,125.37498175029216,1880624.7262543824,0.9999999994449478,3.3571428555569938,560186.0889361416,88790687889.42645,2.342426075729033e+18,2.342426075729033e+18,2.342424409484088e+18,4.2690781594410403e-19,0.09793947243361428,-13.110254473324757,-3.0423316752720804,0.042975946574113535,6.227499139605975e-05,64,-251.3160273021847,88790624778.96434,88790624729.68091,1.8806247262543825,0.5601860889361415,88790687889.42645,2.342426075729033e+18,2.342424409484088e+18,2.342426075729033e+18,7.113329904720322e-05,251.3160273021847,2.3424244139706967e+18,88790624899.74777,26381438.54281344,4.684848827941393e+18,177581250000.0,0.5,0.09793950717362658,True,True,False,True,-13.256466474732292,-13.256466457140883,-13.110254473324757,-13.110254473324757,-0.14621200140753565,True,0.25,4,32,-4.4921875e-06,1.0416666666666667e-06,16,natural_tdl,,unknown_amplitude_exact,,2.3424244139706967e+18,88790624899.74777,quad_over_lin,1e-12,-13.256466474732292,0.2173585239870126,251.0,1.0416666666666667e-06,-3.043986075301426,-0.14621200140753565,249.0,1985.0,2.0,251.0,True,2.0,dense_psl_satisfied,False,0.981866849000653,2.0,251.0,-12.96604923109367,-13.256466455772507,-1.3671875e-06,1.0
uniform,Uniform,ok,ok,1.3163000403437763e-05,False,,none,392.6916714547272,5890375.071820908,1.0,3.357142857142857,1754579.8086275046,76781250000.0,2.0255998281153943e+18,2.0255998281153943e+18,2.0255998281153943e+18,4.936809265680052e-19,0.10532073506634214,-13.256466474732292,-9.684463547443015,0.015625,0.0,64,0.0,76781250000.0,76781250000.0,5.890375071820908,1.7545798086275046,76781250000.0,2.0255998281153943e+18,2.0255998281153943e+18,2.0255998281153943e+18,0.0,0.0,2.3424244139706967e+18,88790624899.74777,26381438.54281344,4.684848827941393e+18,177581250000.0,0.5,0.09793950717362658,False,False,False,True,-13.256466474732292,-13.456972739469613,-13.256466474732292,-13.256466474732292,0.0,True,0.25,4,32,-1.4973958333333334e-06,1.0416666666666667e-06,17,natural_tdl,,,,,,,,,,,,,,,,,,,,,,,,,,,,
water_filling,Water-filling,ok,ok,0.0001838730022427626,False,,none,392.6922322944599,5890383.484416899,1.0000000000000355,3.357142857142959,1754582.3145071084,77002469801.84015,2.031435924722094e+18,2.031435924722094e+18,2.031433443644859e+18,4.922626344401203e-19,0.10516933868786175,-13.179489732208703,-9.610915235739844,0.01574586530863087,3.051773710396357e-09,64,306.66972610339326,77002375755.51651,77002375755.51924,5.890383484416899,1.7545823145071084,77002469801.84015,2.0314359247220936e+18,2.031433443644859e+18,2.031435924722094e+18,0.0001221341616048962,306.66972610339326,2.3424244139706967e+18,88790624899.74777,26381438.54281344,4.684848827941393e+18,177581250000.0,0.5,0.09793950717362658,False,False,False,True,-13.256466474732292,-13.385832512920066,-13.179489732208703,-13.179489732208703,-0.07697674252358944,True,0.25,4,32,-1.4973958333333334e-06,1.0416666666666667e-06,17,natural_tdl,0.015857984851857677,,,,,,,,,,,,,,,,,,,,,,,,,,,
conventional_s2,Conventional $S_2$,ok,optimal,0.007543638999777613,False,,conventional_s2,391.4541118028183,5871811.677042275,0.9999999991719923,3.357142854777121,1749050.2880110834,88790624891.25177,2.34242441374656e+18,2.34242441374656e+18,2.342421952159813e+18,4.2690811884109554e-19,0.09793950717831229,-10.509136276166002,-6.237237910660143,0.022613105941676977,7.612765963891534e-06,64,305.46280538258594,88790531657.24562,88790531583.72638,5.871811677042275,1.7490502880110834,88790624891.25177,2.34242441374656e+18,2.342421952159813e+18,2.34242441374656e+18,0.00010508713674747128,305.46280538258594,2.3424244139706967e+18,88790624899.74777,26381438.54281344,4.684848827941393e+18,177581250000.0,0.5,0.09793950717362658,True,False,True,True,-13.256466474732292,-10.979786671077505,-10.503272276376453,-10.503272276376453,-2.753194198355839,False,0.25,4,32,-1.3997395833333333e-06,1.0416666666666667e-06,17,natural_tdl,,known_amplitude_linear,88790624899.74777,,,,,,,,,,,,,,,,,,,,,,,,,
exact_efim,Exact EFIM,ok,optimal,0.00916186999893398,False,,exact_efim,391.4540987782509,5871811.481673764,0.9999999990807724,3.3571428545164927,1749050.2299519936,88790667849.85458,2.3424255470563005e+18,2.3424255470563005e+18,2.342424410290824e+18,4.269079122948811e-19,0.09793948348581734,-10.509171637892257,-6.237230985863854,0.022602518598960362,7.61268900073699e-06,64,207.58033160409263,88790624841.87935,88790624760.26056,5.871811481673764,1.7490502299519937,88790667849.85458,2.3424255470562995e+18,2.342424410290824e+18,2.3424255470563005e+18,4.852941762783283e-05,207.58033160409263,2.3424244139706967e+18,88790624899.74777,26381438.54281344,4.684848827941393e+18,177581250000.0,0.5,0.09793950717362658,True,True,False,True,-13.256466474732292,-10.9798120659382,-10.503304568711764,-10.503304568711764,-2.7531619060205283,False,0.25,4,32,-1.3997395833333333e-06,1.0416666666666667e-06,17,natural_tdl,,unknown_amplitude_exact,,2.3424244139706967e+18,88790624899.74777,quad_over_lin,1e-12,,,,,,,,,,,,,,,,,,,,,
exact_efim_sampled_psl,Exact EFIM+sampled PSL,ok,optimal,0.5017013540018525,False,,exact_efim,390.14416959667096,5852162.543950064,0.9999999995016357,3.3571428557189593,1743197.3542563997,88790642010.32727,2.3424248653723976e+18,2.3424248653723976e+18,2.342424410798319e+18,4.2690803653205777e-19,0.09793949773681115,-13.023394956202312,-5.413648719561234,0.03331816885946331,1.9181496640239047e-05,64,131.26625554739104,88790624823.74751,88790624779.49744,5.852162543950064,1.7431973542563997,88790642010.32727,2.342424865372398e+18,2.342424410798319e+18,2.3424248653723976e+18,1.940613272954358e-05,131.26625554739104,2.3424244139706967e+18,88790624899.74777,26381438.54281344,4.684848827941393e+18,177581250000.0,0.5,0.09793950717362658,True,True,False,True,-13.256466474732292,-13.256466472917408,-13.023394956202312,-13.023394956202312,-0.23307151852998054,True,0.25,4,32,-1.3671875e-06,1.0416666666666667e-06,17,natural_tdl,,unknown_amplitude_exact,,2.3424244139706967e+18,88790624899.74777,quad_over_lin,1e-12,-13.256466474732292,0.2173585239870126,249.0,1.0416666666666667e-06,,,,,,,,,,,,,,,,,
exact_efim_cutting_plane_psl,Exact EFIM+cutting-plane PSL,ok,optimal,0.48829829299938865,False,,exact_efim,390.14416959667096,5852162.543950064,0.9999999995016357,3.3571428557189593,1743197.3542563997,88790642010.32727,2.3424248653723976e+18,2.3424248653723976e+18,2.342424410798319e+18,4.2690803653205777e-19,0.09793949773681115,-13.023394956202312,-5.413648719561234,0.03331816885946331,1.9181496640239047e-05,64,131.26625554739104,88790624823.74751,88790624779.49744,5.852162543950064,1.7431973542563997,88790642010.32727,2.342424865372398e+18,2.342424410798319e+18,2.3424248653723976e+18,1.940613272954358e-05,131.26625554739104,2.3424244139706967e+18,88790624899.74777,26381438.54281344,4.684848827941393e+18,177581250000.0,0.5,0.09793950717362658,True,True,False,True,-13.256466474732292,-13.256466472917408,-13.023394956202312,-13.023394956202312,-0.23307151852998054,True,0.25,4,32,-1.3671875e-06,1.0416666666666667e-06,17,natural_tdl,,unknown_amplitude_exact,,2.3424244139706967e+18,88790624899.74777,quad_over_lin,1e-12,-13.256466474732292,0.2173585239870126,249.0,1.0416666666666667e-06,-5.416494684469488,-0.23307151852998054,249.0,1985.0,1.0,249.0,True,1.0,dense_psl_satisfied,False,0.48829829299938865,0.0,249.0,-13.023394956202312,-13.256466472917408,,0.0
uniform,Uniform,ok,ok,1.3487999240169302e-05,False,,none,345.12737592007926,5176910.638801189,1.0,3.357142857142857,1542058.4881535457,76781250000.0,2.0255998281153943e+18,2.0255998281153943e+18,2.0255998281153943e+18,4.936809265680052e-19,0.10532073506634214,-13.256466474732292,-9.684463547443015,0.015625,0.0,64,0.0,76781250000.0,76781250000.0,5.176910638801189,1.5420584881535457,76781250000.0,2.0255998281153943e+18,2.0255998281153943e+18,2.0255998281153943e+18,0.0,0.0,2.3424244139706967e+18,88790624899.74777,26381438.54281344,4.684848827941393e+18,177581250000.0,0.5,0.09793950717362658,False,False,False,True,-13.256466474732292,-13.456972739469613,-13.256466474732292,-13.256466474732292,0.0,True,0.25,4,32,-1.4973958333333334e-06,1.0416666666666667e-06,18,natural_tdl,,,,,,,,,,,,,,,,,,,,,,,,,,,,
water_filling,Water-filling,ok,ok,0.00020313799905125052,False,,none,345.12829758934663,5176924.4638402,1.000000000000457,3.357142857144163,1542062.6062496726,76909607399.47073,2.0289860809610468e+18,2.0289860809610468e+18,2.028958131655647e+18,4.928570034972056e-19,0.10523281145510455,-13.202099761858083,-9.64055650807751,0.015806228960522976,5.103406649151193e-09,64,1029.2864911932927,76908547968.75464,76908547968.78978,5.1769244638402,1.5420626062496725,76909607399.47073,2.0289860809610468e+18,2.028958131655647e+18,2.0289860809610468e+18,0.0013775010909177637,1029.2864911932927,2.3424244139706967e+18,88790624899.74777,26381438.54281344,4.684848827941393e+18,177581250000.0,0.5,0.09793950717362658,False,False,False,True,-13.256466474732292,-13.404790001904058,-13.202099761858083,-13.202099761858083,-0.054366712874209355,True,0.25,4,32,-1.4973958333333334e-06,1.0416666666666667e-06,18,natural_tdl,0.016014041006419923,,,,,,,,,,,,,,,,,,,,,,,,,,,
conventional_s2,Conventional $S_2$,ok,optimal,0.007862769001803827,False,,conventional_s2,343.89484502510845,5158422.675376627,0.9999999986192557,3.3571428531978738,1536551.4370241733,88790624854.59418,2.3424244127794796e+18,2.3424244127794796e+18,2.3423964740612577e+18,4.269081190173465e-19,0.09793950719852967,-10.508998140954741,-6.2370215553852955,0.022725580773552245,7.617550552443719e-06,64,1029.0915269326501,88789565947.82053,88789565825.22484,5.1584226753766265,1.5365514370241733,88790624854.59418,2.3424244127794796e+18,2.3423964740612577e+18,2.3424244127794796e+18,0.0011927265643834548,1029.0915269326501,2.3424244139706967e+18,88790624899.74777,26381438.54281344,4.684848827941393e+18,177581250000.0,0.5,0.09793950717362658,True,False,True,True,-13.256466474732292,-10.979838579010863,-10.503193723131767,-10.503193723131767,-2.753272751600525,False,0.25,4,32,-1.3997395833333333e-06,1.0416666666666667e-06,18,natural_tdl,,known_amplitude_linear,88790624899.74777,,,,,,,,,,,,,,,,,,,,,,,,,
exact_efim,Exact EFIM,ok,optimal,0.009399628997925902,False,,exact_efim,343.89470048302076,5158420.5072453115,0.9999999985705437,3.357142853058696,1536550.7912615244,88791108002.49353,2.3424371589160934e+18,2.3424371589160934e+18,2.3424244074522307e+18,4.2690579603967946e-19,0.09793924073416967,-10.509075960795634,-6.236964025824372,0.02267636655542069,7.616262816074019e-06,64,695.2336526358334,88790624779.58478,88790624652.66246,5.158420507245311,1.5365507912615244,88791108002.49353,2.3424371589160934e+18,2.3424244074522307e+18,2.3424371589160934e+18,0.0005443673831013009,695.2336526358334,2.3424244139706967e+18,88790624899.74777,26381438.54281344,4.684848827941393e+18,177581250000.0,0.5,0.09793950717362658,True,True,False,True,-13.256466474732292,-10.979853957346226,-10.503253222698456,-10.503253222698456,-2.753213252033836,False,0.25,4,32,-1.3997395833333333e-06,1.0416666666666667e-06,18,natural_tdl,,unknown_amplitude_exact,,2.3424244139706967e+18,88790624899.74777,quad_over_lin,1e-12,,,,,,,,,,,,,,,,,,,,,
exact_efim_sampled_psl,Exact EFIM+sampled PSL,ok,optimal,0.48506655100209173,False,,exact_efim,342.610006229507,5139150.093442605,0.9999999997717323,3.357142856490664,1530810.666429231,88790819261.08368,2.3424295415023345e+18,2.3424295415023345e+18,2.3424244171606175e+18,4.269071843068725e-19,0.09793939997975211,-13.023426077419696,-5.414319684341327,0.03331054383583854,1.9172490078399627e-05,64,440.7271498037854,88790625040.93118,88790625020.66315,5.139150093442605,1.530810666429231,88790819261.08368,2.342429541502335e+18,2.3424244171606175e+18,2.3424295415023345e+18,0.00021876182938272994,440.7271498037854,2.3424244139706967e+18,88790624899.74777,26381438.54281344,4.684848827941393e+18,177581250000.0,0.5,0.09793950717362658,True,True,False,True,-13.256466474732292,-13.256466478415403,-13.023426077419696,-13.023426077419696,-0.23304039731259607,True,0.25,4,32,-1.3671875e-06,1.0416666666666667e-06,18,natural_tdl,,unknown_amplitude_exact,,2.3424244139706967e+18,88790624899.74777,quad_over_lin,1e-12,-13.256466474732292,0.2173585239870126,249.0,1.0416666666666667e-06,,,,,,,,,,,,,,,,,
exact_efim_cutting_plane_psl,Exact EFIM+cutting-plane PSL,ok,optimal,0.4894194329972379,False,,exact_efim,342.610006229507,5139150.093442605,0.9999999997717323,3.357142856490664,1530810.666429231,88790819261.08368,2.3424295415023345e+18,2.3424295415023345e+18,2.3424244171606175e+18,4.269071843068725e-19,0.09793939997975211,-13.023426077419696,-5.414319684341327,0.03331054383583854,1.9172490078399627e-05,64,440.7271498037854,88790625040.93118,88790625020.66315,5.139150093442605,1.530810666429231,88790819261.08368,2.342429541502335e+18,2.3424244171606175e+18,2.3424295415023345e+18,0.00021876182938272994,440.7271498037854,2.3424244139706967e+18,88790624899.74777,26381438.54281344,4.684848827941393e+18,177581250000.0,0.5,0.09793950717362658,True,True,False,True,-13.256466474732292,-13.256466478415403,-13.023426077419696,-13.023426077419696,-0.23304039731259607,True,0.25,4,32,-1.3671875e-06,1.0416666666666667e-06,18,natural_tdl,,unknown_amplitude_exact,,2.3424244139706967e+18,88790624899.74777,quad_over_lin,1e-12,-13.256466474732292,0.2173585239870126,249.0,1.0416666666666667e-06,-5.417166486920583,-0.23304039731259607,249.0,1985.0,1.0,249.0,True,1.0,dense_psl_satisfied,False,0.4894194329972379,0.0,249.0,-13.023426077419696,-13.256466478415403,,0.0
uniform,Uniform,ok,ok,1.3506996765499935e-05,False,,none,276.5744295877479,4148616.4438162185,1.0,3.357142857142857,1235758.0896473841,76781250000.0,2.0255998281153943e+18,2.0255998281153943e+18,2.0255998281153943e+18,4.936809265680052e-19,0.10532073506634214,-13.256466474732292,-9.684463547443015,0.015625,0.0,64,0.0,76781250000.0,76781250000.0,4.148616443816219,1.235758089647384,76781250000.0,2.0255998281153943e+18,2.0255998281153943e+18,2.0255998281153943e+18,0.0,0.0,2.3424244139706967e+18,88790624899.74777,26381438.54281344,4.684848827941393e+18,177581250000.0,0.5,0.09793950717362658,False,False,False,True,-13.256466474732292,-13.456972739469613,-13.256466474732292,-13.256466474732292,0.0,True,0.25,4,32,-1.4973958333333334e-06,1.0416666666666667e-06,19,natural_tdl,,,,,,,,,,,,,,,,,,,,,,,,,,,,
water_filling,Water-filling,ok,ok,0.00019378399883862585,False,,none,276.8864391436549,4153296.587154824,0.9999999999997737,3.357142857142211,1237152.1748974198,73432276892.51599,1.93724909989877e+18,1.93724909989877e+18,1.925407393197868e+18,5.161958779860858e-19,0.10769560327406512,-14.180246901276494,-10.678281830610503,0.016607156439864216,2.1032838511715075e-06,64,-21186.436386993744,72983411805.75247,72983411805.73596,4.1532965871548235,1.2371521748974197,73432276892.51599,1.93724909989877e+18,1.925407393197868e+18,1.93724909989877e+18,0.6112640187325765,21186.436386993744,2.3424244139706967e+18,88790624899.74777,26381438.54281344,4.684848827941393e+18,177581250000.0,0.5,0.09793950717362658,False,False,False,True,-13.256466474732292,-14.22682341723683,-14.162148796427875,-14.162148796427875,0.9056823216955827,True,0.25,4,32,-1.5299479166666667e-06,1.0416666666666667e-06,19,natural_tdl,0.016967791453183126,,,,,,,,,,,,,,,,,,,,,,,,,,,
conventional_s2,Conventional $S_2$,ok,optimal,0.00760173800154007,False,,conventional_s2,275.0736336840996,4126104.505261494,0.9999999987055024,3.3571428534442926,1229052.4071766199,88790624825.80624,2.3424244120200125e+18,2.3424244120200125e+18,2.3305835816027116e+18,4.2690811915575976e-19,0.09793950721440678,-10.669803118364825,-6.184396478850756,0.025895502559684657,9.378100015795509e-06,64,-21185.652490465418,88341793069.29874,88341792954.94049,4.126104505261494,1.2290524071766198,88790624825.80624,2.3424244120200125e+18,2.3305835816027116e+18,2.3424244120200125e+18,0.5054946642692276,21185.652490465418,2.3424244139706967e+18,88790624899.74777,26381438.54281344,4.684848827941393e+18,177581250000.0,0.5,0.09793950717362658,True,False,True,True,-13.256466474732292,-11.120771545275643,-10.659234419925369,-10.659234419925369,-2.5972320548069234,False,0.25,4,32,-1.3997395833333333e-06,1.0416666666666667e-06,19,natural_tdl,,known_amplitude_linear,88790624899.74777,,,,,,,,,,,,,,,,,,,,,,,,,
exact_efim,Exact EFIM,ok,optimal,0.00937808599701384,False,,exact_efim,275.0114330189051,4125171.4952835767,0.9999999982984743,3.3571428522813553,1228774.4897362068,88954703677.8162,2.3467530481704883e+18,2.3467530481704883e+18,2.3424244025578394e+18,4.261206780064024e-19,0.09784913976692618,-10.645364858896906,-6.1680480182184505,0.02468465727372279,8.645853565934689e-06,64,-12809.340769803988,88790624618.21794,88790624467.13841,4.125171495283577,1.2287744897362067,88954703677.8162,2.3467530481704883e+18,2.3424244025578394e+18,2.3467530481704883e+18,0.1844525403311414,12809.340769803988,2.3424244139706967e+18,88790624899.74777,26381438.54281344,4.684848827941393e+18,177581250000.0,0.5,0.09793950717362658,True,True,False,True,-13.256466474732292,-11.084510053695825,-10.631036964017753,-10.631036964017753,-2.6254295107145396,False,0.25,4,32,-1.3997395833333333e-06,1.0416666666666667e-06,19,natural_tdl,,unknown_amplitude_exact,,2.3424244139706967e+18,88790624899.74777,quad_over_lin,1e-12,,,,,,,,,,,,,,,,,,,,,
exact_efim_sampled_psl,Exact EFIM+sampled PSL,ok,optimal,0.5040025919988693,False,,exact_efim,274.0061945367256,4110092.9180508843,0.9999999993925853,3.3571428554073868,1224282.9974991123,88867986049.68047,2.344465312393248e+18,2.344465312393248e+18,2.342424409132879e+18,4.265364877500331e-19,0.09789686885768556,-13.028436443587395,-5.3441898785850785,0.03456089711204152,2.0241964957896728e-05,64,-8795.529168804998,88790624770.30089,88790624716.36816,4.110092918050884,1.2242829974991123,88867986049.68047,2.344465312393247e+18,2.342424409132879e+18,2.344465312393248e+18,0.08705197085153402,8795.529168804998,2.3424244139706967e+18,88790624899.74777,26381438.54281344,4.684848827941393e+18,177581250000.0,0.5,0.09793950717362658,True,True,False,True,-13.256466474732292,-13.256466459819025,-13.028436443587395,-13.028436443587395,-0.22803003114489684,True,0.25,4,32,-1.3671875e-06,1.0416666666666667e-06,19,natural_tdl,,unknown_amplitude_exact,,2.3424244139706967e+18,88790624899.74777,quad_over_lin,1e-12,-13.256466474732292,0.2173585239870126,249.0,1.0416666666666667e-06,,,,,,,,,,,,,,,,,
exact_efim_cutting_plane_psl,Exact EFIM+cutting-plane PSL,ok,optimal,0.5080130460009968,False,,exact_efim,274.0061945367256,4110092.9180508843,0.9999999993925853,3.3571428554073868,1224282.9974991123,88867986049.68047,2.344465312393248e+18,2.344465312393248e+18,2.342424409132879e+18,4.265364877500331e-19,0.09789686885768556,-13.028436443587395,-5.3441898785850785,0.03456089711204152,2.0241964957896728e-05,64,-8795.529168804998,88790624770.30089,88790624716.36816,4.110092918050884,1.2242829974991123,88867986049.68047,2.344465312393247e+18,2.342424409132879e+18,2.344465312393248e+18,0.08705197085153402,8795.529168804998,2.3424244139706967e+18,88790624899.74777,26381438.54281344,4.684848827941393e+18,177581250000.0,0.5,0.09793950717362658,True,True,False,True,-13.256466474732292,-13.256466459819025,-13.028436443587395,-13.028436443587395,-0.22803003114489684,True,0.25,4,32,-1.3671875e-06,1.0416666666666667e-06,19,natural_tdl,,unknown_amplitude_exact,,2.3424244139706967e+18,88790624899.74777,quad_over_lin,1e-12,-13.256466474732292,0.2173585239870126,249.0,1.0416666666666667e-06,-5.347248368378715,-0.22803003114489684,249.0,1985.0,1.0,249.0,True,1.0,dense_psl_satisfied,False,0.5080130460009968,0.0,249.0,-13.028436443587395,-13.256466459819025,,0.0
uniform,Uniform,ok,ok,1.3423999916994944e-05,False,,none,214.76470404513572,3221470.5606770357,1.0,3.357142857142857,959586.9755208191,76781250000.0,2.0255998281153943e+18,2.0255998281153943e+18,2.0255998281153943e+18,4.936809265680052e-19,0.10532073506634214,-13.256466474732292,-9.684463547443015,0.015625,0.0,64,0.0,76781250000.0,76781250000.0,3.2214705606770355,0.9595869755208191,76781250000.0,2.0255998281153943e+18,2.0255998281153943e+18,2.0255998281153943e+18,0.0,0.0,2.3424244139706967e+18,88790624899.74777,26381438.54281344,4.684848827941393e+18,177581250000.0,0.5,0.09793950717362658,False,False,False,True,-13.256466474732292,-13.456972739469613,-13.256466474732292,-13.256466474732292,0.0,True,0.25,4,32,-1.4973958333333334e-06,1.0416666666666667e-06,20,natural_tdl,,,,,,,,,,,,,,,,,,,,,,,,,,,,
water_filling,Water-filling,ok,ok,0.00019349899957887828,False,,none,215.63732326372184,3234559.8489558278,1.0000000000001044,3.3571428571431556,963485.9124548418,83601298900.12402,2.2055225290329987e+18,2.2055225290329987e+18,2.1995315093061568e+18,4.534072932088548e-19,0.10093341280870535,-10.423140602008838,-7.138391142585618,0.01787612743523326,7.133210989590268e-06,64,15069.579644604259,83374206669.45023,83374206669.45892,3.234559848955828,0.9634859124548417,83601298900.12402,2.2055225290329987e+18,2.1995315093061568e+18,2.2055225290329987e+18,0.2716372037908219,15069.579644604259,2.3424244139706967e+18,88790624899.74777,26381438.54281344,4.684848827941393e+18,177581250000.0,0.5,0.09793950717362658,False,False,False,True,-13.256466474732292,-10.694872872499502,-10.391194648823596,-10.391194648823596,-2.865271825908696,False,0.25,4,32,-1.46484375e-06,1.0416666666666667e-06,20,natural_tdl,0.018348476237326473,,,,,,,,,,,,,,,,,,,,,,,,,,,
conventional_s2,Conventional $S_2$,ok,optimal,0.007466732000466436,False,,conventional_s2,215.45099862609715,3231764.979391457,0.9999999986175856,3.357142853193102,962653.3992491879,88790625039.29398,2.342424417652126e+18,2.342424417652126e+18,2.3364324308896573e+18,4.26908118129304e-19,0.09793950709666414,-9.382260149196918,-5.8955277939560435,0.020571256541002746,1.2083530410104956e-05,64,15070.795827981792,88563496275.15071,88563496152.71925,3.231764979391457,0.9626533992491879,88790625039.29398,2.342424417652126e+18,2.3364324308896573e+18,2.342424417652126e+18,0.25580277926212835,15070.795827981792,2.3424244139706967e+18,88790624899.74777,26381438.54281344,4.684848827941393e+18,177581250000.0,0.5,0.09793950717362658,True,False,True,True,-13.256466474732292,-9.885825366500097,-9.382260149196918,-9.382260149196918,-3.874206325535374,False,0.25,4,32,-1.4322916666666667e-06,1.0416666666666667e-06,20,natural_tdl,,known_amplitude_linear,88790624899.74777,,,,,,,,,,,,,,,,,,,,,,,,,
exact_efim,Exact EFIM,ok,optimal,0.009014751001814147,False,,exact_efim,215.4372178715084,3231558.268072626,0.9999999976608511,3.357142850459575,962591.8264485657,88951433908.94415,2.3466667869639414e+18,2.3466667869639414e+18,2.342424407464613e+18,4.2613634179131795e-19,0.09785093817037596,-9.352976759135608,-5.854925844901963,0.02039099177895363,1.209595672221015e-05,64,12681.058953749873,88790624860.82632,88790624653.13184,3.231558268072626,0.9625918264485657,88951433908.94415,2.3466667869639414e+18,2.342424407464613e+18,2.3466667869639414e+18,0.1807832080334335,12681.058953749873,2.3424244139706967e+18,88790624899.74777,26381438.54281344,4.684848827941393e+18,177581250000.0,0.5,0.09793950717362658,True,True,False,True,-13.256466474732292,-9.857435822948396,-9.352976759135608,-9.352976759135608,-3.9034897155966846,False,0.25,4,32,-1.4322916666666667e-06,1.0416666666666667e-06,20,natural_tdl,,unknown_amplitude_exact,,2.3424244139706967e+18,88790624899.74777,quad_over_lin,1e-12,,,,,,,,,,,,,,,,,,,,,
exact_efim_sampled_psl,Exact EFIM+sampled PSL,ok,optimal,0.48782498400032637,False,,exact_efim,213.1005964576811,3196508.9468652164,0.9999999994193982,3.3571428554839953,952151.60166438,88830018362.93689,2.3434636701988086e+18,2.3434636701988086e+18,2.342424409048264e+18,4.267187977849747e-19,0.09791778814056143,-13.029275981105403,-5.22754767314333,0.035416981778217144,2.1921499228211524e-05,64,6276.436074632748,88790624764.71281,88790624713.16081,3.1965089468652166,0.9521516016643801,88830018362.93689,2.3434636701988086e+18,2.342424409048264e+18,2.3434636701988086e+18,0.04434722687449291,6276.436074632748,2.3424244139706967e+18,88790624899.74777,26381438.54281344,4.684848827941393e+18,177581250000.0,0.5,0.09793950717362658,True,True,False,True,-13.256466474732292,-13.256466455089168,-13.029275981105403,-13.029275981105403,-0.22719049362688892,True,0.25,4,32,-1.3671875e-06,1.0416666666666667e-06,20,natural_tdl,,unknown_amplitude_exact,,2.3424244139706967e+18,88790624899.74777,quad_over_lin,1e-12,-13.256466474732292,0.2173585239870126,249.0,1.0416666666666667e-06,,,,,,,,,,,,,,,,,
exact_efim_cutting_plane_psl,Exact EFIM+cutting-plane PSL,ok,optimal,0.492590496000048,False,,exact_efim,213.1005964576811,3196508.9468652164,0.9999999994193982,3.3571428554839953,952151.60166438,88830018362.93689,2.3434636701988086e+18,2.3434636701988086e+18,2.342424409048264e+18,4.267187977849747e-19,0.09791778814056143,-13.029275981105403,-5.22754767314333,0.035416981778217144,2.1921499228211524e-05,64,6276.436074632748,88790624764.71281,88790624713.16081,3.1965089468652166,0.9521516016643801,88830018362.93689,2.3434636701988086e+18,2.342424409048264e+18,2.3434636701988086e+18,0.04434722687449291,6276.436074632748,2.3424244139706967e+18,88790624899.74777,26381438.54281344,4.684848827941393e+18,177581250000.0,0.5,0.09793950717362658,True,True,False,True,-13.256466474732292,-13.256466455089168,-13.029275981105403,-13.029275981105403,-0.22719049362688892,True,0.25,4,32,-1.3671875e-06,1.0416666666666667e-06,20,natural_tdl,,unknown_amplitude_exact,,2.3424244139706967e+18,88790624899.74777,quad_over_lin,1e-12,-13.256466474732292,0.2173585239870126,249.0,1.0416666666666667e-06,-5.230644078251785,-0.22719049362688892,249.0,1985.0,1.0,249.0,True,1.0,dense_psl_satisfied,False,0.492590496000048,0.0,249.0,-13.029275981105403,-13.256466455089168,,0.0
uniform,Uniform,ok,ok,1.296499976888299e-05,False,,none,404.28050929507003,6064207.639426051,1.0,3.357142857142857,1806359.722382228,76781250000.0,2.0255998281153943e+18,2.0255998281153943e+18,2.0255998281153943e+18,4.936809265680052e-19,0.10532073506634214,-13.256466474732292,-9.684463547443015,0.015625,0.0,64,0.0,76781250000.0,76781250000.0,6.0642076394260505,1.8063597223822279,76781250000.0,2.0255998281153943e+18,2.0255998281153943e+18,2.0255998281153943e+18,0.0,0.0,2.3424244139706967e+18,88790624899.74777,26381438.54281344,4.684848827941393e+18,177581250000.0,0.5,0.09793950717362658,False,False,False,True,-13.256466474732292,-13.456972739469613,-13.256466474732292,-13.256466474732292,0.0,True,0.25,4,32,-1.4973958333333334e-06,1.0416666666666667e-06,21,natural_tdl,,,,,,,,,,,,,,,,,,,,,,,,,,,,
water_filling,Water-filling,ok,ok,0.0001938540008268319,False,,none,404.28058630488624,6064208.794573294,0.9999999999993925,3.3571428571411217,1806360.0664695746,76856982895.71732,2.0275977708494295e+18,2.0275977708494295e+18,2.0275977504478664e+18,4.931944660705885e-19,0.10526883210443644,-13.221870730725938,-9.658469911545495,0.01564882063396844,4.178776745326115e-10,64,27.808815084145476,76856982122.4338,76856982122.38712,6.064208794573294,1.8063600664695745,76856982895.71732,2.02759777084943e+18,2.0275977504478664e+18,2.0275977708494295e+18,1.0061938037864922e-06,27.808815084145476,2.3424244139706967e+18,88790624899.74777,26381438.54281344,4.684848827941393e+18,177581250000.0,0.5,0.09793950717362658,False,False,False,True,-13.256466474732292,-13.42351484285594,-13.221870730725938,-13.221870730725938,-0.03459574400635468,True,0.25,4,32,-1.4973958333333334e-06,1.0416666666666667e-06,21,natural_tdl,0.015824520457398333,,,,,,,,,,,,,,,,,,,,,,,,,,,
conventional_s2,Conventional $S_2$,ok,optimal,0.007505597997806035,False,,conventional_s2,403.0074300638972,6045111.450958458,0.9999999996770246,3.3571428562200705,1800671.4965251342,88790624914.82666,2.342424414368499e+18,2.342424414368499e+18,2.342424393966664e+18,4.2690811872774677e-19,0.09793950716531029,-10.518676498019667,-6.236897354289113,0.022612024717713054,7.6218352662152805e-06,64,27.809000230113632,88790624170.16335,88790624141.48616,6.045111450958458,1.8006714965251343,88790624914.82666,2.342424414368499e+18,2.342424393966664e+18,2.342424414368499e+18,8.709709001859165e-07,27.809000230113632,2.3424244139706967e+18,88790624899.74777,26381438.54281344,4.684848827941393e+18,177581250000.0,0.5,0.09793950717362658,True,True,False,True,-13.256466474732292,-10.988010715027471,-10.512385623801212,-10.512385623801212,-2.7440808509310806,False,0.25,4,32,-1.3997395833333333e-06,1.0416666666666667e-06,21,natural_tdl,,known_amplitude_linear,88790624899.74777,,,,,,,,,,,,,,,,,,,,,,,,,
exact_efim,Exact EFIM,ok,optimal,0.009498809999058722,False,,exact_efim,403.0074298664769,6045111.447997154,0.9999999992774521,3.357142855078435,1800671.4962553831,88790625104.9271,2.342424419383622e+18,2.342424419383622e+18,2.342424409152751e+18,4.269081178137379e-19,0.09793950706046621,-10.518628781324162,-6.236899580122783,0.022612467355264974,7.621778505312208e-06,64,19.69278196322823,88790624781.27692,88790624717.12143,6.0451114479971535,1.8006714962553831,88790625104.9271,2.342424419383622e+18,2.342424409152751e+18,2.342424419383622e+18,4.3676418992814795e-07,19.69278196322823,2.3424244139706967e+18,88790624899.74777,26381438.54281344,4.684848827941393e+18,177581250000.0,0.5,0.09793950717362658,True,True,False,True,-13.256466474732292,-10.987968274700643,-10.51233963566064,-10.51233963566064,-2.7441268390716527,False,0.25,4,32,-1.3997395833333333e-06,1.0416666666666667e-06,21,natural_tdl,,unknown_amplitude_exact,,2.3424244139706967e+18,88790624899.74777,quad_over_lin,1e-12,,,,,,,,,,,,,,,,,,,,,
exact_efim_sampled_psl,Exact EFIM+sampled PSL,ok,optimal,0.45672226199894794,False,,exact_efim,401.7040277058791,6025560.415588187,0.9999999994219256,3.357142855491216,1794847.78424972,88790624980.97667,2.3424244161136317e+18,2.3424244161136317e+18,2.3424244117827415e+18,4.269081184096954e-19,0.09793950712882728,-13.023389861684363,-5.413545744541563,0.033312293204059505,1.9182891991844235e-05,64,12.81266135478083,88790624868.13997,88790624816.81238,6.0255604155881874,1.79484778424972,88790624980.97667,2.3424244161136317e+18,2.3424244117827415e+18,2.3424244161136317e+18,1.8488922033973143e-07,12.81266135478083,2.3424244139706967e+18,88790624899.74777,26381438.54281344,4.684848827941393e+18,177581250000.0,0.5,0.09793950717362658,True,True,False,True,-13.256466474732292,-13.256466492539595,-13.023389861684363,-13.023389861684363,-0.23307661304792937,True,0.25,4,32,-1.3671875e-06,1.0416666666666667e-06,21,natural_tdl,,unknown_amplitude_exact,,2.3424244139706967e+18,88790624899.74777,quad_over_lin,1e-12,-13.256466474732292,0.2173585239870126,249.0,1.0416666666666667e-06,,,,,,,,,,,,,,,,,
exact_efim_cutting_plane_psl,Exact EFIM+cutting-plane PSL,ok,optimal,0.482695345999673,False,,exact_efim,401.7040277058791,6025560.415588187,0.9999999994219256,3.357142855491216,1794847.78424972,88790624980.97667,2.3424244161136317e+18,2.3424244161136317e+18,2.3424244117827415e+18,4.269081184096954e-19,0.09793950712882728,-13.023389861684363,-5.413545744541563,0.033312293204059505,1.9182891991844235e-05,64,12.81266135478083,88790624868.13997,88790624816.81238,6.0255604155881874,1.79484778424972,88790624980.97667,2.3424244161136317e+18,2.3424244117827415e+18,2.3424244161136317e+18,1.8488922033973143e-07,12.81266135478083,2.3424244139706967e+18,88790624899.74777,26381438.54281344,4.684848827941393e+18,177581250000.0,0.5,0.09793950717362658,True,True,False,True,-13.256466474732292,-13.256466492539595,-13.023389861684363,-13.023389861684363,-0.23307661304792937,True,0.25,4,32,-1.3671875e-06,1.0416666666666667e-06,21,natural_tdl,,unknown_amplitude_exact,,2.3424244139706967e+18,88790624899.74777,quad_over_lin,1e-12,-13.256466474732292,0.2173585239870126,249.0,1.0416666666666667e-06,-5.416391600995507,-0.23307661304792937,249.0,1985.0,1.0,249.0,True,1.0,dense_psl_satisfied,False,0.482695345999673,0.0,249.0,-13.023389861684363,-13.256466492539595,,0.0
uniform,Uniform,ok,ok,1.3374999980442226e-05,False,,none,443.817179046468,6657257.68569702,1.0,3.357142857142857,1983012.9276544314,76781250000.0,2.0255998281153943e+18,2.0255998281153943e+18,2.0255998281153943e+18,4.936809265680052e-19,0.10532073506634214,-13.256466474732292,-9.684463547443015,0.015625,0.0,64,0.0,76781250000.0,76781250000.0,6.65725768569702,1.9830129276544315,76781250000.0,2.0255998281153943e+18,2.0255998281153943e+18,2.0255998281153943e+18,0.0,0.0,2.3424244139706967e+18,88790624899.74777,26381438.54281344,4.684848827941393e+18,177581250000.0,0.5,0.09793950717362658,False,False,False,True,-13.256466474732292,-13.456972739469613,-13.256466474732292,-13.256466474732292,0.0,True,0.25,4,32,-1.4973958333333334e-06,1.0416666666666667e-06,22,natural_tdl,,,,,,,,,,,,,,,,,,,,,,,,,,,,
water_filling,Water-filling,ok,ok,0.00019277899991720915,False,,none,443.8173970580269,6657260.955870404,0.9999999999998648,3.357142857142471,1983013.901748859,76702115986.453,2.0235121590003581e+18,2.0235121590003581e+18,2.0235120187068813e+18,4.941902600150489e-19,0.10537505106402317,-13.28582667699816,-9.710794832021518,0.01566924042164075,1.1733431855968534e-09,64,-72.9238354460957,76702110668.5776,76702110668.56723,6.657260955870404,1.983013901748859,76702115986.453,2.0235121590003581e+18,2.0235120187068813e+18,2.0235121590003581e+18,6.933166980983541e-06,72.9238354460957,2.3424244139706967e+18,88790624899.74777,26381438.54281344,4.684848827941393e+18,177581250000.0,0.5,0.09793950717362658,False,False,False,True,-13.256466474732292,-13.48455733668757,-13.28582667699816,-13.28582667699816,0.02936020226586855,True,0.25,4,32,-1.4973958333333334e-06,1.0416666666666667e-06,22,natural_tdl,0.015758113766389917,,,,,,,,,,,,,,,,,,,,,,,,,,,
conventional_s2,Conventional $S_2$,ok,optimal,0.007438331002049381,False,,conventional_s2,442.50130026290185,6637519.503943528,0.9999999996142969,3.3571428560408485,1977133.469908784,88790624909.01422,2.342424414215159e+18,2.342424414215159e+18,2.3424242621281736e+18,4.2690811875569317e-19,0.09793950716851596,-10.541927790784172,-6.23605314725698,0.022727874949638044,7.643893016993108e-06,64,-75.9270959182682,88790619178.33716,88790619144.09033,6.637519503943528,1.977133469908784,88790624909.01422,2.342424414215159e+18,2.3424242621281736e+18,2.342424414215159e+18,6.492716874578748e-06,75.9270959182682,2.3424244139706967e+18,88790624899.74777,26381438.54281344,4.684848827941393e+18,177581250000.0,0.5,0.09793950717362658,True,True,False,True,-13.256466474732292,-11.007704560008587,-10.534492445436381,-10.534492445436381,-2.721974029295911,False,0.25,4,32,-1.3997395833333333e-06,1.0416666666666667e-06,22,natural_tdl,,known_amplitude_linear,88790624899.74777,,,,,,,,,,,,,,,,,,,,,,,,,
exact_efim,Exact EFIM,ok,optimal,0.009480384000198683,False,,exact_efim,442.501299503135,6637519.492547025,0.9999999994140114,3.357142855468604,1977133.4668510947,88790627365.80412,2.342424479028811e+18,2.342424479028811e+18,2.3424244122997847e+18,4.269081069433703e-19,0.09793950581354864,-10.541809205624999,-6.236054280232479,0.022730895817534433,7.64378585219678e-06,64,-50.293071109199346,88790624888.4414,88790624836.41112,6.637519492547025,1.9771334668510947,88790627365.80412,2.342424479028811e+18,2.3424244122997847e+18,2.342424479028811e+18,2.8487162188326526e-06,50.293071109199346,2.3424244139706967e+18,88790624899.74777,26381438.54281344,4.684848827941393e+18,177581250000.0,0.5,0.09793950717362658,True,True,False,True,-13.256466474732292,-11.007603164992044,-10.534379301568748,-10.534379301568748,-2.722087173163544,False,0.25,4,32,-1.3997395833333333e-06,1.0416666666666667e-06,22,natural_tdl,,unknown_amplitude_exact,,2.3424244139706967e+18,88790624899.74777,quad_over_lin,1e-12,,,,,,,,,,,,,,,,,,,,,
exact_efim_sampled_psl,Exact EFIM+sampled PSL,ok,optimal,0.46515169099802733,False,,exact_efim,441.21372668516307,6618205.900277446,0.9999999996144373,3.3571428560412495,1971380.4815805932,88790626733.1879,2.342424462339484e+18,2.342424462339484e+18,2.34242441182528e+18,4.2690810998500897e-19,0.09793950616244879,-13.023395469176464,-5.413525744168575,0.03332226902995515,1.918321226219414e-05,64,-43.758005765014204,88790624852.6592,88790624818.42484,6.618205900277446,1.971380481580593,88790626733.1879,2.3424244623394847e+18,2.34242441182528e+18,2.342424462339484e+18,2.156492342534248e-06,43.758005765014204,2.3424244139706967e+18,88790624899.74777,26381438.54281344,4.684848827941393e+18,177581250000.0,0.5,0.09793950717362658,True,True,False,True,-13.256466474732292,-13.256466477417161,-13.023395469176464,-13.023395469176464,-0.2330710055558285,True,0.25,4,32,-1.3671875e-06,1.0416666666666667e-06,22,natural_tdl,,unknown_amplitude_exact,,2.3424244139706967e+18,88790624899.74777,quad_over_lin,1e-12,-13.256466474732292,0.2173585239870126,249.0,1.0416666666666667e-06,,,,,,,,,,,,,,,,,
exact_efim_cutting_plane_psl,Exact EFIM+cutting-plane PSL,ok,optimal,0.4797404210003151,False,,exact_efim,441.21372668516307,6618205.900277446,0.9999999996144373,3.3571428560412495,1971380.4815805932,88790626733.1879,2.342424462339484e+18,2.342424462339484e+18,2.34242441182528e+18,4.2690810998500897e-19,0.09793950616244879,-13.023395469176464,-5.413525744168575,0.03332226902995515,1.918321226219414e-05,64,-43.758005765014204,88790624852.6592,88790624818.42484,6.618205900277446,1.971380481580593,88790626733.1879,2.3424244623394847e+18,2.34242441182528e+18,2.342424462339484e+18,2.156492342534248e-06,43.758005765014204,2.3424244139706967e+18,88790624899.74777,26381438.54281344,4.684848827941393e+18,177581250000.0,0.5,0.09793950717362658,True,True,False,True,-13.256466474732292,-13.256466477417161,-13.023395469176464,-13.023395469176464,-0.2330710055558285,True,0.25,4,32,-1.3671875e-06,1.0416666666666667e-06,22,natural_tdl,,unknown_amplitude_exact,,2.3424244139706967e+18,88790624899.74777,quad_over_lin,1e-12,-13.256466474732292,0.2173585239870126,249.0,1.0416666666666667e-06,-5.4163717366199515,-0.2330710055558285,249.0,1985.0,1.0,249.0,True,1.0,dense_psl_satisfied,False,0.4797404210003151,0.0,249.0,-13.023395469176464,-13.256466477417161,,0.0
uniform,Uniform,ok,ok,1.3450997357722372e-05,False,,none,372.32865066499465,5584929.75997492,1.0,3.357142857142857,1663596.0987159337,76781250000.0,2.0255998281153943e+18,2.0255998281153943e+18,2.0255998281153943e+18,4.936809265680052e-19,0.10532073506634214,-13.256466474732292,-9.684463547443015,0.015625,0.0,64,0.0,76781250000.0,76781250000.0,5.58492975997492,1.6635960987159337,76781250000.0,2.0255998281153943e+18,2.0255998281153943e+18,2.0255998281153943e+18,0.0,0.0,2.3424244139706967e+18,88790624899.74777,26381438.54281344,4.684848827941393e+18,177581250000.0,0.5,0.09793950717362658,False,False,False,True,-13.256466474732292,-13.456972739469613,-13.256466474732292,-13.256466474732292,0.0,True,0.25,4,32,-1.4973958333333334e-06,1.0416666666666667e-06,23,natural_tdl,,,,,,,,,,,,,,,,,,,,,,,,,,,,
water_filling,Water-filling,ok,ok,0.0001950940022652503,False,,none,372.33167670349457,5584975.150552418,0.9999999999995683,3.357142857141624,1663609.6193140973,76599901806.06909,2.020815601882356e+18,2.020815601882356e+18,2.0206935436128422e+18,4.948497027974827e-19,0.10544533335876138,-13.30091605159776,-9.742198067752021,0.015774995678691898,1.6727295201509793e-08,64,2150.970070903515,76595275133.85623,76595275133.82317,5.584975150552418,1.6636096193140972,76599901806.06909,2.020815601882356e+18,2.0206935436128422e+18,2.020815601882356e+18,0.006040049839284334,2150.970070903515,2.3424244139706967e+18,88790624899.74777,26381438.54281344,4.684848827941393e+18,177581250000.0,0.5,0.09793950717362658,False,False,False,True,-13.256466474732292,-13.49466338195148,-13.30091605159776,-13.30091605159776,0.04444957686546758,True,0.25,4,32,-1.4973958333333334e-06,1.0416666666666667e-06,23,natural_tdl,0.01593098551952949,,,,,,,,,,,,,,,,,,,,,,,,,,,
conventional_s2,Conventional $S_2$,ok,optimal,0.007976154000061797,False,,conventional_s2,371.0219223620903,5565328.835431355,0.9999999990982053,3.357142854566301,1657757.5267199415,88790624879.96951,2.3424244134489175e+18,2.3424244134489175e+18,2.342302701779977e+18,4.2690811889534105e-19,0.09793950718453467,-10.534872702442438,-6.236068473977021,0.022915000842007052,7.65148923730315e-06,64,2147.9139189742614,88786011425.83711,88786011345.77036,5.565328835431355,1.6577575267199416,88790624879.96951,2.3424244134489175e+18,2.342302701779977e+18,2.3424244134489175e+18,0.0051959699634910855,2147.9139189742614,2.3424244139706967e+18,88790624899.74777,26381438.54281344,4.684848827941393e+18,177581250000.0,0.5,0.09793950717362658,True,False,True,True,-13.256466474732292,-11.001657508024682,-10.527785270825644,-10.527785270825644,-2.728681203906648,False,0.25,4,32,-1.3997395833333333e-06,1.0416666666666667e-06,23,natural_tdl,,known_amplitude_linear,88790624899.74777,,,,,,,,,,,,,,,,,,,,,,,,,
exact_efim,Exact EFIM,ok,optimal,0.009201439999742433,False,,exact_efim,371.02127641666095,5565319.146249915,0.9999999993059258,3.357142855159788,1657754.6402877232,88792699166.1409,2.3424791361020677e+18,2.3424791361020677e+18,2.342424411247115e+18,4.268981458951306e-19,0.09793836319548052,-10.534446900473393,-6.235730948316122,0.02281347775007206,7.64583350068272e-06,64,1440.2672089244402,88790624858.13652,88790624796.50923,5.565319146249915,1.6577546402877232,88792699166.1409,2.342479136102068e+18,2.342424411247115e+18,2.3424791361020677e+18,0.0023361939113798577,1440.2672089244402,2.3424244139706967e+18,88790624899.74777,26381438.54281344,4.684848827941393e+18,177581250000.0,0.5,0.09793950717362658,True,True,False,True,-13.256466474732292,-11.001140017272387,-10.52733145812584,-10.52733145812584,-2.7291350166064525,False,0.25,4,32,-1.3997395833333333e-06,1.0416666666666667e-06,23,natural_tdl,,unknown_amplitude_exact,,2.3424244139706967e+18,88790624899.74777,quad_over_lin,1e-12,,,,,,,,,,,,,,,,,,,,,
exact_efim_sampled_psl,Exact EFIM+sampled PSL,ok,optimal,0.48615531899849884,False,,exact_efim,369.7531286588071,5546296.929882106,0.9999999994335599,3.357142855524457,1652088.4479953584,88791496544.8401,2.342447409222131e+18,2.342447409222131e+18,2.3424244085526477e+18,4.2690392794435257e-19,0.09793902644797375,-13.023496641697944,-5.413462375927289,0.03331675021160698,1.9185282200170004e-05,64,933.7293324948511,88790624744.66881,88790624694.37424,5.546296929882106,1.6520884479953584,88791496544.8401,2.342447409222131e+18,2.3424244085526477e+18,2.342447409222131e+18,0.0009819076147864491,933.7293324948511,2.3424244139706967e+18,88790624899.74777,26381438.54281344,4.684848827941393e+18,177581250000.0,0.5,0.09793950717362658,True,True,False,True,-13.256466474732292,-13.256466475671058,-13.023496641697944,-13.023496641697944,-0.23296983303434793,True,0.25,4,32,-1.3671875e-06,1.0416666666666667e-06,23,natural_tdl,,unknown_amplitude_exact,,2.3424244139706967e+18,88790624899.74777,quad_over_lin,1e-12,-13.256466474732292,0.2173585239870126,249.0,1.0416666666666667e-06,,,,,,,,,,,,,,,,,
exact_efim_cutting_plane_psl,Exact EFIM+cutting-plane PSL,ok,optimal,0.4901209599993308,False,,exact_efim,369.7531286588071,5546296.929882106,0.9999999994335599,3.357142855524457,1652088.4479953584,88791496544.8401,2.342447409222131e+18,2.342447409222131e+18,2.3424244085526477e+18,4.2690392794435257e-19,0.09793902644797375,-13.023496641697944,-5.413462375927289,0.03331675021160698,1.9185282200170004e-05,64,933.7293324948511,88790624744.66881,88790624694.37424,5.546296929882106,1.6520884479953584,88791496544.8401,2.342447409222131e+18,2.3424244085526477e+18,2.342447409222131e+18,0.0009819076147864491,933.7293324948511,2.3424244139706967e+18,88790624899.74777,26381438.54281344,4.684848827941393e+18,177581250000.0,0.5,0.09793950717362658,True,True,False,True,-13.256466474732292,-13.256466475671058,-13.023496641697944,-13.023496641697944,-0.23296983303434793,True,0.25,4,32,-1.3671875e-06,1.0416666666666667e-06,23,natural_tdl,,unknown_amplitude_exact,,2.3424244139706967e+18,88790624899.74777,quad_over_lin,1e-12,-13.256466474732292,0.2173585239870126,249.0,1.0416666666666667e-06,-5.416311487567537,-0.23296983303434793,249.0,1985.0,1.0,249.0,True,1.0,dense_psl_satisfied,False,0.4901209599993308,0.0,249.0,-13.023496641697944,-13.256466475671058,,0.0
uniform,Uniform,ok,ok,1.3086002581985667e-05,False,,none,208.02509033932733,3120376.35508991,1.0,3.357142857142857,929473.8078991221,76781250000.0,2.0255998281153943e+18,2.0255998281153943e+18,2.0255998281153943e+18,4.936809265680052e-19,0.10532073506634214,-13.256466474732292,-9.684463547443015,0.015625,0.0,64,0.0,76781250000.0,76781250000.0,3.1203763550899097,0.9294738078991222,76781250000.0,2.0255998281153943e+18,2.0255998281153943e+18,2.0255998281153943e+18,0.0,0.0,2.3424244139706967e+18,88790624899.74777,26381438.54281344,4.684848827941393e+18,177581250000.0,0.5,0.09793950717362658,False,False,False,True,-13.256466474732292,-13.456972739469613,-13.256466474732292,-13.256466474732292,0.0,True,0.25,4,32,-1.4973958333333334e-06,1.0416666666666667e-06,24,natural_tdl,,,,,,,,,,,,,,,,,,,,,,,,,,,,
water_filling,Water-filling,ok,ok,0.00018275500042364,False,,none,209.47291154093514,3142093.6731140274,1.0000000000000624,3.3571428571430357,935942.7962466817,65859398019.82052,1.7374656613265838e+18,1.7374656613265838e+18,1.7066958102177137e+18,5.7555094311129205e-19,0.11371888483758241,-14.488123372368927,-11.690157096145942,0.017551347830845995,1.2928438209013435e-05,63,34151.78916635237,64693053316.55343,64693053316.557465,3.142093673114027,0.9359427962466818,65859398019.82052,1.737465661326584e+18,1.7066958102177137e+18,1.7374656613265838e+18,1.7709616825104246,34151.78916635237,2.3424244139706967e+18,88790624899.74777,26381438.54281344,4.684848827941393e+18,177581250000.0,0.5,0.09793950717362658,False,False,False,True,-13.256466474732292,-14.598743374393194,-14.488123372368927,-14.488123372368927,1.2316568976366344,True,0.25,4,32,-1.6276041666666668e-06,1.0416666666666667e-06,24,natural_tdl,0.0184807294829824,,,,,,,,,,,,,,,,,,,,,,,,,,,
conventional_s2,Conventional $S_2$,ok,optimal,0.007304879996809177,False,,conventional_s2,206.02980221904747,3090447.033285712,0.999999995915586,3.357142845473103,920558.693965908,88790624560.63602,2.342424405024441e+18,2.342424405024441e+18,2.307918043730456e+18,4.269081204307065e-19,0.0979395073606533,-10.243167499457247,-5.873202920005748,0.030685891258882252,1.4243905690555643e-05,64,36165.98908043806,87482646157.12733,87482645799.81198,3.0904470332857117,0.9205586939659081,88790624560.63602,2.342424405024441e+18,2.307918043730456e+18,2.342424405024441e+18,1.4731045842917918,36165.98908043806,2.3424244139706967e+18,88790624899.74777,26381438.54281344,4.684848827941393e+18,177581250000.0,0.5,0.09793950717362658,True,False,True,True,-13.256466474732292,-10.795273531979852,-10.243167499457247,-10.243167499457247,-3.0132989752750454,False,0.25,4,32,-1.4322916666666667e-06,1.0416666666666667e-06,24,natural_tdl,,known_amplitude_linear,88790624899.74777,,,,,,,,,,,,,,,,,,,,,,,,,
exact_efim,Exact EFIM,ok,optimal,0.008682378000230528,False,,exact_efim,205.85534388160573,3087830.158224086,0.9999999963391121,3.3571428466831774,919779.1989324584,89081147662.84824,2.3500888223907195e+18,2.3500888223907195e+18,2.342424384972411e+18,4.2551583177299276e-19,0.09777967036154317,-10.252791640481778,-6.029036004642813,0.027255718580318205,9.922727739096257e-06,64,17044.76058373231,88790624125.60757,88790623800.55505,3.0878301582240857,0.9197791989324584,89081147662.84824,2.35008882239072e+18,2.342424384972411e+18,2.3500888223907195e+18,0.32613394631236364,17044.76058373231,2.3424244139706967e+18,88790624899.74777,26381438.54281344,4.684848827941393e+18,177581250000.0,0.5,0.09793950717362658,True,True,False,True,-13.256466474732292,-10.745675231189256,-10.252791640481778,-10.252791640481778,-3.003674834250514,False,0.25,4,32,-1.4322916666666667e-06,1.0416666666666667e-06,24,natural_tdl,,unknown_amplitude_exact,,2.3424244139706967e+18,88790624899.74777,quad_over_lin,1e-12,,,,,,,,,,,,,,,,,,,,,
exact_efim_sampled_psl,Exact EFIM+sampled PSL,ok,optimal,0.48615119399983087,False,,exact_efim,204.7264391029026,3070896.5865435386,0.9999999994449846,3.357142855557099,914735.1538705792,88918479313.72728,2.345797397335525e+18,2.345797397335525e+18,2.342424409244462e+18,4.262942746615076e-19,0.09786906904352945,-13.021230430983852,-5.242052071096886,0.03624525141845509,2.165895146449169e-05,64,11307.280539567313,88790624769.87793,88790624720.59776,3.0708965865435385,0.9147351538705792,88918479313.72728,2.3457973973355244e+18,2.342424409244462e+18,2.345797397335525e+18,0.14378855117215128,11307.280539567313,2.3424244139706967e+18,88790624899.74777,26381438.54281344,4.684848827941393e+18,177581250000.0,0.5,0.09793950717362658,True,True,False,True,-13.256466474732292,-13.256466456405317,-13.021230430983852,-13.021230430983852,-0.23523604374843998,True,0.25,4,32,-1.3671875e-06,1.0416666666666667e-06,24,natural_tdl,,unknown_amplitude_exact,,2.3424244139706967e+18,88790624899.74777,quad_over_lin,1e-12,-13.256466474732292,0.2173585239870126,249.0,1.0416666666666667e-06,,,,,,,,,,,,,,,,,
exact_efim_cutting_plane_psl,Exact EFIM+cutting-plane PSL,ok,optimal,0.5135322469977837,False,,exact_efim,204.7264391029026,3070896.5865435386,0.9999999994449846,3.357142855557099,914735.1538705792,88918479313.72728,2.345797397335525e+18,2.345797397335525e+18,2.342424409244462e+18,4.262942746615076e-19,0.09786906904352945,-13.021230430983852,-5.242052071096886,0.03624525141845509,2.165895146449169e-05,64,11307.280539567313,88790624769.87793,88790624720.59776,3.0708965865435385,0.9147351538705792,88918479313.72728,2.3457973973355244e+18,2.342424409244462e+18,2.345797397335525e+18,0.14378855117215128,11307.280539567313,2.3424244139706967e+18,88790624899.74777,26381438.54281344,4.684848827941393e+18,177581250000.0,0.5,0.09793950717362658,True,True,False,True,-13.256466474732292,-13.256466456405317,-13.021230430983852,-13.021230430983852,-0.23523604374843998,True,0.25,4,32,-1.3671875e-06,1.0416666666666667e-06,24,natural_tdl,,unknown_amplitude_exact,,2.3424244139706967e+18,88790624899.74777,quad_over_lin,1e-12,-13.256466474732292,0.2173585239870126,249.0,1.0416666666666667e-06,-5.244981865789811,-0.23523604374843998,249.0,1985.0,1.0,249.0,True,1.0,dense_psl_satisfied,False,0.5135322469977837,0.0,249.0,-13.021230430983852,-13.256466456405317,,0.0
