method,label,status,solver_status,solve_time_s,solver_inaccurate,error,optimizer_model,rate_spectral_efficiency,rate_bps,tx_power_w,system_power_w,energy_efficiency_bit_per_j,sensing_surrogate,delay_fim_per_s2,delay_fim_known_amplitude_per_s2,delay_fim_unknown_amplitude_per_s2,delay_crb_s2,range_rmse_bound_m,psl_db,isl_db,peak_power_w,power_variance_w2,num_active_subcarriers,spectral_centroid_hz,power_weighted_spectral_variance_hz2,unknown_amplitude_kernel_w_hz2,rate_mbps,ee_mbit_per_j,optimizer_claimed_sensing_metric,optimizer_claimed_known_fim,independently_evaluated_unknown_fim,independently_evaluated_known_fim,fim_mismatch_percent,centroid_magnitude_hz,gamma_unknown_fim,gamma_conventional_s,c_beta,j_max,s_max,fim_fraction,max_range_rmse_m_target,optimizer_claimed_sensing_satisfied,physical_sensing_satisfied,physical_sensing_satisfied_1pct,physical_sensing_satisfied_2pct,relative_unknown_fim_gap,false_sensing_feasibility,material_false_sensing_feasibility_1pct,psl_requirement_applicable,requested_psl_max_db,optimization_grid_psl_db,validation_grid_psl_db,dense_psl_db,psl_margin_db,dense_psl_satisfied,psl_tolerance_db,optimization_oversampling,validation_oversampling,worst_delay_s,mainlobe_exclusion_s,realization,channel_kind,water_level_w,sensing_model,min_sensing_surrogate,psl_max_db,psl_rho,num_psl_soc_constraints,psl_mainlobe_exclusion_s,min_unknown_fim,gamma_fim_kernel,unknown_fim_representation,s0_epsilon_w,validation_grid_isl_db,violation_margin_db,optimization_grid_sidelobe_samples,validation_grid_sidelobe_samples,cutting_plane_iteration,cutting_plane_num_constraints,cutting_plane_converged,cutting_plane_iterations,cutting_plane_status,cutting_plane_infeasible,cutting_plane_runtime_s,num_added_soc_constraints,num_final_soc_constraints,initial_validation_grid_psl_db,initial_optimization_grid_psl_db,worst_violating_delay_s,num_worst_violating_delays,dinkelbach_iterations,dinkelbach_converged,dinkelbach_q_final_bit_per_j,dinkelbach_final_residual_bps,total_solve_time_s,asymmetry
uniform,Uniform,ok,ok,1.3922999642090872e-05,False,,none,378.2934807890367,5674402.211835551,1.0,3.357142857142857,1690247.4673552704,76781250000.0,2.0255998281153943e+18,2.0255998281153943e+18,2.0255998281153943e+18,4.936809265680052e-19,0.10532073506634214,-13.256466474732292,-9.684463547443015,0.015625,0.0,64,0.0,76781250000.0,76781250000.0,5.6744022118355515,1.6902474673552703,76781250000.0,2.0255998281153943e+18,2.0255998281153943e+18,2.0255998281153943e+18,0.0,0.0,2.3424244139706967e+18,88790624899.74777,26381438.54281344,4.684848827941393e+18,177581250000.0,0.5,0.09793950717362658,False,False,False,False,-0.13525498793715435,False,False,True,-13.256466474732292,-13.456972739469613,-13.256466474732292,-13.256466474732292,0.0,True,0.25,4,32,-1.4973958333333334e-06,1.0416666666666667e-06,0,natural_tdl,,,,,,,,,,,,,,,,,,,,,,,,,,,,,,,,,,
water_filling,Water-filling,ok,ok,0.00020709599994006567,False,,none,378.3012890500469,5674519.335750703,1.0000000000003806,3.357142857143945,1690282.355329449,77280908260.85724,2.0387815318166088e+18,2.0387815318166088e+18,2.0386606117877363e+18,4.9048904180968e-19,0.10497970832976597,-13.082374406333546,-9.516461227699843,0.01586528827168721,4.32635155440241e-08,64,2140.9172648962794,77276324734.0927,77276324734.1221,5.674519335750703,1.690282355329449,77280908260.85724,2.0387815318166088e+18,2.0386606117877363e+18,2.0387815318166088e+18,0.005930994909724586,2140.9172648962794,2.3424244139706967e+18,88790624899.74777,26381438.54281344,4.684848827941393e+18,177581250000.0,0.5,0.09793950717362658,False,False,False,False,-0.12967923334953782,False,False,True,-13.256466474732292,-13.296757297394215,-13.082374406333546,-13.082374406333546,-0.17409206839874614,True,0.25,4,32,-1.4973958333333334e-06,1.0416666666666667e-06,0,natural_tdl,0.015956078188321888,,,,,,,,,,,,,,,,,,,,,,,,,,,,,,,,,
conventional_s2,Conventional $S_2$,ok,optimal,0.008066180002060719,False,,conventional_s2,377.1333906474531,5657000.859711796,0.9999999992837629,3.3571428550964657,1685064.0868987523,88790624897.1171,2.3424244139012956e+18,2.3424244139012956e+18,2.3423033891963213e+18,4.2690811881289487e-19,0.09793950717507745,-10.479247196220152,-6.237195654996508,0.022532673506187227,7.614712841418377e-06,64,2141.843722584564,88786037466.18027,88786037402.58841,5.657000859711796,1.6850640868987523,88790624897.1171,2.3424244139012956e+18,2.3423033891963213e+18,2.3424244139012956e+18,0.005166642913047938,2141.843722584564,2.3424244139706967e+18,88790624899.74777,26381438.54281344,4.684848827941393e+18,177581250000.0,0.5,0.09793950717362658,True,False,True,True,-5.166645875683654e-05,True,False,True,-13.256466474732292,-10.95297776575434,-10.474490014483859,-10.474490014483859,-2.7819764602484334,False,0.25,4,32,-1.3997395833333333e-06,1.0416666666666667e-06,0,natural_tdl,,known_amplitude_linear,88790624899.74777,,,,,,,,,,,,,,,,,,,,,,,,,,,,,,,
conventional_s2_psl,Conventional $S_2$+PSL,ok,optimal,0.43869626900050207,False,,conventional_s2,375.8021715657713,5637032.573486569,0.9999999994887752,3.357142855682215,1679116.0864499616,88790624865.45532,2.342424413066012e+18,2.342424413066012e+18,2.342286969792581e+18,4.2690811896512577e-19,0.09793950719253955,-13.023722283216575,-5.410700269509093,0.033750075399329706,1.923819573997552e-05,64,2282.5090515908387,88785415063.2767,88785415017.88739,5.637032573486569,1.6791160864499617,88790624865.45532,2.342424413066012e+18,2.342286969792581e+18,2.342424413066012e+18,0.005867564932485473,2282.5090515908387,2.3424244139706967e+18,88790624899.74777,26381438.54281344,4.684848827941393e+18,177581250000.0,0.5,0.09793950717362658,True,False,True,True,-5.8676035519369976e-05,True,False,True,-13.256466474732292,-13.256466469241538,-13.023722283216575,-13.023722283216575,-0.23274419151571735,True,0.25,4,32,-1.3671875e-06,1.0416666666666667e-06,0,natural_tdl,,known_amplitude_linear,88790624899.74777,-13.256466474732292,0.2173585239870126,249.0,1.0416666666666667e-06,,,,,,,,,,,,,,,,,,,,,,,,,,,
exact_efim,Exact EFIM,ok,optimal,0.009422978000657167,False,,exact_efim,377.13277150467366,5656991.572570105,0.9999999994289381,3.357142855511252,1685061.3203079242,88792777381.76404,2.342481199542723e+18,2.342481199542723e+18,2.342424412073092e+18,4.268977698498543e-19,0.09793832005958579,-10.478786580744426,-6.2364759643115555,0.022491543136999415,7.6118302444256355e-06,64,1467.1584600957767,88790624878.52318,88790624827.81824,5.656991572570105,1.685061320307924,88792777381.76404,2.342481199542723e+18,2.342424412073092e+18,2.342481199542723e+18,0.002424244414087998,1467.1584600957767,2.3424244139706967e+18,88790624899.74777,26381438.54281344,4.684848827941393e+18,177581250000.0,0.5,0.09793950717362658,True,True,True,True,-8.101028134279592e-10,False,False,True,-13.256466474732292,-10.952633835799585,-10.47405174883754,-10.47405174883754,-2.7824147258947516,False,0.25,4,32,-1.3997395833333333e-06,1.0416666666666667e-06,0,natural_tdl,,unknown_amplitude_exact,,,,,,2.3424244139706967e+18,88790624899.74777,quad_over_lin,1e-12,,,,,,,,,,,,,,,,,,,,,,,
exact_efim_sampled_psl,Exact EFIM+sampled PSL,ok,optimal,0.4906361299981654,False,,exact_efim,375.801002462953,5637015.036944295,0.9999999995433094,3.357142855838027,1679110.8627211382,88791581522.15509,2.342449651045944e+18,2.342449651045944e+18,2.342424410738795e+18,4.2690351937916055e-19,0.09793897958205838,-13.023582470766765,-5.410361854414804,0.03339065935540345,1.9229986521527495e-05,64,978.1333827235381,88790624817.79097,88790624777.24113,5.6370150369442955,1.6791108627211382,88791581522.15509,2.342449651045944e+18,2.342424410738795e+18,2.342449651045944e+18,0.0010775175952033706,978.1333827235381,2.3424244139706967e+18,88790624899.74777,26381438.54281344,4.684848827941393e+18,177581250000.0,0.5,0.09793950717362658,True,True,True,True,-1.3797250731866861e-09,False,False,True,-13.256466474732292,-13.256466472835127,-13.023582470766765,-13.023582470766765,-0.2328840039655269,True,0.25,4,32,-1.3671875e-06,1.0416666666666667e-06,0,natural_tdl,,unknown_amplitude_exact,,-13.256466474732292,0.2173585239870126,249.0,1.0416666666666667e-06,2.3424244139706967e+18,88790624899.74777,quad_over_lin,1e-12,,,,,,,,,,,,,,,,,,,,,,,
exact_efim_cutting_plane_psl,Exact EFIM+cutting-plane PSL,ok,optimal,0.501571580000018,False,,exact_efim,375.801002462953,5637015.036944295,0.9999999995433094,3.357142855838027,1679110.8627211382,88791581522.15509,2.342449651045944e+18,2.342449651045944e+18,2.342424410738795e+18,4.2690351937916055e-19,0.09793897958205838,-13.023582470766765,-5.410361854414804,0.03339065935540345,1.9229986521527495e-05,64,978.1333827235381,88790624817.79097,88790624777.24113,5.6370150369442955,1.6791108627211382,88791581522.15509,2.342449651045944e+18,2.342424410738795e+18,2.342449651045944e+18,0.0010775175952033706,978.1333827235381,2.3424244139706967e+18,88790624899.74777,26381438.54281344,4.684848827941393e+18,177581250000.0,0.5,0.09793950717362658,True,True,True,True,-1.3797250731866861e-09,False,False,True,-13.256466474732292,-13.256466472835127,-13.023582470766765,-13.023582470766765,-0.2328840039655269,True,0.25,4,32,-1.3671875e-06,1.0416666666666667e-06,0,natural_tdl,,unknown_amplitude_exact,,-13.256466474732292,0.2173585239870126,249.0,1.0416666666666667e-06,2.3424244139706967e+18,88790624899.74777,quad_over_lin,1e-12,-5.413214903150315,-0.2328840039655269,249.0,1985.0,1.0,249.0,True,1.0,dense_psl_satisfied,False,0.501571580000018,0.0,249.0,-13.023582470766765,-13.256466472835127,,0.0,,,,,,
exact_efim_cutting_plane_psl_ee,Exact EFIM+cutting-plane PSL+EE,ok,optimal,0.8276474999984202,False,,exact_efim,360.92070118588674,5413810.517788301,0.9187606487216126,3.125030424918893,1732402.4990664886,88790791764.5416,2.3424288161039995e+18,2.3424288161039995e+18,2.3424244112561664e+18,4.2690731651057434e-19,0.09793941514458268,-13.01424004874001,-0.6778924649042859,0.06249999977735963,0.0001011409047129875,64,426.2996985894946,96641736800.98064,88790624796.85231,5.413810517788301,1.7324024990664886,88790791764.5416,2.3424288161039995e+18,2.3424244112561664e+18,2.3424288161039995e+18,0.00018804617680610161,426.2996985894946,2.3424244139706967e+18,88790624899.74777,26381438.54281344,4.684848827941393e+18,177581250000.0,0.5,0.09793950717362658,True,True,True,True,-1.1588550255069012e-09,False,False,True,-13.256466474732292,-13.256466462745486,-13.01424004874001,-13.01424004874001,-0.24222642599228195,True,0.25,4,32,-3.3203125000000002e-06,1.0416666666666667e-06,0,natural_tdl,,unknown_amplitude_exact,,-13.256466474732292,0.2173585239870126,249.0,1.0416666666666667e-06,2.3424244139706967e+18,88790624899.74777,quad_over_lin,1e-12,-0.6815420961941763,-0.24222642599228195,249.0,1985.0,1.0,249.0,True,1.0,dense_psl_satisfied,False,0.8276474999984202,0.0,249.0,-13.01424004874001,-13.256466462745486,,0.0,4.0,True,1732402.4992261364,-0.0004989039152860641,0.7812717520027945,
uniform,Uniform,ok,ok,1.4935998478904366e-05,False,,none,310.3572341886714,4655358.512830071,1.0,3.357142857142857,1386702.535736617,76781250000.0,2.0255998281153943e+18,2.0255998281153943e+18,2.0255998281153943e+18,4.936809265680052e-19,0.10532073506634214,-13.256466474732292,-9.684463547443015,0.015625,0.0,64,0.0,76781250000.0,76781250000.0,4.655358512830071,1.386702535736617,76781250000.0,2.0255998281153943e+18,2.0255998281153943e+18,2.0255998281153943e+18,0.0,0.0,2.3424244139706967e+18,88790624899.74777,26381438.54281344,4.684848827941393e+18,177581250000.0,0.5,0.09793950717362658,False,False,False,False,-0.13525498793715435,False,False,True,-13.256466474732292,-13.456972739469613,-13.256466474732292,-13.256466474732292,0.0,True,0.25,4,32,-1.4973958333333334e-06,1.0416666666666667e-06,1,natural_tdl,,,,,,,,,,,,,,,,,,,,,,,,,,,,,,,,,,
water_filling,Water-filling,ok,ok,0.0002244790011900477,False,,none,310.5640712141965,4658461.068212947,1.0000000000001954,3.3571428571434154,1387626.7011695832,75926177881.24771,2.0030417955648576e+18,2.0030417955648576e+18,1.9966005043865231e+18,4.992407059174719e-19,0.10591212983879048,-14.115229238004531,-9.920325997676905,0.016495675592606673,1.307961345541663e-06,64,15625.618949095366,75682017913.69055,75682017913.70534,4.658461068212947,1.3876267011695833,75926177881.24771,2.0030417955648576e+18,1.9966005043865231e+18,2.0030417955648576e+18,0.32157547548916826,15625.618949095366,2.3424244139706967e+18,88790624899.74777,26381438.54281344,4.684848827941393e+18,177581250000.0,0.5,0.09793950717362658,False,False,False,False,-0.1476350346767261,False,False,True,-13.256466474732292,-14.363885423083747,-14.115229238004531,-14.115229238004531,0.8587627632722388,True,0.25,4,32,-1.4973958333333334e-06,1.0416666666666667e-06,1,natural_tdl,0.016681164942056157,,,,,,,,,,,,,,,,,,,,,,,,,,,,,,,,,
conventional_s2,Conventional $S_2$,ok,optimal,0.007357176000368781,False,,conventional_s2,309.23440936809396,4638516.140521409,0.9999999989088759,3.35714285402536,1381685.6601617732,88790624860.30237,2.34242441293007e+18,2.34242441293007e+18,2.3359833978972e+18,4.2690811898990127e-19,0.0979395071953815,-10.951722864298542,-6.179389860294155,0.023995463822440374,9.311427995659136e-06,64,15625.284010020478,88546475456.79015,88546475360.17496,4.638516140521409,1.3816856601617733,88790624860.30237,2.34242441293007e+18,2.3359833978972e+18,2.34242441293007e+18,0.2749721612068161,15625.284010020478,2.3424244139706967e+18,88790624899.74777,26381438.54281344,4.684848827941393e+18,177581250000.0,0.5,0.09793950717362658,True,False,True,True,-0.0027497220550985737,True,False,True,-13.256466474732292,-11.324949608916835,-10.918096338012191,-10.918096338012191,-2.3383701367201013,False,0.25,4,32,-1.3997395833333333e-06,1.0416666666666667e-06,1,natural_tdl,,known_amplitude_linear,88790624899.74777,,,,,,,,,,,,,,,,,,,,,,,,,,,,,,,
conventional_s2_psl,Conventional $S_2$+PSL,ok,optimal,0.4866667360001884,False,,conventional_s2,308.4154316132955,4626231.474199432,0.9999999995511952,3.357142855860558,1378026.3970963964,88790624865.48083,2.342424413066685e+18,2.342424413066685e+18,2.335663399688831e+18,4.2690811896500314e-19,0.09793950719252548,-13.037947875901798,-5.41234295899234,0.03442558084469056,1.9949936482245454e-05,64,16008.72193131303,88534345727.45639,88534345687.72176,4.626231474199432,1.3780263970963964,88790624865.48083,2.3424244130666854e+18,2.335663399688831e+18,2.342424413066685e+18,0.28863315034368525,16008.72193131303,2.3424244139706967e+18,88790624899.74777,26381438.54281344,4.684848827941393e+18,177581250000.0,0.5,0.09793950717362658,True,False,True,True,-0.0028863318882528977,True,False,True,-13.256466474732292,-13.256466470796155,-13.037947875901798,-13.037947875901798,-0.21851859883049407,True,0.25,4,32,-1.3671875e-06,1.0416666666666667e-06,1,natural_tdl,,known_amplitude_linear,88790624899.74777,-13.256466474732292,0.2173585239870126,249.0,1.0416666666666667e-06,,,,,,,,,,,,,,,,,,,,,,,,,,,
exact_efim,Exact EFIM,ok,optimal,0.009446707997994963,False,,exact_efim,309.2021735442725,4638032.603164088,0.999999999316423,3.3571428551897804,1381541.6272781452,88895636353.90826,2.345194767194923e+18,2.345194767194923e+18,2.342424410807986e+18,4.264038168548771e-19,0.09788164263939718,-10.928750764615927,-6.148878992465075,0.02383741050710959,9.100422263238276e-06,64,10247.515509439438,88790624840.55907,88790624779.86385,4.638032603164088,1.3815416272781451,88895636353.90826,2.345194767194923e+18,2.342424410807986e+18,2.345194767194923e+18,0.11812905374381519,10247.515509439438,2.3424244139706967e+18,88790624899.74777,26381438.54281344,4.684848827941393e+18,177581250000.0,0.5,0.09793950717362658,True,True,True,True,-1.3501868018182144e-09,False,False,True,-13.256466474732292,-11.303426866981077,-10.894993524335923,-10.894993524335923,-2.3614729503963687,False,0.25,4,32,-1.3997395833333333e-06,1.0416666666666667e-06,1,natural_tdl,,unknown_amplitude_exact,,,,,,2.3424244139706967e+18,88790624899.74777,quad_over_lin,1e-12,,,,,,,,,,,,,,,,,,,,,,,
exact_efim_sampled_psl,Exact EFIM+sampled PSL,ok,optimal,0.5005762299988419,False,,exact_efim,308.3636581309146,4625454.871963719,0.999999999418351,3.357142855481003,1377795.0689265486,88839674628.04381,2.34371841636328e+18,2.34371841636328e+18,2.342424409164013e+18,4.266724163697481e-19,0.0979124664989682,-13.035412369227222,-5.384815278216428,0.03338427097941017,1.9709913909093047e-05,64,7003.564130069382,88790624769.19331,88790624717.54834,4.6254548719637185,1.3777950689265486,88839674628.04381,2.34371841636328e+18,2.342424409164013e+18,2.34371841636328e+18,0.05521171785110225,7003.564130069382,2.3424244139706967e+18,88790624899.74777,26381438.54281344,4.684848827941393e+18,177581250000.0,0.5,0.09793950717362658,True,True,True,True,-2.0520122738355863e-09,False,False,True,-13.256466474732292,-13.256466464450526,-13.035412369227222,-13.035412369227222,-0.2210541055050701,True,0.25,4,32,-1.3671875e-06,1.0416666666666667e-06,1,natural_tdl,,unknown_amplitude_exact,,-13.256466474732292,0.2173585239870126,249.0,1.0416666666666667e-06,2.3424244139706967e+18,88790624899.74777,quad_over_lin,1e-12,,,,,,,,,,,,,,,,,,,,,,,
exact_efim_cutting_plane_psl,Exact EFIM+cutting-plane PSL,ok,optimal,0.47696858999916003,False,,exact_efim,308.3636581309146,4625454.871963719,0.999999999418351,3.357142855481003,1377795.0689265486,88839674628.04381,2.34371841636328e+18,2.34371841636328e+18,2.342424409164013e+18,4.266724163697481e-19,0.0979124664989682,-13.035412369227222,-5.384815278216428,0.03338427097941017,1.9709913909093047e-05,64,7003.564130069382,88790624769.19331,88790624717.54834,4.6254548719637185,1.3777950689265486,88839674628.04381,2.34371841636328e+18,2.342424409164013e+18,2.34371841636328e+18,0.05521171785110225,7003.564130069382,2.3424244139706967e+18,88790624899.74777,26381438.54281344,4.684848827941393e+18,177581250000.0,0.5,0.09793950717362658,True,True,True,True,-2.0520122738355863e-09,False,False,True,-13.256466474732292,-13.256466464450526,-13.035412369227222,-13.035412369227222,-0.2210541055050701,True,0.25,4,32,-1.3671875e-06,1.0416666666666667e-06,1,natural_tdl,,unknown_amplitude_exact,,-13.256466474732292,0.2173585239870126,249.0,1.0416666666666667e-06,2.3424244139706967e+18,88790624899.74777,quad_over_lin,1e-12,-5.388003348048063,-0.2210541055050701,249.0,1985.0,1.0,249.0,True,1.0,dense_psl_satisfied,False,0.47696858999916003,0.0,249.0,-13.035412369227222,-13.256466464450526,,0.0,,,,,,
exact_efim_cutting_plane_psl_ee,Exact EFIM+cutting-plane PSL+EE,ok,optimal,0.8320350649992179,False,,exact_efim,295.2709857474835,4429064.786212252,0.9216783765591774,3.1333667901690783,1413516.2216272987,88802745720.38109,2.3427441786553226e+18,2.3427441786553226e+18,2.3424244100750013e+18,4.2684984946754847e-19,0.09793282299004637,-13.03992701176109,-0.8725693990328874,0.062499999882889797,9.60561666453834e-05,64,3626.4271575884086,96335801088.82901,88790624752.07976,4.429064786212252,1.4135162216272987,88802745720.38109,2.3427441786553226e+18,2.3424244100750013e+18,2.3427441786553226e+18,0.013649317037459006,3626.4271575884086,2.3424244139706967e+18,88790624899.74777,26381438.54281344,4.684848827941393e+18,177581250000.0,0.5,0.09793950717362658,True,True,True,True,-1.663103977556449e-09,False,False,True,-13.256466474732292,-13.256466456620847,-13.03992701176109,-13.03992701176109,-0.21653946297120186,True,0.25,4,32,-3.3203125000000002e-06,1.0416666666666667e-06,1,natural_tdl,,unknown_amplitude_exact,,-13.256466474732292,0.2173585239870126,249.0,1.0416666666666667e-06,2.3424244139706967e+18,88790624899.74777,quad_over_lin,1e-12,-0.876242744741063,-0.21653946297120186,249.0,1985.0,1.0,249.0,True,1.0,dense_psl_satisfied,False,0.8320350649992179,0.0,249.0,-13.03992701176109,-13.256466456620847,,0.0,4.0,True,1413516.2212890727,0.0010597864165902138,0.757231571002194,
uniform,Uniform,ok,ok,1.456199970562011e-05,False,,none,333.1674589340167,4997511.88401025,1.0,3.357142857142857,1488620.5611945426,76781250000.0,2.0255998281153943e+18,2.0255998281153943e+18,2.0255998281153943e+18,4.936809265680052e-19,0.10532073506634214,-13.256466474732292,-9.684463547443015,0.015625,0.0,64,0.0,76781250000.0,76781250000.0,4.99751188401025,1.4886205611945427,76781250000.0,2.0255998281153943e+18,2.0255998281153943e+18,2.0255998281153943e+18,0.0,0.0,2.3424244139706967e+18,88790624899.74777,26381438.54281344,4.684848827941393e+18,177581250000.0,0.5,0.09793950717362658,False,False,False,False,-0.13525498793715435,False,False,True,-13.256466474732292,-13.456972739469613,-13.256466474732292,-13.256466474732292,0.0,True,0.25,4,32,-1.4973958333333334e-06,1.0416666666666667e-06,2,natural_tdl,,,,,,,,,,,,,,,,,,,,,,,,,,,,,,,,,,
water_filling,Water-filling,ok,ok,0.00019866199727403,False,,none,333.16999160922785,4997549.874138418,1.0000000000003304,3.3571428571438013,1488631.8774025142,77068800122.95535,2.033185814012119e+18,2.033185814012119e+18,2.033160689010077e+18,4.918389618441629e-19,0.1051240712279996,-13.18294650441188,-9.590332731468903,0.01576961193551796,1.4223440771850113e-08,64,975.8966253224476,77067847748.70657,77067847748.73204,4.997549874138418,1.4886318774025142,77068800122.95535,2.0331858140121196e+18,2.033160689010077e+18,2.033185814012119e+18,0.001235745492072484,975.8966253224476,2.3424244139706967e+18,88790624899.74777,26381438.54281344,4.684848827941393e+18,177581250000.0,0.5,0.09793950717362658,False,False,False,False,-0.13202719503609503,False,False,True,-13.256466474732292,-13.394489278622563,-13.18294650441188,-13.18294650441188,-0.07351997032041169,True,0.25,4,32,-1.4973958333333334e-06,1.0416666666666667e-06,2,natural_tdl,0.016075108169072858,,,,,,,,,,,,,,,,,,,,,,,,,,,,,,,,,
conventional_s2,Conventional $S_2$,ok,optimal,0.007549424000899307,False,,conventional_s2,331.97727067539944,4979659.060130992,0.9999999989900346,3.357142854257242,1483302.7000373886,88790624850.99184,2.342424412684445e+18,2.342424412684445e+18,2.34239929269696e+18,4.2690811903466653e-19,0.09793950720051642,-10.516298068322135,-6.236797596925765,0.02257429369695706,7.625223763244088e-06,64,975.7992341163722,88789672756.522,88789672666.8475,4.979659060130992,1.4833027000373886,88790624850.99184,2.3424244126844447e+18,2.34239929269696e+18,2.342424412684445e+18,0.0010723926607474265,975.7992341163722,2.3424244139706967e+18,88790624899.74777,26381438.54281344,4.684848827941393e+18,177581250000.0,0.5,0.09793950717362658,True,False,True,True,-1.0724475712802344e-05,True,False,True,-13.256466474732292,-10.985060296908038,-10.509869562948545,-10.509869562948545,-2.7465969117837474,False,0.25,4,32,-1.3997395833333333e-06,1.0416666666666667e-06,2,natural_tdl,,known_amplitude_linear,88790624899.74777,,,,,,,,,,,,,,,,,,,,,,,,,,,,,,,
conventional_s2_psl,Conventional $S_2$+PSL,ok,optimal,0.48334692000207724,False,,conventional_s2,330.7064191697458,4960596.287546187,0.9999999994817965,3.3571428556622758,1477624.4267292558,88790624862.3484,2.3424244129840476e+18,2.3424244129840476e+18,2.342394525462879e+18,4.2690811898006386e-19,0.09793950719425305,-13.023550736346895,-5.414091000485155,0.03347307385716243,1.9179506477915635e-05,64,1064.3775647906125,88789492008.75958,88789491962.74857,4.960596287546187,1.4776244267292558,88790624862.3484,2.3424244129840476e+18,2.342394525462879e+18,2.3424244129840476e+18,0.0012759225442971654,1064.3775647906125,2.3424244139706967e+18,88790624899.74777,26381438.54281344,4.684848827941393e+18,177581250000.0,0.5,0.09793950717362658,True,False,True,True,-1.2759646646103434e-05,True,False,True,-13.256466474732292,-13.256466504972437,-13.023550736346895,-13.023550736346895,-0.23291573838539747,True,0.25,4,32,-1.3671875e-06,1.0416666666666667e-06,2,natural_tdl,,known_amplitude_linear,88790624899.74777,-13.256466474732292,0.2173585239870126,249.0,1.0416666666666667e-06,,,,,,,,,,,,,,,,,,,,,,,,,,,
exact_efim,Exact EFIM,ok,optimal,0.009635956997954054,False,,exact_efim,331.9771424132234,4979657.136198351,0.9999999984652238,3.3571428527577827,1483302.1276135826,88791065804.91925,2.3424360456833807e+18,2.3424360456833807e+18,2.342424408312974e+18,4.2690599892483326e-19,0.09793926400676954,-10.516212241513278,-6.236606571189851,0.022619955163316344,7.624897691673418e-06,64,664.1683751972987,88790624821.56306,88790624685.28932,4.979657136198351,1.4833021276135827,88791065804.91925,2.342436045683381e+18,2.342424408312974e+18,2.3424360456833807e+18,0.000496806323842106,664.1683751972987,2.3424244139706967e+18,88790624899.74777,26381438.54281344,4.684848827941393e+18,177581250000.0,0.5,0.09793950717362658,True,True,True,True,-2.415327831393913e-09,False,False,True,-13.256466474732292,-10.985019800691063,-10.509793022916295,-10.509793022916295,-2.7466734518159974,False,0.25,4,32,-1.3997395833333333e-06,1.0416666666666667e-06,2,natural_tdl,,unknown_amplitude_exact,,,,,,2.3424244139706967e+18,88790624899.74777,quad_over_lin,1e-12,,,,,,,,,,,,,,,,,,,,,,,
exact_efim_sampled_psl,Exact EFIM+sampled PSL,ok,optimal,0.4980288209990249,False,,exact_efim,330.70616945599795,4960592.541839969,0.9999999993773533,3.357142855363867,1477623.3111183203,88790833472.98683,2.3424299164327844e+18,2.3424299164327844e+18,2.342424409752948e+18,4.2690711597590493e-19,0.09793939214163826,-13.023500949921969,-5.413990002723245,0.03330563325711116,1.917792323944641e-05,64,456.87319332439506,88790624795.15736,88790624739.87218,4.9605925418399694,1.4776233111183203,88790833472.98683,2.3424299164327844e+18,2.342424409752948e+18,2.3424299164327844e+18,0.00023508408074577344,456.87319332439506,2.3424244139706967e+18,88790624899.74777,26381438.54281344,4.684848827941393e+18,177581250000.0,0.5,0.09793950717362658,True,True,True,True,-1.800591069169399e-09,False,False,True,-13.256466474732292,-13.256466465070254,-13.023500949921969,-13.023500949921969,-0.2329655248103233,True,0.25,4,32,-1.3671875e-06,1.0416666666666667e-06,2,natural_tdl,,unknown_amplitude_exact,,-13.256466474732292,0.2173585239870126,249.0,1.0416666666666667e-06,2.3424244139706967e+18,88790624899.74777,quad_over_lin,1e-12,,,,,,,,,,,,,,,,,,,,,,,
exact_efim_cutting_plane_psl,Exact EFIM+cutting-plane PSL,ok,optimal,0.5058452399971429,False,,exact_efim,330.70616945599795,4960592.541839969,0.9999999993773533,3.357142855363867,1477623.3111183203,88790833472.98683,2.3424299164327844e+18,2.3424299164327844e+18,2.342424409752948e+18,4.2690711597590493e-19,0.09793939214163826,-13.023500949921969,-5.413990002723245,0.03330563325711116,1.917792323944641e-05,64,456.87319332439506,88790624795.15736,88790624739.87218,4.9605925418399694,1.4776233111183203,88790833472.98683,2.3424299164327844e+18,2.342424409752948e+18,2.3424299164327844e+18,0.00023508408074577344,456.87319332439506,2.3424244139706967e+18,88790624899.74777,26381438.54281344,4.684848827941393e+18,177581250000.0,0.5,0.09793950717362658,True,True,True,True,-1.800591069169399e-09,False,False,True,-13.256466474732292,-13.256466465070254,-13.023500949921969,-13.023500949921969,-0.2329655248103233,True,0.25,4,32,-1.3671875e-06,1.0416666666666667e-06,2,natural_tdl,,unknown_amplitude_exact,,-13.256466474732292,0.2173585239870126,249.0,1.0416666666666667e-06,2.3424244139706967e+18,88790624899.74777,quad_over_lin,1e-12,-5.416839085047513,-0.2329655248103233,249.0,1985.0,1.0,249.0,True,1.0,dense_psl_satisfied,False,0.5058452399971429,0.0,249.0,-13.023500949921969,-13.256466465070254,,0.0,,,,,,
exact_efim_cutting_plane_psl_ee,Exact EFIM+cutting-plane PSL+EE,ok,optimal,0.8350723969997489,False,,exact_efim,316.690119899731,4750351.798495964,0.9209554073264116,3.1313011637897477,1517053.6304296944,88790673220.75786,2.3424256887484544e+18,2.3424256887484544e+18,2.3424244105123067e+18,4.269078864714358e-19,0.0979394805236622,-13.036252401800038,-0.8425351774413099,0.06249999988190994,9.668834198363956e-05,64,229.37020868878147,96411426723.05977,88790624768.65599,4.750351798495964,1.5170536304296944,88790673220.75786,2.3424256887484544e+18,2.3424244105123067e+18,2.3424256887484544e+18,5.456890922311199e-05,229.37020868878147,2.3424244139706967e+18,88790624899.74777,26381438.54281344,4.684848827941393e+18,177581250000.0,0.5,0.09793950717362658,True,True,True,True,-1.4764147758081145e-09,False,False,True,-13.256466474732292,-13.256466458879961,-13.036252401800038,-13.036252401800038,-0.22021407293225437,True,0.25,4,32,-3.3203125000000002e-06,1.0416666666666667e-06,2,natural_tdl,,unknown_amplitude_exact,,-13.256466474732292,0.2173585239870126,249.0,1.0416666666666667e-06,2.3424244139706967e+18,88790624899.74777,quad_over_lin,1e-12,-0.8461769355853583,-0.22021407293225437,249.0,1985.0,1.0,249.0,True,1.0,dense_psl_satisfied,False,0.8350723969997489,0.0,249.0,-13.036252401800038,-13.256466458879961,,0.0,4.0,True,1517053.6306791352,-0.0007810741662979126,0.7857903120020637,
uniform,Uniform,ok,ok,1.4064000424696133e-05,False,,none,342.644228725688,5139663.43088532,1.0,3.357142857142857,1530963.5751573292,76781250000.0,2.0255998281153943e+18,2.0255998281153943e+18,2.0255998281153943e+18,4.936809265680052e-19,0.10532073506634214,-13.256466474732292,-9.684463547443015,0.015625,0.0,64,0.0,76781250000.0,76781250000.0,5.13966343088532,1.5309635751573292,76781250000.0,2.0255998281153943e+18,2.0255998281153943e+18,2.0255998281153943e+18,0.0,0.0,2.3424244139706967e+18,88790624899.74777,26381438.54281344,4.684848827941393e+18,177581250000.0,0.5,0.09793950717362658,False,False,False,False,-0.13525498793715435,False,False,True,-13.256466474732292,-13.456972739469613,-13.256466474732292,-13.256466474732292,0.0,True,0.25,4,32,-1.4973958333333334e-06,1.0416666666666667e-06,3,natural_tdl,,,,,,,,,,,,,,,,,,,,,,,,,,,,,,,,,,
water_filling,Water-filling,ok,ok,0.0001992129982681945,False,,none,342.65419148420756,5139812.872263113,0.9999999999991023,3.3571428571402926,1531008.0896114586,76629621496.06119,2.021599650057394e+18,2.021599650057394e+18,2.0211633578145984e+18,4.946577824999177e-19,0.10542488365232747,-13.27517470694148,-9.729285399857538,0.01589453003323449,5.595745925876266e-08,64,-4066.6754037827513,76613083647.29024,76613083647.22147,5.139812872263113,1.5310080896114586,76629621496.06119,2.021599650057394e+18,2.0211633578145984e+18,2.021599650057394e+18,0.02158153533431476,4066.6754037827513,2.3424244139706967e+18,88790624899.74777,26381438.54281344,4.684848827941393e+18,177581250000.0,0.5,0.09793950717362658,False,False,False,False,-0.1371489531273803,False,False,True,-13.256466474732292,-13.46858693752602,-13.27517470694148,-13.27517470694148,0.01870823220918716,True,0.25,4,32,-1.4973958333333334e-06,1.0416666666666667e-06,3,natural_tdl,0.016081913059898215,,,,,,,,,,,,,,,,,,,,,,,,,,,,,,,,,
conventional_s2,Conventional $S_2$,ok,optimal,0.008119852001982508,False,,conventional_s2,341.3742525593161,5120613.788389741,0.999999998848214,3.3571428538520403,1525289.2150580562,88790624870.45644,2.3424244131979484e+18,2.3424244131979484e+18,2.3419887294050406e+18,4.269081189410803e-19,0.09793950718978134,-10.518508371218294,-6.2363509931641214,0.022976921834085895,7.67502011516003e-06,64,-4063.8387392793975,88774110187.42537,88774110085.17659,5.120613788389742,1.5252892150580561,88790624870.45644,2.342424413197949e+18,2.3419887294050406e+18,2.3424244131979484e+18,0.018599694848337383,4063.8387392793975,2.3424244139706967e+18,88790624899.74777,26381438.54281344,4.684848827941393e+18,177581250000.0,0.5,0.09793950717362658,True,False,True,True,-0.00018599727831453277,True,False,True,-13.256466474732292,-10.98669854036345,-10.51200338062273,-10.51200338062273,-2.7444630941095625,False,0.25,4,32,-1.3997395833333333e-06,1.0416666666666667e-06,3,natural_tdl,,known_amplitude_linear,88790624899.74777,,,,,,,,,,,,,,,,,,,,,,,,,,,,,,,
conventional_s2_psl,Conventional $S_2$+PSL,ok,optimal,0.45637642400106415,False,,conventional_s2,340.11067791943213,5101660.168791482,0.9999999996145477,3.357142856041565,1519643.4550321437,88790624871.9079,2.3424244132362404e+18,2.3424244132362404e+18,2.341961882255265e+18,4.269081189341016e-19,0.09793950718898083,-13.023896376032143,-5.41233891945864,0.03393240437586719,1.9245446747678357e-05,64,-4187.175626436239,88773092466.40582,88773092432.18803,5.101660168791482,1.5196434550321438,88790624871.9079,2.3424244132362404e+18,2.341961882255265e+18,2.3424244132362404e+18,0.019745823103704496,4187.175626436239,2.3424244139706967e+18,88790624899.74777,26381438.54281344,4.684848827941393e+18,177581250000.0,0.5,0.09793950717362658,True,False,True,True,-0.00019745854452049875,True,False,True,-13.256466474732292,-13.25646652239084,-13.023896376032143,-13.023896376032143,-0.23257009870014933,True,0.25,4,32,-1.3671875e-06,1.0416666666666667e-06,3,natural_tdl,,known_amplitude_linear,88790624899.74777,-13.256466474732292,0.2173585239870126,249.0,1.0416666666666667e-06,,,,,,,,,,,,,,,,,,,,,,,,,,,
exact_efim,Exact EFIM,ok,optimal,0.009738067998114275,False,,exact_efim,341.37198578155574,5120579.786723336,0.9999999989301896,3.3571428540862565,1525279.0867956823,88798071024.83823,2.342620853462152e+18,2.342620853462152e+18,2.342424408866736e+18,4.2687232059857365e-19,0.09793540074934232,-10.517163566860477,-6.234762272310748,0.022786590138172982,7.657579775669197e-06,64,-2728.794342977835,88790624801.26906,88790624706.27992,5.1205797867233365,1.5252790867956822,88798071024.83823,2.342620853462152e+18,2.342424408866736e+18,2.342620853462152e+18,0.008385676031430317,2728.794342977835,2.3424244139706967e+18,88790624899.74777,26381438.54281344,4.684848827941393e+18,177581250000.0,0.5,0.09793950717362658,True,True,True,True,-2.1789222079307828e-09,False,False,True,-13.256466474732292,-10.98519749446918,-10.510596696330445,-10.510596696330445,-2.745869778401847,False,0.25,4,32,-1.3997395833333333e-06,1.0416666666666667e-06,3,natural_tdl,,unknown_amplitude_exact,,,,,,2.3424244139706967e+18,88790624899.74777,quad_over_lin,1e-12,,,,,,,,,,,,,,,,,,,,,,,
exact_efim_sampled_psl,Exact EFIM+sampled PSL,ok,optimal,0.49072222800168674,False,,exact_efim,340.10684071335606,5101602.610700341,0.9999999995125153,3.357142855750044,1519626.3102007778,88793813537.87558,2.3425085348315003e+18,2.3425085348315003e+18,2.342424410491928e+18,4.26892788278328e-19,0.0979377486251531,-13.023887476671305,-5.411419490713927,0.03335782998477121,1.9218209013334518e-05,64,-1785.7127410671721,88790624811.1676,88790624767.88353,5.101602610700341,1.5196263102007779,88793813537.87558,2.3425085348315003e+18,2.342424410491928e+18,2.3425085348315003e+18,0.003591207388205959,1785.7127410671721,2.3424244139706967e+18,88790624899.74777,26381438.54281344,4.684848827941393e+18,177581250000.0,0.5,0.09793950717362658,True,True,True,True,-1.485114575843692e-09,False,False,True,-13.256466474732292,-13.256466465746207,-13.023887476671305,-13.023887476671305,-0.23257899806098692,True,0.25,4,32,-1.3671875e-06,1.0416666666666667e-06,3,natural_tdl,,unknown_amplitude_exact,,-13.256466474732292,0.2173585239870126,249.0,1.0416666666666667e-06,2.3424244139706967e+18,88790624899.74777,quad_over_lin,1e-12,,,,,,,,,,,,,,,,,,,,,,,
exact_efim_cutting_plane_psl,Exact EFIM+cutting-plane PSL,ok,optimal,0.498149764000118,False,,exact_efim,340.10684071335606,5101602.610700341,0.9999999995125153,3.357142855750044,1519626.3102007778,88793813537.87558,2.3425085348315003e+18,2.3425085348315003e+18,2.342424410491928e+18,4.26892788278328e-19,0.0979377486251531,-13.023887476671305,-5.411419490713927,0.03335782998477121,1.9218209013334518e-05,64,-1785.7127410671721,88790624811.1676,88790624767.88353,5.101602610700341,1.5196263102007779,88793813537.87558,2.3425085348315003e+18,2.342424410491928e+18,2.3425085348315003e+18,0.003591207388205959,1785.7127410671721,2.3424244139706967e+18,88790624899.74777,26381438.54281344,4.684848827941393e+18,177581250000.0,0.5,0.09793950717362658,True,True,True,True,-1.485114575843692e-09,False,False,True,-13.256466474732292,-13.256466465746207,-13.023887476671305,-13.023887476671305,-0.23257899806098692,True,0.25,4,32,-1.3671875e-06,1.0416666666666667e-06,3,natural_tdl,,unknown_amplitude_exact,,-13.256466474732292,0.2173585239870126,249.0,1.0416666666666667e-06,2.3424244139706967e+18,88790624899.74777,quad_over_lin,1e-12,-5.414280551570544,-0.23257899806098692,249.0,1985.0,1.0,249.0,True,1.0,dense_psl_satisfied,False,0.498149764000118,0.0,249.0,-13.023887476671305,-13.256466465746207,,0.0,,,,,,
exact_efim_cutting_plane_psl_ee,Exact EFIM+cutting-plane PSL+EE,ok,optimal,0.8096130279991485,False,,exact_efim,325.9184497527704,4888776.746291556,0.9202088085883724,3.129168024538207,1562324.7802466687,88791326683.65077,2.342442928039604e+18,2.342442928039604e+18,2.3424244103044424e+18,4.269047446278242e-19,0.09793912012847263,-13.02866206319954,-0.7881091411979947,0.062499999891510616,9.813834167961098e-05,64,-873.3765047951229,96489648797.19446,88790624760.7768,4.888776746291557,1.5623247802466687,88791326683.65077,2.3424429280396037e+18,2.3424244103044424e+18,2.342442928039604e+18,0.0007905309000357816,873.3765047951229,2.3424244139706967e+18,88790624899.74777,26381438.54281344,4.684848827941393e+18,177581250000.0,0.5,0.09793950717362658,True,True,True,True,-1.5651537416250069e-09,False,False,True,-13.256466474732292,-13.256466458266303,-13.02866206319954,-13.02866206319954,-0.22780441153275177,True,0.25,4,32,-3.3203125000000002e-06,1.0416666666666667e-06,3,natural_tdl,,unknown_amplitude_exact,,-13.256466474732292,0.2173585239870126,249.0,1.0416666666666667e-06,2.3424244139706967e+18,88790624899.74777,quad_over_lin,1e-12,-0.7917559017749144,-0.22780441153275177,249.0,1985.0,1.0,249.0,True,1.0,dense_psl_satisfied,False,0.8096130279991485,0.0,249.0,-13.02866206319954,-13.256466458266303,,0.0,4.0,True,1562324.7798179092,0.0013416605070233345,0.7626514290022897,
uniform,Uniform,ok,ok,1.5257999621098861e-05,False,,none,406.144116678556,6092161.75017834,1.0,3.357142857142857,1814686.4787765266,76781250000.0,2.0255998281153943e+18,2.0255998281153943e+18,2.0255998281153943e+18,4.936809265680052e-19,0.10532073506634214,-13.256466474732292,-9.684463547443015,0.015625,0.0,64,0.0,76781250000.0,76781250000.0,6.09216175017834,1.8146864787765267,76781250000.0,2.0255998281153943e+18,2.0255998281153943e+18,2.0255998281153943e+18,0.0,0.0,2.3424244139706967e+18,88790624899.74777,26381438.54281344,4.684848827941393e+18,177581250000.0,0.5,0.09793950717362658,False,False,False,False,-0.13525498793715435,False,False,True,-13.256466474732292,-13.456972739469613,-13.256466474732292,-13.256466474732292,0.0,True,0.25,4,32,-1.4973958333333334e-06,1.0416666666666667e-06,4,natural_tdl,,,,,,,,,,,,,,,,,,,,,,,,,,,,,,,,,,
water_filling,Water-filling,ok,ok,0.00020107000091229565,False,,none,406.14561834809336,6092184.275221401,1.000000000000339,3.357142857143826,1814693.1883632976,76597704545.9943,2.02075763500073e+18,2.02075763500073e+18,2.0207097456872694e+18,4.948638979160104e-19,0.10544684573541095,-13.291287310495408,-9.742306964814569,0.015697441103373677,8.21110190933004e-09,64,1347.3178663729102,76595889280.53528,76595889280.56125,6.092184275221401,1.8146931883632975,76597704545.9943,2.02075763500073e+18,2.0207097456872694e+18,2.02075763500073e+18,0.0023698692327701484,1347.3178663729102,2.3424244139706967e+18,88790624899.74777,26381438.54281344,4.684848827941393e+18,177581250000.0,0.5,0.09793950717362658,False,False,False,False,-0.1373426038273233,False,False,True,-13.256466474732292,-13.483856844542059,-13.291287310495408,-13.291287310495408,0.034820835763115454,True,0.25,4,32,-1.4973958333333334e-06,1.0416666666666667e-06,4,natural_tdl,0.015833951353043756,,,,,,,,,,,,,,,,,,,,,,,,,,,,,,,,,
conventional_s2,Conventional $S_2$,ok,optimal,0.007634855002834229,False,,conventional_s2,404.8197886181225,6072296.829271838,0.9999999994723905,3.3571428556354017,1808769.2691059294,88790624901.27792,2.3424244140110643e+18,2.3424244140110643e+18,2.3423765269365514e+18,4.2690811879288947e-19,0.09793950717278267,-10.530135686137665,-6.236284749933413,0.02284561764987892,7.63927274174319e-06,64,1347.2863710741713,88788809767.55902,88788809720.7132,6.0722968292718384,1.8087692691059294,88790624901.27792,2.3424244140110643e+18,2.3423765269365514e+18,2.3424244140110643e+18,0.0020443380894795355,1347.2863710741713,2.3424244139706967e+18,88790624899.74777,26381438.54281344,4.684848827941393e+18,177581250000.0,0.5,0.09793950717362658,True,False,True,True,-2.0443363661884654e-05,True,False,True,-13.256466474732292,-10.99782985744544,-10.523320063792434,-10.523320063792434,-2.7331464109398578,False,0.25,4,32,-1.3997395833333333e-06,1.0416666666666667e-06,4,natural_tdl,,known_amplitude_linear,88790624899.74777,,,,,,,,,,,,,,,,,,,,,,,,,,,,,,,
conventional_s2_psl,Conventional $S_2$+PSL,ok,optimal,0.49497578000227804,False,,conventional_s2,403.5323851826376,6052985.777739564,0.9999999995512107,3.357142855860602,1803017.0408664017,88790624871.31781,2.342424413220673e+18,2.342424413220673e+18,2.34237596470168e+18,4.2690811893693873e-19,0.09793950718930626,-13.023373449708872,-5.413065331144271,0.03352899697183673,1.9193756071455366e-05,64,1355.161379641145,88788788448.80122,88788788408.95377,6.052985777739564,1.8030170408664017,88790624871.31781,2.342424413220673e+18,2.34237596470168e+18,2.342424413220673e+18,0.002068306610853778,1355.161379641145,2.3424244139706967e+18,88790624899.74777,26381438.54281344,4.684848827941393e+18,177581250000.0,0.5,0.09793950717362658,True,False,True,True,-2.068338629311353e-05,True,False,True,-13.256466474732292,-13.256466473049679,-13.023373449708872,-13.023373449708872,-0.23309302502342,True,0.25,4,32,-1.3671875e-06,1.0416666666666667e-06,4,natural_tdl,,known_amplitude_linear,88790624899.74777,-13.256466474732292,0.2173585239870126,249.0,1.0416666666666667e-06,,,,,,,,,,,,,,,,,,,,,,,,,,,
exact_efim,Exact EFIM,ok,optimal,0.009469191998505266,False,,exact_efim,404.8195321800574,6072292.982700861,0.9999999992210509,3.3571428549172886,1808768.1237057357,88791434408.02208,2.3424457699634847e+18,2.3424457699634847e+18,2.3424244108196577e+18,4.2690422669447265e-19,0.09793906071714871,-10.530120184610212,-6.236178918578092,0.022779981394583683,7.636941996275912e-06,64,899.7931520161893,88790624849.46967,88790624780.30629,6.072292982700861,1.8087681237057356,88791434408.02208,2.342445769963485e+18,2.3424244108196577e+18,2.3424457699634847e+18,0.0009118308778297547,899.7931520161893,2.3424244139706967e+18,88790624899.74777,26381438.54281344,4.684848827941393e+18,177581250000.0,0.5,0.09793950717362658,True,True,True,True,-1.345204121510415e-09,False,False,True,-13.256466474732292,-10.997740508670315,-10.523282645624828,-10.523282645624828,-2.733183829107464,False,0.25,4,32,-1.3997395833333333e-06,1.0416666666666667e-06,4,natural_tdl,,unknown_amplitude_exact,,,,,,2.3424244139706967e+18,88790624899.74777,quad_over_lin,1e-12,,,,,,,,,,,,,,,,,,,,,,,
exact_efim_sampled_psl,Exact EFIM+sampled PSL,ok,optimal,0.4980550440013758,False,,exact_efim,403.5319733821943,6052979.600732914,0.9999999994967126,3.3571428557048932,1803015.2009905998,88790959911.29388,2.3424332520572114e+18,2.3424332520572114e+18,2.3424244109386854e+18,4.2690650806026726e-19,0.09793932240877717,-13.023401526208474,-5.4130177936903126,0.03332693432437728,1.9190489147050722e-05,64,578.9010934342994,88790624829.50528,88790624784.81807,6.052979600732914,1.8030152009905998,88790959911.29388,2.3424332520572114e+18,2.3424244109386854e+18,2.3424332520572114e+18,0.0003774331037261106,578.9010934342994,2.3424244139706967e+18,88790624899.74777,26381438.54281344,4.684848827941393e+18,177581250000.0,0.5,0.09793950717362658,True,True,True,True,-1.2943902248953976e-09,False,False,True,-13.256466474732292,-13.256466472140309,-13.023401526208474,-13.023401526208474,-0.23306494852381832,True,0.25,4,32,-1.3671875e-06,1.0416666666666667e-06,4,natural_tdl,,unknown_amplitude_exact,,-13.256466474732292,0.2173585239870126,249.0,1.0416666666666667e-06,2.3424244139706967e+18,88790624899.74777,quad_over_lin,1e-12,,,,,,,,,,,,,,,,,,,,,,,
exact_efim_cutting_plane_psl,Exact EFIM+cutting-plane PSL,ok,optimal,0.47513195799911045,False,,exact_efim,403.5319733821943,6052979.600732914,0.9999999994967126,3.3571428557048932,1803015.2009905998,88790959911.29388,2.3424332520572114e+18,2.3424332520572114e+18,2.3424244109386854e+18,4.2690650806026726e-19,0.09793932240877717,-13.023401526208474,-5.4130177936903126,0.03332693432437728,1.9190489147050722e-05,64,578.9010934342994,88790624829.50528,88790624784.81807,6.052979600732914,1.8030152009905998,88790959911.29388,2.3424332520572114e+18,2.3424244109386854e+18,2.3424332520572114e+18,0.0003774331037261106,578.9010934342994,2.3424244139706967e+18,88790624899.74777,26381438.54281344,4.684848827941393e+18,177581250000.0,0.5,0.09793950717362658,True,True,True,True,-1.2943902248953976e-09,False,False,True,-13.256466474732292,-13.256466472140309,-13.023401526208474,-13.023401526208474,-0.23306494852381832,True,0.25,4,32,-1.3671875e-06,1.0416666666666667e-06,4,natural_tdl,,unknown_amplitude_exact,,-13.256466474732292,0.2173585239870126,249.0,1.0416666666666667e-06,2.3424244139706967e+18,88790624899.74777,quad_over_lin,1e-12,-5.41586428196703,-0.23306494852381832,249.0,1985.0,1.0,249.0,True,1.0,dense_psl_satisfied,False,0.47513195799911045,0.0,249.0,-13.023401526208474,-13.256466472140309,,0.0,,,,,,
exact_efim_cutting_plane_psl_ee,Exact EFIM+cutting-plane PSL+EE,ok,optimal,1.6094090299993695,False,,exact_efim,388.61878504430035,5829281.775664506,0.919501662739763,3.1271476078278946,1864089.1018615854,88790670710.58046,2.342425622526364e+18,2.342425622526364e+18,2.3424244103483336e+18,4.2690789854043484e-19,0.09793948190807267,-13.040317322725057,-0.6652522065358983,0.06249999987869798,0.00010184383415279754,64,223.54126701706915,96563854488.17834,88790624762.4405,5.829281775664506,1.8640891018615855,88790670710.58046,2.3424256225263636e+18,2.3424244103483336e+18,2.342425622526364e+18,5.1748837569691365e-05,223.54126701706915,2.3424244139706967e+18,88790624899.74777,26381438.54281344,4.684848827941393e+18,177581250000.0,0.5,0.09793950717362658,True,True,True,True,-1.5464162320011214e-09,False,False,True,-13.256466474732292,-13.25646645851836,-13.040317322725057,-13.040317322725057,-0.21614915200723495,True,0.25,4,32,-2.2786458333333335e-06,1.0416666666666667e-06,4,natural_tdl,,unknown_amplitude_exact,,-13.256466474732292,0.2173585239870126,251.0,1.0416666666666667e-06,2.3424244139706967e+18,88790624899.74777,quad_over_lin,1e-12,-0.6688643839056935,-0.21614915200723495,249.0,1985.0,2.0,251.0,True,2.0,dense_psl_satisfied,False,1.6094090299993695,2.0,251.0,-12.998693448985488,-13.256466460337224,-3.2877604166666667e-06,1.0,4.0,True,1864089.101356174,0.0015804963186383247,0.7164170619980723,
uniform,Uniform,ok,ok,1.4148998161545023e-05,False,,none,207.31227190402112,3109684.078560317,1.0,3.357142857142857,926288.8744647752,76781250000.0,2.0255998281153943e+18,2.0255998281153943e+18,2.0255998281153943e+18,4.936809265680052e-19,0.10532073506634214,-13.256466474732292,-9.684463547443015,0.015625,0.0,64,0.0,76781250000.0,76781250000.0,3.109684078560317,0.9262888744647753,76781250000.0,2.0255998281153943e+18,2.0255998281153943e+18,2.0255998281153943e+18,0.0,0.0,2.3424244139706967e+18,88790624899.74777,26381438.54281344,4.684848827941393e+18,177581250000.0,0.5,0.09793950717362658,False,False,False,False,-0.13525498793715435,False,False,True,-13.256466474732292,-13.456972739469613,-13.256466474732292,-13.256466474732292,0.0,True,0.25,4,32,-1.4973958333333334e-06,1.0416666666666667e-06,5,natural_tdl,,,,,,,,,,,,,,,,,,,,,,,,,,,,,,,,,,
water_filling,Water-filling,ok,ok,0.00020050600141985342,False,,none,214.73885884396293,3221082.882659444,0.9999999999996773,3.3571428571419353,959471.496962651,61719332788.31998,1.6282447848585137e+18,1.6282447848585137e+18,1.4583032350828413e+18,6.141582698739582e-19,0.11747105235049016,-14.209364319968628,-10.265036291711437,0.01905196845688513,4.0805579918141435e-05,57,80260.25783617064,55277623800.4113,55277623800.39346,3.221082882659444,0.959471496962651,61719332788.31998,1.628244784858514e+18,1.4583032350828413e+18,1.6282447848585137e+18,10.437100818992606,80260.25783617064,2.3424244139706967e+18,88790624899.74777,26381438.54281344,4.684848827941393e+18,177581250000.0,0.5,0.09793950717362658,False,False,False,False,-0.37743850927047057,False,False,True,-13.256466474732292,-14.209364319968628,-14.209364319968628,-14.209364319968628,0.9528978452363361,True,0.25,4,32,-1.0416666666666667e-06,1.0416666666666667e-06,5,natural_tdl,0.019897341724090377,,,,,,,,,,,,,,,,,,,,,,,,,,,,,,,,,
conventional_s2,Conventional $S_2$,ok,optimal,0.006850947000202723,False,,conventional_s2,210.3017832461368,3154526.748692052,0.9999999979275274,3.357142851221507,939646.2672251994,88790624721.78789,2.342424409275859e+18,2.342424409275859e+18,2.0717825450469855e+18,4.269081196558832e-19,0.09793950727177492,-11.661582653337948,-3.8642780491133415,0.04269684909603487,7.016628511517205e-05,64,101285.72752381863,78531826305.77481,78531826143.01974,3.154526748692052,0.9396462672251994,88790624721.78789,2.342424409275859e+18,2.0717825450469855e+18,2.342424409275859e+18,11.553920935811123,101285.72752381863,2.3424244139706967e+18,88790624899.74777,26381438.54281344,4.684848827941393e+18,177581250000.0,0.5,0.09793950717362658,True,False,False,False,-0.11553921113080445,True,True,True,-13.256466474732292,-11.753035209979705,-11.661582653337948,-11.661582653337948,-1.594883821394344,False,0.25,4,32,-1.4973958333333334e-06,1.0416666666666667e-06,5,natural_tdl,,known_amplitude_linear,88790624899.74777,,,,,,,,,,,,,,,,,,,,,,,,,,,,,,,
conventional_s2_psl,Conventional $S_2$+PSL,ok,optimal,0.49752753999928245,False,,conventional_s2,210.18369672700763,3152755.4509051144,0.9999999997726552,3.357142856493301,939118.6451321648,88790624878.25606,2.3424244134037135e+18,2.3424244134037135e+18,2.1207075481417265e+18,4.269081189035795e-19,0.0979395071854797,-12.863343790757401,-3.642202908422021,0.043096606028897984,7.189151514936898e-05,62,91674.83315626069,80386349864.21391,80386349845.93849,3.1527554509051146,0.9391186451321648,88790624878.25606,2.342424413403714e+18,2.1207075481417265e+18,2.3424244134037135e+18,9.46527298781933,91674.83315626069,2.3424244139706967e+18,88790624899.74777,26381438.54281344,4.684848827941393e+18,177581250000.0,0.5,0.09793950717362658,True,False,False,False,-0.09465273009733234,True,True,True,-13.256466474732292,-13.256466477431857,-12.863343790757401,-12.863343790757401,-0.3931226839748909,False,0.25,4,32,-1.4322916666666667e-06,1.0416666666666667e-06,5,natural_tdl,,known_amplitude_linear,88790624899.74777,-13.256466474732292,0.2173585239870126,249.0,1.0416666666666667e-06,,,,,,,,,,,,,,,,,,,,,,,,,,,
exact_efim,Exact EFIM,ok,optimal,0.009056443999725161,False,,exact_efim,209.01112270236354,3135166.840535453,0.9999999963717374,3.3571428467763926,933879.4872985265,90531770013.18109,2.3883583267748577e+18,2.3883583267748577e+18,2.342424383505388e+18,4.1869764213745913e-19,0.09699312787459946,-12.249891996948188,-2.6392602014448485,0.057554781874071446,7.427532242439602e-05,64,41727.044881605754,88790624067.10258,88790623744.94688,3.135166840535453,0.9338794872985264,90531770013.18109,2.3883583267748577e+18,2.342424383505388e+18,2.3883583267748577e+18,1.923243374100277,41727.044881605754,2.3424244139706967e+18,88790624899.74777,26381438.54281344,4.684848827941393e+18,177581250000.0,0.5,0.09793950717362658,True,True,True,True,-1.3005887613832355e-08,False,False,True,-13.256466474732292,-12.497134092624439,-12.249891996948188,-12.249891996948188,-1.0065744777841044,False,0.25,4,32,-1.3671875e-06,1.0416666666666667e-06,5,natural_tdl,,unknown_amplitude_exact,,,,,,2.3424244139706967e+18,88790624899.74777,quad_over_lin,1e-12,,,,,,,,,,,,,,,,,,,,,,,
exact_efim_sampled_psl,Exact EFIM+sampled PSL,ok,optimal,0.49904410999806714,False,,exact_efim,208.9407315386764,3134110.973080146,0.9999999996513964,3.3571428561468473,933564.970981698,90198905567.84157,2.379576883867045e+18,2.379576883867045e+18,2.342424410702445e+18,4.202427779408003e-19,0.09717193177572431,-13.061637434362618,-2.355519239430938,0.062499997457918656,8.203526582168619e-05,62,37527.06746428787,88790624806.81601,88790624775.86328,3.134110973080146,0.933564970981698,90198905567.84157,2.3795768838670454e+18,2.342424410702445e+18,2.379576883867045e+18,1.5613058530062458,37527.06746428787,2.3424244139706967e+18,88790624899.74777,26381438.54281344,4.684848827941393e+18,177581250000.0,0.5,0.09793950717362658,True,True,True,True,-1.3952431628134855e-09,False,False,True,-13.256466474732292,-13.256466473952422,-13.061637434362618,-13.061637434362618,-0.1948290403696742,True,0.25,4,32,-1.3671875e-06,1.0416666666666667e-06,5,natural_tdl,,unknown_amplitude_exact,,-13.256466474732292,0.2173585239870126,249.0,1.0416666666666667e-06,2.3424244139706967e+18,88790624899.74777,quad_over_lin,1e-12,,,,,,,,,,,,,,,,,,,,,,,
exact_efim_cutting_plane_psl,Exact EFIM+cutting-plane PSL,ok,optimal,0.5099394139979267,False,,exact_efim,208.9407315386764,3134110.973080146,0.9999999996513964,3.3571428561468473,933564.970981698,90198905567.84157,2.379576883867045e+18,2.379576883867045e+18,2.342424410702445e+18,4.202427779408003e-19,0.09717193177572431,-13.061637434362618,-2.355519239430938,0.062499997457918656,8.203526582168619e-05,62,37527.06746428787,88790624806.81601,88790624775.86328,3.134110973080146,0.933564970981698,90198905567.84157,2.3795768838670454e+18,2.342424410702445e+18,2.379576883867045e+18,1.5613058530062458,37527.06746428787,2.3424244139706967e+18,88790624899.74777,26381438.54281344,4.684848827941393e+18,177581250000.0,0.5,0.09793950717362658,True,True,True,True,-1.3952431628134855e-09,False,False,True,-13.256466474732292,-13.256466473952422,-13.061637434362618,-13.061637434362618,-0.1948290403696742,True,0.25,4,32,-1.3671875e-06,1.0416666666666667e-06,5,natural_tdl,,unknown_amplitude_exact,,-13.256466474732292,0.2173585239870126,249.0,1.0416666666666667e-06,2.3424244139706967e+18,88790624899.74777,quad_over_lin,1e-12,-2.359970167586333,-0.1948290403696742,249.0,1985.0,1.0,249.0,True,1.0,dense_psl_satisfied,False,0.5099394139979267,0.0,249.0,-13.061637434362618,-13.256466473952422,,0.0,,,,,,
exact_efim_cutting_plane_psl_ee,Exact EFIM+cutting-plane PSL+EE,ok,optimal,1.681015739999566,False,,exact_efim,200.32955576053553,3004943.336408033,0.9327566106224294,3.1650188874926557,949423.5084292229,89202921221.73576,2.35330138405065e+18,2.35330138405065e+18,2.342424412445325e+18,4.249349474646283e-19,0.09771290660144291,-13.027326114116198,-0.38693645600732574,0.062499999968978946,0.00011775358700576041,64,21024.253911072963,95191632876.96008,88790624841.9279,3.004943336408033,0.9494235084292229,89202921221.73576,2.3533013840506506e+18,2.342424412445325e+18,2.35330138405065e+18,0.4622005357683165,21024.253911072963,2.3424244139706967e+18,88790624899.74777,26381438.54281344,4.684848827941393e+18,177581250000.0,0.5,0.09793950717362658,True,True,True,True,-6.511936500073903e-10,False,False,True,-13.256466474732292,-13.256466467751455,-13.027326114116198,-13.027326114116198,-0.22914036061609444,True,0.25,4,32,-3.3203125000000002e-06,1.0416666666666667e-06,5,natural_tdl,,unknown_amplitude_exact,,-13.256466474732292,0.2173585239870126,251.0,1.0416666666666667e-06,2.3424244139706967e+18,88790624899.74777,quad_over_lin,1e-12,-0.3906422638668745,-0.22914036061609444,249.0,1985.0,2.0,251.0,True,2.0,dense_psl_satisfied,False,1.681015739999566,2.0,251.0,-12.98969906992087,-13.25646645236091,-2.24609375e-06,1.0,4.0,True,949423.5090499106,-0.0019644880667328835,0.7807886119953764,
uniform,Uniform,ok,ok,1.4154000382404774e-05,False,,none,425.65571656786244,6384835.748517937,1.0,3.357142857142857,1901865.9676436407,76781250000.0,2.0255998281153943e+18,2.0255998281153943e+18,2.0255998281153943e+18,4.936809265680052e-19,0.10532073506634214,-13.256466474732292,-9.684463547443015,0.015625,0.0,64,0.0,76781250000.0,76781250000.0,6.384835748517937,1.9018659676436407,76781250000.0,2.0255998281153943e+18,2.0255998281153943e+18,2.0255998281153943e+18,0.0,0.0,2.3424244139706967e+18,88790624899.74777,26381438.54281344,4.684848827941393e+18,177581250000.0,0.5,0.09793950717362658,False,False,False,False,-0.13525498793715435,False,False,True,-13.256466474732292,-13.456972739469613,-13.256466474732292,-13.256466474732292,0.0,True,0.25,4,32,-1.4973958333333334e-06,1.0416666666666667e-06,6,natural_tdl,,,,,,,,,,,,,,,,,,,,,,,,,,,,,,,,,,
water_filling,Water-filling,ok,ok,0.00020584999947459437,False,,none,425.65614666677817,6384842.200001673,0.9999999999997637,3.357142857142182,1901867.8893625827,76729885264.99979,2.024244752515718e+18,2.024244752515718e+18,2.0242269006915978e+18,4.94011407838507e-19,0.10535598121961613,-13.273325191532454,-9.701409516997035,0.015676579032618324,2.3248359244079305e-09,64,822.6063602028813,76729208583.79407,76729208583.77594,6.384842200001673,1.9018678893625827,76729885264.99979,2.0242447525157184e+18,2.0242269006915978e+18,2.024244752515718e+18,0.0008819004766038233,822.6063602028813,2.3424244139706967e+18,88790624899.74777,26381438.54281344,4.684848827941393e+18,177581250000.0,0.5,0.09793950717362658,False,False,False,False,-0.13584110180089656,False,False,True,-13.256466474732292,-13.472311627402414,-13.273325191532454,-13.273325191532454,0.01685871680016149,True,0.25,4,32,-1.4973958333333334e-06,1.0416666666666667e-06,6,natural_tdl,0.015788823673451333,,,,,,,,,,,,,,,,,,,,,,,,,,,,,,,,,
conventional_s2,Conventional $S_2$,ok,optimal,0.008635015998152085,False,,conventional_s2,424.35084612034,6365262.6918051,0.9999999993253117,3.3571428552151765,1896035.6965200154,88790624907.8284,2.342424414183875e+18,2.342424414183875e+18,2.3424063325545e+18,4.2690811876139464e-19,0.09793950716916996,-10.53678899054507,-6.236208458992252,0.022732798750152976,7.641482580894801e-06,64,827.8841062003823,88789939575.6411,88789939515.73557,6.3652626918051,1.8960356965200154,88790624907.8284,2.342424414183875e+18,2.3424063325545e+18,2.342424414183875e+18,0.0007719194380611776,827.8841062003823,2.3424244139706967e+18,88790624899.74777,26381438.54281344,4.684848827941393e+18,177581250000.0,0.5,0.09793950717362658,True,False,True,True,-7.71910337373823e-06,True,False,True,-13.256466474732292,-11.003449978440731,-10.529640344263562,-10.529640344263562,-2.72682613046873,False,0.25,4,32,-1.3997395833333333e-06,1.0416666666666667e-06,6,natural_tdl,,known_amplitude_linear,88790624899.74777,,,,,,,,,,,,,,,,,,,,,,,,,,,,,,,
conventional_s2_psl,Conventional $S_2$+PSL,ok,optimal,0.47714781800095807,False,,conventional_s2,423.0625798368782,6345938.697553173,0.9999999996738818,3.357142856211091,1890279.6125617574,88790624882.18672,2.342424413507411e+18,2.342424413507411e+18,2.3424055412961613e+18,4.269081188846806e-19,0.09793950718331183,-13.023415307180189,-5.413734698224328,0.03341365134452093,1.9182186478896686e-05,64,845.7892443258455,88789909551.69714,88789909522.74113,6.345938697553173,1.8902796125617574,88790624882.18672,2.342424413507411e+18,2.3424055412961613e+18,2.342424413507411e+18,0.0008056700203788365,845.7892443258455,2.3424244139706967e+18,88790624899.74777,26381438.54281344,4.684848827941393e+18,177581250000.0,0.5,0.09793950717362658,True,False,True,True,-8.056897982647177e-06,True,False,True,-13.256466474732292,-13.2564664841275,-13.023415307180189,-13.023415307180189,-0.23305116755210342,True,0.25,4,32,-1.3671875e-06,1.0416666666666667e-06,6,natural_tdl,,known_amplitude_linear,88790624899.74777,-13.256466474732292,0.2173585239870126,249.0,1.0416666666666667e-06,,,,,,,,,,,,,,,,,,,,,,,,,,,
exact_efim,Exact EFIM,ok,optimal,0.010299064000719227,False,,exact_efim,424.350750622834,6365261.25934251,0.9999999994775832,3.357142855650238,1896035.2695833184,88790931456.05714,2.342432501367132e+18,2.342432501367132e+18,2.342424412061569e+18,4.2690664487295244e-19,0.09793933810230768,-10.536756485037646,-6.236142309234671,0.022693412088156614,7.640779396490707e-06,64,553.7406214533862,88790624873.76717,88790624827.38145,6.36526125934251,1.8960352695833185,88790931456.05714,2.342432501367132e+18,2.342424412061569e+18,2.342432501367132e+18,0.0003453378297310499,553.7406214533862,2.3424244139706967e+18,88790624899.74777,26381438.54281344,4.684848827941393e+18,177581250000.0,0.5,0.09793950717362658,True,True,True,True,-8.15022106418279e-10,False,False,True,-13.256466474732292,-11.003404365972816,-10.529603223687847,-10.529603223687847,-2.7268632510444455,False,0.25,4,32,-1.3997395833333333e-06,1.0416666666666667e-06,6,natural_tdl,,unknown_amplitude_exact,,,,,,2.3424244139706967e+18,88790624899.74777,quad_over_lin,1e-12,,,,,,,,,,,,,,,,,,,,,,,
exact_efim_sampled_psl,Exact EFIM+sampled PSL,ok,optimal,0.5038145430007717,False,,exact_efim,423.0624185961166,6345936.278941749,0.9999999996687556,3.357142856196445,1890278.8921325584,88790756656.7784,2.342427889910703e+18,2.342427889910703e+18,2.3424244168926116e+18,4.269074853092368e-19,0.09793943450714687,-13.023416771729037,-5.413681495732971,0.03332955395665476,1.918129025005378e-05,64,362.8309168385891,88790625039.91562,88790625010.50423,6.345936278941749,1.8902788921325584,88790756656.7784,2.3424278899107026e+18,2.3424244168926116e+18,2.342427889910703e+18,0.0001482657419884288,362.8309168385891,2.3424244139706967e+18,88790624899.74777,26381438.54281344,4.684848827941393e+18,177581250000.0,0.5,0.09793950717362658,True,True,True,True,1.247389184715248e-09,False,False,True,-13.256466474732292,-13.256466480444917,-13.023416771729037,-13.023416771729037,-0.233049703003255,True,0.25,4,32,-1.3671875e-06,1.0416666666666667e-06,6,natural_tdl,,unknown_amplitude_exact,,-13.256466474732292,0.2173585239870126,249.0,1.0416666666666667e-06,2.3424244139706967e+18,88790624899.74777,quad_over_lin,1e-12,,,,,,,,,,,,,,,,,,,,,,,
exact_efim_cutting_plane_psl,Exact EFIM+cutting-plane PSL,ok,optimal,0.5071747380025045,False,,exact_efim,423.0624185961166,6345936.278941749,0.9999999996687556,3.357142856196445,1890278.8921325584,88790756656.7784,2.342427889910703e+18,2.342427889910703e+18,2.3424244168926116e+18,4.269074853092368e-19,0.09793943450714687,-13.023416771729037,-5.413681495732971,0.03332955395665476,1.918129025005378e-05,64,362.8309168385891,88790625039.91562,88790625010.50423,6.345936278941749,1.8902788921325584,88790756656.7784,2.3424278899107026e+18,2.3424244168926116e+18,2.342427889910703e+18,0.0001482657419884288,362.8309168385891,2.3424244139706967e+18,88790624899.74777,26381438.54281344,4.684848827941393e+18,177581250000.0,0.5,0.09793950717362658,True,True,True,True,1.247389184715248e-09,False,False,True,-13.256466474732292,-13.256466480444917,-13.023416771729037,-13.023416771729037,-0.233049703003255,True,0.25,4,32,-1.3671875e-06,1.0416666666666667e-06,6,natural_tdl,,unknown_amplitude_exact,,-13.256466474732292,0.2173585239870126,249.0,1.0416666666666667e-06,2.3424244139706967e+18,88790624899.74777,quad_over_lin,1e-12,-5.416528111937197,-0.233049703003255,249.0,1985.0,1.0,249.0,True,1.0,dense_psl_satisfied,False,0.5071747380025045,0.0,249.0,-13.023416771729037,-13.256466480444917,,0.0,,,,,,
exact_efim_cutting_plane_psl_ee,Exact EFIM+cutting-plane PSL+EE,ok,optimal,1.7201652309995552,False,,exact_efim,407.84827163929276,6117724.074589391,0.9188603205159034,3.12531520147401,1957474.264261107,88790643411.52388,2.3424249023379804e+18,2.3424249023379804e+18,2.3424244113889556e+18,4.2690802979506296e-19,0.09793949696402424,-13.035810851181145,-0.6094258503913529,0.06249999977359202,0.00010343396243459252,64,142.31288248962073,96631253760.12903,88790624801.88576,6.1177240745893915,1.957474264261107,88790643411.52388,2.3424249023379804e+18,2.3424244113889556e+18,2.3424249023379804e+18,2.0959008089351445e-05,142.31288248962073,2.3424244139706967e+18,88790624899.74777,26381438.54281344,4.684848827941393e+18,177581250000.0,0.5,0.09793950717362658,True,True,True,True,-1.1021662174463219e-09,False,False,True,-13.256466474732292,-13.256466463882727,-13.035810851181145,-13.035810851181145,-0.22065562355114743,True,0.25,4,32,-2.2786458333333335e-06,1.0416666666666667e-06,6,natural_tdl,,unknown_amplitude_exact,,-13.256466474732292,0.2173585239870126,251.0,1.0416666666666667e-06,2.3424244139706967e+18,88790624899.74777,quad_over_lin,1e-12,-0.6130367743533732,-0.22065562355114743,249.0,1985.0,2.0,251.0,True,2.0,dense_psl_satisfied,False,1.7201652309995552,2.0,251.0,-12.992124883154963,-13.256466460453742,-3.2877604166666667e-06,1.0,4.0,True,1957474.2642240757,0.0001157345250248909,0.8405803809982899,
uniform,Uniform,ok,ok,1.5080997400218621e-05,False,,none,231.57771601717823,3473665.7402576734,1.0,3.357142857142857,1034708.943906541,76781250000.0,2.0255998281153943e+18,2.0255998281153943e+18,2.0255998281153943e+18,4.936809265680052e-19,0.10532073506634214,-13.256466474732292,-9.684463547443015,0.015625,0.0,64,0.0,76781250000.0,76781250000.0,3.4736657402576734,1.034708943906541,76781250000.0,2.0255998281153943e+18,2.0255998281153943e+18,2.0255998281153943e+18,0.0,0.0,2.3424244139706967e+18,88790624899.74777,26381438.54281344,4.684848827941393e+18,177581250000.0,0.5,0.09793950717362658,False,False,False,False,-0.13525498793715435,False,False,True,-13.256466474732292,-13.456972739469613,-13.256466474732292,-13.256466474732292,0.0,True,0.25,4,32,-1.4973958333333334e-06,1.0416666666666667e-06,7,natural_tdl,,,,,,,,,,,,,,,,,,,,,,,,,,,,,,,,,,
water_filling,Water-filling,ok,ok,0.0001825420004024636,False,,none,231.62822375888288,3474423.356383243,1.0000000000001696,3.357142857143342,1034934.6167948591,76971557202.66895,2.0306204058868598e+18,2.0306204058868598e+18,2.0281318438920497e+18,4.92460332369829e-19,0.10519045513256398,-13.173787513115837,-9.607606484983101,0.016419897653236152,3.2020895897336856e-07,64,9712.365005686983,76877227168.65219,76877227168.66524,3.474423356383243,1.034934616794859,76971557202.66895,2.0306204058868598e+18,2.0281318438920497e+18,2.0306204058868598e+18,0.12255180670871124,9712.365005686983,2.3424244139706967e+18,88790624899.74777,26381438.54281344,4.684848827941393e+18,177581250000.0,0.5,0.09793950717362658,False,False,False,False,-0.13417404984516984,False,False,True,-13.256466474732292,-13.380312585388944,-13.173787513115837,-13.173787513115837,-0.08267896161645538,True,0.25,4,32,-1.4973958333333334e-06,1.0416666666666667e-06,7,natural_tdl,0.01713615455683959,,,,,,,,,,,,,,,,,,,,,,,,,,,,,,,,,
conventional_s2,Conventional $S_2$,ok,optimal,0.007300691999262199,False,,conventional_s2,230.55776895225154,3458366.534283773,0.9999999991075792,3.3571428545930835,1030151.7343988506,88790624839.16203,2.342424412372357e+18,2.342424412372357e+18,2.339935436882247e+18,4.2690811909154477e-19,0.09793950720704081,-10.477409698689403,-6.235043724792392,0.023212457413497915,7.900807595389511e-06,64,9713.171871671177,88696279210.59201,88696279131.4376,3.458366534283773,1.0301517343988507,88790624839.16203,2.3424244123723576e+18,2.339935436882247e+18,2.342424412372357e+18,0.10625638449477953,9713.171871671177,2.3424244139706967e+18,88790624899.74777,26381438.54281344,4.684848827941393e+18,177581250000.0,0.5,0.09793950717362658,True,False,True,True,-0.0010625645265669062,True,False,True,-13.256466474732292,-10.945209699424886,-10.471617653654379,-10.471617653654379,-2.7848488210779134,False,0.25,4,32,-1.3997395833333333e-06,1.0416666666666667e-06,7,natural_tdl,,known_amplitude_linear,88790624899.74777,,,,,,,,,,,,,,,,,,,,,,,,,,,,,,,
conventional_s2_psl,Conventional $S_2$+PSL,ok,optimal,0.47699660299986135,False,,conventional_s2,229.39130328871792,3440869.5493307686,0.9999999994957836,3.357142855702239,1024939.8661979238,88790624857.42905,2.342424412854268e+18,2.342424412854268e+18,2.3398185069877693e+18,4.2690811900371625e-19,0.09793950719696617,-13.026894094093475,-5.410681784059262,0.03463040073590648,1.948697517781534e-05,64,9938.712440850586,88691846897.21683,88691846852.49693,3.4408695493307686,1.0249398661979239,88790624857.42905,2.342424412854268e+18,2.3398185069877693e+18,2.342424412854268e+18,0.11124823717676496,9938.712440850586,2.3424244139706967e+18,88790624899.74777,26381438.54281344,4.684848827941393e+18,177581250000.0,0.5,0.09793950717362658,True,False,True,True,-0.0011124828478499453,True,False,True,-13.256466474732292,-13.25646645981556,-13.026894094093475,-13.026894094093475,-0.22957238063881746,True,0.25,4,32,-1.3671875e-06,1.0416666666666667e-06,7,natural_tdl,,known_amplitude_linear,88790624899.74777,-13.256466474732292,0.2173585239870126,249.0,1.0416666666666667e-06,,,,,,,,,,,,,,,,,,,,,,,,,,,
exact_efim,Exact EFIM,ok,optimal,0.008862340997438878,False,,exact_efim,230.54643357113878,3458196.503567082,0.999999996985817,3.357142848530906,1030101.0888113972,88834378033.35559,2.343578684576026e+18,2.343578684576026e+18,2.342424392800167e+18,4.2669785596761765e-19,0.09791538538539195,-10.468883913718559,-6.225111595410816,0.022804301054373106,7.808507991338814e-06,64,6614.675821074204,88790624364.90077,88790624097.26958,3.458196503567082,1.0301010888113973,88834378033.35559,2.3435786845760266e+18,2.342424392800167e+18,2.343578684576026e+18,0.04925338259201745,6614.675821074204,2.3424244139706967e+18,88790624899.74777,26381438.54281344,4.684848827941393e+18,177581250000.0,0.5,0.09793950717362658,True,True,True,True,-9.037871047507294e-09,False,False,True,-13.256466474732292,-10.936099414556006,-10.4628190982113,-10.4628190982113,-2.793647376520992,False,0.25,4,32,-1.3997395833333333e-06,1.0416666666666667e-06,7,natural_tdl,,unknown_amplitude_exact,,,,,,2.3424244139706967e+18,88790624899.74777,quad_over_lin,1e-12,,,,,,,,,,,,,,,,,,,,,,,
exact_efim_sampled_psl,Exact EFIM+sampled PSL,ok,optimal,0.49877082999955746,False,,exact_efim,229.3716054877114,3440574.0823156713,0.9999999996078585,3.357142856022453,1024851.8546488271,88808570732.64151,2.3428978508582825e+18,2.3428978508582825e+18,2.3424244125986135e+18,4.2682185210664064e-19,0.0979296111984117,-13.026538547470565,-5.405098052749172,0.033346182559459654,1.933575824197766e-05,64,4236.258362068204,88790624882.55685,88790624847.73836,3.4405740823156714,1.024851854648827,88808570732.64151,2.3428978508582825e+18,2.3424244125986135e+18,2.3428978508582825e+18,0.020207379485006383,4236.258362068204,2.3424244139706967e+18,88790624899.74777,26381438.54281344,4.684848827941393e+18,177581250000.0,0.5,0.09793950717362658,True,True,True,True,-5.857534577494224e-10,False,False,True,-13.256466474732292,-13.256466467189497,-13.026538547470565,-13.026538547470565,-0.22992792726172695,True,0.25,4,32,-1.3671875e-06,1.0416666666666667e-06,7,natural_tdl,,unknown_amplitude_exact,,-13.256466474732292,0.2173585239870126,249.0,1.0416666666666667e-06,2.3424244139706967e+18,88790624899.74777,quad_over_lin,1e-12,,,,,,,,,,,,,,,,,,,,,,,
exact_efim_cutting_plane_psl,Exact EFIM+cutting-plane PSL,ok,optimal,0.5084959129999334,False,,exact_efim,229.3716054877114,3440574.0823156713,0.9999999996078585,3.357142856022453,1024851.8546488271,88808570732.64151,2.3428978508582825e+18,2.3428978508582825e+18,2.3424244125986135e+18,4.2682185210664064e-19,0.0979296111984117,-13.026538547470565,-5.405098052749172,0.033346182559459654,1.933575824197766e-05,64,4236.258362068204,88790624882.55685,88790624847.73836,3.4405740823156714,1.024851854648827,88808570732.64151,2.3428978508582825e+18,2.3424244125986135e+18,2.3428978508582825e+18,0.020207379485006383,4236.258362068204,2.3424244139706967e+18,88790624899.74777,26381438.54281344,4.684848827941393e+18,177581250000.0,0.5,0.09793950717362658,True,True,True,True,-5.857534577494224e-10,False,False,True,-13.256466474732292,-13.256466467189497,-13.026538547470565,-13.026538547470565,-0.22992792726172695,True,0.25,4,32,-1.3671875e-06,1.0416666666666667e-06,7,natural_tdl,,unknown_amplitude_exact,,-13.256466474732292,0.2173585239870126,249.0,1.0416666666666667e-06,2.3424244139706967e+18,88790624899.74777,quad_over_lin,1e-12,-5.408037624205936,-0.22992792726172695,249.0,1985.0,1.0,249.0,True,1.0,dense_psl_satisfied,False,0.5084959129999334,0.0,249.0,-13.026538547470565,-13.256466467189497,,0.0,,,,,,
exact_efim_cutting_plane_psl_ee,Exact EFIM+cutting-plane PSL+EE,ok,optimal,0.872251573997346,False,,exact_efim,218.40617812339048,3276092.6718508573,0.9294244544800634,3.15549844137161,1038217.1732041256,88799312435.25742,2.342653603654833e+18,2.342653603654833e+18,2.3424244095394033e+18,4.268663529426095e-19,0.09793471618068697,-13.109034673165924,-1.2818929056266726,0.06249999936551782,8.640046140220763e-05,64,3057.352029986059,95532912119.73619,88790624731.77765,3.2760926718508574,1.0382171732041257,88799312435.25742,2.3426536036548326e+18,2.3424244095394033e+18,2.342653603654833e+18,0.009783525616946375,3057.352029986059,2.3424244139706967e+18,88790624899.74777,26381438.54281344,4.684848827941393e+18,177581250000.0,0.5,0.09793950717362658,True,True,True,True,-1.891755146322273e-09,False,False,True,-13.256466474732292,-13.256466453810674,-13.109034673165924,-13.109034673165924,-0.14743180156636804,True,0.25,4,32,-2.2786458333333335e-06,1.0416666666666667e-06,7,natural_tdl,,unknown_amplitude_exact,,-13.256466474732292,0.2173585239870126,249.0,1.0416666666666667e-06,2.3424244139706967e+18,88790624899.74777,quad_over_lin,1e-12,-1.285444080203181,-0.14743180156636804,249.0,1985.0,1.0,249.0,True,1.0,dense_psl_satisfied,False,0.872251573997346,0.0,249.0,-13.109034673165924,-13.256466453810674,,0.0,4.0,True,1038217.1732057014,-4.97233122587204e-06,0.8239975799988315,
uniform,Uniform,ok,ok,1.4477998774964362e-05,False,,none,342.81707174433745,5142256.076165061,1.0,3.357142857142857,1531735.852474699,76781250000.0,2.0255998281153943e+18,2.0255998281153943e+18,2.0255998281153943e+18,4.936809265680052e-19,0.10532073506634214,-13.256466474732292,-9.684463547443015,0.015625,0.0,64,0.0,76781250000.0,76781250000.0,5.1422560761650615,1.5317358524746991,76781250000.0,2.0255998281153943e+18,2.0255998281153943e+18,2.0255998281153943e+18,0.0,0.0,2.3424244139706967e+18,88790624899.74777,26381438.54281344,4.684848827941393e+18,177581250000.0,0.5,0.09793950717362658,False,False,False,False,-0.13525498793715435,False,False,True,-13.256466474732292,-13.456972739469613,-13.256466474732292,-13.256466474732292,0.0,True,0.25,4,32,-1.4973958333333334e-06,1.0416666666666667e-06,8,natural_tdl,,,,,,,,,,,,,,,,,,,,,,,,,,,,,,,,,,
water_filling,Water-filling,ok,ok,0.0001986920033232309,False,,none,342.8464282308571,5142696.423462857,1.000000000000027,3.357142857142935,1531867.019754858,78034788285.10838,2.058669971345045e+18,2.058669971345045e+18,2.0586539440722918e+18,4.857505155848966e-19,0.10447138261935718,-12.631410448320601,-9.242939803815283,0.016048322450400224,1.6928657864646034e-07,64,779.4362090336551,78034180764.3023,78034180764.30443,5.142696423462857,1.531867019754858,78034788285.10838,2.058669971345045e+18,2.0586539440722918e+18,2.058669971345045e+18,0.0007785256003263349,779.4362090336551,2.3424244139706967e+18,88790624899.74777,26381438.54281344,4.684848827941393e+18,177581250000.0,0.5,0.09793950717362658,False,False,False,False,-0.12114391747539,False,False,True,-13.256466474732292,-12.83848808937649,-12.631410448320601,-12.631410448320601,-0.6250560264116913,False,0.25,4,32,-1.4973958333333334e-06,1.0416666666666667e-06,8,natural_tdl,0.01614833996798244,,,,,,,,,,,,,,,,,,,,,,,,,,,,,,,,,
conventional_s2,Conventional $S_2$,ok,optimal,0.008181418001186103,False,,conventional_s2,341.84621975460414,5127693.296319062,0.9999999991389009,3.357142854682574,1527398.0042782235,88790624886.30542,2.342424413616068e+18,2.342424413616068e+18,2.3424084619745004e+18,4.2690811886487775e-19,0.09793950718104029,-10.271244773081552,-6.233046185195863,0.022192319821538374,7.537343112490577e-06,64,777.5949917605667,88790020308.79173,88790020232.33473,5.127693296319062,1.5273980042782236,88790624886.30542,2.342424413616068e+18,2.3424084619745004e+18,2.342424413616068e+18,0.000680988529449238,777.5949917605667,2.3424244139706967e+18,88790624899.74777,26381438.54281344,4.684848827941393e+18,177581250000.0,0.5,0.09793950717362658,True,False,True,True,-6.81003668729332e-06,True,False,True,-13.256466474732292,-10.780270805790222,-10.271244773081552,-10.271244773081552,-2.9852217016507403,False,0.25,4,32,-1.4322916666666667e-06,1.0416666666666667e-06,8,natural_tdl,,known_amplitude_linear,88790624899.74777,,,,,,,,,,,,,,,,,,,,,,,,,,,,,,,
conventional_s2_psl,Conventional $S_2$+PSL,ok,optimal,0.5036129969994363,False,,conventional_s2,340.31244091061797,5104686.613659269,0.9999999994811004,3.357142855660287,1520544.9494210675,88790624861.79639,2.3424244129694843e+18,2.3424244129694843e+18,2.342410295438973e+18,4.2690811898271803e-19,0.09793950719455752,-13.023440742919615,-5.415966112729004,0.03325607244716171,1.915068634543748e-05,64,731.5266139251129,88790089776.68292,88790089730.60979,5.104686613659269,1.5205449494210674,88790624861.79639,2.3424244129694843e+18,2.342410295438973e+18,2.3424244129694843e+18,0.0006026888395285827,731.5266139251129,2.3424244139706967e+18,88790624899.74777,26381438.54281344,4.684848827941393e+18,177581250000.0,0.5,0.09793950717362658,True,False,True,True,-6.027315818418814e-06,True,False,True,-13.256466474732292,-13.256466464886634,-13.023440742919615,-13.023440742919615,-0.2330257318126776,True,0.25,4,32,-1.3671875e-06,1.0416666666666667e-06,8,natural_tdl,,known_amplitude_linear,88790624899.74777,-13.256466474732292,0.2173585239870126,249.0,1.0416666666666667e-06,,,,,,,,,,,,,,,,,,,,,,,,,,,
exact_efim,Exact EFIM,ok,optimal,0.009916482998960419,False,,exact_efim,341.8461424888209,5127692.137332313,0.9999999991070438,3.357142854591554,1527397.6590895392,88790923238.06,2.3424322845645455e+18,2.3424322845645455e+18,2.342424405567143e+18,4.269066843850722e-19,0.09793934263466951,-10.27130244942777,-6.233045647621081,0.022160870299981577,7.536470388974795e-06,64,546.4950620785033,88790624660.49352,88790624581.20738,5.127692137332312,1.5273976590895393,88790923238.06,2.3424322845645455e+18,2.342424405567143e+18,2.3424322845645455e+18,0.00033635966574328076,546.4950620785033,2.3424244139706967e+18,88790624899.74777,26381438.54281344,4.684848827941393e+18,177581250000.0,0.5,0.09793950717362658,True,True,True,True,-3.5875453405793983e-09,False,False,True,-13.256466474732292,-10.780263382396774,-10.27130244942777,-10.27130244942777,-2.985164025304522,False,0.25,4,32,-1.4322916666666667e-06,1.0416666666666667e-06,8,natural_tdl,,unknown_amplitude_exact,,,,,,2.3424244139706967e+18,88790624899.74777,quad_over_lin,1e-12,,,,,,,,,,,,,,,,,,,,,,,
exact_efim_sampled_psl,Exact EFIM+sampled PSL,ok,optimal,0.5091526539981714,False,,exact_efim,340.31232216243075,5104684.832436461,0.9999999996920301,3.3571428562629433,1520544.4185711006,88790724864.0936,2.342427051173943e+18,2.342427051173943e+18,2.342424412831503e+18,4.269076381690669e-19,0.09793945204139551,-13.023478187410438,-5.415906654281084,0.03331448412725351,1.915050069487482e-05,64,316.23966782386736,88790624883.91095,88790624856.56612,5.104684832436461,1.5205444185711006,88790724864.0936,2.3424270511739423e+18,2.342424412831503e+18,2.342427051173943e+18,0.00011263285397142911,316.23966782386736,2.3424244139706967e+18,88790624899.74777,26381438.54281344,4.684848827941393e+18,177581250000.0,0.5,0.09793950717362658,True,True,True,True,-4.863311060137589e-10,False,False,True,-13.256466474732292,-13.256466470980595,-13.023478187410438,-13.023478187410438,-0.23298828732185406,True,0.25,4,32,-1.3671875e-06,1.0416666666666667e-06,8,natural_tdl,,unknown_amplitude_exact,,-13.256466474732292,0.2173585239870126,249.0,1.0416666666666667e-06,2.3424244139706967e+18,88790624899.74777,quad_over_lin,1e-12,,,,,,,,,,,,,,,,,,,,,,,
exact_efim_cutting_plane_psl,Exact EFIM+cutting-plane PSL,ok,optimal,0.4775026799979969,False,,exact_efim,340.31232216243075,5104684.832436461,0.9999999996920301,3.3571428562629433,1520544.4185711006,88790724864.0936,2.342427051173943e+18,2.342427051173943e+18,2.342424412831503e+18,4.269076381690669e-19,0.09793945204139551,-13.023478187410438,-5.415906654281084,0.03331448412725351,1.915050069487482e-05,64,316.23966782386736,88790624883.91095,88790624856.56612,5.104684832436461,1.5205444185711006,88790724864.0936,2.3424270511739423e+18,2.342424412831503e+18,2.342427051173943e+18,0.00011263285397142911,316.23966782386736,2.3424244139706967e+18,88790624899.74777,26381438.54281344,4.684848827941393e+18,177581250000.0,0.5,0.09793950717362658,True,True,True,True,-4.863311060137589e-10,False,False,True,-13.256466474732292,-13.256466470980595,-13.023478187410438,-13.023478187410438,-0.23298828732185406,True,0.25,4,32,-1.3671875e-06,1.0416666666666667e-06,8,natural_tdl,,unknown_amplitude_exact,,-13.256466474732292,0.2173585239870126,249.0,1.0416666666666667e-06,2.3424244139706967e+18,88790624899.74777,quad_over_lin,1e-12,-5.418754174109985,-0.23298828732185406,249.0,1985.0,1.0,249.0,True,1.0,dense_psl_satisfied,False,0.4775026799979969,0.0,249.0,-13.023478187410438,-13.256466470980595,,0.0,,,,,,
exact_efim_cutting_plane_psl_ee,Exact EFIM+cutting-plane PSL+EE,ok,optimal,0.852713127998868,False,,exact_efim,326.1472273636041,4892208.410454061,0.9205276718400999,3.1300790624002857,1562966.4021018355,88790656084.41794,2.3424252366671555e+18,2.3424252366671555e+18,2.342424410022437e+18,4.269079688634237e-19,0.09793948997468005,-13.03197449656251,-0.8107486771245903,0.06249999976893348,9.75351237544794e-05,64,184.49805275293164,96456225560.93092,88790624750.08728,4.892208410454061,1.5629664021018355,88790656084.41794,2.342425236667156e+18,2.342424410022437e+18,2.3424252366671555e+18,3.529012177857872e-05,184.49805275293164,2.3424244139706967e+18,88790624899.74777,26381438.54281344,4.684848827941393e+18,177581250000.0,0.5,0.09793950717362658,True,True,True,True,-1.6855441808289623e-09,False,False,True,-13.256466474732292,-13.25646645687064,-13.03197449656251,-13.03197449656251,-0.22449197816978206,True,0.25,4,32,-3.3203125000000002e-06,1.0416666666666667e-06,8,natural_tdl,,unknown_amplitude_exact,,-13.256466474732292,0.2173585239870126,249.0,1.0416666666666667e-06,2.3424244139706967e+18,88790624899.74777,quad_over_lin,1e-12,-0.8143915902527208,-0.22449197816978206,249.0,1985.0,1.0,249.0,True,1.0,dense_psl_satisfied,False,0.852713127998868,0.0,249.0,-13.03197449656251,-13.25646645687064,,0.0,4.0,True,1562966.4014711503,0.0019740937277674675,0.7773351190007816,
uniform,Uniform,ok,ok,1.3461001799441874e-05,False,,none,293.465077622193,4401976.164332896,1.0,3.357142857142857,1311226.9425672456,76781250000.0,2.0255998281153943e+18,2.0255998281153943e+18,2.0255998281153943e+18,4.936809265680052e-19,0.10532073506634214,-13.256466474732292,-9.684463547443015,0.015625,0.0,64,0.0,76781250000.0,76781250000.0,4.401976164332895,1.3112269425672456,76781250000.0,2.0255998281153943e+18,2.0255998281153943e+18,2.0255998281153943e+18,0.0,0.0,2.3424244139706967e+18,88790624899.74777,26381438.54281344,4.684848827941393e+18,177581250000.0,0.5,0.09793950717362658,False,False,False,False,-0.13525498793715435,False,False,True,-13.256466474732292,-13.456972739469613,-13.256466474732292,-13.256466474732292,0.0,True,0.25,4,32,-1.4973958333333334e-06,1.0416666666666667e-06,9,natural_tdl,,,,,,,,,,,,,,,,,,,,,,,,,,,,,,,,,,
water_filling,Water-filling,ok,ok,0.0001788830013538245,False,,none,293.8006724883928,4407010.087325892,1.000000000000136,3.357142857143246,1312726.4089905394,74121902064.4195,1.9554424039889196e+18,1.9554424039889196e+18,1.9406534931062228e+18,5.113932263921932e-19,0.10719343620190946,-14.302853788939103,-10.494720019920425,0.016831170113521313,2.204539820593959e-06,64,-23676.573951091534,73561321910.34792,73561321910.35791,4.407010087325893,1.3127264089905393,74121902064.4195,1.9554424039889196e+18,1.9406534931062228e+18,1.9554424039889196e+18,0.7562948851128884,23676.573951091534,2.3424244139706967e+18,88790624899.74777,26381438.54281344,4.684848827941393e+18,177581250000.0,0.5,0.09793950717362658,False,False,False,False,-0.17151926801489525,False,False,True,-13.256466474732292,-14.421948667916112,-14.302853788939103,-14.302853788939103,1.046387314206811,True,0.25,4,32,-1.4973958333333334e-06,1.0416666666666667e-06,9,natural_tdl,0.017012817552716643,,,,,,,,,,,,,,,,,,,,,,,,,,,,,,,,,
conventional_s2,Conventional $S_2$,ok,optimal,0.008153320999554126,False,,conventional_s2,292.1503488058752,4382255.232088128,0.999999999165412,3.35714285475832,1305352.6232512991,88790624864.50696,2.3424244130409933e+18,2.3424244130409933e+18,2.3276344710860073e+18,4.2690811896968546e-19,0.09793950719306257,-10.82100791274858,-6.189048991798302,0.02563140107673928,9.837622770010133e-06,64,-23677.399303488917,88230005700.83368,88230005627.19798,4.382255232088128,1.305352623251299,88790624864.50696,2.3424244130409933e+18,2.3276344710860073e+18,2.3424244130409933e+18,0.6313946299673899,23677.399303488917,2.3424244139706967e+18,88790624899.74777,26381438.54281344,4.684848827941393e+18,177581250000.0,0.5,0.09793950717362658,True,False,True,True,-0.006313946694065846,True,False,True,-13.256466474732292,-11.225342669590956,-10.797876297329887,-10.797876297329887,-2.458590177402405,False,0.25,4,32,-1.3997395833333333e-06,1.0416666666666667e-06,9,natural_tdl,,known_amplitude_linear,88790624899.74777,,,,,,,,,,,,,,,,,,,,,,,,,,,,,,,
conventional_s2_psl,Conventional $S_2$+PSL,ok,optimal,0.48867183600305,False,,conventional_s2,291.28104453165787,4369215.667974868,0.9999999996266651,3.357142856076186,1301468.4972570955,88790624870.23758,2.342424413192175e+18,2.342424413192175e+18,2.327079684388625e+18,4.269081189421325e-19,0.09793950718990203,-13.034845098133427,-5.386983049465051,0.03597938131390031,2.1046969798611793e-05,64,-24117.393648036843,88208976227.01186,88208976194.08037,4.369215667974868,1.3014684972570956,88790624870.23758,2.342424413192175e+18,2.327079684388625e+18,2.342424413192175e+18,0.6550789309200779,24117.393648036843,2.3424244139706967e+18,88790624899.74777,26381438.54281344,4.684848827941393e+18,177581250000.0,0.5,0.09793950717362658,True,False,True,True,-0.006550789639380768,True,False,True,-13.256466474732292,-13.256466459483322,-13.034845098133427,-13.034845098133427,-0.22162137659886483,True,0.25,4,32,-1.3671875e-06,1.0416666666666667e-06,9,natural_tdl,,known_amplitude_linear,88790624899.74777,-13.256466474732292,0.2173585239870126,249.0,1.0416666666666667e-06,,,,,,,,,,,,,,,,,,,,,,,,,,,
exact_efim,Exact EFIM,ok,optimal,0.009758083997439826,False,,exact_efim,292.0744352876065,4381116.529314097,0.9999999988389383,3.3571428538255383,1305013.4355533062,89004533073.51791,2.348067619310819e+18,2.348067619310819e+18,2.3424244075344696e+18,4.258821133496615e-19,0.09782174539748162,-10.781853483743959,-6.1500477185529885,0.024379991991755938,9.078043481367172e-06,64,-14625.608294580428,88790624758.87117,88790624655.77977,4.381116529314097,1.3050134355533063,89004533073.51791,2.348067619310819e+18,2.3424244075344696e+18,2.348067619310819e+18,0.2403342957391288,14625.608294580428,2.3424244139706967e+18,88790624899.74777,26381438.54281344,4.684848827941393e+18,177581250000.0,0.5,0.09793950717362658,True,True,True,True,-2.7476775914787388e-09,False,False,True,-13.256466474732292,-11.17898543863342,-10.755837177822167,-10.755837177822167,-2.500629296910125,False,0.25,4,32,-1.3997395833333333e-06,1.0416666666666667e-06,9,natural_tdl,,unknown_amplitude_exact,,,,,,2.3424244139706967e+18,88790624899.74777,quad_over_lin,1e-12,,,,,,,,,,,,,,,,,,,,,,,
exact_efim_sampled_psl,Exact EFIM+sampled PSL,ok,optimal,0.5018335029999434,False,,exact_efim,291.1693597323352,4367540.395985028,0.9999999994285735,3.3571428555102103,1300969.4802878026,88893289179.65222,2.345132845361538e+18,2.345132845361538e+18,2.3424244091899136e+18,4.264150757932158e-19,0.0978829348840498,-13.037408587117342,-5.3501877590396365,0.03407368789328497,2.0238261980559627e-05,64,-10132.347269058795,88790624769.26741,88790624718.53009,4.367540395985028,1.3009694802878027,88893289179.65222,2.345132845361538e+18,2.3424244091899136e+18,2.345132845361538e+18,0.11549180154043262,10132.347269058795,2.3424244139706967e+18,88790624899.74777,26381438.54281344,4.684848827941393e+18,177581250000.0,0.5,0.09793950717362658,True,True,True,True,-2.040955121320643e-09,False,False,True,-13.256466474732292,-13.25646646523991,-13.037408587117342,-13.037408587117342,-0.21905788761494982,True,0.25,4,32,-1.3671875e-06,1.0416666666666667e-06,9,natural_tdl,,unknown_amplitude_exact,,-13.256466474732292,0.2173585239870126,249.0,1.0416666666666667e-06,2.3424244139706967e+18,88790624899.74777,quad_over_lin,1e-12,,,,,,,,,,,,,,,,,,,,,,,
exact_efim_cutting_plane_psl,Exact EFIM+cutting-plane PSL,ok,optimal,0.5059469609986991,False,,exact_efim,291.1693597323352,4367540.395985028,0.9999999994285735,3.3571428555102103,1300969.4802878026,88893289179.65222,2.345132845361538e+18,2.345132845361538e+18,2.3424244091899136e+18,4.264150757932158e-19,0.0978829348840498,-13.037408587117342,-5.3501877590396365,0.03407368789328497,2.0238261980559627e-05,64,-10132.347269058795,88790624769.26741,88790624718.53009,4.367540395985028,1.3009694802878027,88893289179.65222,2.345132845361538e+18,2.3424244091899136e+18,2.345132845361538e+18,0.11549180154043262,10132.347269058795,2.3424244139706967e+18,88790624899.74777,26381438.54281344,4.684848827941393e+18,177581250000.0,0.5,0.09793950717362658,True,True,True,True,-2.040955121320643e-09,False,False,True,-13.256466474732292,-13.25646646523991,-13.037408587117342,-13.037408587117342,-0.21905788761494982,True,0.25,4,32,-1.3671875e-06,1.0416666666666667e-06,9,natural_tdl,,unknown_amplitude_exact,,-13.256466474732292,0.2173585239870126,249.0,1.0416666666666667e-06,2.3424244139706967e+18,88790624899.74777,quad_over_lin,1e-12,-5.353470505825214,-0.21905788761494982,249.0,1985.0,1.0,249.0,True,1.0,dense_psl_satisfied,False,0.5059469609986991,0.0,249.0,-13.037408587117342,-13.25646646523991,,0.0,,,,,,
exact_efim_cutting_plane_psl_ee,Exact EFIM+cutting-plane PSL+EE,ok,optimal,0.8069885149998299,False,,exact_efim,278.4659883944982,4176989.825917473,0.9213949549988876,3.1325570142825363,1333412.2274145258,88816719569.64868,2.343112828900983e+18,2.343112828900983e+18,2.3424244103316987e+18,4.2678269166792174e-19,0.09792511862793211,-13.035474722989653,-0.836688173755219,0.06249999989475459,9.7110458469972e-05,64,-5321.7459282129485,96365434041.16766,88790624761.80995,4.176989825917473,1.333412227414526,88816719569.64868,2.3431128289009823e+18,2.3424244103316987e+18,2.343112828900983e+18,0.029380512999324617,5321.7459282129485,2.3424244139706967e+18,88790624899.74777,26381438.54281344,4.684848827941393e+18,177581250000.0,0.5,0.09793950717362658,True,True,True,True,-1.5535177973283894e-09,False,False,True,-13.256466474732292,-13.256466457210612,-13.035474722989653,-13.035474722989653,-0.2209917517426394,True,0.25,4,32,-3.3203125000000002e-06,1.0416666666666667e-06,9,natural_tdl,,unknown_amplitude_exact,,-13.256466474732292,0.2173585239870126,249.0,1.0416666666666667e-06,2.3424244139706967e+18,88790624899.74777,quad_over_lin,1e-12,-0.8403818144286725,-0.2209917517426394,249.0,1985.0,1.0,249.0,True,1.0,dense_psl_satisfied,False,0.8069885149998299,0.0,249.0,-13.035474722989653,-13.256466457210612,,0.0,4.0,True,1333412.2270856756,0.0010301419533789158,0.7585192400001688,
uniform,Uniform,ok,ok,1.3999997463542968e-05,False,,none,367.51781532715614,5512767.229907342,1.0,3.357142857142857,1642100.8769936764,76781250000.0,2.0255998281153943e+18,2.0255998281153943e+18,2.0255998281153943e+18,4.936809265680052e-19,0.10532073506634214,-13.256466474732292,-9.684463547443015,0.015625,0.0,64,0.0,76781250000.0,76781250000.0,5.512767229907342,1.6421008769936765,76781250000.0,2.0255998281153943e+18,2.0255998281153943e+18,2.0255998281153943e+18,0.0,0.0,2.3424244139706967e+18,88790624899.74777,26381438.54281344,4.684848827941393e+18,177581250000.0,0.5,0.09793950717362658,False,False,False,False,-0.13525498793715435,False,False,True,-13.256466474732292,-13.456972739469613,-13.256466474732292,-13.256466474732292,0.0,True,0.25,4,32,-1.4973958333333334e-06,1.0416666666666667e-06,10,natural_tdl,,,,,,,,,,,,,,,,,,,,,,,,,,,,,,,,,,
water_filling,Water-filling,ok,ok,0.00019497899847920053,False,,none,367.5218126081178,5512827.189121767,1.0000000000000442,3.3571428571429838,1642118.7371851453,76993786931.07751,2.031206858100694e+18,2.031206858100694e+18,2.0310586790314125e+18,4.923181486966142e-19,0.10517526868603719,-13.166944426589195,-9.611936583689486,0.015859490899892137,2.200061491807954e-08,64,-2369.9773456380726,76988170138.45528,76988170138.45868,5.512827189121767,1.6421187371851453,76993786931.07751,2.031206858100694e+18,2.0310586790314125e+18,2.031206858100694e+18,0.007295124506427313,2369.9773456380726,2.3424244139706967e+18,88790624899.74777,26381438.54281344,4.684848827941393e+18,177581250000.0,0.5,0.09793950717362658,False,False,False,False,-0.13292456016178603,False,False,True,-13.256466474732292,-13.37081728940159,-13.166944426589195,-13.166944426589195,-0.08952204814309717,True,0.25,4,32,-1.4973958333333334e-06,1.0416666666666667e-06,10,natural_tdl,0.01596587661297739,,,,,,,,,,,,,,,,,,,,,,,,,,,,,,,,,
conventional_s2,Conventional $S_2$,ok,optimal,0.00819000000046799,False,,conventional_s2,366.2981340913734,5494472.011370601,0.9999999991394435,3.3571428546841244,1636651.2386282051,88790624892.07016,2.34242441376815e+18,2.34242441376815e+18,2.3422764462893604e+18,4.2690811883716077e-19,0.09793950717786094,-10.49780391893957,-6.237077558837047,0.022725334715808433,7.626362504214426e-06,64,-2368.2846520763737,88785016196.28625,88785016119.88173,5.494472011370601,1.636651238628205,88790624892.07016,2.34242441376815e+18,2.3422764462893604e+18,2.34242441376815e+18,0.006316851801915928,2368.2846520763737,2.3424244139706967e+18,88790624899.74777,26381438.54281344,4.684848827941393e+18,177581250000.0,0.5,0.09793950717362658,True,False,True,True,-6.316860448252271e-05,True,False,True,-13.256466474732292,-10.970326816664704,-10.492589781868979,-10.492589781868979,-2.763876692863313,False,0.25,4,32,-1.3997395833333333e-06,1.0416666666666667e-06,10,natural_tdl,,known_amplitude_linear,88790624899.74777,,,,,,,,,,,,,,,,,,,,,,,,,,,,,,,
conventional_s2_psl,Conventional $S_2$+PSL,ok,optimal,0.46056894100183854,False,,conventional_s2,364.9941394042385,5474912.091063578,0.9999999996304831,3.357142856087095,1630824.8787020163,88790624874.4216,2.3424244133025556e+18,2.3424244133025556e+18,2.3422667138311926e+18,4.2690811892201556e-19,0.09793950718759446,-13.023634402415158,-5.414625512352693,0.03357530526661451,1.9184260078802405e-05,64,-2444.926918747073,88784647239.59322,88784647206.7858,5.474912091063578,1.6308248787020163,88790624874.4216,2.3424244133025556e+18,2.3422667138311926e+18,2.3424244133025556e+18,0.006732318467460533,2444.926918747073,2.3424244139706967e+18,88790624899.74777,26381438.54281344,4.684848827941393e+18,177581250000.0,0.5,0.09793950717362658,True,False,True,True,-6.732346989024372e-05,True,False,True,-13.256466474732292,-13.2564664704786,-13.023634402415158,-13.023634402415158,-0.23283207231713376,True,0.25,4,32,-1.3671875e-06,1.0416666666666667e-06,10,natural_tdl,,known_amplitude_linear,88790624899.74777,-13.256466474732292,0.2173585239870126,249.0,1.0416666666666667e-06,,,,,,,,,,,,,,,,,,,,,,,,,,,
exact_efim,Exact EFIM,ok,optimal,0.009065547998034162,False,,exact_efim,366.297366263747,5494460.4939562045,0.9999999996874405,3.35714285624983,1636647.80714572,88793213228.41031,2.342492697804236e+18,2.342492697804236e+18,2.342424412264038e+18,4.26895674397347e-19,0.09793807969132358,-10.497357712601524,-6.236476297407931,0.02261581889210372,7.621028843363529e-06,64,-1608.8484561869568,88790624862.80849,88790624835.05614,5.494460493956204,1.6366478071457202,88793213228.41031,2.342492697804236e+18,2.342424412264038e+18,2.342492697804236e+18,0.0029150801734364544,1608.8484561869568,2.3424244139706967e+18,88790624899.74777,26381438.54281344,4.684848827941393e+18,177581250000.0,0.5,0.09793950717362658,True,True,True,True,-7.285865045724161e-10,False,False,True,-13.256466474732292,-10.969823575998593,-10.492120657193363,-10.492120657193363,-2.7643458175389295,False,0.25,4,32,-1.3997395833333333e-06,1.0416666666666667e-06,10,natural_tdl,,unknown_amplitude_exact,,,,,,2.3424244139706967e+18,88790624899.74777,quad_over_lin,1e-12,,,,,,,,,,,,,,,,,,,,,,,
exact_efim_sampled_psl,Exact EFIM+sampled PSL,ok,optimal,0.5045387750033115,False,,exact_efim,364.99281041521533,5474892.15622823,0.9999999995854836,3.3571428559585246,1630818.9407284101,88791729451.04317,2.342453553622813e+18,2.342453553622813e+18,2.3424244110880113e+18,4.2690280814892182e-19,0.09793889799782485,-13.023625524534053,-5.414161137505368,0.03334760700247047,1.9176847070108156e-05,64,-1051.0283370590773,88790624827.2835,88790624790.47832,5.47489215622823,1.6308189407284102,88791729451.04317,2.342453553622813e+18,2.3424244110880113e+18,2.342453553622813e+18,0.001244102994351733,1051.0283370590773,2.3424244139706967e+18,88790624899.74777,26381438.54281344,4.684848827941393e+18,177581250000.0,0.5,0.09793950717362658,True,True,True,True,-1.230641818283261e-09,False,False,True,-13.256466474732292,-13.256466470769293,-13.023625524534053,-13.023625524534053,-0.23284095019823958,True,0.25,4,32,-1.3671875e-06,1.0416666666666667e-06,10,natural_tdl,,unknown_amplitude_exact,,-13.256466474732292,0.2173585239870126,249.0,1.0416666666666667e-06,2.3424244139706967e+18,88790624899.74777,quad_over_lin,1e-12,,,,,,,,,,,,,,,,,,,,,,,
exact_efim_cutting_plane_psl,Exact EFIM+cutting-plane PSL,ok,optimal,0.5123499910005194,False,,exact_efim,364.99281041521533,5474892.15622823,0.9999999995854836,3.3571428559585246,1630818.9407284101,88791729451.04317,2.342453553622813e+18,2.342453553622813e+18,2.3424244110880113e+18,4.2690280814892182e-19,0.09793889799782485,-13.023625524534053,-5.414161137505368,0.03334760700247047,1.9176847070108156e-05,64,-1051.0283370590773,88790624827.2835,88790624790.47832,5.47489215622823,1.6308189407284102,88791729451.04317,2.342453553622813e+18,2.3424244110880113e+18,2.342453553622813e+18,0.001244102994351733,1051.0283370590773,2.3424244139706967e+18,88790624899.74777,26381438.54281344,4.684848827941393e+18,177581250000.0,0.5,0.09793950717362658,True,True,True,True,-1.230641818283261e-09,False,False,True,-13.256466474732292,-13.256466470769293,-13.023625524534053,-13.023625524534053,-0.23284095019823958,True,0.25,4,32,-1.3671875e-06,1.0416666666666667e-06,10,natural_tdl,,unknown_amplitude_exact,,-13.256466474732292,0.2173585239870126,249.0,1.0416666666666667e-06,2.3424244139706967e+18,88790624899.74777,quad_over_lin,1e-12,-5.417013697244987,-0.23284095019823958,249.0,1985.0,1.0,249.0,True,1.0,dense_psl_satisfied,False,0.5123499910005194,0.0,249.0,-13.023625524534053,-13.256466470769293,,0.0,,,,,,
exact_efim_cutting_plane_psl_ee,Exact EFIM+cutting-plane PSL+EE,ok,optimal,0.8412311540014343,False,,exact_efim,350.32611968549884,5254891.795282482,0.9191791152362975,3.1262260435322786,1680905.89807289,88790853563.4208,2.342430446447334e+18,2.342430446447334e+18,2.342424410874823e+18,4.2690701938094173e-19,0.09793938106141477,-13.018433224069128,-0.7110550946909633,0.06249999989275752,0.00010022360361823448,64,-498.89588889219056,96597739559.79356,88790624782.39734,5.254891795282482,1.68090589807289,88790853563.4208,2.342430446447334e+18,2.342424410874823e+18,2.342430446447334e+18,0.0002576628270809022,498.89588889219056,2.3424244139706967e+18,88790624899.74777,26381438.54281344,4.684848827941393e+18,177581250000.0,0.5,0.09793950717362658,True,True,True,True,-1.3216535472972272e-09,False,False,True,-13.256466474732292,-13.256466460819372,-13.018433224069128,-13.018433224069128,-0.2380332506631646,True,0.25,4,32,-3.3203125000000002e-06,1.0416666666666667e-06,10,natural_tdl,,unknown_amplitude_exact,,-13.256466474732292,0.2173585239870126,249.0,1.0416666666666667e-06,2.3424244139706967e+18,88790624899.74777,quad_over_lin,1e-12,-0.7147039770508277,-0.2380332506631646,249.0,1985.0,1.0,249.0,True,1.0,dense_psl_satisfied,False,0.8412311540014343,0.0,249.0,-13.018433224069128,-13.256466460819372,,0.0,4.0,True,1680905.8981133127,-0.00012637116014957428,0.7930104990009568,
uniform,Uniform,ok,ok,1.444000008632429e-05,False,,none,433.14418072703126,6497162.710905469,1.0,3.357142857142857,1935325.0628229056,76781250000.0,2.0255998281153943e+18,2.0255998281153943e+18,2.0255998281153943e+18,4.936809265680052e-19,0.10532073506634214,-13.256466474732292,-9.684463547443015,0.015625,0.0,64,0.0,76781250000.0,76781250000.0,6.497162710905469,1.9353250628229055,76781250000.0,2.0255998281153943e+18,2.0255998281153943e+18,2.0255998281153943e+18,0.0,0.0,2.3424244139706967e+18,88790624899.74777,26381438.54281344,4.684848827941393e+18,177581250000.0,0.5,0.09793950717362658,False,False,False,False,-0.13525498793715435,False,False,True,-13.256466474732292,-13.456972739469613,-13.256466474732292,-13.256466474732292,0.0,True,0.25,4,32,-1.4973958333333334e-06,1.0416666666666667e-06,11,natural_tdl,,,,,,,,,,,,,,,,,,,,,,,,,,,,,,,,,,
water_filling,Water-filling,ok,ok,0.00020504900021478534,False,,none,433.1478666940426,6497218.000410639,1.000000000000591,3.357142857144546,1935341.532036238,76342443812.08286,2.014023489636652e+18,2.014023489636652e+18,2.0139750685543158e+18,4.9651853870900435e-19,0.10562298613506847,-13.354517310170955,-9.824251841318489,0.015717848844372995,2.0245111149258858e-08,64,1354.7776074034014,76340608389.67221,76340608389.71733,6.497218000410639,1.935341532036238,76342443812.08286,2.014023489636652e+18,2.0139750685543158e+18,2.014023489636652e+18,0.002404196504430621,1354.7776074034014,2.3424244139706967e+18,88790624899.74777,26381438.54281344,4.684848827941393e+18,177581250000.0,0.5,0.09793950717362658,False,False,False,False,-0.14021769217287955,False,False,True,-13.256466474732292,-13.537606835500373,-13.354517310170955,-13.354517310170955,0.09805083543866289,True,0.25,4,32,-1.4973958333333334e-06,1.0416666666666667e-06,11,natural_tdl,0.015800289832570494,,,,,,,,,,,,,,,,,,,,,,,,,,,,,,,,,
conventional_s2,Conventional $S_2$,ok,optimal,0.007829318001313368,False,,conventional_s2,431.7619876498372,6476429.814747558,0.9999999993452884,3.3571428552722526,1929149.3075954737,88790624907.0743,2.3424244141639813e+18,2.3424244141639813e+18,2.342375970048936e+18,4.269081187650203e-19,0.09793950716958585,-10.538915304051368,-6.2355865910917005,0.02300051977351969,7.650985791750265e-06,64,1355.0997866062537,88788788669.77489,88788788611.64383,6.476429814747558,1.9291493075954738,88790624907.0743,2.342424414163981e+18,2.342375970048936e+18,2.3424244141639813e+18,0.002068118601925768,1355.0997866062537,2.3424244139706967e+18,88790624899.74777,26381438.54281344,4.684848827941393e+18,177581250000.0,0.5,0.09793950717362658,True,False,True,True,-2.0681103506195792e-05,True,False,True,-13.256466474732292,-11.00536031288737,-10.53168871534498,-10.53168871534498,-2.7247777593873117,False,0.25,4,32,-1.3997395833333333e-06,1.0416666666666667e-06,11,natural_tdl,,known_amplitude_linear,88790624899.74777,,,,,,,,,,,,,,,,,,,,,,,,,,,,,,,
conventional_s2_psl,Conventional $S_2$+PSL,ok,optimal,0.5029179209996073,False,,conventional_s2,430.48060570909274,6457209.085636391,0.999999999648827,3.357142856139506,1923423.9835303756,88790624878.68817,2.3424244134151137e+18,2.3424244134151137e+18,2.3423778534569974e+18,4.269081189015018e-19,0.09793950718524137,-13.023309666071391,-5.412444048422188,0.03360849304374676,1.920153095821071e-05,64,1328.486219810698,88788860034.23282,88788860003.05257,6.457209085636391,1.9234239835303757,88790624878.68817,2.3424244134151137e+18,2.3423778534569974e+18,2.3424244134151137e+18,0.0019876824135584546,1328.486219810698,2.3424244139706967e+18,88790624899.74777,26381438.54281344,4.684848827941393e+18,177581250000.0,0.5,0.09793950717362658,True,False,True,True,-1.9877061313753224e-05,True,False,True,-13.256466474732292,-13.25646647472219,-13.023309666071391,-13.023309666071391,-0.23315680866090105,True,0.25,4,32,-1.3671875e-06,1.0416666666666667e-06,11,natural_tdl,,known_amplitude_linear,88790624899.74777,-13.256466474732292,0.2173585239870126,249.0,1.0416666666666667e-06,,,,,,,,,,,,,,,,,,,,,,,,,,,
exact_efim,Exact EFIM,ok,optimal_inaccurate,0.009881238998787012,True,,exact_efim,431.7617249147486,6476425.873721229,0.9999999993388871,3.3571428552539633,1929148.1336832466,88791432533.29285,2.3424457205054305e+18,2.3424457205054305e+18,2.342424388881085e+18,4.269042357080657e-19,0.09793906175108416,-10.538752796258903,-6.23557778840905,0.022931867234160238,7.647788571056354e-06,64,899.2133107996336,88790624007.4157,88790623948.71506,6.476425873721229,1.9291481336832466,88791432533.29285,2.342445720505431e+18,2.342424388881085e+18,2.3424457205054305e+18,0.0009106560787669934,899.2133107996336,2.3424244139706967e+18,88790624899.74777,26381438.54281344,4.684848827941393e+18,177581250000.0,0.5,0.09793950717362658,True,True,True,True,-1.0710958964720672e-08,False,False,True,-13.256466474732292,-11.00511483255476,-10.531504725056745,-10.531504725056745,-2.724961749675547,False,0.25,4,32,-1.3997395833333333e-06,1.0416666666666667e-06,11,natural_tdl,,unknown_amplitude_exact,,,,,,2.3424244139706967e+18,88790624899.74777,quad_over_lin,1e-12,,,,,,,,,,,,,,,,,,,,,,,
exact_efim_sampled_psl,Exact EFIM+sampled PSL,ok,optimal,0.4968235409978661,False,,exact_efim,430.4802107615961,6457203.161423941,0.9999999997507003,3.3571428564305723,1923422.2187045855,88790944531.95264,2.3424328463280655e+18,2.3424328463280655e+18,2.3424244155637663e+18,4.2690658200407877e-19,0.09793933089073557,-13.023363983014168,-5.412536514038155,0.033396262923789916,1.919681795614897e-05,64,565.3068360849712,88790624982.26927,88790624960.13379,6.457203161423942,1.9234222187045855,88790944531.95264,2.3424328463280655e+18,2.3424244155637663e+18,2.3424328463280655e+18,0.0003599148770680807,565.3068360849712,2.3424244139706967e+18,88790624899.74777,26381438.54281344,4.684848827941393e+18,177581250000.0,0.5,0.09793950717362658,True,True,True,True,6.800943323928014e-10,False,False,True,-13.256466474732292,-13.256466474196234,-13.023363983014168,-13.023363983014168,-0.23310249171812458,True,0.25,4,32,-1.3671875e-06,1.0416666666666667e-06,11,natural_tdl,,unknown_amplitude_exact,,-13.256466474732292,0.2173585239870126,249.0,1.0416666666666667e-06,2.3424244139706967e+18,88790624899.74777,quad_over_lin,1e-12,,,,,,,,,,,,,,,,,,,,,,,
exact_efim_cutting_plane_psl,Exact EFIM+cutting-plane PSL,ok,optimal,0.4698271229972306,False,,exact_efim,430.4802107615961,6457203.161423941,0.9999999997507003,3.3571428564305723,1923422.2187045855,88790944531.95264,2.3424328463280655e+18,2.3424328463280655e+18,2.3424244155637663e+18,4.2690658200407877e-19,0.09793933089073557,-13.023363983014168,-5.412536514038155,0.033396262923789916,1.919681795614897e-05,64,565.3068360849712,88790624982.26927,88790624960.13379,6.457203161423942,1.9234222187045855,88790944531.95264,2.3424328463280655e+18,2.3424244155637663e+18,2.3424328463280655e+18,0.0003599148770680807,565.3068360849712,2.3424244139706967e+18,88790624899.74777,26381438.54281344,4.684848827941393e+18,177581250000.0,0.5,0.09793950717362658,True,True,True,True,6.800943323928014e-10,False,False,True,-13.256466474732292,-13.256466474196234,-13.023363983014168,-13.023363983014168,-0.23310249171812458,True,0.25,4,32,-1.3671875e-06,1.0416666666666667e-06,11,natural_tdl,,unknown_amplitude_exact,,-13.256466474732292,0.2173585239870126,249.0,1.0416666666666667e-06,2.3424244139706967e+18,88790624899.74777,quad_over_lin,1e-12,-5.415382048785663,-0.23310249171812458,249.0,1985.0,1.0,249.0,True,1.0,dense_psl_satisfied,False,0.4698271229972306,0.0,249.0,-13.023363983014168,-13.256466474196234,,0.0,,,,,,
exact_efim_cutting_plane_psl_ee,Exact EFIM+cutting-plane PSL+EE,ok,optimal,1.626941952999914,False,,exact_efim,415.19460255574114,6227919.038336117,0.9185414628887698,3.1244041796821995,1993314.1425286382,88790653276.34999,2.342425162586284e+18,2.342425162586284e+18,2.342424410672896e+18,4.2690798236469366e-19,0.09793949152338326,-13.033601932476422,-0.5777223863671953,0.06249999985623462,0.00010436279677701508,64,176.15107163110687,96664797793.12395,88790624774.7432,6.2279190383361165,1.9933141425286383,88790653276.34999,2.342425162586284e+18,2.342424410672896e+18,2.342425162586284e+18,3.2099782739774213e-05,176.15107163110687,2.3424244139706967e+18,88790624899.74777,26381438.54281344,4.684848827941393e+18,177581250000.0,0.5,0.09793950717362658,True,True,True,True,-1.4078578947227685e-09,False,False,True,-13.256466474732292,-13.256466460068069,-13.033601932476422,-13.033601932476422,-0.22286454225586994,True,0.25,4,32,-2.2786458333333335e-06,1.0416666666666667e-06,11,natural_tdl,,unknown_amplitude_exact,,-13.256466474732292,0.2173585239870126,251.0,1.0416666666666667e-06,2.3424244139706967e+18,88790624899.74777,quad_over_lin,1e-12,-0.5813309353123578,-0.22286454225586994,249.0,1985.0,2.0,251.0,True,2.0,dense_psl_satisfied,False,1.626941952999914,2.0,251.0,-12.987030602816658,-13.256466466453086,-3.2877604166666667e-06,1.0,4.0,True,1993314.1425698618,-0.00012879911810159683,0.7726004269970872,
uniform,Uniform,ok,ok,1.3943998055765405e-05,False,,none,351.5133572992796,5272700.359489194,1.0,3.357142857142857,1570591.5964435898,76781250000.0,2.0255998281153943e+18,2.0255998281153943e+18,2.0255998281153943e+18,4.936809265680052e-19,0.10532073506634214,-13.256466474732292,-9.684463547443015,0.015625,0.0,64,0.0,76781250000.0,76781250000.0,5.272700359489194,1.5705915964435897,76781250000.0,2.0255998281153943e+18,2.0255998281153943e+18,2.0255998281153943e+18,0.0,0.0,2.3424244139706967e+18,88790624899.74777,26381438.54281344,4.684848827941393e+18,177581250000.0,0.5,0.09793950717362658,False,False,False,False,-0.13525498793715435,False,False,True,-13.256466474732292,-13.456972739469613,-13.256466474732292,-13.256466474732292,0.0,True,0.25,4,32,-1.4973958333333334e-06,1.0416666666666667e-06,12,natural_tdl,,,,,,,,,,,,,,,,,,,,,,,,,,,,,,,,,,
water_filling,Water-filling,ok,ok,0.00020165000023553148,False,,none,351.5158273292992,5272737.409939488,1.000000000000469,3.357142857144197,1570602.6327473058,77031431577.43768,2.0321999780251108e+18,2.0321999780251108e+18,2.032133363861859e+18,4.920775567431108e-19,0.1051495663879589,-13.145324112341068,-9.598536190953979,0.015815155317516982,1.3683158656595564e-08,64,-1589.0371543491372,77028906538.32367,77028906538.35979,5.272737409939489,1.5706026327473057,77031431577.43768,2.0321999780251108e+18,2.032133363861859e+18,2.0321999780251108e+18,0.003277933469738916,1589.0371543491372,2.3424244139706967e+18,88790624899.74777,26381438.54281344,4.684848827941393e+18,177581250000.0,0.5,0.09793950717362658,False,False,False,False,-0.1324657684825169,False,False,True,-13.256466474732292,-13.349913414851358,-13.145324112341068,-13.145324112341068,-0.11114236239122377,True,0.25,4,32,-1.4973958333333334e-06,1.0416666666666667e-06,12,natural_tdl,0.01600075674271513,,,,,,,,,,,,,,,,,,,,,,,,,,,,,,,,,
conventional_s2,Conventional $S_2$,ok,optimal,0.008025826002267422,False,,conventional_s2,350.30486002197324,5254572.900329598,0.9999999991628243,3.357142854750927,1565191.928872936,88790624874.48917,2.342424413304338e+18,2.342424413304338e+18,2.34235779571974e+18,4.2690811892169075e-19,0.0979395071875572,-10.487449189118777,-6.237667161472449,0.02265126422907025,7.604008135674063e-06,64,-1589.0779614737708,88788099780.05487,88788099705.72363,5.254572900329598,1.565191928872936,88790624874.48917,2.342424413304338e+18,2.34235779571974e+18,2.342424413304338e+18,0.002843958772784561,1589.0779614737708,2.3424244139706967e+18,88790624899.74777,26381438.54281344,4.684848827941393e+18,177581250000.0,0.5,0.09793950717362658,True,False,True,True,-2.843987219373021e-05,True,False,True,-13.256466474732292,-10.96116862139878,-10.482603088859959,-10.482603088859959,-2.7738633858723336,False,0.25,4,32,-1.3997395833333333e-06,1.0416666666666667e-06,12,natural_tdl,,known_amplitude_linear,88790624899.74777,,,,,,,,,,,,,,,,,,,,,,,,,,,,,,,
conventional_s2_psl,Conventional $S_2$+PSL,ok,optimal,0.49198937700202805,False,,conventional_s2,348.99353860361094,5234903.079054164,0.9999999994498858,3.3571428555711025,1559332.8327887391,88790624859.89728,2.342424412919383e+18,2.342424412919383e+18,2.3423527173177457e+18,4.26908118991849e-19,0.0979395071956049,-13.023502046804602,-5.413395023982256,0.033575449977876155,1.919236093382628e-05,64,-1648.5306276640015,88787907255.51192,88787907206.66843,5.234903079054164,1.559332832788739,88790624859.89728,2.342424412919383e+18,2.3423527173177457e+18,2.342424412919383e+18,0.0030607434435001115,1648.5306276640015,2.3424244139706967e+18,88790624899.74777,26381438.54281344,4.684848827941393e+18,177581250000.0,0.5,0.09793950717362658,True,False,True,True,-3.060788323560263e-05,True,False,True,-13.256466474732292,-13.256466471942884,-13.023502046804602,-13.023502046804602,-0.23296442792769056,True,0.25,4,32,-1.3671875e-06,1.0416666666666667e-06,12,natural_tdl,,known_amplitude_linear,88790624899.74777,-13.256466474732292,0.2173585239870126,249.0,1.0416666666666667e-06,,,,,,,,,,,,,,,,,,,,,,,,,,,
exact_efim,Exact EFIM,ok,optimal,0.009637156999815488,False,,exact_efim,350.30451666820113,5254567.750023017,0.9999999987535073,3.3571428535814496,1565190.3952843014,88791793906.67685,2.342455254055152e+18,2.342455254055152e+18,2.3424244094235725e+18,4.2690249825214183e-19,0.09793886244997407,-10.487174361933429,-6.23738934507387,0.022577543388588063,7.601578053243716e-06,64,-1081.2859433446195,88790624838.0639,88790624727.38704,5.254567750023017,1.5651903952843014,88791793906.67685,2.342455254055152e+18,2.3424244094235725e+18,2.342455254055152e+18,0.0013167650279018639,1081.2859433446195,2.3424244139706967e+18,88790624899.74777,26381438.54281344,4.684848827941393e+18,177581250000.0,0.5,0.09793950717362658,True,True,True,True,-1.9412042484188707e-09,False,False,True,-13.256466474732292,-10.960896058915653,-10.482326022504838,-10.482326022504838,-2.7741404522274546,False,0.25,4,32,-1.3997395833333333e-06,1.0416666666666667e-06,12,natural_tdl,,unknown_amplitude_exact,,,,,,2.3424244139706967e+18,88790624899.74777,quad_over_lin,1e-12,,,,,,,,,,,,,,,,,,,,,,,
exact_efim_sampled_psl,Exact EFIM+sampled PSL,ok,optimal,0.5237375020005857,False,,exact_efim,348.99293472329975,5234894.020849496,0.9999999994947437,3.357142855699268,1559330.1345405828,88791124563.97353,2.34243759583176e+18,2.34243759583176e+18,2.342424410833899e+18,4.269057164124438e-19,0.09793923160026771,-13.023484034842177,-5.413279970450949,0.03331503459773868,1.918766248971876e-05,64,-706.9534126632639,88790624825.70811,88790624780.8461,5.234894020849496,1.5593301345405828,88791124563.97353,2.3424375958317604e+18,2.342424410833899e+18,2.34243759583176e+18,0.0005628750957688685,706.9534126632639,2.3424244139706967e+18,88790624899.74777,26381438.54281344,4.684848827941393e+18,177581250000.0,0.5,0.09793950717362658,True,True,True,True,-1.3391244034563076e-09,False,False,True,-13.256466474732292,-13.256466467301468,-13.023484034842177,-13.023484034842177,-0.23298243989011524,True,0.25,4,32,-1.3671875e-06,1.0416666666666667e-06,12,natural_tdl,,unknown_amplitude_exact,,-13.256466474732292,0.2173585239870126,249.0,1.0416666666666667e-06,2.3424244139706967e+18,88790624899.74777,quad_over_lin,1e-12,,,,,,,,,,,,,,,,,,,,,,,
exact_efim_cutting_plane_psl,Exact EFIM+cutting-plane PSL,ok,optimal,0.5289945350014023,False,,exact_efim,348.99293472329975,5234894.020849496,0.9999999994947437,3.357142855699268,1559330.1345405828,88791124563.97353,2.34243759583176e+18,2.34243759583176e+18,2.342424410833899e+18,4.269057164124438e-19,0.09793923160026771,-13.023484034842177,-5.413279970450949,0.03331503459773868,1.918766248971876e-05,64,-706.9534126632639,88790624825.70811,88790624780.8461,5.234894020849496,1.5593301345405828,88791124563.97353,2.3424375958317604e+18,2.342424410833899e+18,2.34243759583176e+18,0.0005628750957688685,706.9534126632639,2.3424244139706967e+18,88790624899.74777,26381438.54281344,4.684848827941393e+18,177581250000.0,0.5,0.09793950717362658,True,True,True,True,-1.3391244034563076e-09,False,False,True,-13.256466474732292,-13.256466467301468,-13.023484034842177,-13.023484034842177,-0.23298243989011524,True,0.25,4,32,-1.3671875e-06,1.0416666666666667e-06,12,natural_tdl,,unknown_amplitude_exact,,-13.256466474732292,0.2173585239870126,249.0,1.0416666666666667e-06,2.3424244139706967e+18,88790624899.74777,quad_over_lin,1e-12,-5.416128668767637,-0.23298243989011524,249.0,1985.0,1.0,249.0,True,1.0,dense_psl_satisfied,False,0.5289945350014023,0.0,249.0,-13.023484034842177,-13.256466467301468,,0.0,,,,,,
exact_efim_cutting_plane_psl_ee,Exact EFIM+cutting-plane PSL+EE,ok,optimal,0.8392660799981968,False,,exact_efim,334.6079934258697,5019119.901388045,0.9200131975827808,3.1286091359508026,1604265.5644367367,88790727114.99347,2.342427110555919e+18,2.342427110555919e+18,2.342424411387467e+18,4.2690762734669426e-19,0.09793945079998265,-13.026834289817002,-0.7739538170184188,0.062499999887374966,9.851508450972475e-05,64,-333.4791833506955,96510164240.1604,88790624801.82932,5.019119901388045,1.6042655644367367,88790727114.99347,2.342427110555919e+18,2.342424411387467e+18,2.342427110555919e+18,0.00011522955996933527,333.4791833506955,2.3424244139706967e+18,88790624899.74777,26381438.54281344,4.684848827941393e+18,177581250000.0,0.5,0.09793950717362658,True,True,True,True,-1.102801839236771e-09,False,False,True,-13.256466474732292,-13.25646646298563,-13.026834289817002,-13.026834289817002,-0.2296321849152907,True,0.25,4,32,-3.3203125000000002e-06,1.0416666666666667e-06,12,natural_tdl,,unknown_amplitude_exact,,-13.256466474732292,0.2173585239870126,249.0,1.0416666666666667e-06,2.3424244139706967e+18,88790624899.74777,quad_over_lin,1e-12,-0.7775996333427078,-0.2296321849152907,249.0,1985.0,1.0,249.0,True,1.0,dense_psl_satisfied,False,0.8392660799981968,0.0,249.0,-13.026834289817002,-13.25646646298563,,0.0,4.0,True,1604265.5649795956,-0.0016983933746814728,0.7908043209972675,
uniform,Uniform,ok,ok,1.4846002159174532e-05,False,,none,392.8371166327978,5892556.749491967,1.0,3.357142857142857,1755229.670061437,76781250000.0,2.0255998281153943e+18,2.0255998281153943e+18,2.0255998281153943e+18,4.936809265680052e-19,0.10532073506634214,-13.256466474732292,-9.684463547443015,0.015625,0.0,64,0.0,76781250000.0,76781250000.0,5.892556749491967,1.755229670061437,76781250000.0,2.0255998281153943e+18,2.0255998281153943e+18,2.0255998281153943e+18,0.0,0.0,2.3424244139706967e+18,88790624899.74777,26381438.54281344,4.684848827941393e+18,177581250000.0,0.5,0.09793950717362658,False,False,False,False,-0.13525498793715435,False,False,True,-13.256466474732292,-13.456972739469613,-13.256466474732292,-13.256466474732292,0.0,True,0.25,4,32,-1.4973958333333334e-06,1.0416666666666667e-06,13,natural_tdl,,,,,,,,,,,,,,,,,,,,,,,,,,,,,,,,,,
water_filling,Water-filling,ok,ok,0.00020056900029885583,False,,none,392.846243295939,5892693.649439085,0.999999999999069,3.357142857140197,1755270.44877048,76245604153.13712,2.0114687201256678e+18,2.0114687201256678e+18,2.0111936207698068e+18,4.971491676676555e-19,0.10569004080872565,-13.392439842864457,-9.856081147779378,0.01577417264573633,5.0824250548891034e-08,64,-3229.2045079780823,76235176391.45377,76235176391.38278,5.892693649439085,1.75527044877048,76245604153.13712,2.0114687201256678e+18,2.0111936207698068e+18,2.0114687201256678e+18,0.013676541579220033,3229.2045079780823,2.3424244139706967e+18,88790624899.74777,26381438.54281344,4.684848827941393e+18,177581250000.0,0.5,0.09793950717362658,False,False,False,False,-0.14140511481410536,False,False,True,-13.256466474732292,-13.572551776935533,-13.392439842864457,-13.392439842864457,0.13597336813216465,True,0.25,4,32,-1.4973958333333334e-06,1.0416666666666667e-06,13,natural_tdl,0.015907909649163925,,,,,,,,,,,,,,,,,,,,,,,,,,,,,,,,,
conventional_s2,Conventional $S_2$,ok,optimal,0.007851659000152722,False,,conventional_s2,391.45778005832506,5871866.700874876,0.9999999993393806,3.3571428552553733,1749066.6778397225,88790624903.87152,2.342424414079487e+18,2.342424414079487e+18,2.3421494558181084e+18,4.269081187804194e-19,0.09793950717135226,-10.549081746551746,-6.234528344713156,0.02316830838179982,7.689948217355433e-06,64,-3228.3762966804384,88780202549.01537,88780202490.36543,5.871866700874876,1.7490666778397226,88790624903.87152,2.342424414079487e+18,2.3421494558181084e+18,2.342424414079487e+18,0.01173819141082559,3228.3762966804384,2.3424244139706967e+18,88790624899.74777,26381438.54281344,4.684848827941393e+18,177581250000.0,0.5,0.09793950717362658,True,False,True,True,-0.00011738186767025716,True,False,True,-13.256466474732292,-11.014271767951113,-10.541479635945466,-10.541479635945466,-2.7149868387868263,False,0.25,4,32,-1.3997395833333333e-06,1.0416666666666667e-06,13,natural_tdl,,known_amplitude_linear,88790624899.74777,,,,,,,,,,,,,,,,,,,,,,,,,,,,,,,
conventional_s2_psl,Conventional $S_2$+PSL,ok,optimal,0.4898703720027697,False,,conventional_s2,390.2051340787329,5853077.011180993,0.9999999994804076,3.357142855658308,1743469.7487823328,88790624865.65457,2.342424413071269e+18,2.342424413071269e+18,2.3421455367871365e+18,4.269081189641677e-19,0.09793950719242965,-13.023351327297055,-5.412460085791721,0.03377721764968427,1.9222571475070103e-05,64,-3251.296338797791,88780053983.90683,88780053937.77739,5.853077011180993,1.7434697487823327,88790624865.65457,2.342424413071269e+18,2.3421455367871365e+18,2.342424413071269e+18,0.011905454988265916,3251.296338797791,2.3424244139706967e+18,88790624899.74777,26381438.54281344,4.684848827941393e+18,177581250000.0,0.5,0.09793950717362658,True,False,True,True,-0.0001190549338099926,True,False,True,-13.256466474732292,-13.256466470651349,-13.023351327297055,-13.023351327297055,-0.2331151474352371,True,0.25,4,32,-1.3671875e-06,1.0416666666666667e-06,13,natural_tdl,,known_amplitude_linear,88790624899.74777,-13.256466474732292,0.2173585239870126,249.0,1.0416666666666667e-06,,,,,,,,,,,,,,,,,,,,,,,,,,,
exact_efim,Exact EFIM,ok,optimal,0.009793244000320556,False,,exact_efim,391.45629899119666,5871844.48486795,0.9999999993143509,3.35714285518386,1749060.0603429992,88795198175.18912,2.3425450635556915e+18,2.3425450635556915e+18,2.342424411341129e+18,4.268861314804867e-19,0.09793698502085581,-10.548213017601526,-6.233963024772512,0.023007931636767016,7.67562326667439e-06,64,-2138.5450940733285,88790624860.95207,88790624800.07286,5.87184448486795,1.749060060342999,88795198175.18912,2.3425450635556915e+18,2.342424411341129e+18,2.3425450635556915e+18,0.00515047571290556,2138.5450940733285,2.3424244139706967e+18,88790624899.74777,26381438.54281344,4.684848827941393e+18,177581250000.0,0.5,0.09793950717362658,True,True,True,True,-1.1225837095603699e-09,False,False,True,-13.256466474732292,-11.013103398604185,-10.54052443896069,-10.54052443896069,-2.7159420357716026,False,0.25,4,32,-1.3997395833333333e-06,1.0416666666666667e-06,13,natural_tdl,,unknown_amplitude_exact,,,,,,2.3424244139706967e+18,88790624899.74777,quad_over_lin,1e-12,,,,,,,,,,,,,,,,,,,,,,,
exact_efim_sampled_psl,Exact EFIM+sampled PSL,ok,optimal,0.4813264389995311,False,,exact_efim,390.20279952973704,5853041.992946056,0.9999999998578859,3.357142856736817,1743459.3172586292,88792543504.46239,2.3424750295230633e+18,2.3424750295230633e+18,2.342424412417618e+18,4.268988942877243e-19,0.09793844904302312,-13.023515268934782,-5.412133467095358,0.03336563275165403,1.9204424525012563e-05,64,-1385.1583248944821,88790624853.49603,88790624840.87764,5.853041992946055,1.7434593172586292,88792543504.46239,2.3424750295230633e+18,2.342424412417618e+18,2.3424750295230633e+18,0.002160838634667616,1385.1583248944821,2.3424244139706967e+18,88790624899.74777,26381438.54281344,4.684848827941393e+18,177581250000.0,0.5,0.09793950717362658,True,True,True,True,-6.630219420260144e-10,False,False,True,-13.256466474732292,-13.256466473409754,-13.023515268934782,-13.023515268934782,-0.2329512057975105,True,0.25,4,32,-1.3671875e-06,1.0416666666666667e-06,13,natural_tdl,,unknown_amplitude_exact,,-13.256466474732292,0.2173585239870126,249.0,1.0416666666666667e-06,2.3424244139706967e+18,88790624899.74777,quad_over_lin,1e-12,,,,,,,,,,,,,,,,,,,,,,,
exact_efim_cutting_plane_psl,Exact EFIM+cutting-plane PSL,ok,optimal,0.49431329800063395,False,,exact_efim,390.20279952973704,5853041.992946056,0.9999999998578859,3.357142856736817,1743459.3172586292,88792543504.46239,2.3424750295230633e+18,2.3424750295230633e+18,2.342424412417618e+18,4.268988942877243e-19,0.09793844904302312,-13.023515268934782,-5.412133467095358,0.03336563275165403,1.9204424525012563e-05,64,-1385.1583248944821,88790624853.49603,88790624840.87764,5.853041992946055,1.7434593172586292,88792543504.46239,2.3424750295230633e+18,2.342424412417618e+18,2.3424750295230633e+18,0.002160838634667616,1385.1583248944821,2.3424244139706967e+18,88790624899.74777,26381438.54281344,4.684848827941393e+18,177581250000.0,0.5,0.09793950717362658,True,True,True,True,-6.630219420260144e-10,False,False,True,-13.256466474732292,-13.256466473409754,-13.023515268934782,-13.023515268934782,-0.2329512057975105,True,0.25,4,32,-1.3671875e-06,1.0416666666666667e-06,13,natural_tdl,,unknown_amplitude_exact,,-13.256466474732292,0.2173585239870126,249.0,1.0416666666666667e-06,2.3424244139706967e+18,88790624899.74777,quad_over_lin,1e-12,-5.414984144093598,-0.2329512057975105,249.0,1985.0,1.0,249.0,True,1.0,dense_psl_satisfied,False,0.49431329800063395,0.0,249.0,-13.023515268934782,-13.256466473409754,,0.0,,,,,,
exact_efim_cutting_plane_psl_ee,Exact EFIM+cutting-plane PSL+EE,ok,optimal,1.624141698997846,False,,exact_efim,375.5368038533715,5633052.057800572,0.9198009699644957,3.1280027713271306,1800846.2490621817,88790910221.6607,2.3424319411732076e+18,2.3424319411732076e+18,2.3424244112255836e+18,4.269067469679182e-19,0.09793934981343105,-13.04236819421747,-0.6905637817272497,0.06249999981626229,0.0001011325103619227,64,-557.0572225023338,96532432227.28975,88790624795.69305,5.6330520578005725,1.8008462490621817,88790910221.6607,2.3424319411732076e+18,2.3424244112255836e+18,2.3424319411732076e+18,0.0003214585444973323,557.0572225023338,2.3424244139706967e+18,88790624899.74777,26381438.54281344,4.684848827941393e+18,177581250000.0,0.5,0.09793950717362658,True,True,True,True,-1.1719110642920155e-09,False,False,True,-13.256466474732292,-13.25646646126242,-13.04236819421747,-13.04236819421747,-0.21409828051482194,True,0.25,4,32,-2.2786458333333335e-06,1.0416666666666667e-06,13,natural_tdl,,unknown_amplitude_exact,,-13.256466474732292,0.2173585239870126,251.0,1.0416666666666667e-06,2.3424244139706967e+18,88790624899.74777,quad_over_lin,1e-12,-0.6941767646453118,-0.21409828051482194,249.0,1985.0,2.0,251.0,True,2.0,dense_psl_satisfied,False,1.624141698997846,2.0,251.0,-13.001584917758535,-13.256466460590456,-3.2877604166666667e-06,1.0,4.0,True,1800846.2486905714,0.001162397675216198,0.7558282569989387,
uniform,Uniform,ok,ok,1.4157998521113768e-05,False,,none,344.5521183172437,5168281.774758656,1.0,3.357142857142857,1539488.1882259825,76781250000.0,2.0255998281153943e+18,2.0255998281153943e+18,2.0255998281153943e+18,4.936809265680052e-19,0.10532073506634214,-13.256466474732292,-9.684463547443015,0.015625,0.0,64,0.0,76781250000.0,76781250000.0,5.168281774758656,1.5394881882259825,76781250000.0,2.0255998281153943e+18,2.0255998281153943e+18,2.0255998281153943e+18,0.0,0.0,2.3424244139706967e+18,88790624899.74777,26381438.54281344,4.684848827941393e+18,177581250000.0,0.5,0.09793950717362658,False,False,False,False,-0.13525498793715435,False,False,True,-13.256466474732292,-13.456972739469613,-13.256466474732292,-13.256466474732292,0.0,True,0.25,4,32,-1.4973958333333334e-06,1.0416666666666667e-06,14,natural_tdl,,,,,,,,,,,,,,,,,,,,,,,,,,,,,,,,,,
water_filling,Water-filling,ok,ok,0.00021394999930635095,False,,none,344.552744058636,5168291.16087954,0.9999999999996227,3.3571428571417794,1539490.9840922721,76685162818.65761,2.0230649100460575e+18,2.0230649100460575e+18,2.0230401179789368e+18,4.9429951309730035e-19,0.10538669831189396,-13.279566604192745,-9.715338885840897,0.015686627272717857,3.48237830172502e-09,64,-969.4091907338853,76684223064.50746,76684223064.47853,5.16829116087954,1.5394909840922721,76685162818.65761,2.023064910046058e+18,2.0230401179789368e+18,2.0230649100460575e+18,0.0012254706706407942,969.4091907338853,2.3424244139706967e+18,88790624899.74777,26381438.54281344,4.684848827941393e+18,177581250000.0,0.5,0.09793950717362658,False,False,False,False,-0.13634774897618332,False,False,True,-13.256466474732292,-13.476436196589303,-13.279566604192745,-13.279566604192745,0.02310012946045248,True,0.25,4,32,-1.4973958333333334e-06,1.0416666666666667e-06,14,natural_tdl,0.01601275713460476,,,,,,,,,,,,,,,,,,,,,,,,,,,,,,,,,
conventional_s2,Conventional $S_2$,ok,optimal,0.007943557000544388,False,,conventional_s2,343.2734707436582,5149102.061154873,0.9999999985044157,3.3571428528697593,1533775.083998379,88790624881.10408,2.3424244134788485e+18,2.3424244134788485e+18,2.342399521863152e+18,4.269081188898861e-19,0.09793950718390895,-10.530583894221156,-6.236459341708612,0.022730158791502177,7.63576386057237e-06,64,-971.3534953497325,88789681486.28502,88789681353.49257,5.149102061154873,1.533775083998379,88790624881.10408,2.342424413478849e+18,2.342399521863152e+18,2.3424244134788485e+18,0.0010626432833073256,971.3534953497325,2.3424244139706967e+18,88790624899.74777,26381438.54281344,4.684848827941393e+18,177581250000.0,0.5,0.09793950717362658,True,False,True,True,-1.0626642804828364e-05,True,False,True,-13.256466474732292,-10.998094520342619,-10.523712089764954,-10.523712089764954,-2.732754384967338,False,0.25,4,32,-1.3997395833333333e-06,1.0416666666666667e-06,14,natural_tdl,,known_amplitude_linear,88790624899.74777,,,,,,,,,,,,,,,,,,,,,,,,,,,,,,,
conventional_s2_psl,Conventional $S_2$+PSL,ok,optimal,0.46150507899801596,False,,conventional_s2,342.0130248285045,5130195.372427568,0.9999999994415029,3.3571428555471514,1528143.303151585,88790624858.8462,2.3424244128916547e+18,2.3424244128916547e+18,2.342398554750181e+18,4.269081189969025e-19,0.09793950719618459,-13.02344721485662,-5.414626099882025,0.03340677680821845,1.9170643909643278e-05,64,-990.0324214971727,88789644744.2399,88789644694.65114,5.1301953724275675,1.528143303151585,88790624858.8462,2.342424412891654e+18,2.342398554750181e+18,2.3424244128916547e+18,0.0011039050537332334,990.0324214971727,2.3424244139706967e+18,88790624899.74777,26381438.54281344,4.684848827941393e+18,177581250000.0,0.5,0.09793950717362658,True,False,True,True,-1.1039511184057994e-05,True,False,True,-13.256466474732292,-13.256466460777315,-13.02344721485662,-13.02344721485662,-0.23301925987567174,True,0.25,4,32,-1.3671875e-06,1.0416666666666667e-06,14,natural_tdl,,known_amplitude_linear,88790624899.74777,-13.256466474732292,0.2173585239870126,249.0,1.0416666666666667e-06,,,,,,,,,,,,,,,,,,,,,,,,,,,
exact_efim,Exact EFIM,ok,optimal,0.00926729200000409,False,,exact_efim,343.273341282802,5149100.11924203,0.9999999986680083,3.3571428533371668,1533774.505342711,88791048613.19754,2.3424355921410314e+18,2.3424355921410314e+18,2.342424411676743e+18,4.269060815823673e-19,0.09793927348826861,-10.530452643507285,-6.236378054232149,0.02268327379019067,7.634664044872622e-06,64,-650.9995419633316,88790624931.06284,88790624812.79446,5.14910011924203,1.533774505342711,88791048613.19754,2.3424355921410314e+18,2.342424411676743e+18,2.3424355921410314e+18,0.000477300819957096,650.9995419633316,2.3424244139706967e+18,88790624899.74777,26381438.54281344,4.684848827941393e+18,177581250000.0,0.5,0.09793950717362658,True,True,True,True,-9.793073886689336e-10,False,False,True,-13.256466474732292,-10.997957049838313,-10.523578569125434,-10.523578569125434,-2.7328879056068587,False,0.25,4,32,-1.3997395833333333e-06,1.0416666666666667e-06,14,natural_tdl,,unknown_amplitude_exact,,,,,,2.3424244139706967e+18,88790624899.74777,quad_over_lin,1e-12,,,,,,,,,,,,,,,,,,,,,,,
exact_efim_sampled_psl,Exact EFIM+sampled PSL,ok,optimal,0.5192097440012731,False,,exact_efim,342.01280821499137,5130192.12322487,0.9999999994431565,3.357142855551876,1528142.3353018218,88790805228.84148,2.3424291713116e+18,2.3424291713116e+18,2.3424244099316895e+18,4.2690725177404975e-19,0.09793940771878162,-13.023451100775496,-5.41455180764012,0.033301683599267655,1.9169458675959612e-05,64,-424.8319598884917,88790624796.0899,88790624746.64743,5.13019212322487,1.5281423353018218,88790805228.84148,2.3424291713115996e+18,2.3424244099316895e+18,2.3424291713116e+18,0.00020326676123103235,424.8319598884917,2.3424244139706967e+18,88790624899.74777,26381438.54281344,4.684848827941393e+18,177581250000.0,0.5,0.09793950717362658,True,True,True,True,-1.7242849792337109e-09,False,False,True,-13.256466474732292,-13.256466467314427,-13.023451100775496,-13.023451100775496,-0.23301537395679617,True,0.25,4,32,-1.3671875e-06,1.0416666666666667e-06,14,natural_tdl,,unknown_amplitude_exact,,-13.256466474732292,0.2173585239870126,249.0,1.0416666666666667e-06,2.3424244139706967e+18,88790624899.74777,quad_over_lin,1e-12,,,,,,,,,,,,,,,,,,,,,,,
exact_efim_cutting_plane_psl,Exact EFIM+cutting-plane PSL,ok,optimal,0.5260086250018503,False,,exact_efim,342.01280821499137,5130192.12322487,0.9999999994431565,3.357142855551876,1528142.3353018218,88790805228.84148,2.3424291713116e+18,2.3424291713116e+18,2.3424244099316895e+18,4.2690725177404975e-19,0.09793940771878162,-13.023451100775496,-5.41455180764012,0.033301683599267655,1.9169458675959612e-05,64,-424.8319598884917,88790624796.0899,88790624746.64743,5.13019212322487,1.5281423353018218,88790805228.84148,2.3424291713115996e+18,2.3424244099316895e+18,2.3424291713116e+18,0.00020326676123103235,424.8319598884917,2.3424244139706967e+18,88790624899.74777,26381438.54281344,4.684848827941393e+18,177581250000.0,0.5,0.09793950717362658,True,True,True,True,-1.7242849792337109e-09,False,False,True,-13.256466474732292,-13.256466467314427,-13.023451100775496,-13.023451100775496,-0.23301537395679617,True,0.25,4,32,-1.3671875e-06,1.0416666666666667e-06,14,natural_tdl,,unknown_amplitude_exact,,-13.256466474732292,0.2173585239870126,249.0,1.0416666666666667e-06,2.3424244139706967e+18,88790624899.74777,quad_over_lin,1e-12,-5.4173991597552265,-0.23301537395679617,249.0,1985.0,1.0,249.0,True,1.0,dense_psl_satisfied,False,0.5260086250018503,0.0,249.0,-13.023451100775496,-13.256466467314427,,0.0,,,,,,
exact_efim_cutting_plane_psl_ee,Exact EFIM+cutting-plane PSL+EE,ok,optimal,0.8297280389997468,False,,exact_efim,327.7638722821349,4916458.084232024,0.920248654089791,3.129281868827974,1571113.8498601948,88790666394.9388,2.3424255086735283e+18,2.3424255086735283e+18,2.342424410965911e+18,4.2690791929015547e-19,0.09793948428823109,-13.029188023812077,-0.7919891218400998,0.06249999965446996,9.802747654059254e-05,64,-212.6383075119743,96485470955.31697,88790624785.85005,4.916458084232024,1.5711138498601949,88790666394.9388,2.3424255086735283e+18,2.342424410965911e+18,2.3424255086735283e+18,4.686200748819591e-05,212.6383075119743,2.3424244139706967e+18,88790624899.74777,26381438.54281344,4.684848827941393e+18,177581250000.0,0.5,0.09793950717362658,True,True,True,True,-1.2827673952161896e-09,False,False,True,-13.256466474732292,-13.256466458424931,-13.029188023812077,-13.029188023812077,-0.22727845092021504,True,0.25,4,32,-3.3203125000000002e-06,1.0416666666666667e-06,14,natural_tdl,,unknown_amplitude_exact,,-13.256466474732292,0.2173585239870126,249.0,1.0416666666666667e-06,2.3424244139706967e+18,88790624899.74777,quad_over_lin,1e-12,-0.7956340926368919,-0.22727845092021504,249.0,1985.0,1.0,249.0,True,1.0,dense_psl_satisfied,False,0.8297280389997468,0.0,249.0,-13.029188023812077,-13.256466458424931,,0.0,4.0,True,1571113.8498744832,-4.471186548471451e-05,0.7825585930004308,
uniform,Uniform,ok,ok,1.4293000276666135e-05,False,,none,299.69116345220186,4495367.4517830275,1.0,3.357142857142857,1339045.6239353698,76781250000.0,2.0255998281153943e+18,2.0255998281153943e+18,2.0255998281153943e+18,4.936809265680052e-19,0.10532073506634214,-13.256466474732292,-9.684463547443015,0.015625,0.0,64,0.0,76781250000.0,76781250000.0,4.495367451783028,1.3390456239353699,76781250000.0,2.0255998281153943e+18,2.0255998281153943e+18,2.0255998281153943e+18,0.0,0.0,2.3424244139706967e+18,88790624899.74777,26381438.54281344,4.684848827941393e+18,177581250000.0,0.5,0.09793950717362658,False,False,False,False,-0.13525498793715435,False,False,True,-13.256466474732292,-13.456972739469613,-13.256466474732292,-13.256466474732292,0.0,True,0.25,4,32,-1.4973958333333334e-06,1.0416666666666667e-06,15,natural_tdl,,,,,,,,,,,,,,,,,,,,,,,,,,,,,,,,,,
water_filling,Water-filling,ok,ok,0.00018833399735740386,False,,none,301.514790891405,4522721.863371075,0.9999999999995485,3.357142857141567,1347193.7465365827,68656092902.27947,1.811246495491176e+18,1.811246495491176e+18,1.779260418574667e+18,5.521059681768046e-19,0.11137864450943993,-13.696943233630105,-10.576852534706127,0.017037607238854943,1.1885074538154786e-05,62,34820.1992526055,67443646626.31932,67443646626.28887,4.522721863371075,1.3471937465365826,68656092902.27947,1.811246495491176e+18,1.779260418574667e+18,1.811246495491176e+18,1.7659703964166902,34820.1992526055,2.3424244139706967e+18,88790624899.74777,26381438.54281344,4.684848827941393e+18,177581250000.0,0.5,0.09793950717362658,False,False,False,False,-0.24041928185054973,False,False,True,-13.256466474732292,-13.696943233630105,-13.67380720231089,-13.67380720231089,0.41734072757859764,True,0.25,4,32,-1.5950520833333334e-06,1.0416666666666667e-06,15,natural_tdl,0.017257870286387776,,,,,,,,,,,,,,,,,,,,,,,,,,,,,,,,,
conventional_s2,Conventional $S_2$,ok,optimal,0.008246050001616823,False,,conventional_s2,298.2618156935855,4473927.235403783,0.9999999984835505,3.3571428528101444,1332659.178223178,88790624800.70953,2.3424244113579254e+18,2.3424244113579254e+18,2.2922973629974157e+18,4.269081192764255e-19,0.0979395072282481,-9.740707475432487,-5.281020665030489,0.03273896560457235,2.253673589218568e-05,64,43589.996087036605,86890537176.48816,86890537044.72305,4.4739272354037825,1.332659178223178,88790624800.70953,2.3424244113579254e+18,2.2922973629974157e+18,2.3424244113579254e+18,2.139964394046362,43589.996087036605,2.3424244139706967e+18,88790624899.74777,26381438.54281344,4.684848827941393e+18,177581250000.0,0.5,0.09793950717362658,True,False,False,False,-0.021399645032007468,True,True,True,-13.256466474732292,-10.263811366424703,-9.740707475432487,-9.740707475432487,-3.5157589992998055,False,0.25,4,32,-1.4322916666666667e-06,1.0416666666666667e-06,15,natural_tdl,,known_amplitude_linear,88790624899.74777,,,,,,,,,,,,,,,,,,,,,,,,,,,,,,,
conventional_s2_psl,Conventional $S_2$+PSL,ok,optimal,0.513320901998668,False,,conventional_s2,296.4406828088629,4446610.242132943,0.9999999994730041,3.357142855637155,1324522.2003783383,88790624850.56316,2.3424244126731356e+18,2.3424244126731356e+18,2.2980355256771505e+18,4.269081190367277e-19,0.09793950720075285,-12.9756741868461,-4.90603925151022,0.04792475086214365,2.9911579179167735e-05,64,41019.26661151182,87108044664.00916,87108044618.10358,4.446610242132943,1.3245222003783383,88790624850.56316,2.3424244126731356e+18,2.2980355256771505e+18,2.3424244126731356e+18,1.8949976253589884,41019.26661151182,2.3424244139706967e+18,88790624899.74777,26381438.54281344,4.684848827941393e+18,177581250000.0,0.5,0.09793950717362658,True,False,False,True,-0.01894997679703211,True,True,True,-13.256466474732292,-13.25646645885004,-12.9756741868461,-12.9756741868461,-0.28079228788619304,False,0.25,4,32,-1.3671875e-06,1.0416666666666667e-06,15,natural_tdl,,known_amplitude_linear,88790624899.74777,-13.256466474732292,0.2173585239870126,249.0,1.0416666666666667e-06,,,,,,,,,,,,,,,,,,,,,,,,,,,
exact_efim,Exact EFIM,ok,optimal,0.00937975200213259,False,,exact_efim,297.97115243562416,4469567.2865343625,0.9999999984260699,3.3571428526459144,1331360.4701127617,89239572547.4186,2.354268298746665e+18,2.354268298746665e+18,2.342424403125298e+18,4.2476042366639655e-19,0.09769283884868668,-9.714913503386033,-5.46159672751439,0.028885357139457644,1.6565435824379947e-05,64,21188.39445255373,88790624628.39842,88790624488.6482,4.469567286534362,1.3313604701127617,89239572547.4186,2.354268298746665e+18,2.342424403125298e+18,2.354268298746665e+18,0.5030818121992334,21188.39445255373,2.3424244139706967e+18,88790624899.74777,26381438.54281344,4.684848827941393e+18,177581250000.0,0.5,0.09793950717362658,True,True,True,True,-4.629988683227443e-09,False,False,True,-13.256466474732292,-10.257757440330819,-9.714913503386033,-9.714913503386033,-3.5415529713462597,False,0.25,4,32,-1.4322916666666667e-06,1.0416666666666667e-06,15,natural_tdl,,unknown_amplitude_exact,,,,,,2.3424244139706967e+18,88790624899.74777,quad_over_lin,1e-12,,,,,,,,,,,,,,,,,,,,,,,
exact_efim_sampled_psl,Exact EFIM+sampled PSL,ok,optimal,0.48535615500077256,False,,exact_efim,296.1426503279813,4442139.75491972,0.9999999995687092,3.357142855910598,1323190.5657809207,88945606234.43301,2.346513044526979e+18,2.346513044526979e+18,2.3424244099555645e+18,4.2616426204508256e-19,0.09785414369171755,-13.024471762311281,-5.257281109186582,0.0382802951823646,2.1405832249747344e-05,64,12449.156073704198,88790624785.84698,88790624747.55241,4.44213975491972,1.3231905657809206,88945606234.43301,2.3465130445269786e+18,2.3424244099555645e+18,2.346513044526979e+18,0.17424299348988848,12449.156073704198,2.3424244139706967e+18,88790624899.74777,26381438.54281344,4.684848827941393e+18,177581250000.0,0.5,0.09793950717362658,True,True,True,True,-1.7140925171599704e-09,False,False,True,-13.256466474732292,-13.256466465523772,-13.024471762311281,-13.024471762311281,-0.23199471242101133,True,0.25,4,32,-1.3671875e-06,1.0416666666666667e-06,15,natural_tdl,,unknown_amplitude_exact,,-13.256466474732292,0.2173585239870126,249.0,1.0416666666666667e-06,2.3424244139706967e+18,88790624899.74777,quad_over_lin,1e-12,,,,,,,,,,,,,,,,,,,,,,,
exact_efim_cutting_plane_psl,Exact EFIM+cutting-plane PSL,ok,optimal,0.4640445170007297,False,,exact_efim,296.1426503279813,4442139.75491972,0.9999999995687092,3.357142855910598,1323190.5657809207,88945606234.43301,2.346513044526979e+18,2.346513044526979e+18,2.3424244099555645e+18,4.2616426204508256e-19,0.09785414369171755,-13.024471762311281,-5.257281109186582,0.0382802951823646,2.1405832249747344e-05,64,12449.156073704198,88790624785.84698,88790624747.55241,4.44213975491972,1.3231905657809206,88945606234.43301,2.3465130445269786e+18,2.3424244099555645e+18,2.346513044526979e+18,0.17424299348988848,12449.156073704198,2.3424244139706967e+18,88790624899.74777,26381438.54281344,4.684848827941393e+18,177581250000.0,0.5,0.09793950717362658,True,True,True,True,-1.7140925171599704e-09,False,False,True,-13.256466474732292,-13.256466465523772,-13.024471762311281,-13.024471762311281,-0.23199471242101133,True,0.25,4,32,-1.3671875e-06,1.0416666666666667e-06,15,natural_tdl,,unknown_amplitude_exact,,-13.256466474732292,0.2173585239870126,249.0,1.0416666666666667e-06,2.3424244139706967e+18,88790624899.74777,quad_over_lin,1e-12,-5.260181423972675,-0.23199471242101133,249.0,1985.0,1.0,249.0,True,1.0,dense_psl_satisfied,False,0.4640445170007297,0.0,249.0,-13.024471762311281,-13.256466465523772,,0.0,,,,,,
exact_efim_cutting_plane_psl_ee,Exact EFIM+cutting-plane PSL+EE,ok,optimal,0.835825295001996,False,,exact_efim,282.39613243653326,4235941.986547999,0.9190803598663269,3.1259438853323624,1355092.1391852233,88819529447.73074,2.343186957526917e+18,2.343186957526917e+18,2.342424410164332e+18,4.267691900502193e-19,0.09792356964527893,-13.011647077939523,-0.6136695462734304,0.06249999993504433,0.00010341695020850102,64,5607.992603902283,96608118977.08246,88790624755.46587,4.235941986547999,1.3550921391852233,88819529447.73074,2.343186957526917e+18,2.342424410164332e+18,2.343186957526917e+18,0.03254317203053689,5607.992603902283,2.3424244139706967e+18,88790624899.74777,26381438.54281344,4.684848827941393e+18,177581250000.0,0.5,0.09793950717362658,True,True,True,True,-1.6249679815912373e-09,False,False,True,-13.256466474732292,-13.256466456613694,-13.011647077939523,-13.011647077939523,-0.24481939679276898,True,0.25,4,32,-3.3203125000000002e-06,1.0416666666666667e-06,15,natural_tdl,,unknown_amplitude_exact,,-13.256466474732292,0.2173585239870126,249.0,1.0416666666666667e-06,2.3424244139706967e+18,88790624899.74777,quad_over_lin,1e-12,-0.6173097338965376,-0.24481939679276898,249.0,1985.0,1.0,249.0,True,1.0,dense_psl_satisfied,False,0.835825295001996,0.0,249.0,-13.011647077939523,-13.256466456613694,,0.0,4.0,True,1355092.1390226013,0.0005083465948700905,0.7616834269974788,
uniform,Uniform,ok,ok,1.413000063621439e-05,False,,none,302.0266995491651,4530400.493237476,1.0,3.357142857142857,1349480.997985631,76781250000.0,2.0255998281153943e+18,2.0255998281153943e+18,2.0255998281153943e+18,4.936809265680052e-19,0.10532073506634214,-13.256466474732292,-9.684463547443015,0.015625,0.0,64,0.0,76781250000.0,76781250000.0,4.530400493237476,1.349480997985631,76781250000.0,2.0255998281153943e+18,2.0255998281153943e+18,2.0255998281153943e+18,0.0,0.0,2.3424244139706967e+18,88790624899.74777,26381438.54281344,4.684848827941393e+18,177581250000.0,0.5,0.09793950717362658,False,False,False,False,-0.13525498793715435,False,False,True,-13.256466474732292,-13.456972739469613,-13.256466474732292,-13.256466474732292,0.0,True,0.25,4,32,-1.4973958333333334e-06,1.0416666666666667e-06,16,natural_tdl,,,,,,,,,,,,,,,,,,,,,,,,,,,,,,,,,,
water_filling,Water-filling,ok,ok,0.00020883400065940805,False,,none,302.05588463388,4530838.2695082,0.9999999999998709,3.3571428571424886,1349611.3994281224,76593020499.98047,2.0206340631286845e+18,2.0206340631286845e+18,2.0192717144183396e+18,4.948941613166871e-19,0.10545006998693582,-13.232267749836863,-9.72985013801251,0.016181196016201934,1.703918397929502e-07,64,7186.127291554521,76541380074.53993,76541380074.53004,4.5308382695082,1.3496113994281225,76593020499.98047,2.0206340631286845e+18,2.0192717144183396e+18,2.0206340631286845e+18,0.06742184224270392,7186.127291554521,2.3424244139706967e+18,88790624899.74777,26381438.54281344,4.684848827941393e+18,177581250000.0,0.5,0.09793950717362658,False,False,False,False,-0.13795651105111803,False,False,True,-13.256466474732292,-13.417732349928366,-13.232267749836863,-13.232267749836863,-0.02419872489542918,True,0.25,4,32,-1.4973958333333334e-06,1.0416666666666667e-06,16,natural_tdl,0.016373794828084754,,,,,,,,,,,,,,,,,,,,,,,,,,,,,,,,,
conventional_s2,Conventional $S_2$,ok,optimal,0.007579753997561056,False,,conventional_s2,300.81262196455964,4512189.329468395,0.9999999988323122,3.3571428538066064,1344056.3973475543,88790624861.72958,2.342424412967722e+18,2.342424412967722e+18,2.341062303234822e+18,4.269081189830392e-19,0.09793950719459435,-10.479889723606535,-6.235178542338362,0.023290347656911247,7.756058897723758e-06,64,7185.496988088102,88738993598.4435,88738993494.82405,4.512189329468395,1.3440563973475543,88790624861.72958,2.342424412967722e+18,2.341062303234822e+18,2.342424412967722e+18,0.058149570392076064,7185.496988088102,2.3424244139706967e+18,88790624899.74777,26381438.54281344,4.684848827941393e+18,177581250000.0,0.5,0.09793950717362658,True,False,True,True,-0.0005814961318498279,True,False,True,-13.256466474732292,-10.9536949342552,-10.475363095636165,-10.475363095636165,-2.781103379096127,False,0.25,4,32,-1.3997395833333333e-06,1.0416666666666667e-06,16,natural_tdl,,known_amplitude_linear,88790624899.74777,,,,,,,,,,,,,,,,,,,,,,,,,,,,,,,
conventional_s2_psl,Conventional $S_2$+PSL,ok,optimal,0.49080613200203516,False,,conventional_s2,299.5527424495009,4493291.136742514,0.9999999998525942,3.357142856721698,1338427.1472826991,88790624888.14432,2.3424244136645806e+18,2.3424244136645806e+18,2.3410109934495447e+18,4.2690811885603633e-19,0.09793950718002613,-13.02421822349394,-5.410489074322086,0.034340768357354376,1.935887564788697e-05,64,7319.584226292433,88737048587.98679,88737048574.90643,4.4932911367425135,1.3384271472826992,88790624888.14432,2.3424244136645806e+18,2.3410109934495447e+18,2.3424244136645806e+18,0.06034005651540721,7319.584226292433,2.3424244139706967e+18,88790624899.74777,26381438.54281344,4.684848827941393e+18,177581250000.0,0.5,0.09793950717362658,True,False,True,True,-0.0006034006957586644,True,False,True,-13.256466474732292,-13.256466467814153,-13.02421822349394,-13.02421822349394,-0.23224825123835302,True,0.25,4,32,-1.3671875e-06,1.0416666666666667e-06,16,natural_tdl,,known_amplitude_linear,88790624899.74777,-13.256466474732292,0.2173585239870126,249.0,1.0416666666666667e-06,,,,,,,,,,,,,,,,,,,,,,,,,,,
exact_efim,Exact EFIM,ok,optimal,0.009439380002731923,False,,exact_efim,300.8057618051855,4512086.427077782,0.9999999985045605,3.3571428528701728,1344025.7459464963,88813864081.97621,2.343037497028441e+18,2.343037497028441e+18,2.342424406544354e+18,4.2679641331743546e-19,0.09792669282878703,-10.475572087583839,-6.231039193172629,0.02296172124301802,7.695724870773375e-06,64,4820.732699700712,88790624751.03001,88790624618.24901,4.512086427077782,1.3440257459464962,88813864081.97621,2.343037497028441e+18,2.342424406544354e+18,2.343037497028441e+18,0.026166481964750816,4820.732699700712,2.3424244139706967e+18,88790624899.74777,26381438.54281344,4.684848827941393e+18,177581250000.0,0.5,0.09793950717362658,True,True,True,True,-3.1703660821274647e-09,False,False,True,-13.256466474732292,-10.948457176019224,-10.470751616276496,-10.470751616276496,-2.785714858455796,False,0.25,4,32,-1.3997395833333333e-06,1.0416666666666667e-06,16,natural_tdl,,unknown_amplitude_exact,,,,,,2.3424244139706967e+18,88790624899.74777,quad_over_lin,1e-12,,,,,,,,,,,,,,,,,,,,,,,
exact_efim_sampled_psl,Exact EFIM+sampled PSL,ok,optimal,0.4870804259990109,False,,exact_efim,299.5413424556224,4493120.1368343355,0.9999999996347289,3.3571428560992254,1338376.2113879893,88800317706.23077,2.342680124149235e+18,2.342680124149235e+18,2.3424244112235213e+18,4.2686152056852354e-19,0.09793416184029365,-13.024559293062117,-5.408051650069218,0.03342024683659382,1.9273351611536724e-05,64,3113.3439609904754,88790624828.04753,88790624795.61488,4.493120136834335,1.3383762113879893,88800317706.23077,2.342680124149235e+18,2.3424244112235213e+18,2.342680124149235e+18,0.010915400829926978,3113.3439609904754,2.3424244139706967e+18,88790624899.74777,26381438.54281344,4.684848827941393e+18,177581250000.0,0.5,0.09793950717362658,True,True,True,True,-1.1727914922741096e-09,False,False,True,-13.256466474732292,-13.2564664669701,-13.024559293062117,-13.024559293062117,-0.23190718167017543,True,0.25,4,32,-1.3671875e-06,1.0416666666666667e-06,16,natural_tdl,,unknown_amplitude_exact,,-13.256466474732292,0.2173585239870126,249.0,1.0416666666666667e-06,2.3424244139706967e+18,88790624899.74777,quad_over_lin,1e-12,,,,,,,,,,,,,,,,,,,,,,,
exact_efim_cutting_plane_psl,Exact EFIM+cutting-plane PSL,ok,optimal,0.4973033200003556,False,,exact_efim,299.5413424556224,4493120.1368343355,0.9999999996347289,3.3571428560992254,1338376.2113879893,88800317706.23077,2.342680124149235e+18,2.342680124149235e+18,2.3424244112235213e+18,4.2686152056852354e-19,0.09793416184029365,-13.024559293062117,-5.408051650069218,0.03342024683659382,1.9273351611536724e-05,64,3113.3439609904754,88790624828.04753,88790624795.61488,4.493120136834335,1.3383762113879893,88800317706.23077,2.342680124149235e+18,2.3424244112235213e+18,2.342680124149235e+18,0.010915400829926978,3113.3439609904754,2.3424244139706967e+18,88790624899.74777,26381438.54281344,4.684848827941393e+18,177581250000.0,0.5,0.09793950717362658,True,True,True,True,-1.1727914922741096e-09,False,False,True,-13.256466474732292,-13.2564664669701,-13.024559293062117,-13.024559293062117,-0.23190718167017543,True,0.25,4,32,-1.3671875e-06,1.0416666666666667e-06,16,natural_tdl,,unknown_amplitude_exact,,-13.256466474732292,0.2173585239870126,249.0,1.0416666666666667e-06,2.3424244139706967e+18,88790624899.74777,quad_over_lin,1e-12,-5.410934404776135,-0.23190718167017543,249.0,1985.0,1.0,249.0,True,1.0,dense_psl_satisfied,False,0.4973033200003556,0.0,249.0,-13.024559293062117,-13.2564664669701,,0.0,,,,,,
exact_efim_cutting_plane_psl_ee,Exact EFIM+cutting-plane PSL+EE,ok,optimal,0.8302785160012718,False,,exact_efim,286.3203187024317,4294804.780536476,0.9225247133000357,3.1357848951429594,1369610.7750211854,88793392250.29745,2.342497420659149e+18,2.342497420659149e+18,2.342424397574724e+18,4.268948137063958e-19,0.09793798096174336,-13.052347268754438,-0.9392984043416864,0.06249999980616683,9.42464096579301e-05,64,1732.175315367495,96247420798.76791,88790624278.25127,4.2948047805364755,1.3696107750211854,88793392250.29745,2.3424974206591493e+18,2.342424397574724e+18,2.342497420659149e+18,0.0031173176021750426,1732.175315367495,2.3424244139706967e+18,88790624899.74777,26381438.54281344,4.684848827941393e+18,177581250000.0,0.5,0.09793950717362658,True,True,True,True,-6.999573821981652e-09,False,False,True,-13.256466474732292,-13.256466466347888,-13.052347268754438,-13.052347268754438,-0.20411920597785382,True,0.25,4,32,-3.3203125000000002e-06,1.0416666666666667e-06,16,natural_tdl,,unknown_amplitude_exact,,-13.256466474732292,0.2173585239870126,249.0,1.0416666666666667e-06,2.3424244139706967e+18,88790624899.74777,quad_over_lin,1e-12,-0.9429322382290479,-0.20411920597785382,249.0,1985.0,1.0,249.0,True,1.0,dense_psl_satisfied,False,0.8302785160012718,0.0,249.0,-13.052347268754438,-13.256466466347888,,0.0,4.0,True,1369610.7709949692,0.012625348754227161,0.7830904040019959,
uniform,Uniform,ok,ok,1.4465997082879767e-05,False,,none,397.4152215706674,5961228.323560012,1.0,3.357142857142857,1775685.0325497906,76781250000.0,2.0255998281153943e+18,2.0255998281153943e+18,2.0255998281153943e+18,4.936809265680052e-19,0.10532073506634214,-13.256466474732292,-9.684463547443015,0.015625,0.0,64,0.0,76781250000.0,76781250000.0,5.961228323560012,1.7756850325497906,76781250000.0,2.0255998281153943e+18,2.0255998281153943e+18,2.0255998281153943e+18,0.0,0.0,2.3424244139706967e+18,88790624899.74777,26381438.54281344,4.684848827941393e+18,177581250000.0,0.5,0.09793950717362658,False,False,False,False,-0.13525498793715435,False,False,True,-13.256466474732292,-13.456972739469613,-13.256466474732292,-13.256466474732292,0.0,True,0.25,4,32,-1.4973958333333334e-06,1.0416666666666667e-06,17,natural_tdl,,,,,,,,,,,,,,,,,,,,,,,,,,,,,,,,,,
water_filling,Water-filling,ok,ok,0.00020223899991833605,False,,none,397.4163565554578,5961245.348331867,1.0000000000006823,3.3571428571448068,1775690.1037573973,77092506650.55232,2.0338112263129825e+18,2.0338112263129825e+18,2.0338112157332833e+18,4.916877176515842e-19,0.10510790676260368,-13.13032129539198,-9.579428132065322,0.015731187173999572,6.186550575210863e-09,64,20.025687013377116,77092506249.47159,77092506249.52419,5.961245348331866,1.7756901037573973,77092506650.55232,2.0338112263129825e+18,2.0338112157332833e+18,2.0338112263129825e+18,5.201908153088291e-07,20.025687013377116,2.3424244139706967e+18,88790624899.74777,26381438.54281344,4.684848827941393e+18,177581250000.0,0.5,0.09793950717362658,False,False,False,False,-0.13174947989646169,False,False,True,-13.256466474732292,-13.33683067441064,-13.13032129539198,-13.13032129539198,-0.12614517934031255,True,0.25,4,32,-1.4973958333333334e-06,1.0416666666666667e-06,17,natural_tdl,0.01585237292511012,,,,,,,,,,,,,,,,,,,,,,,,,,,,,,,,,
conventional_s2,Conventional $S_2$,ok,optimal,0.007624334997672122,False,,conventional_s2,396.1956890452634,5942935.335678951,0.9999999995039779,3.3571428557256513,1770236.058183582,88790624925.21959,2.34242441464268e+18,2.34242441464268e+18,2.3424244041706235e+18,4.269081186777772e-19,0.09793950715957837,-10.488414223115432,-6.237691604323356,0.022537241785728145,7.596784065129114e-06,64,19.923550709601795,88790624572.31383,88790624528.27171,5.942935335678951,1.770236058183582,88790624925.21959,2.34242441464268e+18,2.3424244041706235e+18,2.34242441464268e+18,4.470605862258927e-07,19.923550709601795,2.3424244139706967e+18,88790624899.74777,26381438.54281344,4.684848827941393e+18,177581250000.0,0.5,0.09793950717362658,True,True,True,True,-4.183730820747242e-09,False,False,True,-13.256466474732292,-10.962380228476704,-10.483614694760776,-10.483614694760776,-2.772851779971516,False,0.25,4,32,-1.3997395833333333e-06,1.0416666666666667e-06,17,natural_tdl,,known_amplitude_linear,88790624899.74777,,,,,,,,,,,,,,,,,,,,,,,,,,,,,,,
conventional_s2_psl,Conventional $S_2$+PSL,ok,optimal,0.453980195998156,False,,conventional_s2,394.8620215796534,5922930.323694801,0.9999999995562288,3.3571428558749394,1764277.1183626517,88790624873.55174,2.342424413279608e+18,2.342424413279608e+18,2.342424390444466e+18,4.269081189261978e-19,0.09793950718807419,-13.023387457763945,-5.413453857978774,0.03332523165931616,1.9184154372404038e-05,64,29.42067388177318,88790624047.37842,88790624007.9757,5.922930323694801,1.7642771183626518,88790624873.55174,2.342424413279608e+18,2.342424390444466e+18,2.342424413279608e+18,9.748507359530428e-07,29.42067388177318,2.3424244139706967e+18,88790624899.74777,26381438.54281344,4.684848827941393e+18,177581250000.0,0.5,0.09793950717362658,True,True,True,True,-1.004353881716941e-08,False,False,True,-13.256466474732292,-13.25646649403841,-13.023387457763945,-13.023387457763945,-0.23307901696834676,True,0.25,4,32,-1.3671875e-06,1.0416666666666667e-06,17,natural_tdl,,known_amplitude_linear,88790624899.74777,-13.256466474732292,0.2173585239870126,249.0,1.0416666666666667e-06,,,,,,,,,,,,,,,,,,,,,,,,,,,
exact_efim,Exact EFIM,ok,optimal_inaccurate,0.009574141000484815,True,,exact_efim,396.1956887863636,5942935.331795454,0.9999999988007682,3.3571428537164807,1770236.0580862402,88790624797.92384,2.342424411284435e+18,2.342424411284435e+18,2.3424244043003136e+18,4.2690811928981917e-19,0.09793950722978445,-10.488432045544707,-6.237691623264567,0.022537967113118475,7.596787634077078e-06,64,16.270715861946943,88790624639.6682,88790624533.18765,5.942935331795454,1.7702360580862402,88790624797.92384,2.342424411284435e+18,2.3424244043003136e+18,2.342424411284435e+18,2.9815781078589243e-07,16.270715861946943,2.3424244139706967e+18,88790624899.74777,26381438.54281344,4.684848827941393e+18,177581250000.0,0.5,0.09793950717362658,True,True,True,True,-4.128365059006329e-09,False,False,True,-13.256466474732292,-10.962393041024201,-10.483630941413288,-10.483630941413288,-2.772835533319004,False,0.25,4,32,-1.3997395833333333e-06,1.0416666666666667e-06,17,natural_tdl,,unknown_amplitude_exact,,,,,,2.3424244139706967e+18,88790624899.74777,quad_over_lin,1e-12,,,,,,,,,,,,,,,,,,,,,,,
exact_efim_sampled_psl,Exact EFIM+sampled PSL,ok,optimal,0.5077157790001365,False,,exact_efim,394.86202141428936,5922930.321214341,0.9999999995733861,3.3571428559239607,1764277.117598029,88790624962.31882,2.342424415621411e+18,2.342424415621411e+18,2.3424244111788124e+18,4.2690811849940298e-19,0.09793950713911743,-13.02338768563375,-5.413466778413789,0.03331992730759113,1.918397471331113e-05,64,12.976849952742677,88790624831.7995,88790624793.92018,5.9229303212143405,1.7642771175980292,88790624962.31882,2.342424415621411e+18,2.3424244111788124e+18,2.342424415621411e+18,1.896581324192458e-07,12.976849952742677,2.3424244139706967e+18,88790624899.74777,26381438.54281344,4.684848827941393e+18,177581250000.0,0.5,0.09793950717362658,True,True,True,True,-1.1918780692980455e-09,False,False,True,-13.256466474732292,-13.256466471676479,-13.02338768563375,-13.02338768563375,-0.23307878909854196,True,0.25,4,32,-1.3671875e-06,1.0416666666666667e-06,17,natural_tdl,,unknown_amplitude_exact,,-13.256466474732292,0.2173585239870126,249.0,1.0416666666666667e-06,2.3424244139706967e+18,88790624899.74777,quad_over_lin,1e-12,,,,,,,,,,,,,,,,,,,,,,,
exact_efim_cutting_plane_psl,Exact EFIM+cutting-plane PSL,ok,optimal,0.5101212509980542,False,,exact_efim,394.86202141428936,5922930.321214341,0.9999999995733861,3.3571428559239607,1764277.117598029,88790624962.31882,2.342424415621411e+18,2.342424415621411e+18,2.3424244111788124e+18,4.2690811849940298e-19,0.09793950713911743,-13.02338768563375,-5.413466778413789,0.03331992730759113,1.918397471331113e-05,64,12.976849952742677,88790624831.7995,88790624793.92018,5.9229303212143405,1.7642771175980292,88790624962.31882,2.342424415621411e+18,2.3424244111788124e+18,2.342424415621411e+18,1.896581324192458e-07,12.976849952742677,2.3424244139706967e+18,88790624899.74777,26381438.54281344,4.684848827941393e+18,177581250000.0,0.5,0.09793950717362658,True,True,True,True,-1.1918780692980455e-09,False,False,True,-13.256466474732292,-13.256466471676479,-13.02338768563375,-13.02338768563375,-0.23307878909854196,True,0.25,4,32,-1.3671875e-06,1.0416666666666667e-06,17,natural_tdl,,unknown_amplitude_exact,,-13.256466474732292,0.2173585239870126,249.0,1.0416666666666667e-06,2.3424244139706967e+18,88790624899.74777,quad_over_lin,1e-12,-5.416312595375464,-0.23307878909854196,249.0,1985.0,1.0,249.0,True,1.0,dense_psl_satisfied,False,0.5101212509980542,0.0,249.0,-13.02338768563375,-13.256466471676479,,0.0,,,,,,
exact_efim_cutting_plane_psl_ee,Exact EFIM+cutting-plane PSL+EE,ok,optimal,1.704281913000159,False,,exact_efim,380.1051498175236,5701577.247262854,0.9200546460917796,3.1287275602622273,1822331.0075566277,88790624785.21933,2.3424244109492716e+18,2.3424244109492716e+18,2.342424410596205e+18,4.2690811935090287e-19,0.09793950723679125,-13.044223824625432,-0.7111832543304208,0.062499999812565835,0.00010055825936732048,64,3.8139251007651858,96505816419.7118,88790624771.8362,5.701577247262854,1.8223310075566277,88790624785.21933,2.3424244109492716e+18,2.342424410596205e+18,2.3424244109492716e+18,1.5072695381317306e-08,3.8139251007651858,2.3424244139706967e+18,88790624899.74777,26381438.54281344,4.684848827941393e+18,177581250000.0,0.5,0.09793950717362658,True,True,True,True,-1.4405978813548237e-09,False,False,True,-13.256466474732292,-13.25646646008529,-13.044223824625432,-13.044223824625432,-0.2122426501068606,True,0.25,4,32,-2.2786458333333335e-06,1.0416666666666667e-06,17,natural_tdl,,unknown_amplitude_exact,,-13.256466474732292,0.2173585239870126,251.0,1.0416666666666667e-06,2.3424244139706967e+18,88790624899.74777,quad_over_lin,1e-12,-0.7147954586354498,-0.2122426501068606,249.0,1985.0,2.0,251.0,True,2.0,dense_psl_satisfied,False,1.704281913000159,2.0,251.0,-13.00471398318042,-13.256466461406568,-3.2877604166666667e-06,1.0,4.0,True,1822331.0075596934,-9.591691195964813e-06,0.8212732209976821,
uniform,Uniform,ok,ok,1.4327000826597214e-05,False,,none,357.500332668267,5362504.990024005,1.0,3.357142857142857,1597341.9119220441,76781250000.0,2.0255998281153943e+18,2.0255998281153943e+18,2.0255998281153943e+18,4.936809265680052e-19,0.10532073506634214,-13.256466474732292,-9.684463547443015,0.015625,0.0,64,0.0,76781250000.0,76781250000.0,5.362504990024005,1.5973419119220442,76781250000.0,2.0255998281153943e+18,2.0255998281153943e+18,2.0255998281153943e+18,0.0,0.0,2.3424244139706967e+18,88790624899.74777,26381438.54281344,4.684848827941393e+18,177581250000.0,0.5,0.09793950717362658,False,False,False,False,-0.13525498793715435,False,False,True,-13.256466474732292,-13.456972739469613,-13.256466474732292,-13.256466474732292,0.0,True,0.25,4,32,-1.4973958333333334e-06,1.0416666666666667e-06,18,natural_tdl,,,,,,,,,,,,,,,,,,,,,,,,,,,,,,,,,,
water_filling,Water-filling,ok,ok,0.00020059800226590596,False,,none,357.5024667437525,5362537.001156287,1.0000000000004192,3.357142857144055,1597351.4471523666,76488079858.14716,2.0178655780355156e+18,2.0178655780355156e+18,2.0178200379880497e+18,4.955731496116534e-19,0.10552238324834087,-13.347260206998751,-9.780452777780344,0.01571146098164355,1.188391321304991e-08,64,1313.8551956044626,76486353642.64008,76486353642.67213,5.362537001156287,1.5973514471523667,76488079858.14716,2.0178655780355156e+18,2.0178200379880497e+18,2.0178655780355156e+18,0.0022568424756181883,1313.8551956044626,2.3424244139706967e+18,88790624899.74777,26381438.54281344,4.684848827941393e+18,177581250000.0,0.5,0.09793950717362658,False,False,False,False,-0.13857624350507977,False,False,True,-13.256466474732292,-13.538535547878185,-13.347260206998751,-13.347260206998751,0.0907937322664587,True,0.25,4,32,-1.4973958333333334e-06,1.0416666666666667e-06,18,natural_tdl,0.015970721942240793,,,,,,,,,,,,,,,,,,,,,,,,,,,,,,,,,
conventional_s2,Conventional $S_2$,ok,optimal,0.008076228001300478,False,,conventional_s2,356.17573674810683,5342636.051221603,0.9999999988786942,3.3571428539391266,1591423.5061379005,88790624864.33922,2.3424244130365676e+18,2.3424244130365676e+18,2.342379074676077e+18,4.2690811897049204e-19,0.0979395071931551,-10.550134965063469,-6.2353439143429,0.022928160673269478,7.659973810218914e-06,64,1310.9425783304273,88788906393.45699,88788906293.89746,5.342636051221603,1.5914235061379005,88790624864.33922,2.342424413036568e+18,2.342379074676077e+18,2.3424244130365676e+18,0.0019355314194203722,1310.9425783304273,2.3424244139706967e+18,88790624899.74777,26381438.54281344,4.684848827941393e+18,177581250000.0,0.5,0.09793950717362658,True,False,True,True,-1.9355712973804067e-05,True,False,True,-13.256466474732292,-11.01493283857669,-10.542378502561698,-10.542378502561698,-2.714087972170594,False,0.25,4,32,-1.3997395833333333e-06,1.0416666666666667e-06,18,natural_tdl,,known_amplitude_linear,88790624899.74777,,,,,,,,,,,,,,,,,,,,,,,,,,,,,,,
conventional_s2_psl,Conventional $S_2$+PSL,ok,optimal,0.4975317589996848,False,,conventional_s2,354.93136421429915,5323970.463214487,0.999999999467526,3.357142855621503,1585863.542952767,88790624861.55017,2.342424412962989e+18,2.342424412962989e+18,2.342379827451003e+18,4.2690811898390176e-19,0.0979395071946933,-13.02338520805597,-5.414499443149343,0.03345970069217897,1.9173512085853337e-05,64,1300.0128421872862,88788934875.43903,88788934828.16122,5.323970463214486,1.5858635429527672,88790624861.55017,2.342424412962989e+18,2.342379827451003e+18,2.342424412962989e+18,0.0019033917055952603,1300.0128421872862,2.3424244139706967e+18,88790624899.74777,26381438.54281344,4.684848827941393e+18,177581250000.0,0.5,0.09793950717362658,True,False,True,True,-1.9034347246340546e-05,True,False,True,-13.256466474732292,-13.256466471216788,-13.02338520805597,-13.02338520805597,-0.23308126667632223,True,0.25,4,32,-1.3671875e-06,1.0416666666666667e-06,18,natural_tdl,,known_amplitude_linear,88790624899.74777,-13.256466474732292,0.2173585239870126,249.0,1.0416666666666667e-06,,,,,,,,,,,,,,,,,,,,,,,,,,,
exact_efim,Exact EFIM,ok,optimal,0.009216995000315364,False,,exact_efim,356.1754957032356,5342632.435548534,0.9999999990605994,3.3571428544588557,1591422.4288825274,88791391453.9875,2.342444636774261e+18,2.342444636774261e+18,2.3424244171628165e+18,4.269044332151569e-19,0.0979390844068174,-10.549807427319289,-6.235304461424302,0.022863323434875776,7.657100255081021e-06,64,875.4617305877314,88790625104.15646,88790625020.7465,5.342632435548533,1.5914224288825274,88791391453.9875,2.342444636774262e+18,2.3424244171628165e+18,2.342444636774261e+18,0.0008631841763645722,875.4617305877314,2.3424244139706967e+18,88790624899.74777,26381438.54281344,4.684848827941393e+18,177581250000.0,0.5,0.09793950717362658,True,True,True,True,1.3627418622182842e-09,False,False,True,-13.256466474732292,-11.0145522227292,-10.542037906129767,-10.542037906129767,-2.714428568602525,False,0.25,4,32,-1.3997395833333333e-06,1.0416666666666667e-06,18,natural_tdl,,unknown_amplitude_exact,,,,,,2.3424244139706967e+18,88790624899.74777,quad_over_lin,1e-12,,,,,,,,,,,,,,,,,,,,,,,
exact_efim_sampled_psl,Exact EFIM+sampled PSL,ok,optimal,0.4593775920002372,False,,exact_efim,354.9309918220773,5323964.87733116,0.9999999995072728,3.3571428557350655,1585861.8790189812,88790933958.35016,2.3424325673812214e+18,2.3424325673812214e+18,2.342424410641024e+18,4.269066328419323e-19,0.09793933672225168,-13.023430138808061,-5.414465692637456,0.033294696217262075,1.917052739080493e-05,64,556.0438968556336,88790624817.28464,88790624773.53508,5.32396487733116,1.5858618790189813,88790933958.35016,2.3424325673812214e+18,2.342424410641024e+18,2.3424325673812214e+18,0.0003482166492628227,556.0438968556336,2.3424244139706967e+18,88790624899.74777,26381438.54281344,4.684848827941393e+18,177581250000.0,0.5,0.09793950717362658,True,True,True,True,-1.42146431028517e-09,False,False,True,-13.256466474732292,-13.2564664671982,-13.023430138808061,-13.023430138808061,-0.2330363359242309,True,0.25,4,32,-1.3671875e-06,1.0416666666666667e-06,18,natural_tdl,,unknown_amplitude_exact,,-13.256466474732292,0.2173585239870126,249.0,1.0416666666666667e-06,2.3424244139706967e+18,88790624899.74777,quad_over_lin,1e-12,,,,,,,,,,,,,,,,,,,,,,,
exact_efim_cutting_plane_psl,Exact EFIM+cutting-plane PSL,ok,optimal,0.49678151099942625,False,,exact_efim,354.9309918220773,5323964.87733116,0.9999999995072728,3.3571428557350655,1585861.8790189812,88790933958.35016,2.3424325673812214e+18,2.3424325673812214e+18,2.342424410641024e+18,4.269066328419323e-19,0.09793933672225168,-13.023430138808061,-5.414465692637456,0.033294696217262075,1.917052739080493e-05,64,556.0438968556336,88790624817.28464,88790624773.53508,5.32396487733116,1.5858618790189813,88790933958.35016,2.3424325673812214e+18,2.342424410641024e+18,2.3424325673812214e+18,0.0003482166492628227,556.0438968556336,2.3424244139706967e+18,88790624899.74777,26381438.54281344,4.684848827941393e+18,177581250000.0,0.5,0.09793950717362658,True,True,True,True,-1.42146431028517e-09,False,False,True,-13.256466474732292,-13.2564664671982,-13.023430138808061,-13.023430138808061,-0.2330363359242309,True,0.25,4,32,-1.3671875e-06,1.0416666666666667e-06,18,natural_tdl,,unknown_amplitude_exact,,-13.256466474732292,0.2173585239870126,249.0,1.0416666666666667e-06,2.3424244139706967e+18,88790624899.74777,quad_over_lin,1e-12,-5.417312660968361,-0.2330363359242309,249.0,1985.0,1.0,249.0,True,1.0,dense_psl_satisfied,False,0.49678151099942625,0.0,249.0,-13.023430138808061,-13.2564664671982,,0.0,,,,,,
exact_efim_cutting_plane_psl_ee,Exact EFIM+cutting-plane PSL+EE,ok,optimal,0.8184623589986586,False,,exact_efim,340.43270676795225,5106490.601519284,0.9195159031185627,3.127188294624465,1632933.5237974557,88790684246.89311,2.342425979633764e+18,2.342425979633764e+18,2.3424244106238356e+18,4.269078334574948e-19,0.09793947444254006,-13.021833966677088,-0.7374372620509104,0.062499999806510366,9.949898085595646e-05,64,254.3220331053356,96562359032.34276,88790624772.88354,5.106490601519284,1.6329335237974556,88790684246.89311,2.342425979633764e+18,2.3424244106238356e+18,2.342425979633764e+18,6.698226291177463e-05,254.3220331053356,2.3424244139706967e+18,88790624899.74777,26381438.54281344,4.684848827941393e+18,177581250000.0,0.5,0.09793950717362658,True,True,True,True,-1.4288021573027664e-09,False,False,True,-13.256466474732292,-13.25646645944759,-13.021833966677088,-13.021833966677088,-0.23463250805520453,True,0.25,4,32,-3.3203125000000002e-06,1.0416666666666667e-06,18,natural_tdl,,unknown_amplitude_exact,,-13.256466474732292,0.2173585239870126,249.0,1.0416666666666667e-06,2.3424244139706967e+18,88790624899.74777,quad_over_lin,1e-12,-0.7410848349207145,-0.23463250805520453,249.0,1985.0,1.0,249.0,True,1.0,dense_psl_satisfied,False,0.8184623589986586,0.0,249.0,-13.021833966677088,-13.25646645944759,,0.0,4.0,True,1632933.5240712173,-0.0008561043068766594,0.7707281229995715,
uniform,Uniform,ok,ok,1.45800004247576e-05,False,,none,354.3143872455627,5314715.808683441,1.0,3.357142857142857,1583106.8366291102,76781250000.0,2.0255998281153943e+18,2.0255998281153943e+18,2.0255998281153943e+18,4.936809265680052e-19,0.10532073506634214,-13.256466474732292,-9.684463547443015,0.015625,0.0,64,0.0,76781250000.0,76781250000.0,5.314715808683441,1.5831068366291101,76781250000.0,2.0255998281153943e+18,2.0255998281153943e+18,2.0255998281153943e+18,0.0,0.0,2.3424244139706967e+18,88790624899.74777,26381438.54281344,4.684848827941393e+18,177581250000.0,0.5,0.09793950717362658,False,False,False,False,-0.13525498793715435,False,False,True,-13.256466474732292,-13.456972739469613,-13.256466474732292,-13.256466474732292,0.0,True,0.25,4,32,-1.4973958333333334e-06,1.0416666666666667e-06,19,natural_tdl,,,,,,,,,,,,,,,,,,,,,,,,,,,,,,,,,,
water_filling,Water-filling,ok,ok,0.00019831800091196783,False,,none,354.33841090929593,5315076.163639439,1.0000000000002356,3.3571428571435304,1583214.1764029197,75862261402.74738,2.0013555869154278e+18,2.0013555869154278e+18,2.0006109132768525e+18,4.996613328175437e-19,0.10595673769094488,-13.488846059249296,-9.977955818680007,0.015892204957642875,1.3766059990761463e-07,64,-5312.9258338622185,75834034221.81339,75834034221.83125,5.315076163639439,1.5832141764029197,75862261402.74738,2.0013555869154278e+18,2.0006109132768525e+18,2.0013555869154278e+18,0.03720846227646542,5312.9258338622185,2.3424244139706967e+18,88790624899.74777,26381438.54281344,4.684848827941393e+18,177581250000.0,0.5,0.09793950717362658,False,False,False,False,-0.1459229585617358,False,False,True,-13.256466474732292,-13.653616271445063,-13.488846059249296,-13.488846059249296,0.23237958451700358,True,0.25,4,32,-1.4973958333333334e-06,1.0416666666666667e-06,19,natural_tdl,0.016072485418148416,,,,,,,,,,,,,,,,,,,,,,,,,,,,,,,,,
conventional_s2,Conventional $S_2$,ok,optimal,0.007645769997907337,False,,conventional_s2,352.89562119755266,5293434.31796329,0.9999999995513299,3.3571428558609426,1576767.6697826383,88790624887.47562,2.3424244136469396e+18,2.3424244136469396e+18,2.341679794619557e+18,4.2690811885925143e-19,0.09793950718039492,-10.558372038708894,-6.23278048885425,0.023433623859866966,7.759154239146074e-06,64,-5312.731017806216,88762399816.44576,88762399776.62073,5.29343431796329,1.5767676697826383,88790624887.47562,2.342424413646939e+18,2.341679794619557e+18,2.3424244136469396e+18,0.03178839082467897,5312.731017806216,2.3424244139706967e+18,88790624899.74777,26381438.54281344,4.684848827941393e+18,177581250000.0,0.5,0.09793950717362658,True,False,True,True,-0.0003178840464173693,True,False,True,-13.256466474732292,-11.022158725533869,-10.550398426426339,-10.550398426426339,-2.706068048305953,False,0.25,4,32,-1.3997395833333333e-06,1.0416666666666667e-06,19,natural_tdl,,known_amplitude_linear,88790624899.74777,,,,,,,,,,,,,,,,,,,,,,,,,,,,,,,
conventional_s2_psl,Conventional $S_2$+PSL,ok,optimal,0.4938116039993474,False,,conventional_s2,351.67966324094607,5275194.948614191,0.9999999994340517,3.3571428555258622,1571334.6663014987,88790624857.87411,2.342424412866009e+18,2.342424412866009e+18,2.3416631388339333e+18,4.2690811900157645e-19,0.09793950719672072,-13.023467779107744,-5.411177858269256,0.03405478182381605,1.9284636512522682e-05,64,-5371.81776773364,88761768481.99529,88761768431.76071,5.275194948614192,1.5713346663014987,88790624857.87411,2.342424412866009e+18,2.3416631388339333e+18,2.342424412866009e+18,0.03249940650782153,5371.81776773364,2.3424244139706967e+18,88790624899.74777,26381438.54281344,4.684848827941393e+18,177581250000.0,0.5,0.09793950717362658,True,False,True,True,-0.00032499453652506006,True,False,True,-13.256466474732292,-13.256466466223157,-13.023467779107744,-13.023467779107744,-0.23299869562454845,True,0.25,4,32,-1.3671875e-06,1.0416666666666667e-06,19,natural_tdl,,known_amplitude_linear,88790624899.74777,-13.256466474732292,0.2173585239870126,249.0,1.0416666666666667e-06,,,,,,,,,,,,,,,,,,,,,,,,,,,
exact_efim,Exact EFIM,ok,optimal,0.008786594000412151,False,,exact_efim,352.89162816910635,5293374.422536596,0.9999999997076403,3.357142856307544,1576749.8283819458,88802698947.29645,2.3427429447140644e+18,2.3427429447140644e+18,2.3424244164690877e+18,4.268500742927439e-19,0.09793284878103961,-10.556385581080061,-6.231118604336656,0.023165298488648227,7.720900143735304e-06,64,-3474.759394487193,88790625020.4092,88790624994.4504,5.293374422536596,1.5767498283819459,88802698947.29645,2.342742944714065e+18,2.3424244164690877e+18,2.3427429447140644e+18,0.013596380503261611,3474.759394487193,2.3424244139706967e+18,88790624899.74777,26381438.54281344,4.684848827941393e+18,177581250000.0,0.5,0.09793950717362658,True,True,True,True,1.0665834189137915e-09,False,False,True,-13.256466474732292,-11.019435743709442,-10.548189515924207,-10.548189515924207,-2.708276958808085,False,0.25,4,32,-1.3997395833333333e-06,1.0416666666666667e-06,19,natural_tdl,,unknown_amplitude_exact,,,,,,2.3424244139706967e+18,88790624899.74777,quad_over_lin,1e-12,,,,,,,,,,,,,,,,,,,,,,,
exact_efim_sampled_psl,Exact EFIM+sampled PSL,ok,optimal,0.4929477419973409,False,,exact_efim,351.67342336208156,5275101.350431223,0.999999999823183,3.3571428566376658,1571306.7854712866,88795812608.46593,2.3425612731894226e+18,2.3425612731894226e+18,2.3424244128417377e+18,4.268831775906929e-19,0.09793664617691171,-13.023830365049346,-5.41003274927035,0.03342458587110853,1.923772832231483e-05,64,-2277.66360834067,88790624872.65378,88790624856.95409,5.275101350431223,1.5713067854712865,88795812608.46593,2.3425612731894226e+18,2.3424244128417377e+18,2.3425612731894226e+18,0.005842338010588178,2277.66360834067,2.3424244139706967e+18,88790624899.74777,26381438.54281344,4.684848827941393e+18,177581250000.0,0.5,0.09793950717362658,True,True,True,True,-4.819617526468126e-10,False,False,True,-13.256466474732292,-13.256466472067046,-13.023830365049346,-13.023830365049346,-0.23263610968294657,True,0.25,4,32,-1.3671875e-06,1.0416666666666667e-06,19,natural_tdl,,unknown_amplitude_exact,,-13.256466474732292,0.2173585239870126,249.0,1.0416666666666667e-06,2.3424244139706967e+18,88790624899.74777,quad_over_lin,1e-12,,,,,,,,,,,,,,,,,,,,,,,
exact_efim_cutting_plane_psl,Exact EFIM+cutting-plane PSL,ok,optimal,0.5147789610018663,False,,exact_efim,351.67342336208156,5275101.350431223,0.999999999823183,3.3571428566376658,1571306.7854712866,88795812608.46593,2.3425612731894226e+18,2.3425612731894226e+18,2.3424244128417377e+18,4.268831775906929e-19,0.09793664617691171,-13.023830365049346,-5.41003274927035,0.03342458587110853,1.923772832231483e-05,64,-2277.66360834067,88790624872.65378,88790624856.95409,5.275101350431223,1.5713067854712865,88795812608.46593,2.3425612731894226e+18,2.3424244128417377e+18,2.3425612731894226e+18,0.005842338010588178,2277.66360834067,2.3424244139706967e+18,88790624899.74777,26381438.54281344,4.684848827941393e+18,177581250000.0,0.5,0.09793950717362658,True,True,True,True,-4.819617526468126e-10,False,False,True,-13.256466474732292,-13.256466472067046,-13.023830365049346,-13.023830365049346,-0.23263610968294657,True,0.25,4,32,-1.3671875e-06,1.0416666666666667e-06,19,natural_tdl,,unknown_amplitude_exact,,-13.256466474732292,0.2173585239870126,249.0,1.0416666666666667e-06,2.3424244139706967e+18,88790624899.74777,quad_over_lin,1e-12,-5.412894043998721,-0.23263610968294657,249.0,1985.0,1.0,249.0,True,1.0,dense_psl_satisfied,False,0.5147789610018663,0.0,249.0,-13.023830365049346,-13.256466472067046,,0.0,,,,,,
exact_efim_cutting_plane_psl_ee,Exact EFIM+cutting-plane PSL+EE,ok,optimal,0.7814445290023286,False,,exact_efim,337.26183567739014,5058927.535160852,0.9192129823742181,3.1263228067834805,1618171.8420708235,88791655228.19493,2.3424515955173043e+18,2.3424515955173043e+18,2.3424244105221304e+18,4.269031650061316e-19,0.09793893893242857,-13.0185939598488,-0.7131376254146937,0.062499999907035884,0.00010017091168510942,64,-1058.783875628421,96594180534.40967,88790624769.02835,5.058927535160851,1.6181718420708235,88791655228.19493,2.3424515955173043e+18,2.3424244105221304e+18,2.3424515955173043e+18,0.00116053604804092,1058.783875628421,2.3424244139706967e+18,88790624899.74777,26381438.54281344,4.684848827941393e+18,177581250000.0,0.5,0.09793950717362658,True,True,True,True,-1.4722209397374992e-09,False,False,True,-13.256466474732292,-13.256466458917586,-13.0185939598488,-13.0185939598488,-0.2378725148834917,True,0.25,4,32,-3.3203125000000002e-06,1.0416666666666667e-06,19,natural_tdl,,unknown_amplitude_exact,,-13.256466474732292,0.2173585239870126,249.0,1.0416666666666667e-06,2.3424244139706967e+18,88790624899.74777,quad_over_lin,1e-12,-0.7167878173740078,-0.2378725148834917,249.0,1985.0,1.0,249.0,True,1.0,dense_psl_satisfied,False,0.7814445290023286,0.0,249.0,-13.0185939598488,-13.256466458917586,,0.0,4.0,True,1618171.8420156755,0.00017241016030311584,0.7321712270022545,
uniform,Uniform,ok,ok,1.4650999219156802e-05,False,,none,270.03752669649737,4050562.9004474604,1.0,3.357142857142857,1206550.651197116,76781250000.0,2.0255998281153943e+18,2.0255998281153943e+18,2.0255998281153943e+18,4.936809265680052e-19,0.10532073506634214,-13.256466474732292,-9.684463547443015,0.015625,0.0,64,0.0,76781250000.0,76781250000.0,4.05056290044746,1.2065506511971158,76781250000.0,2.0255998281153943e+18,2.0255998281153943e+18,2.0255998281153943e+18,0.0,0.0,2.3424244139706967e+18,88790624899.74777,26381438.54281344,4.684848827941393e+18,177581250000.0,0.5,0.09793950717362658,False,False,False,False,-0.13525498793715435,False,False,True,-13.256466474732292,-13.456972739469613,-13.256466474732292,-13.256466474732292,0.0,True,0.25,4,32,-1.4973958333333334e-06,1.0416666666666667e-06,0,controlled_tilt,,,,,,,,,,,,,,,,,,,,,,,,,,,,,,,,,,4.0
water_filling,Water-filling,ok,ok,0.00020141599816270173,False,,none,274.71138109637366,4120670.716445605,1.0000000000001468,3.357142857143277,1227433.8304304522,69824810100.92929,1.842078936441285e+18,1.842078936441285e+18,1.785435378375834e+18,5.428649012902245e-19,0.11044259157918206,-16.450186313535042,-8.166891729088876,0.01889887014399223,2.9209355622191042e-05,59,-46336.79871089127,67677711186.145386,67677711186.15532,4.120670716445605,1.2274338304304522,69824810100.92929,1.842078936441285e+18,1.785435378375834e+18,1.842078936441285e+18,3.0749799557928164,46336.79871089127,2.3424244139706967e+18,88790624899.74777,26381438.54281344,4.684848827941393e+18,177581250000.0,0.5,0.09793950717362658,False,False,False,False,-0.23778314137816634,False,False,True,-13.256466474732292,-16.450186313535042,-16.415060518160615,-16.415060518160615,3.158594043428323,True,0.25,4,32,-1.5299479166666667e-06,1.0416666666666667e-06,0,controlled_tilt,0.01892675197847827,,,,,,,,,,,,,,,,,,,,,,,,,,,,,,,,,4.0
conventional_s2,Conventional $S_2$,ok,optimal,0.008377908998227213,False,,conventional_s2,272.265390387401,4083980.855811015,0.9999999994538707,3.357142855582488,1216504.936338914,88790624875.25328,2.3424244133244964e+18,2.3424244133244964e+18,2.264196709512949e+18,4.2690811891801685e-19,0.09793950718713577,-11.135741629180844,-4.166249288705889,0.032850846867491575,4.5197238216267805e-05,64,-54454.15896545179,85825369495.10976,85825369448.238,4.083980855811014,1.216504936338914,88790624875.25328,2.3424244133244964e+18,2.264196709512949e+18,2.3424244133244964e+18,3.3396041881463474,54454.15896545179,2.3424244139706967e+18,88790624899.74777,26381438.54281344,4.684848827941393e+18,177581250000.0,0.5,0.09793950717362658,True,False,False,False,-0.03339604214811873,True,True,True,-13.256466474732292,-11.466068939905455,-11.096715512528469,-11.096715512528469,-2.159750962203823,False,0.25,4,32,-1.3997395833333333e-06,1.0416666666666667e-06,0,controlled_tilt,,known_amplitude_linear,88790624899.74777,,,,,,,,,,,,,,,,,,,,,,,,,,,,,,,4.0
conventional_s2_psl,Conventional $S_2$+PSL,ok,optimal,0.5097314799968444,False,,conventional_s2,271.63000459413456,4074450.0689120186,0.9999999996827773,3.3571428562365067,1213665.9783014543,88790624871.33043,2.342424413221006e+18,2.342424413221006e+18,2.2414343860108826e+18,4.2690811893687806e-19,0.09793950718929931,-13.016571525361922,-3.467046636826297,0.04979291337321385,6.205104817839115e-05,64,-61871.409238739536,84962553618.30925,84962553591.3572,4.074450068912019,1.2136659783014543,88790624871.33043,2.3424244132210063e+18,2.2414343860108826e+18,2.342424413221006e+18,4.311346254765786,61871.409238739536,2.3424244139706967e+18,88790624899.74777,26381438.54281344,4.684848827941393e+18,177581250000.0,0.5,0.09793950717362658,True,False,False,False,-0.04311346285390855,True,True,True,-13.256466474732292,-13.25646647564277,-13.016571525361922,-13.016571525361922,-0.23989494937037037,True,0.25,4,32,-1.3671875e-06,1.0416666666666667e-06,0,controlled_tilt,,known_amplitude_linear,88790624899.74777,-13.256466474732292,0.2173585239870126,249.0,1.0416666666666667e-06,,,,,,,,,,,,,,,,,,,,,,,,,,,4.0
exact_efim,Exact EFIM,ok,optimal,0.010193087000516243,False,,exact_efim,271.86657184445033,4077998.577666755,0.999999999414936,3.357142855471246,1214722.9811864295,89599790895.72832,2.3637713769645916e+18,2.3637713769645916e+18,2.34242441005785e+18,4.2305275787040703e-19,0.0974962636482703,-10.865129268782086,-3.973723076986845,0.03298462757027016,4.1743857515877936e-05,64,-28445.845826273522,88790624803.3778,88790624751.42961,4.077998577666754,1.2147229811864295,89599790895.72832,2.3637713769645916e+18,2.34242441005785e+18,2.3637713769645916e+18,0.9030893222065414,28445.845826273522,2.3424244139706967e+18,88790624899.74777,26381438.54281344,4.684848827941393e+18,177581250000.0,0.5,0.09793950717362658,True,True,True,True,-1.6704260870331541e-09,False,False,True,-13.256466474732292,-11.18208269054312,-10.837315181073997,-10.837315181073997,-2.4191512936582953,False,0.25,4,32,-1.3997395833333333e-06,1.0416666666666667e-06,0,controlled_tilt,,unknown_amplitude_exact,,,,,,2.3424244139706967e+18,88790624899.74777,quad_over_lin,1e-12,,,,,,,,,,,,,,,,,,,,,,,4.0
exact_efim_sampled_psl,Exact EFIM+sampled PSL,ok,optimal,0.5048557080008322,False,,exact_efim,270.8952692860635,4063429.039290953,0.9999999994751213,3.357142855643204,1210383.1186273512,89223053112.41537,2.3538324922873656e+18,2.3538324922873656e+18,2.3424244093516616e+18,4.2483906704348265e-19,0.09770188222790901,-13.061402657374781,-2.909294471607291,0.05207425670263534,6.547202250989292e-05,64,-20794.912550456345,88790624771.26553,88790624724.66122,4.063429039290953,1.2103831186273513,89223053112.41537,2.3538324922873656e+18,2.3424244093516616e+18,2.3538324922873656e+18,0.48465993111591893,20794.912550456345,2.3424244139706967e+18,88790624899.74777,26381438.54281344,4.684848827941393e+18,177581250000.0,0.5,0.09793950717362658,True,True,True,True,-1.9719036005820007e-09,False,False,True,-13.256466474732292,-13.256466462972883,-13.061402657374781,-13.061402657374781,-0.19506381735751077,True,0.25,4,32,-1.3671875e-06,1.0416666666666667e-06,0,controlled_tilt,,unknown_amplitude_exact,,-13.256466474732292,0.2173585239870126,249.0,1.0416666666666667e-06,2.3424244139706967e+18,88790624899.74777,quad_over_lin,1e-12,,,,,,,,,,,,,,,,,,,,,,,4.0
exact_efim_cutting_plane_psl,Exact EFIM+cutting-plane PSL,ok,optimal,0.515197447999526,False,,exact_efim,270.8952692860635,4063429.039290953,0.9999999994751213,3.357142855643204,1210383.1186273512,89223053112.41537,2.3538324922873656e+18,2.3538324922873656e+18,2.3424244093516616e+18,4.2483906704348265e-19,0.09770188222790901,-13.061402657374781,-2.909294471607291,0.05207425670263534,6.547202250989292e-05,64,-20794.912550456345,88790624771.26553,88790624724.66122,4.063429039290953,1.2103831186273513,89223053112.41537,2.3538324922873656e+18,2.3424244093516616e+18,2.3538324922873656e+18,0.48465993111591893,20794.912550456345,2.3424244139706967e+18,88790624899.74777,26381438.54281344,4.684848827941393e+18,177581250000.0,0.5,0.09793950717362658,True,True,True,True,-1.9719036005820007e-09,False,False,True,-13.256466474732292,-13.256466462972883,-13.061402657374781,-13.061402657374781,-0.19506381735751077,True,0.25,4,32,-1.3671875e-06,1.0416666666666667e-06,0,controlled_tilt,,unknown_amplitude_exact,,-13.256466474732292,0.2173585239870126,249.0,1.0416666666666667e-06,2.3424244139706967e+18,88790624899.74777,quad_over_lin,1e-12,-2.911841824105235,-0.19506381735751077,249.0,1985.0,1.0,249.0,True,1.0,dense_psl_satisfied,False,0.515197447999526,0.0,249.0,-13.061402657374781,-13.256466462972883,,0.0,,,,,,4.0
exact_efim_cutting_plane_psl_ee,Exact EFIM+cutting-plane PSL+EE,ok,optimal,0.8124262540004565,False,,exact_efim,258.12999044578385,3871949.856686758,0.9203075654966677,3.1294501871333367,1237262.0189342499,88850243648.37119,2.3439972423235046e+18,2.3439972423235046e+18,2.342424409391881e+18,4.2662166232275195e-19,0.09790664282543386,-13.019294345699755,-0.2916358953680011,0.06249999983036183,0.00011516417538333216,64,-8048.696736610483,96479294591.33331,88790624726.18578,3.871949856686758,1.2372620189342498,88850243648.37119,2.3439972423235046e+18,2.342424409391881e+18,2.3439972423235046e+18,0.06710045998451525,8048.696736610483,2.3424244139706967e+18,88790624899.74777,26381438.54281344,4.684848827941393e+18,177581250000.0,0.5,0.09793950717362658,True,True,True,True,-1.9547335063155126e-09,False,False,True,-13.256466474732292,-13.256466454323485,-13.019294345699755,-13.019294345699755,-0.23717212903253682,True,0.25,4,32,-3.3203125000000002e-06,1.0416666666666667e-06,0,controlled_tilt,,unknown_amplitude_exact,,-13.256466474732292,0.2173585239870126,249.0,1.0416666666666667e-06,2.3424244139706967e+18,88790624899.74777,quad_over_lin,1e-12,-0.29523304160903585,-0.23717212903253682,249.0,1985.0,1.0,249.0,True,1.0,dense_psl_satisfied,False,0.8124262540004565,0.0,249.0,-13.019294345699755,-13.256466454323485,,0.0,4.0,True,1237262.017762268,0.0036676586605608463,0.7644623849992058,4.0
uniform,Uniform,ok,ok,1.400600012857467e-05,False,,none,285.38719512980913,4280807.926947137,1.0,3.357142857142857,1275134.2761119131,76781250000.0,2.0255998281153943e+18,2.0255998281153943e+18,2.0255998281153943e+18,4.936809265680052e-19,0.10532073506634214,-13.256466474732292,-9.684463547443015,0.015625,0.0,64,0.0,76781250000.0,76781250000.0,4.280807926947137,1.275134276111913,76781250000.0,2.0255998281153943e+18,2.0255998281153943e+18,2.0255998281153943e+18,0.0,0.0,2.3424244139706967e+18,88790624899.74777,26381438.54281344,4.684848827941393e+18,177581250000.0,0.5,0.09793950717362658,False,False,False,False,-0.13525498793715435,False,False,True,-13.256466474732292,-13.456972739469613,-13.256466474732292,-13.256466474732292,0.0,True,0.25,4,32,-1.4973958333333334e-06,1.0416666666666667e-06,1,controlled_tilt,,,,,,,,,,,,,,,,,,,,,,,,,,,,,,,,,,4.0
water_filling,Water-filling,ok,ok,0.00019971899746451527,False,,none,290.3976931111262,4355965.396666893,0.999999999999234,3.3571428571406687,1297521.6075186436,69226260616.39972,1.8262883400003356e+18,1.8262883400003356e+18,1.7744457456718633e+18,5.475586620674675e-19,0.11091902262409044,-15.076406021643145,-8.714099537112887,0.018361603378898448,2.4613585614521844e-05,60,-44329.632058206036,67261144338.03683,67261144337.9853,4.3559653966668925,1.2975216075186435,69226260616.39972,1.8262883400003356e+18,1.7744457456718633e+18,1.8262883400003356e+18,2.838686158860478,44329.632058206036,2.3424244139706967e+18,88790624899.74777,26381438.54281344,4.684848827941393e+18,177581250000.0,0.5,0.09793950717362658,False,False,False,False,-0.24247470480212419,False,False,True,-13.256466474732292,-15.076406021643145,-15.042360723611548,-15.042360723611548,1.7858942488792557,True,0.25,4,32,-1.5950520833333334e-06,1.0416666666666667e-06,1,controlled_tilt,0.018417999057268254,,,,,,,,,,,,,,,,,,,,,,,,,,,,,,,,,4.0
conventional_s2,Conventional $S_2$,ok,optimal,0.008282074002636364,False,,conventional_s2,287.6908657731793,4315362.98659769,0.9999999994721831,3.357142855634809,1285427.2731809886,88790624875.1762,2.3424244133224627e+18,2.3424244133224627e+18,2.263966436981736e+18,4.269081189183875e-19,0.0979395071871783,-10.752312178533503,-4.376215998561211,0.03281744043208344,4.0541866157462706e-05,64,-54534.246211082755,85816640912.2304,85816640866.93492,4.31536298659769,1.2854272731809886,88790624875.1762,2.3424244133224627e+18,2.263966436981736e+18,2.3424244133224627e+18,3.349434709376302,54534.246211082755,2.3424244139706967e+18,88790624899.74777,26381438.54281344,4.684848827941393e+18,177581250000.0,0.5,0.09793950717362658,True,False,False,False,-0.03349434736123027,True,True,True,-13.256466474732292,-11.304305408793297,-10.752312178533503,-10.752312178533503,-2.5041542961987897,False,0.25,4,32,-1.4322916666666667e-06,1.0416666666666667e-06,1,controlled_tilt,,known_amplitude_linear,88790624899.74777,,,,,,,,,,,,,,,,,,,,,,,,,,,,,,,4.0
conventional_s2_psl,Conventional $S_2$+PSL,ok,optimal,0.49392018700018525,False,,conventional_s2,287.0019999408361,4305029.999112541,0.9999999995528046,3.357142855865156,1282349.3619258297,88790624859.77386,2.342424412916127e+18,2.342424412916127e+18,2.2623180249267492e+18,4.269081189924424e-19,0.09793950719567297,-12.948688951694345,-3.6386334975719574,0.04322906632470631,5.6317978108249217e-05,64,-55104.15389247525,85754157123.27502,85754157084.92616,4.3050299991125405,1.2823493619258297,88790624859.77386,2.342424412916127e+18,2.2623180249267492e+18,2.342424412916127e+18,3.419806741582416,55104.15389247525,2.3424244139706967e+18,88790624899.74777,26381438.54281344,4.684848827941393e+18,177581250000.0,0.5,0.09793950717362658,True,False,False,False,-0.03419806785063231,True,True,True,-13.256466474732292,-13.256466468970453,-12.933889664671195,-12.933889664671195,-0.32257681006109706,False,0.25,4,32,-1.3997395833333333e-06,1.0416666666666667e-06,1,controlled_tilt,,known_amplitude_linear,88790624899.74777,-13.256466474732292,0.2173585239870126,249.0,1.0416666666666667e-06,,,,,,,,,,,,,,,,,,,,,,,,,,,4.0
exact_efim,Exact EFIM,ok,optimal,0.00966654900184949,False,,exact_efim,287.2670762416865,4309006.143625298,0.9999999994397931,3.3571428555422664,1283533.7455216157,89590201643.16843,2.3635183986875116e+18,2.3635183986875116e+18,2.342424410055909e+18,4.230980391586168e-19,0.09750148124608154,-10.679993904427267,-4.050492170257732,0.03794170691944765,3.992398246293851e-05,64,-28276.790699446792,88790624801.09715,88790624751.35603,4.3090061436252975,1.2835337455216158,89590201643.16843,2.3635183986875116e+18,2.342424410055909e+18,2.3635183986875116e+18,0.8924825228065252,28276.790699446792,2.3424244139706967e+18,88790624899.74777,26381438.54281344,4.684848827941393e+18,177581250000.0,0.5,0.09793950717362658,True,True,True,True,-1.6712547122764803e-09,False,False,True,-13.256466474732292,-11.107151576743124,-10.664534331203308,-10.664534331203308,-2.591932143528984,False,0.25,4,32,-1.3997395833333333e-06,1.0416666666666667e-06,1,controlled_tilt,,unknown_amplitude_exact,,,,,,2.3424244139706967e+18,88790624899.74777,quad_over_lin,1e-12,,,,,,,,,,,,,,,,,,,,,,,4.0
exact_efim_sampled_psl,Exact EFIM+sampled PSL,ok,optimal,0.47545236999940244,False,,exact_efim,286.4880023569701,4297320.035354552,0.9999999995248858,3.3571428557853884,1280052.7770061824,89210946737.76062,2.3535131087084344e+18,2.3535131087084344e+18,2.342424409867226e+18,4.248967198439706e-19,0.09770851132169286,-13.02566293715104,-3.0094294970966784,0.059453875159609496,6.314224726147917e-05,64,-20501.755870080833,88790624786.38962,88790624744.20393,4.297320035354552,1.2800527770061823,89210946737.76062,2.353513108708435e+18,2.342424409867226e+18,2.3535131087084344e+18,0.4711551764967053,20501.755870080833,2.3424244139706967e+18,88790624899.74777,26381438.54281344,4.684848827941393e+18,177581250000.0,0.5,0.09793950717362658,True,True,True,True,-1.751804910982854e-09,False,False,True,-13.256466474732292,-13.25646646781837,-13.02566293715104,-13.02566293715104,-0.23080353758125227,True,0.25,4,32,-1.3671875e-06,1.0416666666666667e-06,1,controlled_tilt,,unknown_amplitude_exact,,-13.256466474732292,0.2173585239870126,249.0,1.0416666666666667e-06,2.3424244139706967e+18,88790624899.74777,quad_over_lin,1e-12,,,,,,,,,,,,,,,,,,,,,,,4.0
exact_efim_cutting_plane_psl,Exact EFIM+cutting-plane PSL,ok,optimal,0.506837559001724,False,,exact_efim,286.4880023569701,4297320.035354552,0.9999999995248858,3.3571428557853884,1280052.7770061824,89210946737.76062,2.3535131087084344e+18,2.3535131087084344e+18,2.342424409867226e+18,4.248967198439706e-19,0.09770851132169286,-13.02566293715104,-3.0094294970966784,0.059453875159609496,6.314224726147917e-05,64,-20501.755870080833,88790624786.38962,88790624744.20393,4.297320035354552,1.2800527770061823,89210946737.76062,2.353513108708435e+18,2.342424409867226e+18,2.3535131087084344e+18,0.4711551764967053,20501.755870080833,2.3424244139706967e+18,88790624899.74777,26381438.54281344,4.684848827941393e+18,177581250000.0,0.5,0.09793950717362658,True,True,True,True,-1.751804910982854e-09,False,False,True,-13.256466474732292,-13.25646646781837,-13.02566293715104,-13.02566293715104,-0.23080353758125227,True,0.25,4,32,-1.3671875e-06,1.0416666666666667e-06,1,controlled_tilt,,unknown_amplitude_exact,,-13.256466474732292,0.2173585239870126,249.0,1.0416666666666667e-06,2.3424244139706967e+18,88790624899.74777,quad_over_lin,1e-12,-3.011861757809391,-0.23080353758125227,249.0,1985.0,1.0,249.0,True,1.0,dense_psl_satisfied,False,0.506837559001724,0.0,249.0,-13.02566293715104,-13.25646646781837,,0.0,,,,,,4.0
exact_efim_cutting_plane_psl_ee,Exact EFIM+cutting-plane PSL+EE,ok,optimal,1.6792629740011762,False,,exact_efim,273.8316878513178,4107475.317769767,0.9213245123198391,3.1323557494852547,1311305.4985675733,88875244853.18898,2.3446568100719017e+18,2.3446568100719017e+18,2.3424244106907095e+18,4.2650165077648776e-19,0.09789287095789585,-13.035337124159035,-0.42272421768367263,0.0624999999415649,0.00011089906195258939,64,-9583.6379165768,96372801969.47005,88790624775.41843,4.107475317769767,1.3113054985675732,88875244853.18898,2.3446568100719017e+18,2.3424244106907095e+18,2.3446568100719017e+18,0.09521220212708796,9583.6379165768,2.3424244139706967e+18,88790624899.74777,26381438.54281344,4.684848827941393e+18,177581250000.0,0.5,0.09793950717362658,True,True,True,True,-1.400253165240888e-09,False,False,True,-13.256466474732292,-13.256466459658952,-13.035337124159035,-13.035337124159035,-0.221129350573257,True,0.25,4,32,-2.2786458333333335e-06,1.0416666666666667e-06,1,controlled_tilt,,unknown_amplitude_exact,,-13.256466474732292,0.2173585239870126,251.0,1.0416666666666667e-06,2.3424244139706967e+18,88790624899.74777,quad_over_lin,1e-12,-0.42626149353771714,-0.221129350573257,249.0,1985.0,2.0,251.0,True,2.0,dense_psl_satisfied,False,1.6792629740011762,2.0,251.0,-13.00575709676185,-13.256466459683578,-3.2877604166666667e-06,1.0,4.0,True,1311305.4990123229,-0.0013931137509644032,0.8097060049985885,4.0
uniform,Uniform,ok,ok,1.4869998267386109e-05,False,,none,280.0538813969923,4200808.220954885,1.0,3.357142857142857,1251304.5764546464,76781250000.0,2.0255998281153943e+18,2.0255998281153943e+18,2.0255998281153943e+18,4.936809265680052e-19,0.10532073506634214,-13.256466474732292,-9.684463547443015,0.015625,0.0,64,0.0,76781250000.0,76781250000.0,4.200808220954885,1.2513045764546464,76781250000.0,2.0255998281153943e+18,2.0255998281153943e+18,2.0255998281153943e+18,0.0,0.0,2.3424244139706967e+18,88790624899.74777,26381438.54281344,4.684848827941393e+18,177581250000.0,0.5,0.09793950717362658,False,False,False,False,-0.13525498793715435,False,False,True,-13.256466474732292,-13.456972739469613,-13.256466474732292,-13.256466474732292,0.0,True,0.25,4,32,-1.4973958333333334e-06,1.0416666666666667e-06,2,controlled_tilt,,,,,,,,,,,,,,,,,,,,,,,,,,,,,,,,,,4.0
water_filling,Water-filling,ok,ok,0.00020484699780354276,False,,none,285.75846644171935,4286376.99662579,1.0000000000007523,3.3571428571450066,1276793.147930269,65456602625.23575,1.7268393393790172e+18,1.7268393393790172e+18,1.600757520394811e+18,5.790926678561809e-19,0.11406823990535911,-15.40422173596005,-9.4841835758644,0.019011759762103352,3.35496452312969e-05,60,-69131.66172967588,60677415971.680176,60677415971.72582,4.2863769966257905,1.276793147930269,65456602625.23575,1.7268393393790177e+18,1.600757520394811e+18,1.7268393393790172e+18,7.301305692372412,69131.66172967588,2.3424244139706967e+18,88790624899.74777,26381438.54281344,4.684848827941393e+18,177581250000.0,0.5,0.09793950717362658,False,False,False,False,-0.31662361831290403,False,False,True,-13.256466474732292,-15.890286957542967,-15.40422173596005,-15.40422173596005,2.1477552612277577,True,0.25,4,32,-1.6927083333333335e-06,1.0416666666666667e-06,2,controlled_tilt,0.01906355373747879,,,,,,,,,,,,,,,,,,,,,,,,,,,,,,,,,4.0
conventional_s2,Conventional $S_2$,ok,optimal,0.00795706099961535,False,,conventional_s2,282.1880642853122,4232820.964279682,0.9999999997195343,3.357142856341527,1260840.2875332008,88790624886.72162,2.342424413627048e+18,2.342424413627048e+18,2.1614871796474447e+18,4.269081188628767e-19,0.09793950718081076,-10.85204946991321,-4.325317646981454,0.03818429885017309,5.129599349500231e-05,64,-82816.09277658869,81932119688.8438,81932119665.86465,4.232820964279682,1.2608402875332008,88790624886.72162,2.342424413627048e+18,2.1614871796474447e+18,2.342424413627048e+18,7.724357419048457,82816.09277658869,2.3424244139706967e+18,88790624899.74777,26381438.54281344,4.684848827941393e+18,177581250000.0,0.5,0.09793950717362658,True,False,False,False,-0.07724357432585889,True,True,True,-13.256466474732292,-11.322171996189997,-10.85204946991321,-10.85204946991321,-2.4044170048190825,False,0.25,4,32,-1.4322916666666667e-06,1.0416666666666667e-06,2,controlled_tilt,,known_amplitude_linear,88790624899.74777,,,,,,,,,,,,,,,,,,,,,,,,,,,,,,,4.0
conventional_s2_psl,Conventional $S_2$+PSL,ok,optimal,0.5045304640007089,False,,conventional_s2,281.5789414991204,4223684.122486806,0.9999999997743336,3.357142856498096,1258118.6750249336,88790624879.61191,2.3424244134394834e+18,2.3424244134394834e+18,2.1446713469642476e+18,4.269081188970604e-19,0.0979395071847319,-12.877084261360077,-3.5922928554778313,0.05192220623589477,6.83375593479705e-05,64,-86578.96239528136,81294708170.20543,81294708151.85994,4.223684122486805,1.2581186750249336,88790624879.61191,2.3424244134394834e+18,2.1446713469642476e+18,2.3424244134394834e+18,8.442238961506826,86578.96239528136,2.3424244139706967e+18,88790624899.74777,26381438.54281344,4.684848827941393e+18,177581250000.0,0.5,0.09793950717362658,True,False,False,False,-0.08442238982270231,True,True,True,-13.256466474732292,-13.256466472220886,-12.859552293100304,-12.859552293100304,-0.3969141816319883,False,0.25,4,32,-1.3997395833333333e-06,1.0416666666666667e-06,2,controlled_tilt,,known_amplitude_linear,88790624899.74777,-13.256466474732292,0.2173585239870126,249.0,1.0416666666666667e-06,,,,,,,,,,,,,,,,,,,,,,,,,,,4.0
exact_efim,Exact EFIM,ok,optimal,0.00984339199931128,False,,exact_efim,281.2271819137327,4218407.72870599,0.9999999993475794,3.3571428552787985,1256546.983716505,90210796983.29979,2.379890596513143e+18,2.379890596513143e+18,2.3424244094536556e+18,4.2018738233813498e-19,0.09716552705515805,-10.697005122709163,-3.7766308152912775,0.03891567669601528,4.59296517731083e-05,64,-37685.17288933357,88790624786.4562,88790624728.52737,4.21840772870599,1.256546983716505,90210796983.29979,2.3798905965131433e+18,2.3424244094536556e+18,2.379890596513143e+18,1.5742819066716847,37685.17288933357,2.3424244139706967e+18,88790624899.74777,26381438.54281344,4.684848827941393e+18,177581250000.0,0.5,0.09793950717362658,True,True,True,True,-1.9283615407436184e-09,False,False,True,-13.256466474732292,-11.039943756479307,-10.66216575956629,-10.66216575956629,-2.5943007151660016,False,0.25,4,32,-1.3997395833333333e-06,1.0416666666666667e-06,2,controlled_tilt,,unknown_amplitude_exact,,,,,,2.3424244139706967e+18,88790624899.74777,quad_over_lin,1e-12,,,,,,,,,,,,,,,,,,,,,,,4.0
exact_efim_sampled_psl,Exact EFIM+sampled PSL,ok,optimal,0.5088379090011586,False,,exact_efim,280.34741551291495,4205211.232693724,0.9999999994833071,3.357142855666592,1252616.1124170395,89557691247.29567,2.362660727676792e+18,2.362660727676792e+18,2.342424409432274e+18,4.232516282535841e-19,0.09751917667844862,-13.069446491471755,-2.767924470806687,0.05133044850252657,6.934789862642274e-05,64,-27695.965770760333,88790624773.59436,88790624727.71687,4.205211232693724,1.2526161124170394,89557691247.29567,2.362660727676792e+18,2.342424409432274e+18,2.362660727676792e+18,0.8565054646849907,27695.965770760333,2.3424244139706967e+18,88790624899.74777,26381438.54281344,4.684848827941393e+18,177581250000.0,0.5,0.09793950717362658,True,True,True,True,-1.9374895330376176e-09,False,False,True,-13.256466474732292,-13.256466465599072,-13.069446491471755,-13.069446491471755,-0.18701998326053726,True,0.25,4,32,-1.3671875e-06,1.0416666666666667e-06,2,controlled_tilt,,unknown_amplitude_exact,,-13.256466474732292,0.2173585239870126,249.0,1.0416666666666667e-06,2.3424244139706967e+18,88790624899.74777,quad_over_lin,1e-12,,,,,,,,,,,,,,,,,,,,,,,4.0
exact_efim_cutting_plane_psl,Exact EFIM+cutting-plane PSL,ok,optimal,0.48865580599886016,False,,exact_efim,280.34741551291495,4205211.232693724,0.9999999994833071,3.357142855666592,1252616.1124170395,89557691247.29567,2.362660727676792e+18,2.362660727676792e+18,2.342424409432274e+18,4.232516282535841e-19,0.09751917667844862,-13.069446491471755,-2.767924470806687,0.05133044850252657,6.934789862642274e-05,64,-27695.965770760333,88790624773.59436,88790624727.71687,4.205211232693724,1.2526161124170394,89557691247.29567,2.362660727676792e+18,2.342424409432274e+18,2.362660727676792e+18,0.8565054646849907,27695.965770760333,2.3424244139706967e+18,88790624899.74777,26381438.54281344,4.684848827941393e+18,177581250000.0,0.5,0.09793950717362658,True,True,True,True,-1.9374895330376176e-09,False,False,True,-13.256466474732292,-13.256466465599072,-13.069446491471755,-13.069446491471755,-0.18701998326053726,True,0.25,4,32,-1.3671875e-06,1.0416666666666667e-06,2,controlled_tilt,,unknown_amplitude_exact,,-13.256466474732292,0.2173585239870126,249.0,1.0416666666666667e-06,2.3424244139706967e+18,88790624899.74777,quad_over_lin,1e-12,-2.7708804822106297,-0.18701998326053726,249.0,1985.0,1.0,249.0,True,1.0,dense_psl_satisfied,False,0.48865580599886016,0.0,249.0,-13.069446491471755,-13.256466465599072,,0.0,,,,,,4.0
exact_efim_cutting_plane_psl_ee,Exact EFIM+cutting-plane PSL+EE,ok,optimal,0.8409064810002747,False,,exact_efim,267.9317032360318,4018975.548540477,0.9201122195736939,3.12889205592484,1284472.4192163113,88901626893.37718,2.34535280624376e+18,2.34535280624376e+18,2.34242441057612e+18,4.263750840972907e-19,0.09787834475980708,-13.008372948561501,-0.338257977968635,0.06249999986273803,0.00011351361454799905,64,-10983.61349422418,96499777833.85304,88790624771.07487,4.018975548540477,1.2844724192163113,88901626893.37718,2.3453528062437606e+18,2.34242441057612e+18,2.34535280624376e+18,0.12485949490602832,10983.61349422418,2.3424244139706967e+18,88790624899.74777,26381438.54281344,4.684848827941393e+18,177581250000.0,0.5,0.09793950717362658,True,True,True,True,-1.4491724367941401e-09,False,False,True,-13.256466474732292,-13.256466459358025,-13.008252981077371,-13.008252981077371,-0.24821349365492118,True,0.25,4,32,-3.2877604166666667e-06,1.0416666666666667e-06,2,controlled_tilt,,unknown_amplitude_exact,,-13.256466474732292,0.2173585239870126,249.0,1.0416666666666667e-06,2.3424244139706967e+18,88790624899.74777,quad_over_lin,1e-12,-0.3419465447912751,-0.24821349365492118,249.0,1985.0,1.0,249.0,True,1.0,dense_psl_satisfied,False,0.8409064810002747,0.0,249.0,-13.008252981077371,-13.256466459358025,,0.0,4.0,True,1284472.4191657929,0.00015806686133146286,0.7665417729986075,4.0
uniform,Uniform,ok,ok,1.4673001714982092e-05,False,,none,273.2850589564403,4099275.884346605,1.0,3.357142857142857,1221060.9017202652,76781250000.0,2.0255998281153943e+18,2.0255998281153943e+18,2.0255998281153943e+18,4.936809265680052e-19,0.10532073506634214,-13.256466474732292,-9.684463547443015,0.015625,0.0,64,0.0,76781250000.0,76781250000.0,4.099275884346604,1.2210609017202652,76781250000.0,2.0255998281153943e+18,2.0255998281153943e+18,2.0255998281153943e+18,0.0,0.0,2.3424244139706967e+18,88790624899.74777,26381438.54281344,4.684848827941393e+18,177581250000.0,0.5,0.09793950717362658,False,False,False,False,-0.13525498793715435,False,False,True,-13.256466474732292,-13.456972739469613,-13.256466474732292,-13.256466474732292,0.0,True,0.25,4,32,-1.4973958333333334e-06,1.0416666666666667e-06,3,controlled_tilt,,,,,,,,,,,,,,,,,,,,,,,,,,,,,,,,,,4.0
water_filling,Water-filling,ok,ok,0.00021001500135753304,False,,none,277.31947930360366,4159792.1895540548,1.0000000000007006,3.3571428571448587,1239087.0351855755,71771439624.26614,1.8934338235768225e+18,1.8934338235768225e+18,1.8479449292430996e+18,5.281409825620066e-19,0.1089345495218063,-14.548818549944,-8.242215602067503,0.01851891547227954,2.276970765852373e-05,60,-41524.4084016364,70047163131.10997,70047163131.15904,4.159792189554055,1.2390870351855754,71771439624.26614,1.8934338235768225e+18,1.8479449292430996e+18,1.8934338235768225e+18,2.4024549349071695,41524.4084016364,2.3424244139706967e+18,88790624899.74777,26381438.54281344,4.684848827941393e+18,177581250000.0,0.5,0.09793950717362658,False,False,False,False,-0.21109730661037368,False,False,True,-13.256466474732292,-14.548818549944,-14.548818549944,-14.548818549944,1.2923520752117081,True,0.25,4,32,-1.5625e-06,1.0416666666666667e-06,3,controlled_tilt,0.018573106565675596,,,,,,,,,,,,,,,,,,,,,,,,,,,,,,,,,4.0
conventional_s2,Conventional $S_2$,ok,optimal,0.007839424000849249,False,,conventional_s2,275.279865143301,4129197.9771495145,0.9999999995305551,3.357142855801586,1229973.8660253063,88790624879.92581,2.3424244134477645e+18,2.3424244134477645e+18,2.2782533475236475e+18,4.269081188955512e-19,0.09793950718455878,-10.599204398828217,-4.551330930840762,0.03071606319983765,3.6536035585020814e-05,64,-49319.69589512503,86358192518.42052,86358192477.8801,4.129197977149515,1.2299738660253063,88790624879.92581,2.3424244134477645e+18,2.2782533475236475e+18,2.3424244134477645e+18,2.7395149041187192,49319.69589512503,2.3424244139706967e+18,88790624899.74777,26381438.54281344,4.684848827941393e+18,177581250000.0,0.5,0.09793950717362658,True,False,False,False,-0.0273951492583154,True,True,True,-13.256466474732292,-11.084782616045992,-10.599204398828217,-10.599204398828217,-2.6572620759040753,False,0.25,4,32,-1.4322916666666667e-06,1.0416666666666667e-06,3,controlled_tilt,,known_amplitude_linear,88790624899.74777,,,,,,,,,,,,,,,,,,,,,,,,,,,,,,,4.0
conventional_s2_psl,Conventional $S_2$+PSL,ok,optimal,0.4979905920008605,False,,conventional_s2,274.33677732096976,4115051.6598145464,0.9999999995414346,3.3571428558326706,1225760.0693593042,88790624858.66353,2.342424412886835e+18,2.342424412886835e+18,2.2767946519296622e+18,4.2690811899778087e-19,0.09793950719628534,-12.995871564825505,-4.037579950475211,0.04444736597010434,4.710306229275145e-05,64,-49877.09773293664,86302900021.11893,86302899981.5434,4.115051659814546,1.2257600693593043,88790624858.66353,2.342424412886835e+18,2.2767946519296622e+18,2.342424412886835e+18,2.801787780050072,49877.09773293664,2.3424244139706967e+18,88790624899.74777,26381438.54281344,4.684848827941393e+18,177581250000.0,0.5,0.09793950717362658,True,False,False,False,-0.028017878250245865,True,True,True,-13.256466474732292,-13.256466464747682,-12.995871564825505,-12.995871564825505,-0.26059490990678746,False,0.25,4,32,-1.3671875e-06,1.0416666666666667e-06,3,controlled_tilt,,known_amplitude_linear,88790624899.74777,-13.256466474732292,0.2173585239870126,249.0,1.0416666666666667e-06,,,,,,,,,,,,,,,,,,,,,,,,,,,4.0
exact_efim,Exact EFIM,ok,optimal,0.009378871996887028,False,,exact_efim,274.9499810310566,4124249.7154658493,0.9999999993507049,3.3571428552877287,1228499.9159240052,89561738160.29869,2.3627674910634696e+18,2.3627674910634696e+18,2.3424244098787205e+18,4.2323250331749956e-19,0.0975169734157021,-10.459380533970897,-4.267180108094425,0.029915486799851183,3.598002273723739e-05,64,-27768.92897033937,88790624802.29094,88790624744.63962,4.124249715465849,1.2284999159240053,89561738160.29869,2.362767491063469e+18,2.3424244098787205e+18,2.3627674910634696e+18,0.8609853175012467,27768.92897033937,2.3424244139706967e+18,88790624899.74777,26381438.54281344,4.684848827941393e+18,177581250000.0,0.5,0.09793950717362658,True,True,True,True,-1.7468978583021163e-09,False,False,True,-13.256466474732292,-10.873657462180509,-10.44196002502047,-10.44196002502047,-2.814506449711823,False,0.25,4,32,-1.3997395833333333e-06,1.0416666666666667e-06,3,controlled_tilt,,unknown_amplitude_exact,,,,,,2.3424244139706967e+18,88790624899.74777,quad_over_lin,1e-12,,,,,,,,,,,,,,,,,,,,,,,4.0
exact_efim_sampled_psl,Exact EFIM+sampled PSL,ok,optimal_inaccurate,0.5316181599991978,True,,exact_efim,273.9250552333547,4108875.8285003207,0.9999999994654571,3.3571428556155922,1223920.460110085,89098880788.77925,2.3505566477626414e+18,2.3505566477626414e+18,2.342424412835644e+18,4.254311424282593e-19,0.09776993945652707,-13.043113144520408,-4.210579370076612,0.03697450839124969,3.8287621199813575e-05,64,-17557.21880654626,88790624904.18547,88790624856.72308,4.108875828500321,1.223920460110085,89098880788.77925,2.350556647762641e+18,2.342424412835644e+18,2.3505566477626414e+18,0.345970599548754,17557.21880654626,2.3424244139706967e+18,88790624899.74777,26381438.54281344,4.684848827941393e+18,177581250000.0,0.5,0.09793950717362658,True,True,True,True,-4.845632555869524e-10,False,False,True,-13.256466474732292,-13.256466463845488,-13.043113144520408,-13.043113144520408,-0.21335333021188418,True,0.25,4,32,-1.3671875e-06,1.0416666666666667e-06,3,controlled_tilt,,unknown_amplitude_exact,,-13.256466474732292,0.2173585239870126,249.0,1.0416666666666667e-06,2.3424244139706967e+18,88790624899.74777,quad_over_lin,1e-12,,,,,,,,,,,,,,,,,,,,,,,4.0
exact_efim_cutting_plane_psl,Exact EFIM+cutting-plane PSL,ok,optimal_inaccurate,0.5457507589999295,True,,exact_efim,273.9250552333547,4108875.8285003207,0.9999999994654571,3.3571428556155922,1223920.460110085,89098880788.77925,2.3505566477626414e+18,2.3505566477626414e+18,2.342424412835644e+18,4.254311424282593e-19,0.09776993945652707,-13.043113144520408,-4.210579370076612,0.03697450839124969,3.8287621199813575e-05,64,-17557.21880654626,88790624904.18547,88790624856.72308,4.108875828500321,1.223920460110085,89098880788.77925,2.350556647762641e+18,2.342424412835644e+18,2.3505566477626414e+18,0.345970599548754,17557.21880654626,2.3424244139706967e+18,88790624899.74777,26381438.54281344,4.684848827941393e+18,177581250000.0,0.5,0.09793950717362658,True,True,True,True,-4.845632555869524e-10,False,False,True,-13.256466474732292,-13.256466463845488,-13.043113144520408,-13.043113144520408,-0.21335333021188418,True,0.25,4,32,-1.3671875e-06,1.0416666666666667e-06,3,controlled_tilt,,unknown_amplitude_exact,,-13.256466474732292,0.2173585239870126,249.0,1.0416666666666667e-06,2.3424244139706967e+18,88790624899.74777,quad_over_lin,1e-12,-4.213519668212839,-0.21335333021188418,249.0,1985.0,1.0,249.0,True,1.0,dense_psl_satisfied,False,0.5457507589999295,0.0,249.0,-13.043113144520408,-13.256466463845488,,0.0,,,,,,4.0
exact_efim_cutting_plane_psl_ee,Exact EFIM+cutting-plane PSL+EE,ok,optimal,0.852264010001818,False,,exact_efim,262.3517790514944,3935276.685772416,0.9228453699672681,3.1367010570493377,1254590.9266451711,88836663292.71614,2.343638973005401e+18,2.343638973005401e+18,2.3424244112500275e+18,4.26686879471728e-19,0.09791412597580952,-13.046439418724663,-0.5665798329558187,0.06249999990696829,0.00010656615662555031,64,-7063.112040057168,96213978729.46898,88790624796.61966,3.935276685772416,1.2545909266451711,88836663292.71614,2.3436389730054016e+18,2.3424244112500275e+18,2.343638973005401e+18,0.0518237565326052,7063.112040057168,2.3424244139706967e+18,88790624899.74777,26381438.54281344,4.684848827941393e+18,177581250000.0,0.5,0.09793950717362658,True,True,True,True,-1.1614757632192417e-09,False,False,True,-13.256466474732292,-13.256466462272716,-13.046439418724663,-13.046439418724663,-0.21002705600762894,True,0.25,4,32,-3.3203125000000002e-06,1.0416666666666667e-06,3,controlled_tilt,,unknown_amplitude_exact,,-13.256466474732292,0.2173585239870126,249.0,1.0416666666666667e-06,2.3424244139706967e+18,88790624899.74777,quad_over_lin,1e-12,-0.5701357230409805,-0.21002705600762894,249.0,1985.0,1.0,249.0,True,1.0,dense_psl_satisfied,False,0.852264010001818,0.0,249.0,-13.046439418724663,-13.256466462272716,,0.0,4.0,True,1254590.9264860675,0.0004990603774785995,0.8041291980007372,4.0
uniform,Uniform,ok,ok,1.3355002010939643e-05,False,,none,288.604723321235,4329070.849818525,1.0,3.357142857142857,1289510.4659033904,76781250000.0,2.0255998281153943e+18,2.0255998281153943e+18,2.0255998281153943e+18,4.936809265680052e-19,0.10532073506634214,-13.256466474732292,-9.684463547443015,0.015625,0.0,64,0.0,76781250000.0,76781250000.0,4.329070849818525,1.2895104659033905,76781250000.0,2.0255998281153943e+18,2.0255998281153943e+18,2.0255998281153943e+18,0.0,0.0,2.3424244139706967e+18,88790624899.74777,26381438.54281344,4.684848827941393e+18,177581250000.0,0.5,0.09793950717362658,False,False,False,False,-0.13525498793715435,False,False,True,-13.256466474732292,-13.456972739469613,-13.256466474732292,-13.256466474732292,0.0,True,0.25,4,32,-1.4973958333333334e-06,1.0416666666666667e-06,4,controlled_tilt,,,,,,,,,,,,,,,,,,,,,,,,,,,,,,,,,,4.0
water_filling,Water-filling,ok,ok,0.00016559999858145602,False,,none,293.62289023532384,4404343.3535298575,1.000000000000626,3.3571428571446456,1311932.0627528757,71856034734.0572,1.895665564266798e+18,1.895665564266798e+18,1.8295556605292434e+18,5.27519209532499e-19,0.10887040707309836,-15.00712177240657,-7.657174807696312,0.01863987330941803,3.023636876200937e-05,58,-50059.213935300904,69350109834.192,69350109834.23541,4.404343353529858,1.3119320627528757,71856034734.0572,1.895665564266798e+18,1.8295556605292434e+18,1.895665564266798e+18,3.487424416190445,50059.213935300904,2.3424244139706967e+18,88790624899.74777,26381438.54281344,4.684848827941393e+18,177581250000.0,0.5,0.09793950717362658,False,False,False,False,-0.2189478347231183,False,False,True,-13.256466474732292,-15.00712177240657,-14.974885076562837,-14.974885076562837,1.7184186018305443,True,0.25,4,32,-1.5299479166666667e-06,1.0416666666666667e-06,4,controlled_tilt,0.018674968007865864,,,,,,,,,,,,,,,,,,,,,,,,,,,,,,,,,4.0
conventional_s2,Conventional $S_2$,ok,optimal,0.008029708998947171,False,,conventional_s2,291.5910403997493,4373865.60599624,0.999999999382958,3.3571428553798803,1302853.5854490206,88790624877.99124,2.342424413396728e+18,2.342424413396728e+18,2.2551806563931356e+18,4.2690811890485264e-19,0.09793950718562573,-10.80584040653224,-4.245610481683382,0.03078347972077366,4.505152391519602e-05,64,-57506.6333576343,85483612052.64941,85483611999.90244,4.37386560599624,1.3028535854490206,88790624877.99124,2.342424413396728e+18,2.2551806563931356e+18,2.342424413396728e+18,3.7245068188595605,57506.6333576343,2.3424244139706967e+18,88790624899.74777,26381438.54281344,4.684848827941393e+18,177581250000.0,0.5,0.09793950717362658,True,False,False,False,-0.03724506842450136,True,True,True,-13.256466474732292,-11.187192820257941,-10.787937009653586,-10.787937009653586,-2.4685294650787064,False,0.25,4,32,-1.3997395833333333e-06,1.0416666666666667e-06,4,controlled_tilt,,known_amplitude_linear,88790624899.74777,,,,,,,,,,,,,,,,,,,,,,,,,,,,,,,4.0
conventional_s2_psl,Conventional $S_2$+PSL,ok,optimal,0.47751099200104363,False,,conventional_s2,290.80358344509233,4362053.751676385,0.9999999998903536,3.357142856829582,1299335.1601950657,88790624890.48651,2.3424244137263713e+18,2.3424244137263713e+18,2.254575255710731e+18,4.2690811884477494e-19,0.09793950717873434,-13.03692364986581,-3.631625002265296,0.043233977988178934,5.789851443563005e-05,64,-57705.81313325838,85460664030.85155,85460664021.4811,4.3620537516763855,1.2993351601950656,88790624890.48651,2.3424244137263713e+18,2.254575255710731e+18,2.3424244137263713e+18,3.7503518790554393,57705.81313325838,2.3424244139706967e+18,88790624899.74777,26381438.54281344,4.684848827941393e+18,177581250000.0,0.5,0.09793950717362658,True,False,False,False,-0.03750351889094709,True,True,True,-13.256466474732292,-13.256466473339636,-13.03692364986581,-13.03692364986581,-0.21954282486648147,True,0.25,4,32,-1.3671875e-06,1.0416666666666667e-06,4,controlled_tilt,,known_amplitude_linear,88790624899.74777,-13.256466474732292,0.2173585239870126,249.0,1.0416666666666667e-06,,,,,,,,,,,,,,,,,,,,,,,,,,,4.0
exact_efim,Exact EFIM,ok,optimal,0.009551488001307007,False,,exact_efim,291.1530130377953,4367295.195566929,0.999999999819346,3.357142856626703,1300896.4414327126,89823673303.23628,2.3696777169390797e+18,2.3696777169390797e+18,2.342424421294951e+18,4.2199831346336124e-19,0.09737468480608792,-10.652572140166894,-3.866590098752697,0.03505455051037909,4.4328142604920236e-05,64,-32141.06603779716,88790625193.41725,88790625177.37686,4.367295195566929,1.3008964414327127,89823673303.23628,2.36967771693908e+18,2.342424421294951e+18,2.3696777169390797e+18,1.150084479814071,32141.06603779716,2.3424244139706967e+18,88790624899.74777,26381438.54281344,4.684848827941393e+18,177581250000.0,0.5,0.09793950717362658,True,True,True,True,3.1267835855520694e-09,False,False,True,-13.256466474732292,-10.976651545273118,-10.614884793692308,-10.614884793692308,-2.641581681039984,False,0.25,4,32,-1.3997395833333333e-06,1.0416666666666667e-06,4,controlled_tilt,,unknown_amplitude_exact,,,,,,2.3424244139706967e+18,88790624899.74777,quad_over_lin,1e-12,,,,,,,,,,,,,,,,,,,,,,,4.0
exact_efim_sampled_psl,Exact EFIM+sampled PSL,ok,optimal,0.50394295300066,False,,exact_efim,290.2302307547122,4353453.461320682,0.9999999996792738,3.357142856226497,1296773.3718111897,89272481552.98758,2.355136485654588e+18,2.355136485654588e+18,2.3424244111967954e+18,4.2460384189668714e-19,0.09767483066483869,-13.071413926235355,-3.1786173085334752,0.05324626986666035,5.9580296319404915e-05,64,-21951.235922842046,88790624823.07933,88790624794.60185,4.353453461320682,1.2967733718111898,89272481552.98758,2.3551364856545884e+18,2.3424244111967954e+18,2.355136485654588e+18,0.5397595653255447,21951.235922842046,2.3424244139706967e+18,88790624899.74777,26381438.54281344,4.684848827941393e+18,177581250000.0,0.5,0.09793950717362658,True,True,True,True,-1.1842009908434556e-09,False,False,True,-13.256466474732292,-13.256466469430784,-13.071413926235355,-13.071413926235355,-0.18505254849693742,True,0.25,4,32,-1.3671875e-06,1.0416666666666667e-06,4,controlled_tilt,,unknown_amplitude_exact,,-13.256466474732292,0.2173585239870126,249.0,1.0416666666666667e-06,2.3424244139706967e+18,88790624899.74777,quad_over_lin,1e-12,,,,,,,,,,,,,,,,,,,,,,,4.0
exact_efim_cutting_plane_psl,Exact EFIM+cutting-plane PSL,ok,optimal,0.5103894169988052,False,,exact_efim,290.2302307547122,4353453.461320682,0.9999999996792738,3.357142856226497,1296773.3718111897,89272481552.98758,2.355136485654588e+18,2.355136485654588e+18,2.3424244111967954e+18,4.2460384189668714e-19,0.09767483066483869,-13.071413926235355,-3.1786173085334752,0.05324626986666035,5.9580296319404915e-05,64,-21951.235922842046,88790624823.07933,88790624794.60185,4.353453461320682,1.2967733718111898,89272481552.98758,2.3551364856545884e+18,2.3424244111967954e+18,2.355136485654588e+18,0.5397595653255447,21951.235922842046,2.3424244139706967e+18,88790624899.74777,26381438.54281344,4.684848827941393e+18,177581250000.0,0.5,0.09793950717362658,True,True,True,True,-1.1842009908434556e-09,False,False,True,-13.256466474732292,-13.256466469430784,-13.071413926235355,-13.071413926235355,-0.18505254849693742,True,0.25,4,32,-1.3671875e-06,1.0416666666666667e-06,4,controlled_tilt,,unknown_amplitude_exact,,-13.256466474732292,0.2173585239870126,249.0,1.0416666666666667e-06,2.3424244139706967e+18,88790624899.74777,quad_over_lin,1e-12,-3.181764424628215,-0.18505254849693742,249.0,1985.0,1.0,249.0,True,1.0,dense_psl_satisfied,False,0.5103894169988052,0.0,249.0,-13.071413926235355,-13.256466469430784,,0.0,,,,,,4.0
exact_efim_cutting_plane_psl_ee,Exact EFIM+cutting-plane PSL+EE,ok,optimal,0.853491957001097,False,,exact_efim,278.13437046168934,4172015.55692534,0.9228024828243029,3.136578522355151,1330116.7266148063,88877644299.34958,2.344720110913324e+18,2.344720110913324e+18,2.342424410441668e+18,4.264901364327345e-19,0.09789154953302813,-13.044640949276975,-0.3169672978799548,0.06249999993216742,0.00011531865374621696,64,-9710.777377340155,96218450230.24683,88790624765.9784,4.17201555692534,1.3301167266148064,88877644299.34958,2.344720110913324e+18,2.342424410441668e+18,2.344720110913324e+18,0.09790936073652332,9710.777377340155,2.3424244139706967e+18,88790624899.74777,26381438.54281344,4.684848827941393e+18,177581250000.0,0.5,0.09793950717362658,True,True,True,True,-1.5065709642335325e-09,False,False,True,-13.256466474732292,-13.25646645849125,-13.044640949276975,-13.044640949276975,-0.21182552545531763,True,0.25,4,32,-3.3203125000000002e-06,1.0416666666666667e-06,4,controlled_tilt,,unknown_amplitude_exact,,-13.256466474732292,0.2173585239870126,249.0,1.0416666666666667e-06,2.3424244139706967e+18,88790624899.74777,quad_over_lin,1e-12,-0.32048786607669866,-0.21182552545531763,249.0,1985.0,1.0,249.0,True,1.0,dense_psl_satisfied,False,0.853491957001097,0.0,249.0,-13.044640949276975,-13.25646645849125,,0.0,4.0,True,1330116.7268447399,-0.0007212045602500439,0.8057832110025629,4.0
uniform,Uniform,ok,ok,1.5650999557692558e-05,False,,none,263.09649095539487,3946447.364330923,1.0,3.357142857142857,1175537.512779424,76781250000.0,2.0255998281153943e+18,2.0255998281153943e+18,2.0255998281153943e+18,4.936809265680052e-19,0.10532073506634214,-13.256466474732292,-9.684463547443015,0.015625,0.0,64,0.0,76781250000.0,76781250000.0,3.9464473643309232,1.1755375127794239,76781250000.0,2.0255998281153943e+18,2.0255998281153943e+18,2.0255998281153943e+18,0.0,0.0,2.3424244139706967e+18,88790624899.74777,26381438.54281344,4.684848827941393e+18,177581250000.0,0.5,0.09793950717362658,False,False,False,False,-0.13525498793715435,False,False,True,-13.256466474732292,-13.456972739469613,-13.256466474732292,-13.256466474732292,0.0,True,0.25,4,32,-1.4973958333333334e-06,1.0416666666666667e-06,5,controlled_tilt,,,,,,,,,,,,,,,,,,,,,,,,,,,,,,,,,,4.0
water_filling,Water-filling,ok,ok,0.00020579099873430096,False,,none,267.8376825995424,4017565.238993136,0.9999999999993864,3.357142857141104,1196721.560551772,71564854469.66412,1.887983810016832e+18,1.887983810016832e+18,1.8438066070640036e+18,5.296655589388156e-19,0.10909166605368988,-13.035923079510463,-7.369164881792028,0.01904252530363004,2.9606421786489955e-05,60,-40921.34230387635,69890298213.75702,69890298213.71413,4.017565238993136,1.1967215605517718,71564854469.66412,1.8879838100168317e+18,1.8438066070640036e+18,1.887983810016832e+18,2.339914289436336,40921.34230387635,2.3424244139706967e+18,88790624899.74777,26381438.54281344,4.684848827941393e+18,177581250000.0,0.5,0.09793950717362658,False,False,False,False,-0.21286398994684091,False,False,True,-13.256466474732292,-13.035923079510463,-13.035923079510463,-13.035923079510463,-0.22054339522182964,True,0.25,4,32,-1.5625e-06,1.0416666666666667e-06,5,controlled_tilt,0.019080612082797786,,,,,,,,,,,,,,,,,,,,,,,,,,,,,,,,,4.0
conventional_s2,Conventional $S_2$,ok,optimal,0.00822973100002855,False,,conventional_s2,265.7341418639097,3986012.1279586456,0.9999999994392199,3.3571428555406286,1187322.7620862578,88790624873.52141,2.3424244132788076e+18,2.3424244132788076e+18,2.2683066611197414e+18,4.269081189263437e-19,0.09793950718809094,-9.5272718897595,-4.056763760827364,0.03054602218820189,4.4786479984783474e-05,64,-53004.395180038846,85981159014.9117,85981158966.69518,3.9860121279586456,1.1873227620862579,88790624873.52141,2.3424244132788076e+18,2.2683066611197414e+18,2.3424244132788076e+18,3.164147015327586,53004.395180038846,2.3424244139706967e+18,88790624899.74777,26381438.54281344,4.684848827941393e+18,177581250000.0,0.5,0.09793950717362658,True,False,False,False,-0.03164147043930292,True,True,True,-13.256466474732292,-9.97030506769958,-9.5272718897595,-9.5272718897595,-3.7291945849727917,False,0.25,4,32,-1.4322916666666667e-06,1.0416666666666667e-06,5,controlled_tilt,,known_amplitude_linear,88790624899.74777,,,,,,,,,,,,,,,,,,,,,,,,,,,,,,,4.0
conventional_s2_psl,Conventional $S_2$+PSL,ok,optimal,0.5030494919992634,False,,conventional_s2,263.6228786508592,3954343.1797628882,0.9999999994901942,3.3571428556862695,1177889.4583127708,88790624851.31876,2.34242441269307e+18,2.34242441269307e+18,2.220036515107382e+18,4.269081190330947e-19,0.09793950720033612,-12.929475187720358,-3.0460217454803433,0.057450664361387474,7.265694836402928e-05,64,-68111.43035461236,84151457951.63351,84151457908.73262,3.9543431797628883,1.1778894583127708,88790624851.31876,2.3424244126930693e+18,2.220036515107382e+18,2.34242441269307e+18,5.224838715072101,68111.43035461236,2.3424244139706967e+18,88790624899.74777,26381438.54281344,4.684848827941393e+18,177581250000.0,0.5,0.09793950717362658,True,False,False,False,-0.0522483876676525,True,True,True,-13.256466474732292,-13.256466460050373,-12.907342718746392,-12.907342718746392,-0.3491237559859002,False,0.25,4,32,-1.3997395833333333e-06,1.0416666666666667e-06,5,controlled_tilt,,known_amplitude_linear,88790624899.74777,-13.256466474732292,0.2173585239870126,249.0,1.0416666666666667e-06,,,,,,,,,,,,,,,,,,,,,,,,,,,4.0
exact_efim,Exact EFIM,ok,optimal,0.009445757998037152,False,,exact_efim,265.3491445054977,3980237.1675824653,0.9999999995903277,3.357142855972365,1185602.560969848,89622110418.18712,2.364360198074644e+18,2.364360198074644e+18,2.342424411358121e+18,4.2294740066015507e-19,0.09748412264012409,-9.2770975596984,-3.8042470879710333,0.027951619731401166,4.33419572273662e-05,64,-28835.49232821981,88790624837.092,88790624800.71693,3.9802371675824655,1.185602560969848,89622110418.18712,2.3643601980746435e+18,2.342424411358121e+18,2.364360198074644e+18,0.9277683973188964,28835.49232821981,2.3424244139706967e+18,88790624899.74777,26381438.54281344,4.684848827941393e+18,177581250000.0,0.5,0.09793950717362658,True,True,True,True,-1.1153297960941944e-09,False,False,True,-13.256466474732292,-9.83053700877832,-9.2770975596984,-9.2770975596984,-3.9793689150338913,False,0.25,4,32,-1.4322916666666667e-06,1.0416666666666667e-06,5,controlled_tilt,,unknown_amplitude_exact,,,,,,2.3424244139706967e+18,88790624899.74777,quad_over_lin,1e-12,,,,,,,,,,,,,,,,,,,,,,,4.0
exact_efim_sampled_psl,Exact EFIM+sampled PSL,ok,optimal,0.49432403199898545,False,,exact_efim,262.8032201056558,3942048.3015848366,0.9999999994100921,3.3571428554574063,1174227.1542530882,89105971430.8016,2.350743709099383e+18,2.350743709099383e+18,2.3424244086879667e+18,4.253972885811189e-19,0.09776604933882738,-13.010553270863031,-3.2715543217164145,0.043157675889199755,5.6754950700785734e-05,64,-17758.004715734583,88790624751.88188,88790624699.50359,3.9420483015848364,1.1742271542530882,89105971430.8016,2.350743709099383e+18,2.3424244086879667e+18,2.350743709099383e+18,0.3539007837908181,17758.004715734583,2.3424244139706967e+18,88790624899.74777,26381438.54281344,4.684848827941393e+18,177581250000.0,0.5,0.09793950717362658,True,True,True,True,-2.2552403195990965e-09,False,False,True,-13.256466474732292,-13.25646645659539,-12.99463708947716,-12.99463708947716,-0.26182938525513144,False,0.25,4,32,-3.4830729166666668e-06,1.0416666666666667e-06,5,controlled_tilt,,unknown_amplitude_exact,,-13.256466474732292,0.2173585239870126,249.0,1.0416666666666667e-06,2.3424244139706967e+18,88790624899.74777,quad_over_lin,1e-12,,,,,,,,,,,,,,,,,,,,,,,4.0
exact_efim_cutting_plane_psl,Exact EFIM+cutting-plane PSL,ok,optimal,1.0141815610004414,False,,exact_efim,262.7899888012385,3941849.8320185775,0.9999999994056532,3.3571428554447236,1174168.0356632895,89102028687.7684,2.350639693866362e+18,2.350639693866362e+18,2.342424408577026e+18,4.2541611230736404e-19,0.09776821237681589,-13.040764055265564,-3.2600147163565603,0.04359090620103355,5.7013579874293464e-05,64,-17646.642532084203,88790624748.07076,88790624695.29832,3.9418498320185775,1.1741680356632895,89102028687.7684,2.350639693866362e+18,2.342424408577026e+18,2.350639693866362e+18,0.3494914729285118,17646.642532084203,2.3424244139706967e+18,88790624899.74777,26381438.54281344,4.684848827941393e+18,177581250000.0,0.5,0.09793950717362658,True,True,True,True,-2.3026017931810515e-09,False,False,True,-13.256466474732292,-13.256466456551703,-13.040764055265564,-13.040764055265564,-0.2157024194667283,True,0.25,4,32,-1.3671875e-06,1.0416666666666667e-06,5,controlled_tilt,,unknown_amplitude_exact,,-13.256466474732292,0.2173585239870126,251.0,1.0416666666666667e-06,2.3424244139706967e+18,88790624899.74777,quad_over_lin,1e-12,-3.262224304844679,-0.2157024194667283,249.0,1985.0,2.0,251.0,True,2.0,dense_psl_satisfied,False,1.0141815610004414,2.0,251.0,-12.99463708947716,-13.25646645659539,-3.4830729166666668e-06,1.0,,,,,,4.0
exact_efim_cutting_plane_psl_ee,Exact EFIM+cutting-plane PSL+EE,ok,optimal,0.8529956189995573,False,,exact_efim,250.69479776825125,3760421.966523769,0.9263052537349954,3.146586439242844,1195079.8235273112,88853347651.17279,2.344079130382652e+18,2.344079130382652e+18,2.342424409879703e+18,4.266067587218176e-19,0.09790493267519282,-13.075407371819932,-0.6609350451934047,0.06249999987553859,0.0001047321788097252,64,-8228.790844240622,95854605581.32468,88790624744.67686,3.760421966523769,1.1950798235273112,88853347651.17279,2.344079130382652e+18,2.342424409879703e+18,2.344079130382652e+18,0.07059149503535507,8228.790844240622,2.3424244139706967e+18,88790624899.74777,26381438.54281344,4.684848827941393e+18,177581250000.0,0.5,0.09793950717362658,True,True,True,True,-1.7464784091219677e-09,False,False,True,-13.256466474732292,-13.256466456405608,-13.075407371819932,-13.075407371819932,-0.18105910291236071,True,0.25,4,32,-2.2786458333333335e-06,1.0416666666666667e-06,5,controlled_tilt,,unknown_amplitude_exact,,-13.256466474732292,0.2173585239870126,249.0,1.0416666666666667e-06,2.3424244139706967e+18,88790624899.74777,quad_over_lin,1e-12,-0.6643785449187432,-0.18105910291236071,249.0,1985.0,1.0,249.0,True,1.0,dense_psl_satisfied,False,0.8529956189995573,0.0,249.0,-13.075407371819932,-13.256466456405608,,0.0,4.0,True,1195079.8234951883,0.0001010778360068798,0.8056802679966495,4.0
uniform,Uniform,ok,ok,1.4191999071044847e-05,False,,none,287.4448534406771,4311672.801610156,1.0,3.357142857142857,1284328.0685647272,76781250000.0,2.0255998281153943e+18,2.0255998281153943e+18,2.0255998281153943e+18,4.936809265680052e-19,0.10532073506634214,-13.256466474732292,-9.684463547443015,0.015625,0.0,64,0.0,76781250000.0,76781250000.0,4.311672801610156,1.2843280685647271,76781250000.0,2.0255998281153943e+18,2.0255998281153943e+18,2.0255998281153943e+18,0.0,0.0,2.3424244139706967e+18,88790624899.74777,26381438.54281344,4.684848827941393e+18,177581250000.0,0.5,0.09793950717362658,False,False,False,False,-0.13525498793715435,False,False,True,-13.256466474732292,-13.456972739469613,-13.256466474732292,-13.256466474732292,0.0,True,0.25,4,32,-1.4973958333333334e-06,1.0416666666666667e-06,6,controlled_tilt,,,,,,,,,,,,,,,,,,,,,,,,,,,,,,,,,,4.0
water_filling,Water-filling,ok,ok,0.00020415600010892376,False,,none,291.13549325819685,4367032.398872953,1.0000000000003961,3.357142857143989,1300818.1613659728,70659429059.40012,1.8640973852008502e+18,1.8640973852008502e+18,1.828030749134213e+18,5.364526595761805e-19,0.10978838804049718,-14.597837607649332,-8.942288877620978,0.01804859007436476,1.9016090136216605e-05,60,-36974.608320908046,69292307398.88756,69292307398.91501,4.3670323988729525,1.3008181613659728,70659429059.40012,1.8640973852008502e+18,1.828030749134213e+18,1.8640973852008502e+18,1.9348042839913644,36974.608320908046,2.3424244139706967e+18,88790624899.74777,26381438.54281344,4.684848827941393e+18,177581250000.0,0.5,0.09793950717362658,False,False,False,False,-0.2195988317781077,False,False,True,-13.256466474732292,-14.597837607649332,-14.597837607649332,-14.597837607649332,1.3413711329170397,True,0.25,4,32,-1.5625e-06,1.0416666666666667e-06,6,controlled_tilt,0.01809044964008296,,,,,,,,,,,,,,,,,,,,,,,,,,,,,,,,,4.0
conventional_s2,Conventional $S_2$,ok,optimal,0.00737721500263433,False,,conventional_s2,288.7357033829401,4331035.550744101,0.9999999996011919,3.3571428560034056,1290095.696404201,88790624885.10947,2.3424244135845166e+18,2.3424244135845166e+18,2.290007981393128e+18,4.2690811887062804e-19,0.0979395071816999,-10.625038269755443,-4.65331054180511,0.031063866847145953,3.400289712593066e-05,64,-44574.29590145681,86803757065.40926,86803757030.79121,4.331035550744102,1.290095696404201,88790624885.10947,2.342424413584517e+18,2.290007981393128e+18,2.3424244135845166e+18,2.237700046473557,44574.29590145681,2.3424244139706967e+18,88790624899.74777,26381438.54281344,4.684848827941393e+18,177581250000.0,0.5,0.09793950717362658,True,False,False,False,-0.02237700062590984,True,True,True,-13.256466474732292,-11.117548899582854,-10.625038269755443,-10.625038269755443,-2.6314282049768494,False,0.25,4,32,-1.4322916666666667e-06,1.0416666666666667e-06,6,controlled_tilt,,known_amplitude_linear,88790624899.74777,,,,,,,,,,,,,,,,,,,,,,,,,,,,,,,4.0
conventional_s2_psl,Conventional $S_2$+PSL,ok,optimal,0.50667268899997,False,,conventional_s2,287.87901819625654,4318185.272943848,0.9999999996259774,3.3571428560742214,1286267.9540522892,88790624867.89488,2.342424413130371e+18,2.342424413130371e+18,2.2923741682692157e+18,4.2690811895339633e-19,0.09793950719119408,-12.999962267610002,-3.9368427779990274,0.042308875183520486,4.7904189086308454e-05,64,-43556.58947121219,86893448414.74086,86893448382.24075,4.318185272943848,1.2862679540522892,88790624867.89488,2.3424244131303716e+18,2.2923741682692157e+18,2.342424413130371e+18,2.136685588683271,43556.58947121219,2.3424244139706967e+18,88790624899.74777,26381438.54281344,4.684848827941393e+18,177581250000.0,0.5,0.09793950717362658,True,False,False,False,-0.021366856237909362,True,True,True,-13.256466474732292,-13.256466468729794,-12.999962267610002,-12.999962267610002,-0.2565042071222905,False,0.25,4,32,-1.3671875e-06,1.0416666666666667e-06,6,controlled_tilt,,known_amplitude_linear,88790624899.74777,-13.256466474732292,0.2173585239870126,249.0,1.0416666666666667e-06,,,,,,,,,,,,,,,,,,,,,,,,,,,4.0
exact_efim,Exact EFIM,ok,optimal,0.00899815800221404,False,,exact_efim,288.453082260218,4326796.23390327,0.9999999994376476,3.3571428555361362,1288832.9213539767,89387157692.91837,2.358161807192499e+18,2.358161807192499e+18,2.34242441049281e+18,4.2405911118989173e-19,0.09761215629628914,-10.567590206708466,-4.336992904691653,0.03103142864871873,3.4907392641637814e-05,64,-24424.023528830236,88790624817.8486,88790624767.91698,4.32679623390327,1.2888329213539766,89387157692.91837,2.358161807192499e+18,2.34242441049281e+18,2.358161807192499e+18,0.6673586456912836,24424.023528830236,2.3424244139706967e+18,88790624899.74777,26381438.54281344,4.684848827941393e+18,177581250000.0,0.5,0.09793950717362658,True,True,True,True,-1.4847379677470812e-09,False,False,True,-13.256466474732292,-11.006777064984504,-10.556629263677559,-10.556629263677559,-2.6998372110547333,False,0.25,4,32,-1.3997395833333333e-06,1.0416666666666667e-06,6,controlled_tilt,,unknown_amplitude_exact,,,,,,2.3424244139706967e+18,88790624899.74777,quad_over_lin,1e-12,,,,,,,,,,,,,,,,,,,,,,,4.0
exact_efim_sampled_psl,Exact EFIM+sampled PSL,ok,optimal,0.5002171710002585,False,,exact_efim,287.54402662499547,4313160.399374932,0.9999999995292423,3.3571428557978353,1284771.1833072698,89077521764.95717,2.349993165988344e+18,2.349993165988344e+18,2.342424409973258e+18,4.2553315238235043e-19,0.09778166040058851,-13.028999754357828,-3.5546462429451275,0.046376551099358704,5.1090892144224964e-05,64,-16938.03462238475,88790624790.022,88790624748.22313,4.313160399374932,1.28477118330727,89077521764.95717,2.349993165988344e+18,2.342424409973258e+18,2.349993165988344e+18,0.32207566067122384,16938.03462238475,2.3424244139706967e+18,88790624899.74777,26381438.54281344,4.684848827941393e+18,177581250000.0,0.5,0.09793950717362658,True,True,True,True,-1.706538934685987e-09,False,False,True,-13.256466474732292,-13.256466467075612,-13.028999754357828,-13.028999754357828,-0.2274667203744638,True,0.25,4,32,-1.3671875e-06,1.0416666666666667e-06,6,controlled_tilt,,unknown_amplitude_exact,,-13.256466474732292,0.2173585239870126,249.0,1.0416666666666667e-06,2.3424244139706967e+18,88790624899.74777,quad_over_lin,1e-12,,,,,,,,,,,,,,,,,,,,,,,4.0
exact_efim_cutting_plane_psl,Exact EFIM+cutting-plane PSL,ok,optimal,0.5184545100019022,False,,exact_efim,287.54402662499547,4313160.399374932,0.9999999995292423,3.3571428557978353,1284771.1833072698,89077521764.95717,2.349993165988344e+18,2.349993165988344e+18,2.342424409973258e+18,4.2553315238235043e-19,0.09778166040058851,-13.028999754357828,-3.5546462429451275,0.046376551099358704,5.1090892144224964e-05,64,-16938.03462238475,88790624790.022,88790624748.22313,4.313160399374932,1.28477118330727,89077521764.95717,2.349993165988344e+18,2.342424409973258e+18,2.349993165988344e+18,0.32207566067122384,16938.03462238475,2.3424244139706967e+18,88790624899.74777,26381438.54281344,4.684848827941393e+18,177581250000.0,0.5,0.09793950717362658,True,True,True,True,-1.706538934685987e-09,False,False,True,-13.256466474732292,-13.256466467075612,-13.028999754357828,-13.028999754357828,-0.2274667203744638,True,0.25,4,32,-1.3671875e-06,1.0416666666666667e-06,6,controlled_tilt,,unknown_amplitude_exact,,-13.256466474732292,0.2173585239870126,249.0,1.0416666666666667e-06,2.3424244139706967e+18,88790624899.74777,quad_over_lin,1e-12,-3.557331600541491,-0.2274667203744638,249.0,1985.0,1.0,249.0,True,1.0,dense_psl_satisfied,False,0.5184545100019022,0.0,249.0,-13.028999754357828,-13.256466467075612,,0.0,,,,,,4.0
exact_efim_cutting_plane_psl_ee,Exact EFIM+cutting-plane PSL+EE,ok,optimal,1.616304424998816,False,,exact_efim,275.33660760184284,4130049.1140276426,0.9180508814841064,3.1230025185260186,1322461.0257365163,88833028073.18048,2.3435430706846316e+18,2.3435430706846316e+18,2.3424244106111447e+18,4.267043403251235e-19,0.09791612937313779,-13.024610368432505,0.025186002445084666,0.062499999888230975,0.0001258301768990783,64,-6796.2047786966195,96716452827.60907,88790624772.4025,4.130049114027643,1.3224610257365164,88833028073.18048,2.3435430706846316e+18,2.3424244106111447e+18,2.3435430706846316e+18,0.04773371087052597,6796.2047786966195,2.3424244139706967e+18,88790624899.74777,26381438.54281344,4.684848827941393e+18,177581250000.0,0.5,0.09793950717362658,True,True,True,True,-1.4342200243316059e-09,False,False,True,-13.256466474732292,-13.256466458993643,-13.024610368432505,-13.024610368432505,-0.23185610629978726,True,0.25,4,32,-2.2786458333333335e-06,1.0416666666666667e-06,6,controlled_tilt,,unknown_amplitude_exact,,-13.256466474732292,0.2173585239870126,251.0,1.0416666666666667e-06,2.3424244139706967e+18,88790624899.74777,quad_over_lin,1e-12,0.021721243778231585,-0.23185610629978726,249.0,1985.0,2.0,251.0,True,2.0,dense_psl_satisfied,False,1.616304424998816,2.0,251.0,-12.973579212401527,-13.256466459223777,-3.2877604166666667e-06,1.0,4.0,True,1322461.0259920254,-0.0007979553192853928,0.7441906329986523,4.0
uniform,Uniform,ok,ok,1.4399000065168366e-05,False,,none,287.7442358211533,4316163.5373173,1.0,3.357142857142857,1285665.7345200467,76781250000.0,2.0255998281153943e+18,2.0255998281153943e+18,2.0255998281153943e+18,4.936809265680052e-19,0.10532073506634214,-13.256466474732292,-9.684463547443015,0.015625,0.0,64,0.0,76781250000.0,76781250000.0,4.3161635373173,1.2856657345200468,76781250000.0,2.0255998281153943e+18,2.0255998281153943e+18,2.0255998281153943e+18,0.0,0.0,2.3424244139706967e+18,88790624899.74777,26381438.54281344,4.684848827941393e+18,177581250000.0,0.5,0.09793950717362658,False,False,False,False,-0.13525498793715435,False,False,True,-13.256466474732292,-13.456972739469613,-13.256466474732292,-13.256466474732292,0.0,True,0.25,4,32,-1.4973958333333334e-06,1.0416666666666667e-06,7,controlled_tilt,,,,,,,,,,,,,,,,,,,,,,,,,,,,,,,,,,4.0
water_filling,Water-filling,ok,ok,0.0001988929980143439,False,,none,292.6622558702628,4389933.838053942,1.0000000000002014,3.3571428571434327,1307639.8666541413,71614457716.40332,1.889292415022206e+18,1.889292415022206e+18,1.8302301989421711e+18,5.292986898421685e-19,0.10905387872449351,-14.47724213168726,-7.439913619882712,0.018690408501165795,3.154793113395499e-05,58,-47315.739534998764,69375678508.64505,69375678508.65903,4.389933838053942,1.3076398666541413,71614457716.40332,1.889292415022206e+18,1.8302301989421711e+18,1.889292415022206e+18,3.1261553590337483,47315.739534998764,2.3424244139706967e+18,88790624899.74777,26381438.54281344,4.684848827941393e+18,177581250000.0,0.5,0.09793950717362658,False,False,False,False,-0.2186598687981968,False,False,True,-13.256466474732292,-14.47724213168726,-14.47724213168726,-14.47724213168726,1.2207756569549684,True,0.25,4,32,-1.5625e-06,1.0416666666666667e-06,7,controlled_tilt,0.018732205565458834,,,,,,,,,,,,,,,,,,,,,,,,,,,,,,,,,4.0
conventional_s2,Conventional $S_2$,ok,optimal,0.0077280600016820244,False,,conventional_s2,290.6548194951574,4359822.292427361,0.999999999639792,3.3571428561136916,1298670.4704828663,88790624888.96033,2.3424244136861076e+18,2.3424244136861076e+18,2.2707903505426977e+18,4.26908118852113e-19,0.09793950717957609,-10.678465471620042,-4.277594590560802,0.030478956277494713,4.2564984935155774e-05,64,-52108.738098451046,86075304334.73045,86075304303.72545,4.359822292427361,1.2986704704828662,88790624888.96033,2.342424413686108e+18,2.2707903505426977e+18,2.3424244136861076e+18,3.058116314228661,52108.738098451046,2.3424244139706967e+18,88790624899.74777,26381438.54281344,4.684848827941393e+18,177581250000.0,0.5,0.09793950717362658,True,False,False,False,-0.03058116326006458,True,True,True,-13.256466474732292,-11.129698535396574,-10.676860517181213,-10.676860517181213,-2.5796059575510792,False,0.25,4,32,-1.3997395833333333e-06,1.0416666666666667e-06,7,controlled_tilt,,known_amplitude_linear,88790624899.74777,,,,,,,,,,,,,,,,,,,,,,,,,,,,,,,4.0
conventional_s2_psl,Conventional $S_2$+PSL,ok,optimal,0.5022436430008383,False,,conventional_s2,289.80527275963783,4347079.091394568,0.9999999995832909,3.35714285595226,1294874.623427817,88790624864.68831,2.3424244130457774e+18,2.3424244130457774e+18,2.276711227578709e+18,4.2690811896881354e-19,0.09793950719296256,-13.018095425573865,-3.76771745617864,0.04197687886336398,5.282655004037409e-05,64,-49908.78801172479,86299737780.88889,86299737744.927,4.347079091394568,1.294874623427817,88790624864.68831,2.3424244130457774e+18,2.276711227578709e+18,2.3424244130457774e+18,2.8053492399194955,49908.78801172479,2.3424244139706967e+18,88790624899.74777,26381438.54281344,4.684848827941393e+18,177581250000.0,0.5,0.09793950717362658,True,False,False,False,-0.028053492782973432,True,True,True,-13.256466474732292,-13.256466467693125,-13.018095425573865,-13.018095425573865,-0.23837104915842744,True,0.25,4,32,-1.3671875e-06,1.0416666666666667e-06,7,controlled_tilt,,known_amplitude_linear,88790624899.74777,-13.256466474732292,0.2173585239870126,249.0,1.0416666666666667e-06,,,,,,,,,,,,,,,,,,,,,,,,,,,4.0
exact_efim,Exact EFIM,ok,optimal,0.00971911899978295,False,,exact_efim,290.29669396196795,4354450.409429519,0.9999999994643668,3.357142855612477,1297070.3353149665,89667899327.01385,2.3655681753587983e+18,2.3655681753587983e+18,2.3424244101455037e+18,4.227314225887084e-19,0.0974592293303184,-10.60262188984834,-3.946337834076007,0.02935135779353644,4.2450713248413675e-05,64,-29618.82125830779,88790624802.31137,88790624754.75217,4.3544504094295196,1.2970703353149664,89667899327.01385,2.3655681753587983e+18,2.3424244101455037e+18,2.3655681753587983e+18,0.9783596792675084,29618.82125830779,2.3424244139706967e+18,88790624899.74777,26381438.54281344,4.684848827941393e+18,177581250000.0,0.5,0.09793950717362658,True,True,True,True,-1.6330059306015466e-09,False,False,True,-13.256466474732292,-10.985317915622268,-10.578188735854802,-10.578188735854802,-2.6782777388774903,False,0.25,4,32,-1.3997395833333333e-06,1.0416666666666667e-06,7,controlled_tilt,,unknown_amplitude_exact,,,,,,2.3424244139706967e+18,88790624899.74777,quad_over_lin,1e-12,,,,,,,,,,,,,,,,,,,,,,,4.0
exact_efim_sampled_psl,Exact EFIM+sampled PSL,ok,optimal,0.4964443270000629,False,,exact_efim,289.3770023060821,4340655.0345912315,0.9999999998894906,3.3571428568271164,1292961.074255162,89187921189.35583,2.352905661618279e+18,2.352905661618279e+18,2.342424413093506e+18,4.2500641496702466e-19,0.09772112315768561,-13.052431369895597,-3.4273944145941346,0.04435578979410222,5.3935376200810674e-05,64,-19932.293468194785,88790624876.3097,88790624866.4975,4.340655034591231,1.2929610742551618,89187921189.35583,2.3529056616182794e+18,2.342424413093506e+18,2.352905661618279e+18,0.4454597859892131,19932.293468194785,2.3424244139706967e+18,88790624899.74777,26381438.54281344,4.684848827941393e+18,177581250000.0,0.5,0.09793950717362658,True,True,True,True,-3.7447981278211416e-10,False,False,True,-13.256466474732292,-13.25646647271131,-13.052431369895597,-13.052431369895597,-0.20403510483669507,True,0.25,4,32,-1.3671875e-06,1.0416666666666667e-06,7,controlled_tilt,,unknown_amplitude_exact,,-13.256466474732292,0.2173585239870126,249.0,1.0416666666666667e-06,2.3424244139706967e+18,88790624899.74777,quad_over_lin,1e-12,,,,,,,,,,,,,,,,,,,,,,,4.0
exact_efim_cutting_plane_psl,Exact EFIM+cutting-plane PSL,ok,optimal,0.5027440970006865,False,,exact_efim,289.3770023060821,4340655.0345912315,0.9999999998894906,3.3571428568271164,1292961.074255162,89187921189.35583,2.352905661618279e+18,2.352905661618279e+18,2.342424413093506e+18,4.2500641496702466e-19,0.09772112315768561,-13.052431369895597,-3.4273944145941346,0.04435578979410222,5.3935376200810674e-05,64,-19932.293468194785,88790624876.3097,88790624866.4975,4.340655034591231,1.2929610742551618,89187921189.35583,2.3529056616182794e+18,2.342424413093506e+18,2.352905661618279e+18,0.4454597859892131,19932.293468194785,2.3424244139706967e+18,88790624899.74777,26381438.54281344,4.684848827941393e+18,177581250000.0,0.5,0.09793950717362658,True,True,True,True,-3.7447981278211416e-10,False,False,True,-13.256466474732292,-13.25646647271131,-13.052431369895597,-13.052431369895597,-0.20403510483669507,True,0.25,4,32,-1.3671875e-06,1.0416666666666667e-06,7,controlled_tilt,,unknown_amplitude_exact,,-13.256466474732292,0.2173585239870126,249.0,1.0416666666666667e-06,2.3424244139706967e+18,88790624899.74777,quad_over_lin,1e-12,-3.4303645702878423,-0.20403510483669507,249.0,1985.0,1.0,249.0,True,1.0,dense_psl_satisfied,False,0.5027440970006865,0.0,249.0,-13.052431369895597,-13.25646647271131,,0.0,,,,,,4.0
exact_efim_cutting_plane_psl_ee,Exact EFIM+cutting-plane PSL+EE,ok,optimal,0.9157266529982735,False,,exact_efim,278.02221038188793,4170333.1557283187,0.9229329972123013,3.136951420606575,1329422.2946308567,88854502028.39203,2.3441095845143163e+18,2.3441095845143163e+18,2.3424244103863465e+18,4.266012163450939e-19,0.09790429669396265,-13.047425988357933,-0.09878069889687367,0.062499999915742364,0.00012335298568910685,64,-8319.324568081169,96204843723.29468,88790624763.88141,4.1703331557283185,1.3294222946308567,88854502028.39203,2.3441095845143163e+18,2.3424244103863465e+18,2.3441095845143163e+18,0.07188973327451961,8319.324568081169,2.3424244139706967e+18,88790624899.74777,26381438.54281344,4.684848827941393e+18,177581250000.0,0.5,0.09793950717362658,True,True,True,True,-1.5301882044185522e-09,False,False,True,-13.256466474732292,-13.256466455973186,-13.047425988357933,-13.047425988357933,-0.20904048637435935,True,0.25,4,32,-3.3203125000000002e-06,1.0416666666666667e-06,7,controlled_tilt,,unknown_amplitude_exact,,-13.256466474732292,0.2173585239870126,249.0,1.0416666666666667e-06,2.3424244139706967e+18,88790624899.74777,quad_over_lin,1e-12,-0.10216412709528189,-0.20904048637435935,249.0,1985.0,1.0,249.0,True,1.0,dense_psl_satisfied,False,0.9157266529982735,0.0,249.0,-13.047425988357933,-13.256466455973186,,0.0,4.0,True,1329422.2943368328,0.0009223385713994503,0.8682698400007212,4.0
