method,label,status,solver_status,solve_time_s,solver_inaccurate,error,optimizer_model,rate_spectral_efficiency,rate_bps,tx_power_w,system_power_w,energy_efficiency_bit_per_j,sensing_surrogate,delay_fim_per_s2,delay_fim_known_amplitude_per_s2,delay_fim_unknown_amplitude_per_s2,delay_crb_s2,range_rmse_bound_m,psl_db,isl_db,peak_power_w,power_variance_w2,num_active_subcarriers,spectral_centroid_hz,power_weighted_spectral_variance_hz2,unknown_amplitude_kernel_w_hz2,rate_mbps,ee_mbit_per_j,optimizer_claimed_sensing_metric,optimizer_claimed_known_fim,independently_evaluated_unknown_fim,independently_evaluated_known_fim,fim_mismatch_percent,centroid_magnitude_hz,gamma_unknown_fim,gamma_conventional_s,c_beta,j_max,s_max,fim_fraction,max_range_rmse_m_target,optimizer_claimed_sensing_satisfied,physical_sensing_satisfied,physical_sensing_satisfied_1pct,physical_sensing_satisfied_2pct,relative_unknown_fim_gap,false_sensing_feasibility,material_false_sensing_feasibility_1pct,psl_requirement_applicable,requested_psl_max_db,optimization_grid_psl_db,validation_grid_psl_db,dense_psl_db,psl_margin_db,dense_psl_satisfied,psl_tolerance_db,optimization_oversampling,validation_oversampling,worst_delay_s,mainlobe_exclusion_s,realization,channel_kind,water_level_w,sensing_model,min_sensing_surrogate,psl_max_db,psl_rho,num_psl_soc_constraints,psl_mainlobe_exclusion_s,min_unknown_fim,gamma_fim_kernel,unknown_fim_representation,s0_epsilon_w,validation_grid_isl_db,violation_margin_db,optimization_grid_sidelobe_samples,validation_grid_sidelobe_samples,cutting_plane_iteration,cutting_plane_num_constraints,cutting_plane_converged,cutting_plane_iterations,cutting_plane_status,cutting_plane_infeasible,cutting_plane_runtime_s,num_added_soc_constraints,num_final_soc_constraints,initial_validation_grid_psl_db,initial_optimization_grid_psl_db,worst_violating_delay_s,num_worst_violating_delays,dinkelbach_iterations,dinkelbach_converged,dinkelbach_q_final_bit_per_j,dinkelbach_final_residual_bps,total_solve_time_s
uniform,Uniform,ok,ok,1.4828998246230185e-05,False,,none,367.64816154584355,5514722.4231876535,1.0,3.357142857142857,1642683.274992067,76781250000.0,2.0255998281153943e+18,2.0255998281153943e+18,2.0255998281153943e+18,4.936809265680052e-19,0.10532073506634214,-13.256466474732292,-9.684463547443015,0.015625,0.0,64.0,0.0,76781250000.0,76781250000.0,5.514722423187654,1.642683274992067,76781250000.0,2.0255998281153943e+18,2.0255998281153943e+18,2.0255998281153943e+18,0.0,0.0,7.02727324191209e+17,26637187469.92433,26381438.54281344,4.684848827941393e+18,177581250000.0,0.15,0.17881225783311439,False,True,True,True,1.882483373542819,False,False,True,-13.256466474732292,-13.456972739469613,-13.256466474732292,-13.256466474732292,0.0,True,0.25,4.0,32.0,-1.4973958333333334e-06,1.0416666666666667e-06,0,natural_tdl,,,,,,,,,,,,,,,,,,,,,,,,,,,,,,,,,
water_filling,Water-filling,ok,ok,0.00020853599926340394,False,,none,367.6496242631549,5514744.3639473235,0.9999999999999651,3.3571428571427577,1642689.8105375492,76431898170.3385,2.01638342429136e+18,2.01638342429136e+18,2.016371511849252e+18,4.959374233853569e-19,0.1055611585287154,-13.35162836997447,-9.798478062807934,0.01572682143907578,8.06248975354477e-09,64.0,-671.971981127014,76431446623.99776,76431446623.99509,5.514744363947323,1.6426898105375491,76431898170.3385,2.01638342429136e+18,2.016371511849252e+18,2.01638342429136e+18,0.000590782584522114,671.971981127014,7.02727324191209e+17,26637187469.92433,26381438.54281344,4.684848827941393e+18,177581250000.0,0.15,0.17881225783311439,False,True,True,True,1.8693512297532442,False,False,True,-13.256466474732292,-13.539943796024541,-13.35162836997447,-13.35162836997447,0.09516189524217822,True,0.25,4.0,32.0,-1.4973958333333334e-06,1.0416666666666667e-06,0,natural_tdl,0.015934431765996297,,,,,,,,,,,,,,,,,,,,,,,,,,,,,,,,
conventional_s2,Conventional $S_2$,ok,optimal,0.007534072999987984,False,,conventional_s2,367.6496242148917,5514744.363223375,0.9999999994977945,3.3571428557079845,1642689.8110239564,76431990316.36989,2.016385855236224e+18,2.016385855236224e+18,2.016373944409546e+18,4.959368254856399e-19,0.10556109489668959,-13.351584418395605,-9.798445846120472,0.015726964705276347,8.059161262410454e-09,64.0,-671.9264171473841,76431538869.6444,76431538831.26006,5.514744363223375,1.6426898110239565,76431990316.36989,2.016385855236224e+18,2.016373944409546e+18,2.016385855236224e+18,0.0005907017571604925,671.9264171473841,7.02727324191209e+17,26637187469.92433,26381438.54281344,4.684848827941393e+18,177581250000.0,0.15,0.17881225783311439,True,True,True,True,1.869354691352374,False,False,True,-13.256466474732292,-13.539901466506162,-13.351584418395605,-13.351584418395605,0.09511794366331294,True,0.25,4.0,32.0,-1.4973958333333334e-06,1.0416666666666667e-06,0,natural_tdl,,known_amplitude_linear,26637187469.92433,,,,,,,,,,,,,,,,,,,,,,,,,,,,,,
conventional_s2_psl,Conventional $S_2$+PSL,ok,optimal,0.46825730800264864,False,,conventional_s2,367.6496242381059,5514744.363571589,0.9999999997247545,3.357142856356442,1642689.810810382,76431911951.654,2.0163837878622881e+18,2.0163837878622881e+18,2.0163718766279375e+18,4.959373339636752e-19,0.10556114901193334,-13.351619660763475,-9.798473187189593,0.015726818147927396,8.061707229785863e-09,64.0,-671.9379160030661,76431460472.12859,76431460451.09117,5.514744363571589,1.642689810810382,76431911951.654,2.0163837878622881e+18,2.0163718766279375e+18,2.0163837878622881e+18,0.0005907225808049145,671.9379160030661,7.02727324191209e+17,26637187469.92433,26381438.54281344,4.684848827941393e+18,177581250000.0,0.15,0.17881225783311439,True,True,True,True,1.8693517488431854,False,False,True,-13.256466474732292,-13.539934870672415,-13.351619660763475,-13.351619660763475,0.09515318603118317,True,0.25,4.0,32.0,-1.4973958333333334e-06,1.0416666666666667e-06,0,natural_tdl,,known_amplitude_linear,26637187469.92433,-13.256466474732292,0.2173585239870126,249.0,1.0416666666666667e-06,,,,,,,,,,,,,,,,,,,,,,,,,,
exact_efim,Exact EFIM,ok,optimal,0.009185532002447871,False,,exact_efim,367.64962417485526,5514744.362622829,0.9999999990406134,3.357142854401753,1642689.811484225,76431886126.13243,2.016383106547878e+18,2.016383106547878e+18,2.0163711816392548e+18,4.959375015356267e-19,0.1055611668459267,-13.351650986896967,-9.798483758386626,0.015726830988659297,8.065118038030619e-09,64.0,-672.3235029080643,76431434180.56758,76431434107.2403,5.514744362622829,1.642689811484225,76431886126.13243,2.016383106547878e+18,2.0163711816392548e+18,2.016383106547878e+18,0.0005914009388582848,672.3235029080643,7.02727324191209e+17,26637187469.92433,26381438.54281344,4.684848827941393e+18,177581250000.0,0.15,0.17881225783311439,True,True,True,True,1.8693507598554815,False,False,True,-13.256466474732292,-13.539968039335118,-13.351650986896967,-13.351650986896967,0.09518451216467483,True,0.25,4.0,32.0,-1.4973958333333334e-06,1.0416666666666667e-06,0,natural_tdl,,unknown_amplitude_exact,,,,,,7.02727324191209e+17,26637187469.92433,quad_over_lin,1e-12,,,,,,,,,,,,,,,,,,,,,,
exact_efim_sampled_psl,Exact EFIM+sampled PSL,ok,optimal,0.4771337929996662,False,,exact_efim,367.6496242401839,5514744.363602759,0.9999999997475626,3.3571428564216075,1642689.8107877804,76431914593.59962,2.0163838575606144e+18,2.0163838575606144e+18,2.0163719458216637e+18,4.959373168211049e-19,0.10556114718751992,-13.351630557791186,-9.798473426608556,0.015726813683590173,8.061875590917567e-09,64.0,-671.9521486248119,76431463093.20386,76431463073.9097,5.514744363602759,1.6426898107877805,76431914593.59962,2.0163838575606141e+18,2.0163719458216637e+18,2.0163838575606144e+18,0.000590747585386178,671.9521486248119,7.02727324191209e+17,26637187469.92433,26381438.54281344,4.684848827941393e+18,177581250000.0,0.15,0.17881225783311439,True,True,True,True,1.8693518473077304,False,False,True,-13.256466474732292,-13.539947079211698,-13.351630557791186,-13.351630557791186,0.09516408305889357,True,0.25,4.0,32.0,-1.4973958333333334e-06,1.0416666666666667e-06,0,natural_tdl,,unknown_amplitude_exact,,-13.256466474732292,0.2173585239870126,249.0,1.0416666666666667e-06,7.02727324191209e+17,26637187469.92433,quad_over_lin,1e-12,,,,,,,,,,,,,,,,,,,,,,
exact_efim_cutting_plane_psl,Exact EFIM+cutting-plane PSL,ok,optimal,0.4833804310001142,False,,exact_efim,367.6496242401839,5514744.363602759,0.9999999997475626,3.3571428564216075,1642689.8107877804,76431914593.59962,2.0163838575606144e+18,2.0163838575606144e+18,2.0163719458216637e+18,4.959373168211049e-19,0.10556114718751992,-13.351630557791186,-9.798473426608556,0.015726813683590173,8.061875590917567e-09,64.0,-671.9521486248119,76431463093.20386,76431463073.9097,5.514744363602759,1.6426898107877805,76431914593.59962,2.0163838575606141e+18,2.0163719458216637e+18,2.0163838575606144e+18,0.000590747585386178,671.9521486248119,7.02727324191209e+17,26637187469.92433,26381438.54281344,4.684848827941393e+18,177581250000.0,0.15,0.17881225783311439,True,True,True,True,1.8693518473077304,False,False,True,-13.256466474732292,-13.539947079211698,-13.351630557791186,-13.351630557791186,0.09516408305889357,True,0.25,4.0,32.0,-1.4973958333333334e-06,1.0416666666666667e-06,0,natural_tdl,,unknown_amplitude_exact,,-13.256466474732292,0.2173585239870126,249.0,1.0416666666666667e-06,7.02727324191209e+17,26637187469.92433,quad_over_lin,1e-12,-9.798642901177963,0.09516408305889357,249.0,1985.0,1.0,249.0,True,1.0,dense_psl_satisfied,False,0.4833804310001142,0.0,249.0,-13.351630557791186,-13.539947079211698,,0.0,,,,,
exact_efim_cutting_plane_psl_ee,Exact EFIM+cutting-plane PSL+EE,ok,optimal,0.8738079100003233,False,,exact_efim,251.95367668661743,3779305.1502992613,0.2874814155521913,1.321375473006261,2860129.635750666,26637367677.32071,7.027320783215616e+17,7.027320783215616e+17,7.027273228056787e+17,1.423017435590029e-18,0.17881165298081975,-13.239391813554906,-3.221212557652284,0.014470381333278952,4.259146738260637e-06,64.0,-791.8532330997948,92657076166.96114,26637187417.405197,3.7793051502992614,2.8601296357506656,26637367677.32071,7.027320783215615e+17,7.027273228056787e+17,7.027320783215616e+17,0.000676718201656355,791.8532330997948,7.02727324191209e+17,26637187469.92433,26381438.54281344,4.684848827941393e+18,177581250000.0,0.15,0.17881225783311439,True,True,True,True,-1.9716470276641802e-09,False,False,True,-13.256466474732292,-13.256466446693391,-13.191469776217875,-13.191469776217875,-0.0649966985144168,True,0.25,4.0,32.0,-1.3346354166666666e-06,1.0416666666666667e-06,0,natural_tdl,,unknown_amplitude_exact,,-13.256466474732292,0.2173585239870126,249.0,1.0416666666666667e-06,7.02727324191209e+17,26637187469.92433,quad_over_lin,1e-12,-3.224595618142782,-0.0649966985144168,249.0,1985.0,1.0,249.0,True,1.0,dense_psl_satisfied,False,0.8738079100003233,0.0,249.0,-13.191469776217875,-13.256466446693391,,0.0,5.0,True,2860129.6353746974,0.000496795866638422,0.8271086860040668
uniform,Uniform,ok,ok,1.5494999388465658e-05,False,,none,367.64816154584355,5514722.4231876535,1.0,3.357142857142857,1642683.274992067,76781250000.0,2.0255998281153943e+18,2.0255998281153943e+18,2.0255998281153943e+18,4.936809265680052e-19,0.10532073506634214,-13.256466474732292,-9.684463547443015,0.015625,0.0,64.0,0.0,76781250000.0,76781250000.0,5.514722423187654,1.642683274992067,76781250000.0,2.0255998281153943e+18,2.0255998281153943e+18,2.0255998281153943e+18,0.0,0.0,1.1712122069853484e+18,44395312449.873886,26381438.54281344,4.684848827941393e+18,177581250000.0,0.25,0.13850737933707974,False,True,True,True,0.7294900241256913,False,False,True,-13.256466474732292,-13.456972739469613,-13.256466474732292,-13.256466474732292,0.0,True,0.25,4.0,32.0,-1.4973958333333334e-06,1.0416666666666667e-06,0,natural_tdl,,,,,,,,,,,,,,,,,,,,,,,,,,,,,,,,,
water_filling,Water-filling,ok,ok,0.00020584800222422928,False,,none,367.6496242631549,5514744.3639473235,0.9999999999999651,3.3571428571427577,1642689.8105375492,76431898170.3385,2.01638342429136e+18,2.01638342429136e+18,2.016371511849252e+18,4.959374233853569e-19,0.1055611585287154,-13.35162836997447,-9.798478062807934,0.01572682143907578,8.06248975354477e-09,64.0,-671.971981127014,76431446623.99776,76431446623.99509,5.514744363947323,1.6426898105375491,76431898170.3385,2.01638342429136e+18,2.016371511849252e+18,2.01638342429136e+18,0.000590782584522114,671.971981127014,1.1712122069853484e+18,44395312449.873886,26381438.54281344,4.684848827941393e+18,177581250000.0,0.25,0.13850737933707974,False,True,True,True,0.7216107378519464,False,False,True,-13.256466474732292,-13.539943796024541,-13.35162836997447,-13.35162836997447,0.09516189524217822,True,0.25,4.0,32.0,-1.4973958333333334e-06,1.0416666666666667e-06,0,natural_tdl,0.015934431765996297,,,,,,,,,,,,,,,,,,,,,,,,,,,,,,,,
conventional_s2,Conventional $S_2$,ok,optimal,0.007601196000905475,False,,conventional_s2,367.6496242261317,5514744.363391976,0.9999999996183749,3.3571428560525,1642689.8109056025,76431935302.41942,2.016384403889071e+18,2.016384403889071e+18,2.016372480374756e+18,4.959371824495691e-19,0.1055611328869078,-13.35160794801946,-9.798464887445991,0.01572663262782482,8.062940688845847e-09,64.0,-672.2841962004597,76431483365.5473,76431483336.37914,5.5147443633919755,1.6426898109056025,76431935302.41942,2.0163844038890708e+18,2.016372480374756e+18,2.016384403889071e+18,0.0005913314094282172,672.2841962004597,1.1712122069853484e+18,44395312449.873886,26381438.54281344,4.684848827941393e+18,177581250000.0,0.25,0.13850737933707974,True,True,True,True,0.7216115647947482,False,False,True,-13.256466474732292,-13.539923523818377,-13.35160794801946,-13.35160794801946,0.0951414732871676,True,0.25,4.0,32.0,-1.4973958333333334e-06,1.0416666666666667e-06,0,natural_tdl,,known_amplitude_linear,44395312449.873886,,,,,,,,,,,,,,,,,,,,,,,,,,,,,,
conventional_s2_psl,Conventional $S_2$+PSL,ok,optimal,0.5003359699985594,False,,conventional_s2,367.6496242472764,5514744.363709146,0.9999999998245954,3.357142856641701,1642689.8107117757,76431899618.4523,2.0163834624946852e+18,2.0163834624946852e+18,2.016371550073238e+18,4.959374139890992e-19,0.10556115752871034,-13.351628537217781,-9.7984776450086,0.015726820964394574,8.062415612568923e-09,64.0,-671.9713984537939,76431448086.29848,76431448072.89204,5.514744363709146,1.6426898107117758,76431899618.4523,2.0163834624946852e+18,2.016371550073238e+18,2.0163834624946852e+18,0.0005907815486856781,671.9713984537939,1.1712122069853484e+18,44395312449.873886,26381438.54281344,4.684848827941393e+18,177581250000.0,0.25,0.13850737933707974,True,True,True,True,0.7216107704882062,False,False,True,-13.256466474732292,-13.539944067755691,-13.351628537217781,-13.351628537217781,0.09516206248548897,True,0.25,4.0,32.0,-1.4973958333333334e-06,1.0416666666666667e-06,0,natural_tdl,,known_amplitude_linear,44395312449.873886,-13.256466474732292,0.2173585239870126,249.0,1.0416666666666667e-06,,,,,,,,,,,,,,,,,,,,,,,,,,
exact_efim,Exact EFIM,ok,optimal,0.009441016998607665,False,,exact_efim,367.64962418635963,5514744.362795395,0.9999999991954336,3.357142854844096,1642689.811319184,76432051812.84341,2.0163874776016607e+18,2.0163874776016607e+18,2.016375565286799e+18,4.959364264597715e-19,0.10556105242997421,-13.351556972034802,-9.79842475538607,0.015726871472193267,8.056822133900371e-09,64.0,-671.9683924469714,76431600332.81763,76431600271.32333,5.514744362795395,1.6426898113191841,76432051812.84341,2.016387477601661e+18,2.016375565286799e+18,2.0163874776016607e+18,0.0005907750863309661,671.9683924469714,1.1712122069853484e+18,44395312449.873886,26381438.54281344,4.684848827941393e+18,177581250000.0,0.25,0.13850737933707974,True,True,True,True,0.7216141987427421,False,False,True,-13.256466474732292,-13.539874863442892,-13.351556972034802,-13.351556972034802,0.09509049730250929,True,0.25,4.0,32.0,-1.4973958333333334e-06,1.0416666666666667e-06,0,natural_tdl,,unknown_amplitude_exact,,,,,,1.1712122069853484e+18,44395312449.873886,quad_over_lin,1e-12,,,,,,,,,,,,,,,,,,,,,,
exact_efim_sampled_psl,Exact EFIM+sampled PSL,ok,optimal,0.5236456429993268,False,,exact_efim,367.6496242448943,5514744.363673415,0.9999999997996332,3.3571428565703805,1642689.8107360306,76431898318.08386,2.0163834281890952e+18,2.0163834281890952e+18,2.016371513112085e+18,4.959374224266936e-19,0.1055611584266888,-13.351625030904442,-9.798477697361484,0.015726841027531125,8.062928127318772e-09,64.0,-672.0462935098172,76431446687.17766,76431446671.86333,5.514744363673415,1.6426898107360306,76431898318.08386,2.0163834281890952e+18,2.016371513112085e+18,2.0163834281890952e+18,0.0005909132580442241,672.0462935098172,1.1712122069853484e+18,44395312449.873886,26381438.54281344,4.684848827941393e+18,177581250000.0,0.25,0.13850737933707974,True,True,True,True,0.7216107389301736,False,False,True,-13.256466474732292,-13.539940075959663,-13.351625030904442,-13.351625030904442,0.09515855617214974,True,0.25,4.0,32.0,-1.4973958333333334e-06,1.0416666666666667e-06,0,natural_tdl,,unknown_amplitude_exact,,-13.256466474732292,0.2173585239870126,249.0,1.0416666666666667e-06,1.1712122069853484e+18,44395312449.873886,quad_over_lin,1e-12,,,,,,,,,,,,,,,,,,,,,,
exact_efim_cutting_plane_psl,Exact EFIM+cutting-plane PSL,ok,optimal,0.5008328829972015,False,,exact_efim,367.6496242448943,5514744.363673415,0.9999999997996332,3.3571428565703805,1642689.8107360306,76431898318.08386,2.0163834281890952e+18,2.0163834281890952e+18,2.016371513112085e+18,4.959374224266936e-19,0.1055611584266888,-13.351625030904442,-9.798477697361484,0.015726841027531125,8.062928127318772e-09,64.0,-672.0462935098172,76431446687.17766,76431446671.86333,5.514744363673415,1.6426898107360306,76431898318.08386,2.0163834281890952e+18,2.016371513112085e+18,2.0163834281890952e+18,0.0005909132580442241,672.0462935098172,1.1712122069853484e+18,44395312449.873886,26381438.54281344,4.684848827941393e+18,177581250000.0,0.25,0.13850737933707974,True,True,True,True,0.7216107389301736,False,False,True,-13.256466474732292,-13.539940075959663,-13.351625030904442,-13.351625030904442,0.09515855617214974,True,0.25,4.0,32.0,-1.4973958333333334e-06,1.0416666666666667e-06,0,natural_tdl,,unknown_amplitude_exact,,-13.256466474732292,0.2173585239870126,249.0,1.0416666666666667e-06,1.1712122069853484e+18,44395312449.873886,quad_over_lin,1e-12,-9.798647176920847,0.09515855617214974,249.0,1985.0,1.0,249.0,True,1.0,dense_psl_satisfied,False,0.5008328829972015,0.0,249.0,-13.351625030904442,-13.539940075959663,,0.0,,,,,
exact_efim_cutting_plane_psl_ee,Exact EFIM+cutting-plane PSL+EE,ok,optimal,1.910974979000457,False,,exact_efim,289.18660487585964,4337799.073137894,0.4601218195168708,1.8146337700482025,2390454.286003213,44395381735.554504,1.1712140348412733e+18,1.1712140348412733e+18,1.1712122040467223e+18,8.538149050916413e-19,0.13850727125622295,-13.049590925637016,-0.3864704481852987,0.03554033200411085,2.7898311298264357e-05,64.0,-388.35969799504693,96485996654.31902,44395312338.48398,4.337799073137894,2.3904542860032127,44395381735.554504,1.1712140348412733e+18,1.1712122040467223e+18,1.1712140348412733e+18,0.00015631596758385115,388.35969799504693,1.1712122069853484e+18,44395312449.873886,26381438.54281344,4.684848827941393e+18,177581250000.0,0.25,0.13850737933707974,True,True,True,True,-2.509046636018166e-09,False,False,True,-13.256466474732292,-13.256466441625317,-13.049590925637016,-13.049590925637016,-0.20687554909527606,True,0.25,4.0,32.0,-2.2786458333333335e-06,1.0416666666666667e-06,0,natural_tdl,,unknown_amplitude_exact,,-13.256466474732292,0.2173585239870126,251.0,1.0416666666666667e-06,1.1712122069853484e+18,44395312449.873886,quad_over_lin,1e-12,-0.3899318921693246,-0.20687554909527606,249.0,1985.0,2.0,251.0,True,2.0,dense_psl_satisfied,False,1.910974979000457,2.0,251.0,-13.005596101623535,-13.256466422054828,-3.2877604166666667e-06,1.0,5.0,True,2390454.2879278827,-0.0034925704821944237,0.8588603830066859
uniform,Uniform,ok,ok,1.359100133413449e-05,False,,none,367.64816154584355,5514722.4231876535,1.0,3.357142857142857,1642683.274992067,76781250000.0,2.0255998281153943e+18,2.0255998281153943e+18,2.0255998281153943e+18,4.936809265680052e-19,0.10532073506634214,-13.256466474732292,-9.684463547443015,0.015625,0.0,64.0,0.0,76781250000.0,76781250000.0,5.514722423187654,1.642683274992067,76781250000.0,2.0255998281153943e+18,2.0255998281153943e+18,2.0255998281153943e+18,0.0,0.0,1.6396970897794875e+18,62153437429.82344,26381438.54281344,4.684848827941393e+18,177581250000.0,0.35,0.11706010095802957,False,True,True,True,0.23535001723263682,False,False,True,-13.256466474732292,-13.456972739469613,-13.256466474732292,-13.256466474732292,0.0,True,0.25,4.0,32.0,-1.4973958333333334e-06,1.0416666666666667e-06,0,natural_tdl,,,,,,,,,,,,,,,,,,,,,,,,,,,,,,,,,
water_filling,Water-filling,ok,ok,0.00020221199883962981,False,,none,367.6496242631549,5514744.3639473235,0.9999999999999651,3.3571428571427577,1642689.8105375492,76431898170.3385,2.01638342429136e+18,2.01638342429136e+18,2.016371511849252e+18,4.959374233853569e-19,0.1055611585287154,-13.35162836997447,-9.798478062807934,0.01572682143907578,8.06248975354477e-09,64.0,-671.971981127014,76431446623.99776,76431446623.99509,5.514744363947323,1.6426898105375491,76431898170.3385,2.01638342429136e+18,2.016371511849252e+18,2.01638342429136e+18,0.000590782584522114,671.971981127014,1.6396970897794875e+18,62153437429.82344,26381438.54281344,4.684848827941393e+18,177581250000.0,0.35,0.11706010095802957,False,True,True,True,0.22972195560853326,False,False,True,-13.256466474732292,-13.539943796024541,-13.35162836997447,-13.35162836997447,0.09516189524217822,True,0.25,4.0,32.0,-1.4973958333333334e-06,1.0416666666666667e-06,0,natural_tdl,0.015934431765996297,,,,,,,,,,,,,,,,,,,,,,,,,,,,,,,,
conventional_s2,Conventional $S_2$,ok,optimal,0.007207618000393268,False,,conventional_s2,367.6496241975632,5514744.362963447,0.9999999992796793,3.357142855084798,1642689.8112514638,76431897172.59583,2.016383397969473e+18,2.016383397969473e+18,2.0163714891027177e+18,4.959374298593285e-19,0.10556115921771354,-13.351632649287357,-9.798478700435009,0.015726831973295927,8.062015940504162e-09,64.0,-671.8711323024742,76431445816.83287,76431445761.77773,5.514744362963447,1.6426898112514638,76431897172.59583,2.016383397969473e+18,2.0163714891027177e+18,2.016383397969473e+18,0.0005906052771174569,671.8711323024742,1.6396970897794875e+18,62153437429.82344,26381438.54281344,4.684848827941393e+18,177581250000.0,0.35,0.11706010095802957,True,True,True,True,0.22972194173613297,False,False,True,-13.256466474732292,-13.539948642127367,-13.351632649287357,-13.351632649287357,0.09516617455506449,True,0.25,4.0,32.0,-1.4973958333333334e-06,1.0416666666666667e-06,0,natural_tdl,,known_amplitude_linear,62153437429.82344,,,,,,,,,,,,,,,,,,,,,,,,,,,,,,
conventional_s2_psl,Conventional $S_2$+PSL,ok,optimal,0.5019376239979465,False,,conventional_s2,367.6496242539763,5514744.363809644,0.999999999902155,3.3571428568633004,1642689.8106332803,76431857953.75479,2.0163823633200287e+18,2.0163823633200287e+18,2.0163704521762847e+18,4.959376843355605e-19,0.10556118630056813,-13.351638362363508,-9.798491262150119,0.01572681730706525,8.063645285883653e-09,64.0,-671.9353602839473,76431406464.10486,76431406456.62643,5.514744363809644,1.6426898106332803,76431857953.75479,2.0163823633200287e+18,2.0163704521762847e+18,2.0163823633200287e+18,0.000590718504618736,671.9353602839473,1.6396970897794875e+18,62153437429.82344,26381438.54281344,4.684848827941393e+18,177581250000.0,0.35,0.11706010095802957,True,True,True,True,0.2297213093471146,False,False,True,-13.256466474732292,-13.539952070084347,-13.351638362363508,-13.351638362363508,0.09517188763121531,True,0.25,4.0,32.0,-1.4973958333333334e-06,1.0416666666666667e-06,0,natural_tdl,,known_amplitude_linear,62153437429.82344,-13.256466474732292,0.2173585239870126,249.0,1.0416666666666667e-06,,,,,,,,,,,,,,,,,,,,,,,,,,
exact_efim,Exact EFIM,ok,optimal,0.009127556000748882,False,,exact_efim,367.64962418183643,5514744.362727546,0.9999999991541313,3.3571428547260895,1642689.8113567156,76431862071.38416,2.0163824719490145e+18,2.0163824719490145e+18,2.0163705507593567e+18,4.959376576178081e-19,0.1055611834571084,-13.351615583240992,-9.798487347132903,0.015726719490238635,8.065055552005322e-09,64.0,-672.2186575106206,76431410258.11197,76431410193.46103,5.514744362727546,1.6426898113567157,76431862071.38416,2.0163824719490145e+18,2.0163705507593567e+18,2.0163824719490145e+18,0.0005912166874934745,672.2186575106206,1.6396970897794875e+18,62153437429.82344,26381438.54281344,4.684848827941393e+18,177581250000.0,0.35,0.11706010095802957,True,True,True,True,0.2297213694698486,False,False,True,-13.256466474732292,-13.539927780907684,-13.351615583240992,-13.351615583240992,0.09514910850869995,True,0.25,4.0,32.0,-1.4973958333333334e-06,1.0416666666666667e-06,0,natural_tdl,,unknown_amplitude_exact,,,,,,1.6396970897794875e+18,62153437429.82344,quad_over_lin,1e-12,,,,,,,,,,,,,,,,,,,,,,
exact_efim_sampled_psl,Exact EFIM+sampled PSL,ok,optimal,0.4576341389984009,False,,exact_efim,367.64962425296665,5514744.3637945,0.9999999998874389,3.3571428568212545,1642689.8106493428,76431898623.69078,2.0163834362514458e+18,2.0163834362514458e+18,2.0163715238763812e+18,4.959374204437269e-19,0.1055611582156498,-13.351628137970266,-9.798477902513895,0.01572682151752103,8.06246614149942e-09,64.0,-671.9700902322861,76431447088.49188,76431447079.88867,5.5147443637945,1.6426898106493428,76431898623.69078,2.0163834362514455e+18,2.0163715238763812e+18,2.0163834362514458e+18,0.0005907792560883996,671.9700902322861,1.6396970897794875e+18,62153437429.82344,26381438.54281344,4.684848827941393e+18,177581250000.0,0.35,0.11706010095802957,True,True,True,True,0.22972196294350333,False,False,True,-13.256466474732292,-13.53994356755412,-13.351628137970266,-13.351628137970266,0.09516166323797393,True,0.25,4.0,32.0,-1.4973958333333334e-06,1.0416666666666667e-06,0,natural_tdl,,unknown_amplitude_exact,,-13.256466474732292,0.2173585239870126,249.0,1.0416666666666667e-06,1.6396970897794875e+18,62153437429.82344,quad_over_lin,1e-12,,,,,,,,,,,,,,,,,,,,,,
exact_efim_cutting_plane_psl,Exact EFIM+cutting-plane PSL,ok,optimal,0.46984405999683077,False,,exact_efim,367.64962425296665,5514744.3637945,0.9999999998874389,3.3571428568212545,1642689.8106493428,76431898623.69078,2.0163834362514458e+18,2.0163834362514458e+18,2.0163715238763812e+18,4.959374204437269e-19,0.1055611582156498,-13.351628137970266,-9.798477902513895,0.01572682151752103,8.06246614149942e-09,64.0,-671.9700902322861,76431447088.49188,76431447079.88867,5.5147443637945,1.6426898106493428,76431898623.69078,2.0163834362514455e+18,2.0163715238763812e+18,2.0163834362514458e+18,0.0005907792560883996,671.9700902322861,1.6396970897794875e+18,62153437429.82344,26381438.54281344,4.684848827941393e+18,177581250000.0,0.35,0.11706010095802957,True,True,True,True,0.22972196294350333,False,False,True,-13.256466474732292,-13.53994356755412,-13.351628137970266,-13.351628137970266,0.09516166323797393,True,0.25,4.0,32.0,-1.4973958333333334e-06,1.0416666666666667e-06,0,natural_tdl,,unknown_amplitude_exact,,-13.256466474732292,0.2173585239870126,249.0,1.0416666666666667e-06,1.6396970897794875e+18,62153437429.82344,quad_over_lin,1e-12,-9.798647382156563,0.09516166323797393,249.0,1985.0,1.0,249.0,True,1.0,dense_psl_satisfied,False,0.46984405999683077,0.0,249.0,-13.351628137970266,-13.53994356755412,,0.0,,,,,
exact_efim_cutting_plane_psl_ee,Exact EFIM+cutting-plane PSL+EE,ok,optimal,3.7556329840008402,False,,exact_efim,317.5712035723262,4763568.053584893,0.6408894529502962,2.3311127227151323,2043473.9200584823,62153469759.38808,1.6396979426799101e+18,1.6396979426799101e+18,1.639697085875666e+18,6.098684239156924e-19,0.11706007051320802,-13.251313200806205,0.30235132573972057,0.054425655884237104,6.639333266833068e-05,64.0,-225.11270452256102,96979965882.92683,62153437281.84737,4.763568053584893,2.0434739200584824,62153469759.38808,1.6396979426799101e+18,1.639697085875666e+18,1.6396979426799101e+18,5.225378540291668e-05,225.11270452256102,1.6396970897794875e+18,62153437429.82344,26381438.54281344,4.684848827941393e+18,177581250000.0,0.35,0.11706010095802957,True,True,True,True,-2.38081874532387e-09,False,False,True,-13.256466474732292,-13.256466445767884,-13.251313200806205,-13.251313200806205,-0.00515327392608711,True,0.25,4.0,32.0,-2.2786458333333335e-06,1.0416666666666667e-06,0,natural_tdl,,unknown_amplitude_exact,,-13.256466474732292,0.2173585239870126,255.0,1.0416666666666667e-06,1.6396970897794875e+18,62153437429.82344,quad_over_lin,1e-12,0.29901565496314053,-0.00515327392608711,249.0,1985.0,4.0,255.0,True,4.0,dense_psl_satisfied,False,3.7556329840008402,6.0,255.0,-12.801249163491782,-13.256466443961855,-2.24609375e-06,3.0,5.0,True,2043473.9197692852,0.0006741508841514587,0.9454613860070822
uniform,Uniform,ok,ok,1.3090997526887804e-05,False,,none,367.64816154584355,5514722.4231876535,1.0,3.357142857142857,1642683.274992067,76781250000.0,2.0255998281153943e+18,2.0255998281153943e+18,2.0255998281153943e+18,4.936809265680052e-19,0.10532073506634214,-13.256466474732292,-9.684463547443015,0.015625,0.0,64.0,0.0,76781250000.0,76781250000.0,5.514722423187654,1.642683274992067,76781250000.0,2.0255998281153943e+18,2.0255998281153943e+18,2.0255998281153943e+18,0.0,0.0,2.1081819725736271e+18,79911562409.77301,26381438.54281344,4.684848827941393e+18,177581250000.0,0.45,0.10323730519435335,False,False,False,False,-0.039172208819060424,False,False,True,-13.256466474732292,-13.456972739469613,-13.256466474732292,-13.256466474732292,0.0,True,0.25,4.0,32.0,-1.4973958333333334e-06,1.0416666666666667e-06,0,natural_tdl,,,,,,,,,,,,,,,,,,,,,,,,,,,,,,,,,
water_filling,Water-filling,ok,ok,0.0001937240012921393,False,,none,367.6496242631549,5514744.3639473235,0.9999999999999651,3.3571428571427577,1642689.8105375492,76431898170.3385,2.01638342429136e+18,2.01638342429136e+18,2.016371511849252e+18,4.959374233853569e-19,0.1055611585287154,-13.35162836997447,-9.798478062807934,0.01572682143907578,8.06248975354477e-09,64.0,-671.971981127014,76431446623.99776,76431446623.99509,5.514744363947323,1.6426898105375491,76431898170.3385,2.01638342429136e+18,2.016371511849252e+18,2.01638342429136e+18,0.000590782584522114,671.971981127014,2.1081819725736271e+18,79911562409.77301,26381438.54281344,4.684848827941393e+18,177581250000.0,0.45,0.10323730519435335,False,False,False,False,-0.04354959008225207,False,False,True,-13.256466474732292,-13.539943796024541,-13.35162836997447,-13.35162836997447,0.09516189524217822,True,0.25,4.0,32.0,-1.4973958333333334e-06,1.0416666666666667e-06,0,natural_tdl,0.015934431765996297,,,,,,,,,,,,,,,,,,,,,,,,,,,,,,,,
conventional_s2,Conventional $S_2$,ok,optimal,0.008105020002403762,False,,conventional_s2,367.53789134938404,5513068.370240761,0.9999999989827969,3.357142854236563,1642190.5797912404,79911562527.35052,2.1081819756754913e+18,2.1081819756754913e+18,2.1081700630629975e+18,4.743423535245745e-19,0.10323730511840448,-12.459530722078904,-8.698869986270882,0.017250491274728177,5.103122098254815e-07,64.0,-671.9767871137954,79911111055.8344,79911110974.54857,5.513068370240761,1.6421905797912404,79911562527.35052,2.1081819756754913e+18,2.1081700630629975e+18,2.1081819756754913e+18,0.0005650656646946728,671.9767871137954,2.1081819725736271e+18,79911562409.77301,26381438.54281344,4.684848827941393e+18,177581250000.0,0.45,0.10323730519435335,True,False,True,True,-5.649185309697485e-06,True,False,True,-13.256466474732292,-12.761044115626738,-12.427301423813281,-12.427301423813281,-0.8291650509190109,False,0.25,4.0,32.0,-1.46484375e-06,1.0416666666666667e-06,0,natural_tdl,,known_amplitude_linear,79911562409.77301,,,,,,,,,,,,,,,,,,,,,,,,,,,,,,
conventional_s2_psl,Conventional $S_2$+PSL,ok,optimal,0.47934744299709564,False,,conventional_s2,367.51300549839624,5512695.0824759435,0.9999999996691324,3.3571428561975214,1642079.386731822,79911562427.6001,2.1081819730439314e+18,2.1081819730439314e+18,2.1081699160660198e+18,4.743423541166773e-19,0.103237305182838,-12.881388815748169,-8.708676809726715,0.01805827002074263,6.732775984667342e-07,64.0,-676.0362687047028,79911105429.00363,79911105402.56364,5.512695082475943,1.642079386731822,79911562427.6001,2.1081819730439314e+18,2.1081699160660198e+18,2.1081819730439314e+18,0.0005719135286098355,676.0362687047028,2.1081819725736271e+18,79911562409.77301,26381438.54281344,4.684848827941393e+18,177581250000.0,0.45,0.10323730519435335,True,False,True,True,-5.718912202146218e-06,True,False,True,-13.256466474732292,-13.256466560284913,-12.848717510817274,-12.848717510817274,-0.4077489639150187,False,0.25,4.0,32.0,-1.46484375e-06,1.0416666666666667e-06,0,natural_tdl,,known_amplitude_linear,79911562409.77301,-13.256466474732292,0.2173585239870126,249.0,1.0416666666666667e-06,,,,,,,,,,,,,,,,,,,,,,,,,,
exact_efim,Exact EFIM,ok,optimal,0.009126660999754677,False,,exact_efim,367.5378657184092,5513067.985776138,0.9999999990208552,3.357142854345301,1642190.4652166725,79911923022.17708,2.108191486047603e+18,2.108191486047603e+18,2.1081819757020928e+18,4.743402136941464e-19,0.10323707225855724,-12.459236100010202,-8.69875069292855,0.01724312565645756,5.101501995355214e-07,64.0,-600.4113744480696,79911562606.60387,79911562528.35887,5.5130679857761375,1.6421904652166726,79911923022.17708,2.108191486047603e+18,2.1081819757020928e+18,2.108191486047603e+18,0.00045111393215868705,600.4113744480696,2.1081819725736271e+18,79911562409.77301,26381438.54281344,4.684848827941393e+18,177581250000.0,0.45,0.10323730519435335,True,True,True,True,1.4839637681660045e-09,False,False,True,-13.256466474732292,-12.760733830686174,-12.427011699544572,-12.427011699544572,-0.8294547751877204,False,0.25,4.0,32.0,-1.46484375e-06,1.0416666666666667e-06,0,natural_tdl,,unknown_amplitude_exact,,,,,,2.1081819725736271e+18,79911562409.77301,quad_over_lin,1e-12,,,,,,,,,,,,,,,,,,,,,,
exact_efim_sampled_psl,Exact EFIM+sampled PSL,ok,optimal,0.48397411199766793,False,,exact_efim,367.5129722139884,5512694.583209826,0.9999999996908017,3.3571428562594336,1642079.2379839718,79911902922.6843,2.1081909557940692e+18,2.1081909557940692e+18,2.108181971668396e+18,4.743403330004995e-19,0.10323708524168355,-12.88135432669421,-8.708576293781352,0.018048031505560714,6.730871843367746e-07,64.0,-583.5642420313076,79911562400.16835,79911562375.45982,5.512694583209826,1.642079237983972,79911902922.6843,2.1081909557940692e+18,2.108181971668396e+18,2.1081909557940692e+18,0.0004261533163551614,583.5642420313076,2.1081819725736271e+18,79911562409.77301,26381438.54281344,4.684848827941393e+18,177581250000.0,0.45,0.10323730519435335,True,True,True,True,-4.293894529867892e-10,False,False,True,-13.256466474732292,-13.256466532952837,-12.848690694383498,-12.848690694383498,-0.40777578034879447,False,0.25,4.0,32.0,-1.46484375e-06,1.0416666666666667e-06,0,natural_tdl,,unknown_amplitude_exact,,-13.256466474732292,0.2173585239870126,249.0,1.0416666666666667e-06,2.1081819725736271e+18,79911562409.77301,quad_over_lin,1e-12,,,,,,,,,,,,,,,,,,,,,,
exact_efim_cutting_plane_psl,Exact EFIM+cutting-plane PSL,ok,optimal,0.9750231439975323,False,,exact_efim,367.44632826029726,5511694.923904459,0.9999999997694555,3.3571428564841588,1641781.467017076,79911866035.23132,2.1081899826499958e+18,2.1081899826499958e+18,2.1081819709037742e+18,4.743405519568021e-19,0.10323710906888767,-13.272249469307592,-8.680857382396765,0.018916170558661717,1.0759457413378022e-06,64.0,-551.0796266393219,79911562364.89967,79911562346.4765,5.511694923904459,1.641781467017076,79911866035.23132,2.1081899826499958e+18,2.1081819709037742e+18,2.1081899826499958e+18,0.0003800296124876389,551.0796266393219,2.1081819725736271e+18,79911562409.77301,26381438.54281344,4.684848827941393e+18,177581250000.0,0.45,0.10323730519435335,True,True,True,True,-7.920819690728483e-10,False,False,True,-13.256466474732292,-13.738024772549524,-13.256466491824852,-13.256466491824852,1.7092560256060096e-08,True,0.25,4.0,32.0,-1.46484375e-06,1.0416666666666667e-06,0,natural_tdl,,unknown_amplitude_exact,,-13.256466474732292,0.2173585239870126,251.0,1.0416666666666667e-06,2.1081819725736271e+18,79911562409.77301,quad_over_lin,1e-12,-8.680588393467366,1.7092560256060096e-08,249.0,1985.0,2.0,251.0,True,2.0,dense_psl_satisfied,False,0.9750231439975323,2.0,251.0,-12.848690694383498,-13.256466532952837,-1.46484375e-06,1.0,,,,,
exact_efim_cutting_plane_psl_ee,Exact EFIM+cutting-plane PSL+EE,ok,optimal,1.6276156879976043,False,,exact_efim,340.39979381946137,5105996.907291921,0.8246440759814024,2.8561259313754355,1787735.2154542452,79911587717.72267,2.1081826402337454e+18,2.1081826402337454e+18,2.1081819703156234e+18,4.743422039985704e-19,0.1032372888467572,-13.019953713309995,-0.2917535667272789,0.06249999991283449,9.175049490491433e-05,64.0,-175.48029449150778,96904306538.64854,79911562324.1824,5.105996907291921,1.7877352154542452,79911587717.72267,2.108182640233746e+18,2.1081819703156234e+18,2.1081826402337454e+18,3.177704384804737e-05,175.48029449150778,2.1081819725736271e+18,79911562409.77301,26381438.54281344,4.684848827941393e+18,177581250000.0,0.45,0.10323730519435335,True,True,True,True,-1.071066796593215e-09,False,False,True,-13.256466474732292,-13.256466462765282,-13.019953713309995,-13.019953713309995,-0.23651276142229705,True,0.25,4.0,32.0,-2.2786458333333335e-06,1.0416666666666667e-06,0,natural_tdl,,unknown_amplitude_exact,,-13.256466474732292,0.2173585239870126,251.0,1.0416666666666667e-06,2.1081819725736271e+18,79911562409.77301,quad_over_lin,1e-12,-0.29531879588417415,-0.23651276142229705,249.0,1985.0,2.0,251.0,True,2.0,dense_psl_satisfied,False,1.6276156879976043,2.0,251.0,-12.959196379111757,-13.256466457548225,-3.2877604166666667e-06,1.0,4.0,True,1787735.2163944137,-0.002685239538550377,0.7791607990038756
uniform,Uniform,ok,ok,1.3279997801873833e-05,False,,none,367.64816154584355,5514722.4231876535,1.0,3.357142857142857,1642683.274992067,76781250000.0,2.0255998281153943e+18,2.0255998281153943e+18,2.0255998281153943e+18,4.936809265680052e-19,0.10532073506634214,-13.256466474732292,-9.684463547443015,0.015625,0.0,64.0,0.0,76781250000.0,76781250000.0,5.514722423187654,1.642683274992067,76781250000.0,2.0255998281153943e+18,2.0255998281153943e+18,2.0255998281153943e+18,0.0,0.0,2.3424244139706967e+18,88790624899.74777,26381438.54281344,4.684848827941393e+18,177581250000.0,0.5,0.09793950717362658,False,False,False,False,-0.13525498793715435,False,False,True,-13.256466474732292,-13.456972739469613,-13.256466474732292,-13.256466474732292,0.0,True,0.25,4.0,32.0,-1.4973958333333334e-06,1.0416666666666667e-06,0,natural_tdl,,,,,,,,,,,,,,,,,,,,,,,,,,,,,,,,,
water_filling,Water-filling,ok,ok,0.00017722000120556913,False,,none,367.6496242631549,5514744.3639473235,0.9999999999999651,3.3571428571427577,1642689.8105375492,76431898170.3385,2.01638342429136e+18,2.01638342429136e+18,2.016371511849252e+18,4.959374233853569e-19,0.1055611585287154,-13.35162836997447,-9.798478062807934,0.01572682143907578,8.06248975354477e-09,64.0,-671.971981127014,76431446623.99776,76431446623.99509,5.514744363947323,1.6426898105375491,76431898170.3385,2.01638342429136e+18,2.016371511849252e+18,2.01638342429136e+18,0.000590782584522114,671.971981127014,2.3424244139706967e+18,88790624899.74777,26381438.54281344,4.684848827941393e+18,177581250000.0,0.5,0.09793950717362658,False,False,False,False,-0.13919463107402683,False,False,True,-13.256466474732292,-13.539943796024541,-13.35162836997447,-13.35162836997447,0.09516189524217822,True,0.25,4.0,32.0,-1.4973958333333334e-06,1.0416666666666667e-06,0,natural_tdl,0.015934431765996297,,,,,,,,,,,,,,,,,,,,,,,,,,,,,,,,
conventional_s2,Conventional $S_2$,ok,optimal,0.007978528999956325,False,,conventional_s2,366.3052026435346,5494578.039653019,0.9999999997068086,3.3571428563051677,1636682.8207305684,88790624892.97351,2.3424244137919816e+18,2.3424244137919816e+18,2.34241249832936e+18,4.2690811883281746e-19,0.09793950717736273,-10.546043217526853,-6.235815634779257,0.022731175463807547,7.650651258036113e-06,64.0,-672.0571682937818,88790173258.1687,88790173232.13618,5.494578039653019,1.6366828207305684,88790624892.97351,2.3424244137919816e+18,2.34241249832936e+18,2.3424244137919816e+18,0.000508680773285099,672.0571682937818,2.3424244139706967e+18,88790624899.74777,26381438.54281344,4.684848827941393e+18,177581250000.0,0.5,0.09793950717362658,True,False,True,True,-5.086884027405404e-06,True,False,True,-13.256466474732292,-11.011373482095589,-10.538464373472094,-10.538464373472094,-2.7180021012601987,False,0.25,4.0,32.0,-1.3997395833333333e-06,1.0416666666666667e-06,0,natural_tdl,,known_amplitude_linear,88790624899.74777,,,,,,,,,,,,,,,,,,,,,,,,,,,,,,
conventional_s2_psl,Conventional $S_2$+PSL,ok,optimal,0.4962666719984554,False,,conventional_s2,365.0515156741878,5475772.735112817,0.9999999994539401,3.357142855582686,1631081.2410043865,88790624861.76433,2.342424412968639e+18,2.342424412968639e+18,2.3424113045354445e+18,4.2690811898287206e-19,0.09793950719457518,-13.023431615614667,-5.414084208036062,0.03337984745005575,1.9176967739342773e-05,64.0,-704.8978014142958,88790128029.33888,88790127980.85416,5.475772735112817,1.6310812410043865,88790624861.76433,2.3424244129686385e+18,2.3424113045354445e+18,2.342424412968639e+18,0.0005596096557874929,704.8978014142958,2.3424244139706967e+18,88790624899.74777,26381438.54281344,4.684848827941393e+18,177581250000.0,0.5,0.09793950717362658,True,False,True,True,-5.596524342060583e-06,True,False,True,-13.256466474732292,-13.256466471073807,-13.023431615614667,-13.023431615614667,-0.233034859117625,True,0.25,4.0,32.0,-1.3671875e-06,1.0416666666666667e-06,0,natural_tdl,,known_amplitude_linear,88790624899.74777,-13.256466474732292,0.2173585239870126,249.0,1.0416666666666667e-06,,,,,,,,,,,,,,,,,,,,,,,,,,
exact_efim,Exact EFIM,ok,optimal,0.008927639999456005,False,,exact_efim,366.3051391074045,5494577.086611068,0.9999999993693087,3.357142855340882,1636682.5373158427,88790825850.46544,2.342429715339705e+18,2.342429715339705e+18,2.342424419038861e+18,4.269071526250586e-19,0.09793939634559226,-10.546005151103646,-6.235758833647029,0.022715834367504593,7.650266984471314e-06,64.0,-448.06094094194754,88790625147.85823,88790625091.85876,5.494577086611068,1.6366825373158427,88790825850.46544,2.342429715339705e+18,2.342424419038861e+18,2.342429715339705e+18,0.00022610287127713957,448.06094094194754,2.3424244139706967e+18,88790624899.74777,26381438.54281344,4.684848827941393e+18,177581250000.0,0.5,0.09793950717362658,True,True,True,True,2.163640399994312e-09,False,False,True,-13.256466474732292,-11.011336922415879,-10.5384258952581,-10.5384258952581,-2.7180405794741915,False,0.25,4.0,32.0,-1.3997395833333333e-06,1.0416666666666667e-06,0,natural_tdl,,unknown_amplitude_exact,,,,,,2.3424244139706967e+18,88790624899.74777,quad_over_lin,1e-12,,,,,,,,,,,,,,,,,,,,,,
exact_efim_sampled_psl,Exact EFIM+sampled PSL,ok,optimal,0.486048213999311,False,,exact_efim,365.0514062317755,5475771.093476633,0.999999999602033,3.357142856005809,1631080.7518007979,88790714673.16176,2.3424267823225006e+18,2.3424267823225006e+18,2.3424244113789844e+18,4.2690768716728325e-19,0.09793945766188328,-13.023426874974664,-5.414035739514443,0.03331451819713832,1.9176447344225974e-05,64.0,-299.7860137023683,88790624836.84352,88790624801.50778,5.475771093476633,1.631080751800798,88790714673.16176,2.3424267823225006e+18,2.3424244113789844e+18,2.3424267823225006e+18,0.00010121740128881319,299.7860137023683,2.3424244139706967e+18,88790624899.74777,26381438.54281344,4.684848827941393e+18,177581250000.0,0.5,0.09793950717362658,True,True,True,True,-1.1064230036805028e-09,False,False,True,-13.256466474732292,-13.256466469870558,-13.023426874974664,-13.023426874974664,-0.23303959975762822,True,0.25,4.0,32.0,-1.3671875e-06,1.0416666666666667e-06,0,natural_tdl,,unknown_amplitude_exact,,-13.256466474732292,0.2173585239870126,249.0,1.0416666666666667e-06,2.3424244139706967e+18,88790624899.74777,quad_over_lin,1e-12,,,,,,,,,,,,,,,,,,,,,,
exact_efim_cutting_plane_psl,Exact EFIM+cutting-plane PSL,ok,optimal,0.4598004330000549,False,,exact_efim,365.0514062317755,5475771.093476633,0.999999999602033,3.357142856005809,1631080.7518007979,88790714673.16176,2.3424267823225006e+18,2.3424267823225006e+18,2.3424244113789844e+18,4.2690768716728325e-19,0.09793945766188328,-13.023426874974664,-5.414035739514443,0.03331451819713832,1.9176447344225974e-05,64.0,-299.7860137023683,88790624836.84352,88790624801.50778,5.475771093476633,1.631080751800798,88790714673.16176,2.3424267823225006e+18,2.3424244113789844e+18,2.3424267823225006e+18,0.00010121740128881319,299.7860137023683,2.3424244139706967e+18,88790624899.74777,26381438.54281344,4.684848827941393e+18,177581250000.0,0.5,0.09793950717362658,True,True,True,True,-1.1064230036805028e-09,False,False,True,-13.256466474732292,-13.256466469870558,-13.023426874974664,-13.023426874974664,-0.23303959975762822,True,0.25,4.0,32.0,-1.3671875e-06,1.0416666666666667e-06,0,natural_tdl,,unknown_amplitude_exact,,-13.256466474732292,0.2173585239870126,249.0,1.0416666666666667e-06,2.3424244139706967e+18,88790624899.74777,quad_over_lin,1e-12,-5.416882565101563,-0.23303959975762822,249.0,1985.0,1.0,249.0,True,1.0,dense_psl_satisfied,False,0.4598004330000549,0.0,249.0,-13.023426874974664,-13.256466469870558,,0.0,,,,,
exact_efim_cutting_plane_psl_ee,Exact EFIM+cutting-plane PSL+EE,ok,optimal,0.8257299489996512,False,,exact_efim,350.3454502809791,5255181.754214686,0.9189956556799503,3.1257018733712867,1681280.5466141938,88790643859.05957,2.342424914144616e+18,2.342424914144616e+18,2.342424409609448e+18,4.2690802764329813e-19,0.09793949671719968,-13.01663464883784,-0.6975369291841325,0.06249999987244662,0.00010059112324586607,64.0,-144.25794985022102,96617023362.0288,88790624734.43272,5.255181754214687,1.6812805466141938,88790643859.05957,2.3424249141446154e+18,2.342424409609448e+18,2.342424914144616e+18,2.1539011344756008e-05,144.25794985022102,2.3424244139706967e+18,88790624899.74777,26381438.54281344,4.684848827941393e+18,177581250000.0,0.5,0.09793950717362658,True,True,True,True,-1.8618525071667728e-09,False,False,True,-13.256466474732292,-13.256466464572947,-13.01663464883784,-13.01663464883784,-0.23983182589445207,True,0.25,4.0,32.0,-3.3203125000000002e-06,1.0416666666666667e-06,0,natural_tdl,,unknown_amplitude_exact,,-13.256466474732292,0.2173585239870126,249.0,1.0416666666666667e-06,2.3424244139706967e+18,88790624899.74777,quad_over_lin,1e-12,-0.7011858920095178,-0.23983182589445207,249.0,1985.0,1.0,249.0,True,1.0,dense_psl_satisfied,False,0.8257299489996512,0.0,249.0,-13.01663464883784,-13.256466464572947,,0.0,4.0,True,1681280.546596656,5.4817646741867065e-05,0.7552976810002292
uniform,Uniform,ok,ok,1.3777000276604667e-05,False,,none,367.64816154584355,5514722.4231876535,1.0,3.357142857142857,1642683.274992067,76781250000.0,2.0255998281153943e+18,2.0255998281153943e+18,2.0255998281153943e+18,4.936809265680052e-19,0.10532073506634214,-13.256466474732292,-9.684463547443015,0.015625,0.0,64.0,0.0,76781250000.0,76781250000.0,5.514722423187654,1.642683274992067,76781250000.0,2.0255998281153943e+18,2.0255998281153943e+18,2.0255998281153943e+18,0.0,0.0,2.5766668553677665e+18,97669687389.72256,26381438.54281344,4.684848827941393e+18,177581250000.0,0.55,0.09338165609920326,False,False,False,False,-0.21386817085195853,False,False,True,-13.256466474732292,-13.456972739469613,-13.256466474732292,-13.256466474732292,0.0,True,0.25,4.0,32.0,-1.4973958333333334e-06,1.0416666666666667e-06,0,natural_tdl,,,,,,,,,,,,,,,,,,,,,,,,,,,,,,,,,
water_filling,Water-filling,ok,ok,0.0002603720022307243,False,,none,367.6496242631549,5514744.3639473235,0.9999999999999651,3.3571428571427577,1642689.8105375492,76431898170.3385,2.01638342429136e+18,2.01638342429136e+18,2.016371511849252e+18,4.959374233853569e-19,0.1055611585287154,-13.35162836997447,-9.798478062807934,0.01572682143907578,8.06248975354477e-09,64.0,-671.971981127014,76431446623.99776,76431446623.99509,5.514744363947323,1.6426898105375491,76431898170.3385,2.01638342429136e+18,2.016371511849252e+18,2.01638342429136e+18,0.000590782584522114,671.971981127014,2.5766668553677665e+18,97669687389.72256,26381438.54281344,4.684848827941393e+18,177581250000.0,0.55,0.09338165609920326,False,False,False,False,-0.2174496646127517,False,False,True,-13.256466474732292,-13.539943796024541,-13.35162836997447,-13.35162836997447,0.09516189524217822,True,0.25,4.0,32.0,-1.4973958333333334e-06,1.0416666666666667e-06,0,natural_tdl,0.015934431765996297,,,,,,,,,,,,,,,,,,,,,,,,,,,,,,,,
conventional_s2,Conventional $S_2$,ok,optimal,0.007416786000248976,False,,conventional_s2,363.8376534710141,5457564.802065211,0.9999999996861764,3.3571428562462184,1625657.6010493562,97669687370.78534,2.5766668548681743e+18,2.5766668548681743e+18,2.576654936343748e+18,3.8809828989365462e-19,0.09338165610825619,-9.078794020906352,-4.125959264892473,0.02993339260086517,2.420059423838315e-05,64.0,-672.143508865357,97669235624.53989,97669235593.88898,5.457564802065211,1.6256576010493562,97669687370.78534,2.5766668548681754e+18,2.576654936343748e+18,2.5766668548681743e+18,0.0004625558947879495,672.143508865357,2.5766668553677665e+18,97669687389.72256,26381438.54281344,4.684848827941393e+18,177581250000.0,0.55,0.09338165609920326,True,False,True,True,-4.625752837857963e-06,True,False,True,-13.256466474732292,-9.227667704469201,-9.078794020906352,-9.078794020906352,-4.17767245382594,False,0.25,4.0,32.0,-1.3671875e-06,1.0416666666666667e-06,0,natural_tdl,,known_amplitude_linear,97669687389.72256,,,,,,,,,,,,,,,,,,,,,,,,,,,,,,
conventional_s2_psl,Conventional $S_2$+PSL,infeasible,infeasible,0.47484061299837776,False,max_rate_isac: problem is infeasible (solver CLARABEL),conventional_s2,,,,,,,,,,,,,,,,,,,,,,,,,,,,2.5766668553677665e+18,97669687389.72256,26381438.54281344,4.684848827941393e+18,177581250000.0,0.55,0.09338165609920326,False,False,,,,False,,True,-13.256466474732292,,,,,False,,,,,,0,natural_tdl,,,,,,,,,,,,,,,,,,,,,,,,,,,,,,,,,
exact_efim,Exact EFIM,ok,optimal,0.009898004002025118,False,,exact_efim,363.8375770111691,5457563.655167537,0.9999999986643433,3.357142853326695,1625657.2608340068,97669796640.93529,2.5766697375719204e+18,2.5766697375719204e+18,2.576666846962817e+18,3.8809785570048743e-19,0.09338160387189054,-9.078733277133008,-4.125918822800431,0.029953040041581013,2.4200059042467386e-05,64.0,-331.0133020848282,97669687201.58244,97669687071.12927,5.457563655167537,1.6256572608340067,97669796640.93529,2.576669737571921e+18,2.576666846962817e+18,2.5766697375719204e+18,0.00011218391946823246,331.0133020848282,2.5766668553677665e+18,97669687389.72256,26381438.54281344,4.684848827941393e+18,177581250000.0,0.55,0.09338165609920326,True,True,True,True,-3.2619465285124587e-09,False,False,True,-13.256466474732292,-9.227615295222096,-9.078733277133008,-9.078733277133008,-4.177733197599284,False,0.25,4.0,32.0,-1.3671875e-06,1.0416666666666667e-06,0,natural_tdl,,unknown_amplitude_exact,,,,,,2.5766668553677665e+18,97669687389.72256,quad_over_lin,1e-12,,,,,,,,,,,,,,,,,,,,,,
exact_efim_sampled_psl,Exact EFIM+sampled PSL,infeasible,infeasible,0.4656619560009858,False,max_rate_isac: problem is infeasible (solver CLARABEL),exact_efim,,,,,,,,,,,,,,,,,,,,,,,,,,,,2.5766668553677665e+18,97669687389.72256,26381438.54281344,4.684848827941393e+18,177581250000.0,0.55,0.09338165609920326,False,False,,,,False,,True,-13.256466474732292,,,,,False,,,,,,0,natural_tdl,,,,,,,,,,,,,,,,,,,,,,,,,,,,,,,,,
exact_efim_cutting_plane_psl,Exact EFIM+cutting-plane PSL,infeasible,infeasible,0.46823039800074184,False,max_rate_isac: problem is infeasible (solver CLARABEL),exact_efim,,,,,,,,,,,,,,,,,,,,,,,,,,,,2.5766668553677665e+18,97669687389.72256,26381438.54281344,4.684848827941393e+18,177581250000.0,0.55,0.09338165609920326,False,False,,,,False,,True,-13.256466474732292,,,,,False,,,,,,0,natural_tdl,,,,,,,,,,,,,,,,,,,,,,,,,,,,,,,,,
exact_efim_cutting_plane_psl_ee,Exact EFIM+cutting-plane PSL+EE,infeasible,infeasible,0.47042857999986154,False,dinkelbach_ee_isac[iter 1]: problem is infeasible (solver CLARABEL),exact_efim,,,,,,,,,,,,,,,,,,,,,,,,,,,,2.5766668553677665e+18,97669687389.72256,26381438.54281344,4.684848827941393e+18,177581250000.0,0.55,0.09338165609920326,False,False,,,,False,,True,-13.256466474732292,,,,,False,,,,,,0,natural_tdl,,,,,,,,,,,,,,,,,,,,,,,,,,,,,,,,,
uniform,Uniform,ok,ok,1.4679000742034987e-05,False,,none,367.64816154584355,5514722.4231876535,1.0,3.357142857142857,1642683.274992067,76781250000.0,2.0255998281153943e+18,2.0255998281153943e+18,2.0255998281153943e+18,4.936809265680052e-19,0.10532073506634214,-13.256466474732292,-9.684463547443015,0.015625,0.0,64.0,0.0,76781250000.0,76781250000.0,5.514722423187654,1.642683274992067,76781250000.0,2.0255998281153943e+18,2.0255998281153943e+18,2.0255998281153943e+18,0.0,0.0,2.810909296764836e+18,106548749879.69733,26381438.54281344,4.684848827941393e+18,177581250000.0,0.6,0.08940612891655719,False,False,False,False,-0.27937915661429524,False,False,True,-13.256466474732292,-13.456972739469613,-13.256466474732292,-13.256466474732292,0.0,True,0.25,4.0,32.0,-1.4973958333333334e-06,1.0416666666666667e-06,0,natural_tdl,,,,,,,,,,,,,,,,,,,,,,,,,,,,,,,,,
water_filling,Water-filling,ok,ok,0.0002002120018005371,False,,none,367.6496242631549,5514744.3639473235,0.9999999999999651,3.3571428571427577,1642689.8105375492,76431898170.3385,2.01638342429136e+18,2.01638342429136e+18,2.016371511849252e+18,4.959374233853569e-19,0.1055611585287154,-13.35162836997447,-9.798478062807934,0.01572682143907578,8.06248975354477e-09,64.0,-671.971981127014,76431446623.99776,76431446623.99509,5.514744363947323,1.6426898105375491,76431898170.3385,2.01638342429136e+18,2.016371511849252e+18,2.01638342429136e+18,0.000590782584522114,671.971981127014,2.810909296764836e+18,106548749879.69733,26381438.54281344,4.684848827941393e+18,177581250000.0,0.6,0.08940612891655719,False,False,False,False,-0.28266219256168895,False,False,True,-13.256466474732292,-13.539943796024541,-13.35162836997447,-13.35162836997447,0.09516189524217822,True,0.25,4.0,32.0,-1.4973958333333334e-06,1.0416666666666667e-06,0,natural_tdl,0.015934431765996297,,,,,,,,,,,,,,,,,,,,,,,,,,,,,,,,
conventional_s2,Conventional $S_2$,ok,optimal,0.007402457998978207,False,,conventional_s2,360.245382593911,5403680.738908665,0.9999999976302372,3.3571428503721066,1609607.0318573783,106548749767.70465,2.810909293810308e+18,2.810909293810308e+18,2.810897381441558e+18,3.5575676604080564e-19,0.08940612896354429,-7.925237519592554,-2.2306697035870986,0.039449260618323684,5.2642370342448855e-05,64.0,-671.969912891717,106548298476.6361,106548298224.14189,5.403680738908665,1.6096070318573783,106548749767.70465,2.810909293810308e+18,2.810897381441558e+18,2.810909293810308e+18,0.0004237905782414015,671.969912891717,2.810909296764836e+18,106548749879.69733,26381438.54281344,4.684848827941393e+18,177581250000.0,0.6,0.08940612891655719,True,False,True,True,-4.238956871193859e-06,True,False,True,-13.256466474732292,-7.925237519592554,-7.911231881812149,-7.911231881812149,-5.345234592920143,False,0.25,4.0,32.0,-1.3346354166666666e-06,1.0416666666666667e-06,0,natural_tdl,,known_amplitude_linear,106548749879.69733,,,,,,,,,,,,,,,,,,,,,,,,,,,,,,
conventional_s2_psl,Conventional $S_2$+PSL,infeasible,infeasible,0.4212743239986594,False,max_rate_isac: problem is infeasible (solver CLARABEL),conventional_s2,,,,,,,,,,,,,,,,,,,,,,,,,,,,2.810909296764836e+18,106548749879.69733,26381438.54281344,4.684848827941393e+18,177581250000.0,0.6,0.08940612891655719,False,False,,,,False,,True,-13.256466474732292,,,,,False,,,,,,0,natural_tdl,,,,,,,,,,,,,,,,,,,,,,,,,,,,,,,,,
exact_efim,Exact EFIM,ok,optimal,0.009250566999980947,False,,exact_efim,360.24530723460435,5403679.608519065,0.9999999986726963,3.357142853350561,1609606.6937175402,106548807356.94662,2.810910813097356e+18,2.810910813097356e+18,2.810909288261187e+18,3.5575657375557047e-19,0.08940610480169763,-7.9252325366046055,-2.230608540913754,0.03951719036018412,5.2642475559867786e-05,64.0,-240.41544023706493,106548749698.78534,106548749557.3628,5.403679608519065,1.6096066937175402,106548807356.94662,2.810910813097356e+18,2.810909288261187e+18,2.810910813097356e+18,5.4247049091670606e-05,240.41544023706493,2.810909296764836e+18,106548749879.69733,26381438.54281344,4.684848827941393e+18,177581250000.0,0.6,0.08940612891655719,True,True,True,True,-3.025230582070762e-09,False,False,True,-13.256466474732292,-7.9252325366046055,-7.91122380984937,-7.91122380984937,-5.345242664882922,False,0.25,4.0,32.0,-1.3346354166666666e-06,1.0416666666666667e-06,0,natural_tdl,,unknown_amplitude_exact,,,,,,2.810909296764836e+18,106548749879.69733,quad_over_lin,1e-12,,,,,,,,,,,,,,,,,,,,,,
exact_efim_sampled_psl,Exact EFIM+sampled PSL,infeasible,infeasible,0.45127147800303646,False,max_rate_isac: problem is infeasible (solver CLARABEL),exact_efim,,,,,,,,,,,,,,,,,,,,,,,,,,,,2.810909296764836e+18,106548749879.69733,26381438.54281344,4.684848827941393e+18,177581250000.0,0.6,0.08940612891655719,False,False,,,,False,,True,-13.256466474732292,,,,,False,,,,,,0,natural_tdl,,,,,,,,,,,,,,,,,,,,,,,,,,,,,,,,,
exact_efim_cutting_plane_psl,Exact EFIM+cutting-plane PSL,infeasible,infeasible,0.45013616799769807,False,max_rate_isac: problem is infeasible (solver CLARABEL),exact_efim,,,,,,,,,,,,,,,,,,,,,,,,,,,,2.810909296764836e+18,106548749879.69733,26381438.54281344,4.684848827941393e+18,177581250000.0,0.6,0.08940612891655719,False,False,,,,False,,True,-13.256466474732292,,,,,False,,,,,,0,natural_tdl,,,,,,,,,,,,,,,,,,,,,,,,,,,,,,,,,
exact_efim_cutting_plane_psl_ee,Exact EFIM+cutting-plane PSL+EE,infeasible,infeasible,0.44884249300230294,False,dinkelbach_ee_isac[iter 1]: problem is infeasible (solver CLARABEL),exact_efim,,,,,,,,,,,,,,,,,,,,,,,,,,,,2.810909296764836e+18,106548749879.69733,26381438.54281344,4.684848827941393e+18,177581250000.0,0.6,0.08940612891655719,False,False,,,,False,,True,-13.256466474732292,,,,,False,,,,,,0,natural_tdl,,,,,,,,,,,,,,,,,,,,,,,,,,,,,,,,,
uniform,Uniform,ok,ok,1.513199822511524e-05,False,,none,367.64816154584355,5514722.4231876535,1.0,3.357142857142857,1642683.274992067,76781250000.0,2.0255998281153943e+18,2.0255998281153943e+18,2.0255998281153943e+18,4.936809265680052e-19,0.10532073506634214,-13.256466474732292,-9.684463547443015,0.015625,0.0,64.0,0.0,76781250000.0,76781250000.0,5.514722423187654,1.642683274992067,76781250000.0,2.0255998281153943e+18,2.0255998281153943e+18,2.0255998281153943e+18,0.0,0.0,3.279394179558975e+18,124306874859.64688,26381438.54281344,4.684848827941393e+18,177581250000.0,0.7,0.08277399119380457,False,False,False,False,-0.3823249913836816,False,False,True,-13.256466474732292,-13.456972739469613,-13.256466474732292,-13.256466474732292,0.0,True,0.25,4.0,32.0,-1.4973958333333334e-06,1.0416666666666667e-06,0,natural_tdl,,,,,,,,,,,,,,,,,,,,,,,,,,,,,,,,,
water_filling,Water-filling,ok,ok,0.00019908499962184578,False,,none,367.6496242631549,5514744.3639473235,0.9999999999999651,3.3571428571427577,1642689.8105375492,76431898170.3385,2.01638342429136e+18,2.01638342429136e+18,2.016371511849252e+18,4.959374233853569e-19,0.1055611585287154,-13.35162836997447,-9.798478062807934,0.01572682143907578,8.06248975354477e-09,64.0,-671.971981127014,76431446623.99776,76431446623.99509,5.514744363947323,1.6426898105375491,76431898170.3385,2.01638342429136e+18,2.016371511849252e+18,2.01638342429136e+18,0.000590782584522114,671.971981127014,3.279394179558975e+18,124306874859.64688,26381438.54281344,4.684848827941393e+18,177581250000.0,0.7,0.08277399119380457,False,False,False,False,-0.38513902219573337,False,False,True,-13.256466474732292,-13.539943796024541,-13.35162836997447,-13.35162836997447,0.09516189524217822,True,0.25,4.0,32.0,-1.4973958333333334e-06,1.0416666666666667e-06,0,natural_tdl,0.015934431765996297,,,,,,,,,,,,,,,,,,,,,,,,,,,,,,,,
conventional_s2,Conventional $S_2$,ok,optimal,0.0074276730010751635,False,,conventional_s2,349.8784711666613,5248177.06749992,0.999999998093394,3.3571428516954116,1563286.7886004627,124306874659.79448,3.2793941742865807e+18,3.2793941742865807e+18,3.279382901834564e+18,3.049343710618581e-19,0.08277399126034388,-6.028111463053756,1.105635653127858,0.06249999531923884,0.00015799118334905554,64.0,-653.6721189521922,124306447609.55962,124306447372.5562,5.2481770674999195,1.5632867886004627,124306874659.79448,3.279394174286581e+18,3.279382901834564e+18,3.2793941742865807e+18,0.00034373580660190925,653.6721189521922,3.279394179558975e+18,124306874859.64688,26381438.54281344,4.684848827941393e+18,177581250000.0,0.7,0.08277399119380457,True,False,True,True,-3.438965794711714e-06,True,False,True,-13.256466474732292,-6.085810436842016,-6.0190286964126605,-6.0190286964126605,-7.237437778319632,False,0.25,4.0,32.0,-1.2695312500000002e-06,1.0416666666666667e-06,0,natural_tdl,,known_amplitude_linear,124306874859.64688,,,,,,,,,,,,,,,,,,,,,,,,,,,,,,
conventional_s2_psl,Conventional $S_2$+PSL,infeasible,infeasible,0.4525647400005255,False,max_rate_isac: problem is infeasible (solver CLARABEL),conventional_s2,,,,,,,,,,,,,,,,,,,,,,,,,,,,3.279394179558975e+18,124306874859.64688,26381438.54281344,4.684848827941393e+18,177581250000.0,0.7,0.08277399119380457,False,False,,,,False,,True,-13.256466474732292,,,,,False,,,,,,0,natural_tdl,,,,,,,,,,,,,,,,,,,,,,,,,,,,,,,,,
exact_efim,Exact EFIM,ok,optimal,0.009040250999532873,False,,exact_efim,349.8783920766847,5248175.881150271,0.9999999988594718,3.357142853884205,1563286.4342004827,124306904430.6748,3.2793949596852306e+18,3.2793949596852306e+18,3.279394177849459e+18,3.049342980316052e-19,0.08277398134836535,-6.028167256490117,1.1057351179928707,0.06249999784351679,0.0001579941548777782,64.0,-172.15059658968767,124306874936.62244,124306874794.84694,5.248175881150271,1.5632864342004826,124306904430.6748,3.279394959685231e+18,3.279394177849459e+18,3.2793949596852306e+18,2.3840854212541808e-05,172.15059658968767,3.279394179558975e+18,124306874859.64688,26381438.54281344,4.684848827941393e+18,177581250000.0,0.7,0.08277399119380457,True,True,True,True,-5.212901171367883e-10,False,False,True,-13.256466474732292,-6.085866821175974,-6.019084414356641,-6.019084414356641,-7.237382060375651,False,0.25,4.0,32.0,-1.2695312500000002e-06,1.0416666666666667e-06,0,natural_tdl,,unknown_amplitude_exact,,,,,,3.279394179558975e+18,124306874859.64688,quad_over_lin,1e-12,,,,,,,,,,,,,,,,,,,,,,
exact_efim_sampled_psl,Exact EFIM+sampled PSL,infeasible,infeasible,0.45256430999870645,False,max_rate_isac: problem is infeasible (solver CLARABEL),exact_efim,,,,,,,,,,,,,,,,,,,,,,,,,,,,3.279394179558975e+18,124306874859.64688,26381438.54281344,4.684848827941393e+18,177581250000.0,0.7,0.08277399119380457,False,False,,,,False,,True,-13.256466474732292,,,,,False,,,,,,0,natural_tdl,,,,,,,,,,,,,,,,,,,,,,,,,,,,,,,,,
exact_efim_cutting_plane_psl,Exact EFIM+cutting-plane PSL,infeasible,infeasible,0.42065738400197006,False,max_rate_isac: problem is infeasible (solver CLARABEL),exact_efim,,,,,,,,,,,,,,,,,,,,,,,,,,,,3.279394179558975e+18,124306874859.64688,26381438.54281344,4.684848827941393e+18,177581250000.0,0.7,0.08277399119380457,False,False,,,,False,,True,-13.256466474732292,,,,,False,,,,,,0,natural_tdl,,,,,,,,,,,,,,,,,,,,,,,,,,,,,,,,,
exact_efim_cutting_plane_psl_ee,Exact EFIM+cutting-plane PSL+EE,infeasible,infeasible,0.44775414299874683,False,dinkelbach_ee_isac[iter 1]: problem is infeasible (solver CLARABEL),exact_efim,,,,,,,,,,,,,,,,,,,,,,,,,,,,3.279394179558975e+18,124306874859.64688,26381438.54281344,4.684848827941393e+18,177581250000.0,0.7,0.08277399119380457,False,False,,,,False,,True,-13.256466474732292,,,,,False,,,,,,0,natural_tdl,,,,,,,,,,,,,,,,,,,,,,,,,,,,,,,,,
uniform,Uniform,ok,ok,1.469999915570952e-05,False,,none,367.64816154584355,5514722.4231876535,1.0,3.357142857142857,1642683.274992067,76781250000.0,2.0255998281153943e+18,2.0255998281153943e+18,2.0255998281153943e+18,4.936809265680052e-19,0.10532073506634214,-13.256466474732292,-9.684463547443015,0.015625,0.0,64.0,0.0,76781250000.0,76781250000.0,5.514722423187654,1.642683274992067,76781250000.0,2.0255998281153943e+18,2.0255998281153943e+18,2.0255998281153943e+18,0.0,0.0,3.747879062353115e+18,142064999839.59647,26381438.54281344,4.684848827941393e+18,177581250000.0,0.8,0.07742797889576501,False,False,False,False,-0.4595343674607215,False,False,True,-13.256466474732292,-13.456972739469613,-13.256466474732292,-13.256466474732292,0.0,True,0.25,4.0,32.0,-1.4973958333333334e-06,1.0416666666666667e-06,0,natural_tdl,,,,,,,,,,,,,,,,,,,,,,,,,,,,,,,,,
water_filling,Water-filling,ok,ok,0.00020544300059555098,False,,none,367.6496242631549,5514744.3639473235,0.9999999999999651,3.3571428571427577,1642689.8105375492,76431898170.3385,2.01638342429136e+18,2.01638342429136e+18,2.016371511849252e+18,4.959374233853569e-19,0.1055611585287154,-13.35162836997447,-9.798478062807934,0.01572682143907578,8.06248975354477e-09,64.0,-671.971981127014,76431446623.99776,76431446623.99509,5.514744363947323,1.6426898105375491,76431898170.3385,2.01638342429136e+18,2.016371511849252e+18,2.01638342429136e+18,0.000590782584522114,671.971981127014,3.747879062353115e+18,142064999839.59647,26381438.54281344,4.684848827941393e+18,177581250000.0,0.8,0.07742797889576501,False,False,False,False,-0.4619966444212668,False,False,True,-13.256466474732292,-13.539943796024541,-13.35162836997447,-13.35162836997447,0.09516189524217822,True,0.25,4.0,32.0,-1.4973958333333334e-06,1.0416666666666667e-06,0,natural_tdl,0.015934431765996297,,,,,,,,,,,,,,,,,,,,,,,,,,,,,,,,
conventional_s2,Conventional $S_2$,ok,optimal,0.017049018999387044,False,,conventional_s2,333.4921248699933,5002381.873049899,0.9999999972069867,3.3571428491628192,1490071.1997695772,142064999484.48297,3.74787905298471e+18,3.74787905298471e+18,3.747870072763348e+18,2.6681757491710595e-19,0.07742797899253663,-4.0671468427772055,3.2617065416238296,0.062499999008972976,0.00029633687627816875,64.0,-583.4374266324517,142064659482.0416,142064659085.2531,5.002381873049899,1.4900711997695772,142064999484.48297,3.74787905298471e+18,3.747870072763348e+18,3.74787905298471e+18,0.000239608088607459,583.4374266324517,3.747879062353115e+18,142064999839.59647,26381438.54281344,4.684848827941393e+18,177581250000.0,0.8,0.07742797889576501,True,False,True,True,-2.398580535179773e-06,True,False,True,-13.256466474732292,-4.313041298691224,-4.054515901147581,-4.054515901147581,-9.20195057358471,False,0.25,4.0,32.0,-1.2044270833333335e-06,1.0416666666666667e-06,0,natural_tdl,,known_amplitude_linear,142064999839.59647,,,,,,,,,,,,,,,,,,,,,,,,,,,,,,
conventional_s2_psl,Conventional $S_2$+PSL,infeasible,infeasible,0.44128580600226996,False,max_rate_isac: problem is infeasible (solver CLARABEL),conventional_s2,,,,,,,,,,,,,,,,,,,,,,,,,,,,3.747879062353115e+18,142064999839.59647,26381438.54281344,4.684848827941393e+18,177581250000.0,0.8,0.07742797889576501,False,False,,,,False,,True,-13.256466474732292,,,,,False,,,,,,0,natural_tdl,,,,,,,,,,,,,,,,,,,,,,,,,,,,,,,,,
exact_efim,Exact EFIM,ok,optimal,0.00966769399747136,False,,exact_efim,333.4920127756077,5002380.191634116,0.9999999972858067,3.357142849388019,1490070.6988223663,142065023659.21417,3.7478796907488957e+18,3.7478796907488957e+18,3.7478790421539343e+18,2.668175295136492e-19,0.07742797240470589,-4.067168950876659,3.261736788332054,0.06249999907645347,0.0002963368333629855,64.0,-156.7969278706833,142064999459.5295,142064999073.93765,5.002380191634116,1.4900706988223662,142065023659.21417,3.7478796907488957e+18,3.7478790421539343e+18,3.7478796907488957e+18,1.7305650525788322e-05,156.7969278706833,3.747879062353115e+18,142064999839.59647,26381438.54281344,4.684848827941393e+18,177581250000.0,0.8,0.07742797889576501,True,True,True,True,-5.3894964228962855e-09,False,False,True,-13.256466474732292,-4.313063310209154,-4.054538602558894,-4.054538602558894,-9.201927872173398,False,0.25,4.0,32.0,-1.2044270833333335e-06,1.0416666666666667e-06,0,natural_tdl,,unknown_amplitude_exact,,,,,,3.747879062353115e+18,142064999839.59647,quad_over_lin,1e-12,,,,,,,,,,,,,,,,,,,,,,
exact_efim_sampled_psl,Exact EFIM+sampled PSL,infeasible,infeasible,0.441260034996958,False,max_rate_isac: problem is infeasible (solver CLARABEL),exact_efim,,,,,,,,,,,,,,,,,,,,,,,,,,,,3.747879062353115e+18,142064999839.59647,26381438.54281344,4.684848827941393e+18,177581250000.0,0.8,0.07742797889576501,False,False,,,,False,,True,-13.256466474732292,,,,,False,,,,,,0,natural_tdl,,,,,,,,,,,,,,,,,,,,,,,,,,,,,,,,,
exact_efim_cutting_plane_psl,Exact EFIM+cutting-plane PSL,infeasible,infeasible,0.4429190259979805,False,max_rate_isac: problem is infeasible (solver CLARABEL),exact_efim,,,,,,,,,,,,,,,,,,,,,,,,,,,,3.747879062353115e+18,142064999839.59647,26381438.54281344,4.684848827941393e+18,177581250000.0,0.8,0.07742797889576501,False,False,,,,False,,True,-13.256466474732292,,,,,False,,,,,,0,natural_tdl,,,,,,,,,,,,,,,,,,,,,,,,,,,,,,,,,
exact_efim_cutting_plane_psl_ee,Exact EFIM+cutting-plane PSL+EE,infeasible,infeasible,0.44306917599897133,False,dinkelbach_ee_isac[iter 1]: problem is infeasible (solver CLARABEL),exact_efim,,,,,,,,,,,,,,,,,,,,,,,,,,,,3.747879062353115e+18,142064999839.59647,26381438.54281344,4.684848827941393e+18,177581250000.0,0.8,0.07742797889576501,False,False,,,,False,,True,-13.256466474732292,,,,,False,,,,,,0,natural_tdl,,,,,,,,,,,,,,,,,,,,,,,,,,,,,,,,,
uniform,Uniform,ok,ok,1.4518998796120286e-05,False,,none,340.3565914098858,5105348.871148287,1.0,3.357142857142857,1520742.2169377876,76781250000.0,2.0255998281153943e+18,2.0255998281153943e+18,2.0255998281153943e+18,4.936809265680052e-19,0.10532073506634214,-13.256466474732292,-9.684463547443015,0.015625,0.0,64.0,0.0,76781250000.0,76781250000.0,5.105348871148287,1.5207422169377875,76781250000.0,2.0255998281153943e+18,2.0255998281153943e+18,2.0255998281153943e+18,0.0,0.0,7.02727324191209e+17,26637187469.92433,26381438.54281344,4.684848827941393e+18,177581250000.0,0.15,0.17881225783311439,False,True,True,True,1.882483373542819,False,False,True,-13.256466474732292,-13.456972739469613,-13.256466474732292,-13.256466474732292,0.0,True,0.25,4.0,32.0,-1.4973958333333334e-06,1.0416666666666667e-06,1,natural_tdl,,,,,,,,,,,,,,,,,,,,,,,,,,,,,,,,,
water_filling,Water-filling,ok,ok,0.0001762060019245837,False,,none,340.3572776985516,5105359.165478274,0.999999999999892,3.3571428571425486,1520745.2833340939,76829652893.70633,2.0268767660810022e+18,2.0268767660810022e+18,2.0268493860695813e+18,4.933699062195654e-19,0.10528755366230765,-13.248986838406665,-9.6689354733109,0.015785288010485843,3.813052815602173e-09,64.0,-1018.7498922450259,76828615042.37167,76828615042.36337,5.105359165478275,1.5207452833340938,76829652893.70633,2.0268767660810022e+18,2.0268493860695813e+18,2.0268767660810022e+18,0.0013508473667033876,1018.7498922450259,7.02727324191209e+17,26637187469.92433,26381438.54281344,4.684848827941393e+18,177581250000.0,0.15,0.17881225783311439,False,True,True,True,1.8842615283279986,False,False,True,-13.256466474732292,-13.45177924467661,-13.248986838406665,-13.248986838406665,-0.0074796363256268705,True,0.25,4.0,32.0,-1.4973958333333334e-06,1.0416666666666667e-06,1,natural_tdl,0.016032128882561503,,,,,,,,,,,,,,,,,,,,,,,,,,,,,,,,
conventional_s2,Conventional $S_2$,ok,optimal,0.00752351700066356,False,,conventional_s2,340.3572775700793,5105359.16355119,0.9999999985786945,3.3571428530819842,1520745.2845994555,76829658545.82526,2.0268769151920302e+18,2.0268769151920302e+18,2.0268495171864686e+18,4.933698699238765e-19,0.1052875497894687,-13.248997263388562,-9.668934475770591,0.015785383230019028,3.815360814509551e-09,64.0,-1019.0845991562285,76828620121.60344,76828620012.4065,5.10535916355119,1.5207452845994556,76829658545.82526,2.0268769151920302e+18,2.0268495171864686e+18,2.0268769151920302e+18,0.0013517350440100237,1019.0845991562285,7.02727324191209e+17,26637187469.92433,26381438.54281344,4.684848827941393e+18,177581250000.0,0.15,0.17881225783311439,True,True,True,True,1.8842617149108776,False,False,True,-13.256466474732292,-13.451791342679012,-13.248997263388562,-13.248997263388562,-0.007469211343730464,True,0.25,4.0,32.0,-1.4973958333333334e-06,1.0416666666666667e-06,1,natural_tdl,,known_amplitude_linear,26637187469.92433,,,,,,,,,,,,,,,,,,,,,,,,,,,,,,
conventional_s2_psl,Conventional $S_2$+PSL,ok,optimal,0.5141373449987441,False,,conventional_s2,340.3572776619135,5105359.164928703,0.9999999997122826,3.3571428563208077,1520745.2835426303,76829737525.09308,2.0268789987787305e+18,2.0268789987787305e+18,2.0268516115173494e+18,4.933693627505821e-19,0.10528749567282066,-13.248937177229097,-9.668904848357219,0.015785180801546936,3.815850817381524e-09,64.0,-1018.8847609903676,76828699421.04214,76828699398.9372,5.105359164928703,1.5207452835426303,76829737525.09308,2.0268789987787305e+18,2.0268516115173494e+18,2.0268789987787305e+18,0.00135120356950868,1018.8847609903676,7.02727324191209e+17,26637187469.92433,26381438.54281344,4.684848827941393e+18,177581250000.0,0.15,0.17881225783311439,True,True,True,True,1.8842646952003992,False,False,True,-13.256466474732292,-13.451729889702609,-13.248937177229097,-13.248937177229097,-0.007529297503195309,True,0.25,4.0,32.0,-1.4973958333333334e-06,1.0416666666666667e-06,1,natural_tdl,,known_amplitude_linear,26637187469.92433,-13.256466474732292,0.2173585239870126,249.0,1.0416666666666667e-06,,,,,,,,,,,,,,,,,,,,,,,,,,
exact_efim,Exact EFIM,ok,optimal,0.008525086999725318,False,,exact_efim,340.35727740396254,5105359.161059438,0.9999999967262803,3.3571428477893726,1520745.286254721,76829656435.37802,2.0268768595153964e+18,2.0268768595153964e+18,2.0268494776127695e+18,4.933698834763395e-19,0.10528755123554973,-13.248986832611052,-9.668934316266737,0.01578529766779074,3.8133344885389195e-09,64.0,-1018.7850771165082,76828618763.86343,76828618512.34807,5.105359161059439,1.520745286254721,76829656435.37802,2.0268768595153964e+18,2.0268494776127695e+18,2.0268768595153964e+18,0.0013509406108352683,1018.7850771165082,7.02727324191209e+17,26637187469.92433,26381438.54281344,4.684848827941393e+18,177581250000.0,0.15,0.17881225783311439,True,True,True,True,1.884261658596433,False,False,True,-13.256466474732292,-13.451779473700181,-13.248986832611052,-13.248986832611052,-0.007479642121239749,True,0.25,4.0,32.0,-1.4973958333333334e-06,1.0416666666666667e-06,1,natural_tdl,,unknown_amplitude_exact,,,,,,7.02727324191209e+17,26637187469.92433,quad_over_lin,1e-12,,,,,,,,,,,,,,,,,,,,,,
exact_efim_sampled_psl,Exact EFIM+sampled PSL,ok,optimal,0.47969450099844835,False,,exact_efim,340.3572776892728,5105359.165339092,0.9999999999021739,3.357142856863354,1520745.2834191069,76829654487.34726,2.0268768081235425e+18,2.0268768081235425e+18,2.0268494236267945e+18,4.933698959858284e-19,0.10528755257034285,-13.248989308799164,-9.668935187031485,0.015785282168646525,3.813457562268462e-09,64.0,-1018.8333334523583,76828616473.50185,76828616465.98601,5.105359165339092,1.5207452834191069,76829654487.34726,2.0268768081235425e+18,2.0268494236267945e+18,2.0268768081235425e+18,0.0013510686312200803,1018.8333334523583,7.02727324191209e+17,26637187469.92433,26381438.54281344,4.684848827941393e+18,177581250000.0,0.15,0.17881225783311439,True,True,True,True,1.8842615817729294,False,False,True,-13.256466474732292,-13.451782167701353,-13.248989308799164,-13.248989308799164,-0.007477165933128305,True,0.25,4.0,32.0,-1.4973958333333334e-06,1.0416666666666667e-06,1,natural_tdl,,unknown_amplitude_exact,,-13.256466474732292,0.2173585239870126,249.0,1.0416666666666667e-06,7.02727324191209e+17,26637187469.92433,quad_over_lin,1e-12,,,,,,,,,,,,,,,,,,,,,,
exact_efim_cutting_plane_psl,Exact EFIM+cutting-plane PSL,ok,optimal,0.5194497929987847,False,,exact_efim,340.3572776892728,5105359.165339092,0.9999999999021739,3.357142856863354,1520745.2834191069,76829654487.34726,2.0268768081235425e+18,2.0268768081235425e+18,2.0268494236267945e+18,4.933698959858284e-19,0.10528755257034285,-13.248989308799164,-9.668935187031485,0.015785282168646525,3.813457562268462e-09,64.0,-1018.8333334523583,76828616473.50185,76828616465.98601,5.105359165339092,1.5207452834191069,76829654487.34726,2.0268768081235425e+18,2.0268494236267945e+18,2.0268768081235425e+18,0.0013510686312200803,1018.8333334523583,7.02727324191209e+17,26637187469.92433,26381438.54281344,4.684848827941393e+18,177581250000.0,0.15,0.17881225783311439,True,True,True,True,1.8842615817729294,False,False,True,-13.256466474732292,-13.451782167701353,-13.248989308799164,-13.248989308799164,-0.007477165933128305,True,0.25,4.0,32.0,-1.4973958333333334e-06,1.0416666666666667e-06,1,natural_tdl,,unknown_amplitude_exact,,-13.256466474732292,0.2173585239870126,249.0,1.0416666666666667e-06,7.02727324191209e+17,26637187469.92433,quad_over_lin,1e-12,-9.66889522861741,-0.007477165933128305,249.0,1985.0,1.0,249.0,True,1.0,dense_psl_satisfied,False,0.5194497929987847,0.0,249.0,-13.248989308799164,-13.451782167701353,,0.0,,,,,
exact_efim_cutting_plane_psl_ee,Exact EFIM+cutting-plane PSL+EE,ok,optimal,0.9333006799970462,False,,exact_efim,228.76105056004795,3431415.758400719,0.29229764174851647,1.3351361192814757,2570086.831481564,26637586689.745743,7.027378561843926e+17,7.027378561843926e+17,7.027273204749659e+17,1.4230057356375124e-18,0.1788109178906876,-13.154041161553302,-4.143025449143261,0.01259338515196976,3.039340909452431e-06,64.0,-1168.8801938260967,91130353189.69933,26637187329.05851,3.431415758400719,2.570086831481564,26637586689.745743,7.027378561843926e+17,7.027273204749659e+17,7.027378561843926e+17,0.0014992374943187232,1168.8801938260967,7.02727324191209e+17,26637187469.92433,26381438.54281344,4.684848827941393e+18,177581250000.0,0.15,0.17881225783311439,True,True,True,True,-5.288314462906564e-09,False,False,True,-13.256466474732292,-13.256466364383515,-13.149293631496487,-13.149293631496487,-0.107172843235805,True,0.25,4.0,32.0,-1.3346354166666666e-06,1.0416666666666667e-06,1,natural_tdl,,unknown_amplitude_exact,,-13.256466474732292,0.2173585239870126,249.0,1.0416666666666667e-06,7.02727324191209e+17,26637187469.92433,quad_over_lin,1e-12,-4.146252867367782,-0.107172843235805,249.0,1985.0,1.0,249.0,True,1.0,dense_psl_satisfied,False,0.9333006799970462,0.0,249.0,-13.149293631496487,-13.256466364383515,,0.0,5.0,True,2570086.8324489905,-0.0012916461564600468,0.8858032340031059
uniform,Uniform,ok,ok,1.4951001503504813e-05,False,,none,340.3565914098858,5105348.871148287,1.0,3.357142857142857,1520742.2169377876,76781250000.0,2.0255998281153943e+18,2.0255998281153943e+18,2.0255998281153943e+18,4.936809265680052e-19,0.10532073506634214,-13.256466474732292,-9.684463547443015,0.015625,0.0,64.0,0.0,76781250000.0,76781250000.0,5.105348871148287,1.5207422169377875,76781250000.0,2.0255998281153943e+18,2.0255998281153943e+18,2.0255998281153943e+18,0.0,0.0,1.1712122069853484e+18,44395312449.873886,26381438.54281344,4.684848827941393e+18,177581250000.0,0.25,0.13850737933707974,False,True,True,True,0.7294900241256913,False,False,True,-13.256466474732292,-13.456972739469613,-13.256466474732292,-13.256466474732292,0.0,True,0.25,4.0,32.0,-1.4973958333333334e-06,1.0416666666666667e-06,1,natural_tdl,,,,,,,,,,,,,,,,,,,,,,,,,,,,,,,,,
water_filling,Water-filling,ok,ok,0.00020567799947457388,False,,none,340.3572776985516,5105359.165478274,0.999999999999892,3.3571428571425486,1520745.2833340939,76829652893.70633,2.0268767660810022e+18,2.0268767660810022e+18,2.0268493860695813e+18,4.933699062195654e-19,0.10528755366230765,-13.248986838406665,-9.6689354733109,0.015785288010485843,3.813052815602173e-09,64.0,-1018.7498922450259,76828615042.37167,76828615042.36337,5.105359165478275,1.5207452833340938,76829652893.70633,2.0268767660810022e+18,2.0268493860695813e+18,2.0268767660810022e+18,0.0013508473667033876,1018.7498922450259,1.1712122069853484e+18,44395312449.873886,26381438.54281344,4.684848827941393e+18,177581250000.0,0.25,0.13850737933707974,False,True,True,True,0.730556916996799,False,False,True,-13.256466474732292,-13.45177924467661,-13.248986838406665,-13.248986838406665,-0.0074796363256268705,True,0.25,4.0,32.0,-1.4973958333333334e-06,1.0416666666666667e-06,1,natural_tdl,0.016032128882561503,,,,,,,,,,,,,,,,,,,,,,,,,,,,,,,,
conventional_s2,Conventional $S_2$,ok,optimal,0.007376632001978578,False,,conventional_s2,340.3572775537691,5105359.163306537,0.9999999983911361,3.357142852546103,1520745.2847693278,76829653608.60289,2.0268767849410022e+18,2.0268767849410022e+18,2.0268494052734175e+18,4.933699016287799e-19,0.1052875531724596,-13.248985012236078,-9.668935055228179,0.0157852857333445,3.813003832009076e-09,64.0,-1018.7434963619099,76828615893.89998,76828615770.29318,5.105359163306537,1.520745284769328,76829653608.60289,2.026876784941002e+18,2.0268494052734175e+18,2.0268767849410022e+18,0.0013508303902925684,1018.7434963619099,1.1712122069853484e+18,44395312449.873886,26381438.54281344,4.684848827941393e+18,177581250000.0,0.25,0.13850737933707974,True,True,True,True,0.7305569333933462,False,False,True,-13.256466474732292,-13.451777276765322,-13.248985012236078,-13.248985012236078,-0.007481462496214064,True,0.25,4.0,32.0,-1.4973958333333334e-06,1.0416666666666667e-06,1,natural_tdl,,known_amplitude_linear,44395312449.873886,,,,,,,,,,,,,,,,,,,,,,,,,,,,,,
conventional_s2_psl,Conventional $S_2$+PSL,ok,optimal,0.49032206400079303,False,,conventional_s2,340.35727768502244,5105359.165275336,0.9999999998501563,3.3571428567147326,1520745.2834674397,76829656656.29266,2.0268768653434427e+18,2.0268768653434427e+18,2.0268494869502408e+18,4.933698820577123e-19,0.10528755108417873,-13.248983338842152,-9.668934018573271,0.015785288843110614,3.8128902404204285e-09,64.0,-1018.7197867049181,76828618877.80128,76828618866.289,5.1053591652753365,1.5207452834674398,76829656656.29266,2.0268768653434424e+18,2.0268494869502408e+18,2.0268768653434427e+18,0.0013507674624960943,1018.7197867049181,1.1712122069853484e+18,44395312449.873886,26381438.54281344,4.684848827941393e+18,177581250000.0,0.25,0.13850737933707974,True,True,True,True,0.7305570031303441,False,False,True,-13.256466474732292,-13.451775615282397,-13.248983338842152,-13.248983338842152,-0.007483135890140602,True,0.25,4.0,32.0,-1.4973958333333334e-06,1.0416666666666667e-06,1,natural_tdl,,known_amplitude_linear,44395312449.873886,-13.256466474732292,0.2173585239870126,249.0,1.0416666666666667e-06,,,,,,,,,,,,,,,,,,,,,,,,,,
exact_efim,Exact EFIM,ok,optimal,0.008590923996962374,False,,exact_efim,340.3572773427138,5105359.160140707,0.9999999960457233,3.357142845844924,1520745.286861868,76829645483.92094,2.0268765706002048e+18,2.0268765706002048e+18,2.026849186478468e+18,4.933699538023063e-19,0.10528755873950246,-13.248987467656065,-9.668937591762946,0.0157852862681848,3.813562374677698e-09,64.0,-1018.8263592934253,76828607780.57623,76828607476.77466,5.105359160140707,1.520745286861868,76829645483.92094,2.0268765706002045e+18,2.026849186478468e+18,2.0268765706002048e+18,0.0013510502876154383,1018.8263592934253,1.1712122069853484e+18,44395312449.873886,26381438.54281344,4.684848827941393e+18,177581250000.0,0.25,0.13850737933707974,True,True,True,True,0.7305567465826657,False,False,True,-13.256466474732292,-13.4517795403229,-13.248987467656065,-13.248987467656065,-0.007479007076227617,True,0.25,4.0,32.0,-1.4973958333333334e-06,1.0416666666666667e-06,1,natural_tdl,,unknown_amplitude_exact,,,,,,1.1712122069853484e+18,44395312449.873886,quad_over_lin,1e-12,,,,,,,,,,,,,,,,,,,,,,
exact_efim_sampled_psl,Exact EFIM+sampled PSL,ok,optimal,0.4897446309987572,False,,exact_efim,340.35727768269174,5105359.165240376,0.9999999998253161,3.3571428566437604,1520745.2834891756,76829641765.293,2.02687647249745e+18,2.02687647249745e+18,2.026849090959942e+18,4.933699776818827e-19,0.10528756128751157,-13.248997067015313,-9.668939735201883,0.01578529180011546,3.813201254117284e-09,64.0,-1018.77828310788,76828603869.52376,76828603856.10304,5.105359165240376,1.5207452834891757,76829641765.293,2.02687647249745e+18,2.026849090959942e+18,2.02687647249745e+18,0.0013509228549264958,1018.77828310788,1.1712122069853484e+18,44395312449.873886,26381438.54281344,4.684848827941393e+18,177581250000.0,0.25,0.13850737933707974,True,True,True,True,0.730556665027397,False,False,True,-13.256466474732292,-13.45178990131708,-13.248997067015313,-13.248997067015313,-0.007469407716978793,True,0.25,4.0,32.0,-1.4973958333333334e-06,1.0416666666666667e-06,1,natural_tdl,,unknown_amplitude_exact,,-13.256466474732292,0.2173585239870126,249.0,1.0416666666666667e-06,1.1712122069853484e+18,44395312449.873886,quad_over_lin,1e-12,,,,,,,,,,,,,,,,,,,,,,
exact_efim_cutting_plane_psl,Exact EFIM+cutting-plane PSL,ok,optimal,0.46689002600032836,False,,exact_efim,340.35727768269174,5105359.165240376,0.9999999998253161,3.3571428566437604,1520745.2834891756,76829641765.293,2.02687647249745e+18,2.02687647249745e+18,2.026849090959942e+18,4.933699776818827e-19,0.10528756128751157,-13.248997067015313,-9.668939735201883,0.01578529180011546,3.813201254117284e-09,64.0,-1018.77828310788,76828603869.52376,76828603856.10304,5.105359165240376,1.5207452834891757,76829641765.293,2.02687647249745e+18,2.026849090959942e+18,2.02687647249745e+18,0.0013509228549264958,1018.77828310788,1.1712122069853484e+18,44395312449.873886,26381438.54281344,4.684848827941393e+18,177581250000.0,0.25,0.13850737933707974,True,True,True,True,0.730556665027397,False,False,True,-13.256466474732292,-13.45178990131708,-13.248997067015313,-13.248997067015313,-0.007469407716978793,True,0.25,4.0,32.0,-1.4973958333333334e-06,1.0416666666666667e-06,1,natural_tdl,,unknown_amplitude_exact,,-13.256466474732292,0.2173585239870126,249.0,1.0416666666666667e-06,1.1712122069853484e+18,44395312449.873886,quad_over_lin,1e-12,-9.668899783717288,-0.007469407716978793,249.0,1985.0,1.0,249.0,True,1.0,dense_psl_satisfied,False,0.46689002600032836,0.0,249.0,-13.248997067015313,-13.45178990131708,,0.0,,,,,
exact_efim_cutting_plane_psl_ee,Exact EFIM+cutting-plane PSL+EE,ok,optimal,0.9576569359996938,False,,exact_efim,264.23819690682797,3963572.9536024197,0.46344552113581705,1.8241300603880488,2172856.5521031134,44395433088.351715,1.171215389601937e+18,1.171215389601937e+18,1.1712122028725975e+18,8.5381391747240605e-19,0.13850719114958387,-13.093264463888392,-1.0033867933463374,0.032974597078757495,2.346362076781312e-05,64.0,-510.53322178774476,95794025984.27055,44395312293.978264,3.96357295360242,2.1728565521031133,44395433088.351715,1.171215389601937e+18,1.1712122028725975e+18,1.171215389601937e+18,0.0002720873861190536,510.53322178774476,1.1712122069853484e+18,44395312449.873886,26381438.54281344,4.684848827941393e+18,177581250000.0,0.25,0.13850737933707974,True,True,True,True,-3.511533455227597e-09,False,False,True,-13.256466474732292,-13.256466428610826,-13.093264463888392,-13.093264463888392,-0.16320201084390007,True,0.25,4.0,32.0,-2.2786458333333335e-06,1.0416666666666667e-06,1,natural_tdl,,unknown_amplitude_exact,,-13.256466474732292,0.2173585239870126,249.0,1.0416666666666667e-06,1.1712122069853484e+18,44395312449.873886,quad_over_lin,1e-12,-1.0068775966257506,-0.16320201084390007,249.0,1985.0,1.0,249.0,True,1.0,dense_psl_satisfied,False,0.9576569359996938,0.0,249.0,-13.093264463888392,-13.256466428610826,,0.0,5.0,True,2172856.5509636034,0.0020786141976714134,0.883063248002145
uniform,Uniform,ok,ok,1.3662000128533691e-05,False,,none,340.3565914098858,5105348.871148287,1.0,3.357142857142857,1520742.2169377876,76781250000.0,2.0255998281153943e+18,2.0255998281153943e+18,2.0255998281153943e+18,4.936809265680052e-19,0.10532073506634214,-13.256466474732292,-9.684463547443015,0.015625,0.0,64.0,0.0,76781250000.0,76781250000.0,5.105348871148287,1.5207422169377875,76781250000.0,2.0255998281153943e+18,2.0255998281153943e+18,2.0255998281153943e+18,0.0,0.0,1.6396970897794875e+18,62153437429.82344,26381438.54281344,4.684848827941393e+18,177581250000.0,0.35,0.11706010095802957,False,True,True,True,0.23535001723263682,False,False,True,-13.256466474732292,-13.456972739469613,-13.256466474732292,-13.256466474732292,0.0,True,0.25,4.0,32.0,-1.4973958333333334e-06,1.0416666666666667e-06,1,natural_tdl,,,,,,,,,,,,,,,,,,,,,,,,,,,,,,,,,
water_filling,Water-filling,ok,ok,0.00020414500249898992,False,,none,340.3572776985516,5105359.165478274,0.999999999999892,3.3571428571425486,1520745.2833340939,76829652893.70633,2.0268767660810022e+18,2.0268767660810022e+18,2.0268493860695813e+18,4.933699062195654e-19,0.10528755366230765,-13.248986838406665,-9.6689354733109,0.015785288010485843,3.813052815602173e-09,64.0,-1018.7498922450259,76828615042.37167,76828615042.36337,5.105359165478275,1.5207452833340938,76829652893.70633,2.0268767660810022e+18,2.0268493860695813e+18,2.0268767660810022e+18,0.0013508473667033876,1018.7498922450259,1.6396970897794875e+18,62153437429.82344,26381438.54281344,4.684848827941393e+18,177581250000.0,0.35,0.11706010095802957,False,True,True,True,0.23611208356914232,False,False,True,-13.256466474732292,-13.45177924467661,-13.248986838406665,-13.248986838406665,-0.0074796363256268705,True,0.25,4.0,32.0,-1.4973958333333334e-06,1.0416666666666667e-06,1,natural_tdl,0.016032128882561503,,,,,,,,,,,,,,,,,,,,,,,,,,,,,,,,
conventional_s2,Conventional $S_2$,ok,optimal,0.007565411000541644,False,,conventional_s2,340.35727757770906,5105359.1636656355,0.9999999987424056,3.3571428535497305,1520745.284421662,76829624237.56528,2.026876010090778e+18,2.026876010090778e+18,2.0268486300121818e+18,4.933700902381359e-19,0.10528757329753778,-13.249006490510258,-9.668944708991063,0.015785364175095008,3.814357698407792e-09,64.0,-1018.7511426165908,76828586480.2952,76828586383.676,5.105359163665636,1.520745284421662,76829624237.56528,2.026876010090778e+18,2.0268486300121818e+18,2.026876010090778e+18,0.001350851184780944,1018.7511426165908,1.6396970897794875e+18,62153437429.82344,26381438.54281344,4.684848827941393e+18,177581250000.0,0.35,0.11706010095802957,True,True,True,True,0.23611162247336784,False,False,True,-13.256466474732292,-13.451800525232077,-13.249006490510258,-13.249006490510258,-0.0074599842220344215,True,0.25,4.0,32.0,-1.4973958333333334e-06,1.0416666666666667e-06,1,natural_tdl,,known_amplitude_linear,62153437429.82344,,,,,,,,,,,,,,,,,,,,,,,,,,,,,,
conventional_s2_psl,Conventional $S_2$+PSL,ok,optimal,0.46196314100234304,False,,conventional_s2,340.35727767303405,5105359.165095511,0.9999999997163254,3.3571428563323584,1520745.2835870855,76829652562.89642,2.026876757353761e+18,2.026876757353761e+18,2.0268493773495713e+18,4.933699083438969e-19,0.10528755388897901,-13.248986900704187,-9.668935573637201,0.01578528795040611,3.813049203124524e-09,64.0,-1018.7497578658382,76828614733.62189,76828614711.82756,5.105359165095511,1.5207452835870856,76829652562.89642,2.026876757353761e+18,2.0268493773495713e+18,2.026876757353761e+18,0.001350847015752583,1018.7497578658382,1.6396970897794875e+18,62153437429.82344,26381438.54281344,4.684848827941393e+18,177581250000.0,0.35,0.11706010095802957,True,True,True,True,0.23611207825108083,False,False,True,-13.256466474732292,-13.45177929124895,-13.248986900704187,-13.248986900704187,-0.007479574028105063,True,0.25,4.0,32.0,-1.4973958333333334e-06,1.0416666666666667e-06,1,natural_tdl,,known_amplitude_linear,62153437429.82344,-13.256466474732292,0.2173585239870126,249.0,1.0416666666666667e-06,,,,,,,,,,,,,,,,,,,,,,,,,,
exact_efim,Exact EFIM,ok,optimal,0.00849627400020836,False,,exact_efim,340.3572776106109,5105359.164159163,0.9999999990396244,3.3571428543989272,1520745.2841839944,76829704364.64691,2.0268781239584579e+18,2.0268781239584579e+18,2.0268507328803054e+18,4.93369575693588e-19,0.10528751839437078,-13.248978659644884,-9.668918990103665,0.015785257782599264,3.814277018671482e-09,64.0,-1018.9557562856328,76828666167.59901,76828666093.81464,5.105359164159163,1.5207452841839944,76829704364.64691,2.0268781239584579e+18,2.0268507328803054e+18,2.0268781239584579e+18,0.0013513924605863179,1018.9557562856328,1.6396970897794875e+18,62153437429.82344,26381438.54281344,4.684848827941393e+18,177581250000.0,0.35,0.11706010095802957,True,True,True,True,0.23611290494690318,False,False,True,-13.256466474732292,-13.451774026254933,-13.248978659644884,-13.248978659644884,-0.007487815087408478,True,0.25,4.0,32.0,-1.4973958333333334e-06,1.0416666666666667e-06,1,natural_tdl,,unknown_amplitude_exact,,,,,,1.6396970897794875e+18,62153437429.82344,quad_over_lin,1e-12,,,,,,,,,,,,,,,,,,,,,,
exact_efim_sampled_psl,Exact EFIM+sampled PSL,ok,optimal,0.46051216699925135,False,,exact_efim,340.3572776727433,5105359.1650911495,0.9999999997131023,3.3571428563231493,1520745.283589958,76829657552.88063,2.0268768889967222e+18,2.0268768889967222e+18,2.0268495085603863e+18,4.933698763001768e-19,0.10528755046983558,-13.248985557047565,-9.668933940079711,0.015785289455951746,3.813138353436484e-09,64.0,-1018.7577974399605,76828619707.47304,76828619685.43108,5.10535916509115,1.520745283589958,76829657552.88063,2.0268768889967227e+18,2.0268495085603863e+18,2.0268768889967222e+18,0.0013508682488074036,1018.7577974399605,1.6396970897794875e+18,62153437429.82344,26381438.54281344,4.684848827941393e+18,177581250000.0,0.35,0.11706010095802957,True,True,True,True,0.23611215827245538,False,False,True,-13.256466474732292,-13.451778130224838,-13.248985557047565,-13.248985557047565,-0.007480917684727473,True,0.25,4.0,32.0,-1.4973958333333334e-06,1.0416666666666667e-06,1,natural_tdl,,unknown_amplitude_exact,,-13.256466474732292,0.2173585239870126,249.0,1.0416666666666667e-06,1.6396970897794875e+18,62153437429.82344,quad_over_lin,1e-12,,,,,,,,,,,,,,,,,,,,,,
exact_efim_cutting_plane_psl,Exact EFIM+cutting-plane PSL,ok,optimal,0.4700417820022267,False,,exact_efim,340.3572776727433,5105359.1650911495,0.9999999997131023,3.3571428563231493,1520745.283589958,76829657552.88063,2.0268768889967222e+18,2.0268768889967222e+18,2.0268495085603863e+18,4.933698763001768e-19,0.10528755046983558,-13.248985557047565,-9.668933940079711,0.015785289455951746,3.813138353436484e-09,64.0,-1018.7577974399605,76828619707.47304,76828619685.43108,5.10535916509115,1.520745283589958,76829657552.88063,2.0268768889967227e+18,2.0268495085603863e+18,2.0268768889967222e+18,0.0013508682488074036,1018.7577974399605,1.6396970897794875e+18,62153437429.82344,26381438.54281344,4.684848827941393e+18,177581250000.0,0.35,0.11706010095802957,True,True,True,True,0.23611215827245538,False,False,True,-13.256466474732292,-13.451778130224838,-13.248985557047565,-13.248985557047565,-0.007480917684727473,True,0.25,4.0,32.0,-1.4973958333333334e-06,1.0416666666666667e-06,1,natural_tdl,,unknown_amplitude_exact,,-13.256466474732292,0.2173585239870126,249.0,1.0416666666666667e-06,1.6396970897794875e+18,62153437429.82344,quad_over_lin,1e-12,-9.668893977693282,-0.007480917684727473,249.0,1985.0,1.0,249.0,True,1.0,dense_psl_satisfied,False,0.4700417820022267,0.0,249.0,-13.248985557047565,-13.451778130224838,,0.0,,,,,
exact_efim_cutting_plane_psl_ee,Exact EFIM+cutting-plane PSL+EE,ok,optimal,2.7586746840024716,False,,exact_efim,291.5907217456397,4373860.826184596,0.6431408769511128,2.3375453627174654,1871134.094741098,62153492707.59444,1.6396985480866056e+18,1.6396985480866056e+18,1.6396970862231593e+18,6.098681987411152e-19,0.11706004890284645,-13.073250235231523,-0.06778058081536642,0.052156515022126676,6.0043550735184515e-05,64.0,-293.52906418870435,96640471042.15356,62153437295.019264,4.373860826184596,1.871134094741098,62153492707.59444,1.6396985480866058e+18,1.6396970862231593e+18,1.6396985480866056e+18,8.915440267833837e-05,293.52906418870435,1.6396970897794875e+18,62153437429.82344,26381438.54281344,4.684848827941393e+18,177581250000.0,0.35,0.11706010095802957,True,True,True,True,-2.168893397547146e-09,False,False,True,-13.256466474732292,-13.25646644879664,-13.073250235231523,-13.073250235231523,-0.18321623950076926,True,0.25,4.0,32.0,-4.3619791666666665e-06,1.0416666666666667e-06,1,natural_tdl,,unknown_amplitude_exact,,-13.256466474732292,0.2173585239870126,253.0,1.0416666666666667e-06,1.6396970897794875e+18,62153437429.82344,quad_over_lin,1e-12,-0.07114981841175956,-0.18321623950076926,249.0,1985.0,3.0,253.0,True,3.0,dense_psl_satisfied,False,2.7586746840024716,4.0,253.0,-12.891105930064533,-13.256466453459891,-2.2786458333333335e-06,2.0,5.0,True,1871134.094630993,0.00025737565010786057,0.8580401340041135
uniform,Uniform,ok,ok,1.6777998098405078e-05,False,,none,340.3565914098858,5105348.871148287,1.0,3.357142857142857,1520742.2169377876,76781250000.0,2.0255998281153943e+18,2.0255998281153943e+18,2.0255998281153943e+18,4.936809265680052e-19,0.10532073506634214,-13.256466474732292,-9.684463547443015,0.015625,0.0,64.0,0.0,76781250000.0,76781250000.0,5.105348871148287,1.5207422169377875,76781250000.0,2.0255998281153943e+18,2.0255998281153943e+18,2.0255998281153943e+18,0.0,0.0,2.1081819725736271e+18,79911562409.77301,26381438.54281344,4.684848827941393e+18,177581250000.0,0.45,0.10323730519435335,False,False,False,False,-0.039172208819060424,False,False,True,-13.256466474732292,-13.456972739469613,-13.256466474732292,-13.256466474732292,0.0,True,0.25,4.0,32.0,-1.4973958333333334e-06,1.0416666666666667e-06,1,natural_tdl,,,,,,,,,,,,,,,,,,,,,,,,,,,,,,,,,
water_filling,Water-filling,ok,ok,0.00020956500156898983,False,,none,340.3572776985516,5105359.165478274,0.999999999999892,3.3571428571425486,1520745.2833340939,76829652893.70633,2.0268767660810022e+18,2.0268767660810022e+18,2.0268493860695813e+18,4.933699062195654e-19,0.10528755366230765,-13.248986838406665,-9.6689354733109,0.015785288010485843,3.813052815602173e-09,64.0,-1018.7498922450259,76828615042.37167,76828615042.36337,5.105359165478275,1.5207452833340938,76829652893.70633,2.0268767660810022e+18,2.0268493860695813e+18,2.0268767660810022e+18,0.0013508473667033876,1018.7498922450259,2.1081819725736271e+18,79911562409.77301,26381438.54281344,4.684848827941393e+18,177581250000.0,0.45,0.10323730519435335,False,False,False,False,-0.03857949055733391,False,False,True,-13.256466474732292,-13.45177924467661,-13.248986838406665,-13.248986838406665,-0.0074796363256268705,True,0.25,4.0,32.0,-1.4973958333333334e-06,1.0416666666666667e-06,1,natural_tdl,0.016032128882561503,,,,,,,,,,,,,,,,,,,,,,,,,,,,,,,,
conventional_s2,Conventional $S_2$,ok,optimal,0.007746101000520866,False,,conventional_s2,340.27048649958056,5104057.297493708,0.9999999991692691,3.3571428547693403,1520357.4939453667,79911562657.9146,2.1081819791199588e+18,2.1081819791199588e+18,2.108154598790513e+18,4.743423527495671e-19,0.103237305034067,-12.45924965758336,-8.698655601814401,0.01735169559669262,5.122173511312589e-07,64.0,-1018.7558091660466,79910524860.9009,79910524794.51675,5.104057297493708,1.5203574939453668,79911562657.9146,2.1081819791199593e+18,2.108154598790513e+18,2.1081819791199588e+18,0.0012987649888420766,1018.7558091660466,2.1081819725736271e+18,79911562409.77301,26381438.54281344,4.684848827941393e+18,177581250000.0,0.45,0.10323730519435335,True,False,True,True,-1.2984544726384613e-05,True,False,True,-13.256466474732292,-12.760729514607846,-12.427036710511869,-12.427036710511869,-0.8294297642204231,False,0.25,4.0,32.0,-1.46484375e-06,1.0416666666666667e-06,1,natural_tdl,,known_amplitude_linear,79911562409.77301,,,,,,,,,,,,,,,,,,,,,,,,,,,,,,
conventional_s2_psl,Conventional $S_2$+PSL,ok,optimal,0.48400355500052683,False,,conventional_s2,340.2458526917977,5103687.790376966,0.9999999998564848,3.357142856732814,1520247.4271064822,79911562410.85072,2.1081819726020593e+18,2.1081819726020593e+18,2.1081550590292027e+18,4.7434235421609885e-19,0.1032373051936572,-12.881181859677739,-8.708477768744538,0.018143289660531074,6.747481662795705e-07,64.0,-1010.0350413372126,79910542251.53453,79910542240.06615,5.1036877903769655,1.5202474271064823,79911562410.85072,2.108181972602059e+18,2.1081550590292027e+18,2.1081819726020593e+18,0.0012766247509154757,1010.0350413372126,2.1081819725736271e+18,79911562409.77301,26381438.54281344,4.684848827941393e+18,177581250000.0,0.45,0.10323730519435335,True,False,True,True,-1.2766234022764398e-05,True,False,True,-13.256466474732292,-13.256466494042096,-12.848548047098568,-12.848548047098568,-0.40791842763372443,False,0.25,4.0,32.0,-1.46484375e-06,1.0416666666666667e-06,1,natural_tdl,,known_amplitude_linear,79911562409.77301,-13.256466474732292,0.2173585239870126,249.0,1.0416666666666667e-06,,,,,,,,,,,,,,,,,,,,,,,,,,
exact_efim,Exact EFIM,ok,optimal,0.009770542998012388,False,,exact_efim,340.2704339805804,5104056.509708705,0.9999999987358379,3.3571428535309655,1520357.2598468296,79912414057.49304,2.1082044402656133e+18,2.1082044402656133e+18,2.1081819817283814e+18,4.743372990306432e-19,0.10323675507926247,-12.459319382523763,-8.698443814937782,0.01734216998814072,5.118962474977248e-07,64.0,-922.6595830188514,79911562857.80914,79911562756.78798,5.104056509708705,1.5203572598468296,79912414057.49304,2.1082044402656133e+18,2.1081819817283814e+18,2.1082044402656133e+18,0.0010652921890745304,922.6595830188514,2.1081819725736271e+18,79911562409.77301,26381438.54281344,4.684848827941393e+18,177581250000.0,0.45,0.10323730519435335,True,True,True,True,4.342487708887889e-09,False,False,True,-13.256466474732292,-12.760866092383878,-12.427076720995613,-12.427076720995613,-0.8293897537366792,False,0.25,4.0,32.0,-1.46484375e-06,1.0416666666666667e-06,1,natural_tdl,,unknown_amplitude_exact,,,,,,2.1081819725736271e+18,79911562409.77301,quad_over_lin,1e-12,,,,,,,,,,,,,,,,,,,,,,
exact_efim_sampled_psl,Exact EFIM+sampled PSL,ok,optimal,0.5009777580016817,False,,exact_efim,340.24578432489176,5103686.764873376,0.9999999997939439,3.357142856554126,1520247.1217182446,79912341691.76358,2.108202531153569e+18,2.108202531153569e+18,2.1081819723028959e+18,4.743377285733637e-19,0.10323680182298965,-12.88109120272688,-8.708272804689287,0.01812920663769699,6.743207943895121e-07,64.0,-882.775312815807,79911562415.97708,79911562399.51082,5.103686764873376,1.5202471217182447,79912341691.76358,2.108202531153569e+18,2.1081819723028959e+18,2.108202531153569e+18,0.0009751838530381889,882.775312815807,2.1081819725736271e+18,79911562409.77301,26381438.54281344,4.684848827941393e+18,177581250000.0,0.45,0.10323730519435335,True,True,True,True,-1.284193051273921e-10,False,False,True,-13.256466474732292,-13.256466515781913,-12.84847846501724,-12.84847846501724,-0.40798800971505145,False,0.25,4.0,32.0,-1.46484375e-06,1.0416666666666667e-06,1,natural_tdl,,unknown_amplitude_exact,,-13.256466474732292,0.2173585239870126,249.0,1.0416666666666667e-06,2.1081819725736271e+18,79911562409.77301,quad_over_lin,1e-12,,,,,,,,,,,,,,,,,,,,,,
exact_efim_cutting_plane_psl,Exact EFIM+cutting-plane PSL,ok,optimal,1.0183791509989533,False,,exact_efim,340.17975983874453,5102696.3975811675,0.9999999996813478,3.3571428562324224,1519952.1188406337,79912258067.64304,2.1082003250289723e+18,2.1082003250289723e+18,2.1081819690020163e+18,4.743382249437122e-19,0.10323685583901115,-13.272138848862525,-8.680660536157239,0.01897876837294965,1.0762509681899456e-06,64.0,-834.1422263182864,79911562299.85352,79911562274.38953,5.102696397581168,1.5199521188406337,79912258067.64304,2.1082003250289723e+18,2.1081819690020163e+18,2.1082003250289723e+18,0.0008706965243343153,834.1422263182864,2.1081819725736271e+18,79911562409.77301,26381438.54281344,4.684848827941393e+18,177581250000.0,0.45,0.10323730519435335,True,True,True,True,-1.694166313185881e-09,False,False,True,-13.256466474732292,-13.73848653251039,-13.256466492147327,-13.256466492147327,1.74150347476143e-08,True,0.25,4.0,32.0,-1.46484375e-06,1.0416666666666667e-06,1,natural_tdl,,unknown_amplitude_exact,,-13.256466474732292,0.2173585239870126,251.0,1.0416666666666667e-06,2.1081819725736271e+18,79911562409.77301,quad_over_lin,1e-12,-8.680390908964462,1.74150347476143e-08,249.0,1985.0,2.0,251.0,True,2.0,dense_psl_satisfied,False,1.0183791509989533,2.0,251.0,-12.84847846501724,-13.256466515781913,-1.46484375e-06,1.0,,,,,
exact_efim_cutting_plane_psl_ee,Exact EFIM+cutting-plane PSL+EE,ok,optimal,1.6400179060001392,False,,exact_efim,313.74952721023146,4706242.908153472,0.8258466091828678,2.8595617405224796,1645791.6755081424,79911627098.00879,2.108183679142344e+18,2.108183679142344e+18,2.1081819687417539e+18,4.743419702437039e-19,0.10323726340919183,-13.029494927047885,-0.3641949695504331,0.06249999978124466,9.013693163569007e-05,64.0,-280.1882941651906,96763201998.96745,79911562264.52417,4.706242908153471,1.6457916755081425,79911627098.00879,2.108183679142344e+18,2.1081819687417539e+18,2.108183679142344e+18,8.113147858045411e-05,280.1882941651906,2.1081819725736271e+18,79911562409.77301,26381438.54281344,4.684848827941393e+18,177581250000.0,0.45,0.10323730519435335,True,True,True,True,-1.817619792717478e-09,False,False,True,-13.256466474732292,-13.256466454139275,-13.029494927047885,-13.029494927047885,-0.22697154768440697,True,0.25,4.0,32.0,-2.2786458333333335e-06,1.0416666666666667e-06,1,natural_tdl,,unknown_amplitude_exact,,-13.256466474732292,0.2173585239870126,251.0,1.0416666666666667e-06,2.1081819725736271e+18,79911562409.77301,quad_over_lin,1e-12,-0.3677425248171434,-0.22697154768440697,249.0,1985.0,2.0,251.0,True,2.0,dense_psl_satisfied,False,1.6400179060001392,2.0,251.0,-12.979703144126137,-13.256466455822357,-3.2877604166666667e-06,1.0,4.0,True,1645791.6745066154,0.0028639286756515503,0.7572295710015169
uniform,Uniform,ok,ok,1.3983000826556236e-05,False,,none,340.3565914098858,5105348.871148287,1.0,3.357142857142857,1520742.2169377876,76781250000.0,2.0255998281153943e+18,2.0255998281153943e+18,2.0255998281153943e+18,4.936809265680052e-19,0.10532073506634214,-13.256466474732292,-9.684463547443015,0.015625,0.0,64.0,0.0,76781250000.0,76781250000.0,5.105348871148287,1.5207422169377875,76781250000.0,2.0255998281153943e+18,2.0255998281153943e+18,2.0255998281153943e+18,0.0,0.0,2.3424244139706967e+18,88790624899.74777,26381438.54281344,4.684848827941393e+18,177581250000.0,0.5,0.09793950717362658,False,False,False,False,-0.13525498793715435,False,False,True,-13.256466474732292,-13.456972739469613,-13.256466474732292,-13.256466474732292,0.0,True,0.25,4.0,32.0,-1.4973958333333334e-06,1.0416666666666667e-06,1,natural_tdl,,,,,,,,,,,,,,,,,,,,,,,,,,,,,,,,,
water_filling,Water-filling,ok,ok,0.0001965200026461389,False,,none,340.3572776985516,5105359.165478274,0.999999999999892,3.3571428571425486,1520745.2833340939,76829652893.70633,2.0268767660810022e+18,2.0268767660810022e+18,2.0268493860695813e+18,4.933699062195654e-19,0.10528755366230765,-13.248986838406665,-9.6689354733109,0.015785288010485843,3.813052815602173e-09,64.0,-1018.7498922450259,76828615042.37167,76828615042.36337,5.105359165478275,1.5207452833340938,76829652893.70633,2.0268767660810022e+18,2.0268493860695813e+18,2.0268767660810022e+18,0.0013508473667033876,1018.7498922450259,2.3424244139706967e+18,88790624899.74777,26381438.54281344,4.684848827941393e+18,177581250000.0,0.5,0.09793950717362658,False,False,False,False,-0.13472154150160048,False,False,True,-13.256466474732292,-13.45177924467661,-13.248986838406665,-13.248986838406665,-0.0074796363256268705,True,0.25,4.0,32.0,-1.4973958333333334e-06,1.0416666666666667e-06,1,natural_tdl,0.016032128882561503,,,,,,,,,,,,,,,,,,,,,,,,,,,,,,,,
conventional_s2,Conventional $S_2$,ok,optimal,0.007581949001178145,False,,conventional_s2,339.11039771824994,5086655.965773749,0.9999999985926915,3.357142853121976,1515174.1192792591,88790624855.91077,2.342424412814213e+18,2.342424412814213e+18,2.342397030034741e+18,4.2690811901101625e-19,0.09793950719780355,-10.529129435529317,-6.236506167204022,0.02275820456332229,7.633900035862413e-06,64.0,-1018.8013882098752,88789587024.59796,88789586899.64362,5.086655965773749,1.5151741192792592,88790624855.91077,2.342424412814213e+18,2.342397030034741e+18,2.342424412814213e+18,0.0011689930877630346,1018.8013882098752,2.3424244139706967e+18,88790624899.74777,26381438.54281344,4.684848827941393e+18,177581250000.0,0.5,0.09793950717362658,True,False,True,True,-1.1690424584090152e-05,True,False,True,-13.256466474732292,-10.996773276112862,-10.52229908735853,-10.52229908735853,-2.7341673873737626,False,0.25,4.0,32.0,-1.3997395833333333e-06,1.0416666666666667e-06,1,natural_tdl,,known_amplitude_linear,88790624899.74777,,,,,,,,,,,,,,,,,,,,,,,,,,,,,,
conventional_s2_psl,Conventional $S_2$+PSL,ok,optimal,0.49581462100104545,False,,conventional_s2,337.8500953219171,5067751.4298287565,0.9999999994694467,3.3571428556269907,1509542.9797795385,88790624860.92807,2.342424412946577e+18,2.342424412946577e+18,2.342397016243346e+18,4.269081189868929e-19,0.09793950719503641,-13.02343731461304,-5.415046044586283,0.033401408964942925,1.916478983055584e-05,64.0,-1019.0603779411325,88789586423.98233,88789586376.87473,5.067751429828757,1.5095429797795386,88790624860.92807,2.342424412946577e+18,2.342397016243346e+18,2.342424412946577e+18,0.0011695875042778095,1019.0603779411325,2.3424244139706967e+18,88790624899.74777,26381438.54281344,4.684848827941393e+18,177581250000.0,0.5,0.09793950717362658,True,False,True,True,-1.169631224272526e-05,True,False,True,-13.256466474732292,-13.25646648173615,-13.02343731461304,-13.02343731461304,-0.23302916011925134,True,0.25,4.0,32.0,-1.3671875e-06,1.0416666666666667e-06,1,natural_tdl,,known_amplitude_linear,88790624899.74777,-13.256466474732292,0.2173585239870126,249.0,1.0416666666666667e-06,,,,,,,,,,,,,,,,,,,,,,,,,,
exact_efim,Exact EFIM,ok,optimal,0.009041728000738658,False,,exact_efim,339.11025591686854,5086653.838753028,0.9999999986410717,3.3571428532602052,1515173.4856362313,88791095834.41064,2.342436837904562e+18,2.342436837904562e+18,2.342424407388775e+18,4.269058545435764e-19,0.09793924744504956,-10.529101262698354,-6.236448979421898,0.022709050215889134,7.63252275142697e-06,64.0,-686.4285498997764,88790624770.91727,88790624650.25717,5.086653838753028,1.5151734856362313,88791095834.41064,2.3424368379045627e+18,2.342424407388775e+18,2.342436837904562e+18,0.0005306659964579355,686.4285498997764,2.3424244139706967e+18,88790624899.74777,26381438.54281344,4.684848827941393e+18,177581250000.0,0.5,0.09793950717362658,True,True,True,True,-2.8098758503130673e-09,False,False,True,-13.256466474732292,-10.996696515239105,-10.522256736847135,-10.522256736847135,-2.7342097378851573,False,0.25,4.0,32.0,-1.3997395833333333e-06,1.0416666666666667e-06,1,natural_tdl,,unknown_amplitude_exact,,,,,,2.3424244139706967e+18,88790624899.74777,quad_over_lin,1e-12,,,,,,,,,,,,,,,,,,,,,,
exact_efim_sampled_psl,Exact EFIM+sampled PSL,ok,optimal,0.47903302300255746,False,,exact_efim,337.84986517814247,5067747.977672137,0.999999999395097,3.357142855414563,1509541.9515730848,88790817543.81229,2.342429496198246e+18,2.342429496198246e+18,2.3424244105085353e+18,4.2690719256353124e-19,0.09793940092685752,-13.023456095726115,-5.41501360981775,0.03328877245823417,1.9163025126345116e-05,64.0,-439.06184007361037,88790624822.22272,88790624768.513,5.067747977672138,1.5095419515730848,88790817543.81229,2.3424294961982454e+18,2.3424244105085353e+18,2.342429496198246e+18,0.00021711175165980683,439.06184007361037,2.3424244139706967e+18,88790624899.74777,26381438.54281344,4.684848827941393e+18,177581250000.0,0.5,0.09793950717362658,True,True,True,True,-1.4780248136720927e-09,False,False,True,-13.256466474732292,-13.256466466646284,-13.023456095726115,-13.023456095726115,-0.23301037900617771,True,0.25,4.0,32.0,-1.3671875e-06,1.0416666666666667e-06,1,natural_tdl,,unknown_amplitude_exact,,-13.256466474732292,0.2173585239870126,249.0,1.0416666666666667e-06,2.3424244139706967e+18,88790624899.74777,quad_over_lin,1e-12,,,,,,,,,,,,,,,,,,,,,,
exact_efim_cutting_plane_psl,Exact EFIM+cutting-plane PSL,ok,optimal,0.4841986729989003,False,,exact_efim,337.84986517814247,5067747.977672137,0.999999999395097,3.357142855414563,1509541.9515730848,88790817543.81229,2.342429496198246e+18,2.342429496198246e+18,2.3424244105085353e+18,4.2690719256353124e-19,0.09793940092685752,-13.023456095726115,-5.41501360981775,0.03328877245823417,1.9163025126345116e-05,64.0,-439.06184007361037,88790624822.22272,88790624768.513,5.067747977672138,1.5095419515730848,88790817543.81229,2.3424294961982454e+18,2.3424244105085353e+18,2.342429496198246e+18,0.00021711175165980683,439.06184007361037,2.3424244139706967e+18,88790624899.74777,26381438.54281344,4.684848827941393e+18,177581250000.0,0.5,0.09793950717362658,True,True,True,True,-1.4780248136720927e-09,False,False,True,-13.256466474732292,-13.256466466646284,-13.023456095726115,-13.023456095726115,-0.23301037900617771,True,0.25,4.0,32.0,-1.3671875e-06,1.0416666666666667e-06,1,natural_tdl,,unknown_amplitude_exact,,-13.256466474732292,0.2173585239870126,249.0,1.0416666666666667e-06,2.3424244139706967e+18,88790624899.74777,quad_over_lin,1e-12,-5.417860960311146,-0.23301037900617771,249.0,1985.0,1.0,249.0,True,1.0,dense_psl_satisfied,False,0.4841986729989003,0.0,249.0,-13.023456095726115,-13.256466466646284,,0.0,,,,,
exact_efim_cutting_plane_psl_ee,Exact EFIM+cutting-plane PSL+EE,ok,optimal,0.7886228780007514,False,,exact_efim,323.69078448467235,4855361.767270085,0.9205181612155084,3.1300518891871674,1551208.0755092395,88790668770.00351,2.342425571331152e+18,2.342425571331152e+18,2.3424244105063967e+18,4.269079078707806e-19,0.09793948297833774,-13.03188544324145,-0.8115368787133469,0.06249999986064218,9.750651361476229e-05,64.0,-218.63410712389688,96457222148.86821,88790624768.43198,4.855361767270085,1.5512080755092394,88790668770.00351,2.342425571331152e+18,2.3424244105063967e+18,2.342425571331152e+18,4.95565267647043e-05,218.63410712389688,2.3424244139706967e+18,88790624899.74777,26381438.54281344,4.684848827941393e+18,177581250000.0,0.5,0.09793950717362658,True,True,True,True,-1.4789378096207538e-09,False,False,True,-13.256466474732292,-13.256466459124969,-13.03188544324145,-13.03188544324145,-0.22458103149084252,True,0.25,4.0,32.0,-3.3203125000000002e-06,1.0416666666666667e-06,1,natural_tdl,,unknown_amplitude_exact,,-13.256466474732292,0.2173585239870126,249.0,1.0416666666666667e-06,2.3424244139706967e+18,88790624899.74777,quad_over_lin,1e-12,-0.8151806317185771,-0.22458103149084252,249.0,1985.0,1.0,249.0,True,1.0,dense_psl_satisfied,False,0.7886228780007514,0.0,249.0,-13.03188544324145,-13.256466459124969,,0.0,4.0,True,1551208.0752401901,0.0008421381935477257,0.7437489829972037
uniform,Uniform,ok,ok,1.3721997675020248e-05,False,,none,340.3565914098858,5105348.871148287,1.0,3.357142857142857,1520742.2169377876,76781250000.0,2.0255998281153943e+18,2.0255998281153943e+18,2.0255998281153943e+18,4.936809265680052e-19,0.10532073506634214,-13.256466474732292,-9.684463547443015,0.015625,0.0,64.0,0.0,76781250000.0,76781250000.0,5.105348871148287,1.5207422169377875,76781250000.0,2.0255998281153943e+18,2.0255998281153943e+18,2.0255998281153943e+18,0.0,0.0,2.5766668553677665e+18,97669687389.72256,26381438.54281344,4.684848827941393e+18,177581250000.0,0.55,0.09338165609920326,False,False,False,False,-0.21386817085195853,False,False,True,-13.256466474732292,-13.456972739469613,-13.256466474732292,-13.256466474732292,0.0,True,0.25,4.0,32.0,-1.4973958333333334e-06,1.0416666666666667e-06,1,natural_tdl,,,,,,,,,,,,,,,,,,,,,,,,,,,,,,,,,
water_filling,Water-filling,ok,ok,0.00019477900059428066,False,,none,340.3572776985516,5105359.165478274,0.999999999999892,3.3571428571425486,1520745.2833340939,76829652893.70633,2.0268767660810022e+18,2.0268767660810022e+18,2.0268493860695813e+18,4.933699062195654e-19,0.10528755366230765,-13.248986838406665,-9.6689354733109,0.015785288010485843,3.813052815602173e-09,64.0,-1018.7498922450259,76828615042.37167,76828615042.36337,5.105359165478275,1.5207452833340938,76829652893.70633,2.0268767660810022e+18,2.0268493860695813e+18,2.0268767660810022e+18,0.0013508473667033876,1018.7498922450259,2.5766668553677665e+18,97669687389.72256,26381438.54281344,4.684848827941393e+18,177581250000.0,0.55,0.09338165609920326,False,False,False,False,-0.21338321954690956,False,False,True,-13.256466474732292,-13.45177924467661,-13.248986838406665,-13.248986838406665,-0.0074796363256268705,True,0.25,4.0,32.0,-1.4973958333333334e-06,1.0416666666666667e-06,1,natural_tdl,0.016032128882561503,,,,,,,,,,,,,,,,,,,,,,,,,,,,,,,,
conventional_s2,Conventional $S_2$,ok,optimal,0.007620797998242779,False,,conventional_s2,336.72325149027324,5050848.772354099,0.9999999984308264,3.3571428526595044,1504508.1469657607,97669687288.37962,2.576666852694194e+18,2.576666852694194e+18,2.576639298696751e+18,3.8809829022110013e-19,0.09338165614765008,-9.052558440371115,-4.132237668920444,0.029849399096559034,2.4080686545176022e-05,64.0,-1021.9815854962617,97668642995.27922,97668642842.02017,5.050848772354099,1.5045081469657606,97669687288.37962,2.576666852694194e+18,2.576639298696751e+18,2.576666852694194e+18,0.0010693659296412807,1021.9815854962617,2.5766668553677665e+18,97669687389.72256,26381438.54281344,4.684848827941393e+18,177581250000.0,0.55,0.09338165609920326,True,False,True,True,-1.0694696894174488e-05,True,False,True,-13.256466474732292,-9.20361391268873,-9.052558440371115,-9.052558440371115,-4.203908034361177,False,0.25,4.0,32.0,-1.3671875e-06,1.0416666666666667e-06,1,natural_tdl,,known_amplitude_linear,97669687389.72256,,,,,,,,,,,,,,,,,,,,,,,,,,,,,,
conventional_s2_psl,Conventional $S_2$+PSL,infeasible,infeasible,0.46540737000032095,False,max_rate_isac: problem is infeasible (solver CLARABEL),conventional_s2,,,,,,,,,,,,,,,,,,,,,,,,,,,,2.5766668553677665e+18,97669687389.72256,26381438.54281344,4.684848827941393e+18,177581250000.0,0.55,0.09338165609920326,False,False,,,,False,,True,-13.256466474732292,,,,,False,,,,,,1,natural_tdl,,,,,,,,,,,,,,,,,,,,,,,,,,,,,,,,,
exact_efim,Exact EFIM,ok,optimal,0.00883633000194095,False,,exact_efim,336.7230784197918,5050846.176296878,0.9999999981898675,3.3571428519710502,1504507.373980651,97669946920.58081,2.5766737021651533e+18,2.5766737021651533e+18,2.5766668452713933e+18,3.880972585545892e-19,0.09338153203116487,-9.052563242323114,-4.132210359220117,0.02975061186752866,2.407887148526625e-05,64.0,-509.8171889795482,97669687183.81018,97669687007.0151,5.0508461762968775,1.504507373980651,97669946920.58081,2.5766737021651533e+18,2.5766668452713933e+18,2.5766737021651533e+18,0.0002661141670456069,509.8171889795482,2.5766668553677665e+18,97669687389.72256,26381438.54281344,4.684848827941393e+18,177581250000.0,0.55,0.09338165609920326,True,True,True,True,-3.918385190917104e-09,False,False,True,-13.256466474732292,-9.203607580061032,-9.052563242323114,-9.052563242323114,-4.2039032324091785,False,0.25,4.0,32.0,-1.3671875e-06,1.0416666666666667e-06,1,natural_tdl,,unknown_amplitude_exact,,,,,,2.5766668553677665e+18,97669687389.72256,quad_over_lin,1e-12,,,,,,,,,,,,,,,,,,,,,,
exact_efim_sampled_psl,Exact EFIM+sampled PSL,infeasible,infeasible,0.45762125900000683,False,max_rate_isac: problem is infeasible (solver CLARABEL),exact_efim,,,,,,,,,,,,,,,,,,,,,,,,,,,,2.5766668553677665e+18,97669687389.72256,26381438.54281344,4.684848827941393e+18,177581250000.0,0.55,0.09338165609920326,False,False,,,,False,,True,-13.256466474732292,,,,,False,,,,,,1,natural_tdl,,,,,,,,,,,,,,,,,,,,,,,,,,,,,,,,,
exact_efim_cutting_plane_psl,Exact EFIM+cutting-plane PSL,infeasible,infeasible,0.47488038600204163,False,max_rate_isac: problem is infeasible (solver CLARABEL),exact_efim,,,,,,,,,,,,,,,,,,,,,,,,,,,,2.5766668553677665e+18,97669687389.72256,26381438.54281344,4.684848827941393e+18,177581250000.0,0.55,0.09338165609920326,False,False,,,,False,,True,-13.256466474732292,,,,,False,,,,,,1,natural_tdl,,,,,,,,,,,,,,,,,,,,,,,,,,,,,,,,,
exact_efim_cutting_plane_psl_ee,Exact EFIM+cutting-plane PSL+EE,infeasible,infeasible,0.47790833100225427,False,dinkelbach_ee_isac[iter 1]: problem is infeasible (solver CLARABEL),exact_efim,,,,,,,,,,,,,,,,,,,,,,,,,,,,2.5766668553677665e+18,97669687389.72256,26381438.54281344,4.684848827941393e+18,177581250000.0,0.55,0.09338165609920326,False,False,,,,False,,True,-13.256466474732292,,,,,False,,,,,,1,natural_tdl,,,,,,,,,,,,,,,,,,,,,,,,,,,,,,,,,
uniform,Uniform,ok,ok,1.4975001249695197e-05,False,,none,340.3565914098858,5105348.871148287,1.0,3.357142857142857,1520742.2169377876,76781250000.0,2.0255998281153943e+18,2.0255998281153943e+18,2.0255998281153943e+18,4.936809265680052e-19,0.10532073506634214,-13.256466474732292,-9.684463547443015,0.015625,0.0,64.0,0.0,76781250000.0,76781250000.0,5.105348871148287,1.5207422169377875,76781250000.0,2.0255998281153943e+18,2.0255998281153943e+18,2.0255998281153943e+18,0.0,0.0,2.810909296764836e+18,106548749879.69733,26381438.54281344,4.684848827941393e+18,177581250000.0,0.6,0.08940612891655719,False,False,False,False,-0.27937915661429524,False,False,True,-13.256466474732292,-13.456972739469613,-13.256466474732292,-13.256466474732292,0.0,True,0.25,4.0,32.0,-1.4973958333333334e-06,1.0416666666666667e-06,1,natural_tdl,,,,,,,,,,,,,,,,,,,,,,,,,,,,,,,,,
water_filling,Water-filling,ok,ok,0.0002033220007433556,False,,none,340.3572776985516,5105359.165478274,0.999999999999892,3.3571428571425486,1520745.2833340939,76829652893.70633,2.0268767660810022e+18,2.0268767660810022e+18,2.0268493860695813e+18,4.933699062195654e-19,0.10528755366230765,-13.248986838406665,-9.6689354733109,0.015785288010485843,3.813052815602173e-09,64.0,-1018.7498922450259,76828615042.37167,76828615042.36337,5.105359165478275,1.5207452833340938,76829652893.70633,2.0268767660810022e+18,2.0268493860695813e+18,2.0268767660810022e+18,0.0013508473667033876,1018.7498922450259,2.810909296764836e+18,106548749879.69733,26381438.54281344,4.684848827941393e+18,177581250000.0,0.6,0.08940612891655719,False,False,False,False,-0.27893461791800034,False,False,True,-13.256466474732292,-13.45177924467661,-13.248986838406665,-13.248986838406665,-0.0074796363256268705,True,0.25,4.0,32.0,-1.4973958333333334e-06,1.0416666666666667e-06,1,natural_tdl,0.016032128882561503,,,,,,,,,,,,,,,,,,,,,,,,,,,,,,,,
conventional_s2,Conventional $S_2$,ok,optimal,0.0076298720014165156,False,,conventional_s2,333.22002895610274,4998300.4343415415,0.9999999983109478,3.357142852316994,1488855.4506674842,106548749742.24117,2.810909293138544e+18,2.810909293138544e+18,2.8108819400074783e+18,3.55756766125826e-19,0.08940612897422763,-7.893798347687894,-2.2468434342288424,0.03920086973037205,5.222472824093323e-05,64.0,-1018.2496909297976,106547713089.77449,106547712909.80984,4.998300434341542,1.4888554506674843,106548749742.24117,2.8109092931385446e+18,2.8108819400074783e+18,2.810909293138544e+18,0.00097310614514048,1018.2496909297976,2.810909296764836e+18,106548749879.69733,26381438.54281344,4.684848827941393e+18,177581250000.0,0.6,0.08940612891655719,True,False,True,True,-9.732351516661798e-06,True,False,True,-13.256466474732292,-7.893798347687894,-7.878161120284194,-7.878161120284194,-5.3783053544480985,False,0.25,4.0,32.0,-1.3346354166666666e-06,1.0416666666666667e-06,1,natural_tdl,,known_amplitude_linear,106548749879.69733,,,,,,,,,,,,,,,,,,,,,,,,,,,,,,
conventional_s2_psl,Conventional $S_2$+PSL,infeasible,infeasible,0.4499749449969386,False,max_rate_isac: problem is infeasible (solver CLARABEL),conventional_s2,,,,,,,,,,,,,,,,,,,,,,,,,,,,2.810909296764836e+18,106548749879.69733,26381438.54281344,4.684848827941393e+18,177581250000.0,0.6,0.08940612891655719,False,False,,,,False,,True,-13.256466474732292,,,,,False,,,,,,1,natural_tdl,,,,,,,,,,,,,,,,,,,,,,,,,,,,,,,,,
exact_efim,Exact EFIM,ok,optimal,0.009290197998780059,False,,exact_efim,333.2198565214535,4998297.847821803,0.9999999982928921,3.3571428522654063,1488854.6802376735,106548888554.20953,2.810912955197957e+18,2.810912955197957e+18,2.8109092917315123e+18,3.557563026456561e-19,0.0894060707350242,-7.8939785515684635,-2.246714723311671,0.039114373072713975,5.2225372887341415e-05,64.0,-372.64635081399103,106548749870.79721,106548749688.907,4.998297847821803,1.4888546802376734,106548888554.20953,2.810912955197957e+18,2.8109092917315123e+18,2.810912955197957e+18,0.00013033012772684747,372.64635081399103,2.810909296764836e+18,106548749879.69733,26381438.54281344,4.684848827941393e+18,177581250000.0,0.6,0.08940612891655719,True,True,True,True,-1.7906388960301958e-09,False,False,True,-13.256466474732292,-7.8939785515684635,-7.878354141741108,-7.878354141741108,-5.378112332991185,False,0.25,4.0,32.0,-1.3346354166666666e-06,1.0416666666666667e-06,1,natural_tdl,,unknown_amplitude_exact,,,,,,2.810909296764836e+18,106548749879.69733,quad_over_lin,1e-12,,,,,,,,,,,,,,,,,,,,,,
exact_efim_sampled_psl,Exact EFIM+sampled PSL,infeasible,infeasible,0.4605984299996635,False,max_rate_isac: problem is infeasible (solver CLARABEL),exact_efim,,,,,,,,,,,,,,,,,,,,,,,,,,,,2.810909296764836e+18,106548749879.69733,26381438.54281344,4.684848827941393e+18,177581250000.0,0.6,0.08940612891655719,False,False,,,,False,,True,-13.256466474732292,,,,,False,,,,,,1,natural_tdl,,,,,,,,,,,,,,,,,,,,,,,,,,,,,,,,,
exact_efim_cutting_plane_psl,Exact EFIM+cutting-plane PSL,infeasible,infeasible,0.4683595919996151,False,max_rate_isac: problem is infeasible (solver CLARABEL),exact_efim,,,,,,,,,,,,,,,,,,,,,,,,,,,,2.810909296764836e+18,106548749879.69733,26381438.54281344,4.684848827941393e+18,177581250000.0,0.6,0.08940612891655719,False,False,,,,False,,True,-13.256466474732292,,,,,False,,,,,,1,natural_tdl,,,,,,,,,,,,,,,,,,,,,,,,,,,,,,,,,
exact_efim_cutting_plane_psl_ee,Exact EFIM+cutting-plane PSL+EE,infeasible,infeasible,0.4369774110018625,False,dinkelbach_ee_isac[iter 1]: problem is infeasible (solver CLARABEL),exact_efim,,,,,,,,,,,,,,,,,,,,,,,,,,,,2.810909296764836e+18,106548749879.69733,26381438.54281344,4.684848827941393e+18,177581250000.0,0.6,0.08940612891655719,False,False,,,,False,,True,-13.256466474732292,,,,,False,,,,,,1,natural_tdl,,,,,,,,,,,,,,,,,,,,,,,,,,,,,,,,,
uniform,Uniform,ok,ok,1.4323999494081363e-05,False,,none,340.3565914098858,5105348.871148287,1.0,3.357142857142857,1520742.2169377876,76781250000.0,2.0255998281153943e+18,2.0255998281153943e+18,2.0255998281153943e+18,4.936809265680052e-19,0.10532073506634214,-13.256466474732292,-9.684463547443015,0.015625,0.0,64.0,0.0,76781250000.0,76781250000.0,5.105348871148287,1.5207422169377875,76781250000.0,2.0255998281153943e+18,2.0255998281153943e+18,2.0255998281153943e+18,0.0,0.0,3.279394179558975e+18,124306874859.64688,26381438.54281344,4.684848827941393e+18,177581250000.0,0.7,0.08277399119380457,False,False,False,False,-0.3823249913836816,False,False,True,-13.256466474732292,-13.456972739469613,-13.256466474732292,-13.256466474732292,0.0,True,0.25,4.0,32.0,-1.4973958333333334e-06,1.0416666666666667e-06,1,natural_tdl,,,,,,,,,,,,,,,,,,,,,,,,,,,,,,,,,
water_filling,Water-filling,ok,ok,0.00017061900143744424,False,,none,340.3572776985516,5105359.165478274,0.999999999999892,3.3571428571425486,1520745.2833340939,76829652893.70633,2.0268767660810022e+18,2.0268767660810022e+18,2.0268493860695813e+18,4.933699062195654e-19,0.10528755366230765,-13.248986838406665,-9.6689354733109,0.015785288010485843,3.813052815602173e-09,64.0,-1018.7498922450259,76828615042.37167,76828615042.36337,5.105359165478275,1.5207452833340938,76829652893.70633,2.0268767660810022e+18,2.0268493860695813e+18,2.0268767660810022e+18,0.0013508473667033876,1018.7498922450259,3.279394179558975e+18,124306874859.64688,26381438.54281344,4.684848827941393e+18,177581250000.0,0.7,0.08277399119380457,False,False,False,False,-0.3819439582154288,False,False,True,-13.256466474732292,-13.45177924467661,-13.248986838406665,-13.248986838406665,-0.0074796363256268705,True,0.25,4.0,32.0,-1.4973958333333334e-06,1.0416666666666667e-06,1,natural_tdl,0.016032128882561503,,,,,,,,,,,,,,,,,,,,,,,,,,,,,,,,
conventional_s2,Conventional $S_2$,ok,optimal,0.007684536998567637,False,,conventional_s2,323.0701154230188,4846051.731345282,0.9999999977621957,3.3571428507491308,1443504.7737881956,124306874628.06638,3.2793941734495483e+18,3.2793941734495483e+18,3.27937321398394e+18,3.0493437113968955e-19,0.08277399127090748,-6.000978771948148,1.0837164772664487,0.062499994077779085,0.0001568978774984389,64.0,-891.3348076871353,124306080428.50145,124306080150.32877,4.846051731345282,1.4435047737881956,124306874628.06638,3.2793941734495483e+18,3.27937321398394e+18,3.2793941734495483e+18,0.0006391261464657978,891.3348076871353,3.279394179558975e+18,124306874859.64688,26381438.54281344,4.684848827941393e+18,177581250000.0,0.7,0.08277399119380457,True,False,True,True,-6.3931244269328816e-06,True,False,True,-13.256466474732292,-6.0550214945926495,-5.99019192696338,-5.99019192696338,-7.266274547768912,False,0.25,4.0,32.0,-1.2695312500000002e-06,1.0416666666666667e-06,1,natural_tdl,,known_amplitude_linear,124306874859.64688,,,,,,,,,,,,,,,,,,,,,,,,,,,,,,
conventional_s2_psl,Conventional $S_2$+PSL,infeasible,infeasible,0.4400703560022521,False,max_rate_isac: problem is infeasible (solver CLARABEL),conventional_s2,,,,,,,,,,,,,,,,,,,,,,,,,,,,3.279394179558975e+18,124306874859.64688,26381438.54281344,4.684848827941393e+18,177581250000.0,0.7,0.08277399119380457,False,False,,,,False,,True,-13.256466474732292,,,,,False,,,,,,1,natural_tdl,,,,,,,,,,,,,,,,,,,,,,,,,,,,,,,,,
exact_efim,Exact EFIM,ok,optimal,0.009553773001243826,False,,exact_efim,323.06996448960416,4846049.467344062,0.9999999981938357,3.357142851982388,1443504.0988745764,124306932943.8393,3.2793957119035274e+18,3.2793957119035274e+18,3.2793941805722373e+18,3.049342280866585e-19,0.08277397185513666,-6.0009650551802585,1.0837773886596924,0.062499995089257236,0.00015689789772953353,64.0,-240.92692747164298,124306875122.57367,124306874898.05502,4.846049467344063,1.4435040988745764,124306932943.8393,3.2793957119035274e+18,3.2793941805722373e+18,3.2793957119035274e+18,4.669553248952496e-05,240.92692747164298,3.279394179558975e+18,124306874859.64688,26381438.54281344,4.684848827941393e+18,177581250000.0,0.7,0.08277399119380457,True,True,True,True,3.0897851265207384e-10,False,False,True,-13.256466474732292,-6.055003344962627,-5.9901757032155984,-5.9901757032155984,-7.266290771516694,False,0.25,4.0,32.0,-1.2695312500000002e-06,1.0416666666666667e-06,1,natural_tdl,,unknown_amplitude_exact,,,,,,3.279394179558975e+18,124306874859.64688,quad_over_lin,1e-12,,,,,,,,,,,,,,,,,,,,,,
exact_efim_sampled_psl,Exact EFIM+sampled PSL,infeasible,infeasible,0.4461623800016241,False,max_rate_isac: problem is infeasible (solver CLARABEL),exact_efim,,,,,,,,,,,,,,,,,,,,,,,,,,,,3.279394179558975e+18,124306874859.64688,26381438.54281344,4.684848827941393e+18,177581250000.0,0.7,0.08277399119380457,False,False,,,,False,,True,-13.256466474732292,,,,,False,,,,,,1,natural_tdl,,,,,,,,,,,,,,,,,,,,,,,,,,,,,,,,,
exact_efim_cutting_plane_psl,Exact EFIM+cutting-plane PSL,infeasible,infeasible,0.44567353399907006,False,max_rate_isac: problem is infeasible (solver CLARABEL),exact_efim,,,,,,,,,,,,,,,,,,,,,,,,,,,,3.279394179558975e+18,124306874859.64688,26381438.54281344,4.684848827941393e+18,177581250000.0,0.7,0.08277399119380457,False,False,,,,False,,True,-13.256466474732292,,,,,False,,,,,,1,natural_tdl,,,,,,,,,,,,,,,,,,,,,,,,,,,,,,,,,
exact_efim_cutting_plane_psl_ee,Exact EFIM+cutting-plane PSL+EE,infeasible,infeasible,0.45272836399817606,False,dinkelbach_ee_isac[iter 1]: problem is infeasible (solver CLARABEL),exact_efim,,,,,,,,,,,,,,,,,,,,,,,,,,,,3.279394179558975e+18,124306874859.64688,26381438.54281344,4.684848827941393e+18,177581250000.0,0.7,0.08277399119380457,False,False,,,,False,,True,-13.256466474732292,,,,,False,,,,,,1,natural_tdl,,,,,,,,,,,,,,,,,,,,,,,,,,,,,,,,,
uniform,Uniform,ok,ok,1.4971999917179346e-05,False,,none,340.3565914098858,5105348.871148287,1.0,3.357142857142857,1520742.2169377876,76781250000.0,2.0255998281153943e+18,2.0255998281153943e+18,2.0255998281153943e+18,4.936809265680052e-19,0.10532073506634214,-13.256466474732292,-9.684463547443015,0.015625,0.0,64.0,0.0,76781250000.0,76781250000.0,5.105348871148287,1.5207422169377875,76781250000.0,2.0255998281153943e+18,2.0255998281153943e+18,2.0255998281153943e+18,0.0,0.0,3.747879062353115e+18,142064999839.59647,26381438.54281344,4.684848827941393e+18,177581250000.0,0.8,0.07742797889576501,False,False,False,False,-0.4595343674607215,False,False,True,-13.256466474732292,-13.456972739469613,-13.256466474732292,-13.256466474732292,0.0,True,0.25,4.0,32.0,-1.4973958333333334e-06,1.0416666666666667e-06,1,natural_tdl,,,,,,,,,,,,,,,,,,,,,,,,,,,,,,,,,
water_filling,Water-filling,ok,ok,0.0001979529988602735,False,,none,340.3572776985516,5105359.165478274,0.999999999999892,3.3571428571425486,1520745.2833340939,76829652893.70633,2.0268767660810022e+18,2.0268767660810022e+18,2.0268493860695813e+18,4.933699062195654e-19,0.10528755366230765,-13.248986838406665,-9.6689354733109,0.015785288010485843,3.813052815602173e-09,64.0,-1018.7498922450259,76828615042.37167,76828615042.36337,5.105359165478275,1.5207452833340938,76829652893.70633,2.0268767660810022e+18,2.0268493860695813e+18,2.0268767660810022e+18,0.0013508473667033876,1018.7498922450259,3.747879062353115e+18,142064999839.59647,26381438.54281344,4.684848827941393e+18,177581250000.0,0.8,0.07742797889576501,False,False,False,False,-0.45920096343850036,False,False,True,-13.256466474732292,-13.45177924467661,-13.248986838406665,-13.248986838406665,-0.0074796363256268705,True,0.25,4.0,32.0,-1.4973958333333334e-06,1.0416666666666667e-06,1,natural_tdl,0.016032128882561503,,,,,,,,,,,,,,,,,,,,,,,,,,,,,,,,
conventional_s2,Conventional $S_2$,ok,optimal,0.007718243999988772,False,,conventional_s2,307.0829700547305,4606244.550820957,0.9999999973544842,3.357142849584241,1372072.848014617,142064999501.80353,3.747879053441652e+18,3.747879053441652e+18,3.7478669528119127e+18,2.668175748845755e-19,0.07742797898781661,-4.048666643121875,3.245384581142811,0.0624999991787681,0.00029507688134911583,64.0,-677.2589455675862,142064541197.95938,142064540822.1254,4.606244550820957,1.3720728480146172,142064999501.80353,3.7478790534416517e+18,3.7478669528119127e+18,3.747879053441652e+18,0.0003228660681674899,677.2589455675862,3.747879062353115e+18,142064999839.59647,26381438.54281344,4.684848827941393e+18,177581250000.0,0.8,0.07742797889576501,True,False,True,True,-3.2310384089151997e-06,True,False,True,-13.256466474732292,-4.291378367522341,-4.0373318492262955,-4.0373318492262955,-9.219134625505998,False,0.25,4.0,32.0,-1.2044270833333335e-06,1.0416666666666667e-06,1,natural_tdl,,known_amplitude_linear,142064999839.59647,,,,,,,,,,,,,,,,,,,,,,,,,,,,,,
conventional_s2_psl,Conventional $S_2$+PSL,infeasible,infeasible,0.44141125099849887,False,max_rate_isac: problem is infeasible (solver CLARABEL),conventional_s2,,,,,,,,,,,,,,,,,,,,,,,,,,,,3.747879062353115e+18,142064999839.59647,26381438.54281344,4.684848827941393e+18,177581250000.0,0.8,0.07742797889576501,False,False,,,,False,,True,-13.256466474732292,,,,,False,,,,,,1,natural_tdl,,,,,,,,,,,,,,,,,,,,,,,,,,,,,,,,,
exact_efim,Exact EFIM,ok,optimal,0.0088790230001905,False,,exact_efim,307.08282355696014,4606242.353354402,0.9999999969259334,3.35714284835981,1372072.1939505378,142065032837.85492,3.7478799328946427e+18,3.7478799328946427e+18,3.7478790388871823e+18,2.668175122749086e-19,0.07742796990344454,-4.048690930193227,3.2454513712403337,0.06249999892763846,0.0002950795682829431,64.0,-184.08624343975166,142064999386.82724,142064998950.11,4.606242353354402,1.3720721939505378,142065032837.85492,3.7478799328946427e+18,3.7478790388871823e+18,3.7478799328946427e+18,2.3853684652632965e-05,184.08624343975166,3.747879062353115e+18,142064999839.59647,26381438.54281344,4.684848827941393e+18,177581250000.0,0.8,0.07742797889576501,True,True,True,True,-6.261123267213125e-09,False,False,True,-13.256466474732292,-4.291404195046127,-4.037356097230739,-4.037356097230739,-9.219110377501554,False,0.25,4.0,32.0,-1.2044270833333335e-06,1.0416666666666667e-06,1,natural_tdl,,unknown_amplitude_exact,,,,,,3.747879062353115e+18,142064999839.59647,quad_over_lin,1e-12,,,,,,,,,,,,,,,,,,,,,,
exact_efim_sampled_psl,Exact EFIM+sampled PSL,infeasible,infeasible,0.4217823400031193,False,max_rate_isac: problem is infeasible (solver CLARABEL),exact_efim,,,,,,,,,,,,,,,,,,,,,,,,,,,,3.747879062353115e+18,142064999839.59647,26381438.54281344,4.684848827941393e+18,177581250000.0,0.8,0.07742797889576501,False,False,,,,False,,True,-13.256466474732292,,,,,False,,,,,,1,natural_tdl,,,,,,,,,,,,,,,,,,,,,,,,,,,,,,,,,
exact_efim_cutting_plane_psl,Exact EFIM+cutting-plane PSL,infeasible,infeasible,0.4451214960026846,False,max_rate_isac: problem is infeasible (solver CLARABEL),exact_efim,,,,,,,,,,,,,,,,,,,,,,,,,,,,3.747879062353115e+18,142064999839.59647,26381438.54281344,4.684848827941393e+18,177581250000.0,0.8,0.07742797889576501,False,False,,,,False,,True,-13.256466474732292,,,,,False,,,,,,1,natural_tdl,,,,,,,,,,,,,,,,,,,,,,,,,,,,,,,,,
exact_efim_cutting_plane_psl_ee,Exact EFIM+cutting-plane PSL+EE,infeasible,infeasible,0.45175158999700216,False,dinkelbach_ee_isac[iter 1]: problem is infeasible (solver CLARABEL),exact_efim,,,,,,,,,,,,,,,,,,,,,,,,,,,,3.747879062353115e+18,142064999839.59647,26381438.54281344,4.684848827941393e+18,177581250000.0,0.8,0.07742797889576501,False,False,,,,False,,True,-13.256466474732292,,,,,False,,,,,,1,natural_tdl,,,,,,,,,,,,,,,,,,,,,,,,,,,,,,,,,
uniform,Uniform,ok,ok,2.8304999432293698e-05,False,,none,259.869383192371,3898040.7478855653,1.0,3.357142857142857,1161118.5206467642,76781250000.0,2.0255998281153943e+18,2.0255998281153943e+18,2.0255998281153943e+18,4.936809265680052e-19,0.10532073506634214,-13.256466474732292,-9.684463547443015,0.015625,0.0,64.0,0.0,76781250000.0,76781250000.0,3.8980407478855654,1.1611185206467642,76781250000.0,2.0255998281153943e+18,2.0255998281153943e+18,2.0255998281153943e+18,0.0,0.0,7.02727324191209e+17,26637187469.92433,26381438.54281344,4.684848827941393e+18,177581250000.0,0.15,0.17881225783311439,False,True,True,True,1.882483373542819,False,False,True,-13.256466474732292,-13.456972739469613,-13.256466474732292,-13.256466474732292,0.0,True,0.25,4.0,32.0,-1.4973958333333334e-06,1.0416666666666667e-06,2,natural_tdl,,,,,,,,,,,,,,,,,,,,,,,,,,,,,,,,,
water_filling,Water-filling,ok,ok,0.00020230399968568236,False,,none,259.9113196239446,3898669.7943591694,1.0000000000008595,3.357142857145313,1161305.8961912435,78017575190.28941,2.0582158651419466e+18,2.0582158651419466e+18,2.0573244424260365e+18,4.858576872018398e-19,0.10448290679600973,-12.702474508030088,-9.255846625943038,0.01630245208676762,2.5535874003154977e-07,64.0,5812.896787568817,77983785421.15942,77983785421.22646,3.8986697943591695,1.1613058961912435,78017575190.28941,2.0582158651419466e+18,2.0573244424260365e+18,2.0582158651419466e+18,0.04331045790712852,5812.896787568817,7.02727324191209e+17,26637187469.92433,26381438.54281344,4.684848827941393e+18,177581250000.0,0.15,0.17881225783311439,False,True,True,True,1.9276283582595513,False,False,True,-13.256466474732292,-12.920430317826145,-12.702474508030088,-12.702474508030088,-0.5539919667022044,False,0.25,4.0,32.0,-1.4973958333333334e-06,1.0416666666666667e-06,2,natural_tdl,0.01675409217479794,,,,,,,,,,,,,,,,,,,,,,,,,,,,,,,,
conventional_s2,Conventional $S_2$,ok,optimal,0.0071935939995455556,False,,conventional_s2,259.9113195012317,3898669.792518475,0.9999999985799826,3.357142853085665,1161305.8970472687,78017555161.20346,2.0582153367458465e+18,2.0582153367458465e+18,2.0573238062006513e+18,4.858578119338358e-19,0.10448292020771549,-12.702478881234871,-9.255852801533845,0.016302505446924742,2.5536742324495294e-07,64.0,5813.248354172592,77983761415.56245,77983761304.82416,3.8986697925184752,1.1613058970472687,78017555161.20346,2.0582153367458465e+18,2.0573238062006513e+18,2.0582153367458465e+18,0.043315707996075065,5813.248354172592,7.02727324191209e+17,26637187469.92433,26381438.54281344,4.684848827941393e+18,177581250000.0,0.15,0.17881225783311439,True,True,True,True,1.9276274528936101,False,False,True,-13.256466474732292,-12.920434014774875,-12.702478881234871,-12.702478881234871,-0.5539875934974212,False,0.25,4.0,32.0,-1.4973958333333334e-06,1.0416666666666667e-06,2,natural_tdl,,known_amplitude_linear,26637187469.92433,,,,,,,,,,,,,,,,,,,,,,,,,,,,,,
conventional_s2_psl,Conventional $S_2$+PSL,ok,optimal,0.4822333919983066,False,,conventional_s2,259.90485730914713,3898572.859637207,0.9999999998725749,3.3571428567787858,1161277.0221455302,77484281919.75665,2.0441468215000906e+18,2.0441468215000906e+18,2.0432519411103844e+18,4.892016510174906e-19,0.10484184723889729,-13.034713288171496,-9.447917071797452,0.016327469225038502,1.6922810779287769e-07,64.0,5824.159485213739,77450361095.92088,77450361086.05177,3.898572859637207,1.1612770221455302,77484281919.75665,2.0441468215000906e+18,2.0432519411103844e+18,2.0441468215000906e+18,0.0437776964107468,5824.159485213739,7.02727324191209e+17,26637187469.92433,26381438.54281344,4.684848827941393e+18,177581250000.0,0.15,0.17881225783311439,True,True,True,True,1.9076028080479543,False,False,True,-13.256466474732292,-13.256466500639144,-13.034713288171496,-13.034713288171496,-0.22175318656079668,True,0.25,4.0,32.0,-1.4973958333333334e-06,1.0416666666666667e-06,2,natural_tdl,,known_amplitude_linear,26637187469.92433,-13.256466474732292,0.2173585239870126,249.0,1.0416666666666667e-06,,,,,,,,,,,,,,,,,,,,,,,,,,
exact_efim,Exact EFIM,ok,optimal,0.009201902001223061,False,,exact_efim,259.9113195682444,3898669.7935236655,0.9999999993593549,3.3571428553124427,1161305.896576398,78017601849.84717,2.0582165684594312e+18,2.0582165684594312e+18,2.0573250696220557e+18,4.858575211783943e-19,0.10448288894447201,-12.702459939634537,-9.255836777734649,0.016302727272491907,2.5537286953478883e-07,64.0,5813.144975152063,77983809245.32663,77983809195.36668,3.8986697935236654,1.161305896576398,78017601849.84717,2.0582165684594312e+18,2.0573250696220557e+18,2.0582165684594312e+18,0.0433141415260675,5813.144975152063,7.02727324191209e+17,26637187469.92433,26381438.54281344,4.684848827941393e+18,177581250000.0,0.15,0.17881225783311439,True,True,True,True,1.92762925077646,False,False,True,-13.256466474732292,-12.920416071356701,-12.702459939634537,-12.702459939634537,-0.5540065350977557,False,0.25,4.0,32.0,-1.4973958333333334e-06,1.0416666666666667e-06,2,natural_tdl,,unknown_amplitude_exact,,,,,,7.02727324191209e+17,26637187469.92433,quad_over_lin,1e-12,,,,,,,,,,,,,,,,,,,,,,
exact_efim_sampled_psl,Exact EFIM+sampled PSL,ok,optimal,0.4777387969988922,False,,exact_efim,259.9048573086789,3898572.859630184,0.999999999865193,3.357142856757694,1161277.0221507342,77484283892.84473,2.0441468735529925e+18,2.0441468735529925e+18,2.0432519944136187e+18,4.892016385602812e-19,0.10484184590403176,-13.034713451478002,-9.447916645379484,0.016327532171774514,1.692264950023615e-07,64.0,5824.155416457161,77450363116.97511,77450363106.53426,3.8985728596301836,1.1612770221507343,77484283892.84473,2.0441468735529925e+18,2.0432519944136187e+18,2.0441468735529925e+18,0.0437776341295089,5824.155416457161,7.02727324191209e+17,26637187469.92433,26381438.54281344,4.684848827941393e+18,177581250000.0,0.15,0.17881225783311439,True,True,True,True,1.9076028838998993,False,False,True,-13.256466474732292,-13.25646650049965,-13.034713451478002,-13.034713451478002,-0.22175302325429058,True,0.25,4.0,32.0,-1.4973958333333334e-06,1.0416666666666667e-06,2,natural_tdl,,unknown_amplitude_exact,,-13.256466474732292,0.2173585239870126,249.0,1.0416666666666667e-06,7.02727324191209e+17,26637187469.92433,quad_over_lin,1e-12,,,,,,,,,,,,,,,,,,,,,,
exact_efim_cutting_plane_psl,Exact EFIM+cutting-plane PSL,ok,optimal,0.4865211709984578,False,,exact_efim,259.9048573086789,3898572.859630184,0.999999999865193,3.357142856757694,1161277.0221507342,77484283892.84473,2.0441468735529925e+18,2.0441468735529925e+18,2.0432519944136187e+18,4.892016385602812e-19,0.10484184590403176,-13.034713451478002,-9.447916645379484,0.016327532171774514,1.692264950023615e-07,64.0,5824.155416457161,77450363116.97511,77450363106.53426,3.8985728596301836,1.1612770221507343,77484283892.84473,2.0441468735529925e+18,2.0432519944136187e+18,2.0441468735529925e+18,0.0437776341295089,5824.155416457161,7.02727324191209e+17,26637187469.92433,26381438.54281344,4.684848827941393e+18,177581250000.0,0.15,0.17881225783311439,True,True,True,True,1.9076028838998993,False,False,True,-13.256466474732292,-13.25646650049965,-13.034713451478002,-13.034713451478002,-0.22175302325429058,True,0.25,4.0,32.0,-1.4973958333333334e-06,1.0416666666666667e-06,2,natural_tdl,,unknown_amplitude_exact,,-13.256466474732292,0.2173585239870126,249.0,1.0416666666666667e-06,7.02727324191209e+17,26637187469.92433,quad_over_lin,1e-12,-9.448031134750726,-0.22175302325429058,249.0,1985.0,1.0,249.0,True,1.0,dense_psl_satisfied,False,0.4865211709984578,0.0,249.0,-13.034713451478002,-13.25646650049965,,0.0,,,,,
exact_efim_cutting_plane_psl_ee,Exact EFIM+cutting-plane PSL+EE,ok,optimal,1.875849598000059,False,,exact_efim,161.21556507836362,2418233.4761754544,0.3032498214924728,1.3664280614070652,1769748.1078406011,26669610007.35837,7.035826773699272e+17,7.035826773699272e+17,7.027273200938079e+17,1.421297073057732e-18,0.17870353276685086,-13.136270908744006,-5.665069511123862,0.009702743185195324,1.6211605883480655e-06,64.0,10340.088680016686,87839086544.26604,26637187314.610546,2.4182334761754545,1.7697481078406012,26669610007.35837,7.035826773699272e+17,7.027273200938079e+17,7.035826773699272e+17,0.12157167929669896,10340.088680016686,7.02727324191209e+17,26637187469.92433,26381438.54281344,4.684848827941393e+18,177581250000.0,0.15,0.17881225783311439,True,True,True,True,-5.830712634827212e-09,False,False,True,-13.256466474732292,-13.256466520233321,-13.136270908744006,-13.136270908744006,-0.12019556598828629,True,0.25,4.0,32.0,-2.408854166666667e-06,1.0416666666666667e-06,2,natural_tdl,,unknown_amplitude_exact,,-13.256466474732292,0.2173585239870126,251.0,1.0416666666666667e-06,7.02727324191209e+17,26637187469.92433,quad_over_lin,1e-12,-5.6679999170233355,-0.12019556598828629,249.0,1985.0,2.0,251.0,True,2.0,dense_psl_satisfied,False,1.875849598000059,2.0,251.0,-12.929526445592634,-13.256466379215393,-1.3997395833333333e-06,1.0,5.0,True,1769748.1069796202,0.001176468562334776,0.925165269003628
uniform,Uniform,ok,ok,1.4563996955985203e-05,False,,none,259.869383192371,3898040.7478855653,1.0,3.357142857142857,1161118.5206467642,76781250000.0,2.0255998281153943e+18,2.0255998281153943e+18,2.0255998281153943e+18,4.936809265680052e-19,0.10532073506634214,-13.256466474732292,-9.684463547443015,0.015625,0.0,64.0,0.0,76781250000.0,76781250000.0,3.8980407478855654,1.1611185206467642,76781250000.0,2.0255998281153943e+18,2.0255998281153943e+18,2.0255998281153943e+18,0.0,0.0,1.1712122069853484e+18,44395312449.873886,26381438.54281344,4.684848827941393e+18,177581250000.0,0.25,0.13850737933707974,False,True,True,True,0.7294900241256913,False,False,True,-13.256466474732292,-13.456972739469613,-13.256466474732292,-13.256466474732292,0.0,True,0.25,4.0,32.0,-1.4973958333333334e-06,1.0416666666666667e-06,2,natural_tdl,,,,,,,,,,,,,,,,,,,,,,,,,,,,,,,,,
water_filling,Water-filling,ok,ok,0.00019953399896621704,False,,none,259.9113196239446,3898669.7943591694,1.0000000000008595,3.357142857145313,1161305.8961912435,78017575190.28941,2.0582158651419466e+18,2.0582158651419466e+18,2.0573244424260365e+18,4.858576872018398e-19,0.10448290679600973,-12.702474508030088,-9.255846625943038,0.01630245208676762,2.5535874003154977e-07,64.0,5812.896787568817,77983785421.15942,77983785421.22646,3.8986697943591695,1.1613058961912435,78017575190.28941,2.0582158651419466e+18,2.0573244424260365e+18,2.0582158651419466e+18,0.04331045790712852,5812.896787568817,1.1712122069853484e+18,44395312449.873886,26381438.54281344,4.684848827941393e+18,177581250000.0,0.25,0.13850737933707974,False,True,True,True,0.7565770149557306,False,False,True,-13.256466474732292,-12.920430317826145,-12.702474508030088,-12.702474508030088,-0.5539919667022044,False,0.25,4.0,32.0,-1.4973958333333334e-06,1.0416666666666667e-06,2,natural_tdl,0.01675409217479794,,,,,,,,,,,,,,,,,,,,,,,,,,,,,,,,
conventional_s2,Conventional $S_2$,ok,optimal,0.007303757000045152,False,,conventional_s2,259.91131934868827,3898669.790230324,0.9999999977730154,3.3571428507800443,1161305.8971632542,78017566159.44298,2.058215626895227e+18,2.058215626895227e+18,2.057324538320234e+18,4.858577434418172e-19,0.10448291284316748,-12.702411228793915,-9.255848007668497,0.016302294946481163,2.5524867820627236e-07,64.0,5811.807238728216,77983789229.80676,77983789056.13806,3.8986697902303242,1.1613058971632542,78017566159.44298,2.0582156268952264e+18,2.057324538320234e+18,2.058215626895227e+18,0.04329422842528329,5811.807238728216,1.1712122069853484e+18,44395312449.873886,26381438.54281344,4.684848827941393e+18,177581250000.0,0.25,0.13850737933707974,True,True,True,True,0.7565770968317536,False,False,True,-13.256466474732292,-12.920363777825479,-12.702411228793915,-12.702411228793915,-0.5540552459383772,False,0.25,4.0,32.0,-1.4973958333333334e-06,1.0416666666666667e-06,2,natural_tdl,,known_amplitude_linear,44395312449.873886,,,,,,,,,,,,,,,,,,,,,,,,,,,,,,
conventional_s2_psl,Conventional $S_2$+PSL,ok,optimal,0.5285116499981086,False,,conventional_s2,259.9048572836154,3898572.859254231,0.9999999996979887,3.357142856279968,1161277.0222039998,77484256933.9467,2.0441461623384814e+18,2.0441461623384814e+18,2.0432512778343421e+18,4.892018087669478e-19,0.10484186414270692,-13.034715256838751,-9.447924675690794,0.016327471848193553,1.6922022622543713e-07,64.0,5824.1728747096995,77450335967.67332,77450335944.28244,3.898572859254231,1.1612770222039999,77484256933.9467,2.044146162338481e+18,2.0432512778343421e+18,2.0441461623384814e+18,0.043777911806244116,5824.1728747096995,1.1712122069853484e+18,44395312449.873886,26381438.54281344,4.684848827941393e+18,177581250000.0,0.25,0.13850737933707974,True,True,True,True,0.7445611185129176,False,False,True,-13.256466474732292,-13.256466541013044,-13.034715256838751,-13.034715256838751,-0.2217512178935408,True,0.25,4.0,32.0,-1.4973958333333334e-06,1.0416666666666667e-06,2,natural_tdl,,known_amplitude_linear,44395312449.873886,-13.256466474732292,0.2173585239870126,249.0,1.0416666666666667e-06,,,,,,,,,,,,,,,,,,,,,,,,,,
exact_efim,Exact EFIM,ok,optimal,0.008821226998406928,False,,exact_efim,259.91131950857454,3898669.792628618,0.9999999987018271,3.3571428534337917,1161305.896959653,78017586224.8273,2.0582161562489298e+18,2.0582161562489298e+18,2.05732481675701e+18,4.858576184838069e-19,0.10448289940715878,-12.702485669509198,-9.255843968053343,0.01630240357668416,2.553517180026272e-07,64.0,5812.62543649286,77983799711.64265,77983799610.4062,3.898669792628618,1.1613058969596528,78017586224.8273,2.0582161562489298e+18,2.05732481675701e+18,2.0582161562489298e+18,0.04330640828047554,5812.62543649286,1.1712122069853484e+18,44395312449.873886,26381438.54281344,4.684848827941393e+18,177581250000.0,0.25,0.13850737933707974,True,True,True,True,0.756577334565594,False,False,True,-13.256466474732292,-12.920444768095113,-12.702485669509198,-12.702485669509198,-0.5539808052230946,False,0.25,4.0,32.0,-1.4973958333333334e-06,1.0416666666666667e-06,2,natural_tdl,,unknown_amplitude_exact,,,,,,1.1712122069853484e+18,44395312449.873886,quad_over_lin,1e-12,,,,,,,,,,,,,,,,,,,,,,
exact_efim_sampled_psl,Exact EFIM+sampled PSL,ok,optimal,0.4724744199993438,False,,exact_efim,259.90485731040314,3898572.859656047,0.999999999884335,3.357142856812386,1161277.0221395195,77484285361.82593,2.0441469123068296e+18,2.0441469123068296e+18,2.0432520364033756e+18,4.892016292857812e-19,0.10484184491021281,-13.03471335706331,-9.447916162094296,0.01632753223094007,1.6922653155492596e-07,64.0,5824.144886199772,77450364707.1327,77450364698.17441,3.898572859656047,1.1612770221395194,77484285361.82593,2.0441469123068296e+18,2.0432520364033756e+18,2.0441469123068296e+18,0.04377747499782588,5824.144886199772,1.1712122069853484e+18,44395312449.873886,26381438.54281344,4.684848827941393e+18,177581250000.0,0.25,0.13850737933707974,True,True,True,True,0.7445617661914757,False,False,True,-13.256466474732292,-13.25646649844086,-13.03471335706331,-13.03471335706331,-0.22175311766898176,True,0.25,4.0,32.0,-1.4973958333333334e-06,1.0416666666666667e-06,2,natural_tdl,,unknown_amplitude_exact,,-13.256466474732292,0.2173585239870126,249.0,1.0416666666666667e-06,1.1712122069853484e+18,44395312449.873886,quad_over_lin,1e-12,,,,,,,,,,,,,,,,,,,,,,
exact_efim_cutting_plane_psl,Exact EFIM+cutting-plane PSL,ok,optimal,0.4847564310002781,False,,exact_efim,259.90485731040314,3898572.859656047,0.999999999884335,3.357142856812386,1161277.0221395195,77484285361.82593,2.0441469123068296e+18,2.0441469123068296e+18,2.0432520364033756e+18,4.892016292857812e-19,0.10484184491021281,-13.03471335706331,-9.447916162094296,0.01632753223094007,1.6922653155492596e-07,64.0,5824.144886199772,77450364707.1327,77450364698.17441,3.898572859656047,1.1612770221395194,77484285361.82593,2.0441469123068296e+18,2.0432520364033756e+18,2.0441469123068296e+18,0.04377747499782588,5824.144886199772,1.1712122069853484e+18,44395312449.873886,26381438.54281344,4.684848827941393e+18,177581250000.0,0.25,0.13850737933707974,True,True,True,True,0.7445617661914757,False,False,True,-13.256466474732292,-13.25646649844086,-13.03471335706331,-13.03471335706331,-0.22175311766898176,True,0.25,4.0,32.0,-1.4973958333333334e-06,1.0416666666666667e-06,2,natural_tdl,,unknown_amplitude_exact,,-13.256466474732292,0.2173585239870126,249.0,1.0416666666666667e-06,1.1712122069853484e+18,44395312449.873886,quad_over_lin,1e-12,-9.44803065057502,-0.22175311766898176,249.0,1985.0,1.0,249.0,True,1.0,dense_psl_satisfied,False,0.4847564310002781,0.0,249.0,-13.03471335706331,-13.25646649844086,,0.0,,,,,
exact_efim_cutting_plane_psl_ee,Exact EFIM+cutting-plane PSL+EE,ok,optimal,0.942008767000516,False,,exact_efim,194.8996021979442,2923494.0329691633,0.4818035365399371,1.876581532971249,1557882.7680033203,44403147542.53793,1.171418908000942e+18,1.171418908000942e+18,1.1712122039734454e+18,8.536655787010703e-19,0.13849515873911886,-13.21438607309081,-3.5353308618055057,0.023118010666692095,1.0613411375806827e-05,64.0,4032.647310717487,92144015078.28372,44395312335.70639,2.923494032969163,1.5578827680033203,44403147542.53793,1.171418908000942e+18,1.1712122039734454e+18,1.171418908000942e+18,0.017645611325281575,4032.647310717487,1.1712122069853484e+18,44395312449.873886,26381438.54281344,4.684848827941393e+18,177581250000.0,0.25,0.13850737933707974,True,True,True,True,-2.571611666986048e-09,False,False,True,-13.256466474732292,-13.256466441584251,-13.179200939637736,-13.179200939637736,-0.07726553509455591,True,0.25,4.0,32.0,-1.3346354166666666e-06,1.0416666666666667e-06,2,natural_tdl,,unknown_amplitude_exact,,-13.256466474732292,0.2173585239870126,249.0,1.0416666666666667e-06,1.1712122069853484e+18,44395312449.873886,quad_over_lin,1e-12,-3.5387491538298455,-0.07726553509455591,249.0,1985.0,1.0,249.0,True,1.0,dense_psl_satisfied,False,0.942008767000516,0.0,249.0,-13.179200939637736,-13.256466441584251,,0.0,5.0,True,1557882.7687100128,-0.0013261660933494568,0.8948072719940683
uniform,Uniform,ok,ok,1.352099934592843e-05,False,,none,259.869383192371,3898040.7478855653,1.0,3.357142857142857,1161118.5206467642,76781250000.0,2.0255998281153943e+18,2.0255998281153943e+18,2.0255998281153943e+18,4.936809265680052e-19,0.10532073506634214,-13.256466474732292,-9.684463547443015,0.015625,0.0,64.0,0.0,76781250000.0,76781250000.0,3.8980407478855654,1.1611185206467642,76781250000.0,2.0255998281153943e+18,2.0255998281153943e+18,2.0255998281153943e+18,0.0,0.0,1.6396970897794875e+18,62153437429.82344,26381438.54281344,4.684848827941393e+18,177581250000.0,0.35,0.11706010095802957,False,True,True,True,0.23535001723263682,False,False,True,-13.256466474732292,-13.456972739469613,-13.256466474732292,-13.256466474732292,0.0,True,0.25,4.0,32.0,-1.4973958333333334e-06,1.0416666666666667e-06,2,natural_tdl,,,,,,,,,,,,,,,,,,,,,,,,,,,,,,,,,
water_filling,Water-filling,ok,ok,0.0001963600007002242,False,,none,259.9113196239446,3898669.7943591694,1.0000000000008595,3.357142857145313,1161305.8961912435,78017575190.28941,2.0582158651419466e+18,2.0582158651419466e+18,2.0573244424260365e+18,4.858576872018398e-19,0.10448290679600973,-12.702474508030088,-9.255846625943038,0.01630245208676762,2.5535874003154977e-07,64.0,5812.896787568817,77983785421.15942,77983785421.22646,3.8986697943591695,1.1613058961912435,78017575190.28941,2.0582158651419466e+18,2.0573244424260365e+18,2.0582158651419466e+18,0.04331045790712852,5812.896787568817,1.6396970897794875e+18,62153437429.82344,26381438.54281344,4.684848827941393e+18,177581250000.0,0.35,0.11706010095802957,False,True,True,True,0.254697867825522,False,False,True,-13.256466474732292,-12.920430317826145,-12.702474508030088,-12.702474508030088,-0.5539919667022044,False,0.25,4.0,32.0,-1.4973958333333334e-06,1.0416666666666667e-06,2,natural_tdl,0.01675409217479794,,,,,,,,,,,,,,,,,,,,,,,,,,,,,,,,
conventional_s2,Conventional $S_2$,ok,optimal,0.007190434000222012,False,,conventional_s2,259.91131947863823,3898669.7921795733,0.9999999983436483,3.3571428524104237,1161305.8971798993,78017694453.1077,2.0582190114666575e+18,2.0582190114666575e+18,2.0573275349351552e+18,4.85856944488825e-19,0.10448282693636524,-12.702429330368407,-9.25580672139453,0.016302411620306986,2.553925973629737e-07,64.0,5813.07225333974,77983902773.30989,77983902644.14111,3.8986697921795734,1.1613058971798993,78017694453.1077,2.0582190114666575e+18,2.0573275349351552e+18,2.0582190114666575e+18,0.04331300636792207,5813.07225333974,1.6396970897794875e+18,62153437429.82344,26381438.54281344,4.684848827941393e+18,177581250000.0,0.35,0.11706010095802957,True,True,True,True,0.2546997538501652,False,False,True,-13.256466474732292,-12.920387288233211,-12.702429330368407,-12.702429330368407,-0.5540371443638854,False,0.25,4.0,32.0,-1.4973958333333334e-06,1.0416666666666667e-06,2,natural_tdl,,known_amplitude_linear,62153437429.82344,,,,,,,,,,,,,,,,,,,,,,,,,,,,,,
conventional_s2_psl,Conventional $S_2$+PSL,ok,optimal,0.4751702799985651,False,,conventional_s2,259.9048572890352,3898572.8593355278,0.9999999997320008,3.3571428563771453,1161277.022194601,77484353670.91585,2.044148714398887e+18,2.044148714398887e+18,2.0432537845408666e+18,4.892011980126726e-19,0.10484179869667261,-13.034709600567256,-9.44789550847095,0.016327560046538656,1.692359688620577e-07,64.0,5824.320460974119,77450430982.84947,77450430962.09282,3.8985728593355278,1.161277022194601,77484353670.91585,2.0441487143988874e+18,2.0432537845408666e+18,2.044148714398887e+18,0.04378007586808672,5824.320460974119,1.6396970897794875e+18,62153437429.82344,26381438.54281344,4.684848827941393e+18,177581250000.0,0.35,0.11706010095802957,True,True,True,True,0.24611661341403665,False,False,True,-13.256466474732292,-13.256466532151128,-13.034709600567256,-13.034709600567256,-0.22175687416503642,True,0.25,4.0,32.0,-1.4973958333333334e-06,1.0416666666666667e-06,2,natural_tdl,,known_amplitude_linear,62153437429.82344,-13.256466474732292,0.2173585239870126,249.0,1.0416666666666667e-06,,,,,,,,,,,,,,,,,,,,,,,,,,
exact_efim,Exact EFIM,ok,optimal,0.00913856699844473,False,,exact_efim,259.91131948186836,3898669.7922280254,0.9999999983974861,3.3571428525642464,1161305.8971411213,78017708326.81725,2.0582193774750738e+18,2.0582193774750738e+18,2.0573279405229432e+18,4.858568580900024e-19,0.10448281764639446,-12.702415787526576,-9.255801683541192,0.016302632809516444,2.5538011334216445e-07,64.0,5812.943208674932,77983918143.09442,77983918018.12411,3.8986697922280253,1.1613058971411214,78017708326.81725,2.0582193774750735e+18,2.0573279405229432e+18,2.0582193774750738e+18,0.04331107567474817,5812.943208674932,1.6396970897794875e+18,62153437429.82344,26381438.54281344,4.684848827941393e+18,177581250000.0,0.35,0.11706010095802957,True,True,True,True,0.2547000012054789,False,False,True,-13.256466474732292,-12.920374642299288,-12.702415787526576,-12.702415787526576,-0.5540506872057165,False,0.25,4.0,32.0,-1.4973958333333334e-06,1.0416666666666667e-06,2,natural_tdl,,unknown_amplitude_exact,,,,,,1.6396970897794875e+18,62153437429.82344,quad_over_lin,1e-12,,,,,,,,,,,,,,,,,,,,,,
exact_efim_sampled_psl,Exact EFIM+sampled PSL,ok,optimal,0.5141432970012829,False,,exact_efim,259.90485728473277,3898572.8592709918,0.9999999996713242,3.357142856203784,1161277.022235345,77484235565.40085,2.0441455986055022e+18,2.0441455986055022e+18,2.04325061840118e+18,4.892019436786651e-19,0.10484187859931227,-13.034716068837893,-9.447929739237617,0.016327391727958315,1.692363232011886e-07,64.0,5824.484289001329,77450310973.63521,77450310948.17917,3.898572859270992,1.161277022235345,77484235565.40085,2.0441455986055017e+18,2.04325061840118e+18,2.0441455986055022e+18,0.043782605550839994,5824.484289001329,1.6396970897794875e+18,62153437429.82344,26381438.54281344,4.684848827941393e+18,177581250000.0,0.35,0.11706010095802957,True,True,True,True,0.24611468248441168,False,False,True,-13.256466474732292,-13.256466548042399,-13.034716068837893,-13.034716068837893,-0.2217504058943991,True,0.25,4.0,32.0,-1.4973958333333334e-06,1.0416666666666667e-06,2,natural_tdl,,unknown_amplitude_exact,,-13.256466474732292,0.2173585239870126,249.0,1.0416666666666667e-06,1.6396970897794875e+18,62153437429.82344,quad_over_lin,1e-12,,,,,,,,,,,,,,,,,,,,,,
exact_efim_cutting_plane_psl,Exact EFIM+cutting-plane PSL,ok,optimal,0.5213510780013166,False,,exact_efim,259.90485728473277,3898572.8592709918,0.9999999996713242,3.357142856203784,1161277.022235345,77484235565.40085,2.0441455986055022e+18,2.0441455986055022e+18,2.04325061840118e+18,4.892019436786651e-19,0.10484187859931227,-13.034716068837893,-9.447929739237617,0.016327391727958315,1.692363232011886e-07,64.0,5824.484289001329,77450310973.63521,77450310948.17917,3.898572859270992,1.161277022235345,77484235565.40085,2.0441455986055017e+18,2.04325061840118e+18,2.0441455986055022e+18,0.043782605550839994,5824.484289001329,1.6396970897794875e+18,62153437429.82344,26381438.54281344,4.684848827941393e+18,177581250000.0,0.35,0.11706010095802957,True,True,True,True,0.24611468248441168,False,False,True,-13.256466474732292,-13.256466548042399,-13.034716068837893,-13.034716068837893,-0.2217504058943991,True,0.25,4.0,32.0,-1.4973958333333334e-06,1.0416666666666667e-06,2,natural_tdl,,unknown_amplitude_exact,,-13.256466474732292,0.2173585239870126,249.0,1.0416666666666667e-06,1.6396970897794875e+18,62153437429.82344,quad_over_lin,1e-12,-9.44804424107962,-0.2217504058943991,249.0,1985.0,1.0,249.0,True,1.0,dense_psl_satisfied,False,0.5213510780013166,0.0,249.0,-13.034716068837893,-13.256466548042399,,0.0,,,,,
exact_efim_cutting_plane_psl_ee,Exact EFIM+cutting-plane PSL+EE,ok,optimal,0.9902862569979334,False,,exact_efim,217.86056808484264,3267908.5212726397,0.6561366087848076,2.3746760250994505,1376149.2038206689,62157580693.95621,1.6398063950475732e+18,1.6398063950475732e+18,1.6396970856626683e+18,6.098280888647153e-19,0.1170561994306943,-13.16939319693239,-1.7902963655151352,0.04184470219937795,3.6668679669140144e-05,64.0,2512.941356492671,94726367103.46698,62153437273.77358,3.2679085212726395,1.3761492038206689,62157580693.95621,1.6398063950475727e+18,1.6396970856626683e+18,1.6398063950475732e+18,0.006665993329156932,2512.941356492671,1.6396970897794875e+18,62153437429.82344,26381438.54281344,4.684848827941393e+18,177581250000.0,0.35,0.11706010095802957,True,True,True,True,-2.5107193430181944e-09,False,False,True,-13.256466474732292,-13.256466444309666,-13.16939319693239,-13.16939319693239,-0.08707327779990237,True,0.25,4.0,32.0,-2.2786458333333335e-06,1.0416666666666667e-06,2,natural_tdl,,unknown_amplitude_exact,,-13.256466474732292,0.2173585239870126,249.0,1.0416666666666667e-06,1.6396970897794875e+18,62153437429.82344,quad_over_lin,1e-12,-1.7937908310416015,-0.08707327779990237,249.0,1985.0,1.0,249.0,True,1.0,dense_psl_satisfied,False,0.9902862569979334,0.0,249.0,-13.16939319693239,-13.256466444309666,,0.0,5.0,True,1376149.203989615,-0.0004011918790638447,0.9414576359995408
uniform,Uniform,ok,ok,1.5124998753890395e-05,False,,none,259.869383192371,3898040.7478855653,1.0,3.357142857142857,1161118.5206467642,76781250000.0,2.0255998281153943e+18,2.0255998281153943e+18,2.0255998281153943e+18,4.936809265680052e-19,0.10532073506634214,-13.256466474732292,-9.684463547443015,0.015625,0.0,64.0,0.0,76781250000.0,76781250000.0,3.8980407478855654,1.1611185206467642,76781250000.0,2.0255998281153943e+18,2.0255998281153943e+18,2.0255998281153943e+18,0.0,0.0,2.1081819725736271e+18,79911562409.77301,26381438.54281344,4.684848827941393e+18,177581250000.0,0.45,0.10323730519435335,False,False,False,False,-0.039172208819060424,False,False,True,-13.256466474732292,-13.456972739469613,-13.256466474732292,-13.256466474732292,0.0,True,0.25,4.0,32.0,-1.4973958333333334e-06,1.0416666666666667e-06,2,natural_tdl,,,,,,,,,,,,,,,,,,,,,,,,,,,,,,,,,
water_filling,Water-filling,ok,ok,0.00019715400048880838,False,,none,259.9113196239446,3898669.7943591694,1.0000000000008595,3.357142857145313,1161305.8961912435,78017575190.28941,2.0582158651419466e+18,2.0582158651419466e+18,2.0573244424260365e+18,4.858576872018398e-19,0.10448290679600973,-12.702474508030088,-9.255846625943038,0.01630245208676762,2.5535874003154977e-07,64.0,5812.896787568817,77983785421.15942,77983785421.22646,3.8986697943591695,1.1613058961912435,78017575190.28941,2.0582158651419466e+18,2.0573244424260365e+18,2.0582158651419466e+18,0.04331045790712852,5812.896787568817,2.1081819725736271e+18,79911562409.77301,26381438.54281344,4.684848827941393e+18,177581250000.0,0.45,0.10323730519435335,False,False,False,False,-0.02412388058014972,False,False,True,-13.256466474732292,-12.920430317826145,-12.702474508030088,-12.702474508030088,-0.5539919667022044,False,0.25,4.0,32.0,-1.4973958333333334e-06,1.0416666666666667e-06,2,natural_tdl,0.01675409217479794,,,,,,,,,,,,,,,,,,,,,,,,,,,,,,,,
conventional_s2,Conventional $S_2$,ok,optimal,0.00811343999885139,False,,conventional_s2,259.88108355916916,3898216.2533875373,0.9999999978668934,3.357142851048267,1161170.800989395,79911562611.9957,2.108181977908553e+18,2.108181977908553e+18,2.1072909971412593e+18,4.743423530221342e-19,0.10323730506372815,-12.231017601058337,-8.67166216072236,0.017224895660908904,6.807568355470582e-07,64.0,5811.455659199218,79877789765.57674,79877789595.1889,3.8982162533875373,1.161170800989395,79911562611.9957,2.1081819779085527e+18,2.1072909971412593e+18,2.108181977908553e+18,0.042262991365555835,5811.455659199218,2.1081819725736271e+18,79911562409.77301,26381438.54281344,4.684848827941393e+18,177581250000.0,0.45,0.10323730519435335,True,False,True,True,-0.0004226273841437828,True,False,True,-13.256466474732292,-12.506415795456094,-12.208668508544891,-12.208668508544891,-1.0477979661874013,False,0.25,4.0,32.0,-1.46484375e-06,1.0416666666666667e-06,2,natural_tdl,,known_amplitude_linear,79911562409.77301,,,,,,,,,,,,,,,,,,,,,,,,,,,,,,
conventional_s2_psl,Conventional $S_2$+PSL,ok,optimal,0.503456422000454,False,,conventional_s2,259.82777754068104,3897416.6631102157,0.9999999996669506,3.3571428561912877,1160932.6233831688,79911562400.41278,2.108181972326691e+18,2.108181972326691e+18,2.1072702478546337e+18,4.743423542780569e-19,0.10323730520039956,-12.879028270399882,-8.703369355572526,0.018448677709690515,8.147123765210988e-07,64.0,5878.71721095996,79877003110.98083,79877003084.37785,3.897416663110216,1.160932623383169,79911562400.41278,2.108181972326691e+18,2.1072702478546337e+18,2.108181972326691e+18,0.043246953252859904,5878.71721095996,2.1081819725736271e+18,79911562409.77301,26381438.54281344,4.684848827941393e+18,177581250000.0,0.45,0.10323730519435335,True,False,True,True,-0.00043246964961017684,True,False,True,-13.256466474732292,-13.25646648534162,-12.847196227024035,-12.847196227024035,-0.4092702477082568,False,0.25,4.0,32.0,-1.46484375e-06,1.0416666666666667e-06,2,natural_tdl,,known_amplitude_linear,79911562409.77301,-13.256466474732292,0.2173585239870126,249.0,1.0416666666666667e-06,,,,,,,,,,,,,,,,,,,,,,,,,,
exact_efim,Exact EFIM,ok,optimal,0.009635791000619065,False,,exact_efim,259.88006728400103,3898201.0092600156,0.9999999979713483,3.3571428513467096,1161166.260082219,79941394113.14978,2.1089689758228884e+18,2.1089689758228884e+18,2.1081819789010153e+18,4.741653440443878e-19,0.10321804088159908,-12.223997690400566,-8.66290356985193,0.01720502232522374,6.78096339821642e-07,64.0,5461.818707615234,79911562811.72818,79911562649.61545,3.8982010092600157,1.161166260082219,79941394113.14978,2.108968975822889e+18,2.1081819789010153e+18,2.1089689758228884e+18,0.037316666622185725,5461.818707615234,2.1081819725736271e+18,79911562409.77301,26381438.54281344,4.684848827941393e+18,177581250000.0,0.45,0.10323730519435335,True,True,True,True,3.001348195893948e-09,False,False,True,-13.256466474732292,-12.500192814914543,-12.201225372646514,-12.201225372646514,-1.0552411020857786,False,0.25,4.0,32.0,-1.46484375e-06,1.0416666666666667e-06,2,natural_tdl,,unknown_amplitude_exact,,,,,,2.1081819725736271e+18,79911562409.77301,quad_over_lin,1e-12,,,,,,,,,,,,,,,,,,,,,,
exact_efim_sampled_psl,Exact EFIM+sampled PSL,ok,optimal,0.5047584109997842,False,,exact_efim,259.82585396414424,3897387.8094621636,0.9999999999351136,3.3571428569574677,1160924.0284145407,79938831368.01744,2.1089013669196797e+18,2.1089013669196797e+18,2.1081819726047616e+18,4.741805452289255e-19,0.10321969539297533,-12.876467782926373,-8.695354128000076,0.018398217666170013,8.048802522513234e-07,64.0,5221.968696388332,79911562416.13834,79911562410.95316,3.8973878094621637,1.1609240284145408,79938831368.01744,2.1089013669196792e+18,2.1081819726047616e+18,2.1089013669196797e+18,0.03411227884824748,5221.968696388332,2.1081819725736271e+18,79911562409.77301,26381438.54281344,4.684848827941393e+18,177581250000.0,0.45,0.10323730519435335,True,True,True,True,1.4768394951215552e-11,False,False,True,-13.256466474732292,-13.256466477097888,-12.845222019312,-12.845222019312,-0.41124445542029164,False,0.25,4.0,32.0,-1.46484375e-06,1.0416666666666667e-06,2,natural_tdl,,unknown_amplitude_exact,,-13.256466474732292,0.2173585239870126,249.0,1.0416666666666667e-06,2.1081819725736271e+18,79911562409.77301,quad_over_lin,1e-12,,,,,,,,,,,,,,,,,,,,,,
exact_efim_cutting_plane_psl,Exact EFIM+cutting-plane PSL,ok,optimal,0.9953646600006323,False,,exact_efim,259.7417864779338,3896126.7971690064,0.999999999653871,3.357142856153917,1160548.4080092355,79935214096.30804,2.1088059380883853e+18,2.1088059380883853e+18,2.108181969789331e+18,4.742020031044163e-19,0.10322203084340409,-13.270834175344524,-8.668394083389215,0.019261617460858277,1.1980117040716763e-06,64.0,4863.3108149899035,79911562331.89275,79911562304.23303,3.8961267971690066,1.1605484080092354,79935214096.30804,2.1088059380883853e+18,2.108181969789331e+18,2.1088059380883853e+18,0.02958870172852216,4863.3108149899035,2.1081819725736271e+18,79911562409.77301,26381438.54281344,4.684848827941393e+18,177581250000.0,0.45,0.10323730519435335,True,True,True,True,-1.320709610566011e-09,False,False,True,-13.256466474732292,-13.741779205396089,-13.256466476613078,-13.256466476613078,1.8807853052749124e-09,True,0.25,4.0,32.0,-1.46484375e-06,1.0416666666666667e-06,2,natural_tdl,,unknown_amplitude_exact,,-13.256466474732292,0.2173585239870126,251.0,1.0416666666666667e-06,2.1081819725736271e+18,79911562409.77301,quad_over_lin,1e-12,-8.668360498729024,1.8807853052749124e-09,249.0,1985.0,2.0,251.0,True,2.0,dense_psl_satisfied,False,0.9953646600006323,2.0,251.0,-12.845222019312,-13.256466477097888,-1.46484375e-06,1.0,,,,,
exact_efim_cutting_plane_psl_ee,Exact EFIM+cutting-plane PSL+EE,ok,optimal,0.8261645620004856,False,,exact_efim,235.69931450657222,3535489.7175985835,0.8294497334398109,2.8698563812566027,1231939.5983329748,79914517063.70322,2.1082599205947023e+18,2.1082599205947023e+18,2.1081819684822106e+18,4.743248165140463e-19,0.10323539669674713,-13.053621865555824,-0.5844697355368187,0.0624999942954906,8.534548516628564e-05,64.0,1887.424863798831,96342863265.84836,79911562254.68607,3.5354897175985838,1.2319395983329748,79914517063.70322,2.1082599205947023e+18,2.1081819684822106e+18,2.1082599205947023e+18,0.003697462145454395,1887.424863798831,2.1081819725736271e+18,79911562409.77301,26381438.54281344,4.684848827941393e+18,177581250000.0,0.45,0.10323730519435335,True,True,True,True,-1.940732170764784e-09,False,False,True,-13.256466474732292,-13.256466452809493,-13.053621865555824,-13.053621865555824,-0.20284460917646818,True,0.25,4.0,32.0,-2.2786458333333335e-06,1.0416666666666667e-06,2,natural_tdl,,unknown_amplitude_exact,,-13.256466474732292,0.2173585239870126,249.0,1.0416666666666667e-06,2.1081819725736271e+18,79911562409.77301,quad_over_lin,1e-12,-0.5879810816164039,-0.20284460917646818,249.0,1985.0,1.0,249.0,True,1.0,dense_psl_satisfied,False,0.8261645620004856,0.0,249.0,-13.053621865555824,-13.256466452809493,,0.0,4.0,True,1231939.5964050607,0.00553283654153347,0.7799478580018331
uniform,Uniform,ok,ok,1.3191998732509091e-05,False,,none,259.869383192371,3898040.7478855653,1.0,3.357142857142857,1161118.5206467642,76781250000.0,2.0255998281153943e+18,2.0255998281153943e+18,2.0255998281153943e+18,4.936809265680052e-19,0.10532073506634214,-13.256466474732292,-9.684463547443015,0.015625,0.0,64.0,0.0,76781250000.0,76781250000.0,3.8980407478855654,1.1611185206467642,76781250000.0,2.0255998281153943e+18,2.0255998281153943e+18,2.0255998281153943e+18,0.0,0.0,2.3424244139706967e+18,88790624899.74777,26381438.54281344,4.684848827941393e+18,177581250000.0,0.5,0.09793950717362658,False,False,False,False,-0.13525498793715435,False,False,True,-13.256466474732292,-13.456972739469613,-13.256466474732292,-13.256466474732292,0.0,True,0.25,4.0,32.0,-1.4973958333333334e-06,1.0416666666666667e-06,2,natural_tdl,,,,,,,,,,,,,,,,,,,,,,,,,,,,,,,,,
water_filling,Water-filling,ok,ok,0.0002008580013352912,False,,none,259.9113196239446,3898669.7943591694,1.0000000000008595,3.357142857145313,1161305.8961912435,78017575190.28941,2.0582158651419466e+18,2.0582158651419466e+18,2.0573244424260365e+18,4.858576872018398e-19,0.10448290679600973,-12.702474508030088,-9.255846625943038,0.01630245208676762,2.5535874003154977e-07,64.0,5812.896787568817,77983785421.15942,77983785421.22646,3.8986697943591695,1.1613058961912435,78017575190.28941,2.0582158651419466e+18,2.0573244424260365e+18,2.0582158651419466e+18,0.04331045790712852,5812.896787568817,2.3424244139706967e+18,88790624899.74777,26381438.54281344,4.684848827941393e+18,177581250000.0,0.5,0.09793950717362658,False,False,False,False,-0.1217114925221347,False,False,True,-13.256466474732292,-12.920430317826145,-12.702474508030088,-12.702474508030088,-0.5539919667022044,False,0.25,4.0,32.0,-1.4973958333333334e-06,1.0416666666666667e-06,2,natural_tdl,0.01675409217479794,,,,,,,,,,,,,,,,,,,,,,,,,,,,,,,,
conventional_s2,Conventional $S_2$,ok,optimal,0.007973749001394026,False,,conventional_s2,258.9774056199794,3884661.0842996906,0.9999999978488495,3.357142850996713,1157133.0910587737,88790624797.52579,2.3424244112739333e+18,2.3424244112739333e+18,2.341532531037026e+18,4.269081192917331e-19,0.097939507230004,-10.307648767821565,-6.234971595089438,0.022399308923578155,7.645843457502954e-06,64.0,5814.388331526601,88756817876.858,88756817685.92873,3.8846610842996907,1.1571330910587736,88790624797.52579,2.3424244112739333e+18,2.341532531037026e+18,2.3424244112739333e+18,0.03807509145716547,5814.388331526601,2.3424244139706967e+18,88790624899.74777,26381438.54281344,4.684848827941393e+18,177581250000.0,0.5,0.09793950717362658,True,False,True,True,-0.0003807520654034941,True,False,True,-13.256466474732292,-10.805129093874752,-10.307648767821565,-10.307648767821565,-2.9488177069107273,False,0.25,4.0,32.0,-1.4322916666666667e-06,1.0416666666666667e-06,2,natural_tdl,,known_amplitude_linear,88790624899.74777,,,,,,,,,,,,,,,,,,,,,,,,,,,,,,
conventional_s2_psl,Conventional $S_2$+PSL,ok,optimal,0.49838346500109765,False,,conventional_s2,257.58137141262193,3863720.571189329,0.999999999431879,3.3571428555196543,1150895.4898469048,88790624853.30266,2.3424244127454075e+18,2.3424244127454075e+18,2.341467236386795e+18,4.2690811902355612e-19,0.09793950719924198,-13.025291901156791,-5.410885342150227,0.03421779909999143,1.9322440855627444e-05,64.0,6023.46990965996,88754342713.9939,88754342663.5707,3.863720571189329,1.1508954898469048,88790624853.30266,2.3424244127454075e+18,2.341467236386795e+18,2.3424244127454075e+18,0.04086263588290707,6023.46990965996,2.3424244139706967e+18,88790624899.74777,26381438.54281344,4.684848827941393e+18,177581250000.0,0.5,0.09793950717362658,True,False,True,True,-0.00040862688170123816,True,False,True,-13.256466474732292,-13.256466458245681,-13.025291901156791,-13.025291901156791,-0.23117457357550109,True,0.25,4.0,32.0,-1.3671875e-06,1.0416666666666667e-06,2,natural_tdl,,known_amplitude_linear,88790624899.74777,-13.256466474732292,0.2173585239870126,249.0,1.0416666666666667e-06,,,,,,,,,,,,,,,,,,,,,,,,,,
exact_efim,Exact EFIM,ok,optimal,0.009443114999157842,False,,exact_efim,258.9733856656929,3884600.7849853933,0.9999999975459256,3.357142850131216,1157115.129859178,88807363633.30917,2.342866005841431e+18,2.342866005841431e+18,2.342424398617598e+18,4.2682765361173693e-19,0.09793027674213337,-10.304193609206107,-6.2305874497054585,0.022172486903629753,7.61985188635855e-06,64.0,4091.370866642621,88790624535.68065,88790624317.78185,3.8846007849853934,1.1571151298591782,88807363633.30917,2.342866005841431e+18,2.342424398617598e+18,2.342866005841431e+18,0.018849017516667007,4091.370866642621,2.3424244139706967e+18,88790624899.74777,26381438.54281344,4.684848827941393e+18,177581250000.0,0.5,0.09793950717362658,True,True,True,True,-6.554362505970733e-09,False,False,True,-13.256466474732292,-10.801781832583487,-10.304193609206107,-10.304193609206107,-2.9522728655261847,False,0.25,4.0,32.0,-1.4322916666666667e-06,1.0416666666666667e-06,2,natural_tdl,,unknown_amplitude_exact,,,,,,2.3424244139706967e+18,88790624899.74777,quad_over_lin,1e-12,,,,,,,,,,,,,,,,,,,,,,
exact_efim_sampled_psl,Exact EFIM+sampled PSL,ok,optimal,0.4947185119999631,False,,exact_efim,257.5737432876218,3863606.149314327,0.9999999994159657,3.357142855474188,1150861.406750772,88797302102.6992,2.342600568189997e+18,2.342600568189997e+18,2.342424409254752e+18,4.2687601701242944e-19,0.09793582477424524,-13.024827442068007,-5.408814874994854,0.033305841689757615,1.9265017814768096e-05,64.0,2584.063024626747,88790624772.84462,88790624720.98785,3.863606149314327,1.1508614067507719,88797302102.6992,2.3426005681899976e+18,2.342424409254752e+18,2.342600568189997e+18,0.00751980246384507,2584.063024626747,2.3424244139706967e+18,88790624899.74777,26381438.54281344,4.684848827941393e+18,177581250000.0,0.5,0.09793950717362658,True,True,True,True,-2.013274972662147e-09,False,False,True,-13.256466474732292,-13.256466472991455,-13.024827442068007,-13.024827442068007,-0.23163903266428498,True,0.25,4.0,32.0,-1.3671875e-06,1.0416666666666667e-06,2,natural_tdl,,unknown_amplitude_exact,,-13.256466474732292,0.2173585239870126,249.0,1.0416666666666667e-06,2.3424244139706967e+18,88790624899.74777,quad_over_lin,1e-12,,,,,,,,,,,,,,,,,,,,,,
exact_efim_cutting_plane_psl,Exact EFIM+cutting-plane PSL,ok,optimal,0.5066706699981296,False,,exact_efim,257.5737432876218,3863606.149314327,0.9999999994159657,3.357142855474188,1150861.406750772,88797302102.6992,2.342600568189997e+18,2.342600568189997e+18,2.342424409254752e+18,4.2687601701242944e-19,0.09793582477424524,-13.024827442068007,-5.408814874994854,0.033305841689757615,1.9265017814768096e-05,64.0,2584.063024626747,88790624772.84462,88790624720.98785,3.863606149314327,1.1508614067507719,88797302102.6992,2.3426005681899976e+18,2.342424409254752e+18,2.342600568189997e+18,0.00751980246384507,2584.063024626747,2.3424244139706967e+18,88790624899.74777,26381438.54281344,4.684848827941393e+18,177581250000.0,0.5,0.09793950717362658,True,True,True,True,-2.013274972662147e-09,False,False,True,-13.256466474732292,-13.256466472991455,-13.024827442068007,-13.024827442068007,-0.23163903266428498,True,0.25,4.0,32.0,-1.3671875e-06,1.0416666666666667e-06,2,natural_tdl,,unknown_amplitude_exact,,-13.256466474732292,0.2173585239870126,249.0,1.0416666666666667e-06,2.3424244139706967e+18,88790624899.74777,quad_over_lin,1e-12,-5.4117040025244245,-0.23163903266428498,249.0,1985.0,1.0,249.0,True,1.0,dense_psl_satisfied,False,0.5066706699981296,0.0,249.0,-13.024827442068007,-13.256466472991455,,0.0,,,,,
exact_efim_cutting_plane_psl_ee,Exact EFIM+cutting-plane PSL+EE,ok,optimal,0.8182720330005395,False,,exact_efim,245.64919773290472,3684737.965993571,0.9268314629977961,3.1480898942794173,1170467.8359691473,88793194695.11142,2.34249220886915e+18,2.34249220886915e+18,2.342424410888933e+18,4.268957635008549e-19,0.09793808991235242,-13.08962900971111,-1.1704489593727045,0.062499999756471816,8.876924402315004e-05,64.0,1665.1706870408043,95800184097.91869,88790624782.93217,3.684737965993571,1.1704678359691472,88793194695.11142,2.34249220886915e+18,2.342424410888933e+18,2.34249220886915e+18,0.0028942670528698923,1665.1706870408043,2.3424244139706967e+18,88790624899.74777,26381438.54281344,4.684848827941393e+18,177581250000.0,0.5,0.09793950717362658,True,True,True,True,-1.3156300035210239e-09,False,False,True,-13.256466474732292,-13.256466460336496,-13.08962900971111,-13.08962900971111,-0.16683746502118169,True,0.25,4.0,32.0,-2.2786458333333335e-06,1.0416666666666667e-06,2,natural_tdl,,unknown_amplitude_exact,,-13.256466474732292,0.2173585239870126,249.0,1.0416666666666667e-06,2.3424244139706967e+18,88790624899.74777,quad_over_lin,1e-12,-1.1740297533266575,-0.16683746502118169,249.0,1985.0,1.0,249.0,True,1.0,dense_psl_satisfied,False,0.8182720330005395,0.0,249.0,-13.08962900971111,-13.256466460336496,,0.0,4.0,True,1170467.8360152673,-0.00014518992975354195,0.7719132179990993
uniform,Uniform,ok,ok,1.4511999324895442e-05,False,,none,259.869383192371,3898040.7478855653,1.0,3.357142857142857,1161118.5206467642,76781250000.0,2.0255998281153943e+18,2.0255998281153943e+18,2.0255998281153943e+18,4.936809265680052e-19,0.10532073506634214,-13.256466474732292,-9.684463547443015,0.015625,0.0,64.0,0.0,76781250000.0,76781250000.0,3.8980407478855654,1.1611185206467642,76781250000.0,2.0255998281153943e+18,2.0255998281153943e+18,2.0255998281153943e+18,0.0,0.0,2.5766668553677665e+18,97669687389.72256,26381438.54281344,4.684848827941393e+18,177581250000.0,0.55,0.09338165609920326,False,False,False,False,-0.21386817085195853,False,False,True,-13.256466474732292,-13.456972739469613,-13.256466474732292,-13.256466474732292,0.0,True,0.25,4.0,32.0,-1.4973958333333334e-06,1.0416666666666667e-06,2,natural_tdl,,,,,,,,,,,,,,,,,,,,,,,,,,,,,,,,,
water_filling,Water-filling,ok,ok,0.0001996809987758752,False,,none,259.9113196239446,3898669.7943591694,1.0000000000008595,3.357142857145313,1161305.8961912435,78017575190.28941,2.0582158651419466e+18,2.0582158651419466e+18,2.0573244424260365e+18,4.858576872018398e-19,0.10448290679600973,-12.702474508030088,-9.255846625943038,0.01630245208676762,2.5535874003154977e-07,64.0,5812.896787568817,77983785421.15942,77983785421.22646,3.8986697943591695,1.1613058961912435,78017575190.28941,2.0582158651419466e+18,2.0573244424260365e+18,2.0582158651419466e+18,0.04331045790712852,5812.896787568817,2.5766668553677665e+18,97669687389.72256,26381438.54281344,4.684848827941393e+18,177581250000.0,0.55,0.09338165609920326,False,False,False,False,-0.20155590229284978,False,False,True,-13.256466474732292,-12.920430317826145,-12.702474508030088,-12.702474508030088,-0.5539919667022044,False,0.25,4.0,32.0,-1.4973958333333334e-06,1.0416666666666667e-06,2,natural_tdl,0.01675409217479794,,,,,,,,,,,,,,,,,,,,,,,,,,,,,,,,
conventional_s2,Conventional $S_2$,ok,optimal,0.008145664000039687,False,,conventional_s2,256.9261327617246,3853891.991425869,0.9999999980661768,3.357142851617648,1147967.829122571,97669687246.71704,2.5766668515950746e+18,2.5766668515950746e+18,2.5757752772340854e+18,3.8809829038664984e-19,0.09338165616756681,-8.834896186232063,-4.166074565272853,0.029096507185741985,2.353019689604718e-05,64.0,5813.391204930611,97635891918.29138,97635891729.48083,3.853891991425869,1.147967829122571,97669687246.71704,2.576666851595075e+18,2.5757752772340854e+18,2.5766668515950746e+18,0.03460184852524721,5813.391204930611,2.5766668553677665e+18,97669687389.72256,26381438.54281344,4.684848827941393e+18,177581250000.0,0.55,0.09338165609920326,True,False,True,True,-0.0003460199489211412,True,False,True,-13.256466474732292,-9.004282634707153,-8.834896186232063,-8.834896186232063,-4.421570288500229,False,0.25,4.0,32.0,-1.3671875e-06,1.0416666666666667e-06,2,natural_tdl,,known_amplitude_linear,97669687389.72256,,,,,,,,,,,,,,,,,,,,,,,,,,,,,,
conventional_s2_psl,Conventional $S_2$+PSL,infeasible,infeasible,0.4723338750009134,False,max_rate_isac: problem is infeasible (solver CLARABEL),conventional_s2,,,,,,,,,,,,,,,,,,,,,,,,,,,,2.5766668553677665e+18,97669687389.72256,26381438.54281344,4.684848827941393e+18,177581250000.0,0.55,0.09338165609920326,False,False,,,,False,,True,-13.256466474732292,,,,,False,,,,,,2,natural_tdl,,,,,,,,,,,,,,,,,,,,,,,,,,,,,,,,,
exact_efim,Exact EFIM,ok,optimal,0.009534056000120472,False,,exact_efim,256.92096003904294,3853814.400585644,0.9999999970464578,3.3571428487041652,1147944.7179535988,97679022552.80914,2.5769131303990226e+18,2.5769131303990226e+18,2.5766668341509064e+18,3.880611993486776e-19,0.0933771937602331,-8.832923610890473,-4.1627482036672445,0.02891273026074362,2.349714305870034e-05,64.0,3055.4815248269892,97669686873.9597,97669686585.48816,3.853814400585644,1.1479447179535989,97679022552.80914,2.576913130399022e+18,2.5766668341509064e+18,2.5769131303990226e+18,0.009557801743906138,3055.4815248269892,2.5766668553677665e+18,97669687389.72256,26381438.54281344,4.684848827941393e+18,177581250000.0,0.55,0.09338165609920326,True,True,True,True,-8.234227143412269e-09,False,False,True,-13.256466474732292,-9.002718217232703,-8.832923610890473,-8.832923610890473,-4.423542863841819,False,0.25,4.0,32.0,-1.3671875e-06,1.0416666666666667e-06,2,natural_tdl,,unknown_amplitude_exact,,,,,,2.5766668553677665e+18,97669687389.72256,quad_over_lin,1e-12,,,,,,,,,,,,,,,,,,,,,,
exact_efim_sampled_psl,Exact EFIM+sampled PSL,infeasible,infeasible,0.4754596929997206,False,max_rate_isac: problem is infeasible (solver CLARABEL),exact_efim,,,,,,,,,,,,,,,,,,,,,,,,,,,,2.5766668553677665e+18,97669687389.72256,26381438.54281344,4.684848827941393e+18,177581250000.0,0.55,0.09338165609920326,False,False,,,,False,,True,-13.256466474732292,,,,,False,,,,,,2,natural_tdl,,,,,,,,,,,,,,,,,,,,,,,,,,,,,,,,,
exact_efim_cutting_plane_psl,Exact EFIM+cutting-plane PSL,infeasible,infeasible,0.47641691700118827,False,max_rate_isac: problem is infeasible (solver CLARABEL),exact_efim,,,,,,,,,,,,,,,,,,,,,,,,,,,,2.5766668553677665e+18,97669687389.72256,26381438.54281344,4.684848827941393e+18,177581250000.0,0.55,0.09338165609920326,False,False,,,,False,,True,-13.256466474732292,,,,,False,,,,,,2,natural_tdl,,,,,,,,,,,,,,,,,,,,,,,,,,,,,,,,,
exact_efim_cutting_plane_psl_ee,Exact EFIM+cutting-plane PSL+EE,infeasible,infeasible,0.48310950900122407,False,dinkelbach_ee_isac[iter 1]: problem is infeasible (solver CLARABEL),exact_efim,,,,,,,,,,,,,,,,,,,,,,,,,,,,2.5766668553677665e+18,97669687389.72256,26381438.54281344,4.684848827941393e+18,177581250000.0,0.55,0.09338165609920326,False,False,,,,False,,True,-13.256466474732292,,,,,False,,,,,,2,natural_tdl,,,,,,,,,,,,,,,,,,,,,,,,,,,,,,,,,
uniform,Uniform,ok,ok,1.4317000022856519e-05,False,,none,259.869383192371,3898040.7478855653,1.0,3.357142857142857,1161118.5206467642,76781250000.0,2.0255998281153943e+18,2.0255998281153943e+18,2.0255998281153943e+18,4.936809265680052e-19,0.10532073506634214,-13.256466474732292,-9.684463547443015,0.015625,0.0,64.0,0.0,76781250000.0,76781250000.0,3.8980407478855654,1.1611185206467642,76781250000.0,2.0255998281153943e+18,2.0255998281153943e+18,2.0255998281153943e+18,0.0,0.0,2.810909296764836e+18,106548749879.69733,26381438.54281344,4.684848827941393e+18,177581250000.0,0.6,0.08940612891655719,False,False,False,False,-0.27937915661429524,False,False,True,-13.256466474732292,-13.456972739469613,-13.256466474732292,-13.256466474732292,0.0,True,0.25,4.0,32.0,-1.4973958333333334e-06,1.0416666666666667e-06,2,natural_tdl,,,,,,,,,,,,,,,,,,,,,,,,,,,,,,,,,
water_filling,Water-filling,ok,ok,0.0002029940005741082,False,,none,259.9113196239446,3898669.7943591694,1.0000000000008595,3.357142857145313,1161305.8961912435,78017575190.28941,2.0582158651419466e+18,2.0582158651419466e+18,2.0573244424260365e+18,4.858576872018398e-19,0.10448290679600973,-12.702474508030088,-9.255846625943038,0.01630245208676762,2.5535874003154977e-07,64.0,5812.896787568817,77983785421.15942,77983785421.22646,3.8986697943591695,1.1613058961912435,78017575190.28941,2.0582158651419466e+18,2.0573244424260365e+18,2.0582158651419466e+18,0.04331045790712852,5812.896787568817,2.810909296764836e+18,106548749879.69733,26381438.54281344,4.684848827941393e+18,177581250000.0,0.6,0.08940612891655719,False,False,False,False,-0.2680929104351122,False,False,True,-13.256466474732292,-12.920430317826145,-12.702474508030088,-12.702474508030088,-0.5539919667022044,False,0.25,4.0,32.0,-1.4973958333333334e-06,1.0416666666666667e-06,2,natural_tdl,0.01675409217479794,,,,,,,,,,,,,,,,,,,,,,,,,,,,,,,,
conventional_s2,Conventional $S_2$,ok,optimal,0.00781606400050805,False,,conventional_s2,253.8339426908017,3807509.1403620257,0.9999999970969294,3.35714284884837,1134151.6616333884,106548749622.94476,2.810909289991334e+18,2.810909289991334e+18,2.8100174862900946e+18,3.55756766524146e-19,0.08940612902427902,-7.680689449269888,-2.3271723249188216,0.037815327486610865,5.0308414016653975e-05,64.0,5814.138850862719,106514945721.68619,106514945412.46579,3.8075091403620256,1.1341516616333884,106548749622.94476,2.810909289991334e+18,2.8100174862900946e+18,2.810909289991334e+18,0.03172652011271575,5814.138850862719,2.810909296764836e+18,106548749879.69733,26381438.54281344,4.684848827941393e+18,177581250000.0,0.6,0.08940612891655719,True,False,True,True,-0.0003172676100817841,True,False,True,-13.256466474732292,-7.680689449269888,-7.653719165099769,-7.653719165099769,-5.602747309632523,False,0.25,4.0,32.0,-1.3346354166666666e-06,1.0416666666666667e-06,2,natural_tdl,,known_amplitude_linear,106548749879.69733,,,,,,,,,,,,,,,,,,,,,,,,,,,,,,
conventional_s2_psl,Conventional $S_2$+PSL,infeasible,infeasible,0.44541059999755817,False,max_rate_isac: problem is infeasible (solver CLARABEL),conventional_s2,,,,,,,,,,,,,,,,,,,,,,,,,,,,2.810909296764836e+18,106548749879.69733,26381438.54281344,4.684848827941393e+18,177581250000.0,0.6,0.08940612891655719,False,False,,,,False,,True,-13.256466474732292,,,,,False,,,,,,2,natural_tdl,,,,,,,,,,,,,,,,,,,,,,,,,,,,,,,,,
exact_efim,Exact EFIM,ok,optimal,0.011518866002006689,False,,exact_efim,253.82863817301757,3807429.5725952634,0.9999999966025123,3.3571428474357496,1134127.9610736407,106553848730.57425,2.811043811785884e+18,2.811043811785884e+18,2.8109092722696484e+18,3.557397418735676e-19,0.089403989744777,-7.6794958739280865,-2.3236883193673568,0.03799990941702755,5.0287364655699484e-05,64.0,2258.269114846901,106548749313.19456,106548748951.1965,3.807429572595263,1.1341279610736408,106553848730.57425,2.811043811785884e+18,2.8109092722696484e+18,2.811043811785884e+18,0.004786105277750962,2258.269114846901,2.810909296764836e+18,106548749879.69733,26381438.54281344,4.684848827941393e+18,177581250000.0,0.6,0.08940612891655719,True,True,True,True,-8.714328663750297e-09,False,False,True,-13.256466474732292,-7.6794958739280865,-7.652256993600153,-7.652256993600153,-5.6042094811321395,False,0.25,4.0,32.0,-1.3346354166666666e-06,1.0416666666666667e-06,2,natural_tdl,,unknown_amplitude_exact,,,,,,2.810909296764836e+18,106548749879.69733,quad_over_lin,1e-12,,,,,,,,,,,,,,,,,,,,,,
exact_efim_sampled_psl,Exact EFIM+sampled PSL,infeasible,infeasible,0.4345203910015698,False,max_rate_isac: problem is infeasible (solver CLARABEL),exact_efim,,,,,,,,,,,,,,,,,,,,,,,,,,,,2.810909296764836e+18,106548749879.69733,26381438.54281344,4.684848827941393e+18,177581250000.0,0.6,0.08940612891655719,False,False,,,,False,,True,-13.256466474732292,,,,,False,,,,,,2,natural_tdl,,,,,,,,,,,,,,,,,,,,,,,,,,,,,,,,,
exact_efim_cutting_plane_psl,Exact EFIM+cutting-plane PSL,infeasible,infeasible,0.46718889999829116,False,max_rate_isac: problem is infeasible (solver CLARABEL),exact_efim,,,,,,,,,,,,,,,,,,,,,,,,,,,,2.810909296764836e+18,106548749879.69733,26381438.54281344,4.684848827941393e+18,177581250000.0,0.6,0.08940612891655719,False,False,,,,False,,True,-13.256466474732292,,,,,False,,,,,,2,natural_tdl,,,,,,,,,,,,,,,,,,,,,,,,,,,,,,,,,
exact_efim_cutting_plane_psl_ee,Exact EFIM+cutting-plane PSL+EE,infeasible,infeasible,0.4598213540011784,False,dinkelbach_ee_isac[iter 1]: problem is infeasible (solver CLARABEL),exact_efim,,,,,,,,,,,,,,,,,,,,,,,,,,,,2.810909296764836e+18,106548749879.69733,26381438.54281344,4.684848827941393e+18,177581250000.0,0.6,0.08940612891655719,False,False,,,,False,,True,-13.256466474732292,,,,,False,,,,,,2,natural_tdl,,,,,,,,,,,,,,,,,,,,,,,,,,,,,,,,,
uniform,Uniform,ok,ok,1.4073000784264877e-05,False,,none,259.869383192371,3898040.7478855653,1.0,3.357142857142857,1161118.5206467642,76781250000.0,2.0255998281153943e+18,2.0255998281153943e+18,2.0255998281153943e+18,4.936809265680052e-19,0.10532073506634214,-13.256466474732292,-9.684463547443015,0.015625,0.0,64.0,0.0,76781250000.0,76781250000.0,3.8980407478855654,1.1611185206467642,76781250000.0,2.0255998281153943e+18,2.0255998281153943e+18,2.0255998281153943e+18,0.0,0.0,3.279394179558975e+18,124306874859.64688,26381438.54281344,4.684848827941393e+18,177581250000.0,0.7,0.08277399119380457,False,False,False,False,-0.3823249913836816,False,False,True,-13.256466474732292,-13.456972739469613,-13.256466474732292,-13.256466474732292,0.0,True,0.25,4.0,32.0,-1.4973958333333334e-06,1.0416666666666667e-06,2,natural_tdl,,,,,,,,,,,,,,,,,,,,,,,,,,,,,,,,,
water_filling,Water-filling,ok,ok,0.0001984209993679542,False,,none,259.9113196239446,3898669.7943591694,1.0000000000008595,3.357142857145313,1161305.8961912435,78017575190.28941,2.0582158651419466e+18,2.0582158651419466e+18,2.0573244424260365e+18,4.858576872018398e-19,0.10448290679600973,-12.702474508030088,-9.255846625943038,0.01630245208676762,2.5535874003154977e-07,64.0,5812.896787568817,77983785421.15942,77983785421.22646,3.8986697943591695,1.1613058961912435,78017575190.28941,2.0582158651419466e+18,2.0573244424260365e+18,2.0582158651419466e+18,0.04331045790712852,5812.896787568817,3.279394179558975e+18,124306874859.64688,26381438.54281344,4.684848827941393e+18,177581250000.0,0.7,0.08277399119380457,False,False,False,False,-0.372651066087239,False,False,True,-13.256466474732292,-12.920430317826145,-12.702474508030088,-12.702474508030088,-0.5539919667022044,False,0.25,4.0,32.0,-1.4973958333333334e-06,1.0416666666666667e-06,2,natural_tdl,0.01675409217479794,,,,,,,,,,,,,,,,,,,,,,,,,,,,,,,,
conventional_s2,Conventional $S_2$,ok,optimal,0.007685830998525489,False,,conventional_s2,244.75806508019622,3671370.9762029434,0.999999996646522,3.3571428475614913,1093599.8683731006,124306874497.71667,3.2793941700107356e+18,3.2793941700107356e+18,3.278600475401235e+18,3.0493437145944746e-19,0.08277399131430639,-5.829622944074835,0.977467505892013,0.062499975991368695,0.00015192739442972255,64.0,5485.010703968112,124276789572.15442,124276789155.39493,3.6713709762029434,1.0935998683731007,124306874497.71667,3.2793941700107356e+18,3.278600475401235e+18,3.2793941700107356e+18,0.0242024766878839,5485.010703968112,3.279394179558975e+18,124306874859.64688,26381438.54281344,4.684848827941393e+18,177581250000.0,0.7,0.08277399119380457,True,False,True,True,-0.0002420276777605223,True,False,True,-13.256466474732292,-5.860389309524296,-5.808033919161366,-5.808033919161366,-7.4484325555709265,False,0.25,4.0,32.0,-1.2695312500000002e-06,1.0416666666666667e-06,2,natural_tdl,,known_amplitude_linear,124306874859.64688,,,,,,,,,,,,,,,,,,,,,,,,,,,,,,
conventional_s2_psl,Conventional $S_2$+PSL,infeasible,infeasible,0.45779587799916044,False,max_rate_isac: problem is infeasible (solver CLARABEL),conventional_s2,,,,,,,,,,,,,,,,,,,,,,,,,,,,3.279394179558975e+18,124306874859.64688,26381438.54281344,4.684848827941393e+18,177581250000.0,0.7,0.08277399119380457,False,False,,,,False,,True,-13.256466474732292,,,,,False,,,,,,2,natural_tdl,,,,,,,,,,,,,,,,,,,,,,,,,,,,,,,,,
exact_efim,Exact EFIM,ok,optimal,0.009104269000090426,False,,exact_efim,244.75261450679466,3671289.21760192,0.999999996699053,3.35714284771158,1093575.5146983035,124309413540.8132,3.279461153620144e+18,3.279461153620144e+18,3.279394155412691e+18,3.0492814311769364e-19,0.0827731459728378,-5.828698946357286,0.9795040565723435,0.062499986221202466,0.00015188384629552987,64.0,1593.6111351908833,124306874354.70178,124306873944.37138,3.67128921760192,1.0935755146983035,124309413540.8132,3.279461153620144e+18,3.279394155412691e+18,3.279461153620144e+18,0.002042963899091342,1593.6111351908833,3.279394179558975e+18,124306874859.64688,26381438.54281344,4.684848827941393e+18,177581250000.0,0.7,0.08277399119380457,True,True,True,True,-7.363031922941109e-09,False,False,True,-13.256466474732292,-5.858841572495567,-5.806795208324706,-5.806795208324706,-7.449671266407586,False,0.25,4.0,32.0,-1.2695312500000002e-06,1.0416666666666667e-06,2,natural_tdl,,unknown_amplitude_exact,,,,,,3.279394179558975e+18,124306874859.64688,quad_over_lin,1e-12,,,,,,,,,,,,,,,,,,,,,,
exact_efim_sampled_psl,Exact EFIM+sampled PSL,infeasible,infeasible,0.4600108439990436,False,max_rate_isac: problem is infeasible (solver CLARABEL),exact_efim,,,,,,,,,,,,,,,,,,,,,,,,,,,,3.279394179558975e+18,124306874859.64688,26381438.54281344,4.684848827941393e+18,177581250000.0,0.7,0.08277399119380457,False,False,,,,False,,True,-13.256466474732292,,,,,False,,,,,,2,natural_tdl,,,,,,,,,,,,,,,,,,,,,,,,,,,,,,,,,
exact_efim_cutting_plane_psl,Exact EFIM+cutting-plane PSL,infeasible,infeasible,0.46556140299799154,False,max_rate_isac: problem is infeasible (solver CLARABEL),exact_efim,,,,,,,,,,,,,,,,,,,,,,,,,,,,3.279394179558975e+18,124306874859.64688,26381438.54281344,4.684848827941393e+18,177581250000.0,0.7,0.08277399119380457,False,False,,,,False,,True,-13.256466474732292,,,,,False,,,,,,2,natural_tdl,,,,,,,,,,,,,,,,,,,,,,,,,,,,,,,,,
exact_efim_cutting_plane_psl_ee,Exact EFIM+cutting-plane PSL+EE,infeasible,infeasible,0.4306591259992274,False,dinkelbach_ee_isac[iter 1]: problem is infeasible (solver CLARABEL),exact_efim,,,,,,,,,,,,,,,,,,,,,,,,,,,,3.279394179558975e+18,124306874859.64688,26381438.54281344,4.684848827941393e+18,177581250000.0,0.7,0.08277399119380457,False,False,,,,False,,True,-13.256466474732292,,,,,False,,,,,,2,natural_tdl,,,,,,,,,,,,,,,,,,,,,,,,,,,,,,,,,
uniform,Uniform,ok,ok,1.4392997400136665e-05,False,,none,259.869383192371,3898040.7478855653,1.0,3.357142857142857,1161118.5206467642,76781250000.0,2.0255998281153943e+18,2.0255998281153943e+18,2.0255998281153943e+18,4.936809265680052e-19,0.10532073506634214,-13.256466474732292,-9.684463547443015,0.015625,0.0,64.0,0.0,76781250000.0,76781250000.0,3.8980407478855654,1.1611185206467642,76781250000.0,2.0255998281153943e+18,2.0255998281153943e+18,2.0255998281153943e+18,0.0,0.0,3.747879062353115e+18,142064999839.59647,26381438.54281344,4.684848827941393e+18,177581250000.0,0.8,0.07742797889576501,False,False,False,False,-0.4595343674607215,False,False,True,-13.256466474732292,-13.456972739469613,-13.256466474732292,-13.256466474732292,0.0,True,0.25,4.0,32.0,-1.4973958333333334e-06,1.0416666666666667e-06,2,natural_tdl,,,,,,,,,,,,,,,,,,,,,,,,,,,,,,,,,
water_filling,Water-filling,ok,ok,0.00021514499894692563,False,,none,259.9113196239446,3898669.7943591694,1.0000000000008595,3.357142857145313,1161305.8961912435,78017575190.28941,2.0582158651419466e+18,2.0582158651419466e+18,2.0573244424260365e+18,4.858576872018398e-19,0.10448290679600973,-12.702474508030088,-9.255846625943038,0.01630245208676762,2.5535874003154977e-07,64.0,5812.896787568817,77983785421.15942,77983785421.22646,3.8986697943591695,1.1613058961912435,78017575190.28941,2.0582158651419466e+18,2.0573244424260365e+18,2.0582158651419466e+18,0.04331045790712852,5812.896787568817,3.747879062353115e+18,142064999839.59647,26381438.54281344,4.684848827941393e+18,177581250000.0,0.8,0.07742797889576501,False,False,False,False,-0.45106968282633425,False,False,True,-13.256466474732292,-12.920430317826145,-12.702474508030088,-12.702474508030088,-0.5539919667022044,False,0.25,4.0,32.0,-1.4973958333333334e-06,1.0416666666666667e-06,2,natural_tdl,0.01675409217479794,,,,,,,,,,,,,,,,,,,,,,,,,,,,,,,,
conventional_s2,Conventional $S_2$,ok,optimal,0.0077961639981367625,False,,conventional_s2,230.75523372648095,3461328.505897214,0.9999999970201816,3.3571428486290906,1031034.025647931,142064999442.84503,3.747879051886242e+18,3.747879051886242e+18,3.747259138520909e+18,2.668175749953077e-19,0.07742797900388335,-3.9291004935639275,3.164408420086321,0.062499999252508535,0.0002892757645806014,64.0,4847.482656354449,142041501778.06927,142041501354.8114,3.4613285058972143,1.0310340256479311,142064999442.84503,3.747879051886242e+18,3.747259138520909e+18,3.747879051886242e+18,0.016540378084532917,4847.482656354449,3.747879062353115e+18,142064999839.59647,26381438.54281344,4.684848827941393e+18,177581250000.0,0.8,0.07742797889576501,True,False,True,True,-0.0001654065731291541,True,False,True,-13.256466474732292,-4.151189240926447,-3.9260927029496506,-3.9260927029496506,-9.330373771782641,False,0.25,4.0,32.0,-1.2044270833333335e-06,1.0416666666666667e-06,2,natural_tdl,,known_amplitude_linear,142064999839.59647,,,,,,,,,,,,,,,,,,,,,,,,,,,,,,
conventional_s2_psl,Conventional $S_2$+PSL,infeasible,infeasible,0.4419445710009313,False,max_rate_isac: problem is infeasible (solver CLARABEL),conventional_s2,,,,,,,,,,,,,,,,,,,,,,,,,,,,3.747879062353115e+18,142064999839.59647,26381438.54281344,4.684848827941393e+18,177581250000.0,0.8,0.07742797889576501,False,False,,,,False,,True,-13.256466474732292,,,,,False,,,,,,2,natural_tdl,,,,,,,,,,,,,,,,,,,,,,,,,,,,,,,,,
exact_efim,Exact EFIM,ok,optimal,0.012963936998858117,False,,exact_efim,230.7479739466159,3461219.6091992385,0.9999999967221073,3.3571428477774496,1031001.588595103,142067240176.7573,3.7479381656702387e+18,3.7479381656702387e+18,3.747879036384302e+18,2.66813366655736e-19,0.07742736839097143,-3.9292715201969974,3.16694495620846,0.06249999909825383,0.00028931445454700435,64.0,1497.1043809428427,142064999320.91104,142064998855.2372,3.4612196091992384,1.031001588595103,142067240176.7573,3.7479381656702387e+18,3.747879036384302e+18,3.7479381656702387e+18,0.0015776483848704583,1497.1043809428427,3.747879062353115e+18,142064999839.59647,26381438.54281344,4.684848827941393e+18,177581250000.0,0.8,0.07742797889576501,True,True,True,True,-6.92893570575765e-09,False,False,True,-13.256466474732292,-4.151031664507039,-3.926431863999898,-3.926431863999898,-9.330034610732394,False,0.25,4.0,32.0,-1.2044270833333335e-06,1.0416666666666667e-06,2,natural_tdl,,unknown_amplitude_exact,,,,,,3.747879062353115e+18,142064999839.59647,quad_over_lin,1e-12,,,,,,,,,,,,,,,,,,,,,,
exact_efim_sampled_psl,Exact EFIM+sampled PSL,infeasible,infeasible,0.4492133509993437,False,max_rate_isac: problem is infeasible (solver CLARABEL),exact_efim,,,,,,,,,,,,,,,,,,,,,,,,,,,,3.747879062353115e+18,142064999839.59647,26381438.54281344,4.684848827941393e+18,177581250000.0,0.8,0.07742797889576501,False,False,,,,False,,True,-13.256466474732292,,,,,False,,,,,,2,natural_tdl,,,,,,,,,,,,,,,,,,,,,,,,,,,,,,,,,
exact_efim_cutting_plane_psl,Exact EFIM+cutting-plane PSL,infeasible,infeasible,0.4475806949994876,False,max_rate_isac: problem is infeasible (solver CLARABEL),exact_efim,,,,,,,,,,,,,,,,,,,,,,,,,,,,3.747879062353115e+18,142064999839.59647,26381438.54281344,4.684848827941393e+18,177581250000.0,0.8,0.07742797889576501,False,False,,,,False,,True,-13.256466474732292,,,,,False,,,,,,2,natural_tdl,,,,,,,,,,,,,,,,,,,,,,,,,,,,,,,,,
exact_efim_cutting_plane_psl_ee,Exact EFIM+cutting-plane PSL+EE,infeasible,infeasible,0.45312470700082486,False,dinkelbach_ee_isac[iter 1]: problem is infeasible (solver CLARABEL),exact_efim,,,,,,,,,,,,,,,,,,,,,,,,,,,,3.747879062353115e+18,142064999839.59647,26381438.54281344,4.684848827941393e+18,177581250000.0,0.8,0.07742797889576501,False,False,,,,False,,True,-13.256466474732292,,,,,False,,,,,,2,natural_tdl,,,,,,,,,,,,,,,,,,,,,,,,,,,,,,,,,
uniform,Uniform,ok,ok,1.4119999832473695e-05,False,,none,347.42101726288024,5211315.258943204,1.0,3.357142857142857,1552306.672876699,76781250000.0,2.0255998281153943e+18,2.0255998281153943e+18,2.0255998281153943e+18,4.936809265680052e-19,0.10532073506634214,-13.256466474732292,-9.684463547443015,0.015625,0.0,64.0,0.0,76781250000.0,76781250000.0,5.211315258943204,1.552306672876699,76781250000.0,2.0255998281153943e+18,2.0255998281153943e+18,2.0255998281153943e+18,0.0,0.0,7.02727324191209e+17,26637187469.92433,26381438.54281344,4.684848827941393e+18,177581250000.0,0.15,0.17881225783311439,False,True,True,True,1.882483373542819,False,False,True,-13.256466474732292,-13.456972739469613,-13.256466474732292,-13.256466474732292,0.0,True,0.25,4.0,32.0,-1.4973958333333334e-06,1.0416666666666667e-06,3,natural_tdl,,,,,,,,,,,,,,,,,,,,,,,,,,,,,,,,,
water_filling,Water-filling,ok,ok,0.0002081989987345878,False,,none,347.4424702177313,5211637.053265969,0.9999999999995399,3.3571428571415427,1552402.5265053646,76110071374.4299,2.0078931704536668e+18,2.0078931704536668e+18,2.0070902886441853e+18,4.980344645397933e-19,0.10578410256207656,-13.490989160991688,-9.904978423073524,0.015925500948226198,1.2202020873022858e-07,64.0,5516.664496498951,76079637787.29799,76079637787.26299,5.211637053265969,1.5524025265053645,76110071374.4299,2.0078931704536668e+18,2.0070902886441853e+18,2.0078931704536668e+18,0.03998628120738453,5516.664496498951,7.02727324191209e+17,26637187469.92433,26381438.54281344,4.684848827941393e+18,177581250000.0,0.15,0.17881225783311439,False,True,True,True,1.8561437979577766,False,False,True,-13.256466474732292,-13.672506139577326,-13.490989160991688,-13.490989160991688,0.2345226862593961,True,0.25,4.0,32.0,-1.4973958333333334e-06,1.0416666666666667e-06,3,natural_tdl,0.016104124980574303,,,,,,,,,,,,,,,,,,,,,,,,,,,,,,,,
conventional_s2,Conventional $S_2$,ok,optimal,0.008051316999626579,False,,conventional_s2,347.4424700223456,5211637.050335185,0.999999999122676,3.3571428546362174,1552402.526790872,76110178870.88579,2.007896006364811e+18,2.007896006364811e+18,2.0070925725458289e+18,4.980337611261286e-19,0.10578402785840157,-13.490949220271979,-9.904941990137988,0.0159259068400362,1.2208594672870405e-07,64.0,5518.56062355958,76079724426.30318,76079724359.55661,5.2116370503351845,1.5524025267908719,76110178870.88579,2.0078960063648113e+18,2.0070925725458289e+18,2.007896006364811e+18,0.04001371666836064,5518.56062355958,7.02727324191209e+17,26637187469.92433,26381438.54281344,4.684848827941393e+18,177581250000.0,0.15,0.17881225783311439,True,True,True,True,1.8561470480116238,False,False,True,-13.256466474732292,-13.672469242368308,-13.490949220271979,-13.490949220271979,0.23448274553968673,True,0.25,4.0,32.0,-1.4973958333333334e-06,1.0416666666666667e-06,3,natural_tdl,,known_amplitude_linear,26637187469.92433,,,,,,,,,,,,,,,,,,,,,,,,,,,,,,
conventional_s2_psl,Conventional $S_2$+PSL,ok,optimal,0.5034678400006669,False,,conventional_s2,347.4424701760026,5211637.052640039,0.9999999996860236,3.357142856245782,1552402.5267331328,76110024213.09186,2.007891926269726e+18,2.007891926269726e+18,2.0070889019496947e+18,4.980347731452889e-19,0.10578413533646533,-13.49095576611001,-9.904987755406427,0.01592575025945638,1.220389960750916e-07,64.0,5517.154076277795,76079585247.88722,76079585224.00003,5.211637052640039,1.5524025267331327,76110024213.09186,2.0078919262697257e+18,2.0070889019496947e+18,2.007891926269726e+18,0.039993403505690445,5517.154076277795,7.02727324191209e+17,26637187469.92433,26381438.54281344,4.684848827941393e+18,177581250000.0,0.15,0.17881225783311439,True,True,True,True,1.856141824653989,False,False,True,-13.256466474732292,-13.672466457320024,-13.49095576611001,-13.49095576611001,0.23448929137771835,True,0.25,4.0,32.0,-1.4973958333333334e-06,1.0416666666666667e-06,3,natural_tdl,,known_amplitude_linear,26637187469.92433,-13.256466474732292,0.2173585239870126,249.0,1.0416666666666667e-06,,,,,,,,,,,,,,,,,,,,,,,,,,
exact_efim,Exact EFIM,ok,optimal,0.008715687003132189,False,,exact_efim,347.44247004923176,5211637.050738476,0.9999999981189264,3.3571428517683612,1552402.528237149,76110079814.19427,2.007893393106792e+18,2.007893393106792e+18,2.0070905175618378e+18,4.980344093132906e-19,0.10578409669693407,-13.490984458361783,-9.904975352875972,0.01592550518657731,1.2201872067211333e-07,64.0,5516.642979612643,76079646607.59843,76079646464.48701,5.211637050738476,1.552402528237149,76110079814.19427,2.007893393106792e+18,2.0070905175618378e+18,2.007893393106792e+18,0.03998596477833075,5516.642979612643,7.02727324191209e+17,26637187469.92433,26381438.54281344,4.684848827941393e+18,177581250000.0,0.15,0.17881225783311439,True,True,True,True,1.8561441237137912,False,False,True,-13.256466474732292,-13.672501560877855,-13.490984458361783,-13.490984458361783,0.23451798362949106,True,0.25,4.0,32.0,-1.4973958333333334e-06,1.0416666666666667e-06,3,natural_tdl,,unknown_amplitude_exact,,,,,,7.02727324191209e+17,26637187469.92433,quad_over_lin,1e-12,,,,,,,,,,,,,,,,,,,,,,
exact_efim_sampled_psl,Exact EFIM+sampled PSL,ok,optimal,0.45214944599865703,False,,exact_efim,347.44247017244675,5211637.052586701,0.9999999996483413,3.3571428561381182,1552402.5267670306,76110143525.95312,2.0078950739146424e+18,2.0078950739146424e+18,2.007092025135207e+18,4.980339924089634e-19,0.10578405242102054,-13.490946063196404,-9.904953704344766,0.01592615620385059,1.220374282560872e-07,64.0,5517.238099536285,76079703636.47095,76079703609.71686,5.211637052586701,1.5524025267670305,76110143525.95312,2.0078950739146424e+18,2.007092025135207e+18,2.0078950739146424e+18,0.03999455897214171,5517.238099536285,7.02727324191209e+17,26637187469.92433,26381438.54281344,4.684848827941393e+18,177581250000.0,0.15,0.17881225783311439,True,True,True,True,1.8561462690314945,False,False,True,-13.256466474732292,-13.672462502636451,-13.490946063196404,-13.490946063196404,0.23447958846411154,True,0.25,4.0,32.0,-1.4973958333333334e-06,1.0416666666666667e-06,3,natural_tdl,,unknown_amplitude_exact,,-13.256466474732292,0.2173585239870126,249.0,1.0416666666666667e-06,7.02727324191209e+17,26637187469.92433,quad_over_lin,1e-12,,,,,,,,,,,,,,,,,,,,,,
exact_efim_cutting_plane_psl,Exact EFIM+cutting-plane PSL,ok,optimal,0.48064096400048584,False,,exact_efim,347.44247017244675,5211637.052586701,0.9999999996483413,3.3571428561381182,1552402.5267670306,76110143525.95312,2.0078950739146424e+18,2.0078950739146424e+18,2.007092025135207e+18,4.980339924089634e-19,0.10578405242102054,-13.490946063196404,-9.904953704344766,0.01592615620385059,1.220374282560872e-07,64.0,5517.238099536285,76079703636.47095,76079703609.71686,5.211637052586701,1.5524025267670305,76110143525.95312,2.0078950739146424e+18,2.007092025135207e+18,2.0078950739146424e+18,0.03999455897214171,5517.238099536285,7.02727324191209e+17,26637187469.92433,26381438.54281344,4.684848827941393e+18,177581250000.0,0.15,0.17881225783311439,True,True,True,True,1.8561462690314945,False,False,True,-13.256466474732292,-13.672462502636451,-13.490946063196404,-13.490946063196404,0.23447958846411154,True,0.25,4.0,32.0,-1.4973958333333334e-06,1.0416666666666667e-06,3,natural_tdl,,unknown_amplitude_exact,,-13.256466474732292,0.2173585239870126,249.0,1.0416666666666667e-06,7.02727324191209e+17,26637187469.92433,quad_over_lin,1e-12,-9.905589379524638,0.23447958846411154,249.0,1985.0,1.0,249.0,True,1.0,dense_psl_satisfied,False,0.48064096400048584,0.0,249.0,-13.490946063196404,-13.672462502636451,,0.0,,,,,
exact_efim_cutting_plane_psl_ee,Exact EFIM+cutting-plane PSL+EE,ok,optimal,0.9053327040019212,False,,exact_efim,234.83958579595463,3522593.7869393197,0.288857711995674,1.3253077485590685,2657944.0064160456,26648084610.00107,7.030148064224357e+17,7.030148064224357e+17,7.02727319638059e+17,1.4224451474768916e-18,0.1787756934515926,-13.220966056835623,-3.468966454009563,0.014322114944177535,3.923918385753236e-06,64.0,6142.111873045443,92215600245.88893,26637187297.33519,3.5225937869393196,2.6579440064160456,26648084610.00107,7.030148064224358e+17,7.02727319638059e+17,7.030148064224357e+17,0.04089341814003781,6142.111873045443,7.02727324191209e+17,26637187469.92433,26381438.54281344,4.684848827941393e+18,177581250000.0,0.15,0.17881225783311439,True,True,True,True,-6.4792556020791764e-09,False,False,True,-13.256466474732292,-13.256466373992676,-13.182544148516795,-13.182544148516795,-0.07392232621549688,True,0.25,4.0,32.0,-1.3346354166666666e-06,1.0416666666666667e-06,3,natural_tdl,,unknown_amplitude_exact,,-13.256466474732292,0.2173585239870126,249.0,1.0416666666666667e-06,7.02727324191209e+17,26637187469.92433,quad_over_lin,1e-12,-3.472451428473545,-0.07392232621549688,249.0,1985.0,1.0,249.0,True,1.0,dense_psl_satisfied,False,0.9053327040019212,0.0,249.0,-13.182544148516795,-13.256466373992676,,0.0,5.0,True,2657944.005477466,0.0012439065612852573,0.8333980919996975
uniform,Uniform,ok,ok,1.4479999663308263e-05,False,,none,347.42101726288024,5211315.258943204,1.0,3.357142857142857,1552306.672876699,76781250000.0,2.0255998281153943e+18,2.0255998281153943e+18,2.0255998281153943e+18,4.936809265680052e-19,0.10532073506634214,-13.256466474732292,-9.684463547443015,0.015625,0.0,64.0,0.0,76781250000.0,76781250000.0,5.211315258943204,1.552306672876699,76781250000.0,2.0255998281153943e+18,2.0255998281153943e+18,2.0255998281153943e+18,0.0,0.0,1.1712122069853484e+18,44395312449.873886,26381438.54281344,4.684848827941393e+18,177581250000.0,0.25,0.13850737933707974,False,True,True,True,0.7294900241256913,False,False,True,-13.256466474732292,-13.456972739469613,-13.256466474732292,-13.256466474732292,0.0,True,0.25,4.0,32.0,-1.4973958333333334e-06,1.0416666666666667e-06,3,natural_tdl,,,,,,,,,,,,,,,,,,,,,,,,,,,,,,,,,
water_filling,Water-filling,ok,ok,0.00019784200048889033,False,,none,347.4424702177313,5211637.053265969,0.9999999999995399,3.3571428571415427,1552402.5265053646,76110071374.4299,2.0078931704536668e+18,2.0078931704536668e+18,2.0070902886441853e+18,4.980344645397933e-19,0.10578410256207656,-13.490989160991688,-9.904978423073524,0.015925500948226198,1.2202020873022858e-07,64.0,5516.664496498951,76079637787.29799,76079637787.26299,5.211637053265969,1.5524025265053645,76110071374.4299,2.0078931704536668e+18,2.0070902886441853e+18,2.0078931704536668e+18,0.03998628120738453,5516.664496498951,1.1712122069853484e+18,44395312449.873886,26381438.54281344,4.684848827941393e+18,177581250000.0,0.25,0.13850737933707974,False,True,True,True,0.7136862787746658,False,False,True,-13.256466474732292,-13.672506139577326,-13.490989160991688,-13.490989160991688,0.2345226862593961,True,0.25,4.0,32.0,-1.4973958333333334e-06,1.0416666666666667e-06,3,natural_tdl,0.016104124980574303,,,,,,,,,,,,,,,,,,,,,,,,,,,,,,,,
conventional_s2,Conventional $S_2$,ok,optimal,0.007378873000561725,False,,conventional_s2,347.44247012028967,5211637.051804345,0.9999999991519533,3.3571428547198665,1552402.5271898133,76109999351.04463,2.007891270373155e+18,2.007891270373155e+18,2.0070883677511857e+18,4.980349358330323e-19,0.10578415261415534,-13.490985321274106,-9.905001423544778,0.015925453585228535,1.220260897170595e-07,64.0,5516.736000500389,76079565039.49025,76079564974.97122,5.211637051804345,1.5524025271898134,76109999351.04463,2.0078912703731546e+18,2.0070883677511857e+18,2.007891270373155e+18,0.03998735558127075,5516.736000500389,1.1712122069853484e+18,44395312449.873886,26381438.54281344,4.684848827941393e+18,177581250000.0,0.25,0.13850737933707974,True,True,True,True,0.7136846386850321,False,False,True,-13.256466474732292,-13.672491948928835,-13.490985321274106,-13.490985321274106,0.23451884654181399,True,0.25,4.0,32.0,-1.4973958333333334e-06,1.0416666666666667e-06,3,natural_tdl,,known_amplitude_linear,44395312449.873886,,,,,,,,,,,,,,,,,,,,,,,,,,,,,,
conventional_s2_psl,Conventional $S_2$+PSL,ok,optimal,0.5025393089999852,False,,conventional_s2,347.4424701863064,5211637.052794596,0.9999999997614875,3.357142856461393,1552402.526679469,76110177123.86617,2.007895960275921e+18,2.007895960275921e+18,2.0070930750117596e+18,4.980337725579079e-19,0.10578402907247554,-13.490959751785097,-9.904943062859834,0.015925487894568803,1.2200947873981542e-07,64.0,5516.676365832124,76079743423.89406,76079743405.7481,5.211637052794596,1.552402526679469,76110177123.86617,2.0078959602759206e+18,2.0070930750117596e+18,2.007895960275921e+18,0.03998639770413947,5516.676365832124,1.1712122069853484e+18,44395312449.873886,26381438.54281344,4.684848827941393e+18,177581250000.0,0.25,0.13850737933707974,True,True,True,True,0.7136886578205447,False,False,True,-13.256466474732292,-13.672478641331825,-13.490959751785097,-13.490959751785097,0.23449327705280432,True,0.25,4.0,32.0,-1.4973958333333334e-06,1.0416666666666667e-06,3,natural_tdl,,known_amplitude_linear,44395312449.873886,-13.256466474732292,0.2173585239870126,249.0,1.0416666666666667e-06,,,,,,,,,,,,,,,,,,,,,,,,,,
exact_efim,Exact EFIM,ok,optimal,0.009051191998878494,False,,exact_efim,347.4424700772394,5211637.051158591,0.9999999984391295,3.357142852683227,1552402.5279392393,76110036545.18661,2.0078922516081254e+18,2.0078922516081254e+18,2.007089391065399e+18,4.980346924488093e-19,0.10578412676637332,-13.490989708576723,-9.904988988576047,0.015925492783595348,1.2201897039194406e-07,64.0,5516.591437540241,76079603882.89578,76079603764.14537,5.211637051158591,1.5524025279392393,76110036545.18661,2.0078922516081254e+18,2.007089391065399e+18,2.0078922516081254e+18,0.039985240347602674,5516.591437540241,1.1712122069853484e+18,44395312449.873886,26381438.54281344,4.684848827941393e+18,177581250000.0,0.25,0.13850737933707974,True,True,True,True,0.7136855124073236,False,False,True,-13.256466474732292,-13.67250474943669,-13.490989708576723,-13.490989708576723,0.2345232338444312,True,0.25,4.0,32.0,-1.4973958333333334e-06,1.0416666666666667e-06,3,natural_tdl,,unknown_amplitude_exact,,,,,,1.1712122069853484e+18,44395312449.873886,quad_over_lin,1e-12,,,,,,,,,,,,,,,,,,,,,,
exact_efim_sampled_psl,Exact EFIM+sampled PSL,ok,optimal,0.5284200810019684,False,,exact_efim,347.4424701751837,5211637.052627755,0.9999999997074304,3.357142856306944,1552402.5267011917,76110001691.65746,2.0078913321218877e+18,2.0078913321218877e+18,2.007088601577178e+18,4.980349205169514e-19,0.10578415098756398,-13.491011636506286,-9.905003601348788,0.015925651808912207,1.2200533491910585e-07,64.0,5516.1447967119,76079573860.50664,76079573838.24806,5.211637052627755,1.5524025267011916,76110001691.65746,2.007891332121888e+18,2.007088601577178e+18,2.0078913321218877e+18,0.03997878430309906,5516.1447967119,1.1712122069853484e+18,44395312449.873886,26381438.54281344,4.684848827941393e+18,177581250000.0,0.25,0.13850737933707974,True,True,True,True,0.7136848383294612,False,False,True,-13.256466474732292,-13.672524126628288,-13.491011636506286,-13.491011636506286,0.23454516177399398,True,0.25,4.0,32.0,-1.4973958333333334e-06,1.0416666666666667e-06,3,natural_tdl,,unknown_amplitude_exact,,-13.256466474732292,0.2173585239870126,249.0,1.0416666666666667e-06,1.1712122069853484e+18,44395312449.873886,quad_over_lin,1e-12,,,,,,,,,,,,,,,,,,,,,,
exact_efim_cutting_plane_psl,Exact EFIM+cutting-plane PSL,ok,optimal,0.5321501899998111,False,,exact_efim,347.4424701751837,5211637.052627755,0.9999999997074304,3.357142856306944,1552402.5267011917,76110001691.65746,2.0078913321218877e+18,2.0078913321218877e+18,2.007088601577178e+18,4.980349205169514e-19,0.10578415098756398,-13.491011636506286,-9.905003601348788,0.015925651808912207,1.2200533491910585e-07,64.0,5516.1447967119,76079573860.50664,76079573838.24806,5.211637052627755,1.5524025267011916,76110001691.65746,2.007891332121888e+18,2.007088601577178e+18,2.0078913321218877e+18,0.03997878430309906,5516.1447967119,1.1712122069853484e+18,44395312449.873886,26381438.54281344,4.684848827941393e+18,177581250000.0,0.25,0.13850737933707974,True,True,True,True,0.7136848383294612,False,False,True,-13.256466474732292,-13.672524126628288,-13.491011636506286,-13.491011636506286,0.23454516177399398,True,0.25,4.0,32.0,-1.4973958333333334e-06,1.0416666666666667e-06,3,natural_tdl,,unknown_amplitude_exact,,-13.256466474732292,0.2173585239870126,249.0,1.0416666666666667e-06,1.1712122069853484e+18,44395312449.873886,quad_over_lin,1e-12,-9.905639212849323,0.23454516177399398,249.0,1985.0,1.0,249.0,True,1.0,dense_psl_satisfied,False,0.5321501899998111,0.0,249.0,-13.491011636506286,-13.672524126628288,,0.0,,,,,
exact_efim_cutting_plane_psl_ee,Exact EFIM+cutting-plane PSL+EE,ok,optimal,0.9297069419990294,False,,exact_efim,270.41419754075145,4056212.9631112716,0.4600851306259405,1.8145289446455444,2235408.244702112,44399382703.59799,1.1713195861338243e+18,1.1713195861338243e+18,1.1712122033468736e+18,8.537379651446802e-19,0.13850103045266612,-13.039563968088995,-0.459454164465417,0.035894150288404286,2.726344080083305e-05,64.0,2974.397450126701,96493690747.09415,44395312311.95592,4.056212963111272,2.235408244702112,44399382703.59799,1.1713195861338245e+18,1.1712122033468736e+18,1.1713195861338243e+18,0.009167676202281776,2974.397450126701,1.1712122069853484e+18,44395312449.873886,26381438.54281344,4.684848827941393e+18,177581250000.0,0.25,0.13850737933707974,True,True,True,True,-3.1065888233570267e-09,False,False,True,-13.256466474732292,-13.256466433738128,-13.039563968088995,-13.039563968088995,-0.21690250664329724,True,0.25,4.0,32.0,-3.3203125000000002e-06,1.0416666666666667e-06,3,natural_tdl,,unknown_amplitude_exact,,-13.256466474732292,0.2173585239870126,249.0,1.0416666666666667e-06,1.1712122069853484e+18,44395312449.873886,quad_over_lin,1e-12,-0.462978348304375,-0.21690250664329724,249.0,1985.0,1.0,249.0,True,1.0,dense_psl_satisfied,False,0.9297069419990294,0.0,249.0,-13.039563968088995,-13.256466433738128,,0.0,5.0,True,2235408.244682096,3.6319252103567123e-05,0.8831050739972852
uniform,Uniform,ok,ok,1.34149995574262e-05,False,,none,347.42101726288024,5211315.258943204,1.0,3.357142857142857,1552306.672876699,76781250000.0,2.0255998281153943e+18,2.0255998281153943e+18,2.0255998281153943e+18,4.936809265680052e-19,0.10532073506634214,-13.256466474732292,-9.684463547443015,0.015625,0.0,64.0,0.0,76781250000.0,76781250000.0,5.211315258943204,1.552306672876699,76781250000.0,2.0255998281153943e+18,2.0255998281153943e+18,2.0255998281153943e+18,0.0,0.0,1.6396970897794875e+18,62153437429.82344,26381438.54281344,4.684848827941393e+18,177581250000.0,0.35,0.11706010095802957,False,True,True,True,0.23535001723263682,False,False,True,-13.256466474732292,-13.456972739469613,-13.256466474732292,-13.256466474732292,0.0,True,0.25,4.0,32.0,-1.4973958333333334e-06,1.0416666666666667e-06,3,natural_tdl,,,,,,,,,,,,,,,,,,,,,,,,,,,,,,,,,
water_filling,Water-filling,ok,ok,0.00020369200137793086,False,,none,347.4424702177313,5211637.053265969,0.9999999999995399,3.3571428571415427,1552402.5265053646,76110071374.4299,2.0078931704536668e+18,2.0078931704536668e+18,2.0070902886441853e+18,4.980344645397933e-19,0.10578410256207656,-13.490989160991688,-9.904978423073524,0.015925500948226198,1.2202020873022858e-07,64.0,5516.664496498951,76079637787.29799,76079637787.26299,5.211637053265969,1.5524025265053645,76110071374.4299,2.0078931704536668e+18,2.0070902886441853e+18,2.0078931704536668e+18,0.03998628120738453,5516.664496498951,1.6396970897794875e+18,62153437429.82344,26381438.54281344,4.684848827941393e+18,177581250000.0,0.35,0.11706010095802957,False,True,True,True,0.22406162769619006,False,False,True,-13.256466474732292,-13.672506139577326,-13.490989160991688,-13.490989160991688,0.2345226862593961,True,0.25,4.0,32.0,-1.4973958333333334e-06,1.0416666666666667e-06,3,natural_tdl,0.016104124980574303,,,,,,,,,,,,,,,,,,,,,,,,,,,,,,,,
conventional_s2,Conventional $S_2$,ok,optimal,0.007463910002115881,False,,conventional_s2,347.4424701775554,5211637.052663331,0.9999999995625422,3.357142855892978,1552402.526903214,76110080733.13327,2.0078934173497247e+18,2.0078934173497247e+18,2.0070905975455235e+18,4.980344033001156e-19,0.10578409605832528,-13.490978390196204,-9.904974938824692,0.015925509839957712,1.2201158312266728e-07,64.0,5516.451471995557,76079649529.58534,76079649496.3037,5.211637052663331,1.552402526903214,76110080733.13327,2.0078934173497247e+18,2.0070905975455235e+18,2.0078934173497247e+18,0.03998318821428682,5516.451471995557,1.6396970897794875e+18,62153437429.82344,26381438.54281344,4.684848827941393e+18,177581250000.0,0.35,0.11706010095802957,True,True,True,True,0.22406181608546027,False,False,True,-13.256466474732292,-13.672494512018519,-13.490978390196204,-13.490978390196204,0.23451191546391215,True,0.25,4.0,32.0,-1.4973958333333334e-06,1.0416666666666667e-06,3,natural_tdl,,known_amplitude_linear,62153437429.82344,,,,,,,,,,,,,,,,,,,,,,,,,,,,,,
conventional_s2_psl,Conventional $S_2$+PSL,ok,optimal,0.4829867739972542,False,,conventional_s2,347.4424702087962,5211637.053131943,0.9999999999001861,3.3571428568576747,1552402.5265967075,76110068200.11655,2.007893086710714e+18,2.007893086710714e+18,2.0070902103674547e+18,4.980344853112562e-19,0.10578410476803889,-13.49099211872235,-9.904979738727949,0.015925498096374238,1.220196677388142e-07,64.0,5516.645717319565,76079634827.74298,76079634820.14917,5.211637053131943,1.5524025265967076,76110068200.11655,2.007893086710714e+18,2.0070902103674547e+18,2.007893086710714e+18,0.03998601063837748,5516.645717319565,1.6396970897794875e+18,62153437429.82344,26381438.54281344,4.684848827941393e+18,177581250000.0,0.35,0.11706010095802957,True,True,True,True,0.2240615799576589,False,False,True,-13.256466474732292,-13.672509097659598,-13.49099211872235,-13.49099211872235,0.23452564399005738,True,0.25,4.0,32.0,-1.4973958333333334e-06,1.0416666666666667e-06,3,natural_tdl,,known_amplitude_linear,62153437429.82344,-13.256466474732292,0.2173585239870126,249.0,1.0416666666666667e-06,,,,,,,,,,,,,,,,,,,,,,,,,,
exact_efim,Exact EFIM,ok,optimal,0.009551169998303521,False,,exact_efim,347.442470088254,5211637.051323811,0.9999999993059501,3.3571428551598577,1552402.5268432156,76110362336.92567,2.0079008464628677e+18,2.0079008464628677e+18,2.0070979321831613e+18,4.98032560602585e-19,0.10578390036072731,-13.491041962860779,-9.904896680201123,0.01592575915431869,1.220066619800566e-07,64.0,5516.776050028124,76079927571.7639,76079927518.96063,5.211637051323811,1.5524025268432156,76110362336.92567,2.0079008464628672e+18,2.0070979321831613e+18,2.0079008464628677e+18,0.03998774546665426,5516.776050028124,1.6396970897794875e+18,62153437429.82344,26381438.54281344,4.684848827941393e+18,177581250000.0,0.35,0.11706010095802957,True,True,True,True,0.22406628925168323,False,False,True,-13.256466474732292,-13.6725846272879,-13.491041962860779,-13.491041962860779,0.2345754881284865,True,0.25,4.0,32.0,-1.4973958333333334e-06,1.0416666666666667e-06,3,natural_tdl,,unknown_amplitude_exact,,,,,,1.6396970897794875e+18,62153437429.82344,quad_over_lin,1e-12,,,,,,,,,,,,,,,,,,,,,,
exact_efim_sampled_psl,Exact EFIM+sampled PSL,ok,optimal,0.45414580699798535,False,,exact_efim,347.44247019221257,5211637.052883188,0.9999999997147617,3.357142856327891,1552402.5267675917,76110071719.40822,2.0078931795546906e+18,2.0078931795546906e+18,2.007090297187549e+18,4.980344622823906e-19,0.1057841023223368,-13.490988625996597,-9.90497827038551,0.015925493835158157,1.220203173565241e-07,64.0,5516.666413148929,76079638132.80376,76079638111.10294,5.211637052883188,1.5524025267675916,76110071719.40822,2.007893179554691e+18,2.007090297187549e+18,2.0078931795546906e+18,0.039986308799539565,5516.666413148929,1.6396970897794875e+18,62153437429.82344,26381438.54281344,4.684848827941393e+18,177581250000.0,0.35,0.11706010095802957,True,True,True,True,0.22406163290652045,False,False,True,-13.256466474732292,-13.672505558469343,-13.490988625996597,-13.490988625996597,0.2345221512643043,True,0.25,4.0,32.0,-1.4973958333333334e-06,1.0416666666666667e-06,3,natural_tdl,,unknown_amplitude_exact,,-13.256466474732292,0.2173585239870126,249.0,1.0416666666666667e-06,1.6396970897794875e+18,62153437429.82344,quad_over_lin,1e-12,,,,,,,,,,,,,,,,,,,,,,
exact_efim_cutting_plane_psl,Exact EFIM+cutting-plane PSL,ok,optimal,0.4591805190029845,False,,exact_efim,347.44247019221257,5211637.052883188,0.9999999997147617,3.357142856327891,1552402.5267675917,76110071719.40822,2.0078931795546906e+18,2.0078931795546906e+18,2.007090297187549e+18,4.980344622823906e-19,0.1057841023223368,-13.490988625996597,-9.90497827038551,0.015925493835158157,1.220203173565241e-07,64.0,5516.666413148929,76079638132.80376,76079638111.10294,5.211637052883188,1.5524025267675916,76110071719.40822,2.007893179554691e+18,2.007090297187549e+18,2.0078931795546906e+18,0.039986308799539565,5516.666413148929,1.6396970897794875e+18,62153437429.82344,26381438.54281344,4.684848827941393e+18,177581250000.0,0.35,0.11706010095802957,True,True,True,True,0.22406163290652045,False,False,True,-13.256466474732292,-13.672505558469343,-13.490988625996597,-13.490988625996597,0.2345221512643043,True,0.25,4.0,32.0,-1.4973958333333334e-06,1.0416666666666667e-06,3,natural_tdl,,unknown_amplitude_exact,,-13.256466474732292,0.2173585239870126,249.0,1.0416666666666667e-06,1.6396970897794875e+18,62153437429.82344,quad_over_lin,1e-12,-9.90561388530033,0.2345221512643043,249.0,1985.0,1.0,249.0,True,1.0,dense_psl_satisfied,False,0.4591805190029845,0.0,249.0,-13.490988625996597,-13.672505558469343,,0.0,,,,,
exact_efim_cutting_plane_psl_ee,Exact EFIM+cutting-plane PSL+EE,ok,optimal,3.709152888000972,False,,exact_efim,298.4796126238899,4477194.189358349,0.6417918566216659,2.333691018919046,1918503.415003141,62155336975.13596,1.6397472025174093e+18,1.6397472025174093e+18,1.6396970858679388e+18,6.09850102787038e-19,0.1170583121923675,-13.250862650452813,0.16620819478336912,0.054432022777831,6.403125432788258e-05,64.0,1720.460382922682,96843605353.18182,62153437281.55447,4.477194189358349,1.918503415003141,62155336975.13596,1.6397472025174093e+18,1.6396970858679388e+18,1.6397472025174093e+18,0.0030563643830904424,1720.460382922682,1.6396970897794875e+18,62153437429.82344,26381438.54281344,4.684848827941393e+18,177581250000.0,0.35,0.11706010095802957,True,True,True,True,-2.3855312645130324e-09,False,False,True,-13.256466474732292,-13.256466444934317,-13.250862650452813,-13.250862650452813,-0.0056038242794791415,True,0.25,4.0,32.0,-4.3619791666666665e-06,1.0416666666666667e-06,3,natural_tdl,,unknown_amplitude_exact,,-13.256466474732292,0.2173585239870126,255.0,1.0416666666666667e-06,1.6396970897794875e+18,62153437429.82344,quad_over_lin,1e-12,0.162855847483125,-0.0056038242794791415,249.0,1985.0,4.0,255.0,True,4.0,dense_psl_satisfied,False,3.709152888000972,6.0,255.0,-12.838407540845507,-13.25646645376034,-2.2786458333333335e-06,3.0,5.0,True,1918503.4145940184,0.0009547658264636993,0.9158220430072106
uniform,Uniform,ok,ok,1.3597000361187384e-05,False,,none,347.42101726288024,5211315.258943204,1.0,3.357142857142857,1552306.672876699,76781250000.0,2.0255998281153943e+18,2.0255998281153943e+18,2.0255998281153943e+18,4.936809265680052e-19,0.10532073506634214,-13.256466474732292,-9.684463547443015,0.015625,0.0,64.0,0.0,76781250000.0,76781250000.0,5.211315258943204,1.552306672876699,76781250000.0,2.0255998281153943e+18,2.0255998281153943e+18,2.0255998281153943e+18,0.0,0.0,2.1081819725736271e+18,79911562409.77301,26381438.54281344,4.684848827941393e+18,177581250000.0,0.45,0.10323730519435335,False,False,False,False,-0.039172208819060424,False,False,True,-13.256466474732292,-13.456972739469613,-13.256466474732292,-13.256466474732292,0.0,True,0.25,4.0,32.0,-1.4973958333333334e-06,1.0416666666666667e-06,3,natural_tdl,,,,,,,,,,,,,,,,,,,,,,,,,,,,,,,,,
water_filling,Water-filling,ok,ok,0.00019812000027741306,False,,none,347.4424702177313,5211637.053265969,0.9999999999995399,3.3571428571415427,1552402.5265053646,76110071374.4299,2.0078931704536668e+18,2.0078931704536668e+18,2.0070902886441853e+18,4.980344645397933e-19,0.10578410256207656,-13.490989160991688,-9.904978423073524,0.015925500948226198,1.2202020873022858e-07,64.0,5516.664496498951,76079637787.29799,76079637787.26299,5.211637053265969,1.5524025265053645,76110071374.4299,2.0078931704536668e+18,2.0070902886441853e+18,2.0078931704536668e+18,0.03998628120738453,5516.664496498951,2.1081819725736271e+18,79911562409.77301,26381438.54281344,4.684848827941393e+18,177581250000.0,0.45,0.10323730519435335,False,False,False,False,-0.047952067347407895,False,False,True,-13.256466474732292,-13.672506139577326,-13.490989160991688,-13.490989160991688,0.2345226862593961,True,0.25,4.0,32.0,-1.4973958333333334e-06,1.0416666666666667e-06,3,natural_tdl,0.016104124980574303,,,,,,,,,,,,,,,,,,,,,,,,,,,,,,,,
conventional_s2,Conventional $S_2$,ok,optimal,0.007447747000696836,False,,conventional_s2,347.3121192278122,5209681.788417183,0.9999999991327869,3.357142854665106,1551820.1083334235,79911562774.44775,2.1081819821942715e+18,2.1081819821942715e+18,2.1073793960093263e+18,4.7434235205784465e-19,0.10323730495879271,-12.50911834370297,-8.69917099545074,0.01779064418058147,6.106479665131879e-07,64.0,5515.64877558241,79881140462.33252,79881140393.05855,5.209681788417183,1.5518201083334235,79911562774.44775,2.1081819821942715e+18,2.1073793960093263e+18,2.1081819821942715e+18,0.038070061869601574,5515.64877558241,2.1081819725736271e+18,79911562409.77301,26381438.54281344,4.684848827941393e+18,177581250000.0,0.45,0.10323730519435335,True,False,True,True,-0.000380696056954244,True,False,True,-13.256466474732292,-12.816035634605775,-12.474675916885559,-12.474675916885559,-0.7817905578467332,False,0.25,4.0,32.0,-1.46484375e-06,1.0416666666666667e-06,3,natural_tdl,,known_amplitude_linear,79911562409.77301,,,,,,,,,,,,,,,,,,,,,,,,,,,,,,
conventional_s2_psl,Conventional $S_2$+PSL,ok,optimal,0.5002953700022772,False,,conventional_s2,347.2930091545959,5209395.137318938,0.999999999786862,3.357142856533892,1551734.7220360525,79911562408.62502,2.108181972543341e+18,2.108181972543341e+18,2.1073815736875005e+18,4.743423542293105e-19,0.10323730519509491,-12.881800704878255,-8.705737809299595,0.0185046182623895,7.696531019101292e-07,64.0,5508.127606229086,79881222955.93071,79881222938.90498,5.209395137318938,1.5517347220360524,79911562408.62502,2.1081819725433416e+18,2.1073815736875005e+18,2.108181972543341e+18,0.0379663077601835,5508.127606229086,2.1081819725736271e+18,79911562409.77301,26381438.54281344,4.684848827941393e+18,177581250000.0,0.45,0.10323730519435335,True,False,True,True,-0.00037966309196235123,True,False,True,-13.256466474732292,-13.256466513866059,-12.849205672832948,-12.849205672832948,-0.4072608018993442,False,0.25,4.0,32.0,-1.46484375e-06,1.0416666666666667e-06,3,natural_tdl,,known_amplitude_linear,79911562409.77301,-13.256466474732292,0.2173585239870126,249.0,1.0416666666666667e-06,,,,,,,,,,,,,,,,,,,,,,,,,,
exact_efim,Exact EFIM,ok,optimal,0.009539613001834368,False,,exact_efim,347.31029048241084,5209654.357236163,0.9999999994282804,3.3571428555093727,1551811.9369530708,79935284397.17761,2.1088077927264553e+18,2.1088077927264553e+18,2.1081819727660488e+18,4.742015860568831e-19,0.10322198545293493,-12.503855107875312,-8.692697859460464,0.017732878554964405,5.973264585604985e-07,64.0,4870.521545414166,79911562462.75383,79911562417.06683,5.209654357236163,1.5518119369530707,79935284397.17761,2.1088077927264553e+18,2.1081819727660488e+18,2.1088077927264553e+18,0.02967648178108314,4870.521545414166,2.1081819725736271e+18,79911562409.77301,26381438.54281344,4.684848827941393e+18,177581250000.0,0.45,0.10323730519435335,True,True,True,True,9.127372992621478e-11,False,False,True,-13.256466474732292,-12.811599693016474,-12.469002973217442,-12.469002973217442,-0.7874635015148499,False,0.25,4.0,32.0,-1.46484375e-06,1.0416666666666667e-06,3,natural_tdl,,unknown_amplitude_exact,,,,,,2.1081819725736271e+18,79911562409.77301,quad_over_lin,1e-12,,,,,,,,,,,,,,,,,,,,,,
exact_efim_sampled_psl,Exact EFIM+sampled PSL,ok,optimal,0.516250664000836,False,,exact_efim,347.29077342951473,5209361.601442721,0.999999999638265,3.357142856109329,1551724.7328223535,79933819295.77994,2.1087691412439734e+18,2.1087691412439734e+18,2.108181970236958e+18,4.742102776646737e-19,0.10322293142288559,-12.879404006923533,-8.699655186296445,0.018432227514385984,7.54677792221046e-07,64.0,4717.729812892257,79911562350.10735,79911562321.20053,5.209361601442721,1.5517247328223536,79933819295.77994,2.1087691412439734e+18,2.108181970236958e+18,2.1087691412439734e+18,0.027844252627343025,4717.729812892257,2.1081819725736271e+18,79911562409.77301,26381438.54281344,4.684848827941393e+18,177581250000.0,0.45,0.10323730519435335,True,True,True,True,-1.108381161777719e-09,False,False,True,-13.256466474732292,-13.256466544663878,-12.847353272231171,-12.847353272231171,-0.40911320250112126,False,0.25,4.0,32.0,-1.46484375e-06,1.0416666666666667e-06,3,natural_tdl,,unknown_amplitude_exact,,-13.256466474732292,0.2173585239870126,249.0,1.0416666666666667e-06,2.1081819725736271e+18,79911562409.77301,quad_over_lin,1e-12,,,,,,,,,,,,,,,,,,,,,,
exact_efim_cutting_plane_psl,Exact EFIM+cutting-plane PSL,ok,optimal,1.0260789419990033,False,,exact_efim,347.230032891269,5208450.4933690345,0.9999999996591554,3.3571428561690158,1551453.3389003968,79931534566.13432,2.1087088667892406e+18,2.1087088667892406e+18,2.1081819711715996e+18,4.742238322934634e-19,0.10322440665295324,-13.271642404559852,-8.672190762939609,0.019269311720672474,1.1545981272853421e-06,64.0,4469.027803963416,79911562383.86597,79911562356.62854,5.2084504933690345,1.5514533389003968,79931534566.13432,2.1087088667892406e+18,2.1081819711715996e+18,2.1087088667892406e+18,0.024986645901632742,4469.027803963416,2.1081819725736271e+18,79911562409.77301,26381438.54281344,4.684848827941393e+18,177581250000.0,0.45,0.10323730519435335,True,True,True,True,-6.650410345215277e-10,False,False,True,-13.256466474732292,-13.739411858407209,-13.256466496748727,-13.256466496748727,2.2016434897409454e-08,True,0.25,4.0,32.0,-1.46484375e-06,1.0416666666666667e-06,3,natural_tdl,,unknown_amplitude_exact,,-13.256466474732292,0.2173585239870126,251.0,1.0416666666666667e-06,2.1081819725736271e+18,79911562409.77301,quad_over_lin,1e-12,-8.672042512404174,2.2016434897409454e-08,249.0,1985.0,2.0,251.0,True,2.0,dense_psl_satisfied,False,1.0260789419990033,2.0,251.0,-12.847353272231171,-13.256466544663878,-1.46484375e-06,1.0,,,,,
exact_efim_cutting_plane_psl_ee,Exact EFIM+cutting-plane PSL+EE,ok,optimal,1.6406778970012965,False,,exact_efim,320.76510985237485,4811476.647785623,0.8251104247223311,2.8574583563495177,1683830.8901664687,79913326999.12749,2.108228524979236e+18,2.108228524979236e+18,2.1081819688117338e+18,4.743318801313767e-19,0.10323616538161981,-13.023289034017228,-0.32012492446667995,0.06249999982188115,9.11187293667916e-05,64.0,1462.4577802646043,96849536586.65611,79911562267.17677,4.811476647785622,1.6838308901664687,79913326999.12749,2.1082285249792356e+18,2.1081819688117338e+18,2.108228524979236e+18,0.002208307446309433,1462.4577802646043,2.1081819725736271e+18,79911562409.77301,26381438.54281344,4.684848827941393e+18,177581250000.0,0.45,0.10323730519435335,True,True,True,True,-1.7844253603058538e-09,False,False,True,-13.256466474732292,-13.256466454540853,-13.023289034017228,-13.023289034017228,-0.23317744071506397,True,0.25,4.0,32.0,-2.2786458333333335e-06,1.0416666666666667e-06,3,natural_tdl,,unknown_amplitude_exact,,-13.256466474732292,0.2173585239870126,251.0,1.0416666666666667e-06,2.1081819725736271e+18,79911562409.77301,quad_over_lin,1e-12,-0.3236882147713759,-0.23317744071506397,249.0,1985.0,2.0,251.0,True,2.0,dense_psl_satisfied,False,1.6406778970012965,2.0,251.0,-12.967591718821716,-13.25646645212305,-3.2877604166666667e-06,1.0,4.0,True,1683830.889940791,0.0006448645144701004,0.7144479480048176
uniform,Uniform,ok,ok,1.4166998880682513e-05,False,,none,347.42101726288024,5211315.258943204,1.0,3.357142857142857,1552306.672876699,76781250000.0,2.0255998281153943e+18,2.0255998281153943e+18,2.0255998281153943e+18,4.936809265680052e-19,0.10532073506634214,-13.256466474732292,-9.684463547443015,0.015625,0.0,64.0,0.0,76781250000.0,76781250000.0,5.211315258943204,1.552306672876699,76781250000.0,2.0255998281153943e+18,2.0255998281153943e+18,2.0255998281153943e+18,0.0,0.0,2.3424244139706967e+18,88790624899.74777,26381438.54281344,4.684848827941393e+18,177581250000.0,0.5,0.09793950717362658,False,False,False,False,-0.13525498793715435,False,False,True,-13.256466474732292,-13.456972739469613,-13.256466474732292,-13.256466474732292,0.0,True,0.25,4.0,32.0,-1.4973958333333334e-06,1.0416666666666667e-06,3,natural_tdl,,,,,,,,,,,,,,,,,,,,,,,,,,,,,,,,,
water_filling,Water-filling,ok,ok,0.00019832899852190167,False,,none,347.4424702177313,5211637.053265969,0.9999999999995399,3.3571428571415427,1552402.5265053646,76110071374.4299,2.0078931704536668e+18,2.0078931704536668e+18,2.0070902886441853e+18,4.980344645397933e-19,0.10578410256207656,-13.490989160991688,-9.904978423073524,0.015925500948226198,1.2202020873022858e-07,64.0,5516.664496498951,76079637787.29799,76079637787.26299,5.211637053265969,1.5524025265053645,76110071374.4299,2.0078931704536668e+18,2.0070902886441853e+18,2.0078931704536668e+18,0.03998628120738453,5516.664496498951,2.3424244139706967e+18,88790624899.74777,26381438.54281344,4.684848827941393e+18,177581250000.0,0.5,0.09793950717362658,False,False,False,False,-0.14315686061266705,False,False,True,-13.256466474732292,-13.672506139577326,-13.490989160991688,-13.490989160991688,0.2345226862593961,True,0.25,4.0,32.0,-1.4973958333333334e-06,1.0416666666666667e-06,3,natural_tdl,0.016104124980574303,,,,,,,,,,,,,,,,,,,,,,,,,,,,,,,,
conventional_s2,Conventional $S_2$,ok,optimal,0.007660021998162847,False,,conventional_s2,346.05807329875637,5190871.099481345,0.9999999988323081,3.357142853806595,1546216.9247863623,88790624865.32936,2.342424413062689e+18,2.342424413062689e+18,2.3416219332346255e+18,4.2690811896573143e-19,0.09793950719260902,-10.591292168241422,-6.232415362142952,0.023310391646823157,7.79597567095178e-06,64.0,5515.283303734377,88760206619.089,88760206515.44443,5.190871099481345,1.5462169247863624,88790624865.32936,2.3424244130626893e+18,2.3416219332346255e+18,2.342424413062689e+18,0.0342585153906418,5515.283303734377,2.3424244139706967e+18,88790624899.74777,26381438.54281344,4.684848827941393e+18,177581250000.0,0.5,0.09793950717362658,True,False,True,True,-0.00034258554140957945,True,False,True,-13.256466474732292,-11.048822000012144,-10.581423157266435,-10.581423157266435,-2.6750433174658568,False,0.25,4.0,32.0,-1.3997395833333333e-06,1.0416666666666667e-06,3,natural_tdl,,known_amplitude_linear,88790624899.74777,,,,,,,,,,,,,,,,,,,,,,,,,,,,,,
conventional_s2_psl,Conventional $S_2$+PSL,ok,optimal,0.5096540819977236,False,,conventional_s2,344.8776735100604,5173165.102650906,0.9999999995234674,3.3571428557813356,1540942.7971592566,88790624864.54381,2.342424413041965e+18,2.342424413041965e+18,2.341582709558859e+18,4.2690811896950837e-19,0.09793950719304226,-13.024160643924711,-5.41438947642193,0.03394203199274807,1.925394429557307e-05,64.0,5648.463485740225,88758719767.10568,88758719724.80927,5.173165102650906,1.5409427971592566,88790624864.54381,2.342424413041965e+18,2.341582709558859e+18,2.342424413041965e+18,0.03593300507029956,5648.463485740225,2.3424244139706967e+18,88790624899.74777,26381438.54281344,4.684848827941393e+18,177581250000.0,0.5,0.09793950717362658,True,False,True,True,-0.000359330447043608,True,False,True,-13.256466474732292,-13.25646646686,-13.024160643924711,-13.024160643924711,-0.23230583080758116,True,0.25,4.0,32.0,-1.3671875e-06,1.0416666666666667e-06,3,natural_tdl,,known_amplitude_linear,88790624899.74777,-13.256466474732292,0.2173585239870126,249.0,1.0416666666666667e-06,,,,,,,,,,,,,,,,,,,,,,,,,,
exact_efim,Exact EFIM,ok,optimal,0.009693525997136021,False,,exact_efim,346.05382388043535,5190807.35820653,0.9999999996920045,3.35714285626287,1546197.936892347,88803861477.92976,2.3427736139445217e+18,2.3427736139445217e+18,2.342424415779079e+18,4.2684448640186903e-19,0.09793220775987552,-10.58901709944908,-6.229763958935744,0.02303902904876804,7.761476182650647e-06,64.0,3638.2014290777984,88790624995.64241,88790624968.2953,5.19080735820653,1.5461979368923469,88803861477.92976,2.3427736139445217e+18,2.342424415779079e+18,2.3427736139445217e+18,0.014905331158080442,3638.2014290777984,2.3424244139706967e+18,88790624899.74777,26381438.54281344,4.684848827941393e+18,177581250000.0,0.5,0.09793950717362658,True,True,True,True,7.720131557775945e-10,False,False,True,-13.256466474732292,-11.04608803040369,-10.578985687614093,-10.578985687614093,-2.677480787118199,False,0.25,4.0,32.0,-1.3997395833333333e-06,1.0416666666666667e-06,3,natural_tdl,,unknown_amplitude_exact,,,,,,2.3424244139706967e+18,88790624899.74777,quad_over_lin,1e-12,,,,,,,,,,,,,,,,,,,,,,
exact_efim_sampled_psl,Exact EFIM+sampled PSL,ok,optimal,0.49919986099848757,False,,exact_efim,344.8707860503281,5173061.790754922,0.9999999994427667,3.3571428555507623,1540912.0235088256,88796449440.02145,2.3425780737219666e+18,2.3425780737219666e+18,2.342424409752044e+18,4.268801160642499e-19,0.09793629498461211,-13.024287502070669,-5.412207730001736,0.03341146618283329,1.9211784563405545e-05,64.0,2413.441564818144,88790624789.315,88790624739.8379,5.173061790754922,1.5409120235088256,88796449440.02145,2.3425780737219666e+18,2.342424409752044e+18,2.3425780737219666e+18,0.006559609331543582,2413.441564818144,2.3424244139706967e+18,88790624899.74777,26381438.54281344,4.684848827941393e+18,177581250000.0,0.5,0.09793950717362658,True,True,True,True,-1.8009770760751535e-09,False,False,True,-13.256466474732292,-13.256466466645286,-13.024287502070669,-13.024287502070669,-0.23217897266162346,True,0.25,4.0,32.0,-1.3671875e-06,1.0416666666666667e-06,3,natural_tdl,,unknown_amplitude_exact,,-13.256466474732292,0.2173585239870126,249.0,1.0416666666666667e-06,2.3424244139706967e+18,88790624899.74777,quad_over_lin,1e-12,,,,,,,,,,,,,,,,,,,,,,
exact_efim_cutting_plane_psl,Exact EFIM+cutting-plane PSL,ok,optimal,0.5111441609988105,False,,exact_efim,344.8707860503281,5173061.790754922,0.9999999994427667,3.3571428555507623,1540912.0235088256,88796449440.02145,2.3425780737219666e+18,2.3425780737219666e+18,2.342424409752044e+18,4.268801160642499e-19,0.09793629498461211,-13.024287502070669,-5.412207730001736,0.03341146618283329,1.9211784563405545e-05,64.0,2413.441564818144,88790624789.315,88790624739.8379,5.173061790754922,1.5409120235088256,88796449440.02145,2.3425780737219666e+18,2.342424409752044e+18,2.3425780737219666e+18,0.006559609331543582,2413.441564818144,2.3424244139706967e+18,88790624899.74777,26381438.54281344,4.684848827941393e+18,177581250000.0,0.5,0.09793950717362658,True,True,True,True,-1.8009770760751535e-09,False,False,True,-13.256466474732292,-13.256466466645286,-13.024287502070669,-13.024287502070669,-0.23217897266162346,True,0.25,4.0,32.0,-1.3671875e-06,1.0416666666666667e-06,3,natural_tdl,,unknown_amplitude_exact,,-13.256466474732292,0.2173585239870126,249.0,1.0416666666666667e-06,2.3424244139706967e+18,88790624899.74777,quad_over_lin,1e-12,-5.415080828886713,-0.23217897266162346,249.0,1985.0,1.0,249.0,True,1.0,dense_psl_satisfied,False,0.5111441609988105,0.0,249.0,-13.024287502070669,-13.256466466645286,,0.0,,,,,
exact_efim_cutting_plane_psl_ee,Exact EFIM+cutting-plane PSL+EE,ok,optimal,0.8180417749972548,False,,exact_efim,330.64065352565126,4959609.802884769,0.919700575163461,3.12771592903846,1585697.011943626,88791901438.9675,2.342458090911669e+18,2.342458090911669e+18,2.342424410245943e+18,4.2690198124774413e-19,0.097938803145053,-13.023409650459534,-0.7503752949122022,0.06249999989341897,9.915641772984171e-05,64.0,1178.1968786688892,96542969697.26079,88790624758.55934,4.959609802884769,1.585697011943626,88791901438.9675,2.342458090911669e+18,2.342424410245943e+18,2.342458090911669e+18,0.0014378342928370474,1178.1968786688892,2.3424244139706967e+18,88790624899.74777,26381438.54281344,4.684848827941393e+18,177581250000.0,0.5,0.09793950717362658,True,True,True,True,-1.5901276889810438e-09,False,False,True,-13.256466474732292,-13.256466457645296,-13.023409650459534,-13.023409650459534,-0.23305682427275798,True,0.25,4.0,32.0,-3.3203125000000002e-06,1.0416666666666667e-06,3,natural_tdl,,unknown_amplitude_exact,,-13.256466474732292,0.2173585239870126,249.0,1.0416666666666667e-06,2.3424244139706967e+18,88790624899.74777,quad_over_lin,1e-12,-0.754025424097795,-0.23305682427275798,249.0,1985.0,1.0,249.0,True,1.0,dense_psl_satisfied,False,0.8180417749972548,0.0,249.0,-13.023409650459534,-13.256466457645296,,0.0,4.0,True,1585697.0119170411,8.315034210681915e-05,0.7704001150013937
uniform,Uniform,ok,ok,1.4712000847794116e-05,False,,none,347.42101726288024,5211315.258943204,1.0,3.357142857142857,1552306.672876699,76781250000.0,2.0255998281153943e+18,2.0255998281153943e+18,2.0255998281153943e+18,4.936809265680052e-19,0.10532073506634214,-13.256466474732292,-9.684463547443015,0.015625,0.0,64.0,0.0,76781250000.0,76781250000.0,5.211315258943204,1.552306672876699,76781250000.0,2.0255998281153943e+18,2.0255998281153943e+18,2.0255998281153943e+18,0.0,0.0,2.5766668553677665e+18,97669687389.72256,26381438.54281344,4.684848827941393e+18,177581250000.0,0.55,0.09338165609920326,False,False,False,False,-0.21386817085195853,False,False,True,-13.256466474732292,-13.456972739469613,-13.256466474732292,-13.256466474732292,0.0,True,0.25,4.0,32.0,-1.4973958333333334e-06,1.0416666666666667e-06,3,natural_tdl,,,,,,,,,,,,,,,,,,,,,,,,,,,,,,,,,
water_filling,Water-filling,ok,ok,0.00020648700228775851,False,,none,347.4424702177313,5211637.053265969,0.9999999999995399,3.3571428571415427,1552402.5265053646,76110071374.4299,2.0078931704536668e+18,2.0078931704536668e+18,2.0070902886441853e+18,4.980344645397933e-19,0.10578410256207656,-13.490989160991688,-9.904978423073524,0.015925500948226198,1.2202020873022858e-07,64.0,5516.664496498951,76079637787.29799,76079637787.26299,5.211637053265969,1.5524025265053645,76110071374.4299,2.0078931704536668e+18,2.0070902886441853e+18,2.0078931704536668e+18,0.03998628120738453,5516.664496498951,2.5766668553677665e+18,97669687389.72256,26381438.54281344,4.684848827941393e+18,177581250000.0,0.55,0.09338165609920326,False,False,False,False,-0.22105169146606102,False,False,True,-13.256466474732292,-13.672506139577326,-13.490989160991688,-13.490989160991688,0.2345226862593961,True,0.25,4.0,32.0,-1.4973958333333334e-06,1.0416666666666667e-06,3,natural_tdl,0.016104124980574303,,,,,,,,,,,,,,,,,,,,,,,,,,,,,,,,
conventional_s2,Conventional $S_2$,ok,optimal,0.007835934997274308,False,,conventional_s2,343.5979865897686,5153969.798846529,0.9999999988686533,3.3571428539104384,1535225.047943112,97669687325.50858,2.576666853673709e+18,2.576666853673709e+18,2.5758651126142264e+18,3.880982900735653e-19,0.09338165612990065,-9.117069994445377,-4.117450387590868,0.030541817465436952,2.4457093525876967e-05,64.0,5512.7440147540065,97639297089.43465,97639296978.97075,5.1539697988465285,1.535225047943112,97669687325.50858,2.576666853673709e+18,2.5758651126142264e+18,2.576666853673709e+18,0.031115433426697498,5512.7440147540065,2.5766668553677665e+18,97669687389.72256,26381438.54281344,4.684848827941393e+18,177581250000.0,0.55,0.09338165609920326,True,False,True,True,-0.00031115499152321093,True,False,True,-13.256466474732292,-9.261954081522797,-9.117069994445377,-9.117069994445377,-4.139396480286916,False,0.25,4.0,32.0,-1.3671875e-06,1.0416666666666667e-06,3,natural_tdl,,known_amplitude_linear,97669687389.72256,,,,,,,,,,,,,,,,,,,,,,,,,,,,,,
conventional_s2_psl,Conventional $S_2$+PSL,infeasible,infeasible,0.44778611899891985,False,max_rate_isac: problem is infeasible (solver CLARABEL),conventional_s2,,,,,,,,,,,,,,,,,,,,,,,,,,,,2.5766668553677665e+18,97669687389.72256,26381438.54281344,4.684848827941393e+18,177581250000.0,0.55,0.09338165609920326,False,False,,,,False,,True,-13.256466474732292,,,,,False,,,,,,3,natural_tdl,,,,,,,,,,,,,,,,,,,,,,,,,,,,,,,,,
exact_efim,Exact EFIM,ok,optimal,0.009342724999441998,False,,exact_efim,343.5929215203935,5153893.822805902,0.9999999996503877,3.357142856143965,1535202.4157606733,97676957239.18372,2.5768586444545413e+18,2.5768586444545413e+18,2.5766668545269135e+18,3.880694046419748e-19,0.09337818095402271,-9.11577454796995,-4.115663192087638,0.030220008574741965,2.441347199987882e-05,64.0,2696.271747541891,97669687391.9962,97669687357.84967,5.153893822805902,1.5352024157606734,97676957239.18372,2.5768586444545413e+18,2.5766668545269135e+18,2.5768586444545413e+18,0.007442780303083846,2696.271747541891,2.5766668553677665e+18,97669687389.72256,26381438.54281344,4.684848827941393e+18,177581250000.0,0.55,0.09338165609920326,True,True,True,True,-3.263336081838897e-10,False,False,True,-13.256466474732292,-9.2606990407235,-9.11577454796995,-9.11577454796995,-4.140691926762342,False,0.25,4.0,32.0,-1.3671875e-06,1.0416666666666667e-06,3,natural_tdl,,unknown_amplitude_exact,,,,,,2.5766668553677665e+18,97669687389.72256,quad_over_lin,1e-12,,,,,,,,,,,,,,,,,,,,,,
exact_efim_sampled_psl,Exact EFIM+sampled PSL,infeasible,infeasible,0.4842106810028781,False,max_rate_isac: problem is infeasible (solver CLARABEL),exact_efim,,,,,,,,,,,,,,,,,,,,,,,,,,,,2.5766668553677665e+18,97669687389.72256,26381438.54281344,4.684848827941393e+18,177581250000.0,0.55,0.09338165609920326,False,False,,,,False,,True,-13.256466474732292,,,,,False,,,,,,3,natural_tdl,,,,,,,,,,,,,,,,,,,,,,,,,,,,,,,,,
exact_efim_cutting_plane_psl,Exact EFIM+cutting-plane PSL,infeasible,infeasible,0.47882314000162296,False,max_rate_isac: problem is infeasible (solver CLARABEL),exact_efim,,,,,,,,,,,,,,,,,,,,,,,,,,,,2.5766668553677665e+18,97669687389.72256,26381438.54281344,4.684848827941393e+18,177581250000.0,0.55,0.09338165609920326,False,False,,,,False,,True,-13.256466474732292,,,,,False,,,,,,3,natural_tdl,,,,,,,,,,,,,,,,,,,,,,,,,,,,,,,,,
exact_efim_cutting_plane_psl_ee,Exact EFIM+cutting-plane PSL+EE,infeasible,infeasible,0.4791770439987886,False,dinkelbach_ee_isac[iter 1]: problem is infeasible (solver CLARABEL),exact_efim,,,,,,,,,,,,,,,,,,,,,,,,,,,,2.5766668553677665e+18,97669687389.72256,26381438.54281344,4.684848827941393e+18,177581250000.0,0.55,0.09338165609920326,False,False,,,,False,,True,-13.256466474732292,,,,,False,,,,,,3,natural_tdl,,,,,,,,,,,,,,,,,,,,,,,,,,,,,,,,,
uniform,Uniform,ok,ok,1.7092999769374728e-05,False,,none,347.42101726288024,5211315.258943204,1.0,3.357142857142857,1552306.672876699,76781250000.0,2.0255998281153943e+18,2.0255998281153943e+18,2.0255998281153943e+18,4.936809265680052e-19,0.10532073506634214,-13.256466474732292,-9.684463547443015,0.015625,0.0,64.0,0.0,76781250000.0,76781250000.0,5.211315258943204,1.552306672876699,76781250000.0,2.0255998281153943e+18,2.0255998281153943e+18,2.0255998281153943e+18,0.0,0.0,2.810909296764836e+18,106548749879.69733,26381438.54281344,4.684848827941393e+18,177581250000.0,0.6,0.08940612891655719,False,False,False,False,-0.27937915661429524,False,False,True,-13.256466474732292,-13.456972739469613,-13.256466474732292,-13.256466474732292,0.0,True,0.25,4.0,32.0,-1.4973958333333334e-06,1.0416666666666667e-06,3,natural_tdl,,,,,,,,,,,,,,,,,,,,,,,,,,,,,,,,,
water_filling,Water-filling,ok,ok,0.00017956699957721867,False,,none,347.4424702177313,5211637.053265969,0.9999999999995399,3.3571428571415427,1552402.5265053646,76110071374.4299,2.0078931704536668e+18,2.0078931704536668e+18,2.0070902886441853e+18,4.980344645397933e-19,0.10578410256207656,-13.490989160991688,-9.904978423073524,0.015925500948226198,1.2202020873022858e-07,64.0,5516.664496498951,76079637787.29799,76079637787.26299,5.211637053265969,1.5524025265053645,76110071374.4299,2.0078931704536668e+18,2.0070902886441853e+18,2.0078931704536668e+18,0.03998628120738453,5516.664496498951,2.810909296764836e+18,106548749879.69733,26381438.54281344,4.684848827941393e+18,177581250000.0,0.6,0.08940612891655719,False,False,False,False,-0.28596405051055585,False,False,True,-13.256466474732292,-13.672506139577326,-13.490989160991688,-13.490989160991688,0.2345226862593961,True,0.25,4.0,32.0,-1.4973958333333334e-06,1.0416666666666667e-06,3,natural_tdl,0.016104124980574303,,,,,,,,,,,,,,,,,,,,,,,,,,,,,,,,
conventional_s2,Conventional $S_2$,ok,optimal,0.007671799998206552,False,,conventional_s2,340.03772306733066,5100565.8460099595,0.9999999986255282,3.357142853215795,1519317.4878227615,106548749774.45258,2.8109092939883274e+18,2.8109092939883274e+18,2.8101060070272896e+18,3.55756766018275e-19,0.08940612896071316,-7.955724270997896,-2.218240031162908,0.0400722286474278,5.3072135186904215e-05,64.0,5518.056238951323,106518300976.2446,106518300829.8382,5.100565846009959,1.5193174878227615,106548749774.45258,2.810909293988328e+18,2.8101060070272896e+18,2.8109092939883274e+18,0.028577477144346435,5518.056238951323,2.810909296764836e+18,106548749879.69733,26381438.54281344,4.684848827941393e+18,177581250000.0,0.6,0.08940612891655719,True,False,True,True,-0.0002857757589228409,True,False,True,-13.256466474732292,-7.955724270997896,-7.943710153570565,-7.943710153570565,-5.312756321161727,False,0.25,4.0,32.0,-1.3346354166666666e-06,1.0416666666666667e-06,3,natural_tdl,,known_amplitude_linear,106548749879.69733,,,,,,,,,,,,,,,,,,,,,,,,,,,,,,
conventional_s2_psl,Conventional $S_2$+PSL,infeasible,infeasible,0.4506461370001489,False,max_rate_isac: problem is infeasible (solver CLARABEL),conventional_s2,,,,,,,,,,,,,,,,,,,,,,,,,,,,2.810909296764836e+18,106548749879.69733,26381438.54281344,4.684848827941393e+18,177581250000.0,0.6,0.08940612891655719,False,False,,,,False,,True,-13.256466474732292,,,,,False,,,,,,3,natural_tdl,,,,,,,,,,,,,,,,,,,,,,,,,,,,,,,,,
exact_efim,Exact EFIM,ok,optimal,0.009785840000404278,False,,exact_efim,340.0327214399309,5100490.821598964,0.9999999986763907,3.3571428533611165,1519295.140060077,106552633795.55872,2.8110117600524385e+18,2.8110117600524385e+18,2.8109092873875123e+18,3.5574379809117034e-19,0.08940449944465102,-7.954956994160208,-2.21608472533212,0.04014706598187203,5.3038760087752154e-05,64.0,1970.8554787394505,106548749665.27469,106548749524.24577,5.100490821598964,1.519295140060077,106552633795.55872,2.8110117600524385e+18,2.8109092873875123e+18,2.8110117600524385e+18,0.003645401502137309,1970.8554787394505,2.810909296764836e+18,106548749879.69733,26381438.54281344,4.684848827941393e+18,177581250000.0,0.6,0.08940612891655719,True,True,True,True,-3.3360462860870884e-09,False,False,True,-13.256466474732292,-7.954956994160208,-7.942869475998356,-7.942869475998356,-5.313596998733936,False,0.25,4.0,32.0,-1.3346354166666666e-06,1.0416666666666667e-06,3,natural_tdl,,unknown_amplitude_exact,,,,,,2.810909296764836e+18,106548749879.69733,quad_over_lin,1e-12,,,,,,,,,,,,,,,,,,,,,,
exact_efim_sampled_psl,Exact EFIM+sampled PSL,infeasible,infeasible,0.46302842300065095,False,max_rate_isac: problem is infeasible (solver CLARABEL),exact_efim,,,,,,,,,,,,,,,,,,,,,,,,,,,,2.810909296764836e+18,106548749879.69733,26381438.54281344,4.684848827941393e+18,177581250000.0,0.6,0.08940612891655719,False,False,,,,False,,True,-13.256466474732292,,,,,False,,,,,,3,natural_tdl,,,,,,,,,,,,,,,,,,,,,,,,,,,,,,,,,
exact_efim_cutting_plane_psl,Exact EFIM+cutting-plane PSL,infeasible,infeasible,0.4302005680001457,False,max_rate_isac: problem is infeasible (solver CLARABEL),exact_efim,,,,,,,,,,,,,,,,,,,,,,,,,,,,2.810909296764836e+18,106548749879.69733,26381438.54281344,4.684848827941393e+18,177581250000.0,0.6,0.08940612891655719,False,False,,,,False,,True,-13.256466474732292,,,,,False,,,,,,3,natural_tdl,,,,,,,,,,,,,,,,,,,,,,,,,,,,,,,,,
exact_efim_cutting_plane_psl_ee,Exact EFIM+cutting-plane PSL+EE,infeasible,infeasible,0.46011597200049437,False,dinkelbach_ee_isac[iter 1]: problem is infeasible (solver CLARABEL),exact_efim,,,,,,,,,,,,,,,,,,,,,,,,,,,,2.810909296764836e+18,106548749879.69733,26381438.54281344,4.684848827941393e+18,177581250000.0,0.6,0.08940612891655719,False,False,,,,False,,True,-13.256466474732292,,,,,False,,,,,,3,natural_tdl,,,,,,,,,,,,,,,,,,,,,,,,,,,,,,,,,
uniform,Uniform,ok,ok,1.50500018207822e-05,False,,none,347.42101726288024,5211315.258943204,1.0,3.357142857142857,1552306.672876699,76781250000.0,2.0255998281153943e+18,2.0255998281153943e+18,2.0255998281153943e+18,4.936809265680052e-19,0.10532073506634214,-13.256466474732292,-9.684463547443015,0.015625,0.0,64.0,0.0,76781250000.0,76781250000.0,5.211315258943204,1.552306672876699,76781250000.0,2.0255998281153943e+18,2.0255998281153943e+18,2.0255998281153943e+18,0.0,0.0,3.279394179558975e+18,124306874859.64688,26381438.54281344,4.684848827941393e+18,177581250000.0,0.7,0.08277399119380457,False,False,False,False,-0.3823249913836816,False,False,True,-13.256466474732292,-13.456972739469613,-13.256466474732292,-13.256466474732292,0.0,True,0.25,4.0,32.0,-1.4973958333333334e-06,1.0416666666666667e-06,3,natural_tdl,,,,,,,,,,,,,,,,,,,,,,,,,,,,,,,,,
water_filling,Water-filling,ok,ok,0.000176084999111481,False,,none,347.4424702177313,5211637.053265969,0.9999999999995399,3.3571428571415427,1552402.5265053646,76110071374.4299,2.0078931704536668e+18,2.0078931704536668e+18,2.0070902886441853e+18,4.980344645397933e-19,0.10578410256207656,-13.490989160991688,-9.904978423073524,0.015925500948226198,1.2202020873022858e-07,64.0,5516.664496498951,76079637787.29799,76079637787.26299,5.211637053265969,1.5524025265053645,76110071374.4299,2.0078931704536668e+18,2.0070902886441853e+18,2.0078931704536668e+18,0.03998628120738453,5516.664496498951,3.279394179558975e+18,124306874859.64688,26381438.54281344,4.684848827941393e+18,177581250000.0,0.7,0.08277399119380457,False,False,False,False,-0.38796918615190495,False,False,True,-13.256466474732292,-13.672506139577326,-13.490989160991688,-13.490989160991688,0.2345226862593961,True,0.25,4.0,32.0,-1.4973958333333334e-06,1.0416666666666667e-06,3,natural_tdl,0.016104124980574303,,,,,,,,,,,,,,,,,,,,,,,,,,,,,,,,
conventional_s2,Conventional $S_2$,ok,optimal,0.0075369510013842955,False,,conventional_s2,329.8005627881271,4947008.441821906,0.9999999982307989,3.357142852087997,1473576.9848891243,124306874680.939,3.279394174844404e+18,3.279394174844404e+18,3.2787103260441503e+18,3.049343710099889e-19,0.08277399125330397,-6.045777375752982,1.1149478132033672,0.0624999958948939,0.00015858330747008207,64.0,5091.324855575298,124280953312.07787,124280953092.19986,4.947008441821906,1.4735769848891243,124306874680.939,3.279394174844404e+18,3.2787103260441503e+18,3.279394174844404e+18,0.02085290037713744,5091.324855575298,3.279394179558975e+18,124306874859.64688,26381438.54281344,4.684848827941393e+18,177581250000.0,0.7,0.08277399119380457,True,False,True,True,-0.00020853044110625066,True,False,True,-13.256466474732292,-6.106559071015861,-6.038153994908239,-6.038153994908239,-7.218312479824053,False,0.25,4.0,32.0,-1.2695312500000002e-06,1.0416666666666667e-06,3,natural_tdl,,known_amplitude_linear,124306874859.64688,,,,,,,,,,,,,,,,,,,,,,,,,,,,,,
conventional_s2_psl,Conventional $S_2$+PSL,infeasible,infeasible,0.44920242900116136,False,max_rate_isac: problem is infeasible (solver CLARABEL),conventional_s2,,,,,,,,,,,,,,,,,,,,,,,,,,,,3.279394179558975e+18,124306874859.64688,26381438.54281344,4.684848827941393e+18,177581250000.0,0.7,0.08277399119380457,False,False,,,,False,,True,-13.256466474732292,,,,,False,,,,,,3,natural_tdl,,,,,,,,,,,,,,,,,,,,,,,,,,,,,,,,,
exact_efim,Exact EFIM,ok,optimal,0.009483275000093272,False,,exact_efim,329.79577406785984,4946936.611017898,0.9999999983201568,3.3571428523433053,1473555.5883673246,124308653613.7423,3.279441105650826e+18,3.279441105650826e+18,3.279394166675851e+18,3.0493000721278194e-19,0.0827733989779843,-6.045569929290734,1.1173862149970035,0.062499996326211706,0.00015859444489006,64.0,1333.8824681744138,124306874580.12244,124306874371.30638,4.946936611017898,1.4735555883673246,124308653613.7423,3.279441105650826e+18,3.279394166675851e+18,3.279441105650826e+18,0.0014313101977836147,1333.8824681744138,3.279394179558975e+18,124306874859.64688,26381438.54281344,4.684848827941393e+18,177581250000.0,0.7,0.08277399119380457,True,True,True,True,-3.928507376241233e-09,False,False,True,-13.256466474732292,-6.1060861607460755,-6.0378044726884115,-6.0378044726884115,-7.218662002043881,False,0.25,4.0,32.0,-1.2695312500000002e-06,1.0416666666666667e-06,3,natural_tdl,,unknown_amplitude_exact,,,,,,3.279394179558975e+18,124306874859.64688,quad_over_lin,1e-12,,,,,,,,,,,,,,,,,,,,,,
exact_efim_sampled_psl,Exact EFIM+sampled PSL,infeasible,infeasible,0.4513700490024348,False,max_rate_isac: problem is infeasible (solver CLARABEL),exact_efim,,,,,,,,,,,,,,,,,,,,,,,,,,,,3.279394179558975e+18,124306874859.64688,26381438.54281344,4.684848827941393e+18,177581250000.0,0.7,0.08277399119380457,False,False,,,,False,,True,-13.256466474732292,,,,,False,,,,,,3,natural_tdl,,,,,,,,,,,,,,,,,,,,,,,,,,,,,,,,,
exact_efim_cutting_plane_psl,Exact EFIM+cutting-plane PSL,infeasible,infeasible,0.45402183499754756,False,max_rate_isac: problem is infeasible (solver CLARABEL),exact_efim,,,,,,,,,,,,,,,,,,,,,,,,,,,,3.279394179558975e+18,124306874859.64688,26381438.54281344,4.684848827941393e+18,177581250000.0,0.7,0.08277399119380457,False,False,,,,False,,True,-13.256466474732292,,,,,False,,,,,,3,natural_tdl,,,,,,,,,,,,,,,,,,,,,,,,,,,,,,,,,
exact_efim_cutting_plane_psl_ee,Exact EFIM+cutting-plane PSL+EE,infeasible,infeasible,0.45701958400240983,False,dinkelbach_ee_isac[iter 1]: problem is infeasible (solver CLARABEL),exact_efim,,,,,,,,,,,,,,,,,,,,,,,,,,,,3.279394179558975e+18,124306874859.64688,26381438.54281344,4.684848827941393e+18,177581250000.0,0.7,0.08277399119380457,False,False,,,,False,,True,-13.256466474732292,,,,,False,,,,,,3,natural_tdl,,,,,,,,,,,,,,,,,,,,,,,,,,,,,,,,,
uniform,Uniform,ok,ok,1.4869001461192966e-05,False,,none,347.42101726288024,5211315.258943204,1.0,3.357142857142857,1552306.672876699,76781250000.0,2.0255998281153943e+18,2.0255998281153943e+18,2.0255998281153943e+18,4.936809265680052e-19,0.10532073506634214,-13.256466474732292,-9.684463547443015,0.015625,0.0,64.0,0.0,76781250000.0,76781250000.0,5.211315258943204,1.552306672876699,76781250000.0,2.0255998281153943e+18,2.0255998281153943e+18,2.0255998281153943e+18,0.0,0.0,3.747879062353115e+18,142064999839.59647,26381438.54281344,4.684848827941393e+18,177581250000.0,0.8,0.07742797889576501,False,False,False,False,-0.4595343674607215,False,False,True,-13.256466474732292,-13.456972739469613,-13.256466474732292,-13.256466474732292,0.0,True,0.25,4.0,32.0,-1.4973958333333334e-06,1.0416666666666667e-06,3,natural_tdl,,,,,,,,,,,,,,,,,,,,,,,,,,,,,,,,,
water_filling,Water-filling,ok,ok,0.0002001290013140533,False,,none,347.4424702177313,5211637.053265969,0.9999999999995399,3.3571428571415427,1552402.5265053646,76110071374.4299,2.0078931704536668e+18,2.0078931704536668e+18,2.0070902886441853e+18,4.980344645397933e-19,0.10578410256207656,-13.490989160991688,-9.904978423073524,0.015925500948226198,1.2202020873022858e-07,64.0,5516.664496498951,76079637787.29799,76079637787.26299,5.211637053265969,1.5524025265053645,76110071374.4299,2.0078931704536668e+18,2.0070902886441853e+18,2.0078931704536668e+18,0.03998628120738453,5516.664496498951,3.747879062353115e+18,142064999839.59647,26381438.54281344,4.684848827941393e+18,177581250000.0,0.8,0.07742797889576501,False,False,False,False,-0.464473037882917,False,False,True,-13.256466474732292,-13.672506139577326,-13.490989160991688,-13.490989160991688,0.2345226862593961,True,0.25,4.0,32.0,-1.4973958333333334e-06,1.0416666666666667e-06,3,natural_tdl,0.016104124980574303,,,,,,,,,,,,,,,,,,,,,,,,,,,,,,,,
conventional_s2,Conventional $S_2$,ok,optimal,0.007788707000145223,False,,conventional_s2,313.6730503688855,4705095.755533283,0.999999997536444,3.357142850104126,1401517.8875654184,142064999518.66235,3.7478790538864123e+18,3.7478790538864123e+18,3.74739816888186e+18,2.668175748529123e-19,0.07742797898322243,-4.076760412371263,3.2666203131876554,0.06249999921420042,0.00029683504420408317,64.0,4269.444586748433,142046771711.5681,142046771361.62793,4.705095755533283,1.4015178875654184,142064999518.66235,3.747879053886412e+18,3.74739816888186e+18,3.7478790538864123e+18,0.012830857069774756,4269.444586748433,3.747879062353115e+18,142064999839.59647,26381438.54281344,4.684848827941393e+18,177581250000.0,0.8,0.07742797889576501,True,False,True,True,-0.00012831082947300596,True,False,True,-13.256466474732292,-4.324727267573132,-4.0632567998085225,-4.0632567998085225,-9.19320967492377,False,0.25,4.0,32.0,-1.2044270833333335e-06,1.0416666666666667e-06,3,natural_tdl,,known_amplitude_linear,142064999839.59647,,,,,,,,,,,,,,,,,,,,,,,,,,,,,,
conventional_s2_psl,Conventional $S_2$+PSL,infeasible,infeasible,0.4131346520007355,False,max_rate_isac: problem is infeasible (solver CLARABEL),conventional_s2,,,,,,,,,,,,,,,,,,,,,,,,,,,,3.747879062353115e+18,142064999839.59647,26381438.54281344,4.684848827941393e+18,177581250000.0,0.8,0.07742797889576501,False,False,,,,False,,True,-13.256466474732292,,,,,False,,,,,,3,natural_tdl,,,,,,,,,,,,,,,,,,,,,,,,,,,,,,,,,
exact_efim,Exact EFIM,ok,optimal,0.009527753001748351,False,,exact_efim,313.6673397407392,4705010.096111088,0.9999999975619478,3.3571428501769938,1401492.3719623764,142066275908.99106,3.747912726899426e+18,3.747912726899426e+18,3.74787904117324e+18,2.6681517763816243e-19,0.07742763115772729,-4.076798635758431,3.268423807658113,0.06249999917023988,0.0002968644673042157,64.0,1129.9877124032796,142064999383.12585,142064999036.76398,4.705010096111088,1.4014923719623764,142066275908.99106,3.7479127268994253e+18,3.74787904117324e+18,3.747912726899426e+18,0.000898786301618382,1129.9877124032796,3.747879062353115e+18,142064999839.59647,26381438.54281344,4.684848827941393e+18,177581250000.0,0.8,0.07742797889576501,True,True,True,True,-5.651162957937645e-09,False,False,True,-13.256466474732292,-4.32458745591788,-4.063393633500526,-4.063393633500526,-9.193072841231766,False,0.25,4.0,32.0,-1.2044270833333335e-06,1.0416666666666667e-06,3,natural_tdl,,unknown_amplitude_exact,,,,,,3.747879062353115e+18,142064999839.59647,quad_over_lin,1e-12,,,,,,,,,,,,,,,,,,,,,,
exact_efim_sampled_psl,Exact EFIM+sampled PSL,infeasible,infeasible,0.4482944289993611,False,max_rate_isac: problem is infeasible (solver CLARABEL),exact_efim,,,,,,,,,,,,,,,,,,,,,,,,,,,,3.747879062353115e+18,142064999839.59647,26381438.54281344,4.684848827941393e+18,177581250000.0,0.8,0.07742797889576501,False,False,,,,False,,True,-13.256466474732292,,,,,False,,,,,,3,natural_tdl,,,,,,,,,,,,,,,,,,,,,,,,,,,,,,,,,
exact_efim_cutting_plane_psl,Exact EFIM+cutting-plane PSL,infeasible,infeasible,0.4501214140000229,False,max_rate_isac: problem is infeasible (solver CLARABEL),exact_efim,,,,,,,,,,,,,,,,,,,,,,,,,,,,3.747879062353115e+18,142064999839.59647,26381438.54281344,4.684848827941393e+18,177581250000.0,0.8,0.07742797889576501,False,False,,,,False,,True,-13.256466474732292,,,,,False,,,,,,3,natural_tdl,,,,,,,,,,,,,,,,,,,,,,,,,,,,,,,,,
exact_efim_cutting_plane_psl_ee,Exact EFIM+cutting-plane PSL+EE,infeasible,infeasible,0.4483861059998162,False,dinkelbach_ee_isac[iter 1]: problem is infeasible (solver CLARABEL),exact_efim,,,,,,,,,,,,,,,,,,,,,,,,,,,,3.747879062353115e+18,142064999839.59647,26381438.54281344,4.684848827941393e+18,177581250000.0,0.8,0.07742797889576501,False,False,,,,False,,True,-13.256466474732292,,,,,False,,,,,,3,natural_tdl,,,,,,,,,,,,,,,,,,,,,,,,,,,,,,,,,
uniform,Uniform,ok,ok,1.5366000297944993e-05,False,,none,283.3797387680271,4250696.0815204065,1.0,3.357142857142857,1266164.790240121,76781250000.0,2.0255998281153943e+18,2.0255998281153943e+18,2.0255998281153943e+18,4.936809265680052e-19,0.10532073506634214,-13.256466474732292,-9.684463547443015,0.015625,0.0,64.0,0.0,76781250000.0,76781250000.0,4.250696081520407,1.266164790240121,76781250000.0,2.0255998281153943e+18,2.0255998281153943e+18,2.0255998281153943e+18,0.0,0.0,7.02727324191209e+17,26637187469.92433,26381438.54281344,4.684848827941393e+18,177581250000.0,0.15,0.17881225783311439,False,True,True,True,1.882483373542819,False,False,True,-13.256466474732292,-13.456972739469613,-13.256466474732292,-13.256466474732292,0.0,True,0.25,4.0,32.0,-1.4973958333333334e-06,1.0416666666666667e-06,4,natural_tdl,,,,,,,,,,,,,,,,,,,,,,,,,,,,,,,,,
water_filling,Water-filling,ok,ok,0.00018585199723020196,False,,none,283.3960827872328,4250941.241808492,0.9999999999999141,3.3571428571426116,1266237.816709005,77226257262.28027,2.0373397598563471e+18,2.0373397598563471e+18,2.0371290454294956e+18,4.908361480514718e-19,0.10501684745464554,-13.154360125892401,-9.528694772752601,0.01626062077189694,9.547073760588888e-08,64.0,-2826.1675071084164,77218270039.50868,77218270039.50204,4.2509412418084915,1.2662378167090051,77226257262.28027,2.0373397598563471e+18,2.0371290454294956e+18,2.0373397598563471e+18,0.010342625761470511,2826.1675071084164,7.02727324191209e+17,26637187469.92433,26381438.54281344,4.684848827941393e+18,177581250000.0,0.15,0.17881225783311439,False,True,True,True,1.8988897617921596,False,False,True,-13.256466474732292,-13.37198697993152,-13.154360125892401,-13.154360125892401,-0.10210634883989123,True,0.25,4.0,32.0,-1.4973958333333334e-06,1.0416666666666667e-06,4,natural_tdl,0.01646554980757564,,,,,,,,,,,,,,,,,,,,,,,,,,,,,,,,
conventional_s2,Conventional $S_2$,ok,optimal,0.007492564000131097,False,,conventional_s2,283.3960826290144,4250941.239435216,0.9999999988653139,3.357142853900897,1266237.8172247729,77226232912.71864,2.0373391174798833e+18,2.0373391174798833e+18,2.037128692990928e+18,4.90836302812938e-19,0.1050168640106389,-13.154298667236421,-9.52869808732405,0.016260646014119085,9.544118177787195e-08,64.0,-2824.2224707240844,77218256767.78203,77218256680.16354,4.250941239435217,1.2662378172247728,77226232912.71864,2.0373391174798833e+18,2.037128692990928e+18,2.0373391174798833e+18,0.010328397818016652,2824.2224707240844,7.02727324191209e+17,26637187469.92433,26381438.54281344,4.684848827941393e+18,177581250000.0,0.15,0.17881225783311439,True,True,True,True,1.89888926026254,False,False,True,-13.256466474732292,-13.371918289673413,-13.154298667236421,-13.154298667236421,-0.10216780749587073,True,0.25,4.0,32.0,-1.4973958333333334e-06,1.0416666666666667e-06,4,natural_tdl,,known_amplitude_linear,26637187469.92433,,,,,,,,,,,,,,,,,,,,,,,,,,,,,,
conventional_s2_psl,Conventional $S_2$+PSL,ok,optimal,0.49180520699883346,False,,conventional_s2,283.3960827676864,4250941.241515296,0.9999999997784879,3.3571428565099657,1266237.8168602895,77226279769.54971,2.0373403536304924e+18,2.0373403536304924e+18,2.037129655847372e+18,4.908360049993726e-19,0.10501683215128857,-13.154357234604799,-9.528688529032163,0.016260608917630946,9.546661979269894e-08,64.0,-2826.0558897653086,77218293194.76419,77218293177.65941,4.250941241515296,1.2662378168602895,77226279769.54971,2.0373403536304924e+18,2.037129655847372e+18,2.0373403536304924e+18,0.010341805812903353,2826.0558897653086,7.02727324191209e+17,26637187469.92433,26381438.54281344,4.684848827941393e+18,177581250000.0,0.15,0.17881225783311439,True,True,True,True,1.8988906304333175,False,False,True,-13.256466474732292,-13.371985258646372,-13.154357234604799,-13.154357234604799,-0.10210924012749345,True,0.25,4.0,32.0,-1.4973958333333334e-06,1.0416666666666667e-06,4,natural_tdl,,known_amplitude_linear,26637187469.92433,-13.256466474732292,0.2173585239870126,249.0,1.0416666666666667e-06,,,,,,,,,,,,,,,,,,,,,,,,,,
exact_efim,Exact EFIM,ok,optimal,0.009603503996913787,False,,exact_efim,283.39608255492016,4250941.238323802,0.9999999984922721,3.357142852835063,1266237.8172957215,77226622934.27965,2.0373494068097257e+18,2.0373494068097257e+18,2.0371385143595694e+18,4.908338239172703e-19,0.1050165988242861,-13.154213240593526,-9.528565851061098,0.01625962182338001,9.552398914348733e-08,64.0,-2827.3611091859107,77218629079.87465,77218628963.44997,4.2509412383238026,1.2662378172957216,77226622934.27965,2.0373494068097254e+18,2.0371385143595694e+18,2.0373494068097257e+18,0.010351314774549317,2827.3611091859107,7.02727324191209e+17,26637187469.92433,26381438.54281344,4.684848827941393e+18,177581250000.0,0.15,0.17881225783311439,True,True,True,True,1.8989032363359093,False,False,True,-13.256466474732292,-13.371850430532282,-13.154213240593526,-13.154213240593526,-0.1022532341387663,True,0.25,4.0,32.0,-1.4973958333333334e-06,1.0416666666666667e-06,4,natural_tdl,,unknown_amplitude_exact,,,,,,7.02727324191209e+17,26637187469.92433,quad_over_lin,1e-12,,,,,,,,,,,,,,,,,,,,,,
exact_efim_sampled_psl,Exact EFIM+sampled PSL,ok,optimal,0.5023654639990127,False,,exact_efim,283.3960827559739,4250941.241339609,0.9999999997311176,3.357142856374622,1266237.816859006,77226196914.5297,2.037338167795874e+18,2.037338167795874e+18,2.0371275497022659e+18,4.908365316111785e-19,0.1050168884868958,-13.15437357033018,-9.528715698017416,0.016260776724636584,9.545554987753835e-08,64.0,-2825.521407905854,77218213364.06793,77218213343.30531,4.250941241339609,1.266237816859006,77226196914.5297,2.037338167795874e+18,2.0371275497022659e+18,2.037338167795874e+18,0.010337905456120348,2825.521407905854,7.02727324191209e+17,26637187469.92433,26381438.54281344,4.684848827941393e+18,177581250000.0,0.15,0.17881225783311439,True,True,True,True,1.8988876333318334,False,False,True,-13.256466474732292,-13.371997246691647,-13.15437357033018,-13.15437357033018,-0.10209290440211305,True,0.25,4.0,32.0,-1.4973958333333334e-06,1.0416666666666667e-06,4,natural_tdl,,unknown_amplitude_exact,,-13.256466474732292,0.2173585239870126,249.0,1.0416666666666667e-06,7.02727324191209e+17,26637187469.92433,quad_over_lin,1e-12,,,,,,,,,,,,,,,,,,,,,,
exact_efim_cutting_plane_psl,Exact EFIM+cutting-plane PSL,ok,optimal,0.4785508580025635,False,,exact_efim,283.3960827559739,4250941.241339609,0.9999999997311176,3.357142856374622,1266237.816859006,77226196914.5297,2.037338167795874e+18,2.037338167795874e+18,2.0371275497022659e+18,4.908365316111785e-19,0.1050168884868958,-13.15437357033018,-9.528715698017416,0.016260776724636584,9.545554987753835e-08,64.0,-2825.521407905854,77218213364.06793,77218213343.30531,4.250941241339609,1.266237816859006,77226196914.5297,2.037338167795874e+18,2.0371275497022659e+18,2.037338167795874e+18,0.010337905456120348,2825.521407905854,7.02727324191209e+17,26637187469.92433,26381438.54281344,4.684848827941393e+18,177581250000.0,0.15,0.17881225783311439,True,True,True,True,1.8988876333318334,False,False,True,-13.256466474732292,-13.371997246691647,-13.15437357033018,-13.15437357033018,-0.10209290440211305,True,0.25,4.0,32.0,-1.4973958333333334e-06,1.0416666666666667e-06,4,natural_tdl,,unknown_amplitude_exact,,-13.256466474732292,0.2173585239870126,249.0,1.0416666666666667e-06,7.02727324191209e+17,26637187469.92433,quad_over_lin,1e-12,-9.528522477901767,-0.10209290440211305,249.0,1985.0,1.0,249.0,True,1.0,dense_psl_satisfied,False,0.4785508580025635,0.0,249.0,-13.15437357033018,-13.371997246691647,,0.0,,,,,
exact_efim_cutting_plane_psl_ee,Exact EFIM+cutting-plane PSL+EE,ok,optimal,0.9442655019993254,False,,exact_efim,181.0865823079563,2716298.7346193446,0.3007192421945659,1.359197834841617,1998457.226012184,26642290961.771896,7.028619616477393e+17,7.028619616477393e+17,7.02727318610906e+17,1.422754473233509e-18,0.17879513072855124,-13.007425392294142,-5.466490786593777,0.010045781915130707,1.6992445678083356e-06,64.0,-4119.66691237244,88578260120.66827,26637187258.4005,2.7162987346193446,1.998457226012184,26642290961.771896,7.028619616477393e+17,7.02727318610906e+17,7.028619616477393e+17,0.019156398294429323,4119.66691237244,7.02727324191209e+17,26637187469.92433,26381438.54281344,4.684848827941393e+18,177581250000.0,0.15,0.17881225783311439,True,True,True,True,-7.940922152731925e-09,False,False,True,-13.256466474732292,-13.25646637099319,-13.007425392294142,-13.007425392294142,-0.2490410824381506,True,0.25,4.0,32.0,-1.3671875e-06,1.0416666666666667e-06,4,natural_tdl,,unknown_amplitude_exact,,-13.256466474732292,0.2173585239870126,249.0,1.0416666666666667e-06,7.02727324191209e+17,26637187469.92433,quad_over_lin,1e-12,-5.469258791181839,-0.2490410824381506,249.0,1985.0,1.0,249.0,True,1.0,dense_psl_satisfied,False,0.9442655019993254,0.0,249.0,-13.007425392294142,-13.25646637099319,,0.0,5.0,True,1998457.2259738485,5.210563540458679e-05,0.8702374170024996
uniform,Uniform,ok,ok,1.3806999049847946e-05,False,,none,283.3797387680271,4250696.0815204065,1.0,3.357142857142857,1266164.790240121,76781250000.0,2.0255998281153943e+18,2.0255998281153943e+18,2.0255998281153943e+18,4.936809265680052e-19,0.10532073506634214,-13.256466474732292,-9.684463547443015,0.015625,0.0,64.0,0.0,76781250000.0,76781250000.0,4.250696081520407,1.266164790240121,76781250000.0,2.0255998281153943e+18,2.0255998281153943e+18,2.0255998281153943e+18,0.0,0.0,1.1712122069853484e+18,44395312449.873886,26381438.54281344,4.684848827941393e+18,177581250000.0,0.25,0.13850737933707974,False,True,True,True,0.7294900241256913,False,False,True,-13.256466474732292,-13.456972739469613,-13.256466474732292,-13.256466474732292,0.0,True,0.25,4.0,32.0,-1.4973958333333334e-06,1.0416666666666667e-06,4,natural_tdl,,,,,,,,,,,,,,,,,,,,,,,,,,,,,,,,,
water_filling,Water-filling,ok,ok,0.00019800700101768598,False,,none,283.3960827872328,4250941.241808492,0.9999999999999141,3.3571428571426116,1266237.816709005,77226257262.28027,2.0373397598563471e+18,2.0373397598563471e+18,2.0371290454294956e+18,4.908361480514718e-19,0.10501684745464554,-13.154360125892401,-9.528694772752601,0.01626062077189694,9.547073760588888e-08,64.0,-2826.1675071084164,77218270039.50868,77218270039.50204,4.2509412418084915,1.2662378167090051,77226257262.28027,2.0373397598563471e+18,2.0371290454294956e+18,2.0373397598563471e+18,0.010342625761470511,2826.1675071084164,1.1712122069853484e+18,44395312449.873886,26381438.54281344,4.684848827941393e+18,177581250000.0,0.25,0.13850737933707974,False,True,True,True,0.7393338570752958,False,False,True,-13.256466474732292,-13.37198697993152,-13.154360125892401,-13.154360125892401,-0.10210634883989123,True,0.25,4.0,32.0,-1.4973958333333334e-06,1.0416666666666667e-06,4,natural_tdl,0.01646554980757564,,,,,,,,,,,,,,,,,,,,,,,,,,,,,,,,
conventional_s2,Conventional $S_2$,ok,optimal,0.0074697339987324085,False,,conventional_s2,283.39608258518,4250941.2387777,0.9999999985528694,3.3571428530081984,1266237.8173656224,77226165472.00174,2.0373373382967552e+18,2.0373373382967552e+18,2.037126428444611e+18,4.908367314546029e-19,0.10501690986563508,-13.154467665263596,-9.528742322079722,0.016260677413014506,9.543167587578047e-08,64.0,-2827.4777578660737,77218170953.28687,77218170841.54208,4.2509412387777,1.2662378173656224,77226165472.00174,2.0373373382967552e+18,2.037126428444611e+18,2.0373373382967552e+18,0.010352230245799737,2827.4777578660737,1.1712122069853484e+18,44395312449.873886,26381438.54281344,4.684848827941393e+18,177581250000.0,0.25,0.13850737933707974,True,True,True,True,0.7393316226511077,False,False,True,-13.256466474732292,-13.372096139536243,-13.154467665263596,-13.154467665263596,-0.10199880946869655,True,0.25,4.0,32.0,-1.4973958333333334e-06,1.0416666666666667e-06,4,natural_tdl,,known_amplitude_linear,44395312449.873886,,,,,,,,,,,,,,,,,,,,,,,,,,,,,,
conventional_s2_psl,Conventional $S_2$+PSL,ok,optimal,0.4680959450015507,False,,conventional_s2,283.3960827688944,4250941.241533416,0.9999999997906208,3.3571428565446313,1266237.8168526122,77226256907.60297,2.0373397504994493e+18,2.0373397504994493e+18,2.0371290361355471e+18,4.908361503057368e-19,0.10501684769580116,-13.154360402131761,-9.52869489324188,0.016260620826054468,9.547076613758725e-08,64.0,-2826.167085253694,77218269703.37875,77218269687.21086,4.2509412415334165,1.2662378168526123,77226256907.60297,2.0373397504994493e+18,2.0371290361355471e+18,2.0373397504994493e+18,0.01034262271918819,2826.167085253694,1.1712122069853484e+18,44395312449.873886,26381438.54281344,4.684848827941393e+18,177581250000.0,0.25,0.13850737933707974,True,True,True,True,0.7393338491399717,False,False,True,-13.256466474732292,-13.371987258874105,-13.154360402131761,-13.154360402131761,-0.10210607260053095,True,0.25,4.0,32.0,-1.4973958333333334e-06,1.0416666666666667e-06,4,natural_tdl,,known_amplitude_linear,44395312449.873886,-13.256466474732292,0.2173585239870126,249.0,1.0416666666666667e-06,,,,,,,,,,,,,,,,,,,,,,,,,,
exact_efim,Exact EFIM,ok,optimal,0.009580212001310429,False,,exact_efim,283.39608269163523,4250941.240374529,0.9999999989683288,3.3571428541952253,1266237.8173935541,77226261703.43973,2.0373398770205222e+18,2.0373398770205222e+18,2.0371291784644178e+18,4.908361198242658e-19,0.10501684443496957,-13.154338593427452,-9.528690461205931,0.01626062787372883,9.547965086490617e-08,64.0,-2826.0610748591384,77218275161.913,77218275082.24913,4.250941240374528,1.2662378173935542,77226261703.43973,2.0373398770205222e+18,2.0371291784644178e+18,2.0373398770205222e+18,0.010341846173088262,2826.0610748591384,1.1712122069853484e+18,44395312449.873886,26381438.54281344,4.684848827941393e+18,177581250000.0,0.25,0.13850737933707974,True,True,True,True,0.7393339706626725,False,False,True,-13.256466474732292,-13.37196195083105,-13.154338593427452,-13.154338593427452,-0.10212788130484007,True,0.25,4.0,32.0,-1.4973958333333334e-06,1.0416666666666667e-06,4,natural_tdl,,unknown_amplitude_exact,,,,,,1.1712122069853484e+18,44395312449.873886,quad_over_lin,1e-12,,,,,,,,,,,,,,,,,,,,,,
exact_efim_sampled_psl,Exact EFIM+sampled PSL,ok,optimal,0.461915826999757,False,,exact_efim,283.3960827736371,4250941.241604556,0.9999999998447817,3.3571428566993764,1266237.8168154366,77226258878.43034,2.0373398024927104e+18,2.0373398024927104e+18,2.0371290873984973e+18,4.908361377795141e-19,0.10501684635577718,-13.15435918136643,-9.528694229495096,0.01626062489851658,9.547077467713658e-08,64.0,-2826.1719827545016,77218271642.34117,77218271630.35548,4.250941241604556,1.2662378168154367,77226258878.43034,2.037339802492711e+18,2.0371290873984973e+18,2.0373398024927104e+18,0.010342658301541427,2826.1719827545016,1.1712122069853484e+18,44395312449.873886,26381438.54281344,4.684848827941393e+18,177581250000.0,0.25,0.13850737933707974,True,True,True,True,0.7393338929091109,False,False,True,-13.256466474732292,-13.371986010261843,-13.15435918136643,-13.15435918136643,-0.10210729336586155,True,0.25,4.0,32.0,-1.4973958333333334e-06,1.0416666666666667e-06,4,natural_tdl,,unknown_amplitude_exact,,-13.256466474732292,0.2173585239870126,249.0,1.0416666666666667e-06,1.1712122069853484e+18,44395312449.873886,quad_over_lin,1e-12,,,,,,,,,,,,,,,,,,,,,,
exact_efim_cutting_plane_psl,Exact EFIM+cutting-plane PSL,ok,optimal,0.4755870769986359,False,,exact_efim,283.3960827736371,4250941.241604556,0.9999999998447817,3.3571428566993764,1266237.8168154366,77226258878.43034,2.0373398024927104e+18,2.0373398024927104e+18,2.0371290873984973e+18,4.908361377795141e-19,0.10501684635577718,-13.15435918136643,-9.528694229495096,0.01626062489851658,9.547077467713658e-08,64.0,-2826.1719827545016,77218271642.34117,77218271630.35548,4.250941241604556,1.2662378168154367,77226258878.43034,2.037339802492711e+18,2.0371290873984973e+18,2.0373398024927104e+18,0.010342658301541427,2826.1719827545016,1.1712122069853484e+18,44395312449.873886,26381438.54281344,4.684848827941393e+18,177581250000.0,0.25,0.13850737933707974,True,True,True,True,0.7393338929091109,False,False,True,-13.256466474732292,-13.371986010261843,-13.15435918136643,-13.15435918136643,-0.10210729336586155,True,0.25,4.0,32.0,-1.4973958333333334e-06,1.0416666666666667e-06,4,natural_tdl,,unknown_amplitude_exact,,-13.256466474732292,0.2173585239870126,249.0,1.0416666666666667e-06,1.1712122069853484e+18,44395312449.873886,quad_over_lin,1e-12,-9.528500989678621,-0.10210729336586155,249.0,1985.0,1.0,249.0,True,1.0,dense_psl_satisfied,False,0.4755870769986359,0.0,249.0,-13.15435918136643,-13.371986010261843,,0.0,,,,,
exact_efim_cutting_plane_psl_ee,Exact EFIM+cutting-plane PSL+EE,ok,optimal,0.9273181349999504,False,,exact_efim,214.7006513710358,3220509.7705655373,0.4749738657232527,1.857068187780722,1734190.3715523703,44396411935.82854,1.1712412130064896e+18,1.1712412130064896e+18,1.1712122020277402e+18,8.537950926718792e-19,0.13850566424508895,-13.25646642107213,-2.7057886807230553,0.026587466562246746,1.4039718201589633e-05,64.0,-1521.5880774828536,93468957906.45639,44395312261.953575,3.2205097705655374,1.7341903715523703,44396411935.82854,1.1712412130064896e+18,1.1712122020277402e+18,1.1712412130064896e+18,0.0024769431289880044,1521.5880774828536,1.1712122069853484e+18,44395312449.873886,26381438.54281344,4.684848827941393e+18,177581250000.0,0.25,0.13850737933707974,True,True,True,True,-4.232886373990823e-09,False,False,True,-13.256466474732292,-13.25646642107213,-13.213410581331884,-13.213410581331884,-0.04305589340040861,True,0.25,4.0,32.0,-1.3346354166666666e-06,1.0416666666666667e-06,4,natural_tdl,,unknown_amplitude_exact,,-13.256466474732292,0.2173585239870126,249.0,1.0416666666666667e-06,1.1712122069853484e+18,44395312449.873886,quad_over_lin,1e-12,-2.7092292019650834,-0.04305589340040861,249.0,1985.0,1.0,249.0,True,1.0,dense_psl_satisfied,False,0.9273181349999504,0.0,249.0,-13.213410581331884,-13.25646642107213,,0.0,5.0,True,1734190.3689495954,0.004833530634641647,0.8811223649972817
uniform,Uniform,ok,ok,1.2952001270605251e-05,False,,none,283.3797387680271,4250696.0815204065,1.0,3.357142857142857,1266164.790240121,76781250000.0,2.0255998281153943e+18,2.0255998281153943e+18,2.0255998281153943e+18,4.936809265680052e-19,0.10532073506634214,-13.256466474732292,-9.684463547443015,0.015625,0.0,64.0,0.0,76781250000.0,76781250000.0,4.250696081520407,1.266164790240121,76781250000.0,2.0255998281153943e+18,2.0255998281153943e+18,2.0255998281153943e+18,0.0,0.0,1.6396970897794875e+18,62153437429.82344,26381438.54281344,4.684848827941393e+18,177581250000.0,0.35,0.11706010095802957,False,True,True,True,0.23535001723263682,False,False,True,-13.256466474732292,-13.456972739469613,-13.256466474732292,-13.256466474732292,0.0,True,0.25,4.0,32.0,-1.4973958333333334e-06,1.0416666666666667e-06,4,natural_tdl,,,,,,,,,,,,,,,,,,,,,,,,,,,,,,,,,
water_filling,Water-filling,ok,ok,0.0001996179998968728,False,,none,283.3960827872328,4250941.241808492,0.9999999999999141,3.3571428571426116,1266237.816709005,77226257262.28027,2.0373397598563471e+18,2.0373397598563471e+18,2.0371290454294956e+18,4.908361480514718e-19,0.10501684745464554,-13.154360125892401,-9.528694772752601,0.01626062077189694,9.547073760588888e-08,64.0,-2826.1675071084164,77218270039.50868,77218270039.50204,4.2509412418084915,1.2662378167090051,77226257262.28027,2.0373397598563471e+18,2.0371290454294956e+18,2.0373397598563471e+18,0.010342625761470511,2826.1675071084164,1.6396970897794875e+18,62153437429.82344,26381438.54281344,4.684848827941393e+18,177581250000.0,0.35,0.11706010095802957,False,True,True,True,0.24238132648235425,False,False,True,-13.256466474732292,-13.37198697993152,-13.154360125892401,-13.154360125892401,-0.10210634883989123,True,0.25,4.0,32.0,-1.4973958333333334e-06,1.0416666666666667e-06,4,natural_tdl,0.01646554980757564,,,,,,,,,,,,,,,,,,,,,,,,,,,,,,,,
conventional_s2,Conventional $S_2$,ok,optimal,0.009323881000455003,False,,conventional_s2,283.39608270770736,4250941.24061561,0.9999999991016215,3.3571428545760615,1266237.8173217229,77226243807.7097,2.03733940490542e+18,2.03733940490542e+18,2.0371286841807854e+18,4.908362335663081e-19,0.10501685660280848,-13.154362634084062,-9.5286999270413,0.016260622502376573,9.546453933132285e-08,64.0,-2826.2097419745437,77218256415.58246,77218256346.21124,4.25094124061561,1.2662378173217228,77226243807.7097,2.0373394049054203e+18,2.0371286841807854e+18,2.03733940490542e+18,0.0103429366814022,2826.2097419745437,1.6396970897794875e+18,62153437429.82344,26381438.54281344,4.684848827941393e+18,177581250000.0,0.35,0.11706010095802957,True,True,True,True,0.24238110616805814,False,False,True,-13.256466474732292,-13.371989185368474,-13.154362634084062,-13.154362634084062,-0.10210384064822975,True,0.25,4.0,32.0,-1.4973958333333334e-06,1.0416666666666667e-06,4,natural_tdl,,known_amplitude_linear,62153437429.82344,,,,,,,,,,,,,,,,,,,,,,,,,,,,,,
conventional_s2_psl,Conventional $S_2$+PSL,ok,optimal,0.4963421379979991,False,,conventional_s2,283.39608276570743,4250941.241485612,0.9999999997692954,3.3571428564837014,1266237.8168613538,77226260663.63173,2.0373398495888914e+18,2.0373398495888914e+18,2.0371290994413816e+18,4.90836126433097e-19,0.10501684514196584,-13.154363683209473,-9.528694504028632,0.01626075429133793,9.547065619078019e-08,64.0,-2826.4070455783203,77218272104.66089,77218272086.84628,4.250941241485611,1.2662378168613537,77226260663.63173,2.0373398495888914e+18,2.0371290994413816e+18,2.0373398495888914e+18,0.010344378604889442,2826.4070455783203,1.6396970897794875e+18,62153437429.82344,26381438.54281344,4.684848827941393e+18,177581250000.0,0.35,0.11706010095802957,True,True,True,True,0.2423813594225152,False,False,True,-13.256466474732292,-13.37199109941982,-13.154363683209473,-13.154363683209473,-0.1021027915228192,True,0.25,4.0,32.0,-1.4973958333333334e-06,1.0416666666666667e-06,4,natural_tdl,,known_amplitude_linear,62153437429.82344,-13.256466474732292,0.2173585239870126,249.0,1.0416666666666667e-06,,,,,,,,,,,,,,,,,,,,,,,,,,
exact_efim,Exact EFIM,ok,optimal,0.00904755399824353,False,,exact_efim,283.39608256123694,4250941.238418554,0.9999999984933701,3.3571428528382006,1266237.8173227622,77226384874.71013,2.0373431264558226e+18,2.0373431264558226e+18,2.0371326068132908e+18,4.908353369712482e-19,0.10501676068727557,-13.154438787286622,-9.528656153957547,0.016261594290260223,9.552374116211347e-08,64.0,-2824.860953244853,77218405151.65654,77218405035.31699,4.250941238418554,1.2662378173227622,77226384874.71013,2.0373431264558226e+18,2.0371326068132908e+18,2.0373431264558226e+18,0.01033304796811824,2824.860953244853,1.6396970897794875e+18,62153437429.82344,26381438.54281344,4.684848827941393e+18,177581250000.0,0.35,0.11706010095802957,True,True,True,True,0.24238349845900614,False,False,True,-13.256466474732292,-13.372077935445612,-13.154438787286622,-13.154438787286622,-0.10202768744566981,True,0.25,4.0,32.0,-1.4973958333333334e-06,1.0416666666666667e-06,4,natural_tdl,,unknown_amplitude_exact,,,,,,1.6396970897794875e+18,62153437429.82344,quad_over_lin,1e-12,,,,,,,,,,,,,,,,,,,,,,
exact_efim_sampled_psl,Exact EFIM+sampled PSL,ok,optimal,0.4756995889983955,False,,exact_efim,283.3960827728708,4250941.241593062,0.9999999998361694,3.35714285667477,1266237.8168212937,77226266403.8809,2.0373400010249219e+18,2.0373400010249219e+18,2.0371292834505393e+18,4.908360899491157e-19,0.10501684123900058,-13.154357495491427,-9.528691878360183,0.016260624821855075,9.54710393052435e-08,64.0,-2826.1886150928535,77218279074.44484,77218279061.79413,4.250941241593062,1.2662378168212938,77226266403.8809,2.0373400010249224e+18,2.0371292834505393e+18,2.0373400010249219e+18,0.01034277902935134,2826.1886150928535,1.6396970897794875e+18,62153437429.82344,26381438.54281344,4.684848827941393e+18,177581250000.0,0.35,0.11706010095802957,True,True,True,True,0.24238147164394852,False,False,True,-13.256466474732292,-13.371984607577241,-13.154357495491427,-13.154357495491427,-0.1021089792408656,True,0.25,4.0,32.0,-1.4973958333333334e-06,1.0416666666666667e-06,4,natural_tdl,,unknown_amplitude_exact,,-13.256466474732292,0.2173585239870126,249.0,1.0416666666666667e-06,1.6396970897794875e+18,62153437429.82344,quad_over_lin,1e-12,,,,,,,,,,,,,,,,,,,,,,
exact_efim_cutting_plane_psl,Exact EFIM+cutting-plane PSL,ok,optimal,0.4828614699981699,False,,exact_efim,283.3960827728708,4250941.241593062,0.9999999998361694,3.35714285667477,1266237.8168212937,77226266403.8809,2.0373400010249219e+18,2.0373400010249219e+18,2.0371292834505393e+18,4.908360899491157e-19,0.10501684123900058,-13.154357495491427,-9.528691878360183,0.016260624821855075,9.54710393052435e-08,64.0,-2826.1886150928535,77218279074.44484,77218279061.79413,4.250941241593062,1.2662378168212938,77226266403.8809,2.0373400010249224e+18,2.0371292834505393e+18,2.0373400010249219e+18,0.01034277902935134,2826.1886150928535,1.6396970897794875e+18,62153437429.82344,26381438.54281344,4.684848827941393e+18,177581250000.0,0.35,0.11706010095802957,True,True,True,True,0.24238147164394852,False,False,True,-13.256466474732292,-13.371984607577241,-13.154357495491427,-13.154357495491427,-0.1021089792408656,True,0.25,4.0,32.0,-1.4973958333333334e-06,1.0416666666666667e-06,4,natural_tdl,,unknown_amplitude_exact,,-13.256466474732292,0.2173585239870126,249.0,1.0416666666666667e-06,1.6396970897794875e+18,62153437429.82344,quad_over_lin,1e-12,-9.528498636209674,-0.1021089792408656,249.0,1985.0,1.0,249.0,True,1.0,dense_psl_satisfied,False,0.4828614699981699,0.0,249.0,-13.154357495491427,-13.371984607577241,,0.0,,,,,
exact_efim_cutting_plane_psl_ee,Exact EFIM+cutting-plane PSL+EE,ok,optimal,0.966383817998576,False,,exact_efim,238.32750246961274,3574912.5370441913,0.6482421842008599,2.3521205262881715,1519867.922196011,62154023712.81615,1.6397125567682284e+18,1.6397125567682284e+18,1.63969708635042e+18,6.098629884075157e-19,0.1170595488577466,-13.085600803339378,-0.9480399407805883,0.04705964842037458,4.6683167621156674e-05,64.0,-951.1152390659399,95879964023.73082,62153437299.84313,3.574912537044191,1.519867922196011,62154023712.81615,1.6397125567682284e+18,1.63969708635042e+18,1.6397125567682284e+18,0.0009434835236533917,951.1152390659399,1.6396970897794875e+18,62153437429.82344,26381438.54281344,4.684848827941393e+18,177581250000.0,0.35,0.11706010095802957,True,True,True,True,-2.0912810917174668e-09,False,False,True,-13.256466474732292,-13.256466449830022,-13.085600803339378,-13.085600803339378,-0.17086567139291375,True,0.25,4.0,32.0,-2.2786458333333335e-06,1.0416666666666667e-06,4,natural_tdl,,unknown_amplitude_exact,,-13.256466474732292,0.2173585239870126,249.0,1.0416666666666667e-06,1.6396970897794875e+18,62153437429.82344,quad_over_lin,1e-12,-0.9515359563768993,-0.17086567139291375,249.0,1985.0,1.0,249.0,True,1.0,dense_psl_satisfied,False,0.966383817998576,0.0,249.0,-13.085600803339378,-13.256466449830022,,0.0,5.0,True,1519867.922856525,-0.0015536085702478886,0.91921273299522
uniform,Uniform,ok,ok,1.3443997886497527e-05,False,,none,283.3797387680271,4250696.0815204065,1.0,3.357142857142857,1266164.790240121,76781250000.0,2.0255998281153943e+18,2.0255998281153943e+18,2.0255998281153943e+18,4.936809265680052e-19,0.10532073506634214,-13.256466474732292,-9.684463547443015,0.015625,0.0,64.0,0.0,76781250000.0,76781250000.0,4.250696081520407,1.266164790240121,76781250000.0,2.0255998281153943e+18,2.0255998281153943e+18,2.0255998281153943e+18,0.0,0.0,2.1081819725736271e+18,79911562409.77301,26381438.54281344,4.684848827941393e+18,177581250000.0,0.45,0.10323730519435335,False,False,False,False,-0.039172208819060424,False,False,True,-13.256466474732292,-13.456972739469613,-13.256466474732292,-13.256466474732292,0.0,True,0.25,4.0,32.0,-1.4973958333333334e-06,1.0416666666666667e-06,4,natural_tdl,,,,,,,,,,,,,,,,,,,,,,,,,,,,,,,,,
water_filling,Water-filling,ok,ok,0.00020004800171591341,False,,none,283.3960827872328,4250941.241808492,0.9999999999999141,3.3571428571426116,1266237.816709005,77226257262.28027,2.0373397598563471e+18,2.0373397598563471e+18,2.0371290454294956e+18,4.908361480514718e-19,0.10501684745464554,-13.154360125892401,-9.528694772752601,0.01626062077189694,9.547073760588888e-08,64.0,-2826.1675071084164,77218270039.50868,77218270039.50204,4.2509412418084915,1.2662378167090051,77226257262.28027,2.0373397598563471e+18,2.0371290454294956e+18,2.0373397598563471e+18,0.010342625761470511,2826.1675071084164,2.1081819725736271e+18,79911562409.77301,26381438.54281344,4.684848827941393e+18,177581250000.0,0.45,0.10323730519435335,False,False,False,False,-0.033703412735946875,False,False,True,-13.256466474732292,-13.37198697993152,-13.154360125892401,-13.154360125892401,-0.10210634883989123,True,0.25,4.0,32.0,-1.4973958333333334e-06,1.0416666666666667e-06,4,natural_tdl,0.01646554980757564,,,,,,,,,,,,,,,,,,,,,,,,,,,,,,,,
conventional_s2,Conventional $S_2$,ok,optimal,0.013387499002419645,False,,conventional_s2,283.33344719805507,4250001.707970826,0.9999999983688614,3.3571428524824616,1265957.9573231845,79911562524.93097,2.1081819756116598e+18,2.1081819756116598e+18,2.1079712209502979e+18,4.743423535389367e-19,0.10323730511996738,-12.466449972341708,-8.688314302856314,0.017615977768199943,5.938400547214217e-07,64.0,-2826.437315424972,79903573907.37978,79903573777.04597,4.250001707970826,1.2659579573231845,79911562524.93097,2.1081819756116598e+18,2.1079712209502979e+18,2.1081819756116598e+18,0.009996986208971475,2826.437315424972,2.1081819725736271e+18,79911562409.77301,26381438.54281344,4.684848827941393e+18,177581250000.0,0.45,0.10323730519435335,True,False,True,True,-9.996842116622341e-05,True,False,True,-13.256466474732292,-12.768798004155585,-12.433904037432146,-12.433904037432146,-0.8225624373001459,False,0.25,4.0,32.0,-1.46484375e-06,1.0416666666666667e-06,4,natural_tdl,,known_amplitude_linear,79911562409.77301,,,,,,,,,,,,,,,,,,,,,,,,,,,,,,
conventional_s2_psl,Conventional $S_2$+PSL,ok,optimal,0.4791469110023172,False,,conventional_s2,283.3108539809708,4249662.809714562,0.9999999996570719,3.3571428561630627,1265857.0075184635,79911562403.54913,2.1081819724094323e+18,2.1081819724094323e+18,2.10798262083231e+18,4.743423542594401e-19,0.10323730519837365,-12.88087663144206,-8.69853689176472,0.018345583941895272,7.486578433549016e-07,64.0,-2748.9105073829487,79904005921.97546,79904005894.57413,4.249662809714562,1.2658570075184636,79911562403.54913,2.1081819724094323e+18,2.10798262083231e+18,2.1081819724094323e+18,0.0094560896417526,2748.9105073829487,2.1081819725736271e+18,79911562409.77301,26381438.54281344,4.684848827941393e+18,177581250000.0,0.45,0.10323730519435335,True,False,True,True,-9.456097429471675e-05,True,False,True,-13.256466474732292,-13.25646650820362,-12.848297398749429,-12.848297398749429,-0.40816907598286356,False,0.25,4.0,32.0,-1.46484375e-06,1.0416666666666667e-06,4,natural_tdl,,known_amplitude_linear,79911562409.77301,-13.256466474732292,0.2173585239870126,249.0,1.0416666666666667e-06,,,,,,,,,,,,,,,,,,,,,,,,,,
exact_efim,Exact EFIM,ok,optimal,0.009521072999632452,False,,exact_efim,283.3331080426227,4249996.620639341,0.9999999987018601,3.3571428534338863,1265956.4415890705,79918255689.58868,2.1083585509237343e+18,2.1083585509237343e+18,2.108181971253827e+18,4.743026273030602e-19,0.103232981960358,-12.464707896948845,-8.686610346364233,0.017594278985471286,5.915151572736473e-07,64.0,-2587.147048771591,79911562463.4818,79911562359.7454,4.249996620639341,1.2659564415890705,79918255689.58868,2.1083585509237343e+18,2.108181971253827e+18,2.1083585509237343e+18,0.008375220136529207,2587.147048771591,2.1081819725736271e+18,79911562409.77301,26381438.54281344,4.684848827941393e+18,177581250000.0,0.45,0.10323730519435335,True,True,True,True,-6.26037069460761e-10,False,False,True,-13.256466474732292,-12.767352607171166,-12.432012047766264,-12.432012047766264,-0.8244544269660281,False,0.25,4.0,32.0,-1.46484375e-06,1.0416666666666667e-06,4,natural_tdl,,unknown_amplitude_exact,,,,,,2.1081819725736271e+18,79911562409.77301,quad_over_lin,1e-12,,,,,,,,,,,,,,,,,,,,,,
exact_efim_sampled_psl,Exact EFIM+sampled PSL,ok,optimal,0.5200014160000137,False,,exact_efim,283.31041227074627,4249656.184061194,0.999999999735118,3.3571428563860515,1265855.0338355063,79917473626.01866,2.1083379189617247e+18,2.1083379189617247e+18,2.1081819712506463e+18,4.743072687761844e-19,0.10323348707240197,-12.880010480604822,-8.69709763696304,0.018314703122165946,7.4575583791912e-07,64.0,-2431.309605002764,79911562380.79198,79911562359.62485,4.249656184061194,1.2658550338355063,79917473626.01866,2.1083379189617252e+18,2.1081819712506463e+18,2.1083379189617247e+18,0.007396713291349341,2431.309605002764,2.1081819725736271e+18,79911562409.77301,26381438.54281344,4.684848827941393e+18,177581250000.0,0.45,0.10323730519435335,True,True,True,True,-6.275458576210719e-10,False,False,True,-13.256466474732292,-13.256466502369197,-12.84763427961117,-12.84763427961117,-0.40883219512112134,False,0.25,4.0,32.0,-1.46484375e-06,1.0416666666666667e-06,4,natural_tdl,,unknown_amplitude_exact,,-13.256466474732292,0.2173585239870126,249.0,1.0416666666666667e-06,2.1081819725736271e+18,79911562409.77301,quad_over_lin,1e-12,,,,,,,,,,,,,,,,,,,,,,
exact_efim_cutting_plane_psl,Exact EFIM+cutting-plane PSL,ok,optimal,0.9902047340001445,False,,exact_efim,283.24823896347596,4248723.584452139,0.99999999967752,3.357142856221486,1265577.2382692527,79916944820.99747,2.1083239683245573e+18,2.1083239683245573e+18,2.1081819708918543e+18,4.743104072353169e-19,0.10323382861633947,-13.271795356928973,-8.670345850763262,0.019107805689907678,1.1424355107711463e-06,64.0,-2320.0161582471032,79911562371.79456,79911562346.02467,4.248723584452139,1.2655772382692527,79916944820.99747,2.1083239683245573e+18,2.1081819708918543e+18,2.1083239683245573e+18,0.006735086013171804,2320.0161582471032,2.1081819725736271e+18,79911562409.77301,26381438.54281344,4.684848827941393e+18,177581250000.0,0.45,0.10323730519435335,True,True,True,True,-7.977360692193591e-10,False,False,True,-13.256466474732292,-13.7397613969762,-13.256466484498006,-13.256466484498006,9.765713571141532e-09,True,0.25,4.0,32.0,-1.46484375e-06,1.0416666666666667e-06,4,natural_tdl,,unknown_amplitude_exact,,-13.256466474732292,0.2173585239870126,251.0,1.0416666666666667e-06,2.1081819725736271e+18,79911562409.77301,quad_over_lin,1e-12,-8.670075535445026,9.765713571141532e-09,249.0,1985.0,2.0,251.0,True,2.0,dense_psl_satisfied,False,0.9902047340001445,2.0,251.0,-12.84763427961117,-13.256466502369197,-1.46484375e-06,1.0,,,,,
exact_efim_cutting_plane_psl_ee,Exact EFIM+cutting-plane PSL+EE,ok,optimal,0.8598308020009426,False,,exact_efim,258.2513470812013,3873770.206218019,0.8272251820043307,2.8635005200123738,1352809.3252105573,79912514336.98593,2.1082070857828923e+18,2.1082070857828923e+18,2.1081819702610153e+18,4.743367038009197e-19,0.10323669030509798,-13.028688024692114,-0.46026587796376334,0.06249999938877265,8.794800382150712e-05,64.0,-1072.778333069619,96601945951.99603,79911562322.11244,3.873770206218019,1.3528093252105573,79912514336.98593,2.1082070857828923e+18,2.1081819702610153e+18,2.1082070857828923e+18,0.0011913213861372274,1072.778333069619,2.1081819725736271e+18,79911562409.77301,26381438.54281344,4.684848827941393e+18,177581250000.0,0.45,0.10323730519435335,True,True,True,True,-1.0969697445884185e-09,False,False,True,-13.256466474732292,-13.256466459305813,-13.028688024692114,-13.028688024692114,-0.22777845004017827,True,0.25,4.0,32.0,-3.3203125000000002e-06,1.0416666666666667e-06,4,natural_tdl,,unknown_amplitude_exact,,-13.256466474732292,0.2173585239870126,249.0,1.0416666666666667e-06,2.1081819725736271e+18,79911562409.77301,quad_over_lin,1e-12,-0.4638014637726061,-0.22777845004017827,249.0,1985.0,1.0,249.0,True,1.0,dense_psl_satisfied,False,0.8598308020009426,0.0,249.0,-13.028688024692114,-13.256466459305813,,0.0,4.0,True,1352809.325601314,-0.001118931919336319,0.7881497239941382
uniform,Uniform,ok,ok,1.3229000614956021e-05,False,,none,283.3797387680271,4250696.0815204065,1.0,3.357142857142857,1266164.790240121,76781250000.0,2.0255998281153943e+18,2.0255998281153943e+18,2.0255998281153943e+18,4.936809265680052e-19,0.10532073506634214,-13.256466474732292,-9.684463547443015,0.015625,0.0,64.0,0.0,76781250000.0,76781250000.0,4.250696081520407,1.266164790240121,76781250000.0,2.0255998281153943e+18,2.0255998281153943e+18,2.0255998281153943e+18,0.0,0.0,2.3424244139706967e+18,88790624899.74777,26381438.54281344,4.684848827941393e+18,177581250000.0,0.5,0.09793950717362658,False,False,False,False,-0.13525498793715435,False,False,True,-13.256466474732292,-13.456972739469613,-13.256466474732292,-13.256466474732292,0.0,True,0.25,4.0,32.0,-1.4973958333333334e-06,1.0416666666666667e-06,4,natural_tdl,,,,,,,,,,,,,,,,,,,,,,,,,,,,,,,,,
water_filling,Water-filling,ok,ok,0.00020079900059499778,False,,none,283.3960827872328,4250941.241808492,0.9999999999999141,3.3571428571426116,1266237.816709005,77226257262.28027,2.0373397598563471e+18,2.0373397598563471e+18,2.0371290454294956e+18,4.908361480514718e-19,0.10501684745464554,-13.154360125892401,-9.528694772752601,0.01626062077189694,9.547073760588888e-08,64.0,-2826.1675071084164,77218270039.50868,77218270039.50204,4.2509412418084915,1.2662378167090051,77226257262.28027,2.0373397598563471e+18,2.0371290454294956e+18,2.0373397598563471e+18,0.010342625761470511,2826.1675071084164,2.3424244139706967e+18,88790624899.74777,26381438.54281344,4.684848827941393e+18,177581250000.0,0.5,0.09793950717362658,False,False,False,False,-0.13033307146235215,False,False,True,-13.256466474732292,-13.37198697993152,-13.154360125892401,-13.154360125892401,-0.10210634883989123,True,0.25,4.0,32.0,-1.4973958333333334e-06,1.0416666666666667e-06,4,natural_tdl,0.01646554980757564,,,,,,,,,,,,,,,,,,,,,,,,,,,,,,,,
conventional_s2,Conventional $S_2$,ok,optimal,0.00777746399762691,False,,conventional_s2,282.28721556441167,4234308.233466175,0.9999999990417285,3.357142854404939,1261283.304614309,88790624851.47246,2.3424244126971244e+18,2.3424244126971244e+18,2.3422137012032737e+18,4.2690811903235575e-19,0.09793950720025135,-10.513390658725266,-6.231052534413754,0.02292796503247722,7.693975680795595e-06,64.0,-2826.1478392303434,88782637824.94879,88782637739.87093,4.234308233466176,1.261283304614309,88790624851.47246,2.3424244126971244e+18,2.3422137012032737e+18,2.3424244126971244e+18,0.008995444749826768,2826.1478392303434,2.3424244139706967e+18,88790624899.74777,26381438.54281344,4.684848827941393e+18,177581250000.0,0.5,0.09793950717362658,True,False,True,True,-8.995499114773656e-05,True,False,True,-13.256466474732292,-10.98311599377763,-10.507218958943689,-10.507218958943689,-2.7492475157886034,False,0.25,4.0,32.0,-1.3997395833333333e-06,1.0416666666666667e-06,4,natural_tdl,,known_amplitude_linear,88790624899.74777,,,,,,,,,,,,,,,,,,,,,,,,,,,,,,
conventional_s2_psl,Conventional $S_2$+PSL,ok,optimal,0.48013477600034093,False,,conventional_s2,281.06716660089853,4216007.499013478,0.9999999995597864,3.357142855885104,1255832.0214532353,88790624864.79866,2.342424413048688e+18,2.342424413048688e+18,2.342227635262982e+18,4.269081189682831e-19,0.09793950719290172,-13.022506411347603,-5.40779493161839,0.03347959072694168,1.927622236890386e-05,64.0,-2731.1075199775664,88783165955.59982,88783165916.51627,4.216007499013478,1.2558320214532352,88790624864.79866,2.3424244130486886e+18,2.342227635262982e+18,2.342424413048688e+18,0.008400603435048552,2731.1075199775664,2.3424244139706967e+18,88790624899.74777,26381438.54281344,4.684848827941393e+18,177581250000.0,0.5,0.09793950717362658,True,False,True,True,-8.400642793036636e-05,True,False,True,-13.256466474732292,-13.256466462247214,-13.022506411347603,-13.022506411347603,-0.23396006338468922,True,0.25,4.0,32.0,-1.3671875e-06,1.0416666666666667e-06,4,natural_tdl,,known_amplitude_linear,88790624899.74777,-13.256466474732292,0.2173585239870126,249.0,1.0416666666666667e-06,,,,,,,,,,,,,,,,,,,,,,,,,,
exact_efim,Exact EFIM,ok,optimal,0.009683120999397943,False,,exact_efim,282.2861947466897,4234292.921200346,0.9999999983700365,3.357142852485819,1261278.744234859,88794380119.8822,2.342523482079888e+18,2.342523482079888e+18,2.3424244040626877e+18,4.268900643472383e-19,0.09793743616250296,-10.512947744022622,-6.231013988950914,0.02280279878640248,7.681439420058567e-06,64.0,-1937.9359401094905,88790624668.90584,88790624524.18036,4.234292921200346,1.261278744234859,88794380119.8822,2.342523482079888e+18,2.3424244040626877e+18,2.342523482079888e+18,0.0042295421137959425,1937.9359401094905,2.3424244139706967e+18,88790624899.74777,26381438.54281344,4.684848827941393e+18,177581250000.0,0.5,0.09793950717362658,True,True,True,True,-4.229809466169587e-09,False,False,True,-13.256466474732292,-10.982026169809913,-10.50660603253232,-10.50660603253232,-2.7498604421999726,False,0.25,4.0,32.0,-1.3997395833333333e-06,1.0416666666666667e-06,4,natural_tdl,,unknown_amplitude_exact,,,,,,2.3424244139706967e+18,88790624899.74777,quad_over_lin,1e-12,,,,,,,,,,,,,,,,,,,,,,
exact_efim_sampled_psl,Exact EFIM+sampled PSL,ok,optimal,0.4968662770006631,False,,exact_efim,281.0655750656768,4215983.625985152,0.9999999994041119,3.35714285544032,1255824.9105047951,88791991643.82358,2.3424604706455363e+18,2.3424604706455363e+18,2.342424409463744e+18,4.2690154755286846e-19,0.09793875339643424,-13.022929979318569,-5.407258953705454,0.03362688854744591,1.9269419194057384e-05,64.0,-1169.1513651496493,88790624781.81903,88790624728.90976,4.215983625985152,1.2558249105047952,88791991643.82358,2.3424604706455363e+18,2.342424409463744e+18,2.3424604706455363e+18,0.0015394574313699408,1169.1513651496493,2.3424244139706967e+18,88790624899.74777,26381438.54281344,4.684848827941393e+18,177581250000.0,0.5,0.09793950717362658,True,True,True,True,-1.9240547003863244e-09,False,False,True,-13.256466474732292,-13.25646646043236,-13.022929979318569,-13.022929979318569,-0.23353649541372334,True,0.25,4.0,32.0,-1.3671875e-06,1.0416666666666667e-06,4,natural_tdl,,unknown_amplitude_exact,,-13.256466474732292,0.2173585239870126,249.0,1.0416666666666667e-06,2.3424244139706967e+18,88790624899.74777,quad_over_lin,1e-12,,,,,,,,,,,,,,,,,,,,,,
exact_efim_cutting_plane_psl,Exact EFIM+cutting-plane PSL,ok,optimal,0.508868838998751,False,,exact_efim,281.0655750656768,4215983.625985152,0.9999999994041119,3.35714285544032,1255824.9105047951,88791991643.82358,2.3424604706455363e+18,2.3424604706455363e+18,2.342424409463744e+18,4.2690154755286846e-19,0.09793875339643424,-13.022929979318569,-5.407258953705454,0.03362688854744591,1.9269419194057384e-05,64.0,-1169.1513651496493,88790624781.81903,88790624728.90976,4.215983625985152,1.2558249105047952,88791991643.82358,2.3424604706455363e+18,2.342424409463744e+18,2.3424604706455363e+18,0.0015394574313699408,1169.1513651496493,2.3424244139706967e+18,88790624899.74777,26381438.54281344,4.684848827941393e+18,177581250000.0,0.5,0.09793950717362658,True,True,True,True,-1.9240547003863244e-09,False,False,True,-13.256466474732292,-13.25646646043236,-13.022929979318569,-13.022929979318569,-0.23353649541372334,True,0.25,4.0,32.0,-1.3671875e-06,1.0416666666666667e-06,4,natural_tdl,,unknown_amplitude_exact,,-13.256466474732292,0.2173585239870126,249.0,1.0416666666666667e-06,2.3424244139706967e+18,88790624899.74777,quad_over_lin,1e-12,-5.410100531679052,-0.23353649541372334,249.0,1985.0,1.0,249.0,True,1.0,dense_psl_satisfied,False,0.508868838998751,0.0,249.0,-13.022929979318569,-13.25646646043236,,0.0,,,,,
exact_efim_cutting_plane_psl_ee,Exact EFIM+cutting-plane PSL+EE,ok,optimal,0.8474848590012698,False,,exact_efim,268.4184084390946,4026276.126586419,0.9245801142261547,3.141657469217585,1281577.0547987665,88791221903.71683,2.342440163794216e+18,2.342440163794216e+18,2.3424244099687613e+18,4.269052484056751e-19,0.09793917791600663,-13.072439406310215,-1.056540592629685,0.06249999974135466,9.138661137853015e-05,64.0,-803.6584284978961,96033457114.06276,88790624748.05267,4.026276126586419,1.2815770547987666,88791221903.71683,2.342440163794216e+18,2.3424244099687613e+18,2.342440163794216e+18,0.0006725390769032246,803.6584284978961,2.3424244139706967e+18,88790624899.74777,26381438.54281344,4.684848827941393e+18,177581250000.0,0.5,0.09793950717362658,True,True,True,True,-1.7084586960977874e-09,False,False,True,-13.256466474732292,-13.256466456100881,-13.072439406310215,-13.072439406310215,-0.18402706842207728,True,0.25,4.0,32.0,-2.2786458333333335e-06,1.0416666666666667e-06,4,natural_tdl,,unknown_amplitude_exact,,-13.256466474732292,0.2173585239870126,249.0,1.0416666666666667e-06,2.3424244139706967e+18,88790624899.74777,quad_over_lin,1e-12,-1.060143872111082,-0.18402706842207728,249.0,1985.0,1.0,249.0,True,1.0,dense_psl_satisfied,False,0.8474848590012698,0.0,249.0,-13.072439406310215,-13.256466456100881,,0.0,4.0,True,1281577.0542341315,0.0017738896422088146,0.800497506003012
uniform,Uniform,ok,ok,1.371500184177421e-05,False,,none,283.3797387680271,4250696.0815204065,1.0,3.357142857142857,1266164.790240121,76781250000.0,2.0255998281153943e+18,2.0255998281153943e+18,2.0255998281153943e+18,4.936809265680052e-19,0.10532073506634214,-13.256466474732292,-9.684463547443015,0.015625,0.0,64.0,0.0,76781250000.0,76781250000.0,4.250696081520407,1.266164790240121,76781250000.0,2.0255998281153943e+18,2.0255998281153943e+18,2.0255998281153943e+18,0.0,0.0,2.5766668553677665e+18,97669687389.72256,26381438.54281344,4.684848827941393e+18,177581250000.0,0.55,0.09338165609920326,False,False,False,False,-0.21386817085195853,False,False,True,-13.256466474732292,-13.456972739469613,-13.256466474732292,-13.256466474732292,0.0,True,0.25,4.0,32.0,-1.4973958333333334e-06,1.0416666666666667e-06,4,natural_tdl,,,,,,,,,,,,,,,,,,,,,,,,,,,,,,,,,
water_filling,Water-filling,ok,ok,0.00020187499831081368,False,,none,283.3960827872328,4250941.241808492,0.9999999999999141,3.3571428571426116,1266237.816709005,77226257262.28027,2.0373397598563471e+18,2.0373397598563471e+18,2.0371290454294956e+18,4.908361480514718e-19,0.10501684745464554,-13.154360125892401,-9.528694772752601,0.01626062077189694,9.547073760588888e-08,64.0,-2826.1675071084164,77218270039.50868,77218270039.50204,4.2509412418084915,1.2662378167090051,77226257262.28027,2.0373397598563471e+18,2.0371290454294956e+18,2.0373397598563471e+18,0.010342625761470511,2826.1675071084164,2.5766668553677665e+18,97669687389.72256,26381438.54281344,4.684848827941393e+18,177581250000.0,0.55,0.09338165609920326,False,False,False,False,-0.2093937013294111,False,False,True,-13.256466474732292,-13.37198697993152,-13.154360125892401,-13.154360125892401,-0.10210634883989123,True,0.25,4.0,32.0,-1.4973958333333334e-06,1.0416666666666667e-06,4,natural_tdl,0.01646554980757564,,,,,,,,,,,,,,,,,,,,,,,,,,,,,,,,
conventional_s2,Conventional $S_2$,ok,optimal,0.007737540003290633,False,,conventional_s2,280.06743997140194,4201011.599571029,0.9999999986336027,3.357142853238865,1251365.1587742316,97669687290.92526,2.5766668527613517e+18,2.5766668527613517e+18,2.5764553783329864e+18,3.8809829021098485e-19,0.09338165614643314,-9.019076993754505,-4.136984064040968,0.0298408955148222,2.399234010095035e-05,64.0,-2831.259610127322,97661671393.40092,97661671259.95628,4.201011599571029,1.2513651587742316,97669687290.92526,2.5766668527613517e+18,2.5764553783329864e+18,2.5766668527613517e+18,0.008207286407192298,2831.259610127322,2.5766668553677665e+18,97669687389.72256,26381438.54281344,4.684848827941393e+18,177581250000.0,0.55,0.09338165609920326,True,False,True,True,-8.207387553404764e-05,True,False,True,-13.256466474732292,-9.172840134120076,-9.019076993754505,-9.019076993754505,-4.237389480977788,False,0.25,4.0,32.0,-1.3671875e-06,1.0416666666666667e-06,4,natural_tdl,,known_amplitude_linear,97669687389.72256,,,,,,,,,,,,,,,,,,,,,,,,,,,,,,
conventional_s2_psl,Conventional $S_2$+PSL,infeasible,infeasible,0.46894818600048893,False,max_rate_isac: problem is infeasible (solver CLARABEL),conventional_s2,,,,,,,,,,,,,,,,,,,,,,,,,,,,2.5766668553677665e+18,97669687389.72256,26381438.54281344,4.684848827941393e+18,177581250000.0,0.55,0.09338165609920326,False,False,,,,False,,True,-13.256466474732292,,,,,False,,,,,,4,natural_tdl,,,,,,,,,,,,,,,,,,,,,,,,,,,,,,,,,
exact_efim,Exact EFIM,ok,optimal,0.009339790998637909,False,,exact_efim,280.0661700445214,4200992.550667821,0.9999999978943444,3.3571428511266985,1251359.4854201442,97671766546.65234,2.5767217065185306e+18,2.5767217065185306e+18,2.576666845374068e+18,3.8809002829844734e-19,0.09338066217763553,-9.019079200145217,-4.1374562076952595,0.029577730891227953,2.397074188061315e-05,64.0,-1442.0595513617354,97669687216.56577,97669687010.90704,4.200992550667822,1.2513594854201442,97671766546.65234,2.5767217065185306e+18,2.576666845374068e+18,2.5767217065185306e+18,0.0021291063106873183,1442.0595513617354,2.5766668553677665e+18,97669687389.72256,26381438.54281344,4.684848827941393e+18,177581250000.0,0.55,0.09338165609920326,True,True,True,True,-3.878537220743504e-09,False,False,True,-13.256466474732292,-9.172560735269043,-9.019079200145217,-9.019079200145217,-4.237387274587075,False,0.25,4.0,32.0,-1.3671875e-06,1.0416666666666667e-06,4,natural_tdl,,unknown_amplitude_exact,,,,,,2.5766668553677665e+18,97669687389.72256,quad_over_lin,1e-12,,,,,,,,,,,,,,,,,,,,,,
exact_efim_sampled_psl,Exact EFIM+sampled PSL,infeasible,infeasible,0.4889058759981708,False,max_rate_isac: problem is infeasible (solver CLARABEL),exact_efim,,,,,,,,,,,,,,,,,,,,,,,,,,,,2.5766668553677665e+18,97669687389.72256,26381438.54281344,4.684848827941393e+18,177581250000.0,0.55,0.09338165609920326,False,False,,,,False,,True,-13.256466474732292,,,,,False,,,,,,4,natural_tdl,,,,,,,,,,,,,,,,,,,,,,,,,,,,,,,,,
exact_efim_cutting_plane_psl,Exact EFIM+cutting-plane PSL,infeasible,infeasible,0.5075564729995676,False,max_rate_isac: problem is infeasible (solver CLARABEL),exact_efim,,,,,,,,,,,,,,,,,,,,,,,,,,,,2.5766668553677665e+18,97669687389.72256,26381438.54281344,4.684848827941393e+18,177581250000.0,0.55,0.09338165609920326,False,False,,,,False,,True,-13.256466474732292,,,,,False,,,,,,4,natural_tdl,,,,,,,,,,,,,,,,,,,,,,,,,,,,,,,,,
exact_efim_cutting_plane_psl_ee,Exact EFIM+cutting-plane PSL+EE,infeasible,infeasible,0.492501305998303,False,dinkelbach_ee_isac[iter 1]: problem is infeasible (solver CLARABEL),exact_efim,,,,,,,,,,,,,,,,,,,,,,,,,,,,2.5766668553677665e+18,97669687389.72256,26381438.54281344,4.684848827941393e+18,177581250000.0,0.55,0.09338165609920326,False,False,,,,False,,True,-13.256466474732292,,,,,False,,,,,,4,natural_tdl,,,,,,,,,,,,,,,,,,,,,,,,,,,,,,,,,
uniform,Uniform,ok,ok,1.4640001609222963e-05,False,,none,283.3797387680271,4250696.0815204065,1.0,3.357142857142857,1266164.790240121,76781250000.0,2.0255998281153943e+18,2.0255998281153943e+18,2.0255998281153943e+18,4.936809265680052e-19,0.10532073506634214,-13.256466474732292,-9.684463547443015,0.015625,0.0,64.0,0.0,76781250000.0,76781250000.0,4.250696081520407,1.266164790240121,76781250000.0,2.0255998281153943e+18,2.0255998281153943e+18,2.0255998281153943e+18,0.0,0.0,2.810909296764836e+18,106548749879.69733,26381438.54281344,4.684848827941393e+18,177581250000.0,0.6,0.08940612891655719,False,False,False,False,-0.27937915661429524,False,False,True,-13.256466474732292,-13.456972739469613,-13.256466474732292,-13.256466474732292,0.0,True,0.25,4.0,32.0,-1.4973958333333334e-06,1.0416666666666667e-06,4,natural_tdl,,,,,,,,,,,,,,,,,,,,,,,,,,,,,,,,,
water_filling,Water-filling,ok,ok,0.00020531300106085837,False,,none,283.3960827872328,4250941.241808492,0.9999999999999141,3.3571428571426116,1266237.816709005,77226257262.28027,2.0373397598563471e+18,2.0373397598563471e+18,2.0371290454294956e+18,4.908361480514718e-19,0.10501684745464554,-13.154360125892401,-9.528694772752601,0.01626062077189694,9.547073760588888e-08,64.0,-2826.1675071084164,77218270039.50868,77218270039.50204,4.2509412418084915,1.2662378167090051,77226257262.28027,2.0373397598563471e+18,2.0371290454294956e+18,2.0373397598563471e+18,0.010342625761470511,2826.1675071084164,2.810909296764836e+18,106548749879.69733,26381438.54281344,4.684848827941393e+18,177581250000.0,0.6,0.08940612891655719,False,False,False,False,-0.2752775595519601,False,False,True,-13.256466474732292,-13.37198697993152,-13.154360125892401,-13.154360125892401,-0.10210634883989123,True,0.25,4.0,32.0,-1.4973958333333334e-06,1.0416666666666667e-06,4,natural_tdl,0.01646554980757564,,,,,,,,,,,,,,,,,,,,,,,,,,,,,,,,
conventional_s2,Conventional $S_2$,ok,optimal,0.008258007001131773,False,,conventional_s2,276.78088506232905,4151713.2759349355,0.999999997460427,3.3571428498869347,1236680.552951377,106548749659.57974,2.8109092909578173e+18,2.8109092909578173e+18,2.8106986529470694e+18,3.557567664018251e-19,0.08940612900890864,-7.847589235430496,-2.269426044235818,0.038887602788961396,5.165365213079435e-05,64.0,-2825.655005936664,106540765603.9555,106540765333.38745,4.151713275934935,1.236680552951377,106548749659.57974,2.8109092909578173e+18,2.8106986529470694e+18,2.8109092909578173e+18,0.007493589758498721,2825.655005936664,2.810909296764836e+18,106548749879.69733,26381438.54281344,4.684848827941393e+18,177581250000.0,0.6,0.08940612891655719,True,False,True,True,-7.493796331629647e-05,True,False,True,-13.256466474732292,-7.847589235430496,-7.829623273493754,-7.829623273493754,-5.426843201238539,False,0.25,4.0,32.0,-1.3346354166666666e-06,1.0416666666666667e-06,4,natural_tdl,,known_amplitude_linear,106548749879.69733,,,,,,,,,,,,,,,,,,,,,,,,,,,,,,
conventional_s2_psl,Conventional $S_2$+PSL,infeasible,infeasible,0.4542728030028229,False,max_rate_isac: problem is infeasible (solver CLARABEL),conventional_s2,,,,,,,,,,,,,,,,,,,,,,,,,,,,2.810909296764836e+18,106548749879.69733,26381438.54281344,4.684848827941393e+18,177581250000.0,0.6,0.08940612891655719,False,False,,,,False,,True,-13.256466474732292,,,,,False,,,,,,4,natural_tdl,,,,,,,,,,,,,,,,,,,,,,,,,,,,,,,,,
exact_efim,Exact EFIM,ok,optimal,0.009227925998857245,False,,exact_efim,276.7796039710939,4151694.059566408,0.9999999974432263,3.3571428498377895,1236674.8289448004,106549870116.29095,2.810938850217684e+18,2.810938850217684e+18,2.8109092774994693e+18,3.5575302533619977e-19,0.08940565891936032,-7.847628714476925,-2.2698650108343483,0.03853722477043552,5.162755203118179e-05,64.0,-1058.7572236646345,106548749421.8562,106548749149.43517,4.151694059566408,1.2366748289448004,106549870116.29095,2.810938850217684e+18,2.8109092774994693e+18,2.810938850217684e+18,0.0010520583972278813,1058.7572236646345,2.810909296764836e+18,106548749879.69733,26381438.54281344,4.684848827941393e+18,177581250000.0,0.6,0.08940612891655719,True,True,True,True,-6.853784485388097e-09,False,False,True,-13.256466474732292,-7.847628714476925,-7.829787752916946,-7.829787752916946,-5.426678721815346,False,0.25,4.0,32.0,-1.3346354166666666e-06,1.0416666666666667e-06,4,natural_tdl,,unknown_amplitude_exact,,,,,,2.810909296764836e+18,106548749879.69733,quad_over_lin,1e-12,,,,,,,,,,,,,,,,,,,,,,
exact_efim_sampled_psl,Exact EFIM+sampled PSL,infeasible,infeasible,0.4440225559992541,False,max_rate_isac: problem is infeasible (solver CLARABEL),exact_efim,,,,,,,,,,,,,,,,,,,,,,,,,,,,2.810909296764836e+18,106548749879.69733,26381438.54281344,4.684848827941393e+18,177581250000.0,0.6,0.08940612891655719,False,False,,,,False,,True,-13.256466474732292,,,,,False,,,,,,4,natural_tdl,,,,,,,,,,,,,,,,,,,,,,,,,,,,,,,,,
exact_efim_cutting_plane_psl,Exact EFIM+cutting-plane PSL,infeasible,infeasible,0.4658643140028289,False,max_rate_isac: problem is infeasible (solver CLARABEL),exact_efim,,,,,,,,,,,,,,,,,,,,,,,,,,,,2.810909296764836e+18,106548749879.69733,26381438.54281344,4.684848827941393e+18,177581250000.0,0.6,0.08940612891655719,False,False,,,,False,,True,-13.256466474732292,,,,,False,,,,,,4,natural_tdl,,,,,,,,,,,,,,,,,,,,,,,,,,,,,,,,,
exact_efim_cutting_plane_psl_ee,Exact EFIM+cutting-plane PSL+EE,infeasible,infeasible,0.4693320970000059,False,dinkelbach_ee_isac[iter 1]: problem is infeasible (solver CLARABEL),exact_efim,,,,,,,,,,,,,,,,,,,,,,,,,,,,2.810909296764836e+18,106548749879.69733,26381438.54281344,4.684848827941393e+18,177581250000.0,0.6,0.08940612891655719,False,False,,,,False,,True,-13.256466474732292,,,,,False,,,,,,4,natural_tdl,,,,,,,,,,,,,,,,,,,,,,,,,,,,,,,,,
uniform,Uniform,ok,ok,1.3649001630255952e-05,False,,none,283.3797387680271,4250696.0815204065,1.0,3.357142857142857,1266164.790240121,76781250000.0,2.0255998281153943e+18,2.0255998281153943e+18,2.0255998281153943e+18,4.936809265680052e-19,0.10532073506634214,-13.256466474732292,-9.684463547443015,0.015625,0.0,64.0,0.0,76781250000.0,76781250000.0,4.250696081520407,1.266164790240121,76781250000.0,2.0255998281153943e+18,2.0255998281153943e+18,2.0255998281153943e+18,0.0,0.0,3.279394179558975e+18,124306874859.64688,26381438.54281344,4.684848827941393e+18,177581250000.0,0.7,0.08277399119380457,False,False,False,False,-0.3823249913836816,False,False,True,-13.256466474732292,-13.456972739469613,-13.256466474732292,-13.256466474732292,0.0,True,0.25,4.0,32.0,-1.4973958333333334e-06,1.0416666666666667e-06,4,natural_tdl,,,,,,,,,,,,,,,,,,,,,,,,,,,,,,,,,
water_filling,Water-filling,ok,ok,0.00018682799782254733,False,,none,283.3960827872328,4250941.241808492,0.9999999999999141,3.3571428571426116,1266237.816709005,77226257262.28027,2.0373397598563471e+18,2.0373397598563471e+18,2.0371290454294956e+18,4.908361480514718e-19,0.10501684745464554,-13.154360125892401,-9.528694772752601,0.01626062077189694,9.547073760588888e-08,64.0,-2826.1675071084164,77218270039.50868,77218270039.50204,4.2509412418084915,1.2662378167090051,77226257262.28027,2.0373397598563471e+18,2.0371290454294956e+18,2.0373397598563471e+18,0.010342625761470511,2826.1675071084164,3.279394179558975e+18,124306874859.64688,26381438.54281344,4.684848827941393e+18,177581250000.0,0.7,0.08277399119380457,False,False,False,False,-0.3788093367588229,False,False,True,-13.256466474732292,-13.37198697993152,-13.154360125892401,-13.154360125892401,-0.10210634883989123,True,0.25,4.0,32.0,-1.4973958333333334e-06,1.0416666666666667e-06,4,natural_tdl,0.01646554980757564,,,,,,,,,,,,,,,,,,,,,,,,,,,,,,,,
conventional_s2,Conventional $S_2$,ok,optimal,0.007472547000361374,False,,conventional_s2,267.22384708251565,4008357.7062377348,0.9999999991540253,3.3571428547257867,1193978.89207939,124306874766.70416,3.2793941771070126e+18,3.2793941771070126e+18,3.279236519121316e+18,3.049343707996003e-19,0.08277399122474913,-5.955273000626131,1.0459325576083427,0.06249999739450839,0.00015503680158844322,64.0,-2444.6053072966315,124300898776.75618,124300898671.60075,4.008357706237735,1.19397889207939,124306874766.70416,3.2793941771070126e+18,3.279236519121316e+18,3.2793941771070126e+18,0.0048075338669976335,2444.6053072966315,3.279394179558975e+18,124306874859.64688,26381438.54281344,4.684848827941393e+18,177581250000.0,0.7,0.08277399119380457,True,False,True,True,-4.8076086321632356e-05,True,False,True,-13.256466474732292,-6.003334339891593,-5.941696239486177,-5.941696239486177,-7.314770235246115,False,0.25,4.0,32.0,-1.2695312500000002e-06,1.0416666666666667e-06,4,natural_tdl,,known_amplitude_linear,124306874859.64688,,,,,,,,,,,,,,,,,,,,,,,,,,,,,,
conventional_s2_psl,Conventional $S_2$+PSL,infeasible,infeasible,0.4382375349996437,False,max_rate_isac: problem is infeasible (solver CLARABEL),conventional_s2,,,,,,,,,,,,,,,,,,,,,,,,,,,,3.279394179558975e+18,124306874859.64688,26381438.54281344,4.684848827941393e+18,177581250000.0,0.7,0.08277399119380457,False,False,,,,False,,True,-13.256466474732292,,,,,False,,,,,,4,natural_tdl,,,,,,,,,,,,,,,,,,,,,,,,,,,,,,,,,
exact_efim,Exact EFIM,ok,optimal,0.009286107000662014,False,,exact_efim,267.22275232955656,4008341.2849433483,0.999999997328357,3.3571428495095916,1193974.002485144,124307341404.60648,3.279406487686154e+18,3.279406487686154e+18,3.279394166519917e+18,3.0493322610505917e-19,0.08277383586176958,-5.9553174552933985,1.045826127608224,0.062499991232675405,0.00015501542440249548,64.0,-683.4026719766163,124306874697.49925,124306874365.39566,4.008341284943349,1.193974002485144,124307341404.60648,3.279406487686154e+18,3.279394166519917e+18,3.279406487686154e+18,0.000375713297008125,683.4026719766163,3.279394179558975e+18,124306874859.64688,26381438.54281344,4.684848827941393e+18,177581250000.0,0.7,0.08277399119380457,True,True,True,True,-3.976056919681897e-09,False,False,True,-13.256466474732292,-6.003513825379734,-5.941801706181019,-5.941801706181019,-7.314664768551273,False,0.25,4.0,32.0,-1.2695312500000002e-06,1.0416666666666667e-06,4,natural_tdl,,unknown_amplitude_exact,,,,,,3.279394179558975e+18,124306874859.64688,quad_over_lin,1e-12,,,,,,,,,,,,,,,,,,,,,,
exact_efim_sampled_psl,Exact EFIM+sampled PSL,infeasible,infeasible,0.45489461599936476,False,max_rate_isac: problem is infeasible (solver CLARABEL),exact_efim,,,,,,,,,,,,,,,,,,,,,,,,,,,,3.279394179558975e+18,124306874859.64688,26381438.54281344,4.684848827941393e+18,177581250000.0,0.7,0.08277399119380457,False,False,,,,False,,True,-13.256466474732292,,,,,False,,,,,,4,natural_tdl,,,,,,,,,,,,,,,,,,,,,,,,,,,,,,,,,
exact_efim_cutting_plane_psl,Exact EFIM+cutting-plane PSL,infeasible,infeasible,0.457671885000309,False,max_rate_isac: problem is infeasible (solver CLARABEL),exact_efim,,,,,,,,,,,,,,,,,,,,,,,,,,,,3.279394179558975e+18,124306874859.64688,26381438.54281344,4.684848827941393e+18,177581250000.0,0.7,0.08277399119380457,False,False,,,,False,,True,-13.256466474732292,,,,,False,,,,,,4,natural_tdl,,,,,,,,,,,,,,,,,,,,,,,,,,,,,,,,,
exact_efim_cutting_plane_psl_ee,Exact EFIM+cutting-plane PSL+EE,infeasible,infeasible,0.43002607000016724,False,dinkelbach_ee_isac[iter 1]: problem is infeasible (solver CLARABEL),exact_efim,,,,,,,,,,,,,,,,,,,,,,,,,,,,3.279394179558975e+18,124306874859.64688,26381438.54281344,4.684848827941393e+18,177581250000.0,0.7,0.08277399119380457,False,False,,,,False,,True,-13.256466474732292,,,,,False,,,,,,4,natural_tdl,,,,,,,,,,,,,,,,,,,,,,,,,,,,,,,,,
uniform,Uniform,ok,ok,1.4033001207280904e-05,False,,none,283.3797387680271,4250696.0815204065,1.0,3.357142857142857,1266164.790240121,76781250000.0,2.0255998281153943e+18,2.0255998281153943e+18,2.0255998281153943e+18,4.936809265680052e-19,0.10532073506634214,-13.256466474732292,-9.684463547443015,0.015625,0.0,64.0,0.0,76781250000.0,76781250000.0,4.250696081520407,1.266164790240121,76781250000.0,2.0255998281153943e+18,2.0255998281153943e+18,2.0255998281153943e+18,0.0,0.0,3.747879062353115e+18,142064999839.59647,26381438.54281344,4.684848827941393e+18,177581250000.0,0.8,0.07742797889576501,False,False,False,False,-0.4595343674607215,False,False,True,-13.256466474732292,-13.456972739469613,-13.256466474732292,-13.256466474732292,0.0,True,0.25,4.0,32.0,-1.4973958333333334e-06,1.0416666666666667e-06,4,natural_tdl,,,,,,,,,,,,,,,,,,,,,,,,,,,,,,,,,
water_filling,Water-filling,ok,ok,0.00020118500106036663,False,,none,283.3960827872328,4250941.241808492,0.9999999999999141,3.3571428571426116,1266237.816709005,77226257262.28027,2.0373397598563471e+18,2.0373397598563471e+18,2.0371290454294956e+18,4.908361480514718e-19,0.10501684745464554,-13.154360125892401,-9.528694772752601,0.01626062077189694,9.547073760588888e-08,64.0,-2826.1675071084164,77218270039.50868,77218270039.50204,4.2509412418084915,1.2662378167090051,77226257262.28027,2.0373397598563471e+18,2.0371290454294956e+18,2.0373397598563471e+18,0.010342625761470511,2826.1675071084164,3.747879062353115e+18,142064999839.59647,26381438.54281344,4.684848827941393e+18,177581250000.0,0.8,0.07742797889576501,False,False,False,False,-0.4564581696639701,False,False,True,-13.256466474732292,-13.37198697993152,-13.154360125892401,-13.154360125892401,-0.10210634883989123,True,0.25,4.0,32.0,-1.4973958333333334e-06,1.0416666666666667e-06,4,natural_tdl,0.01646554980757564,,,,,,,,,,,,,,,,,,,,,,,,,,,,,,,,
conventional_s2,Conventional $S_2$,ok,optimal,0.007592575999296969,False,,conventional_s2,252.34430925066397,3785164.6387599595,0.9999999968238453,3.3571428480681296,1127495.8528911378,142064999417.8823,3.747879051227689e+18,3.747879051227689e+18,3.747804601983638e+18,2.6681757504219115e-19,0.07742797901068592,-4.015971512216122,3.2154720451067687,0.06249999909284278,0.0002927830161257521,64.0,-1679.8902527696853,142062177837.84137,142062177386.6299,3.7851646387599596,1.1274958528911379,142064999417.8823,3.747879051227689e+18,3.747804601983638e+18,3.747879051227689e+18,0.0019864366761397152,1679.8902527696853,3.747879062353115e+18,142064999839.59647,26381438.54281344,4.684848827941393e+18,177581250000.0,0.8,0.07742797889576501,True,False,True,True,-1.986733516165537e-05,True,False,True,-13.256466474732292,-4.25321271867646,-4.006870861548813,-4.006870861548813,-9.24959561318348,False,0.25,4.0,32.0,-1.2044270833333335e-06,1.0416666666666667e-06,4,natural_tdl,,known_amplitude_linear,142064999839.59647,,,,,,,,,,,,,,,,,,,,,,,,,,,,,,
conventional_s2_psl,Conventional $S_2$+PSL,infeasible,infeasible,0.4437991779996082,False,max_rate_isac: problem is infeasible (solver CLARABEL),conventional_s2,,,,,,,,,,,,,,,,,,,,,,,,,,,,3.747879062353115e+18,142064999839.59647,26381438.54281344,4.684848827941393e+18,177581250000.0,0.8,0.07742797889576501,False,False,,,,False,,True,-13.256466474732292,,,,,False,,,,,,4,natural_tdl,,,,,,,,,,,,,,,,,,,,,,,,,,,,,,,,,
exact_efim,Exact EFIM,ok,optimal,0.009361632000945974,False,,exact_efim,252.34343243664804,3785151.4865497206,0.9999999969046726,3.357142848299065,1127491.9351339224,142065233316.34457,3.7478852218055967e+18,3.7478852218055967e+18,3.7478790393430646e+18,2.66817135749487e-19,0.0774279152713309,-4.0159479701322,3.2153855301936183,0.062499998989572605,0.0002927661999108053,64.0,-484.09601826301827,142064999407.1281,142064998967.3904,3.7851514865497204,1.1274919351339223,142065233316.34457,3.7478852218055967e+18,3.7478790393430646e+18,3.7478852218055967e+18,0.00016495869446923753,484.09601826301827,3.747879062353115e+18,142064999839.59647,26381438.54281344,4.684848827941393e+18,177581250000.0,0.8,0.07742797889576501,True,True,True,True,-6.1394858737925986e-09,False,False,True,-13.256466474732292,-4.253234772848827,-4.00683170223917,-4.00683170223917,-9.249634772493122,False,0.25,4.0,32.0,-1.2044270833333335e-06,1.0416666666666667e-06,4,natural_tdl,,unknown_amplitude_exact,,,,,,3.747879062353115e+18,142064999839.59647,quad_over_lin,1e-12,,,,,,,,,,,,,,,,,,,,,,
exact_efim_sampled_psl,Exact EFIM+sampled PSL,infeasible,infeasible,0.4567995310026163,False,max_rate_isac: problem is infeasible (solver CLARABEL),exact_efim,,,,,,,,,,,,,,,,,,,,,,,,,,,,3.747879062353115e+18,142064999839.59647,26381438.54281344,4.684848827941393e+18,177581250000.0,0.8,0.07742797889576501,False,False,,,,False,,True,-13.256466474732292,,,,,False,,,,,,4,natural_tdl,,,,,,,,,,,,,,,,,,,,,,,,,,,,,,,,,
exact_efim_cutting_plane_psl,Exact EFIM+cutting-plane PSL,infeasible,infeasible,0.45794669200040516,False,max_rate_isac: problem is infeasible (solver CLARABEL),exact_efim,,,,,,,,,,,,,,,,,,,,,,,,,,,,3.747879062353115e+18,142064999839.59647,26381438.54281344,4.684848827941393e+18,177581250000.0,0.8,0.07742797889576501,False,False,,,,False,,True,-13.256466474732292,,,,,False,,,,,,4,natural_tdl,,,,,,,,,,,,,,,,,,,,,,,,,,,,,,,,,
exact_efim_cutting_plane_psl_ee,Exact EFIM+cutting-plane PSL+EE,infeasible,infeasible,0.46147627499885857,False,dinkelbach_ee_isac[iter 1]: problem is infeasible (solver CLARABEL),exact_efim,,,,,,,,,,,,,,,,,,,,,,,,,,,,3.747879062353115e+18,142064999839.59647,26381438.54281344,4.684848827941393e+18,177581250000.0,0.8,0.07742797889576501,False,False,,,,False,,True,-13.256466474732292,,,,,False,,,,,,4,natural_tdl,,,,,,,,,,,,,,,,,,,,,,,,,,,,,,,,,
uniform,Uniform,ok,ok,1.4750999980606139e-05,False,,none,395.57318656629536,5933597.79849443,1.0,3.357142857142857,1767454.6633813197,76781250000.0,2.0255998281153943e+18,2.0255998281153943e+18,2.0255998281153943e+18,4.936809265680052e-19,0.10532073506634214,-13.256466474732292,-9.684463547443015,0.015625,0.0,64.0,0.0,76781250000.0,76781250000.0,5.93359779849443,1.7674546633813197,76781250000.0,2.0255998281153943e+18,2.0255998281153943e+18,2.0255998281153943e+18,0.0,0.0,7.02727324191209e+17,26637187469.92433,26381438.54281344,4.684848827941393e+18,177581250000.0,0.15,0.17881225783311439,False,True,True,True,1.882483373542819,False,False,True,-13.256466474732292,-13.456972739469613,-13.256466474732292,-13.256466474732292,0.0,True,0.25,4.0,32.0,-1.4973958333333334e-06,1.0416666666666667e-06,5,natural_tdl,,,,,,,,,,,,,,,,,,,,,,,,,,,,,,,,,
water_filling,Water-filling,ok,ok,0.00020179099738015793,False,,none,395.57475721693004,5933621.35825395,1.0000000000000635,3.357142857143039,1767461.681181932,76845704687.27768,2.0273002354866066e+18,2.0273002354866066e+18,2.027256053259738e+18,4.932668494264606e-19,0.1052765566758841,-13.266409413267287,-9.665428524080472,0.015721327687517217,8.576494684829105e-09,64.0,-1294.1200445383963,76844029940.58311,76844029940.588,5.9336213582539505,1.7674616811819321,76845704687.27768,2.0273002354866066e+18,2.027256053259738e+18,2.0273002354866066e+18,0.002179362784806024,1294.1200445383963,7.02727324191209e+17,26637187469.92433,26381438.54281344,4.684848827941393e+18,177581250000.0,0.15,0.17881225783311439,False,True,True,True,1.8848402267450908,False,False,True,-13.256466474732292,-13.472516405289126,-13.266409413267287,-13.266409413267287,0.009942938534994283,True,0.25,4.0,32.0,-1.4973958333333334e-06,1.0416666666666667e-06,5,natural_tdl,0.015860670508471595,,,,,,,,,,,,,,,,,,,,,,,,,,,,,,,,
conventional_s2,Conventional $S_2$,ok,optimal,0.007238956000946928,False,,conventional_s2,395.57475712486064,5933621.35687291,0.9999999993895304,3.3571428553986586,1767461.681688936,76845431406.19696,2.0272930259385713e+18,2.0272930259385713e+18,2.0272488631192753e+18,4.932686036035823e-19,0.10527674387026296,-13.266384712982113,-9.665510849815794,0.01572179228060295,8.55752301005252e-09,64.0,-1293.8357848478793,76843757442.07062,76843757395.15984,5.9336213568729095,1.767461681688936,76845431406.19696,2.0272930259385708e+18,2.0272488631192753e+18,2.0272930259385713e+18,0.002178413220533526,1293.8357848478793,7.02727324191209e+17,26637187469.92433,26381438.54281344,4.684848827941393e+18,177581250000.0,0.15,0.17881225783311439,True,True,True,True,1.8848299949806278,False,False,True,-13.256466474732292,-13.472469627611703,-13.266384712982113,-13.266384712982113,0.009918238249820632,True,0.25,4.0,32.0,-1.4973958333333334e-06,1.0416666666666667e-06,5,natural_tdl,,known_amplitude_linear,26637187469.92433,,,,,,,,,,,,,,,,,,,,,,,,,,,,,,
conventional_s2_psl,Conventional $S_2$+PSL,ok,optimal,0.4763297529971169,False,,conventional_s2,395.5747572032583,5933621.358048874,0.9999999998497837,3.357142856713668,1767461.6813468998,76845700559.42766,2.0273001265879854e+18,2.0273001265879854e+18,2.0272559439497428e+18,4.932668759228234e-19,0.10527655950340617,-13.266410585326389,-9.66542988682668,0.015721329127481205,8.576516039675757e-09,64.0,-1294.1260692969606,76844025808.6879,76844025797.14467,5.933621358048874,1.7674616813468997,76845700559.42766,2.0273001265879852e+18,2.0272559439497428e+18,2.0273001265879854e+18,0.0021793831935935835,1294.1260692969606,7.02727324191209e+17,26637187469.92433,26381438.54281344,4.684848827941393e+18,177581250000.0,0.15,0.17881225783311439,True,True,True,True,1.8848400711940092,False,False,True,-13.256466474732292,-13.472517410586322,-13.266410585326389,-13.266410585326389,0.0099441105940965,True,0.25,4.0,32.0,-1.4973958333333334e-06,1.0416666666666667e-06,5,natural_tdl,,known_amplitude_linear,26637187469.92433,-13.256466474732292,0.2173585239870126,249.0,1.0416666666666667e-06,,,,,,,,,,,,,,,,,,,,,,,,,,
exact_efim,Exact EFIM,ok,optimal,0.00892895399738336,False,,exact_efim,395.57475716556587,5933621.3574834885,0.9999999994358049,3.357142855530871,1767461.6818012036,76845699938.31094,2.0273001102020326e+18,2.0273001102020326e+18,2.0272559271393065e+18,4.932668799097258e-19,0.10527655992886284,-13.266411007262624,-9.66543006729898,0.01572132691308906,8.57644190371473e-09,64.0,-1294.1322861968445,76844025203.29274,76844025159.93771,5.933621357483489,1.7674616818012037,76845699938.31094,2.0273001102020326e+18,2.0272559271393065e+18,2.0273001102020326e+18,0.002179404149578076,1294.1322861968445,7.02727324191209e+17,26637187469.92433,26381438.54281344,4.684848827941393e+18,177581250000.0,0.15,0.17881225783311439,True,True,True,True,1.8848400472723033,False,False,True,-13.256466474732292,-13.47251791079049,-13.266411007262624,-13.266411007262624,0.009944532530331784,True,0.25,4.0,32.0,-1.4973958333333334e-06,1.0416666666666667e-06,5,natural_tdl,,unknown_amplitude_exact,,,,,,7.02727324191209e+17,26637187469.92433,quad_over_lin,1e-12,,,,,,,,,,,,,,,,,,,,,,
exact_efim_sampled_psl,Exact EFIM+sampled PSL,ok,optimal,0.43526568900051643,False,,exact_efim,395.5747571928895,5933621.357893342,0.9999999997357689,3.3571428563879113,1767461.681472075,76845705074.18353,2.0273002456937405e+18,2.0273002456937405e+18,2.0272560634542006e+18,4.932668469429405e-19,0.10527655641085874,-13.266409169798203,-9.665428378514731,0.01572132754135303,8.576491270583336e-09,64.0,-1294.1202302895422,76844030347.31812,76844030327.01353,5.933621357893342,1.767461681472075,76845705074.18353,2.0273002456937398e+18,2.0272560634542006e+18,2.0273002456937405e+18,0.002179363398875773,1294.1202302895422,7.02727324191209e+17,26637187469.92433,26381438.54281344,4.684848827941393e+18,177581250000.0,0.15,0.17881225783311439,True,True,True,True,1.8848402412520866,False,False,True,-13.256466474732292,-13.472516165217796,-13.266409169798203,-13.266409169798203,0.009942695065911167,True,0.25,4.0,32.0,-1.4973958333333334e-06,1.0416666666666667e-06,5,natural_tdl,,unknown_amplitude_exact,,-13.256466474732292,0.2173585239870126,249.0,1.0416666666666667e-06,7.02727324191209e+17,26637187469.92433,quad_over_lin,1e-12,,,,,,,,,,,,,,,,,,,,,,
exact_efim_cutting_plane_psl,Exact EFIM+cutting-plane PSL,ok,optimal,0.4721586429986928,False,,exact_efim,395.5747571928895,5933621.357893342,0.9999999997357689,3.3571428563879113,1767461.681472075,76845705074.18353,2.0273002456937405e+18,2.0273002456937405e+18,2.0272560634542006e+18,4.932668469429405e-19,0.10527655641085874,-13.266409169798203,-9.665428378514731,0.01572132754135303,8.576491270583336e-09,64.0,-1294.1202302895422,76844030347.31812,76844030327.01353,5.933621357893342,1.767461681472075,76845705074.18353,2.0273002456937398e+18,2.0272560634542006e+18,2.0273002456937405e+18,0.002179363398875773,1294.1202302895422,7.02727324191209e+17,26637187469.92433,26381438.54281344,4.684848827941393e+18,177581250000.0,0.15,0.17881225783311439,True,True,True,True,1.8848402412520866,False,False,True,-13.256466474732292,-13.472516165217796,-13.266409169798203,-13.266409169798203,0.009942695065911167,True,0.25,4.0,32.0,-1.4973958333333334e-06,1.0416666666666667e-06,5,natural_tdl,,unknown_amplitude_exact,,-13.256466474732292,0.2173585239870126,249.0,1.0416666666666667e-06,7.02727324191209e+17,26637187469.92433,quad_over_lin,1e-12,-9.665411720706247,0.009942695065911167,249.0,1985.0,1.0,249.0,True,1.0,dense_psl_satisfied,False,0.4721586429986928,0.0,249.0,-13.266409169798203,-13.472516165217796,,0.0,,,,,
exact_efim_cutting_plane_psl_ee,Exact EFIM+cutting-plane PSL+EE,ok,optimal,0.9228217820018472,False,,exact_efim,276.9086265190638,4153629.3977859565,0.2839005809585593,1.3111445170244553,3167941.705779549,26637833105.687584,7.027443569914184e+17,7.027443569914184e+17,7.027273198292445e+17,1.4229925719804985e-18,0.17881009083462662,-13.236426927191577,-2.445096030584823,0.016236105826772766,5.5023936714561675e-06,64.0,-1508.2254033129745,93825758350.49228,26637187304.582153,4.153629397785957,3.1679417057795494,26637833105.687584,7.027443569914182e+17,7.027273198292445e+17,7.027443569914184e+17,0.0024243755220978674,1508.2254033129745,7.02727324191209e+17,26637187469.92433,26381438.54281344,4.684848827941393e+18,177581250000.0,0.15,0.17881225783311439,True,True,True,True,-6.207193410360587e-09,False,False,True,-13.256466474732292,-13.256466388185062,-13.203856630251043,-13.203856630251043,-0.05260984448124972,True,0.25,4.0,32.0,-2.3111979166666667e-06,1.0416666666666667e-06,5,natural_tdl,,unknown_amplitude_exact,,-13.256466474732292,0.2173585239870126,249.0,1.0416666666666667e-06,7.02727324191209e+17,26637187469.92433,quad_over_lin,1e-12,-2.4485555504751315,-0.05260984448124972,249.0,1985.0,1.0,249.0,True,1.0,dense_psl_satisfied,False,0.9228217820018472,0.0,249.0,-13.203856630251043,-13.256466388185062,,0.0,5.0,True,3167941.706811024,-0.001352412160485983,0.8456413119965873
uniform,Uniform,ok,ok,1.4417000784305856e-05,False,,none,395.57318656629536,5933597.79849443,1.0,3.357142857142857,1767454.6633813197,76781250000.0,2.0255998281153943e+18,2.0255998281153943e+18,2.0255998281153943e+18,4.936809265680052e-19,0.10532073506634214,-13.256466474732292,-9.684463547443015,0.015625,0.0,64.0,0.0,76781250000.0,76781250000.0,5.93359779849443,1.7674546633813197,76781250000.0,2.0255998281153943e+18,2.0255998281153943e+18,2.0255998281153943e+18,0.0,0.0,1.1712122069853484e+18,44395312449.873886,26381438.54281344,4.684848827941393e+18,177581250000.0,0.25,0.13850737933707974,False,True,True,True,0.7294900241256913,False,False,True,-13.256466474732292,-13.456972739469613,-13.256466474732292,-13.256466474732292,0.0,True,0.25,4.0,32.0,-1.4973958333333334e-06,1.0416666666666667e-06,5,natural_tdl,,,,,,,,,,,,,,,,,,,,,,,,,,,,,,,,,
water_filling,Water-filling,ok,ok,0.00022342600277625024,False,,none,395.57475721693004,5933621.35825395,1.0000000000000635,3.357142857143039,1767461.681181932,76845704687.27768,2.0273002354866066e+18,2.0273002354866066e+18,2.027256053259738e+18,4.932668494264606e-19,0.1052765566758841,-13.266409413267287,-9.665428524080472,0.015721327687517217,8.576494684829105e-09,64.0,-1294.1200445383963,76844029940.58311,76844029940.588,5.9336213582539505,1.7674616811819321,76845704687.27768,2.0273002354866066e+18,2.027256053259738e+18,2.0273002354866066e+18,0.002179362784806024,1294.1200445383963,1.1712122069853484e+18,44395312449.873886,26381438.54281344,4.684848827941393e+18,177581250000.0,0.25,0.13850737933707974,False,True,True,True,0.7309041360470543,False,False,True,-13.256466474732292,-13.472516405289126,-13.266409413267287,-13.266409413267287,0.009942938534994283,True,0.25,4.0,32.0,-1.4973958333333334e-06,1.0416666666666667e-06,5,natural_tdl,0.015860670508471595,,,,,,,,,,,,,,,,,,,,,,,,,,,,,,,,
conventional_s2,Conventional $S_2$,ok,optimal,0.00754482100091991,False,,conventional_s2,395.57475711192956,5933621.356678943,0.9999999994656594,3.35714285561617,1767461.6815166438,76845795640.10043,2.0273026349529114e+18,2.0273026349529114e+18,2.0272583654077404e+18,4.932662656077628e-19,0.10527649437447413,-13.266462676384322,-9.665407281958762,0.01572142052401329,8.591402976197587e-09,64.0,-1295.3982125667083,76844117624.63313,76844117583.5722,5.933621356678943,1.767461681516644,76845795640.10043,2.0273026349529106e+18,2.0272583654077404e+18,2.0273026349529114e+18,0.0021836673226625714,1295.3982125667083,1.1712122069853484e+18,44395312449.873886,26381438.54281344,4.684848827941393e+18,177581250000.0,0.25,0.13850737933707974,True,True,True,True,0.7309061101965624,False,False,True,-13.256466474732292,-13.472578340143018,-13.266462676384322,-13.266462676384322,0.009996201652029413,True,0.25,4.0,32.0,-1.4973958333333334e-06,1.0416666666666667e-06,5,natural_tdl,,known_amplitude_linear,44395312449.873886,,,,,,,,,,,,,,,,,,,,,,,,,,,,,,
conventional_s2_psl,Conventional $S_2$+PSL,ok,optimal,0.5529062390014587,False,,conventional_s2,395.5747571720707,5933621.35758106,0.9999999996782645,3.357142856223613,1767461.6814655543,76845499634.56813,2.0272948259011517e+18,2.0272948259011517e+18,2.0272507321594826e+18,4.932681656480283e-19,0.10527669713452449,-13.266458611222394,-9.665494394664046,0.015721604803672344,8.564296721035256e-09,64.0,-1292.823506873269,76843828266.67213,76843828241.94875,5.93362135758106,1.7674616814655544,76845499634.56813,2.0272948259011517e+18,2.0272507321594826e+18,2.0272948259011517e+18,0.002175003906968485,1292.823506873269,1.1712122069853484e+18,44395312449.873886,26381438.54281344,4.684848827941393e+18,177581250000.0,0.25,0.13850737933707974,True,True,True,True,0.7308995928052543,False,False,True,-13.256466474732292,-13.472558419490133,-13.266458611222394,-13.266458611222394,0.009992136490101444,True,0.25,4.0,32.0,-1.4973958333333334e-06,1.0416666666666667e-06,5,natural_tdl,,known_amplitude_linear,44395312449.873886,-13.256466474732292,0.2173585239870126,249.0,1.0416666666666667e-06,,,,,,,,,,,,,,,,,,,,,,,,,,
exact_efim,Exact EFIM,ok,optimal,0.010748379001597641,False,,exact_efim,395.5747571613414,5933621.35742012,0.9999999993934507,3.3571428554098595,1767461.681846038,76845677013.02982,2.027299505400138e+18,2.027299505400138e+18,2.0272553181955674e+18,4.932670270654582e-19,0.10527657563237827,-13.266410959175435,-9.665436928382057,0.015721330559147338,8.577806712551852e-09,64.0,-1294.1929426013844,76844002124.26782,76844002077.65816,5.933621357420121,1.767461681846038,76845677013.02982,2.0272995054001375e+18,2.0272553181955674e+18,2.027299505400138e+18,0.002179609103288493,1294.1929426013844,1.1712122069853484e+18,44395312449.873886,26381438.54281344,4.684848827941393e+18,177581250000.0,0.25,0.13850737933707974,True,True,True,True,0.7309035084373297,False,False,True,-13.256466474732292,-13.472516256703669,-13.266410959175435,-13.266410959175435,0.009944484443142443,True,0.25,4.0,32.0,-1.4973958333333334e-06,1.0416666666666667e-06,5,natural_tdl,,unknown_amplitude_exact,,,,,,1.1712122069853484e+18,44395312449.873886,quad_over_lin,1e-12,,,,,,,,,,,,,,,,,,,,,,
exact_efim_sampled_psl,Exact EFIM+sampled PSL,ok,optimal,0.530149745001836,False,,exact_efim,395.5747571818872,5933621.357728308,0.999999999706976,3.3571428563056456,1767461.681466227,76845729424.34943,2.0273008880861448e+18,2.0273008880861448e+18,2.0272566736244833e+18,4.932666906410923e-19,0.10527653973132539,-13.266367185405414,-9.665418242927146,0.01572163504254718,8.579480631422318e-09,64.0,-1294.5920454491443,76844053478.30293,76844053455.78578,5.933621357728308,1.767461681466227,76845729424.34943,2.0273008880861448e+18,2.0272566736244833e+18,2.0273008880861448e+18,0.002180952118221596,1294.5920454491443,1.1712122069853484e+18,44395312449.873886,26381438.54281344,4.684848827941393e+18,177581250000.0,0.25,0.13850737933707974,True,True,True,True,0.730904665724547,False,False,True,-13.256466474732292,-13.472469605934581,-13.266367185405414,-13.266367185405414,0.009900710673122148,True,0.25,4.0,32.0,-1.4973958333333334e-06,1.0416666666666667e-06,5,natural_tdl,,unknown_amplitude_exact,,-13.256466474732292,0.2173585239870126,249.0,1.0416666666666667e-06,1.1712122069853484e+18,44395312449.873886,quad_over_lin,1e-12,,,,,,,,,,,,,,,,,,,,,,
exact_efim_cutting_plane_psl,Exact EFIM+cutting-plane PSL,ok,optimal,0.5399839380006597,False,,exact_efim,395.5747571818872,5933621.357728308,0.999999999706976,3.3571428563056456,1767461.681466227,76845729424.34943,2.0273008880861448e+18,2.0273008880861448e+18,2.0272566736244833e+18,4.932666906410923e-19,0.10527653973132539,-13.266367185405414,-9.665418242927146,0.01572163504254718,8.579480631422318e-09,64.0,-1294.5920454491443,76844053478.30293,76844053455.78578,5.933621357728308,1.767461681466227,76845729424.34943,2.0273008880861448e+18,2.0272566736244833e+18,2.0273008880861448e+18,0.002180952118221596,1294.5920454491443,1.1712122069853484e+18,44395312449.873886,26381438.54281344,4.684848827941393e+18,177581250000.0,0.25,0.13850737933707974,True,True,True,True,0.730904665724547,False,False,True,-13.256466474732292,-13.472469605934581,-13.266367185405414,-13.266367185405414,0.009900710673122148,True,0.25,4.0,32.0,-1.4973958333333334e-06,1.0416666666666667e-06,5,natural_tdl,,unknown_amplitude_exact,,-13.256466474732292,0.2173585239870126,249.0,1.0416666666666667e-06,1.1712122069853484e+18,44395312449.873886,quad_over_lin,1e-12,-9.665401573315421,0.009900710673122148,249.0,1985.0,1.0,249.0,True,1.0,dense_psl_satisfied,False,0.5399839380006597,0.0,249.0,-13.266367185405414,-13.472469605934581,,0.0,,,,,
exact_efim_cutting_plane_psl_ee,Exact EFIM+cutting-plane PSL+EE,ok,optimal,1.8315681599997333,False,,exact_efim,315.2217552949162,4728326.329423743,0.4573222007555388,1.8066348593015396,2617200.8721517497,44395565346.23909,1.1712188787552645e+18,1.1712188787552645e+18,1.1712122036588416e+18,8.538113738934684e-19,0.1385069848375121,-13.011216297766355,0.14827405811519037,0.03796712910221706,3.223063283088758e-05,64.0,-743.8209268206438,97076661160.19734,44395312323.78119,4.728326329423743,2.6172008721517495,44395565346.23909,1.1712188787552645e+18,1.1712122036588416e+18,1.1712188787552645e+18,0.0005699273247717871,743.8209268206438,1.1712122069853484e+18,44395312449.873886,26381438.54281344,4.684848827941393e+18,177581250000.0,0.25,0.13850737933707974,True,True,True,True,-2.840225479345276e-09,False,False,True,-13.256466474732292,-13.256466437616258,-13.011216297766355,-13.011216297766355,-0.24525017696593743,True,0.25,4.0,32.0,-2.2786458333333335e-06,1.0416666666666667e-06,5,natural_tdl,,unknown_amplitude_exact,,-13.256466474732292,0.2173585239870126,251.0,1.0416666666666667e-06,1.1712122069853484e+18,44395312449.873886,quad_over_lin,1e-12,0.1448307573534515,-0.24525017696593743,249.0,1985.0,2.0,251.0,True,2.0,dense_psl_satisfied,False,1.8315681599997333,2.0,251.0,-12.911161371990872,-13.256466436348127,-3.2877604166666667e-06,1.0,5.0,True,2617200.873330934,-0.002130354754626751,0.8206722309987526
uniform,Uniform,ok,ok,1.412699930369854e-05,False,,none,395.57318656629536,5933597.79849443,1.0,3.357142857142857,1767454.6633813197,76781250000.0,2.0255998281153943e+18,2.0255998281153943e+18,2.0255998281153943e+18,4.936809265680052e-19,0.10532073506634214,-13.256466474732292,-9.684463547443015,0.015625,0.0,64.0,0.0,76781250000.0,76781250000.0,5.93359779849443,1.7674546633813197,76781250000.0,2.0255998281153943e+18,2.0255998281153943e+18,2.0255998281153943e+18,0.0,0.0,1.6396970897794875e+18,62153437429.82344,26381438.54281344,4.684848827941393e+18,177581250000.0,0.35,0.11706010095802957,False,True,True,True,0.23535001723263682,False,False,True,-13.256466474732292,-13.456972739469613,-13.256466474732292,-13.256466474732292,0.0,True,0.25,4.0,32.0,-1.4973958333333334e-06,1.0416666666666667e-06,5,natural_tdl,,,,,,,,,,,,,,,,,,,,,,,,,,,,,,,,,
water_filling,Water-filling,ok,ok,0.00020786100139957853,False,,none,395.57475721693004,5933621.35825395,1.0000000000000635,3.357142857143039,1767461.681181932,76845704687.27768,2.0273002354866066e+18,2.0273002354866066e+18,2.027256053259738e+18,4.932668494264606e-19,0.1052765566758841,-13.266409413267287,-9.665428524080472,0.015721327687517217,8.576494684829105e-09,64.0,-1294.1200445383963,76844029940.58311,76844029940.588,5.9336213582539505,1.7674616811819321,76845704687.27768,2.0273002354866066e+18,2.027256053259738e+18,2.0273002354866066e+18,0.002179362784806024,1294.1200445383963,1.6396970897794875e+18,62153437429.82344,26381438.54281344,4.684848827941393e+18,177581250000.0,0.35,0.11706010095802957,False,True,True,True,0.2363600971764675,False,False,True,-13.256466474732292,-13.472516405289126,-13.266409413267287,-13.266409413267287,0.009942938534994283,True,0.25,4.0,32.0,-1.4973958333333334e-06,1.0416666666666667e-06,5,natural_tdl,0.015860670508471595,,,,,,,,,,,,,,,,,,,,,,,,,,,,,,,,
conventional_s2,Conventional $S_2$,ok,optimal,0.007773227996949572,False,,conventional_s2,395.5747571806261,5933621.357709391,0.9999999996502922,3.357142856143692,1767461.681545857,76845646170.1073,2.027298691719472e+18,2.027298691719472e+18,2.0272544952412813e+18,4.932672250441008e-19,0.10527659675938486,-13.266407711331315,-9.665446368123574,0.0157212980354553,8.579080555174817e-09,64.0,-1294.3287422022381,76843970910.08794,76843970883.215,5.9336213577093915,1.767461681545857,76845646170.1073,2.0272986917194726e+18,2.0272544952412813e+18,2.027298691719472e+18,0.0021800674153921716,1294.3287422022381,1.6396970897794875e+18,62153437429.82344,26381438.54281344,4.684848827941393e+18,177581250000.0,0.35,0.11706010095802957,True,True,True,True,0.23635914698971255,False,False,True,-13.256466474732292,-13.47250983595278,-13.266407711331315,-13.266407711331315,0.009941236599022574,True,0.25,4.0,32.0,-1.4973958333333334e-06,1.0416666666666667e-06,5,natural_tdl,,known_amplitude_linear,62153437429.82344,,,,,,,,,,,,,,,,,,,,,,,,,,,,,,
conventional_s2_psl,Conventional $S_2$+PSL,ok,optimal,0.5071065259980969,False,,conventional_s2,395.5747571713664,5933621.357570496,0.9999999997273872,3.3571428563639634,1767461.6813885162,76845491670.91977,2.0272946158086518e+18,2.0272946158086518e+18,2.0272504781775365e+18,4.932682167663716e-19,0.1052767025895392,-13.266463902651992,-9.665497939803947,0.015721337138968106,8.573570034341159e-09,64.0,-1293.4667636038748,76843818635.60028,76843818614.65167,5.933621357570496,1.7674616813885162,76845491670.91977,2.0272946158086518e+18,2.0272504781775365e+18,2.0272946158086518e+18,0.002177169059251819,1293.4667636038748,1.6396970897794875e+18,62153437429.82344,26381438.54281344,4.684848827941393e+18,177581250000.0,0.35,0.11706010095802957,True,True,True,True,0.23635669710810345,False,False,True,-13.256466474732292,-13.472562231813743,-13.266463902651992,-13.266463902651992,0.00999742791969993,True,0.25,4.0,32.0,-1.4973958333333334e-06,1.0416666666666667e-06,5,natural_tdl,,known_amplitude_linear,62153437429.82344,-13.256466474732292,0.2173585239870126,249.0,1.0416666666666667e-06,,,,,,,,,,,,,,,,,,,,,,,,,,
exact_efim,Exact EFIM,ok,optimal,0.009221977001288906,False,,exact_efim,395.5747571218195,5933621.356827293,0.9999999995191624,3.3571428557690357,1767461.6814803525,76845372415.47205,2.027291469678387e+18,2.027291469678387e+18,2.0272470708739645e+18,4.932689822636316e-19,0.10527678427835815,-13.266471201045997,-9.665531860495625,0.015721355920962035,8.60374513934674e-09,64.0,-1297.288001049527,76843689496.26453,76843689459.31519,5.933621356827293,1.7674616814803525,76845372415.47205,2.027291469678387e+18,2.0272470708739645e+18,2.027291469678387e+18,0.0021900553071159275,1297.288001049527,1.6396970897794875e+18,62153437429.82344,26381438.54281344,4.684848827941393e+18,177581250000.0,0.35,0.11706010095802957,True,True,True,True,0.2363546191001633,False,False,True,-13.256466474732292,-13.472565811897505,-13.266471201045997,-13.266471201045997,0.010004726313704637,True,0.25,4.0,32.0,-1.4973958333333334e-06,1.0416666666666667e-06,5,natural_tdl,,unknown_amplitude_exact,,,,,,1.6396970897794875e+18,62153437429.82344,quad_over_lin,1e-12,,,,,,,,,,,,,,,,,,,,,,
exact_efim_sampled_psl,Exact EFIM+sampled PSL,ok,optimal,0.48704146499949275,False,,exact_efim,395.5747572000004,5933621.3580000065,0.9999999998146076,3.357142856613165,1767461.6813852561,76845698481.25809,2.0273000717628823e+18,2.0273000717628823e+18,2.027255888839601e+18,4.932668892624408e-19,0.10527656092692464,-13.266413454291717,-9.665430764738511,0.015721316067917143,8.576490024313536e-09,64.0,-1294.1302437608992,76844023722.41687,76844023708.17058,5.933621358000006,1.7674616813852562,76845698481.25809,2.0273000717628823e+18,2.027255888839601e+18,2.0273000717628823e+18,0.0021793973125541198,1294.1302437608992,1.6396970897794875e+18,62153437429.82344,26381438.54281344,4.684848827941393e+18,177581250000.0,0.35,0.11706010095802957,True,True,True,True,0.2363599969017654,False,False,True,-13.256466474732292,-13.472520460380483,-13.266413454291717,-13.266413454291717,0.009946979559424918,True,0.25,4.0,32.0,-1.4973958333333334e-06,1.0416666666666667e-06,5,natural_tdl,,unknown_amplitude_exact,,-13.256466474732292,0.2173585239870126,249.0,1.0416666666666667e-06,1.6396970897794875e+18,62153437429.82344,quad_over_lin,1e-12,,,,,,,,,,,,,,,,,,,,,,
exact_efim_cutting_plane_psl,Exact EFIM+cutting-plane PSL,ok,optimal,0.49239000099987607,False,,exact_efim,395.5747572000004,5933621.3580000065,0.9999999998146076,3.357142856613165,1767461.6813852561,76845698481.25809,2.0273000717628823e+18,2.0273000717628823e+18,2.027255888839601e+18,4.932668892624408e-19,0.10527656092692464,-13.266413454291717,-9.665430764738511,0.015721316067917143,8.576490024313536e-09,64.0,-1294.1302437608992,76844023722.41687,76844023708.17058,5.933621358000006,1.7674616813852562,76845698481.25809,2.0273000717628823e+18,2.027255888839601e+18,2.0273000717628823e+18,0.0021793973125541198,1294.1302437608992,1.6396970897794875e+18,62153437429.82344,26381438.54281344,4.684848827941393e+18,177581250000.0,0.35,0.11706010095802957,True,True,True,True,0.2363599969017654,False,False,True,-13.256466474732292,-13.472520460380483,-13.266413454291717,-13.266413454291717,0.009946979559424918,True,0.25,4.0,32.0,-1.4973958333333334e-06,1.0416666666666667e-06,5,natural_tdl,,unknown_amplitude_exact,,-13.256466474732292,0.2173585239870126,249.0,1.0416666666666667e-06,1.6396970897794875e+18,62153437429.82344,quad_over_lin,1e-12,-9.665414111014684,0.009946979559424918,249.0,1985.0,1.0,249.0,True,1.0,dense_psl_satisfied,False,0.49239000099987607,0.0,249.0,-13.266413454291717,-13.472520460380483,,0.0,,,,,
exact_efim_cutting_plane_psl_ee,Exact EFIM+cutting-plane PSL+EE,ok,optimal,3.7277495540001837,False,,exact_efim,344.1686412732257,5162529.619098386,0.638402225097959,2.32400635742274,2221392.210313698,62153555668.5574,1.639700209087381e+18,1.639700209087381e+18,1.6396970864805893e+18,6.098675809504085e-19,0.11705998961247123,-13.126667761269283,0.691730856920363,0.05698442394457263,7.357434456359778e-05,64.0,-430.58829241735117,97357801807.84958,62153437304.77726,5.162529619098386,2.221392210313698,62153555668.5574,1.639700209087381e+18,1.6396970864805893e+18,1.639700209087381e+18,0.00019043766503011977,430.58829241735117,1.6396970897794875e+18,62153437429.82344,26381438.54281344,4.684848827941393e+18,177581250000.0,0.35,0.11706010095802957,True,True,True,True,-2.0118948777567495e-09,False,False,True,-13.256466474732292,-13.256466450190318,-13.126667761269283,-13.126667761269283,-0.12979871346300875,True,0.25,4.0,32.0,-5.403645833333334e-06,1.0416666666666667e-06,5,natural_tdl,,unknown_amplitude_exact,,-13.256466474732292,0.2173585239870126,255.0,1.0416666666666667e-06,1.6396970897794875e+18,62153437429.82344,quad_over_lin,1e-12,0.6884190451297341,-0.12979871346300875,249.0,1985.0,4.0,255.0,True,4.0,dense_psl_satisfied,False,3.7277495540001837,6.0,255.0,-12.74892263919285,-13.256466446118232,-2.24609375e-06,3.0,5.0,True,2221392.210359056,-0.00010541360825300217,0.8814335980023316
uniform,Uniform,ok,ok,1.3717999536311254e-05,False,,none,395.57318656629536,5933597.79849443,1.0,3.357142857142857,1767454.6633813197,76781250000.0,2.0255998281153943e+18,2.0255998281153943e+18,2.0255998281153943e+18,4.936809265680052e-19,0.10532073506634214,-13.256466474732292,-9.684463547443015,0.015625,0.0,64.0,0.0,76781250000.0,76781250000.0,5.93359779849443,1.7674546633813197,76781250000.0,2.0255998281153943e+18,2.0255998281153943e+18,2.0255998281153943e+18,0.0,0.0,2.1081819725736271e+18,79911562409.77301,26381438.54281344,4.684848827941393e+18,177581250000.0,0.45,0.10323730519435335,False,False,False,False,-0.039172208819060424,False,False,True,-13.256466474732292,-13.456972739469613,-13.256466474732292,-13.256466474732292,0.0,True,0.25,4.0,32.0,-1.4973958333333334e-06,1.0416666666666667e-06,5,natural_tdl,,,,,,,,,,,,,,,,,,,,,,,,,,,,,,,,,
water_filling,Water-filling,ok,ok,0.0001995470011024736,False,,none,395.57475721693004,5933621.35825395,1.0000000000000635,3.357142857143039,1767461.681181932,76845704687.27768,2.0273002354866066e+18,2.0273002354866066e+18,2.027256053259738e+18,4.932668494264606e-19,0.1052765566758841,-13.266409413267287,-9.665428524080472,0.015721327687517217,8.576494684829105e-09,64.0,-1294.1200445383963,76844029940.58311,76844029940.588,5.9336213582539505,1.7674616811819321,76845704687.27768,2.0273002354866066e+18,2.027256053259738e+18,2.0273002354866066e+18,0.002179362784806024,1294.1200445383963,2.1081819725736271e+18,79911562409.77301,26381438.54281344,4.684848827941393e+18,177581250000.0,0.45,0.10323730519435335,False,False,False,False,-0.03838659108496988,False,False,True,-13.256466474732292,-13.472516405289126,-13.266409413267287,-13.266409413267287,0.009942938534994283,True,0.25,4.0,32.0,-1.4973958333333334e-06,1.0416666666666667e-06,5,natural_tdl,0.015860670508471595,,,,,,,,,,,,,,,,,,,,,,,,,,,,,,,,
conventional_s2,Conventional $S_2$,ok,optimal,0.007795571000315249,False,,conventional_s2,395.4870092945778,5932305.139418666,0.9999999993803614,3.3571428553724614,1767069.6169289171,79911562650.9913,2.1081819789373128e+18,2.1081819789373128e+18,2.1081377860700982e+18,4.743423527906625e-19,0.10323730503853906,-12.479108816705654,-8.699822698658892,0.017270308392734867,5.176706637375413e-07,64.0,-1294.2758661525886,79909887550.48988,79909887500.97464,5.932305139418666,1.767069616928917,79911562650.9913,2.1081819789373128e+18,2.1081377860700982e+18,2.1081819789373128e+18,0.0020962548611134905,1294.2758661525886,2.1081819725736271e+18,79911562409.77301,26381438.54281344,4.684848827941393e+18,177581250000.0,0.45,0.10323730519435335,True,False,True,True,-2.0959530108787518e-05,True,False,True,-13.256466474732292,-12.783340202530852,-12.445804081921912,-12.445804081921912,-0.8106623928103804,False,0.25,4.0,32.0,-1.46484375e-06,1.0416666666666667e-06,5,natural_tdl,,known_amplitude_linear,79911562409.77301,,,,,,,,,,,,,,,,,,,,,,,,,,,,,,
conventional_s2_psl,Conventional $S_2$+PSL,ok,optimal,0.4989322449982865,False,,conventional_s2,395.4641625335729,5931962.438003593,0.9999999996611948,3.3571428561748426,1766967.5352339703,79911562426.82771,2.1081819730235546e+18,2.1081819730235546e+18,2.1081369254466765e+18,4.743423541212621e-19,0.10323730518333692,-12.880466978276225,-8.708312581940612,0.018034833835626877,6.784440080354158e-07,64.0,-1306.7318630597692,79909854905.74022,79909854878.66635,5.931962438003593,1.7669675352339702,79911562426.82771,2.1081819730235548e+18,2.1081369254466765e+18,2.1081819730235546e+18,0.0021367973663807003,1306.7318630597692,2.1081819725736271e+18,79911562409.77301,26381438.54281344,4.684848827941393e+18,177581250000.0,0.45,0.10323730519435335,True,False,True,True,-2.136776024873382e-05,True,False,True,-13.256466474732292,-13.256466575362658,-12.84799772398652,-12.84799772398652,-0.40846875074577227,False,0.25,4.0,32.0,-1.46484375e-06,1.0416666666666667e-06,5,natural_tdl,,known_amplitude_linear,79911562409.77301,-13.256466474732292,0.2173585239870126,249.0,1.0416666666666667e-06,,,,,,,,,,,,,,,,,,,,,,,,,,
exact_efim,Exact EFIM,ok,optimal,0.009562261999235488,False,,exact_efim,395.48692328897835,5932303.849334675,0.9999999993460145,3.3571428552743274,1767069.2327002329,79912930855.72505,2.1082180741464097e+18,2.1082180741464097e+18,2.1081819795978363e+18,4.743342314835656e-19,0.10323642126183025,-12.47902162398044,-8.699428909784633,0.01725806742326661,5.172185228597619e-07,64.0,-1169.6921377840456,79911562728.28975,79911562676.02875,5.932303849334675,1.7670692327002329,79912930855.72505,2.1082180741464102e+18,2.1081819795978363e+18,2.1082180741464097e+18,0.0017120879958328892,1169.6921377840456,2.1081819725736271e+18,79911562409.77301,26381438.54281344,4.684848827941393e+18,177581250000.0,0.45,0.10323730519435335,True,True,True,True,3.331879905710883e-09,False,False,True,-13.256466474732292,-12.783318559896891,-12.44568707353009,-12.44568707353009,-0.8107794012022023,False,0.25,4.0,32.0,-1.46484375e-06,1.0416666666666667e-06,5,natural_tdl,,unknown_amplitude_exact,,,,,,2.1081819725736271e+18,79911562409.77301,quad_over_lin,1e-12,,,,,,,,,,,,,,,,,,,,,,
exact_efim_sampled_psl,Exact EFIM+sampled PSL,ok,optimal,0.5063591440011805,False,,exact_efim,395.4640473510818,5931960.710266227,0.9999999996769606,3.3571428562198875,1766967.0205650888,79912868641.1726,2.1082164328370184e+18,2.1082164328370184e+18,2.1081819732099016e+18,4.743346007669166e-19,0.10323646144813943,-12.88035069282113,-8.707917099476694,0.018017166528518036,6.778599940665722e-07,64.0,-1142.8942565984148,79911562459.70584,79911562433.89127,5.931960710266227,1.766967020565089,79912868641.1726,2.1082164328370184e+18,2.1081819732099016e+18,2.1082164328370184e+18,0.0016345393471024138,1142.8942565984148,2.1081819725736271e+18,79911562409.77301,26381438.54281344,4.684848827941393e+18,177581250000.0,0.45,0.10323730519435335,True,True,True,True,3.018119120064615e-10,False,False,True,-13.256466474732292,-13.256466565882638,-12.847907418788338,-12.847907418788338,-0.4085590559439538,False,0.25,4.0,32.0,-1.46484375e-06,1.0416666666666667e-06,5,natural_tdl,,unknown_amplitude_exact,,-13.256466474732292,0.2173585239870126,249.0,1.0416666666666667e-06,2.1081819725736271e+18,79911562409.77301,quad_over_lin,1e-12,,,,,,,,,,,,,,,,,,,,,,
exact_efim_cutting_plane_psl,Exact EFIM+cutting-plane PSL,ok,optimal,1.0000625930006208,False,,exact_efim,395.3986295953714,5930979.443930571,0.9999999996615917,3.3571428561759764,1766674.7284881338,79912723849.21877,2.1082126130169866e+18,2.1082126130169866e+18,2.10818197784617e+18,4.743354602024395e-19,0.10323655497393525,-13.271937524611674,-8.680405739946835,0.01887458384974384,1.0790357925218345e-06,64.0,-1077.6082721025002,79911562636.6738,79911562609.63106,5.930979443930571,1.7666747284881337,79912723849.21877,2.1082126130169866e+18,2.10818197784617e+18,2.1082126130169866e+18,0.0014531347847630566,1077.6082721025002,2.1081819725736271e+18,79911562409.77301,26381438.54281344,4.684848827941393e+18,177581250000.0,0.45,0.10323730519435335,True,True,True,True,2.5009904479751258e-09,False,False,True,-13.256466474732292,-13.739210424999413,-13.25646650891491,-13.25646650891491,3.418261762533348e-08,True,0.25,4.0,32.0,-1.46484375e-06,1.0416666666666667e-06,5,natural_tdl,,unknown_amplitude_exact,,-13.256466474732292,0.2173585239870126,251.0,1.0416666666666667e-06,2.1081819725736271e+18,79911562409.77301,quad_over_lin,1e-12,-8.680148824101648,3.418261762533348e-08,249.0,1985.0,2.0,251.0,True,2.0,dense_psl_satisfied,False,1.0000625930006208,2.0,251.0,-12.847907418788338,-13.256466565882638,-1.46484375e-06,1.0,,,,,
exact_efim_cutting_plane_psl_ee,Exact EFIM+cutting-plane PSL+EE,ok,optimal,1.599938243998622,False,,exact_efim,367.9120774793713,5518681.16219057,0.8238974303988513,2.8539926582824324,1933670.4129826946,79911643572.61484,2.108184113766151e+18,2.108184113766151e+18,2.1081819702955412e+18,4.743418724532351e-19,0.10323725276748022,-13.014065359652294,-0.2413689734626416,0.06249999990757471,9.291954545245765e-05,64.0,-314.0313134741608,96992124717.19412,79911562323.42116,5.518681162190569,1.9336704129826945,79911643572.61484,2.108184113766151e+18,2.1081819702955412e+18,2.108184113766151e+18,0.00010167378625364992,314.0313134741608,2.1081819725736271e+18,79911562409.77301,26381438.54281344,4.684848827941393e+18,177581250000.0,0.45,0.10323730519435335,True,True,True,True,-1.0805926232349656e-09,False,False,True,-13.256466474732292,-13.256466462862164,-13.014065359652294,-13.014065359652294,-0.24240111507999806,True,0.25,4.0,32.0,-2.2786458333333335e-06,1.0416666666666667e-06,5,natural_tdl,,unknown_amplitude_exact,,-13.256466474732292,0.2173585239870126,251.0,1.0416666666666667e-06,2.1081819725736271e+18,79911562409.77301,quad_over_lin,1e-12,-0.244943195364523,-0.24240111507999806,249.0,1985.0,2.0,251.0,True,2.0,dense_psl_satisfied,False,1.599938243998622,2.0,251.0,-12.944499899813056,-13.256466458259483,-3.2877604166666667e-06,1.0,4.0,True,1933670.413491787,-0.0014529461041092873,0.733407827996416
uniform,Uniform,ok,ok,1.4003999240230769e-05,False,,none,395.57318656629536,5933597.79849443,1.0,3.357142857142857,1767454.6633813197,76781250000.0,2.0255998281153943e+18,2.0255998281153943e+18,2.0255998281153943e+18,4.936809265680052e-19,0.10532073506634214,-13.256466474732292,-9.684463547443015,0.015625,0.0,64.0,0.0,76781250000.0,76781250000.0,5.93359779849443,1.7674546633813197,76781250000.0,2.0255998281153943e+18,2.0255998281153943e+18,2.0255998281153943e+18,0.0,0.0,2.3424244139706967e+18,88790624899.74777,26381438.54281344,4.684848827941393e+18,177581250000.0,0.5,0.09793950717362658,False,False,False,False,-0.13525498793715435,False,False,True,-13.256466474732292,-13.456972739469613,-13.256466474732292,-13.256466474732292,0.0,True,0.25,4.0,32.0,-1.4973958333333334e-06,1.0416666666666667e-06,5,natural_tdl,,,,,,,,,,,,,,,,,,,,,,,,,,,,,,,,,
water_filling,Water-filling,ok,ok,0.00020853399837506004,False,,none,395.57475721693004,5933621.35825395,1.0000000000000635,3.357142857143039,1767461.681181932,76845704687.27768,2.0273002354866066e+18,2.0273002354866066e+18,2.027256053259738e+18,4.932668494264606e-19,0.1052765566758841,-13.266409413267287,-9.665428524080472,0.015721327687517217,8.576494684829105e-09,64.0,-1294.1200445383963,76844029940.58311,76844029940.588,5.9336213582539505,1.7674616811819321,76845704687.27768,2.0273002354866066e+18,2.027256053259738e+18,2.0273002354866066e+18,0.002179362784806024,1294.1200445383963,2.3424244139706967e+18,88790624899.74777,26381438.54281344,4.684848827941393e+18,177581250000.0,0.5,0.09793950717362658,False,False,False,False,-0.13454793197647286,False,False,True,-13.256466474732292,-13.472516405289126,-13.266409413267287,-13.266409413267287,0.009942938534994283,True,0.25,4.0,32.0,-1.4973958333333334e-06,1.0416666666666667e-06,5,natural_tdl,0.015860670508471595,,,,,,,,,,,,,,,,,,,,,,,,,,,,,,,,
conventional_s2,Conventional $S_2$,ok,optimal,0.0077254300013009924,False,,conventional_s2,394.3048999657639,5914573.4994864585,0.9999999991538409,3.35714285472526,1761787.8521795857,88790624895.75717,2.342424413865419e+18,2.342424413865419e+18,2.3423800596487537e+18,4.2690811881943345e-19,0.09793950717582749,-10.545851093249803,-6.235978599003593,0.022687881672967477,7.652238647288057e-06,64.0,-1296.6364331532432,88788943704.84839,88788943629.71881,5.914573499486458,1.7617878521795858,88790624895.75717,2.342424413865419e+18,2.3423800596487537e+18,2.342424413865419e+18,0.0018935175198202285,1296.6364331532432,2.3424244139706967e+18,88790624899.74777,26381438.54281344,4.684848827941393e+18,177581250000.0,0.5,0.09793950717362658,True,False,True,True,-1.89352201413637e-05,True,False,True,-13.256466474732292,-11.010474282312952,-10.538080471297741,-10.538080471297741,-2.718386003434551,False,0.25,4.0,32.0,-1.3997395833333333e-06,1.0416666666666667e-06,5,natural_tdl,,known_amplitude_linear,88790624899.74777,,,,,,,,,,,,,,,,,,,,,,,,,,,,,,
conventional_s2_psl,Conventional $S_2$+PSL,ok,optimal,0.49680772699866793,False,,conventional_s2,393.0355892192706,5895533.838289059,0.9999999995088631,3.357142855739609,1756116.4632031184,88790624868.00443,2.3424244131332613e+18,2.3424244131332613e+18,2.342375091497828e+18,4.269081189528696e-19,0.09793950719113366,-13.02356249588178,-5.414536626677005,0.03347291507224644,1.9175004804225264e-05,64.0,-1367.3178952342043,88788755353.38615,88788755309.77872,5.895533838289059,1.7561164632031183,88790624868.00443,2.3424244131332613e+18,2.342375091497828e+18,2.3424244131332613e+18,0.002105580660658273,1367.3178952342043,2.3424244139706967e+18,88790624899.74777,26381438.54281344,4.684848827941393e+18,177581250000.0,0.5,0.09793950717362658,True,False,True,True,-2.1056164107022926e-05,True,False,True,-13.256466474732292,-13.256466476919861,-13.02356249588178,-13.02356249588178,-0.23290397885051206,True,0.25,4.0,32.0,-1.3671875e-06,1.0416666666666667e-06,5,natural_tdl,,known_amplitude_linear,88790624899.74777,-13.256466474732292,0.2173585239870126,249.0,1.0416666666666667e-06,,,,,,,,,,,,,,,,,,,,,,,,,,
exact_efim,Exact EFIM,ok,optimal,0.010078903000248829,False,,exact_efim,394.3046668504277,5914570.002756415,0.9999999993723568,3.3571428553495912,1761786.8102727816,88791387191.51782,2.34244452432418e+18,2.34244452432418e+18,2.342424404471727e+18,4.2690445370889226e-19,0.09793908675762182,-10.545896830930559,-6.2357287060442514,0.022689238495698042,7.651214286711634e-06,64.0,-873.2993949048748,88790624595.41399,88790624539.68517,5.914570002756415,1.7617868102727816,88791387191.51782,2.34244452432418e+18,2.342424404471727e+18,2.34244452432418e+18,0.0008589254620093422,873.2993949048748,2.3424244139706967e+18,88790624899.74777,26381438.54281344,4.684848827941393e+18,177581250000.0,0.5,0.09793950717362658,True,True,True,True,-4.05518724247673e-09,False,False,True,-13.256466474732292,-11.010513359668552,-10.538119339337106,-10.538119339337106,-2.7183471353951862,False,0.25,4.0,32.0,-1.3997395833333333e-06,1.0416666666666667e-06,5,natural_tdl,,unknown_amplitude_exact,,,,,,2.3424244139706967e+18,88790624899.74777,quad_over_lin,1e-12,,,,,,,,,,,,,,,,,,,,,,
exact_efim_sampled_psl,Exact EFIM+sampled PSL,ok,optimal,0.49809110400019563,False,,exact_efim,393.0351695475216,5895527.5432128245,0.999999999424032,3.3571428554972345,1756114.5882008122,88790970558.5458,2.3424335329470336e+18,2.3424335329470336e+18,2.342424410931588e+18,4.269064568683374e-19,0.09793931653664478,-13.02353020223293,-5.414355978402977,0.033313871235657155,1.9172921748722812e-05,64.0,-588.0255070852662,88790624835.68959,88790624784.54903,5.8955275432128245,1.7561145882008122,88790970558.5458,2.3424335329470336e+18,2.342424410931588e+18,2.3424335329470336e+18,0.0003894247293338361,588.0255070852662,2.3424244139706967e+18,88790624899.74777,26381438.54281344,4.684848827941393e+18,177581250000.0,0.5,0.09793950717362658,True,True,True,True,-1.2974201386709158e-09,False,False,True,-13.256466474732292,-13.25646647818262,-13.02353020223293,-13.02353020223293,-0.23293627249936222,True,0.25,4.0,32.0,-1.3671875e-06,1.0416666666666667e-06,5,natural_tdl,,unknown_amplitude_exact,,-13.256466474732292,0.2173585239870126,249.0,1.0416666666666667e-06,2.3424244139706967e+18,88790624899.74777,quad_over_lin,1e-12,,,,,,,,,,,,,,,,,,,,,,
exact_efim_cutting_plane_psl,Exact EFIM+cutting-plane PSL,ok,optimal,0.5024016520001169,False,,exact_efim,393.0351695475216,5895527.5432128245,0.999999999424032,3.3571428554972345,1756114.5882008122,88790970558.5458,2.3424335329470336e+18,2.3424335329470336e+18,2.342424410931588e+18,4.269064568683374e-19,0.09793931653664478,-13.02353020223293,-5.414355978402977,0.033313871235657155,1.9172921748722812e-05,64.0,-588.0255070852662,88790624835.68959,88790624784.54903,5.8955275432128245,1.7561145882008122,88790970558.5458,2.3424335329470336e+18,2.342424410931588e+18,2.3424335329470336e+18,0.0003894247293338361,588.0255070852662,2.3424244139706967e+18,88790624899.74777,26381438.54281344,4.684848827941393e+18,177581250000.0,0.5,0.09793950717362658,True,True,True,True,-1.2974201386709158e-09,False,False,True,-13.256466474732292,-13.25646647818262,-13.02353020223293,-13.02353020223293,-0.23293627249936222,True,0.25,4.0,32.0,-1.3671875e-06,1.0416666666666667e-06,5,natural_tdl,,unknown_amplitude_exact,,-13.256466474732292,0.2173585239870126,249.0,1.0416666666666667e-06,2.3424244139706967e+18,88790624899.74777,quad_over_lin,1e-12,-5.417205428567293,-0.23293627249936222,249.0,1985.0,1.0,249.0,True,1.0,dense_psl_satisfied,False,0.5024016520001169,0.0,249.0,-13.02353020223293,-13.25646647818262,,0.0,,,,,
exact_efim_cutting_plane_psl_ee,Exact EFIM+cutting-plane PSL+EE,ok,optimal,1.619256502999633,False,,exact_efim,378.3238328172018,5674857.492258026,0.9200583374619296,3.1287381070340845,1813784.758621922,88790685698.92323,2.3424260179404073e+18,2.3424260179404073e+18,2.342424411386467e+18,4.269078264760977e-19,0.09793947364171807,-13.0442340854945,-0.711835937795523,0.06249999977980298,0.00010053875158654745,64.0,-257.270941950752,96505429260.85425,88790624801.79141,5.674857492258027,1.813784758621922,88790685698.92323,2.3424260179404073e+18,2.342424411386467e+18,2.3424260179404073e+18,6.858504508469269e-05,257.270941950752,2.3424244139706967e+18,88790624899.74777,26381438.54281344,4.684848827941393e+18,177581250000.0,0.5,0.09793950717362658,True,True,True,True,-1.1032287200334518e-09,False,False,True,-13.256466474732292,-13.256466463315766,-13.0442340854945,-13.0442340854945,-0.21223238923779242,True,0.25,4.0,32.0,-2.2786458333333335e-06,1.0416666666666667e-06,5,natural_tdl,,unknown_amplitude_exact,,-13.256466474732292,0.2173585239870126,251.0,1.0416666666666667e-06,2.3424244139706967e+18,88790624899.74777,quad_over_lin,1e-12,-0.7154485763634837,-0.21223238923779242,249.0,1985.0,2.0,251.0,True,2.0,dense_psl_satisfied,False,1.619256502999633,2.0,251.0,-13.004683318695154,-13.256466464733192,-3.2877604166666667e-06,1.0,4.0,True,1813784.7584958058,0.00039458461105823517,0.7413254619968939
uniform,Uniform,ok,ok,1.603700002306141e-05,False,,none,395.57318656629536,5933597.79849443,1.0,3.357142857142857,1767454.6633813197,76781250000.0,2.0255998281153943e+18,2.0255998281153943e+18,2.0255998281153943e+18,4.936809265680052e-19,0.10532073506634214,-13.256466474732292,-9.684463547443015,0.015625,0.0,64.0,0.0,76781250000.0,76781250000.0,5.93359779849443,1.7674546633813197,76781250000.0,2.0255998281153943e+18,2.0255998281153943e+18,2.0255998281153943e+18,0.0,0.0,2.5766668553677665e+18,97669687389.72256,26381438.54281344,4.684848827941393e+18,177581250000.0,0.55,0.09338165609920326,False,False,False,False,-0.21386817085195853,False,False,True,-13.256466474732292,-13.456972739469613,-13.256466474732292,-13.256466474732292,0.0,True,0.25,4.0,32.0,-1.4973958333333334e-06,1.0416666666666667e-06,5,natural_tdl,,,,,,,,,,,,,,,,,,,,,,,,,,,,,,,,,
water_filling,Water-filling,ok,ok,0.00019732500004465692,False,,none,395.57475721693004,5933621.35825395,1.0000000000000635,3.357142857143039,1767461.681181932,76845704687.27768,2.0273002354866066e+18,2.0273002354866066e+18,2.027256053259738e+18,4.932668494264606e-19,0.1052765566758841,-13.266409413267287,-9.665428524080472,0.015721327687517217,8.576494684829105e-09,64.0,-1294.1200445383963,76844029940.58311,76844029940.588,5.9336213582539505,1.7674616811819321,76845704687.27768,2.0273002354866066e+18,2.027256053259738e+18,2.0273002354866066e+18,0.002179362784806024,1294.1200445383963,2.5766668553677665e+18,97669687389.72256,26381438.54281344,4.684848827941393e+18,177581250000.0,0.55,0.09338165609920326,False,False,False,False,-0.21322539270588445,False,False,True,-13.256466474732292,-13.472516405289126,-13.266409413267287,-13.266409413267287,0.009942938534994283,True,0.25,4.0,32.0,-1.4973958333333334e-06,1.0416666666666667e-06,5,natural_tdl,0.015860670508471595,,,,,,,,,,,,,,,,,,,,,,,,,,,,,,,,
conventional_s2,Conventional $S_2$,ok,optimal,0.007856288000766654,False,,conventional_s2,391.8707389358925,5878061.084038388,0.9999999990753106,3.3571428545008875,1750911.8136446683,97669687351.19876,2.576666854351453e+18,2.576666854351453e+18,2.5766226035050337e+18,3.880982899714833e-19,0.0933816561176195,-9.06955196415732,-4.129155330109768,0.02981651458804743,2.4145484814010078e-05,64.0,-1295.1246061283691,97668010093.76749,97668010003.45491,5.878061084038388,1.7509118136446684,97669687351.19876,2.576666854351453e+18,2.5766226035050337e+18,2.576666854351453e+18,0.0017173677825181608,1295.1246061283691,2.5766668553677665e+18,97669687389.72256,26381438.54281344,4.684848827941393e+18,177581250000.0,0.55,0.09338165609920326,True,False,True,True,-1.717407224787853e-05,True,False,True,-13.256466474732292,-9.218890227625424,-9.06955196415732,-9.06955196415732,-4.186914510574972,False,0.25,4.0,32.0,-1.3671875e-06,1.0416666666666667e-06,5,natural_tdl,,known_amplitude_linear,97669687389.72256,,,,,,,,,,,,,,,,,,,,,,,,,,,,,,
conventional_s2_psl,Conventional $S_2$+PSL,infeasible,infeasible,0.4720158879972587,False,max_rate_isac: problem is infeasible (solver CLARABEL),conventional_s2,,,,,,,,,,,,,,,,,,,,,,,,,,,,2.5766668553677665e+18,97669687389.72256,26381438.54281344,4.684848827941393e+18,177581250000.0,0.55,0.09338165609920326,False,False,,,,False,,True,-13.256466474732292,,,,,False,,,,,,5,natural_tdl,,,,,,,,,,,,,,,,,,,,,,,,,,,,,,,,,
exact_efim,Exact EFIM,ok,optimal,0.010528866998356534,False,,exact_efim,391.87045459203875,5878056.818880581,0.9999999991605706,3.3571428547444877,1750910.54304508,97670105541.6217,2.576677886816395e+18,2.576677886816395e+18,2.5766668513592863e+18,3.8809662826561003e-19,0.09338145620304046,-9.069452222222175,-4.1289380466629,0.029883373885427267,2.414450527964025e-05,64.0,-646.7641321809524,97669687319.76617,97669687237.77937,5.878056818880581,1.75091054304508,97670105541.6217,2.5766778868163953e+18,2.5766668513592863e+18,2.576677886816395e+18,0.00042828236951708467,646.7641321809524,2.5766668553677665e+18,97669687389.72256,26381438.54281344,4.684848827941393e+18,177581250000.0,0.55,0.09338165609920326,True,True,True,True,-1.555684332124446e-09,False,False,True,-13.256466474732292,-9.218818366416222,-9.069452222222175,-9.069452222222175,-4.187014252510117,False,0.25,4.0,32.0,-1.3671875e-06,1.0416666666666667e-06,5,natural_tdl,,unknown_amplitude_exact,,,,,,2.5766668553677665e+18,97669687389.72256,quad_over_lin,1e-12,,,,,,,,,,,,,,,,,,,,,,
exact_efim_sampled_psl,Exact EFIM+sampled PSL,infeasible,infeasible,0.48865458499858505,False,max_rate_isac: problem is infeasible (solver CLARABEL),exact_efim,,,,,,,,,,,,,,,,,,,,,,,,,,,,2.5766668553677665e+18,97669687389.72256,26381438.54281344,4.684848827941393e+18,177581250000.0,0.55,0.09338165609920326,False,False,,,,False,,True,-13.256466474732292,,,,,False,,,,,,5,natural_tdl,,,,,,,,,,,,,,,,,,,,,,,,,,,,,,,,,
exact_efim_cutting_plane_psl,Exact EFIM+cutting-plane PSL,infeasible,infeasible,0.4842149010000867,False,max_rate_isac: problem is infeasible (solver CLARABEL),exact_efim,,,,,,,,,,,,,,,,,,,,,,,,,,,,2.5766668553677665e+18,97669687389.72256,26381438.54281344,4.684848827941393e+18,177581250000.0,0.55,0.09338165609920326,False,False,,,,False,,True,-13.256466474732292,,,,,False,,,,,,5,natural_tdl,,,,,,,,,,,,,,,,,,,,,,,,,,,,,,,,,
exact_efim_cutting_plane_psl_ee,Exact EFIM+cutting-plane PSL+EE,infeasible,infeasible,0.4976086970018514,False,dinkelbach_ee_isac[iter 1]: problem is infeasible (solver CLARABEL),exact_efim,,,,,,,,,,,,,,,,,,,,,,,,,,,,2.5766668553677665e+18,97669687389.72256,26381438.54281344,4.684848827941393e+18,177581250000.0,0.55,0.09338165609920326,False,False,,,,False,,True,-13.256466474732292,,,,,False,,,,,,5,natural_tdl,,,,,,,,,,,,,,,,,,,,,,,,,,,,,,,,,
uniform,Uniform,ok,ok,1.5064000763231888e-05,False,,none,395.57318656629536,5933597.79849443,1.0,3.357142857142857,1767454.6633813197,76781250000.0,2.0255998281153943e+18,2.0255998281153943e+18,2.0255998281153943e+18,4.936809265680052e-19,0.10532073506634214,-13.256466474732292,-9.684463547443015,0.015625,0.0,64.0,0.0,76781250000.0,76781250000.0,5.93359779849443,1.7674546633813197,76781250000.0,2.0255998281153943e+18,2.0255998281153943e+18,2.0255998281153943e+18,0.0,0.0,2.810909296764836e+18,106548749879.69733,26381438.54281344,4.684848827941393e+18,177581250000.0,0.6,0.08940612891655719,False,False,False,False,-0.27937915661429524,False,False,True,-13.256466474732292,-13.456972739469613,-13.256466474732292,-13.256466474732292,0.0,True,0.25,4.0,32.0,-1.4973958333333334e-06,1.0416666666666667e-06,5,natural_tdl,,,,,,,,,,,,,,,,,,,,,,,,,,,,,,,,,
water_filling,Water-filling,ok,ok,0.0002007000002777204,False,,none,395.57475721693004,5933621.35825395,1.0000000000000635,3.357142857143039,1767461.681181932,76845704687.27768,2.0273002354866066e+18,2.0273002354866066e+18,2.027256053259738e+18,4.932668494264606e-19,0.1052765566758841,-13.266409413267287,-9.665428524080472,0.015721327687517217,8.576494684829105e-09,64.0,-1294.1200445383963,76844029940.58311,76844029940.588,5.9336213582539505,1.7674616811819321,76845704687.27768,2.0273002354866066e+18,2.027256053259738e+18,2.0273002354866066e+18,0.002179362784806024,1294.1200445383963,2.810909296764836e+18,106548749879.69733,26381438.54281344,4.684848827941393e+18,177581250000.0,0.6,0.08940612891655719,False,False,False,False,-0.2787899433137273,False,False,True,-13.256466474732292,-13.472516405289126,-13.266409413267287,-13.266409413267287,0.009942938534994283,True,0.25,4.0,32.0,-1.4973958333333334e-06,1.0416666666666667e-06,5,natural_tdl,0.015860670508471595,,,,,,,,,,,,,,,,,,,,,,,,,,,,,,,,
conventional_s2,Conventional $S_2$,ok,optimal,0.0076483299999381416,False,,conventional_s2,388.2982273229664,5824473.409844496,0.9999999992123711,3.3571428548924893,1734949.5274996338,106548749831.4123,2.810909295491007e+18,2.810909295491007e+18,2.8108652351147213e+18,3.557567658280916e-19,0.08940612893681543,-7.912010256781739,-2.239301624743653,0.03924231076183487,5.2424893986812995e-05,64.0,-1292.334279972171,106547079787.44197,106547079703.52242,5.824473409844496,1.7349495274996338,106548749831.4123,2.810909295491007e+18,2.8108652351147213e+18,2.810909295491007e+18,0.001567477696856795,1292.334279972171,2.810909296764836e+18,106548749879.69733,26381438.54281344,4.684848827941393e+18,177581250000.0,0.6,0.08940612891655719,True,False,True,True,-1.567523013470123e-05,True,False,True,-13.256466474732292,-7.912010256781739,-7.897454406321618,-7.897454406321618,-5.359012068410674,False,0.25,4.0,32.0,-1.3346354166666666e-06,1.0416666666666667e-06,5,natural_tdl,,known_amplitude_linear,106548749879.69733,,,,,,,,,,,,,,,,,,,,,,,,,,,,,,
conventional_s2_psl,Conventional $S_2$+PSL,infeasible,infeasible,0.42135635900194757,False,max_rate_isac: problem is infeasible (solver CLARABEL),conventional_s2,,,,,,,,,,,,,,,,,,,,,,,,,,,,2.810909296764836e+18,106548749879.69733,26381438.54281344,4.684848827941393e+18,177581250000.0,0.6,0.08940612891655719,False,False,,,,False,,True,-13.256466474732292,,,,,False,,,,,,5,natural_tdl,,,,,,,,,,,,,,,,,,,,,,,,,,,,,,,,,
exact_efim,Exact EFIM,ok,optimal,0.00958850899769459,False,,exact_efim,388.29794477159965,5824469.171573995,0.9999999995635367,3.357142855895819,1734948.2645175655,106548971461.32584,2.8109151424069504e+18,2.8109151424069504e+18,2.810909290875044e+18,3.5575602582713075e-19,0.08940603595101435,-7.911939768172474,-2.239039399889217,0.03940431882728409,5.2425903078945995e-05,64.0,-470.96165849107354,106548749702.9468,106548749656.44217,5.824469171573995,1.7349482645175656,106548971461.32584,2.8109151424069504e+18,2.810909290875044e+18,2.8109151424069504e+18,0.0002081717736078439,470.96165849107354,2.810909296764836e+18,106548749879.69733,26381438.54281344,4.684848827941393e+18,177581250000.0,0.6,0.08940612891655719,True,True,True,True,-2.095333352370618e-09,False,False,True,-13.256466474732292,-7.911939768172474,-7.897365450808614,-7.897365450808614,-5.359101023923678,False,0.25,4.0,32.0,-1.3346354166666666e-06,1.0416666666666667e-06,5,natural_tdl,,unknown_amplitude_exact,,,,,,2.810909296764836e+18,106548749879.69733,quad_over_lin,1e-12,,,,,,,,,,,,,,,,,,,,,,
exact_efim_sampled_psl,Exact EFIM+sampled PSL,infeasible,infeasible,0.4891760179998528,False,max_rate_isac: problem is infeasible (solver CLARABEL),exact_efim,,,,,,,,,,,,,,,,,,,,,,,,,,,,2.810909296764836e+18,106548749879.69733,26381438.54281344,4.684848827941393e+18,177581250000.0,0.6,0.08940612891655719,False,False,,,,False,,True,-13.256466474732292,,,,,False,,,,,,5,natural_tdl,,,,,,,,,,,,,,,,,,,,,,,,,,,,,,,,,
exact_efim_cutting_plane_psl,Exact EFIM+cutting-plane PSL,infeasible,infeasible,0.46808372200030135,False,max_rate_isac: problem is infeasible (solver CLARABEL),exact_efim,,,,,,,,,,,,,,,,,,,,,,,,,,,,2.810909296764836e+18,106548749879.69733,26381438.54281344,4.684848827941393e+18,177581250000.0,0.6,0.08940612891655719,False,False,,,,False,,True,-13.256466474732292,,,,,False,,,,,,5,natural_tdl,,,,,,,,,,,,,,,,,,,,,,,,,,,,,,,,,
exact_efim_cutting_plane_psl_ee,Exact EFIM+cutting-plane PSL+EE,infeasible,infeasible,0.46976253500179155,False,dinkelbach_ee_isac[iter 1]: problem is infeasible (solver CLARABEL),exact_efim,,,,,,,,,,,,,,,,,,,,,,,,,,,,2.810909296764836e+18,106548749879.69733,26381438.54281344,4.684848827941393e+18,177581250000.0,0.6,0.08940612891655719,False,False,,,,False,,True,-13.256466474732292,,,,,False,,,,,,5,natural_tdl,,,,,,,,,,,,,,,,,,,,,,,,,,,,,,,,,
uniform,Uniform,ok,ok,1.586099824635312e-05,False,,none,395.57318656629536,5933597.79849443,1.0,3.357142857142857,1767454.6633813197,76781250000.0,2.0255998281153943e+18,2.0255998281153943e+18,2.0255998281153943e+18,4.936809265680052e-19,0.10532073506634214,-13.256466474732292,-9.684463547443015,0.015625,0.0,64.0,0.0,76781250000.0,76781250000.0,5.93359779849443,1.7674546633813197,76781250000.0,2.0255998281153943e+18,2.0255998281153943e+18,2.0255998281153943e+18,0.0,0.0,3.279394179558975e+18,124306874859.64688,26381438.54281344,4.684848827941393e+18,177581250000.0,0.7,0.08277399119380457,False,False,False,False,-0.3823249913836816,False,False,True,-13.256466474732292,-13.456972739469613,-13.256466474732292,-13.256466474732292,0.0,True,0.25,4.0,32.0,-1.4973958333333334e-06,1.0416666666666667e-06,5,natural_tdl,,,,,,,,,,,,,,,,,,,,,,,,,,,,,,,,,
water_filling,Water-filling,ok,ok,0.0002011319993471261,False,,none,395.57475721693004,5933621.35825395,1.0000000000000635,3.357142857143039,1767461.681181932,76845704687.27768,2.0273002354866066e+18,2.0273002354866066e+18,2.027256053259738e+18,4.932668494264606e-19,0.1052765566758841,-13.266409413267287,-9.665428524080472,0.015721327687517217,8.576494684829105e-09,64.0,-1294.1200445383963,76844029940.58311,76844029940.588,5.9336213582539505,1.7674616811819321,76845704687.27768,2.0273002354866066e+18,2.027256053259738e+18,2.0273002354866066e+18,0.002179362784806024,1294.1200445383963,3.279394179558975e+18,124306874859.64688,26381438.54281344,4.684848827941393e+18,177581250000.0,0.7,0.08277399119380457,False,False,False,False,-0.3818199514117662,False,False,True,-13.256466474732292,-13.472516405289126,-13.266409413267287,-13.266409413267287,0.009942938534994283,True,0.25,4.0,32.0,-1.4973958333333334e-06,1.0416666666666667e-06,5,natural_tdl,0.015860670508471595,,,,,,,,,,,,,,,,,,,,,,,,,,,,,,,,
conventional_s2,Conventional $S_2$,ok,optimal,0.007570852001663297,False,,conventional_s2,377.9413184275327,5669119.77641299,0.9999999985858771,3.357142853102506,1688673.9779851395,124306874738.02728,3.2793941763504753e+18,3.2793941763504753e+18,3.2793515189256197e+18,3.0493437086994693e-19,0.08277399123429686,-6.017680142642429,1.095525728707606,0.062499996292663944,0.00015749075163098788,64.0,-1271.592860475904,124305257965.40967,124305257789.62675,5.66911977641299,1.6886739779851394,124306874738.02728,3.2793941763504753e+18,3.2793515189256197e+18,3.2793941763504753e+18,0.0013007715011259786,1271.592860475904,3.279394179558975e+18,124306874859.64688,26381438.54281344,4.684848827941393e+18,177581250000.0,0.7,0.08277399119380457,True,False,True,True,-1.3008693380373432e-05,True,False,True,-13.256466474732292,-6.0741309790325015,-6.008016177533664,-6.008016177533664,-7.248450297198628,False,0.25,4.0,32.0,-1.2695312500000002e-06,1.0416666666666667e-06,5,natural_tdl,,known_amplitude_linear,124306874859.64688,,,,,,,,,,,,,,,,,,,,,,,,,,,,,,
conventional_s2_psl,Conventional $S_2$+PSL,infeasible,infeasible,0.4530917789998057,False,max_rate_isac: problem is infeasible (solver CLARABEL),conventional_s2,,,,,,,,,,,,,,,,,,,,,,,,,,,,3.279394179558975e+18,124306874859.64688,26381438.54281344,4.684848827941393e+18,177581250000.0,0.7,0.08277399119380457,False,False,,,,False,,True,-13.256466474732292,,,,,False,,,,,,5,natural_tdl,,,,,,,,,,,,,,,,,,,,,,,,,,,,,,,,,
exact_efim,Exact EFIM,ok,optimal,0.009789937001187354,False,,exact_efim,377.94101365378344,5669115.204806752,0.9999999987704512,3.3571428536298606,1688672.615964824,124306988296.3222,3.2793971721816535e+18,3.2793971721816535e+18,3.279394174266418e+18,3.0493409230292757e-19,0.08277395342598222,-6.017723926131336,1.0958219742294495,0.062499995508751564,0.00015749765161074468,64.0,-337.1013084123154,124306874811.87158,124306874659.03021,5.669115204806752,1.6886726159648242,124306988296.3222,3.2793971721816535e+18,3.279394174266418e+18,3.2793971721816535e+18,9.141665610858612e-05,337.1013084123154,3.279394179558975e+18,124306874859.64688,26381438.54281344,4.684848827941393e+18,177581250000.0,0.7,0.08277399119380457,True,True,True,True,-1.6138824765224662e-09,False,False,True,-13.256466474732292,-6.074148234687117,-6.008046163307199,-6.008046163307199,-7.248420311425093,False,0.25,4.0,32.0,-1.2695312500000002e-06,1.0416666666666667e-06,5,natural_tdl,,unknown_amplitude_exact,,,,,,3.279394179558975e+18,124306874859.64688,quad_over_lin,1e-12,,,,,,,,,,,,,,,,,,,,,,
exact_efim_sampled_psl,Exact EFIM+sampled PSL,infeasible,infeasible,0.4597812959982548,False,max_rate_isac: problem is infeasible (solver CLARABEL),exact_efim,,,,,,,,,,,,,,,,,,,,,,,,,,,,3.279394179558975e+18,124306874859.64688,26381438.54281344,4.684848827941393e+18,177581250000.0,0.7,0.08277399119380457,False,False,,,,False,,True,-13.256466474732292,,,,,False,,,,,,5,natural_tdl,,,,,,,,,,,,,,,,,,,,,,,,,,,,,,,,,
exact_efim_cutting_plane_psl,Exact EFIM+cutting-plane PSL,infeasible,infeasible,0.42773305399896344,False,max_rate_isac: problem is infeasible (solver CLARABEL),exact_efim,,,,,,,,,,,,,,,,,,,,,,,,,,,,3.279394179558975e+18,124306874859.64688,26381438.54281344,4.684848827941393e+18,177581250000.0,0.7,0.08277399119380457,False,False,,,,False,,True,-13.256466474732292,,,,,False,,,,,,5,natural_tdl,,,,,,,,,,,,,,,,,,,,,,,,,,,,,,,,,
exact_efim_cutting_plane_psl_ee,Exact EFIM+cutting-plane PSL+EE,infeasible,infeasible,0.45792480100135435,False,dinkelbach_ee_isac[iter 1]: problem is infeasible (solver CLARABEL),exact_efim,,,,,,,,,,,,,,,,,,,,,,,,,,,,3.279394179558975e+18,124306874859.64688,26381438.54281344,4.684848827941393e+18,177581250000.0,0.7,0.08277399119380457,False,False,,,,False,,True,-13.256466474732292,,,,,False,,,,,,5,natural_tdl,,,,,,,,,,,,,,,,,,,,,,,,,,,,,,,,,
uniform,Uniform,ok,ok,1.471799987484701e-05,False,,none,395.57318656629536,5933597.79849443,1.0,3.357142857142857,1767454.6633813197,76781250000.0,2.0255998281153943e+18,2.0255998281153943e+18,2.0255998281153943e+18,4.936809265680052e-19,0.10532073506634214,-13.256466474732292,-9.684463547443015,0.015625,0.0,64.0,0.0,76781250000.0,76781250000.0,5.93359779849443,1.7674546633813197,76781250000.0,2.0255998281153943e+18,2.0255998281153943e+18,2.0255998281153943e+18,0.0,0.0,3.747879062353115e+18,142064999839.59647,26381438.54281344,4.684848827941393e+18,177581250000.0,0.8,0.07742797889576501,False,False,False,False,-0.4595343674607215,False,False,True,-13.256466474732292,-13.456972739469613,-13.256466474732292,-13.256466474732292,0.0,True,0.25,4.0,32.0,-1.4973958333333334e-06,1.0416666666666667e-06,5,natural_tdl,,,,,,,,,,,,,,,,,,,,,,,,,,,,,,,,,
water_filling,Water-filling,ok,ok,0.00020052299805684015,False,,none,395.57475721693004,5933621.35825395,1.0000000000000635,3.357142857143039,1767461.681181932,76845704687.27768,2.0273002354866066e+18,2.0273002354866066e+18,2.027256053259738e+18,4.932668494264606e-19,0.1052765566758841,-13.266409413267287,-9.665428524080472,0.015721327687517217,8.576494684829105e-09,64.0,-1294.1200445383963,76844029940.58311,76844029940.588,5.9336213582539505,1.7674616811819321,76845704687.27768,2.0273002354866066e+18,2.027256053259738e+18,2.0273002354866066e+18,0.002179362784806024,1294.1200445383963,3.747879062353115e+18,142064999839.59647,26381438.54281344,4.684848827941393e+18,177581250000.0,0.8,0.07742797889576501,False,False,False,False,-0.4590924574852956,False,False,True,-13.256466474732292,-13.472516405289126,-13.266409413267287,-13.266409413267287,0.009942938534994283,True,0.25,4.0,32.0,-1.4973958333333334e-06,1.0416666666666667e-06,5,natural_tdl,0.015860670508471595,,,,,,,,,,,,,,,,,,,,,,,,,,,,,,,,
conventional_s2,Conventional $S_2$,ok,optimal,0.007751853998342995,False,,conventional_s2,361.5498592550467,5423247.888825701,0.9999999984147014,3.357142852613433,1615435.5435318663,142064999673.52377,3.747879057971879e+18,3.747879057971879e+18,3.7478414573018056e+18,2.6681757456206134e-19,0.07742797894102131,-4.061702752598319,3.255829656290162,0.06249999936181527,0.00029588612814541066,64.0,-1193.8466797127508,142063574628.84454,142063574403.63138,5.423247888825701,1.6154355435318664,142064999673.52377,3.747879057971879e+18,3.7478414573018056e+18,3.747879057971879e+18,0.001003251959087793,1193.8466797127508,3.747879062353115e+18,142064999839.59647,26381438.54281344,4.684848827941393e+18,177581250000.0,0.8,0.07742797889576501,True,False,True,True,-1.0033688569971512e-05,True,False,True,-13.256466474732292,-4.306741913135085,-4.0494196479241555,-4.0494196479241555,-9.207046826808137,False,0.25,4.0,32.0,-1.2044270833333335e-06,1.0416666666666667e-06,5,natural_tdl,,known_amplitude_linear,142064999839.59647,,,,,,,,,,,,,,,,,,,,,,,,,,,,,,
conventional_s2_psl,Conventional $S_2$+PSL,infeasible,infeasible,0.4421369119991141,False,max_rate_isac: problem is infeasible (solver CLARABEL),conventional_s2,,,,,,,,,,,,,,,,,,,,,,,,,,,,3.747879062353115e+18,142064999839.59647,26381438.54281344,4.684848827941393e+18,177581250000.0,0.8,0.07742797889576501,False,False,,,,False,,True,-13.256466474732292,,,,,False,,,,,,5,natural_tdl,,,,,,,,,,,,,,,,,,,,,,,,,,,,,,,,,
exact_efim,Exact EFIM,ok,optimal,0.009449241999391234,False,,exact_efim,361.5493979312878,5423240.968969317,0.9999999979583151,3.357142851309472,1615433.482925504,142065102158.64288,3.74788176167675e+18,3.74788176167675e+18,3.7478790488968596e+18,2.6681738208107557e-19,0.0774279510129202,-4.061649343102317,3.255931789686042,0.062499999004998995,0.0002958843083851367,64.0,-320.66978639975935,142064999619.58316,142064999329.5312,5.423240968969317,1.615433482925504,142065102158.64288,3.74788176167675e+18,3.7478790488968596e+18,3.74788176167675e+18,7.23816828458948e-05,320.66978639975935,3.747879062353115e+18,142064999839.59647,26381438.54281344,4.684848827941393e+18,177581250000.0,0.8,0.07742797889576501,True,True,True,True,-3.590365447798483e-09,False,False,True,-13.256466474732292,-4.306656431178314,-4.049381563787351,-4.049381563787351,-9.20708491094494,False,0.25,4.0,32.0,-1.2044270833333335e-06,1.0416666666666667e-06,5,natural_tdl,,unknown_amplitude_exact,,,,,,3.747879062353115e+18,142064999839.59647,quad_over_lin,1e-12,,,,,,,,,,,,,,,,,,,,,,
exact_efim_sampled_psl,Exact EFIM+sampled PSL,infeasible,infeasible,0.45057694500064827,False,max_rate_isac: problem is infeasible (solver CLARABEL),exact_efim,,,,,,,,,,,,,,,,,,,,,,,,,,,,3.747879062353115e+18,142064999839.59647,26381438.54281344,4.684848827941393e+18,177581250000.0,0.8,0.07742797889576501,False,False,,,,False,,True,-13.256466474732292,,,,,False,,,,,,5,natural_tdl,,,,,,,,,,,,,,,,,,,,,,,,,,,,,,,,,
exact_efim_cutting_plane_psl,Exact EFIM+cutting-plane PSL,infeasible,infeasible,0.45225051599845756,False,max_rate_isac: problem is infeasible (solver CLARABEL),exact_efim,,,,,,,,,,,,,,,,,,,,,,,,,,,,3.747879062353115e+18,142064999839.59647,26381438.54281344,4.684848827941393e+18,177581250000.0,0.8,0.07742797889576501,False,False,,,,False,,True,-13.256466474732292,,,,,False,,,,,,5,natural_tdl,,,,,,,,,,,,,,,,,,,,,,,,,,,,,,,,,
exact_efim_cutting_plane_psl_ee,Exact EFIM+cutting-plane PSL+EE,infeasible,infeasible,0.45211385500078904,False,dinkelbach_ee_isac[iter 1]: problem is infeasible (solver CLARABEL),exact_efim,,,,,,,,,,,,,,,,,,,,,,,,,,,,3.747879062353115e+18,142064999839.59647,26381438.54281344,4.684848827941393e+18,177581250000.0,0.8,0.07742797889576501,False,False,,,,False,,True,-13.256466474732292,,,,,False,,,,,,5,natural_tdl,,,,,,,,,,,,,,,,,,,,,,,,,,,,,,,,,
uniform,Uniform,ok,ok,1.399000029778108e-05,False,,none,126.43720029597019,1896558.0044395528,1.0,3.357142857142857,564932.1715351859,76781250000.0,2.0255998281153943e+18,2.0255998281153943e+18,2.0255998281153943e+18,4.936809265680052e-19,0.10532073506634214,-13.256466474732292,-9.684463547443015,0.015625,0.0,64.0,0.0,76781250000.0,76781250000.0,1.8965580044395527,0.5649321715351859,76781250000.0,2.0255998281153943e+18,2.0255998281153943e+18,2.0255998281153943e+18,0.0,0.0,7.02727324191209e+17,26637187469.92433,26381438.54281344,4.684848827941393e+18,177581250000.0,0.15,0.17881225783311439,False,True,True,True,1.882483373542819,False,False,True,-13.256466474732292,-13.456972739469613,-13.256466474732292,-13.256466474732292,0.0,True,0.25,4.0,32.0,-1.4973958333333334e-06,1.0416666666666667e-06,6,natural_tdl,,,,,,,,,,,,,,,,,,,,,,,,,,,,,,,,,
water_filling,Water-filling,ok,ok,0.00018315900160814635,False,,none,134.4287279124165,2016430.9186862474,1.0000000000001288,3.3571428571432254,600638.997055412,103358249491.4119,2.726739306850461e+18,2.726739306850461e+18,2.690290722837319e+18,3.667383961083749e-19,0.09077555187714866,-5.759568527683521,-2.0322140538503546,0.02395778988331185,7.226568658423508e-05,54.0,37169.87442722978,101976649926.46255,101976649926.4757,2.0164309186862472,0.600638997055412,103358249491.4119,2.726739306850461e+18,2.690290722837319e+18,2.726739306850461e+18,1.3367095241401057,37169.87442722978,7.02727324191209e+17,26637187469.92433,26381438.54281344,4.684848827941393e+18,177581250000.0,0.15,0.17881225783311439,False,True,True,True,2.8283565050407846,False,False,True,-13.256466474732292,-5.919352514657722,-5.759568527683521,-5.759568527683521,-7.4968979470487715,False,0.25,4.0,32.0,-1.3671875e-06,1.0416666666666667e-06,6,natural_tdl,0.025000672561017494,,,,,,,,,,,,,,,,,,,,,,,,,,,,,,,,
conventional_s2,Conventional $S_2$,ok,optimal,0.007619645999511704,False,,conventional_s2,134.42872761318122,2016430.9141977183,0.9999999964988119,3.3571428471394626,600638.997508214,103357539345.21732,2.726720572172273e+18,2.726720572172273e+18,2.6902690966279383e+18,3.667409158846587e-19,0.09077586372572015,-5.75969987260277,-2.032328892090358,0.023958589259098377,7.226427730992266e-05,63.0,37171.348839288,101975830532.55946,101975830175.5229,2.016430914197718,0.6006389975082139,103357539345.21732,2.7267205721722726e+18,2.6902690966279383e+18,2.726720572172273e+18,1.33682475264766,37171.348839288,7.02727324191209e+17,26637187469.92433,26381438.54281344,4.684848827941393e+18,177581250000.0,0.15,0.17881225783311439,True,True,True,True,2.828325730359573,False,False,True,-13.256466474732292,-5.919479164609612,-5.75969987260277,-5.75969987260277,-7.496766602129522,False,0.25,4.0,32.0,-1.3671875e-06,1.0416666666666667e-06,6,natural_tdl,,known_amplitude_linear,26637187469.92433,,,,,,,,,,,,,,,,,,,,,,,,,,,,,,
conventional_s2_psl,Conventional $S_2$+PSL,ok,optimal,0.47864246199969784,False,,conventional_s2,130.1222767454916,1951834.151182374,0.9999999997785611,3.357142856510175,581397.4068447446,80426482402.73386,2.1217663027223898e+18,2.1217663027223898e+18,2.098733732584401e+18,4.713054395844268e-19,0.10290629288257058,-12.630670548033125,-5.923291785123253,0.023212929742038896,3.044874150146331e-05,64.0,29547.583223515958,79553422746.19281,79553422728.57658,1.951834151182374,0.5813974068447446,80426482402.73386,2.1217663027223898e+18,2.098733732584401e+18,2.1217663027223898e+18,1.0855375593643986,29547.583223515958,7.02727324191209e+17,26637187469.92433,26381438.54281344,4.684848827941393e+18,177581250000.0,0.15,0.17881225783311439,True,True,True,True,1.9865548988007542,False,False,True,-13.256466474732292,-13.256466467310055,-12.630670548033125,-12.630670548033125,-0.6257959266991673,False,0.25,4.0,32.0,-1.4322916666666667e-06,1.0416666666666667e-06,6,natural_tdl,,known_amplitude_linear,26637187469.92433,-13.256466474732292,0.2173585239870126,249.0,1.0416666666666667e-06,,,,,,,,,,,,,,,,,,,,,,,,,,
exact_efim,Exact EFIM,ok,optimal,0.008466055998724187,False,,exact_efim,134.42872760430765,2016430.9140646148,0.9999999964092815,3.3571428468836615,600638.9975143325,103358041363.99783,2.7267338161498783e+18,2.7267338161498783e+18,2.6902886275123937e+18,3.6673913459289923e-19,0.09077564327241462,-5.759665536201661,-2.0322489137984148,0.023958471446806143,7.22642706665167e-05,62.0,37168.14316983027,101976570868.43446,101976570502.2653,2.016430914064615,0.6006389975143325,103358041363.99783,2.7267338161498783e+18,2.6902886275123937e+18,2.7267338161498783e+18,1.3365876940986046,37168.14316983027,7.02727324191209e+17,26637187469.92433,26381438.54281344,4.684848827941393e+18,177581250000.0,0.15,0.17881225783311439,True,True,True,True,2.8283535233367108,False,False,True,-13.256466474732292,-5.9194503752195,-5.759665536201661,-5.759665536201661,-7.496800938530631,False,0.25,4.0,32.0,-1.3671875e-06,1.0416666666666667e-06,6,natural_tdl,,unknown_amplitude_exact,,,,,,7.02727324191209e+17,26637187469.92433,quad_over_lin,1e-12,,,,,,,,,,,,,,,,,,,,,,
exact_efim_sampled_psl,Exact EFIM+sampled PSL,ok,optimal,0.5014914799976395,False,,exact_efim,130.1222767514208,1951834.151271312,0.9999999998649712,3.357142856757061,581397.4068284804,80426432693.60641,2.121764991324099e+18,2.121764991324099e+18,2.0987322328489948e+18,4.713057308839583e-19,0.1029063246841877,-12.630671176800925,-5.923312456304731,0.023212680954344225,3.044860279145662e-05,64.0,29547.704027151263,79553365891.19016,79553365880.44817,1.951834151271312,0.5813974068284804,80426432693.60641,2.121764991324099e+18,2.0987322328489948e+18,2.121764991324099e+18,1.0855471067382696,29547.704027151263,7.02727324191209e+17,26637187469.92433,26381438.54281344,4.684848827941393e+18,177581250000.0,0.15,0.17881225783311439,True,True,True,True,1.9865527646366845,False,False,True,-13.256466474732292,-13.256466469388586,-12.630671176800925,-12.630671176800925,-0.6257952979313668,False,0.25,4.0,32.0,-1.4322916666666667e-06,1.0416666666666667e-06,6,natural_tdl,,unknown_amplitude_exact,,-13.256466474732292,0.2173585239870126,249.0,1.0416666666666667e-06,7.02727324191209e+17,26637187469.92433,quad_over_lin,1e-12,,,,,,,,,,,,,,,,,,,,,,
exact_efim_cutting_plane_psl,Exact EFIM+cutting-plane PSL,ok,optimal,1.0267683120000584,False,,exact_efim,129.7156993828241,1945735.4907423616,0.9999999997501596,3.3571428564290278,579580.7845996844,79674956743.04887,2.1019399747180634e+18,2.1019399747180634e+18,2.072926252992054e+18,4.757509786330277e-19,0.10339048019952594,-13.049995612666086,-6.051249606853975,0.02434607556808211,3.120946345237533e-05,64.0,33162.89868160717,78575178913.98836,78575178894.3571,1.9457354907423616,0.5795807845996844,79674956743.04887,2.101939974718063e+18,2.072926252992054e+18,2.1019399747180634e+18,1.380330650493528,33162.89868160717,7.02727324191209e+17,26637187469.92433,26381438.54281344,4.684848827941393e+18,177581250000.0,0.15,0.17881225783311439,True,True,True,True,1.9498301569216057,False,False,True,-13.256466474732292,-13.256466466509952,-13.0253116586187,-13.0253116586187,-0.2311548161135928,True,0.25,4.0,32.0,-2.5065104166666667e-06,1.0416666666666667e-06,6,natural_tdl,,unknown_amplitude_exact,,-13.256466474732292,0.2173585239870126,251.0,1.0416666666666667e-06,7.02727324191209e+17,26637187469.92433,quad_over_lin,1e-12,-6.062552201957276,-0.2311548161135928,249.0,1985.0,2.0,251.0,True,2.0,dense_psl_satisfied,False,1.0267683120000584,2.0,251.0,-12.630671176800925,-13.256466469388586,-1.4322916666666667e-06,1.0,,,,,
exact_efim_cutting_plane_psl_ee,Exact EFIM+cutting-plane PSL+EE,ok,optimal,3.0157090310021886,False,,exact_efim,70.5011522502067,1057517.2837531005,0.32433471281769244,1.42667060805055,741248.3847256986,27089315517.663956,7.14655112496134e+17,7.14655112496134e+17,7.027273222375798e+17,1.3992763537466606e-18,0.17731376634470478,-13.25461166652821,-5.118740602779247,0.010047209799293251,3.9933700144276225e-06,64.0,37336.5378260874,82128697124.20775,26637187395.871162,1.0575172837531006,0.7412483847256987,27089315517.663956,7.14655112496134e+17,7.027273222375798e+17,7.14655112496134e+17,1.6690274861244716,37336.5378260874,7.02727324191209e+17,26637187469.92433,26381438.54281344,4.684848827941393e+18,177581250000.0,0.15,0.17881225783311439,True,True,True,True,-2.7800671992490025e-09,False,False,True,-13.256466474732292,-13.523214052689527,-13.229467503779508,-13.229467503779508,-0.026998970952783807,True,0.25,4.0,32.0,-2.44140625e-06,1.0416666666666667e-06,6,natural_tdl,,unknown_amplitude_exact,,-13.256466474732292,0.2173585239870126,253.0,1.0416666666666667e-06,7.02727324191209e+17,26637187469.92433,quad_over_lin,1e-12,-5.128484051200163,-0.026998970952783807,249.0,1985.0,3.0,253.0,True,3.0,dense_psl_satisfied,False,3.0157090310021886,4.0,253.0,-12.776676176273016,-13.256466430292463,-1.3997395833333333e-06,2.0,5.0,True,741248.3844339584,0.00041621713899075985,0.9337552580036572
uniform,Uniform,ok,ok,1.4263001503422856e-05,False,,none,126.43720029597019,1896558.0044395528,1.0,3.357142857142857,564932.1715351859,76781250000.0,2.0255998281153943e+18,2.0255998281153943e+18,2.0255998281153943e+18,4.936809265680052e-19,0.10532073506634214,-13.256466474732292,-9.684463547443015,0.015625,0.0,64.0,0.0,76781250000.0,76781250000.0,1.8965580044395527,0.5649321715351859,76781250000.0,2.0255998281153943e+18,2.0255998281153943e+18,2.0255998281153943e+18,0.0,0.0,1.1712122069853484e+18,44395312449.873886,26381438.54281344,4.684848827941393e+18,177581250000.0,0.25,0.13850737933707974,False,True,True,True,0.7294900241256913,False,False,True,-13.256466474732292,-13.456972739469613,-13.256466474732292,-13.256466474732292,0.0,True,0.25,4.0,32.0,-1.4973958333333334e-06,1.0416666666666667e-06,6,natural_tdl,,,,,,,,,,,,,,,,,,,,,,,,,,,,,,,,,
water_filling,Water-filling,ok,ok,0.00020156699974904768,False,,none,134.4287279124165,2016430.9186862474,1.0000000000001288,3.3571428571432254,600638.997055412,103358249491.4119,2.726739306850461e+18,2.726739306850461e+18,2.690290722837319e+18,3.667383961083749e-19,0.09077555187714866,-5.759568527683521,-2.0322140538503546,0.02395778988331185,7.226568658423508e-05,54.0,37169.87442722978,101976649926.46255,101976649926.4757,2.0164309186862472,0.600638997055412,103358249491.4119,2.726739306850461e+18,2.690290722837319e+18,2.726739306850461e+18,1.3367095241401057,37169.87442722978,1.1712122069853484e+18,44395312449.873886,26381438.54281344,4.684848827941393e+18,177581250000.0,0.25,0.13850737933707974,False,True,True,True,1.2970139030244707,False,False,True,-13.256466474732292,-5.919352514657722,-5.759568527683521,-5.759568527683521,-7.4968979470487715,False,0.25,4.0,32.0,-1.3671875e-06,1.0416666666666667e-06,6,natural_tdl,0.025000672561017494,,,,,,,,,,,,,,,,,,,,,,,,,,,,,,,,
conventional_s2,Conventional $S_2$,ok,optimal,0.007520024002587888,False,,conventional_s2,134.42872761574264,2016430.9142361397,0.9999999965598699,3.357142847313914,600638.997488447,103358640422.08286,2.7267496201639327e+18,2.7267496201639327e+18,2.6902970838939863e+18,3.667370090033715e-19,0.09077538020799349,-5.759419465498105,-2.032133063243077,0.023955708483861447,7.226792870730417e-05,62.0,37171.88967105904,101976891395.93263,101976891045.11887,2.01643091423614,0.600638997488447,103358640422.08286,2.7267496201639316e+18,2.6902970838939863e+18,2.7267496201639327e+18,1.3368494122227048,37171.88967105904,1.1712122069853484e+18,44395312449.873886,26381438.54281344,4.684848827941393e+18,177581250000.0,0.25,0.13850737933707974,True,True,True,True,1.2970193341979412,False,False,True,-13.256466474732292,-5.91920664304494,-5.759419465498105,-5.759419465498105,-7.497047009234187,False,0.25,4.0,32.0,-1.3671875e-06,1.0416666666666667e-06,6,natural_tdl,,known_amplitude_linear,44395312449.873886,,,,,,,,,,,,,,,,,,,,,,,,,,,,,,
conventional_s2_psl,Conventional $S_2$+PSL,ok,optimal,0.49792270400212146,False,,conventional_s2,130.1222767471689,1951834.1512075337,0.9999999998159691,3.3571428566170547,581397.4068337292,80426445042.9396,2.1217653171172739e+18,2.1217653171172739e+18,2.0987328482342897e+18,4.713056585158273e-19,0.10290631678364866,-12.630670349852833,-5.923304124543844,0.023212457807530257,3.0448646557825305e-05,64.0,29547.518274849677,79553389221.538,79553389206.8977,1.9518341512075337,0.5813974068337292,80426445042.9396,2.1217653171172739e+18,2.0987328482342897e+18,2.1217653171172739e+18,1.0855332914140168,29547.518274849677,1.1712122069853484e+18,44395312449.873886,26381438.54281344,4.684848827941393e+18,177581250000.0,0.25,0.13850737933707974,True,True,True,True,0.7919321842079677,False,False,True,-13.256466474732292,-13.256466468254931,-12.630670349852833,-12.630670349852833,-0.625796124879459,False,0.25,4.0,32.0,-1.4322916666666667e-06,1.0416666666666667e-06,6,natural_tdl,,known_amplitude_linear,44395312449.873886,-13.256466474732292,0.2173585239870126,249.0,1.0416666666666667e-06,,,,,,,,,,,,,,,,,,,,,,,,,,
exact_efim,Exact EFIM,ok,optimal,0.008941418000176782,False,,exact_efim,134.42872759773704,2016430.9139660555,0.9999999963523052,3.357142846720872,600638.9975140997,103357999675.72095,2.7267327163531633e+18,2.7267327163531633e+18,2.6902783111183857e+18,3.667392825129697e-19,0.09077566157907585,-5.759658458093538,-2.032271354931135,0.02395689414099049,7.226518710356012e-05,62.0,37172.84258617001,101976179826.8032,101976179454.82523,2.0164309139660554,0.6006389975140997,103357999675.72095,2.7267327163531633e+18,2.6902783111183857e+18,2.7267327163531633e+18,1.3369262420239383,37172.84258617001,1.1712122069853484e+18,44395312449.873886,26381438.54281344,4.684848827941393e+18,177581250000.0,0.25,0.13850737933707974,True,True,True,True,1.2970033056973087,False,False,True,-13.256466474732292,-5.9194361949928265,-5.759658458093538,-5.759658458093538,-7.496808016638754,False,0.25,4.0,32.0,-1.3671875e-06,1.0416666666666667e-06,6,natural_tdl,,unknown_amplitude_exact,,,,,,1.1712122069853484e+18,44395312449.873886,quad_over_lin,1e-12,,,,,,,,,,,,,,,,,,,,,,
exact_efim_sampled_psl,Exact EFIM+sampled PSL,ok,optimal,0.5082054740014428,False,,exact_efim,130.12227674759538,1951834.1512139307,0.9999999998333658,3.35714285666676,581397.4068270266,80426436692.6389,2.121765096824329e+18,2.121765096824329e+18,2.0987326689567985e+18,4.713057074492892e-19,0.10290632212578926,-12.630670214005583,-5.9233064774661495,0.02321264267228935,3.0448630768199436e-05,64.0,29547.49196596263,79553382424.56207,79553382411.30576,1.9518341512139308,0.5813974068270267,80426436692.6389,2.121765096824329e+18,2.0987326689567985e+18,2.121765096824329e+18,1.0855314710381185,29547.49196596263,1.1712122069853484e+18,44395312449.873886,26381438.54281344,4.684848827941393e+18,177581250000.0,0.25,0.13850737933707974,True,True,True,True,0.7919320311379348,False,False,True,-13.256466474732292,-13.256466469638085,-12.630670214005583,-12.630670214005583,-0.6257962607267089,False,0.25,4.0,32.0,-1.4322916666666667e-06,1.0416666666666667e-06,6,natural_tdl,,unknown_amplitude_exact,,-13.256466474732292,0.2173585239870126,249.0,1.0416666666666667e-06,1.1712122069853484e+18,44395312449.873886,quad_over_lin,1e-12,,,,,,,,,,,,,,,,,,,,,,
exact_efim_cutting_plane_psl,Exact EFIM+cutting-plane PSL,ok,optimal,1.0358625599983498,False,,exact_efim,129.71569938361654,1945735.490754248,0.9999999997782248,3.357142856509214,579580.7845893817,79675074352.90462,2.1019430774352443e+18,2.1019430774352443e+18,2.0729292697472422e+18,4.757502763681799e-19,0.1033904038911946,-13.049989823523426,-6.051225375047267,0.024346371476194402,3.120955283365252e-05,64.0,33162.947808702316,78575293263.21185,78575293245.78581,1.9457354907542481,0.5795807845893817,79675074352.90462,2.1019430774352443e+18,2.0729292697472422e+18,2.1019430774352443e+18,1.3803327026060197,33162.947808702316,1.1712122069853484e+18,44395312449.873886,26381438.54281344,4.684848827941393e+18,177581250000.0,0.25,0.13850737933707974,True,True,True,True,0.7699006699075279,False,False,True,-13.256466474732292,-13.25646646760844,-13.02530332191221,-13.02530332191221,-0.23116315282008237,True,0.25,4.0,32.0,-2.5065104166666667e-06,1.0416666666666667e-06,6,natural_tdl,,unknown_amplitude_exact,,-13.256466474732292,0.2173585239870126,251.0,1.0416666666666667e-06,1.1712122069853484e+18,44395312449.873886,quad_over_lin,1e-12,-6.062527873067774,-0.23116315282008237,249.0,1985.0,2.0,251.0,True,2.0,dense_psl_satisfied,False,1.0358625599983498,2.0,251.0,-12.630670214005583,-13.256466469638085,-1.4322916666666667e-06,1.0,,,,,
exact_efim_cutting_plane_psl_ee,Exact EFIM+cutting-plane PSL+EE,ok,optimal,2.988384630996734,False,,exact_efim,91.54447583544533,1373167.1375316798,0.5150095893650735,1.9714559696144958,696524.3752312626,44663342766.65631,1.1782832323151547e+18,1.1782832323151547e+18,1.1712122033083154e+18,8.486923793654823e-19,0.13809115387210716,-13.119044320674345,-4.454265563122752,0.019172610497296752,1.0547220357889734e-05,64.0,22813.105818270025,86202884814.68246,44395312310.49435,1.3731671375316798,0.6965243752312626,44663342766.65631,1.1782832323151547e+18,1.1712122033083154e+18,1.1782832323151547e+18,0.6001128432376786,22813.105818270025,1.1712122069853484e+18,44395312449.873886,26381438.54281344,4.684848827941393e+18,177581250000.0,0.25,0.13850737933707974,True,True,True,True,-3.139510447440204e-09,False,False,True,-13.256466474732292,-13.25646644592961,-13.119044320674345,-13.119044320674345,-0.13742215405794767,True,0.25,4.0,32.0,-2.408854166666667e-06,1.0416666666666667e-06,6,natural_tdl,,unknown_amplitude_exact,,-13.256466474732292,0.2173585239870126,253.0,1.0416666666666667e-06,1.1712122069853484e+18,44395312449.873886,quad_over_lin,1e-12,-4.459100755516795,-0.13742215405794767,249.0,1985.0,3.0,253.0,True,3.0,dense_psl_satisfied,False,2.988384630996734,4.0,253.0,-12.775953539031747,-13.25646644432785,-1.3997395833333333e-06,2.0,5.0,True,696524.3751704525,0.00011988449841737747,0.9309079400009068
uniform,Uniform,ok,ok,1.3689998013433069e-05,False,,none,126.43720029597019,1896558.0044395528,1.0,3.357142857142857,564932.1715351859,76781250000.0,2.0255998281153943e+18,2.0255998281153943e+18,2.0255998281153943e+18,4.936809265680052e-19,0.10532073506634214,-13.256466474732292,-9.684463547443015,0.015625,0.0,64.0,0.0,76781250000.0,76781250000.0,1.8965580044395527,0.5649321715351859,76781250000.0,2.0255998281153943e+18,2.0255998281153943e+18,2.0255998281153943e+18,0.0,0.0,1.6396970897794875e+18,62153437429.82344,26381438.54281344,4.684848827941393e+18,177581250000.0,0.35,0.11706010095802957,False,True,True,True,0.23535001723263682,False,False,True,-13.256466474732292,-13.456972739469613,-13.256466474732292,-13.256466474732292,0.0,True,0.25,4.0,32.0,-1.4973958333333334e-06,1.0416666666666667e-06,6,natural_tdl,,,,,,,,,,,,,,,,,,,,,,,,,,,,,,,,,
water_filling,Water-filling,ok,ok,0.00018427299801260233,False,,none,134.4287279124165,2016430.9186862474,1.0000000000001288,3.3571428571432254,600638.997055412,103358249491.4119,2.726739306850461e+18,2.726739306850461e+18,2.690290722837319e+18,3.667383961083749e-19,0.09077555187714866,-5.759568527683521,-2.0322140538503546,0.02395778988331185,7.226568658423508e-05,54.0,37169.87442722978,101976649926.46255,101976649926.4757,2.0164309186862472,0.600638997055412,103358249491.4119,2.726739306850461e+18,2.690290722837319e+18,2.726739306850461e+18,1.3367095241401057,37169.87442722978,1.6396970897794875e+18,62153437429.82344,26381438.54281344,4.684848827941393e+18,177581250000.0,0.35,0.11706010095802957,False,True,True,True,0.6407242164460506,False,False,True,-13.256466474732292,-5.919352514657722,-5.759568527683521,-5.759568527683521,-7.4968979470487715,False,0.25,4.0,32.0,-1.3671875e-06,1.0416666666666667e-06,6,natural_tdl,0.025000672561017494,,,,,,,,,,,,,,,,,,,,,,,,,,,,,,,,
conventional_s2,Conventional $S_2$,ok,optimal,0.007469968997611431,False,,conventional_s2,134.4287275790819,2016430.9136862287,0.9999999960341637,3.3571428458118966,600638.9975933753,103358400137.98575,2.726743281123791e+18,2.726743281123791e+18,2.690302560837411e+18,3.6673786158111055e-19,0.09077548572369212,-5.759749259972844,-2.0322055052331316,0.02395835060291872,7.226415758669577e-05,62.0,37165.86461259741,101977099055.48633,101977098651.06184,2.0164309136862286,0.6006389975933752,103358400137.98575,2.726743281123791e+18,2.690302560837411e+18,2.726743281123791e+18,1.3364191832302408,37165.86461259741,1.6396970897794875e+18,62153437429.82344,26381438.54281344,4.684848827941393e+18,177581250000.0,0.35,0.11706010095802957,True,True,True,True,0.6407314360722642,False,False,True,-13.256466474732292,-5.919523760203745,-5.759749259972844,-5.759749259972844,-7.496717214759448,False,0.25,4.0,32.0,-1.3671875e-06,1.0416666666666667e-06,6,natural_tdl,,known_amplitude_linear,62153437429.82344,,,,,,,,,,,,,,,,,,,,,,,,,,,,,,
conventional_s2_psl,Conventional $S_2$+PSL,ok,optimal,0.46425390700096614,False,,conventional_s2,130.1222767480914,1951834.151221371,0.9999999997900384,3.357142856542967,581397.4068506816,80426434328.48233,2.1217650344544773e+18,2.1217650344544773e+18,2.098732255419214e+18,4.713057213034467e-19,0.10290632363826871,-12.630671132331353,-5.923314920540449,0.023212686240050285,3.0448568591046144e-05,64.0,29547.717216113353,79553366752.6854,79553366735.98224,1.951834151221371,0.5813974068506816,80426434328.48233,2.1217650344544776e+18,2.098732255419214e+18,2.1217650344544773e+18,1.0855480536837645,29547.717216113353,1.6396970897794875e+18,62153437429.82344,26381438.54281344,4.684848827941393e+18,177581250000.0,0.35,0.11706010095802957,True,True,True,True,0.2799511986091647,False,False,True,-13.256466474732292,-13.256466467506943,-12.630671132331353,-12.630671132331353,-0.6257953424009397,False,0.25,4.0,32.0,-1.4322916666666667e-06,1.0416666666666667e-06,6,natural_tdl,,known_amplitude_linear,62153437429.82344,-13.256466474732292,0.2173585239870126,249.0,1.0416666666666667e-06,,,,,,,,,,,,,,,,,,,,,,,,,,
exact_efim,Exact EFIM,ok,optimal,0.00838105699949665,False,,exact_efim,134.42872765226355,2016430.9147839532,0.9999999968834686,3.357142848238482,600638.9974862075,103358263299.65129,2.7267396711316803e+18,2.7267396711316803e+18,2.690294234703179e+18,3.6673834711363164e-19,0.09077554581352804,-5.759608703488009,-2.0322062829959138,0.023958610273464107,7.22652588369205e-05,62.0,37168.26951399768,101976783363.1054,101976783045.29155,2.016430914783953,0.6006389974862075,103358263299.65129,2.7267396711316803e+18,2.690294234703179e+18,2.7267396711316803e+18,1.3365939115623582,37168.26951399768,1.6396970897794875e+18,62153437429.82344,26381438.54281344,4.684848827941393e+18,177581250000.0,0.35,0.11706010095802957,True,True,True,True,0.6407263582232615,False,False,True,-13.256466474732292,-5.9193935893951055,-5.759608703488009,-5.759608703488009,-7.496857771244283,False,0.25,4.0,32.0,-1.3671875e-06,1.0416666666666667e-06,6,natural_tdl,,unknown_amplitude_exact,,,,,,1.6396970897794875e+18,62153437429.82344,quad_over_lin,1e-12,,,,,,,,,,,,,,,,,,,,,,
exact_efim_sampled_psl,Exact EFIM+sampled PSL,ok,optimal,0.4623001460022351,False,,exact_efim,130.12227674733157,1951834.1512099735,0.9999999997914011,3.3571428565468606,581397.4068466123,80426434711.57166,2.1217650445609254e+18,2.1217650445609254e+18,2.0987322814862047e+18,4.713057190585107e-19,0.10290632339318562,-12.630671075878512,-5.923313212856668,0.023212683395916422,3.0448587562860806e-05,64.0,29547.70697856001,79553367740.65767,79553367724.06293,1.9518341512099735,0.5813974068466123,80426434711.57166,2.1217650445609252e+18,2.0987322814862047e+18,2.1217650445609254e+18,1.0855472962835586,29547.70697856001,1.6396970897794875e+18,62153437429.82344,26381438.54281344,4.684848827941393e+18,177581250000.0,0.35,0.11706010095802957,True,True,True,True,0.27995121450660737,False,False,True,-13.256466474732292,-13.256466468007126,-12.630671075878512,-12.630671075878512,-0.6257953988537803,False,0.25,4.0,32.0,-1.4322916666666667e-06,1.0416666666666667e-06,6,natural_tdl,,unknown_amplitude_exact,,-13.256466474732292,0.2173585239870126,249.0,1.0416666666666667e-06,1.6396970897794875e+18,62153437429.82344,quad_over_lin,1e-12,,,,,,,,,,,,,,,,,,,,,,
exact_efim_cutting_plane_psl,Exact EFIM+cutting-plane PSL,ok,optimal,1.009332933997939,False,,exact_efim,129.7156993836996,1945735.4907554938,0.9999999997952648,3.3571428565578993,579580.7845813476,79674942027.91602,2.10193958651169e+18,2.10193958651169e+18,2.0729263321906424e+18,4.757510664992838e-19,0.10339048974709852,-13.049995670078554,-6.051256271536962,0.024345679177826256,3.120935724251506e-05,64.0,33162.631556117805,78575181912.50146,78575181896.41435,1.9457354907554938,0.5795807845813477,79674942027.91602,2.10193958651169e+18,2.0729263321906424e+18,2.10193958651169e+18,1.3803086685853325,33162.631556117805,1.6396970897794875e+18,62153437429.82344,26381438.54281344,4.684848827941393e+18,177581250000.0,0.35,0.11706010095802957,True,True,True,True,0.26421297269571736,False,False,True,-13.256466474732292,-13.256466468140104,-13.025311861359501,-13.025311861359501,-0.23115461337279086,True,0.25,4.0,32.0,-2.5065104166666667e-06,1.0416666666666667e-06,6,natural_tdl,,unknown_amplitude_exact,,-13.256466474732292,0.2173585239870126,251.0,1.0416666666666667e-06,1.6396970897794875e+18,62153437429.82344,quad_over_lin,1e-12,-6.062558835029883,-0.23115461337279086,249.0,1985.0,2.0,251.0,True,2.0,dense_psl_satisfied,False,1.009332933997939,2.0,251.0,-12.630671075878512,-13.256466468007126,-1.4322916666666667e-06,1.0,,,,,
exact_efim_cutting_plane_psl_ee,Exact EFIM+cutting-plane PSL+EE,ok,optimal,1.8237765869998839,False,,exact_efim,108.12793543236822,1621919.0314855233,0.7101410568381785,2.5289744481090817,641334.6851717837,62370779303.743095,1.645430881069079e+18,1.645430881069079e+18,1.6396970853944689e+18,6.077435469974127e-19,0.11685596478227023,-13.146353460560412,-4.179110265381187,0.02859595946556346,2.107248288949661e-05,64.0,17494.42039908994,87522664215.94946,62153437263.607376,1.6219190314855234,0.6413346851717837,62370779303.743095,1.6454308810690788e+18,1.6396970853944689e+18,1.645430881069079e+18,0.3484677321046011,17494.42039908994,1.6396970897794875e+18,62153437429.82344,26381438.54281344,4.684848827941393e+18,177581250000.0,0.35,0.11706010095802957,True,True,True,True,-2.6742857881084083e-09,False,False,True,-13.256466474732292,-13.25646644402542,-13.146353460560412,-13.146353460560412,-0.1101130141718798,True,0.25,4.0,32.0,-2.408854166666667e-06,1.0416666666666667e-06,6,natural_tdl,,unknown_amplitude_exact,,-13.256466474732292,0.2173585239870126,251.0,1.0416666666666667e-06,1.6396970897794875e+18,62153437429.82344,quad_over_lin,1e-12,-4.182757696514756,-0.1101130141718798,249.0,1985.0,2.0,251.0,True,2.0,dense_psl_satisfied,False,1.8237765869998839,2.0,251.0,-12.890107208066073,-13.25646645542189,-1.3997395833333333e-06,1.0,5.0,True,641334.685014452,0.00039788801223039627,0.8776161770001636
uniform,Uniform,ok,ok,1.4126002497505397e-05,False,,none,126.43720029597019,1896558.0044395528,1.0,3.357142857142857,564932.1715351859,76781250000.0,2.0255998281153943e+18,2.0255998281153943e+18,2.0255998281153943e+18,4.936809265680052e-19,0.10532073506634214,-13.256466474732292,-9.684463547443015,0.015625,0.0,64.0,0.0,76781250000.0,76781250000.0,1.8965580044395527,0.5649321715351859,76781250000.0,2.0255998281153943e+18,2.0255998281153943e+18,2.0255998281153943e+18,0.0,0.0,2.1081819725736271e+18,79911562409.77301,26381438.54281344,4.684848827941393e+18,177581250000.0,0.45,0.10323730519435335,False,False,False,False,-0.039172208819060424,False,False,True,-13.256466474732292,-13.456972739469613,-13.256466474732292,-13.256466474732292,0.0,True,0.25,4.0,32.0,-1.4973958333333334e-06,1.0416666666666667e-06,6,natural_tdl,,,,,,,,,,,,,,,,,,,,,,,,,,,,,,,,,
water_filling,Water-filling,ok,ok,0.00017451000167056918,False,,none,134.4287279124165,2016430.9186862474,1.0000000000001288,3.3571428571432254,600638.997055412,103358249491.4119,2.726739306850461e+18,2.726739306850461e+18,2.690290722837319e+18,3.667383961083749e-19,0.09077555187714866,-5.759568527683521,-2.0322140538503546,0.02395778988331185,7.226568658423508e-05,54.0,37169.87442722978,101976649926.46255,101976649926.4757,2.0164309186862472,0.600638997055412,103358249491.4119,2.726739306850461e+18,2.690290722837319e+18,2.726739306850461e+18,1.3367095241401057,37169.87442722978,2.1081819725736271e+18,79911562409.77301,26381438.54281344,4.684848827941393e+18,177581250000.0,0.45,0.10323730519435335,False,True,True,True,0.27611883501359474,False,False,True,-13.256466474732292,-5.919352514657722,-5.759568527683521,-5.759568527683521,-7.4968979470487715,False,0.25,4.0,32.0,-1.3671875e-06,1.0416666666666667e-06,6,natural_tdl,0.025000672561017494,,,,,,,,,,,,,,,,,,,,,,,,,,,,,,,,
conventional_s2,Conventional $S_2$,ok,optimal,0.008151009002176579,False,,conventional_s2,134.42872760562935,2016430.9140844403,0.9999999963872188,3.3571428468206252,600638.997531516,103358851383.7092,2.726755185635112e+18,2.726755185635112e+18,2.6903005166863155e+18,3.667362604710996e-19,0.09077528756894346,-5.759440472059846,-2.0321560486633965,0.023957496529169717,7.226764432569229e-05,62.0,37172.97704090346,101977021535.03857,101977021166.6179,2.0164309140844403,0.6006389975315161,103358851383.7092,2.726755185635112e+18,2.6903005166863155e+18,2.726755185635112e+18,1.336924896699351,37172.97704090346,2.1081819725736271e+18,79911562409.77301,26381438.54281344,4.684848827941393e+18,177581250000.0,0.45,0.10323730519435335,True,True,True,True,0.2761234806509846,False,False,True,-13.256466474732292,-5.919213900961033,-5.759440472059846,-5.759440472059846,-7.497026002672446,False,0.25,4.0,32.0,-1.3671875e-06,1.0416666666666667e-06,6,natural_tdl,,known_amplitude_linear,79911562409.77301,,,,,,,,,,,,,,,,,,,,,,,,,,,,,,
conventional_s2_psl,Conventional $S_2$+PSL,ok,optimal,0.5125603289998253,False,,conventional_s2,130.12227674484024,1951834.1511726035,0.9999999997639837,3.357142856468525,581397.4068490472,80426447511.45303,2.1217653822402092e+18,2.1217653822402092e+18,2.0987328600840686e+18,4.713056440501337e-19,0.10290631520440678,-12.630671088979856,-5.923310483687531,0.02321241032001029,3.0448576138382096e-05,64.0,29547.552446697144,79553389674.84467,79553389656.06877,1.9518341511726034,0.5813974068490472,80426447511.45303,2.1217653822402092e+18,2.0987328600840686e+18,2.1217653822402092e+18,1.0855357688898795,29547.552446697144,2.1081819725736271e+18,79911562409.77301,26381438.54281344,4.684848827941393e+18,177581250000.0,0.45,0.10323730519435335,True,False,True,True,-0.004482114263610383,True,False,True,-13.256466474732292,-13.256466467009027,-12.630671088979856,-12.630671088979856,-0.6257953857524363,False,0.25,4.0,32.0,-1.4322916666666667e-06,1.0416666666666667e-06,6,natural_tdl,,known_amplitude_linear,79911562409.77301,-13.256466474732292,0.2173585239870126,249.0,1.0416666666666667e-06,,,,,,,,,,,,,,,,,,,,,,,,,,
exact_efim,Exact EFIM,ok,optimal,0.00877874899742892,False,,exact_efim,134.42872758645808,2016430.9137968712,0.999999996208558,3.3571428463101656,600638.9975371854,103356548088.42046,2.726694421392006e+18,2.726694421392006e+18,2.690249343626693e+18,3.6674443316955534e-19,0.09077629902458523,-5.759722439030467,-2.0324177699084607,0.02395769069950566,7.22615603428354e-05,62.0,37168.086637759276,101975081815.97884,101975081429.34622,2.0164309137968712,0.6006389975371854,103356548088.42046,2.726694421392006e+18,2.690249343626693e+18,2.726694421392006e+18,1.336602938686009,37168.086637759276,2.1081819725736271e+18,79911562409.77301,26381438.54281344,4.684848827941393e+18,177581250000.0,0.45,0.10323730519435335,True,True,True,True,0.2760992071014105,False,False,True,-13.256466474732292,-5.919535660935028,-5.759722439030467,-5.759722439030467,-7.496744035701825,False,0.25,4.0,32.0,-1.3671875e-06,1.0416666666666667e-06,6,natural_tdl,,unknown_amplitude_exact,,,,,,2.1081819725736271e+18,79911562409.77301,quad_over_lin,1e-12,,,,,,,,,,,,,,,,,,,,,,
exact_efim_sampled_psl,Exact EFIM+sampled PSL,ok,optimal,0.5092997210012982,False,,exact_efim,130.12017582018788,1951802.6373028182,0.9999999997728142,3.357142856493755,581388.0197345272,80693475194.29198,2.1288099566442542e+18,2.1288099566442542e+18,2.1081819715672166e+18,4.697460179002302e-19,0.10273590733998869,-12.624611341484755,-5.8819913522800515,0.02342900074105387,3.0134172251717772e-05,64.0,27962.704140426493,79911562389.77936,79911562371.62459,1.9518026373028183,0.5813880197345273,80693475194.29198,2.1288099566442545e+18,2.1081819715672166e+18,2.1288099566442542e+18,0.968991384724377,27962.704140426493,2.1081819725736271e+18,79911562409.77301,26381438.54281344,4.684848827941393e+18,177581250000.0,0.45,0.10323730519435335,True,True,True,True,-4.7738312398687e-10,False,False,True,-13.256466474732292,-13.256466466818855,-12.624611341484755,-12.624611341484755,-0.6318551332475373,False,0.25,4.0,32.0,-1.4322916666666667e-06,1.0416666666666667e-06,6,natural_tdl,,unknown_amplitude_exact,,-13.256466474732292,0.2173585239870126,249.0,1.0416666666666667e-06,2.1081819725736271e+18,79911562409.77301,quad_over_lin,1e-12,,,,,,,,,,,,,,,,,,,,,,
exact_efim_cutting_plane_psl,Exact EFIM+cutting-plane PSL,ok,optimal,1.526534658001765,False,,exact_efim,129.5881876618248,1943822.8149273722,0.9999999999025282,3.3571428568643666,579011.0513029936,80720186441.81117,2.129514637779084e+18,2.129514637779084e+18,2.1081819714955548e+18,4.695905734852901e-19,0.1027189076808521,-13.256466468967123,-5.969361510657985,0.025427793887787497,2.901781366035239e-05,64.0,28436.316093716858,79911562376.69733,79911562368.9082,1.9438228149273722,0.5790110513029936,80720186441.81117,2.129514637779084e+18,2.1081819714955548e+18,2.129514637779084e+18,1.0017618994052797,28436.316093716858,2.1081819725736271e+18,79911562409.77301,26381438.54281344,4.684848827941393e+18,177581250000.0,0.45,0.10323730519435335,True,True,True,True,-5.113753622909082e-10,False,False,True,-13.256466474732292,-13.522135234995897,-13.256466468967123,-13.256466468967123,-5.765169674987192e-09,True,0.25,4.0,32.0,-1.4322916666666667e-06,1.0416666666666667e-06,6,natural_tdl,,unknown_amplitude_exact,,-13.256466474732292,0.2173585239870126,253.0,1.0416666666666667e-06,2.1081819725736271e+18,79911562409.77301,quad_over_lin,1e-12,-5.977600452053375,-5.765169674987192e-09,249.0,1985.0,3.0,253.0,True,3.0,dense_psl_satisfied,False,1.526534658001765,4.0,253.0,-12.624611341484755,-13.256466466818855,-2.5065104166666667e-06,2.0,,,,,
exact_efim_cutting_plane_psl_ee,Exact EFIM+cutting-plane PSL+EE,ok,optimal,1.6535405889990216,False,,exact_efim,121.19994442241233,1817999.1663361848,0.9012362187513063,3.0749606250037327,591226.811671443,80070039348.2324,2.1123628221860467e+18,2.1123628221860467e+18,2.1081819680501215e+18,4.734035221113756e-19,0.10313508946157078,-13.222628686545054,-3.782451936721103,0.03937328656606101,3.826385001692477e-05,64.0,13260.623753503874,88668831296.00336,79911562238.30756,1.8179991663361847,0.5912268116714431,80070039348.2324,2.112362822186047e+18,2.1081819680501215e+18,2.1123628221860467e+18,0.19792310733809243,13260.623753503874,2.1081819725736271e+18,79911562409.77301,26381438.54281344,4.684848827941393e+18,177581250000.0,0.45,0.10323730519435335,True,True,True,True,-2.1456903260005556e-09,False,False,True,-13.256466474732292,-13.256466453810914,-13.203782488854703,-13.203782488854703,-0.05268398587758938,True,0.25,4.0,32.0,-2.3763020833333334e-06,1.0416666666666667e-06,6,natural_tdl,,unknown_amplitude_exact,,-13.256466474732292,0.2173585239870126,251.0,1.0416666666666667e-06,2.1081819725736271e+18,79911562409.77301,quad_over_lin,1e-12,-3.785560939118384,-0.05268398587758938,249.0,1985.0,2.0,251.0,True,2.0,dense_psl_satisfied,False,1.6535405889990216,2.0,251.0,-12.983599199250023,-13.256466459872371,-1.3671875e-06,1.0,4.0,True,591226.8113676372,0.0009341910481452942,0.794388592003088
uniform,Uniform,ok,ok,1.3943998055765405e-05,False,,none,126.43720029597019,1896558.0044395528,1.0,3.357142857142857,564932.1715351859,76781250000.0,2.0255998281153943e+18,2.0255998281153943e+18,2.0255998281153943e+18,4.936809265680052e-19,0.10532073506634214,-13.256466474732292,-9.684463547443015,0.015625,0.0,64.0,0.0,76781250000.0,76781250000.0,1.8965580044395527,0.5649321715351859,76781250000.0,2.0255998281153943e+18,2.0255998281153943e+18,2.0255998281153943e+18,0.0,0.0,2.3424244139706967e+18,88790624899.74777,26381438.54281344,4.684848827941393e+18,177581250000.0,0.5,0.09793950717362658,False,False,False,False,-0.13525498793715435,False,False,True,-13.256466474732292,-13.456972739469613,-13.256466474732292,-13.256466474732292,0.0,True,0.25,4.0,32.0,-1.4973958333333334e-06,1.0416666666666667e-06,6,natural_tdl,,,,,,,,,,,,,,,,,,,,,,,,,,,,,,,,,
water_filling,Water-filling,ok,ok,0.00018106599964085035,False,,none,134.4287279124165,2016430.9186862474,1.0000000000001288,3.3571428571432254,600638.997055412,103358249491.4119,2.726739306850461e+18,2.726739306850461e+18,2.690290722837319e+18,3.667383961083749e-19,0.09077555187714866,-5.759568527683521,-2.0322140538503546,0.02395778988331185,7.226568658423508e-05,54.0,37169.87442722978,101976649926.46255,101976649926.4757,2.0164309186862472,0.600638997055412,103358249491.4119,2.726739306850461e+18,2.690290722837319e+18,2.726739306850461e+18,1.3367095241401057,37169.87442722978,2.3424244139706967e+18,88790624899.74777,26381438.54281344,4.684848827941393e+18,177581250000.0,0.5,0.09793950717362658,False,True,True,True,0.1485069515122353,False,False,True,-13.256466474732292,-5.919352514657722,-5.759568527683521,-5.759568527683521,-7.4968979470487715,False,0.25,4.0,32.0,-1.3671875e-06,1.0416666666666667e-06,6,natural_tdl,0.025000672561017494,,,,,,,,,,,,,,,,,,,,,,,,,,,,,,,,
conventional_s2,Conventional $S_2$,ok,optimal,0.007668701000511646,False,,conventional_s2,134.42872774667134,2016430.9162000702,0.9999999977635367,3.357142850752962,600638.9974581546,103358416969.46591,2.7267437251624504e+18,2.7267437251624504e+18,2.690298571957306e+18,3.6673780185940406e-19,0.09077547833249025,-5.75960192813636,-2.0321878122430483,0.0239580187680096,7.226546261141918e-05,64.0,37168.125077057164,101976947678.87946,101976947450.81175,2.01643091620007,0.6006389974581545,103358416969.46591,2.7267437251624504e+18,2.690298571957306e+18,2.7267437251624504e+18,1.3365815374883936,37168.125077057164,2.3424244139706967e+18,88790624899.74777,26381438.54281344,4.684848827941393e+18,177581250000.0,0.5,0.09793950717362658,True,True,True,True,0.14851030236528306,False,False,True,-13.256466474732292,-5.919384201079703,-5.75960192813636,-5.75960192813636,-7.4968645465959325,False,0.25,4.0,32.0,-1.3671875e-06,1.0416666666666667e-06,6,natural_tdl,,known_amplitude_linear,88790624899.74777,,,,,,,,,,,,,,,,,,,,,,,,,,,,,,
conventional_s2_psl,Conventional $S_2$+PSL,ok,optimal,0.5022988759992586,False,,conventional_s2,127.84754427071891,1917713.1640607838,0.9999999995017557,3.357142855719302,571233.7086858624,88790624853.56372,2.342424412752295e+18,2.342424412752295e+18,2.3232408890198856e+18,4.269081190223009e-19,0.09793950719909798,-13.073764007759326,-3.873438533710055,0.04778997882961618,4.6939648647855106e-05,64.0,26965.902212954723,88063465015.64452,88063464971.7674,1.9177131640607838,0.5712337086858623,88790624853.56372,2.342424412752295e+18,2.3232408890198856e+18,2.342424412752295e+18,0.8189602032822543,26965.902212954723,2.3424244139706967e+18,88790624899.74777,26381438.54281344,4.684848827941393e+18,177581250000.0,0.5,0.09793950717362658,True,False,True,True,-0.008189602548708373,True,False,True,-13.256466474732292,-13.256466453670273,-13.073764007759326,-13.073764007759326,-0.182702466972966,True,0.25,4.0,32.0,-1.3671875e-06,1.0416666666666667e-06,6,natural_tdl,,known_amplitude_linear,88790624899.74777,-13.256466474732292,0.2173585239870126,249.0,1.0416666666666667e-06,,,,,,,,,,,,,,,,,,,,,,,,,,
exact_efim,Exact EFIM,ok,optimal,0.008619306001492077,False,,exact_efim,134.42872775494777,2016430.9163242166,0.999999997634866,3.3571428503853316,600638.9975609086,103358255461.48238,2.726739464349509e+18,2.726739464349509e+18,2.690290882955134e+18,3.667383749252186e-19,0.09077554925550779,-5.759569760893576,-2.032213965154588,0.023957787867208914,7.226567725733063e-05,62.0,37169.873135892616,101976656237.00015,101976655995.81169,2.0164309163242167,0.6006389975609085,103358255461.48238,2.7267394643495086e+18,2.690290882955134e+18,2.726739464349509e+18,1.3367093508902708,37169.873135892616,2.3424244139706967e+18,88790624899.74777,26381438.54281344,4.684848827941393e+18,177581250000.0,0.5,0.09793950717362658,True,True,True,True,0.1485070198678304,False,False,True,-13.256466474732292,-5.9193534427869,-5.759569760893576,-5.759569760893576,-7.496896713838717,False,0.25,4.0,32.0,-1.3671875e-06,1.0416666666666667e-06,6,natural_tdl,,unknown_amplitude_exact,,,,,,2.3424244139706967e+18,88790624899.74777,quad_over_lin,1e-12,,,,,,,,,,,,,,,,,,,,,,
exact_efim_sampled_psl,Exact EFIM+sampled PSL,ok,optimal,0.4985452319997421,False,,exact_efim,127.70724751124317,1915608.7126686475,0.9999999995994022,3.3571428559982923,570606.8507766897,88875876051.51697,2.3446734619918e+18,2.3446734619918e+18,2.3424244103614397e+18,4.2649862175285597e-19,0.09789252333867159,-13.032808460515211,-3.8756538035048633,0.041904256021019416,4.4747925622152124e-05,64.0,9233.162438396526,88790624798.50662,88790624762.9373,1.9156087126686476,0.5706068507766897,88875876051.51697,2.3446734619918e+18,2.3424244103614397e+18,2.3446734619918e+18,0.0959217420599581,9233.162438396526,2.3424244139706967e+18,88790624899.74777,26381438.54281344,4.684848827941393e+18,177581250000.0,0.5,0.09793950717362658,True,True,True,True,-1.5408210990602966e-09,False,False,True,-13.256466474732292,-13.256466457973332,-13.032808460515211,-13.032808460515211,-0.2236580142170812,True,0.25,4.0,32.0,-1.3671875e-06,1.0416666666666667e-06,6,natural_tdl,,unknown_amplitude_exact,,-13.256466474732292,0.2173585239870126,249.0,1.0416666666666667e-06,2.3424244139706967e+18,88790624899.74777,quad_over_lin,1e-12,,,,,,,,,,,,,,,,,,,,,,
exact_efim_cutting_plane_psl,Exact EFIM+cutting-plane PSL,ok,optimal,0.5077411559977918,False,,exact_efim,127.70724751124317,1915608.7126686475,0.9999999995994022,3.3571428559982923,570606.8507766897,88875876051.51697,2.3446734619918e+18,2.3446734619918e+18,2.3424244103614397e+18,4.2649862175285597e-19,0.09789252333867159,-13.032808460515211,-3.8756538035048633,0.041904256021019416,4.4747925622152124e-05,64.0,9233.162438396526,88790624798.50662,88790624762.9373,1.9156087126686476,0.5706068507766897,88875876051.51697,2.3446734619918e+18,2.3424244103614397e+18,2.3446734619918e+18,0.0959217420599581,9233.162438396526,2.3424244139706967e+18,88790624899.74777,26381438.54281344,4.684848827941393e+18,177581250000.0,0.5,0.09793950717362658,True,True,True,True,-1.5408210990602966e-09,False,False,True,-13.256466474732292,-13.256466457973332,-13.032808460515211,-13.032808460515211,-0.2236580142170812,True,0.25,4.0,32.0,-1.3671875e-06,1.0416666666666667e-06,6,natural_tdl,,unknown_amplitude_exact,,-13.256466474732292,0.2173585239870126,249.0,1.0416666666666667e-06,2.3424244139706967e+18,88790624899.74777,quad_over_lin,1e-12,-3.8786479958927114,-0.2236580142170812,249.0,1985.0,1.0,249.0,True,1.0,dense_psl_satisfied,False,0.5077411559977918,0.0,249.0,-13.032808460515211,-13.256466457973332,,0.0,,,,,
exact_efim_cutting_plane_psl_ee,Exact EFIM+cutting-plane PSL+EE,ok,optimal,0.6063029769975401,False,,exact_efim,127.70724747329348,1915608.7120994022,0.9999999991579278,3.357142854736937,570606.8508215173,88875885833.53778,2.344673720055581e+18,2.344673720055581e+18,2.342424410086209e+18,4.264985748107821e-19,0.09789251795145817,-13.032810890842637,-3.8756555528835666,0.041904024995574815,4.474791974790369e-05,64.0,9233.692712292768,88790624827.27264,88790624752.50453,1.9156087120994023,0.5706068508215173,88875885833.53778,2.3446737200555807e+18,2.342424410086209e+18,2.344673720055581e+18,0.09593274962449101,9233.692712292768,2.3424244139706967e+18,88790624899.74777,26381438.54281344,4.684848827941393e+18,177581250000.0,0.5,0.09793950717362658,True,True,True,True,-1.658319327971534e-09,False,False,True,-13.256466474732292,-13.256466456293028,-13.032810890842637,-13.032810890842637,-0.22365558388965567,True,0.25,4.0,32.0,-1.3671875e-06,1.0416666666666667e-06,6,natural_tdl,,unknown_amplitude_exact,,-13.256466474732292,0.2173585239870126,249.0,1.0416666666666667e-06,2.3424244139706967e+18,88790624899.74777,quad_over_lin,1e-12,-3.878649797364492,-0.22365558388965567,249.0,1985.0,1.0,249.0,True,1.0,dense_psl_satisfied,False,0.6063029769975401,0.0,249.0,-13.032810890842637,-13.256466456293028,,0.0,2.0,True,570606.8507766897,0.00015049288049340248,0.5590742940003111
uniform,Uniform,ok,ok,1.3857999874744564e-05,False,,none,126.43720029597019,1896558.0044395528,1.0,3.357142857142857,564932.1715351859,76781250000.0,2.0255998281153943e+18,2.0255998281153943e+18,2.0255998281153943e+18,4.936809265680052e-19,0.10532073506634214,-13.256466474732292,-9.684463547443015,0.015625,0.0,64.0,0.0,76781250000.0,76781250000.0,1.8965580044395527,0.5649321715351859,76781250000.0,2.0255998281153943e+18,2.0255998281153943e+18,2.0255998281153943e+18,0.0,0.0,2.5766668553677665e+18,97669687389.72256,26381438.54281344,4.684848827941393e+18,177581250000.0,0.55,0.09338165609920326,False,False,False,False,-0.21386817085195853,False,False,True,-13.256466474732292,-13.456972739469613,-13.256466474732292,-13.256466474732292,0.0,True,0.25,4.0,32.0,-1.4973958333333334e-06,1.0416666666666667e-06,6,natural_tdl,,,,,,,,,,,,,,,,,,,,,,,,,,,,,,,,,
water_filling,Water-filling,ok,ok,0.00018436000027577393,False,,none,134.4287279124165,2016430.9186862474,1.0000000000001288,3.3571428571432254,600638.997055412,103358249491.4119,2.726739306850461e+18,2.726739306850461e+18,2.690290722837319e+18,3.667383961083749e-19,0.09077555187714866,-5.759568527683521,-2.0322140538503546,0.02395778988331185,7.226568658423508e-05,54.0,37169.87442722978,101976649926.46255,101976649926.4757,2.0164309186862472,0.600638997055412,103358249491.4119,2.726739306850461e+18,2.690290722837319e+18,2.726739306850461e+18,1.3367095241401057,37169.87442722978,2.5766668553677665e+18,97669687389.72256,26381438.54281344,4.684848827941393e+18,177581250000.0,0.55,0.09338165609920326,False,True,True,True,0.04409722864748658,False,False,True,-13.256466474732292,-5.919352514657722,-5.759568527683521,-5.759568527683521,-7.4968979470487715,False,0.25,4.0,32.0,-1.3671875e-06,1.0416666666666667e-06,6,natural_tdl,0.025000672561017494,,,,,,,,,,,,,,,,,,,,,,,,,,,,,,,,
conventional_s2,Conventional $S_2$,ok,optimal,0.007299356999283191,False,,conventional_s2,134.42872763814302,2016430.9145721453,0.9999999966585824,3.35714284759595,600638.9975380737,103358587012.25204,2.7267482111357624e+18,2.7267482111357624e+18,2.690299379533625e+18,3.667371985121698e-19,0.09077540366176359,-5.7594886099873985,-2.0321517744367243,0.023958428090041367,7.22668492031854e-05,62.0,37170.00073341705,101976978403.09402,101976978062.34636,2.0164309145721453,0.6006389975380737,103358587012.25204,2.7267482111357624e+18,2.690299379533625e+18,2.7267482111357624e+18,1.3367142390809785,37170.00073341705,2.5766668553677665e+18,97669687389.72256,26381438.54281344,4.684848827941393e+18,177581250000.0,0.55,0.09338165609920326,True,True,True,True,0.044100588296518285,False,False,True,-13.256466474732292,-5.9192733038871275,-5.7594886099873985,-5.7594886099873985,-7.496977864744894,False,0.25,4.0,32.0,-1.3671875e-06,1.0416666666666667e-06,6,natural_tdl,,known_amplitude_linear,97669687389.72256,,,,,,,,,,,,,,,,,,,,,,,,,,,,,,
conventional_s2_psl,Conventional $S_2$+PSL,infeasible,infeasible,0.46904052500030957,False,max_rate_isac: problem is infeasible (solver CLARABEL),conventional_s2,,,,,,,,,,,,,,,,,,,,,,,,,,,,2.5766668553677665e+18,97669687389.72256,26381438.54281344,4.684848827941393e+18,177581250000.0,0.55,0.09338165609920326,False,False,,,,False,,True,-13.256466474732292,,,,,False,,,,,,6,natural_tdl,,,,,,,,,,,,,,,,,,,,,,,,,,,,,,,,,
exact_efim,Exact EFIM,ok,optimal,0.00903726800243021,False,,exact_efim,134.42872779191296,2016430.9168786944,0.9999999982425553,3.3571428521215867,600638.9974154322,103358216508.84773,2.7267384367229716e+18,2.7267384367229716e+18,2.690290754819441e+18,3.6673851313799374e-19,0.09077556636080718,-5.7595746383264785,-2.0322115752233945,0.023957769493586176,7.226563105693497e-05,64.0,37169.414476201935,101976651317.99039,101976651138.77206,2.0164309168786945,0.6006389974154323,103358216508.84773,2.7267384367229716e+18,2.690290754819441e+18,2.7267384367229716e+18,1.3366768668627336,37169.414476201935,2.5766668553677665e+18,97669687389.72256,26381438.54281344,4.684848827941393e+18,177581250000.0,0.55,0.09338165609920326,True,True,True,True,0.044097241059693426,False,False,True,-13.256466474732292,-5.919360121029731,-5.7595746383264785,-5.7595746383264785,-7.496891836405814,False,0.25,4.0,32.0,-1.3671875e-06,1.0416666666666667e-06,6,natural_tdl,,unknown_amplitude_exact,,,,,,2.5766668553677665e+18,97669687389.72256,quad_over_lin,1e-12,,,,,,,,,,,,,,,,,,,,,,
exact_efim_sampled_psl,Exact EFIM+sampled PSL,infeasible,infeasible,0.4783947760006413,False,max_rate_isac: problem is infeasible (solver CLARABEL),exact_efim,,,,,,,,,,,,,,,,,,,,,,,,,,,,2.5766668553677665e+18,97669687389.72256,26381438.54281344,4.684848827941393e+18,177581250000.0,0.55,0.09338165609920326,False,False,,,,False,,True,-13.256466474732292,,,,,False,,,,,,6,natural_tdl,,,,,,,,,,,,,,,,,,,,,,,,,,,,,,,,,
exact_efim_cutting_plane_psl,Exact EFIM+cutting-plane PSL,infeasible,infeasible,0.4791862800011586,False,max_rate_isac: problem is infeasible (solver CLARABEL),exact_efim,,,,,,,,,,,,,,,,,,,,,,,,,,,,2.5766668553677665e+18,97669687389.72256,26381438.54281344,4.684848827941393e+18,177581250000.0,0.55,0.09338165609920326,False,False,,,,False,,True,-13.256466474732292,,,,,False,,,,,,6,natural_tdl,,,,,,,,,,,,,,,,,,,,,,,,,,,,,,,,,
exact_efim_cutting_plane_psl_ee,Exact EFIM+cutting-plane PSL+EE,infeasible,infeasible,0.4828355110003031,False,dinkelbach_ee_isac[iter 1]: problem is infeasible (solver CLARABEL),exact_efim,,,,,,,,,,,,,,,,,,,,,,,,,,,,2.5766668553677665e+18,97669687389.72256,26381438.54281344,4.684848827941393e+18,177581250000.0,0.55,0.09338165609920326,False,False,,,,False,,True,-13.256466474732292,,,,,False,,,,,,6,natural_tdl,,,,,,,,,,,,,,,,,,,,,,,,,,,,,,,,,
uniform,Uniform,ok,ok,1.4979003026382998e-05,False,,none,126.43720029597019,1896558.0044395528,1.0,3.357142857142857,564932.1715351859,76781250000.0,2.0255998281153943e+18,2.0255998281153943e+18,2.0255998281153943e+18,4.936809265680052e-19,0.10532073506634214,-13.256466474732292,-9.684463547443015,0.015625,0.0,64.0,0.0,76781250000.0,76781250000.0,1.8965580044395527,0.5649321715351859,76781250000.0,2.0255998281153943e+18,2.0255998281153943e+18,2.0255998281153943e+18,0.0,0.0,2.810909296764836e+18,106548749879.69733,26381438.54281344,4.684848827941393e+18,177581250000.0,0.6,0.08940612891655719,False,False,False,False,-0.27937915661429524,False,False,True,-13.256466474732292,-13.456972739469613,-13.256466474732292,-13.256466474732292,0.0,True,0.25,4.0,32.0,-1.4973958333333334e-06,1.0416666666666667e-06,6,natural_tdl,,,,,,,,,,,,,,,,,,,,,,,,,,,,,,,,,
water_filling,Water-filling,ok,ok,0.00018484300017007627,False,,none,134.4287279124165,2016430.9186862474,1.0000000000001288,3.3571428571432254,600638.997055412,103358249491.4119,2.726739306850461e+18,2.726739306850461e+18,2.690290722837319e+18,3.667383961083749e-19,0.09077555187714866,-5.759568527683521,-2.0322140538503546,0.02395778988331185,7.226568658423508e-05,54.0,37169.87442722978,101976649926.46255,101976649926.4757,2.0164309186862472,0.600638997055412,103358249491.4119,2.726739306850461e+18,2.690290722837319e+18,2.726739306850461e+18,1.3367095241401057,37169.87442722978,2.810909296764836e+18,106548749879.69733,26381438.54281344,4.684848827941393e+18,177581250000.0,0.6,0.08940612891655719,False,False,False,False,-0.04291087373980384,False,False,True,-13.256466474732292,-5.919352514657722,-5.759568527683521,-5.759568527683521,-7.4968979470487715,False,0.25,4.0,32.0,-1.3671875e-06,1.0416666666666667e-06,6,natural_tdl,0.025000672561017494,,,,,,,,,,,,,,,,,,,,,,,,,,,,,,,,
conventional_s2,Conventional $S_2$,ok,optimal,0.007722295998974005,False,,conventional_s2,134.38428670787303,2015764.3006180956,0.9999999963039812,3.3571428465828035,600440.4318600617,106548749839.83827,2.8109092957132964e+18,2.8109092957132964e+18,2.7764553022172626e+18,3.55756765799958e-19,0.08940612893328027,-5.40517478890298,-1.647167589282982,0.0256732267372679,7.892609148751805e-05,64.0,36138.53540611348,105242756492.34554,105242756103.36633,2.0157643006180956,0.6004404318600617,106548749839.83827,2.8109092957132964e+18,2.7764553022172626e+18,2.8109092957132964e+18,1.225724129504177,36138.53540611348,2.810909296764836e+18,106548749879.69733,26381438.54281344,4.684848827941393e+18,177581250000.0,0.6,0.08940612891655719,True,False,False,True,-0.012257241664548706,True,True,True,-13.256466474732292,-5.527496472706943,-5.40517478890298,-5.40517478890298,-7.851291685829312,False,0.25,4.0,32.0,-1.3671875e-06,1.0416666666666667e-06,6,natural_tdl,,known_amplitude_linear,106548749879.69733,,,,,,,,,,,,,,,,,,,,,,,,,,,,,,
conventional_s2_psl,Conventional $S_2$+PSL,infeasible,infeasible,0.45490339000025415,False,max_rate_isac: problem is infeasible (solver CLARABEL),conventional_s2,,,,,,,,,,,,,,,,,,,,,,,,,,,,2.810909296764836e+18,106548749879.69733,26381438.54281344,4.684848827941393e+18,177581250000.0,0.6,0.08940612891655719,False,False,,,,False,,True,-13.256466474732292,,,,,False,,,,,,6,natural_tdl,,,,,,,,,,,,,,,,,,,,,,,,,,,,,,,,,
exact_efim,Exact EFIM,ok,optimal,0.009063573001185432,False,,exact_efim,134.34829428702787,2015224.414305418,0.9999999964769725,3.3571428470770646,600279.6145716577,107514932834.00685,2.836398592995067e+18,2.836398592995067e+18,2.810909280367404e+18,3.5255975745780497e-19,0.08900349822189554,-5.3036048383057555,-1.4914817318188818,0.026729817157983636,8.074753340887611e-05,62.0,31083.493678563318,106548749633.51964,106548749258.14546,2.015224414305418,0.6002796145716577,107514932834.00685,2.8363985929950664e+18,2.810909280367404e+18,2.836398592995067e+18,0.8986505877774978,31083.493678563318,2.810909296764836e+18,106548749879.69733,26381438.54281344,4.684848827941393e+18,177581250000.0,0.6,0.08940612891655719,True,True,True,True,-5.833497305257171e-09,False,False,True,-13.256466474732292,-5.4237207597470185,-5.3036048383057555,-5.3036048383057555,-7.952861636426537,False,0.25,4.0,32.0,-1.3671875e-06,1.0416666666666667e-06,6,natural_tdl,,unknown_amplitude_exact,,,,,,2.810909296764836e+18,106548749879.69733,quad_over_lin,1e-12,,,,,,,,,,,,,,,,,,,,,,
exact_efim_sampled_psl,Exact EFIM+sampled PSL,infeasible,infeasible,0.42994939100026386,False,max_rate_isac: problem is infeasible (solver CLARABEL),exact_efim,,,,,,,,,,,,,,,,,,,,,,,,,,,,2.810909296764836e+18,106548749879.69733,26381438.54281344,4.684848827941393e+18,177581250000.0,0.6,0.08940612891655719,False,False,,,,False,,True,-13.256466474732292,,,,,False,,,,,,6,natural_tdl,,,,,,,,,,,,,,,,,,,,,,,,,,,,,,,,,
exact_efim_cutting_plane_psl,Exact EFIM+cutting-plane PSL,infeasible,infeasible,0.45937034899907303,False,max_rate_isac: problem is infeasible (solver CLARABEL),exact_efim,,,,,,,,,,,,,,,,,,,,,,,,,,,,2.810909296764836e+18,106548749879.69733,26381438.54281344,4.684848827941393e+18,177581250000.0,0.6,0.08940612891655719,False,False,,,,False,,True,-13.256466474732292,,,,,False,,,,,,6,natural_tdl,,,,,,,,,,,,,,,,,,,,,,,,,,,,,,,,,
exact_efim_cutting_plane_psl_ee,Exact EFIM+cutting-plane PSL+EE,infeasible,infeasible,0.46035502000086126,False,dinkelbach_ee_isac[iter 1]: problem is infeasible (solver CLARABEL),exact_efim,,,,,,,,,,,,,,,,,,,,,,,,,,,,2.810909296764836e+18,106548749879.69733,26381438.54281344,4.684848827941393e+18,177581250000.0,0.6,0.08940612891655719,False,False,,,,False,,True,-13.256466474732292,,,,,False,,,,,,6,natural_tdl,,,,,,,,,,,,,,,,,,,,,,,,,,,,,,,,,
uniform,Uniform,ok,ok,1.4645000192103907e-05,False,,none,126.43720029597019,1896558.0044395528,1.0,3.357142857142857,564932.1715351859,76781250000.0,2.0255998281153943e+18,2.0255998281153943e+18,2.0255998281153943e+18,4.936809265680052e-19,0.10532073506634214,-13.256466474732292,-9.684463547443015,0.015625,0.0,64.0,0.0,76781250000.0,76781250000.0,1.8965580044395527,0.5649321715351859,76781250000.0,2.0255998281153943e+18,2.0255998281153943e+18,2.0255998281153943e+18,0.0,0.0,3.279394179558975e+18,124306874859.64688,26381438.54281344,4.684848827941393e+18,177581250000.0,0.7,0.08277399119380457,False,False,False,False,-0.3823249913836816,False,False,True,-13.256466474732292,-13.456972739469613,-13.256466474732292,-13.256466474732292,0.0,True,0.25,4.0,32.0,-1.4973958333333334e-06,1.0416666666666667e-06,6,natural_tdl,,,,,,,,,,,,,,,,,,,,,,,,,,,,,,,,,
water_filling,Water-filling,ok,ok,0.00018963899856316857,False,,none,134.4287279124165,2016430.9186862474,1.0000000000001288,3.3571428571432254,600638.997055412,103358249491.4119,2.726739306850461e+18,2.726739306850461e+18,2.690290722837319e+18,3.667383961083749e-19,0.09077555187714866,-5.759568527683521,-2.0322140538503546,0.02395778988331185,7.226568658423508e-05,54.0,37169.87442722978,101976649926.46255,101976649926.4757,2.0164309186862472,0.600638997055412,103358249491.4119,2.726739306850461e+18,2.690290722837319e+18,2.726739306850461e+18,1.3367095241401057,37169.87442722978,3.279394179558975e+18,124306874859.64688,26381438.54281344,4.684848827941393e+18,177581250000.0,0.7,0.08277399119380457,False,False,False,False,-0.17963789177697467,False,False,True,-13.256466474732292,-5.919352514657722,-5.759568527683521,-5.759568527683521,-7.4968979470487715,False,0.25,4.0,32.0,-1.3671875e-06,1.0416666666666667e-06,6,natural_tdl,0.025000672561017494,,,,,,,,,,,,,,,,,,,,,,,,,,,,,,,,
conventional_s2,Conventional $S_2$,ok,optimal,0.007832488001440652,False,,conventional_s2,132.55587137981308,1988338.0706971963,0.9999999961434893,3.3571428461242556,592270.9166196747,124306874438.6286,3.279394168451907e+18,3.279394168451907e+18,3.255849855361801e+18,3.0493437160439507e-19,0.08277399133397931,-3.799563565069989,0.36900976185019596,0.03825766473927273,0.0001350267213805955,62.0,29874.027493318234,123414417399.34785,123414416923.39883,1.9883380706971963,0.5922709166196747,124306874438.6286,3.279394168451907e+18,3.255849855361801e+18,3.279394168451907e+18,0.7179470316988562,29874.027493318234,3.279394179558975e+18,124306874859.64688,26381438.54281344,4.684848827941393e+18,177581250000.0,0.7,0.08277399119380457,True,False,True,True,-0.007179473679598983,True,False,True,-13.256466474732292,-3.799563565069989,-3.799563565069989,-3.799563565069989,-9.456902909662304,False,0.25,4.0,32.0,-1.3020833333333335e-06,1.0416666666666667e-06,6,natural_tdl,,known_amplitude_linear,124306874859.64688,,,,,,,,,,,,,,,,,,,,,,,,,,,,,,
conventional_s2_psl,Conventional $S_2$+PSL,infeasible,infeasible,0.4430816200001573,False,max_rate_isac: problem is infeasible (solver CLARABEL),conventional_s2,,,,,,,,,,,,,,,,,,,,,,,,,,,,3.279394179558975e+18,124306874859.64688,26381438.54281344,4.684848827941393e+18,177581250000.0,0.7,0.08277399119380457,False,False,,,,False,,True,-13.256466474732292,,,,,False,,,,,,6,natural_tdl,,,,,,,,,,,,,,,,,,,,,,,,,,,,,,,,,
exact_efim,Exact EFIM,ok,optimal,0.009092830998270074,False,,exact_efim,132.47813255001873,1987171.988250281,0.9999999965558047,3.3571428473022995,591923.5727032329,124523853201.41547,3.2851183803474647e+18,3.2851183803474647e+18,3.279394163556377e+18,3.0440303338299506e-19,0.0827018443984418,-3.7715528290601315,0.4907794507798188,0.041000162729032764,0.00013620027887111842,61.0,14730.205331271009,124306874681.19853,124306874253.06139,1.987171988250281,0.5919235727032329,124523853201.41547,3.2851183803474647e+18,3.279394163556377e+18,3.2851183803474647e+18,0.17424689549489444,14730.205331271009,3.279394179558975e+18,124306874859.64688,26381438.54281344,4.684848827941393e+18,177581250000.0,0.7,0.08277399119380457,True,True,True,True,-4.879742114487771e-09,False,False,True,-13.256466474732292,-3.7715528290601315,-3.7715528290601315,-3.7715528290601315,-9.484913645672162,False,0.25,4.0,32.0,-1.3020833333333335e-06,1.0416666666666667e-06,6,natural_tdl,,unknown_amplitude_exact,,,,,,3.279394179558975e+18,124306874859.64688,quad_over_lin,1e-12,,,,,,,,,,,,,,,,,,,,,,
exact_efim_sampled_psl,Exact EFIM+sampled PSL,infeasible,infeasible,0.4541794659999141,False,max_rate_isac: problem is infeasible (solver CLARABEL),exact_efim,,,,,,,,,,,,,,,,,,,,,,,,,,,,3.279394179558975e+18,124306874859.64688,26381438.54281344,4.684848827941393e+18,177581250000.0,0.7,0.08277399119380457,False,False,,,,False,,True,-13.256466474732292,,,,,False,,,,,,6,natural_tdl,,,,,,,,,,,,,,,,,,,,,,,,,,,,,,,,,
exact_efim_cutting_plane_psl,Exact EFIM+cutting-plane PSL,infeasible,infeasible,0.4581621109973639,False,max_rate_isac: problem is infeasible (solver CLARABEL),exact_efim,,,,,,,,,,,,,,,,,,,,,,,,,,,,3.279394179558975e+18,124306874859.64688,26381438.54281344,4.684848827941393e+18,177581250000.0,0.7,0.08277399119380457,False,False,,,,False,,True,-13.256466474732292,,,,,False,,,,,,6,natural_tdl,,,,,,,,,,,,,,,,,,,,,,,,,,,,,,,,,
exact_efim_cutting_plane_psl_ee,Exact EFIM+cutting-plane PSL+EE,infeasible,infeasible,0.42545799000072293,False,dinkelbach_ee_isac[iter 1]: problem is infeasible (solver CLARABEL),exact_efim,,,,,,,,,,,,,,,,,,,,,,,,,,,,3.279394179558975e+18,124306874859.64688,26381438.54281344,4.684848827941393e+18,177581250000.0,0.7,0.08277399119380457,False,False,,,,False,,True,-13.256466474732292,,,,,False,,,,,,6,natural_tdl,,,,,,,,,,,,,,,,,,,,,,,,,,,,,,,,,
uniform,Uniform,ok,ok,1.5891000657575205e-05,False,,none,126.43720029597019,1896558.0044395528,1.0,3.357142857142857,564932.1715351859,76781250000.0,2.0255998281153943e+18,2.0255998281153943e+18,2.0255998281153943e+18,4.936809265680052e-19,0.10532073506634214,-13.256466474732292,-9.684463547443015,0.015625,0.0,64.0,0.0,76781250000.0,76781250000.0,1.8965580044395527,0.5649321715351859,76781250000.0,2.0255998281153943e+18,2.0255998281153943e+18,2.0255998281153943e+18,0.0,0.0,3.747879062353115e+18,142064999839.59647,26381438.54281344,4.684848827941393e+18,177581250000.0,0.8,0.07742797889576501,False,False,False,False,-0.4595343674607215,False,False,True,-13.256466474732292,-13.456972739469613,-13.256466474732292,-13.256466474732292,0.0,True,0.25,4.0,32.0,-1.4973958333333334e-06,1.0416666666666667e-06,6,natural_tdl,,,,,,,,,,,,,,,,,,,,,,,,,,,,,,,,,
water_filling,Water-filling,ok,ok,0.00018360299873165786,False,,none,134.4287279124165,2016430.9186862474,1.0000000000001288,3.3571428571432254,600638.997055412,103358249491.4119,2.726739306850461e+18,2.726739306850461e+18,2.690290722837319e+18,3.667383961083749e-19,0.09077555187714866,-5.759568527683521,-2.0322140538503546,0.02395778988331185,7.226568658423508e-05,54.0,37169.87442722978,101976649926.46255,101976649926.4757,2.0164309186862472,0.600638997055412,103358249491.4119,2.726739306850461e+18,2.690290722837319e+18,2.726739306850461e+18,1.3367095241401057,37169.87442722978,3.747879062353115e+18,142064999839.59647,26381438.54281344,4.684848827941393e+18,177581250000.0,0.8,0.07742797889576501,False,False,False,False,-0.282183155304853,False,False,True,-13.256466474732292,-5.919352514657722,-5.759568527683521,-5.759568527683521,-7.4968979470487715,False,0.25,4.0,32.0,-1.3671875e-06,1.0416666666666667e-06,6,natural_tdl,0.025000672561017494,,,,,,,,,,,,,,,,,,,,,,,,,,,,,,,,
conventional_s2,Conventional $S_2$,ok,optimal,0.007605817001604009,False,,conventional_s2,128.09453667356524,1921418.0501034786,0.9999999960898609,3.3571428459710315,572337.2934247964,142064999296.05045,3.7478790480135885e+18,3.7478790480135885e+18,3.7332668835498004e+18,2.6681757527100814e-19,0.0774279790438862,-2.6238899768671176,2.29140214694593,0.05874119082887613,0.00023821143862653977,59.0,23534.666041608198,141511119345.85434,141511118792.52618,1.9214180501034785,0.5723372934247964,142064999296.05045,3.7478790480135895e+18,3.7332668835498004e+18,3.7478790480135885e+18,0.38987822916891135,23534.666041608198,3.747879062353115e+18,142064999839.59647,26381438.54281344,4.684848827941393e+18,177581250000.0,0.8,0.07742797889576501,True,False,True,True,-0.0038987861028099437,True,False,True,-13.256466474732292,-2.667644959872895,-2.6156210202034,-2.6156210202034,-10.640845454528893,False,0.25,4.0,32.0,-1.2695312500000002e-06,1.0416666666666667e-06,6,natural_tdl,,known_amplitude_linear,142064999839.59647,,,,,,,,,,,,,,,,,,,,,,,,,,,,,,
conventional_s2_psl,Conventional $S_2$+PSL,infeasible,infeasible,0.4379110580011911,False,max_rate_isac: problem is infeasible (solver CLARABEL),conventional_s2,,,,,,,,,,,,,,,,,,,,,,,,,,,,3.747879062353115e+18,142064999839.59647,26381438.54281344,4.684848827941393e+18,177581250000.0,0.8,0.07742797889576501,False,False,,,,False,,True,-13.256466474732292,,,,,False,,,,,,6,natural_tdl,,,,,,,,,,,,,,,,,,,,,,,,,,,,,,,,,
exact_efim,Exact EFIM,ok,optimal,0.009140395999565953,False,,exact_efim,128.0452096209903,1920678.1443148546,0.9999999970098116,3.357142848599462,572116.8955071799,142108381188.74887,3.7490235247496837e+18,3.7490235247496837e+18,3.7478790370342784e+18,2.6673612299265804e-19,0.07741615979494076,-2.6074736375520784,2.364047919244456,0.06249997034734723,0.00023925207144117916,59.0,6586.524804761796,142064999304.67596,142064998879.87485,1.9206781443148546,0.5721168955071799,142108381188.74887,3.7490235247496837e+18,3.7478790370342784e+18,3.7490235247496837e+18,0.03052762160199375,6586.524804761796,3.747879062353115e+18,142064999839.59647,26381438.54281344,4.684848827941393e+18,177581250000.0,0.8,0.07742797889576501,True,True,True,True,-6.755510600735208e-09,False,False,True,-13.256466474732292,-2.639059925818547,-2.5932178056712853,-2.5932178056712853,-10.663248669061007,False,0.25,4.0,32.0,-1.2695312500000002e-06,1.0416666666666667e-06,6,natural_tdl,,unknown_amplitude_exact,,,,,,3.747879062353115e+18,142064999839.59647,quad_over_lin,1e-12,,,,,,,,,,,,,,,,,,,,,,
exact_efim_sampled_psl,Exact EFIM+sampled PSL,infeasible,infeasible,0.4517279360006796,False,max_rate_isac: problem is infeasible (solver CLARABEL),exact_efim,,,,,,,,,,,,,,,,,,,,,,,,,,,,3.747879062353115e+18,142064999839.59647,26381438.54281344,4.684848827941393e+18,177581250000.0,0.8,0.07742797889576501,False,False,,,,False,,True,-13.256466474732292,,,,,False,,,,,,6,natural_tdl,,,,,,,,,,,,,,,,,,,,,,,,,,,,,,,,,
exact_efim_cutting_plane_psl,Exact EFIM+cutting-plane PSL,infeasible,infeasible,0.4517784000017855,False,max_rate_isac: problem is infeasible (solver CLARABEL),exact_efim,,,,,,,,,,,,,,,,,,,,,,,,,,,,3.747879062353115e+18,142064999839.59647,26381438.54281344,4.684848827941393e+18,177581250000.0,0.8,0.07742797889576501,False,False,,,,False,,True,-13.256466474732292,,,,,False,,,,,,6,natural_tdl,,,,,,,,,,,,,,,,,,,,,,,,,,,,,,,,,
exact_efim_cutting_plane_psl_ee,Exact EFIM+cutting-plane PSL+EE,infeasible,infeasible,0.45542624900190276,False,dinkelbach_ee_isac[iter 1]: problem is infeasible (solver CLARABEL),exact_efim,,,,,,,,,,,,,,,,,,,,,,,,,,,,3.747879062353115e+18,142064999839.59647,26381438.54281344,4.684848827941393e+18,177581250000.0,0.8,0.07742797889576501,False,False,,,,False,,True,-13.256466474732292,,,,,False,,,,,,6,natural_tdl,,,,,,,,,,,,,,,,,,,,,,,,,,,,,,,,,
uniform,Uniform,ok,ok,1.4637997082900256e-05,False,,none,304.1432489292605,4562148.733938907,1.0,3.357142857142857,1358937.9207477595,76781250000.0,2.0255998281153943e+18,2.0255998281153943e+18,2.0255998281153943e+18,4.936809265680052e-19,0.10532073506634214,-13.256466474732292,-9.684463547443015,0.015625,0.0,64.0,0.0,76781250000.0,76781250000.0,4.5621487339389075,1.3589379207477594,76781250000.0,2.0255998281153943e+18,2.0255998281153943e+18,2.0255998281153943e+18,0.0,0.0,7.02727324191209e+17,26637187469.92433,26381438.54281344,4.684848827941393e+18,177581250000.0,0.15,0.17881225783311439,False,True,True,True,1.882483373542819,False,False,True,-13.256466474732292,-13.456972739469613,-13.256466474732292,-13.256466474732292,0.0,True,0.25,4.0,32.0,-1.4973958333333334e-06,1.0416666666666667e-06,7,natural_tdl,,,,,,,,,,,,,,,,,,,,,,,,,,,,,,,,,
water_filling,Water-filling,ok,ok,0.00020062600015080534,False,,none,304.15461399208414,4562319.209881262,1.0000000000004672,3.357142857144192,1358988.7008151547,76393921409.4502,2.0153815427079306e+18,2.0153815427079306e+18,2.014907697161565e+18,4.961839625941836e-19,0.10558739342218819,-13.38853868353162,-9.811225858886564,0.015865288022734347,6.567252802172931e-08,64.0,-4238.080141294537,76375960086.13048,76375960086.16615,4.562319209881262,1.3589887008151547,76393921409.4502,2.01538154270793e+18,2.014907697161565e+18,2.0153815427079306e+18,0.023511456085333702,4238.080141294537,7.02727324191209e+17,26637187469.92433,26381438.54281344,4.684848827941393e+18,177581250000.0,0.15,0.17881225783311439,False,True,True,True,1.867268181837935,False,False,True,-13.256466474732292,-13.5780818422512,-13.38853868353162,-13.38853868353162,0.13207220879932713,True,0.25,4.0,32.0,-1.4973958333333334e-06,1.0416666666666667e-06,7,natural_tdl,0.016274077626365346,,,,,,,,,,,,,,,,,,,,,,,,,,,,,,,,
conventional_s2,Conventional $S_2$,ok,optimal,0.007541006001702044,False,,conventional_s2,304.15461381501603,4562319.207225241,0.9999999987358849,3.3571428535310996,1358988.7014865978,76393607380.11377,2.0153732581622907e+18,2.0153732581622907e+18,2.0148998282561572e+18,4.9618600224548265e-19,0.1055876104397251,-13.38869745235409,-9.811336571407661,0.015865084545234533,6.563692742468506e-08,64.0,-4236.220990624734,76375661908.40268,76375661811.85504,4.562319207225241,1.3589887014865978,76393607380.11377,2.0153732581622907e+18,2.0148998282561572e+18,2.0153732581622907e+18,0.023490929246783743,4236.220990624734,7.02727324191209e+17,26637187469.92433,26381438.54281344,4.684848827941393e+18,177581250000.0,0.15,0.17881225783311439,True,True,True,True,1.8672569841725863,False,False,True,-13.256466474732292,-13.57823715986444,-13.38869745235409,-13.38869745235409,0.13223097762179847,True,0.25,4.0,32.0,-1.4973958333333334e-06,1.0416666666666667e-06,7,natural_tdl,,known_amplitude_linear,26637187469.92433,,,,,,,,,,,,,,,,,,,,,,,,,,,,,,
conventional_s2_psl,Conventional $S_2$+PSL,ok,optimal,0.48520574099893565,False,,conventional_s2,304.15461397909576,4562319.209686437,0.9999999998539553,3.3571428567255865,1358988.7009265753,76393921449.50038,2.015381543764512e+18,2.015381543764512e+18,2.0149076981878177e+18,4.961839623340549e-19,0.10558739339451063,-13.388538703339442,-9.811225845002662,0.015865287879500367,6.567253083206259e-08,64.0,-4238.080277234962,76375960136.22102,76375960125.06671,4.562319209686437,1.3589887009265753,76393921449.50038,2.0153815437645117e+18,2.0149076981878177e+18,2.015381543764512e+18,0.023511457577862917,4238.080277234962,7.02727324191209e+17,26637187469.92433,26381438.54281344,4.684848827941393e+18,177581250000.0,0.15,0.17881225783311439,True,True,True,True,1.8672681832983207,False,False,True,-13.256466474732292,-13.578081867559186,-13.388538703339442,-13.388538703339442,0.13207222860715007,True,0.25,4.0,32.0,-1.4973958333333334e-06,1.0416666666666667e-06,7,natural_tdl,,known_amplitude_linear,26637187469.92433,-13.256466474732292,0.2173585239870126,249.0,1.0416666666666667e-06,,,,,,,,,,,,,,,,,,,,,,,,,,
exact_efim,Exact EFIM,ok,optimal,0.008938142000260996,False,,exact_efim,304.1546137508085,4562319.2062621275,0.9999999972996356,3.3571428494275306,1358988.702860859,76393943204.98827,2.0153821177055777e+18,2.0153821177055777e+18,2.014908127580959e+18,4.961838210306516e-19,0.10558737835990631,-13.388489722556432,-9.811214492486291,0.015865324258478974,6.568904034258945e-08,64.0,-4238.726652505589,76375976607.64508,76375976401.40211,4.562319206262128,1.358988702860859,76393943204.98827,2.0153821177055782e+18,2.014908127580959e+18,2.0153821177055777e+18,0.023518623116412708,4238.726652505589,7.02727324191209e+17,26637187469.92433,26381438.54281344,4.684848827941393e+18,177581250000.0,0.15,0.17881225783311439,True,True,True,True,1.8672687943363813,False,False,True,-13.256466474732292,-13.578028918385128,-13.388489722556432,-13.388489722556432,0.1320232478241401,True,0.25,4.0,32.0,-1.4973958333333334e-06,1.0416666666666667e-06,7,natural_tdl,,unknown_amplitude_exact,,,,,,7.02727324191209e+17,26637187469.92433,quad_over_lin,1e-12,,,,,,,,,,,,,,,,,,,,,,
exact_efim_sampled_psl,Exact EFIM+sampled PSL,ok,optimal,0.4654660619999049,False,,exact_efim,304.15461396330505,4562319.209449576,0.9999999996868835,3.3571428562482386,1358988.701049254,76393912143.64424,2.0153812982626394e+18,2.0153812982626394e+18,2.0149074775855997e+18,4.96184022776261e-19,0.10558739982552744,-13.388530218298849,-9.811227928918552,0.015865338387363762,6.566910391340092e-08,64.0,-4237.968924728176,76375951786.95747,76375951763.04291,4.562319209449576,1.358988701049254,76393912143.64424,2.0153812982626399e+18,2.0149074775855997e+18,2.0153812982626394e+18,0.023510224960808825,4237.968924728176,7.02727324191209e+17,26637187469.92433,26381438.54281344,4.684848827941393e+18,177581250000.0,0.15,0.17881225783311439,True,True,True,True,1.8672678693753944,False,False,True,-13.256466474732292,-13.578071568826802,-13.388530218298849,-13.388530218298849,0.13206374356655637,True,0.25,4.0,32.0,-1.4973958333333334e-06,1.0416666666666667e-06,7,natural_tdl,,unknown_amplitude_exact,,-13.256466474732292,0.2173585239870126,249.0,1.0416666666666667e-06,7.02727324191209e+17,26637187469.92433,quad_over_lin,1e-12,,,,,,,,,,,,,,,,,,,,,,
exact_efim_cutting_plane_psl,Exact EFIM+cutting-plane PSL,ok,optimal,0.49794690899943816,False,,exact_efim,304.15461396330505,4562319.209449576,0.9999999996868835,3.3571428562482386,1358988.701049254,76393912143.64424,2.0153812982626394e+18,2.0153812982626394e+18,2.0149074775855997e+18,4.96184022776261e-19,0.10558739982552744,-13.388530218298849,-9.811227928918552,0.015865338387363762,6.566910391340092e-08,64.0,-4237.968924728176,76375951786.95747,76375951763.04291,4.562319209449576,1.358988701049254,76393912143.64424,2.0153812982626399e+18,2.0149074775855997e+18,2.0153812982626394e+18,0.023510224960808825,4237.968924728176,7.02727324191209e+17,26637187469.92433,26381438.54281344,4.684848827941393e+18,177581250000.0,0.15,0.17881225783311439,True,True,True,True,1.8672678693753944,False,False,True,-13.256466474732292,-13.578071568826802,-13.388530218298849,-13.388530218298849,0.13206374356655637,True,0.25,4.0,32.0,-1.4973958333333334e-06,1.0416666666666667e-06,7,natural_tdl,,unknown_amplitude_exact,,-13.256466474732292,0.2173585239870126,249.0,1.0416666666666667e-06,7.02727324191209e+17,26637187469.92433,quad_over_lin,1e-12,-9.811566881433437,0.13206374356655637,249.0,1985.0,1.0,249.0,True,1.0,dense_psl_satisfied,False,0.49794690899943816,0.0,249.0,-13.388530218298849,-13.578071568826802,,0.0,,,,,
exact_efim_cutting_plane_psl_ee,Exact EFIM+cutting-plane PSL+EE,ok,optimal,1.024833604999003,False,,exact_efim,197.85456439717478,2967818.4659576216,0.29730976526574326,1.349456472187838,2199269.503777307,26646695092.263447,7.029781489456367e+17,7.029781489456367e+17,7.027273194281701e+17,1.4225193222575298e-18,0.17878035460671726,-13.073125811119155,-4.983066777485117,0.010920402091768429,2.1381595466889157e-06,64.0,-5655.037610358864,89594054421.89307,26637187289.379253,2.9678184659576217,2.199269503777307,26646695092.263447,7.029781489456366e+17,7.027273194281701e+17,7.029781489456367e+17,0.03568098351888052,5655.037610358864,7.02727324191209e+17,26637187469.92433,26381438.54281344,4.684848827941393e+18,177581250000.0,0.15,0.17881225783311439,True,True,True,True,-6.777933181240578e-09,False,False,True,-13.256466474732292,-13.256466386170567,-13.073125811119155,-13.073125811119155,-0.18334066361313717,True,0.25,4.0,32.0,-1.3671875e-06,1.0416666666666667e-06,7,natural_tdl,,unknown_amplitude_exact,,-13.256466474732292,0.2173585239870126,249.0,1.0416666666666667e-06,7.02727324191209e+17,26637187469.92433,quad_over_lin,1e-12,-4.986205466484511,-0.18334066361313717,249.0,1985.0,1.0,249.0,True,1.0,dense_psl_satisfied,False,1.024833604999003,0.0,249.0,-13.073125811119155,-13.256466386170567,,0.0,5.0,True,2199269.5038794447,-0.00013783015310764313,0.9505794500037155
uniform,Uniform,ok,ok,1.3876000593882054e-05,False,,none,304.1432489292605,4562148.733938907,1.0,3.357142857142857,1358937.9207477595,76781250000.0,2.0255998281153943e+18,2.0255998281153943e+18,2.0255998281153943e+18,4.936809265680052e-19,0.10532073506634214,-13.256466474732292,-9.684463547443015,0.015625,0.0,64.0,0.0,76781250000.0,76781250000.0,4.5621487339389075,1.3589379207477594,76781250000.0,2.0255998281153943e+18,2.0255998281153943e+18,2.0255998281153943e+18,0.0,0.0,1.1712122069853484e+18,44395312449.873886,26381438.54281344,4.684848827941393e+18,177581250000.0,0.25,0.13850737933707974,False,True,True,True,0.7294900241256913,False,False,True,-13.256466474732292,-13.456972739469613,-13.256466474732292,-13.256466474732292,0.0,True,0.25,4.0,32.0,-1.4973958333333334e-06,1.0416666666666667e-06,7,natural_tdl,,,,,,,,,,,,,,,,,,,,,,,,,,,,,,,,,
water_filling,Water-filling,ok,ok,0.0001959569999598898,False,,none,304.15461399208414,4562319.209881262,1.0000000000004672,3.357142857144192,1358988.7008151547,76393921409.4502,2.0153815427079306e+18,2.0153815427079306e+18,2.014907697161565e+18,4.961839625941836e-19,0.10558739342218819,-13.38853868353162,-9.811225858886564,0.015865288022734347,6.567252802172931e-08,64.0,-4238.080141294537,76375960086.13048,76375960086.16615,4.562319209881262,1.3589887008151547,76393921409.4502,2.01538154270793e+18,2.014907697161565e+18,2.0153815427079306e+18,0.023511456085333702,4238.080141294537,1.1712122069853484e+18,44395312449.873886,26381438.54281344,4.684848827941393e+18,177581250000.0,0.25,0.13850737933707974,False,True,True,True,0.720360909102761,False,False,True,-13.256466474732292,-13.5780818422512,-13.38853868353162,-13.38853868353162,0.13207220879932713,True,0.25,4.0,32.0,-1.4973958333333334e-06,1.0416666666666667e-06,7,natural_tdl,0.016274077626365346,,,,,,,,,,,,,,,,,,,,,,,,,,,,,,,,
conventional_s2,Conventional $S_2$,ok,optimal,0.00728026700016926,False,,conventional_s2,304.1546139013003,4562319.208519504,0.9999999989764938,3.357142854218554,1358988.701593838,76393927612.9765,2.015381706365878e+18,2.015381706365878e+18,2.0149078565058322e+18,4.961839223018418e-19,0.10558738913510542,-13.38853468302015,-9.811223590893519,0.015865289574559963,6.567276574448257e-08,64.0,-4238.099434224089,76375966204.35179,76375966126.18051,4.562319208519504,1.358988701593838,76393927612.9765,2.015381706365878e+18,2.0149078565058322e+18,2.015381706365878e+18,0.023511668213971573,4238.099434224089,1.1712122069853484e+18,44395312449.873886,26381438.54281344,4.684848827941393e+18,177581250000.0,0.25,0.13850737933707974,True,True,True,True,0.7203610451534838,False,False,True,-13.256466474732292,-13.578077787851246,-13.38853468302015,-13.38853468302015,0.13206820828785837,True,0.25,4.0,32.0,-1.4973958333333334e-06,1.0416666666666667e-06,7,natural_tdl,,known_amplitude_linear,44395312449.873886,,,,,,,,,,,,,,,,,,,,,,,,,,,,,,
conventional_s2_psl,Conventional $S_2$+PSL,ok,optimal,0.4762256680005521,False,,conventional_s2,304.1546139679741,4562319.209519612,0.9999999997288138,3.3571428563680397,1358988.7010216196,76393927959.90129,2.0153817155182536e+18,2.0153817155182536e+18,2.014907875502169e+18,4.961839200485407e-19,0.10558738889535542,-13.388535375823745,-9.811223573003906,0.015865287010842926,6.567157158592145e-08,64.0,-4238.0554103481945,76375966866.95709,76375966846.24498,4.562319209519612,1.3589887010216195,76393927959.90129,2.015381715518253e+18,2.014907875502169e+18,2.0153817155182536e+18,0.02351117966566609,4238.0554103481945,1.1712122069853484e+18,44395312449.873886,26381438.54281344,4.684848827941393e+18,177581250000.0,0.25,0.13850737933707974,True,True,True,True,0.7203610613728646,False,False,True,-13.256466474732292,-13.578078665062417,-13.388535375823745,-13.388535375823745,0.13206890109145242,True,0.25,4.0,32.0,-1.4973958333333334e-06,1.0416666666666667e-06,7,natural_tdl,,known_amplitude_linear,44395312449.873886,-13.256466474732292,0.2173585239870126,249.0,1.0416666666666667e-06,,,,,,,,,,,,,,,,,,,,,,,,,,
exact_efim,Exact EFIM,ok,optimal,0.008521003001078498,False,,exact_efim,304.1546137432242,4562319.206148364,0.9999999972743474,3.3571428493552786,1358988.7028562198,76393880091.12947,2.0153804526711913e+18,2.0153804526711913e+18,2.0149066623287173e+18,4.961842309597659e-19,0.10558742197613251,-13.388542563970496,-9.811239614758454,0.015865404266281965,6.566726650612283e-08,64.0,-4237.833267751713,76375921068.54738,76375920860.37315,4.562319206148364,1.3589887028562198,76393880091.12947,2.0153804526711913e+18,2.0149066623287173e+18,2.0153804526711913e+18,0.023508729671661788,4237.833267751713,1.1712122069853484e+18,44395312449.873886,26381438.54281344,4.684848827941393e+18,177581250000.0,0.25,0.13850737933707974,True,True,True,True,0.7203600255456725,False,False,True,-13.256466474732292,-13.578082305842074,-13.388542563970496,-13.388542563970496,0.13207608923820402,True,0.25,4.0,32.0,-1.4973958333333334e-06,1.0416666666666667e-06,7,natural_tdl,,unknown_amplitude_exact,,,,,,1.1712122069853484e+18,44395312449.873886,quad_over_lin,1e-12,,,,,,,,,,,,,,,,,,,,,,
exact_efim_sampled_psl,Exact EFIM+sampled PSL,ok,optimal,0.5140450889994099,False,,exact_efim,304.1546139684905,4562319.2095273575,0.9999999997410427,3.3571428564029793,1358988.701009783,76393919477.37491,2.0153814917370043e+18,2.0153814917370043e+18,2.0149076771873324e+18,4.961839751431508e-19,0.10558739475739128,-13.38853117827946,-9.8112258122055,0.015865227249513655,6.566864765261106e-08,64.0,-4237.941522181331,76375959348.81224,76375959329.03413,4.562319209527358,1.358988701009783,76393919477.37491,2.0153814917370048e+18,2.0149076771873324e+18,2.0153814917370043e+18,0.02350991867368831,4237.941522181331,1.1712122069853484e+18,44395312449.873886,26381438.54281344,4.684848827941393e+18,177581250000.0,0.25,0.13850737933707974,True,True,True,True,0.7203608920484369,False,False,True,-13.256466474732292,-13.57807359154756,-13.38853117827946,-13.38853117827946,0.13206470354716693,True,0.25,4.0,32.0,-1.4973958333333334e-06,1.0416666666666667e-06,7,natural_tdl,,unknown_amplitude_exact,,-13.256466474732292,0.2173585239870126,249.0,1.0416666666666667e-06,1.1712122069853484e+18,44395312449.873886,quad_over_lin,1e-12,,,,,,,,,,,,,,,,,,,,,,
exact_efim_cutting_plane_psl,Exact EFIM+cutting-plane PSL,ok,optimal,0.5210082410012546,False,,exact_efim,304.1546139684905,4562319.2095273575,0.9999999997410427,3.3571428564029793,1358988.701009783,76393919477.37491,2.0153814917370043e+18,2.0153814917370043e+18,2.0149076771873324e+18,4.961839751431508e-19,0.10558739475739128,-13.38853117827946,-9.8112258122055,0.015865227249513655,6.566864765261106e-08,64.0,-4237.941522181331,76375959348.81224,76375959329.03413,4.562319209527358,1.358988701009783,76393919477.37491,2.0153814917370048e+18,2.0149076771873324e+18,2.0153814917370043e+18,0.02350991867368831,4237.941522181331,1.1712122069853484e+18,44395312449.873886,26381438.54281344,4.684848827941393e+18,177581250000.0,0.25,0.13850737933707974,True,True,True,True,0.7203608920484369,False,False,True,-13.256466474732292,-13.57807359154756,-13.38853117827946,-13.38853117827946,0.13206470354716693,True,0.25,4.0,32.0,-1.4973958333333334e-06,1.0416666666666667e-06,7,natural_tdl,,unknown_amplitude_exact,,-13.256466474732292,0.2173585239870126,249.0,1.0416666666666667e-06,1.1712122069853484e+18,44395312449.873886,quad_over_lin,1e-12,-9.811564771996954,0.13206470354716693,249.0,1985.0,1.0,249.0,True,1.0,dense_psl_satisfied,False,0.5210082410012546,0.0,249.0,-13.38853117827946,-13.57807359154756,,0.0,,,,,
exact_efim_cutting_plane_psl_ee,Exact EFIM+cutting-plane PSL+EE,ok,optimal,0.9164349950005999,False,,exact_efim,232.33472673769555,3485020.9010654334,0.4700412935476108,1.8429751244217454,1890975.550827849,44398273713.145584,1.1712903293703596e+18,1.1712903293703596e+18,1.1712122032182228e+18,8.537592900110098e-19,0.1385027601974112,-13.189329112742334,-2.0053557552382144,0.029176415919232444,1.7519964037442363e-05,64.0,-2510.0419188107485,94449813062.18474,44395312307.079346,3.4850209010654334,1.890975550827849,44398273713.145584,1.1712903293703596e+18,1.1712122032182228e+18,1.1712903293703596e+18,0.006670092817952455,2510.0419188107485,1.1712122069853484e+18,44395312449.873886,26381438.54281344,4.684848827941393e+18,177581250000.0,0.25,0.13850737933707974,True,True,True,True,-3.216432924394141e-09,False,False,True,-13.256466474732292,-13.25646643270578,-13.179993801774575,-13.179993801774575,-0.07647267295771698,True,0.25,4.0,32.0,-2.3111979166666667e-06,1.0416666666666667e-06,7,natural_tdl,,unknown_amplitude_exact,,-13.256466474732292,0.2173585239870126,249.0,1.0416666666666667e-06,1.1712122069853484e+18,44395312449.873886,quad_over_lin,1e-12,-2.0088467491113167,-0.07647267295771698,249.0,1985.0,1.0,249.0,True,1.0,dense_psl_satisfied,False,0.9164349950005999,0.0,249.0,-13.179993801774575,-13.25646643270578,,0.0,5.0,True,1890975.550764899,0.00011601531878113747,0.8686440649944416
uniform,Uniform,ok,ok,1.5146000805543736e-05,False,,none,304.1432489292605,4562148.733938907,1.0,3.357142857142857,1358937.9207477595,76781250000.0,2.0255998281153943e+18,2.0255998281153943e+18,2.0255998281153943e+18,4.936809265680052e-19,0.10532073506634214,-13.256466474732292,-9.684463547443015,0.015625,0.0,64.0,0.0,76781250000.0,76781250000.0,4.5621487339389075,1.3589379207477594,76781250000.0,2.0255998281153943e+18,2.0255998281153943e+18,2.0255998281153943e+18,0.0,0.0,1.6396970897794875e+18,62153437429.82344,26381438.54281344,4.684848827941393e+18,177581250000.0,0.35,0.11706010095802957,False,True,True,True,0.23535001723263682,False,False,True,-13.256466474732292,-13.456972739469613,-13.256466474732292,-13.256466474732292,0.0,True,0.25,4.0,32.0,-1.4973958333333334e-06,1.0416666666666667e-06,7,natural_tdl,,,,,,,,,,,,,,,,,,,,,,,,,,,,,,,,,
water_filling,Water-filling,ok,ok,0.0001922170013131108,False,,none,304.15461399208414,4562319.209881262,1.0000000000004672,3.357142857144192,1358988.7008151547,76393921409.4502,2.0153815427079306e+18,2.0153815427079306e+18,2.014907697161565e+18,4.961839625941836e-19,0.10558739342218819,-13.38853868353162,-9.811225858886564,0.015865288022734347,6.567252802172931e-08,64.0,-4238.080141294537,76375960086.13048,76375960086.16615,4.562319209881262,1.3589887008151547,76393921409.4502,2.01538154270793e+18,2.014907697161565e+18,2.0153815427079306e+18,0.023511456085333702,4238.080141294537,1.6396970897794875e+18,62153437429.82344,26381438.54281344,4.684848827941393e+18,177581250000.0,0.35,0.11706010095802957,False,True,True,True,0.22882922078768655,False,False,True,-13.256466474732292,-13.5780818422512,-13.38853868353162,-13.38853868353162,0.13207220879932713,True,0.25,4.0,32.0,-1.4973958333333334e-06,1.0416666666666667e-06,7,natural_tdl,0.016274077626365346,,,,,,,,,,,,,,,,,,,,,,,,,,,,,,,,
conventional_s2,Conventional $S_2$,ok,optimal,0.007703868999669794,False,,conventional_s2,304.15461387054535,4562319.20805818,0.9999999986308105,3.3571428532308873,1358988.701856235,76393910828.89563,2.0153812635776801e+18,2.0153812635776801e+18,2.0149074308414223e+18,4.96184031315649e-19,0.1055874007341135,-13.388545681214467,-9.811229645757265,0.01586520631934039,6.567147250563444e-08,64.0,-4238.022856932488,76375950095.75749,76375949991.18434,4.56231920805818,1.358988701856235,76393910828.89563,2.0153812635776801e+18,2.0149074308414223e+18,2.0153812635776801e+18,0.023510823724571594,4238.022856932488,1.6396970897794875e+18,62153437429.82344,26381438.54281344,4.684848827941393e+18,177581250000.0,0.35,0.11706010095802957,True,True,True,True,0.22882905836735645,False,False,True,-13.256466474732292,-13.578089012954425,-13.388545681214467,-13.388545681214467,0.13207920648217453,True,0.25,4.0,32.0,-1.4973958333333334e-06,1.0416666666666667e-06,7,natural_tdl,,known_amplitude_linear,62153437429.82344,,,,,,,,,,,,,,,,,,,,,,,,,,,,,,
conventional_s2_psl,Conventional $S_2$+PSL,ok,optimal,0.48325584399935906,False,,conventional_s2,304.15461397106077,4562319.209565911,0.9999999997633247,3.357142856466642,1358988.7009954962,76393922893.17993,2.015381581850855e+18,2.015381581850855e+18,2.0149077362522463e+18,4.961839529572536e-19,0.1055873923968242,-13.388538378981075,-9.811225367908929,0.015865288792842977,6.567247001832301e-08,64.0,-4238.080375429293,76375961585.9919,76375961567.91559,4.562319209565912,1.3589887009954962,76393922893.17993,2.015381581850855e+18,2.0149077362522463e+18,2.015381581850855e+18,0.02351145822090311,4238.080375429293,1.6396970897794875e+18,62153437429.82344,26381438.54281344,4.684848827941393e+18,177581250000.0,0.35,0.11706010095802957,True,True,True,True,0.2288292446278712,False,False,True,-13.256466474732292,-13.57808161022435,-13.388538378981075,-13.388538378981075,0.13207190424878235,True,0.25,4.0,32.0,-1.4973958333333334e-06,1.0416666666666667e-06,7,natural_tdl,,known_amplitude_linear,62153437429.82344,-13.256466474732292,0.2173585239870126,249.0,1.0416666666666667e-06,,,,,,,,,,,,,,,,,,,,,,,,,,
exact_efim,Exact EFIM,ok,optimal,0.009068220999324694,False,,exact_efim,304.1546138117194,4562319.207175791,0.9999999987064421,3.3571428534469776,1358988.7015059213,76394029065.61368,2.015384382832391e+18,2.015384382832391e+18,2.0149106077417428e+18,4.961832633607168e-19,0.10558731902411134,-13.388646564206043,-9.811203295274375,0.01586581193182978,6.566213082246726e-08,64.0,-4237.765053940404,76376070511.78139,76376070412.98451,4.562319207175792,1.3589887015059212,76394029065.61368,2.015384382832391e+18,2.0149106077417428e+18,2.015384382832391e+18,0.023507927057677583,4237.765053940404,1.6396970897794875e+18,62153437429.82344,26381438.54281344,4.684848827941393e+18,177581250000.0,0.35,0.11706010095802957,True,True,True,True,0.22883099585955566,False,False,True,-13.256466474732292,-13.57820906104715,-13.388646564206043,-13.388646564206043,0.13218008947375104,True,0.25,4.0,32.0,-1.4973958333333334e-06,1.0416666666666667e-06,7,natural_tdl,,unknown_amplitude_exact,,,,,,1.6396970897794875e+18,62153437429.82344,quad_over_lin,1e-12,,,,,,,,,,,,,,,,,,,,,,
exact_efim_sampled_psl,Exact EFIM+sampled PSL,ok,optimal,0.4914017299997795,False,,exact_efim,304.1546139846813,4562319.209770219,0.999999999917301,3.3571428569065747,1358988.700878267,76393913828.73065,2.0153813427176433e+18,2.0153813427176433e+18,2.0149074908691694e+18,4.961840118315023e-19,0.10558739866101127,-13.388542574354684,-9.81122851774513,0.015865288598577297,6.567385360489339e-08,64.0,-4238.108324443882,76375952272.87863,76375952266.56242,4.562319209770219,1.3589887008782668,76393913828.73065,2.0153813427176433e+18,2.0149074908691694e+18,2.0153813427176433e+18,0.023511771118953098,4238.108324443882,1.6396970897794875e+18,62153437429.82344,26381438.54281344,4.684848827941393e+18,177581250000.0,0.35,0.11706010095802957,True,True,True,True,0.228829094976403,False,False,True,-13.256466474732292,-13.578085750187181,-13.388542574354684,-13.388542574354684,0.13207609962239175,True,0.25,4.0,32.0,-1.4973958333333334e-06,1.0416666666666667e-06,7,natural_tdl,,unknown_amplitude_exact,,-13.256466474732292,0.2173585239870126,249.0,1.0416666666666667e-06,1.6396970897794875e+18,62153437429.82344,quad_over_lin,1e-12,,,,,,,,,,,,,,,,,,,,,,
exact_efim_cutting_plane_psl,Exact EFIM+cutting-plane PSL,ok,optimal,0.5047916440016706,False,,exact_efim,304.1546139846813,4562319.209770219,0.999999999917301,3.3571428569065747,1358988.700878267,76393913828.73065,2.0153813427176433e+18,2.0153813427176433e+18,2.0149074908691694e+18,4.961840118315023e-19,0.10558739866101127,-13.388542574354684,-9.81122851774513,0.015865288598577297,6.567385360489339e-08,64.0,-4238.108324443882,76375952272.87863,76375952266.56242,4.562319209770219,1.3589887008782668,76393913828.73065,2.0153813427176433e+18,2.0149074908691694e+18,2.0153813427176433e+18,0.023511771118953098,4238.108324443882,1.6396970897794875e+18,62153437429.82344,26381438.54281344,4.684848827941393e+18,177581250000.0,0.35,0.11706010095802957,True,True,True,True,0.228829094976403,False,False,True,-13.256466474732292,-13.578085750187181,-13.388542574354684,-13.388542574354684,0.13207609962239175,True,0.25,4.0,32.0,-1.4973958333333334e-06,1.0416666666666667e-06,7,natural_tdl,,unknown_amplitude_exact,,-13.256466474732292,0.2173585239870126,249.0,1.0416666666666667e-06,1.6396970897794875e+18,62153437429.82344,quad_over_lin,1e-12,-9.811567501640345,0.13207609962239175,249.0,1985.0,1.0,249.0,True,1.0,dense_psl_satisfied,False,0.5047916440016706,0.0,249.0,-13.388542574354684,-13.578085750187181,,0.0,,,,,
exact_efim_cutting_plane_psl_ee,Exact EFIM+cutting-plane PSL+EE,ok,optimal,0.9728688230025,False,,exact_efim,256.53936554356324,3848090.4831534484,0.6424726821949959,2.3356362348428457,1647555.5678354036,62155111784.853546,1.6397412616738132e+18,1.6397412616738132e+18,1.6396970861767112e+18,6.098523122966492e-19,0.11705852424548548,-13.018747455835253,-0.26231583694702826,0.05091382937553201,5.633957372992348e-05,64.0,-1614.4111665636872,96740980614.01236,62153437293.25862,3.8480904831534484,1.6475555678354037,62155111784.853546,1.6397412616738132e+18,1.6396970861767112e+18,1.6397412616738132e+18,0.0026940529054557414,1614.4111665636872,1.6396970897794875e+18,62153437429.82344,26381438.54281344,4.684848827941393e+18,177581250000.0,0.35,0.11706010095802957,True,True,True,True,-2.1972206588989643e-09,False,False,True,-13.256466474732292,-13.256466448317967,-13.018747455835253,-13.018747455835253,-0.23771901889703884,True,0.25,4.0,32.0,-3.3203125000000002e-06,1.0416666666666667e-06,7,natural_tdl,,unknown_amplitude_exact,,-13.256466474732292,0.2173585239870126,249.0,1.0416666666666667e-06,1.6396970897794875e+18,62153437429.82344,quad_over_lin,1e-12,-0.26582250158220116,-0.23771901889703884,249.0,1985.0,1.0,249.0,True,1.0,dense_psl_satisfied,False,0.9728688230025,0.0,249.0,-13.018747455835253,-13.256466448317967,,0.0,5.0,True,1647555.567978384,-0.00033395038917660713,0.9251366590033285
uniform,Uniform,ok,ok,1.4344001101562753e-05,False,,none,304.1432489292605,4562148.733938907,1.0,3.357142857142857,1358937.9207477595,76781250000.0,2.0255998281153943e+18,2.0255998281153943e+18,2.0255998281153943e+18,4.936809265680052e-19,0.10532073506634214,-13.256466474732292,-9.684463547443015,0.015625,0.0,64.0,0.0,76781250000.0,76781250000.0,4.5621487339389075,1.3589379207477594,76781250000.0,2.0255998281153943e+18,2.0255998281153943e+18,2.0255998281153943e+18,0.0,0.0,2.1081819725736271e+18,79911562409.77301,26381438.54281344,4.684848827941393e+18,177581250000.0,0.45,0.10323730519435335,False,False,False,False,-0.039172208819060424,False,False,True,-13.256466474732292,-13.456972739469613,-13.256466474732292,-13.256466474732292,0.0,True,0.25,4.0,32.0,-1.4973958333333334e-06,1.0416666666666667e-06,7,natural_tdl,,,,,,,,,,,,,,,,,,,,,,,,,,,,,,,,,
water_filling,Water-filling,ok,ok,0.00019257999883848242,False,,none,304.15461399208414,4562319.209881262,1.0000000000004672,3.357142857144192,1358988.7008151547,76393921409.4502,2.0153815427079306e+18,2.0153815427079306e+18,2.014907697161565e+18,4.961839625941836e-19,0.10558739342218819,-13.38853868353162,-9.811225858886564,0.015865288022734347,6.567252802172931e-08,64.0,-4238.080141294537,76375960086.13048,76375960086.16615,4.562319209881262,1.3589887008151547,76393921409.4502,2.01538154270793e+18,2.014907697161565e+18,2.0153815427079306e+18,0.023511456085333702,4238.080141294537,2.1081819725736271e+18,79911562409.77301,26381438.54281344,4.684848827941393e+18,177581250000.0,0.45,0.10323730519435335,False,False,False,False,-0.04424393938735507,False,False,True,-13.256466474732292,-13.5780818422512,-13.38853868353162,-13.38853868353162,0.13207220879932713,True,0.25,4.0,32.0,-1.4973958333333334e-06,1.0416666666666667e-06,7,natural_tdl,0.016274077626365346,,,,,,,,,,,,,,,,,,,,,,,,,,,,,,,,
conventional_s2,Conventional $S_2$,ok,optimal,0.008024341997952433,False,,conventional_s2,304.0451232323608,4560676.848485412,0.9999999994269646,3.3571428555056135,1358499.4874454148,79911562443.09787,2.108181973452785e+18,2.108181973452785e+18,2.1077082083955912e+18,4.74342354024685e-19,0.10323730517282725,-12.483078282181914,-8.69885618483708,0.017632091705555946,5.678775606531637e-07,64.0,-4237.720179174099,79893604216.57304,79893604170.79118,4.560676848485412,1.3584994874454148,79911562443.09787,2.108181973452785e+18,2.1077082083955912e+18,2.108181973452785e+18,0.02247268324839125,4237.720179174099,2.1081819725736271e+18,79911562409.77301,26381438.54281344,4.684848827941393e+18,177581250000.0,0.45,0.10323730519435335,True,False,True,True,-0.00022472641555586683,True,False,True,-13.256466474732292,-12.78721937031992,-12.449756581046682,-12.449756581046682,-0.8067098936856105,False,0.25,4.0,32.0,-1.46484375e-06,1.0416666666666667e-06,7,natural_tdl,,known_amplitude_linear,79911562409.77301,,,,,,,,,,,,,,,,,,,,,,,,,,,,,,
conventional_s2_psl,Conventional $S_2$+PSL,ok,optimal,0.49838564899982885,False,,conventional_s2,304.0237863487047,4560356.79523057,0.999999999708995,3.3571428563114143,1358404.1521072357,79911562402.70377,2.1081819723871304e+18,2.1081819723871304e+18,2.1077089739875566e+18,4.74342354264458e-19,0.10323730519891972,-12.881348285651208,-8.707034552324894,0.01839085047003879,7.293105795359845e-07,64.0,-4234.290001703785,79893633214.13991,79893633190.89046,4.56035679523057,1.3584041521072356,79911562402.70377,2.1081819723871304e+18,2.1077089739875566e+18,2.1081819723871304e+18,0.022436317441713812,4234.290001703785,2.1081819725736271e+18,79911562409.77301,26381438.54281344,4.684848827941393e+18,177581250000.0,0.45,0.10323730519435335,True,False,True,True,-0.0002243632628606062,True,False,True,-13.256466474732292,-13.25646650695681,-12.84878257759745,-12.84878257759745,-0.40768389713484154,False,0.25,4.0,32.0,-1.46484375e-06,1.0416666666666667e-06,7,natural_tdl,,known_amplitude_linear,79911562409.77301,-13.256466474732292,0.2173585239870126,249.0,1.0416666666666667e-06,,,,,,,,,,,,,,,,,,,,,,,,,,
exact_efim,Exact EFIM,ok,optimal,0.009464189999562223,False,,exact_efim,304.04413416427053,4560662.012464058,0.9999999985949802,3.357142853128515,1358495.0691669213,79925847425.8656,2.108558831847757e+18,2.108558831847757e+18,2.1081819739841032e+18,4.742575757887141e-19,0.10322807906467062,-12.479589348531249,-8.694887368559506,0.0175898383658938,5.609672297685029e-07,64.0,-3779.545296454042,79911562575.51505,79911562463.23772,4.560662012464058,1.3584950691669213,79925847425.8656,2.108558831847757e+18,2.1081819739841032e+18,2.108558831847757e+18,0.017872769683340665,3779.545296454042,2.1081819725736271e+18,79911562409.77301,26381438.54281344,4.684848827941393e+18,177581250000.0,0.45,0.10323730519435335,True,True,True,True,6.690485215932847e-10,False,False,True,-13.256466474732292,-12.784171216947815,-12.446042800965415,-12.446042800965415,-0.8104236737668771,False,0.25,4.0,32.0,-1.46484375e-06,1.0416666666666667e-06,7,natural_tdl,,unknown_amplitude_exact,,,,,,2.1081819725736271e+18,79911562409.77301,quad_over_lin,1e-12,,,,,,,,,,,,,,,,,,,,,,
exact_efim_sampled_psl,Exact EFIM+sampled PSL,ok,optimal,0.47917691600014223,False,,exact_efim,304.02253734124395,4560338.060118659,0.9999999996713986,3.357142856203996,1358398.5714790658,79924914635.63861,2.1085342234997105e+18,2.1085342234997105e+18,2.1081819703337848e+18,4.742631107690614e-19,0.10322868144168157,-12.879932782695388,-8.703340432673052,0.018334746608034167,7.211832938490362e-07,64.0,-3654.0813855468473,79911562351.12985,79911562324.8708,4.560338060118659,1.3583985714790658,79924914635.63861,2.1085342234997105e+18,2.1081819703337848e+18,2.1085342234997105e+18,0.016706068225014057,3654.0813855468473,2.1081819725736271e+18,79911562409.77301,26381438.54281344,4.684848827941393e+18,177581250000.0,0.45,0.10323730519435335,True,True,True,True,-1.0624520715664999e-09,False,False,True,-13.256466474732292,-13.256466515063956,-12.847689456759179,-12.847689456759179,-0.4087770179731134,False,0.25,4.0,32.0,-1.46484375e-06,1.0416666666666667e-06,7,natural_tdl,,unknown_amplitude_exact,,-13.256466474732292,0.2173585239870126,249.0,1.0416666666666667e-06,2.1081819725736271e+18,79911562409.77301,quad_over_lin,1e-12,,,,,,,,,,,,,,,,,,,,,,
exact_efim_cutting_plane_psl,Exact EFIM+cutting-plane PSL,ok,optimal,1.0254182440003206,False,,exact_efim,303.9605798106611,4559408.697159916,0.9999999996548554,3.35714285615673,1358121.739978484,79923514194.57762,2.1084972778499267e+18,2.1084972778499267e+18,2.1081819704798692e+18,4.74271420933357e-19,0.10322958583791807,-13.271806856206252,-8.675825494160494,0.019177325133713723,1.1217726807270838e-06,64.0,-3457.1468255690984,79911562357.98924,79911562330.4082,4.559408697159916,1.3581217399784842,79923514194.57762,2.1084972778499272e+18,2.1081819704798692e+18,2.1084972778499267e+18,0.014954127442791707,3457.1468255690984,2.1081819725736271e+18,79911562409.77301,26381438.54281344,4.684848827941393e+18,177581250000.0,0.45,0.10323730519435335,True,True,True,True,-9.93158076123752e-10,False,False,True,-13.256466474732292,-13.739172217269168,-13.256466486506316,-13.256466486506316,1.1774023533916989e-08,True,0.25,4.0,32.0,-1.46484375e-06,1.0416666666666667e-06,7,natural_tdl,,unknown_amplitude_exact,,-13.256466474732292,0.2173585239870126,251.0,1.0416666666666667e-06,2.1081819725736271e+18,79911562409.77301,quad_over_lin,1e-12,-8.675630817183299,1.1774023533916989e-08,249.0,1985.0,2.0,251.0,True,2.0,dense_psl_satisfied,False,1.0254182440003206,2.0,251.0,-12.847689456759179,-13.256466515063956,-1.46484375e-06,1.0,,,,,
exact_efim_cutting_plane_psl_ee,Exact EFIM+cutting-plane PSL+EE,ok,optimal,0.842315554000379,False,,exact_efim,278.1419509369988,4172129.264054982,0.8255576228816918,2.858736065376262,1459431.4300595825,79913017170.01324,2.1082203512414996e+18,2.1082203512414996e+18,2.1081819711051018e+18,4.743337191537473e-19,0.10323636550883192,-13.008495406210939,-0.3835667117401068,0.06249999973940896,8.948290856862537e-05,64.0,-1327.4871453819155,96797074049.37839,79911562354.10791,4.172129264054982,1.4594314300595825,79913017170.01324,2.1082203512414996e+18,2.1081819711051018e+18,2.1082203512414996e+18,0.0018204992839207963,1327.4871453819155,2.1081819725736271e+18,79911562409.77301,26381438.54281344,4.684848827941393e+18,177581250000.0,0.45,0.10323730519435335,True,True,True,True,-6.965837537294056e-10,False,False,True,-13.256466474732292,-13.256466463942303,-13.008495406210939,-13.008495406210939,-0.24797106852135364,True,0.25,4.0,32.0,-3.3203125000000002e-06,1.0416666666666667e-06,7,natural_tdl,,unknown_amplitude_exact,,-13.256466474732292,0.2173585239870126,249.0,1.0416666666666667e-06,2.1081819725736271e+18,79911562409.77301,quad_over_lin,1e-12,-0.3871413935864517,-0.24797106852135364,249.0,1985.0,1.0,249.0,True,1.0,dense_psl_satisfied,False,0.842315554000379,0.0,249.0,-13.008495406210939,-13.256466463942303,,0.0,4.0,True,1459431.430577547,-0.0014807241968810558,0.7946382309964974
uniform,Uniform,ok,ok,1.4451001334236935e-05,False,,none,304.1432489292605,4562148.733938907,1.0,3.357142857142857,1358937.9207477595,76781250000.0,2.0255998281153943e+18,2.0255998281153943e+18,2.0255998281153943e+18,4.936809265680052e-19,0.10532073506634214,-13.256466474732292,-9.684463547443015,0.015625,0.0,64.0,0.0,76781250000.0,76781250000.0,4.5621487339389075,1.3589379207477594,76781250000.0,2.0255998281153943e+18,2.0255998281153943e+18,2.0255998281153943e+18,0.0,0.0,2.3424244139706967e+18,88790624899.74777,26381438.54281344,4.684848827941393e+18,177581250000.0,0.5,0.09793950717362658,False,False,False,False,-0.13525498793715435,False,False,True,-13.256466474732292,-13.456972739469613,-13.256466474732292,-13.256466474732292,0.0,True,0.25,4.0,32.0,-1.4973958333333334e-06,1.0416666666666667e-06,7,natural_tdl,,,,,,,,,,,,,,,,,,,,,,,,,,,,,,,,,
water_filling,Water-filling,ok,ok,0.00020466000205487944,False,,none,304.15461399208414,4562319.209881262,1.0000000000004672,3.357142857144192,1358988.7008151547,76393921409.4502,2.0153815427079306e+18,2.0153815427079306e+18,2.014907697161565e+18,4.961839625941836e-19,0.10558739342218819,-13.38853868353162,-9.811225858886564,0.015865288022734347,6.567252802172931e-08,64.0,-4238.080141294537,76375960086.13048,76375960086.16615,4.562319209881262,1.3589887008151547,76393921409.4502,2.01538154270793e+18,2.014907697161565e+18,2.0153815427079306e+18,0.023511456085333702,4238.080141294537,2.3424244139706967e+18,88790624899.74777,26381438.54281344,4.684848827941393e+18,177581250000.0,0.5,0.09793950717362658,False,False,False,False,-0.13981954544861952,False,False,True,-13.256466474732292,-13.5780818422512,-13.38853868353162,-13.38853868353162,0.13207220879932713,True,0.25,4.0,32.0,-1.4973958333333334e-06,1.0416666666666667e-06,7,natural_tdl,0.016274077626365346,,,,,,,,,,,,,,,,,,,,,,,,,,,,,,,,
conventional_s2,Conventional $S_2$,ok,optimal,0.00803995199748897,False,,conventional_s2,302.85637418531667,4542845.61277975,0.999999999500435,3.3571428557155287,1353188.0554458874,88790624878.31448,2.3424244134052557e+18,2.3424244134052557e+18,2.3419502959275884e+18,4.2690811890329846e-19,0.09793950718544746,-10.55860790467529,-6.234666176694109,0.0230922980889048,7.71903965646244e-06,64.0,-4239.296046313257,88772653291.70288,88772653247.35518,4.542845612779749,1.3531880554458873,88790624878.31448,2.3424244134052557e+18,2.3419502959275884e+18,2.3424244134052557e+18,0.02024046005301356,4239.296046313257,2.3424244139706967e+18,88790624899.74777,26381438.54281344,4.684848827941393e+18,177581250000.0,0.5,0.09793950717362658,True,False,True,True,-0.00020240484187264074,True,False,True,-13.256466474732292,-11.021216560993985,-10.550294107584044,-10.550294107584044,-2.7061723671482483,False,0.25,4.0,32.0,-1.3997395833333333e-06,1.0416666666666667e-06,7,natural_tdl,,known_amplitude_linear,88790624899.74777,,,,,,,,,,,,,,,,,,,,,,,,,,,,,,
conventional_s2_psl,Conventional $S_2$+PSL,ok,optimal,0.48099437999917427,False,,conventional_s2,301.66451581059255,4524967.737158888,0.9999999996161096,3.357142856046028,1347862.7306579081,88790624869.63031,2.3424244131761546e+18,2.3424244131761546e+18,2.341927340446736e+18,4.2690811894505223e-19,0.09793950719023695,-13.023944004190685,-5.415486036275363,0.03378978785263676,1.920544484934199e-05,64.0,-4340.70960251366,88771783143.86282,88771783109.7842,4.524967737158888,1.347862730657908,88790624869.63031,2.3424244131761546e+18,2.341927340446736e+18,2.3424244131761546e+18,0.021220438389504236,4340.70960251366,2.3424244139706967e+18,88790624899.74777,26381438.54281344,4.684848827941393e+18,177581250000.0,0.5,0.09793950717362658,True,False,True,True,-0.00021220472301952805,True,False,True,-13.256466474732292,-13.256466465567982,-13.023944004190685,-13.023944004190685,-0.2325224705416069,True,0.25,4.0,32.0,-1.3671875e-06,1.0416666666666667e-06,7,natural_tdl,,known_amplitude_linear,88790624899.74777,-13.256466474732292,0.2173585239870126,249.0,1.0416666666666667e-06,,,,,,,,,,,,,,,,,,,,,,,,,,
exact_efim,Exact EFIM,ok,optimal,0.009345656999357743,False,,exact_efim,302.8539416978743,4542809.125468114,0.9999999980855532,3.357142851673009,1353177.188514405,88798600375.40126,2.342634818491499e+18,2.342634818491499e+18,2.3424244027547366e+18,4.268697759064016e-19,0.09793510884025494,-10.557044500030734,-6.233034609456829,0.02288835671790732,7.699127631562822e-06,64.0,-2824.163737222587,88790624644.5868,88790624474.60188,4.542809125468114,1.3531771885144048,88798600375.40126,2.3426348184914985e+18,2.3424244027547366e+18,2.342634818491499e+18,0.008982011839893242,2824.163737222587,2.3424244139706967e+18,88790624899.74777,26381438.54281344,4.684848827941393e+18,177581250000.0,0.5,0.09793950717362658,True,True,True,True,-4.788184411460933e-09,False,False,True,-13.256466474732292,-11.019429285955159,-10.548649077549692,-10.548649077549692,-2.7078173971826,False,0.25,4.0,32.0,-1.3997395833333333e-06,1.0416666666666667e-06,7,natural_tdl,,unknown_amplitude_exact,,,,,,2.3424244139706967e+18,88790624899.74777,quad_over_lin,1e-12,,,,,,,,,,,,,,,,,,,,,,
exact_efim_sampled_psl,Exact EFIM+sampled PSL,ok,optimal,0.5126751509997121,False,,exact_efim,301.6604928563157,4524907.392844736,0.9999999994217873,3.357142855490821,1347844.7559787221,88794072057.11757,2.342515354940995e+18,2.342515354940995e+18,2.3424244096818857e+18,4.2689154540256524e-19,0.0979376060547631,-13.023990035279612,-5.414259749406146,0.03332890748342504,1.917954538567409e-05,64.0,-1856.695974317157,88790624788.51839,88790624737.17851,4.524907392844736,1.347844755978722,88794072057.11757,2.342515354940995e+18,2.3424244096818857e+18,2.342515354940995e+18,0.0038823762208238244,1856.695974317157,2.3424244139706967e+18,88790624899.74777,26381438.54281344,4.684848827941393e+18,177581250000.0,0.5,0.09793950717362658,True,True,True,True,-1.830928239315069e-09,False,False,True,-13.256466474732292,-13.256466462084589,-13.023990035279612,-13.023990035279612,-0.2324764394526806,True,0.25,4.0,32.0,-1.3671875e-06,1.0416666666666667e-06,7,natural_tdl,,unknown_amplitude_exact,,-13.256466474732292,0.2173585239870126,249.0,1.0416666666666667e-06,2.3424244139706967e+18,88790624899.74777,quad_over_lin,1e-12,,,,,,,,,,,,,,,,,,,,,,
exact_efim_cutting_plane_psl,Exact EFIM+cutting-plane PSL,ok,optimal,0.48570912099967245,False,,exact_efim,301.6604928563157,4524907.392844736,0.9999999994217873,3.357142855490821,1347844.7559787221,88794072057.11757,2.342515354940995e+18,2.342515354940995e+18,2.3424244096818857e+18,4.2689154540256524e-19,0.0979376060547631,-13.023990035279612,-5.414259749406146,0.03332890748342504,1.917954538567409e-05,64.0,-1856.695974317157,88790624788.51839,88790624737.17851,4.524907392844736,1.347844755978722,88794072057.11757,2.342515354940995e+18,2.3424244096818857e+18,2.342515354940995e+18,0.0038823762208238244,1856.695974317157,2.3424244139706967e+18,88790624899.74777,26381438.54281344,4.684848827941393e+18,177581250000.0,0.5,0.09793950717362658,True,True,True,True,-1.830928239315069e-09,False,False,True,-13.256466474732292,-13.256466462084589,-13.023990035279612,-13.023990035279612,-0.2324764394526806,True,0.25,4.0,32.0,-1.3671875e-06,1.0416666666666667e-06,7,natural_tdl,,unknown_amplitude_exact,,-13.256466474732292,0.2173585239870126,249.0,1.0416666666666667e-06,2.3424244139706967e+18,88790624899.74777,quad_over_lin,1e-12,-5.4171231202063215,-0.2324764394526806,249.0,1985.0,1.0,249.0,True,1.0,dense_psl_satisfied,False,0.48570912099967245,0.0,249.0,-13.023990035279612,-13.256466462084589,,0.0,,,,,
exact_efim_cutting_plane_psl_ee,Exact EFIM+cutting-plane PSL+EE,ok,optimal,0.8664280919983867,False,,exact_efim,288.3705010184822,4325557.515277233,0.9224700786767783,3.135628796219367,1379486.475086772,88791634423.32895,2.342451046655011e+18,2.342451046655011e+18,2.3424244101439693e+18,4.26903265034284e-19,0.09793895040651841,-13.052023322115478,-0.9389106912951216,0.062499999869985425,9.423418257583982e-05,64.0,-1046.1965619483856,96253121707.81541,88790624754.694,4.325557515277233,1.3794864750867721,88791634423.32895,2.342451046655011e+18,2.3424244101439693e+18,2.342451046655011e+18,0.0011371213532753474,1046.1965619483856,2.3424244139706967e+18,88790624899.74777,26381438.54281344,4.684848827941393e+18,177581250000.0,0.5,0.09793950717362658,True,True,True,True,-1.6336610057411534e-09,False,False,True,-13.256466474732292,-13.25646645698372,-13.052023322115478,-13.052023322115478,-0.20444315261681467,True,0.25,4.0,32.0,-3.3203125000000002e-06,1.0416666666666667e-06,7,natural_tdl,,unknown_amplitude_exact,,-13.256466474732292,0.2173585239870126,249.0,1.0416666666666667e-06,2.3424244139706967e+18,88790624899.74777,quad_over_lin,1e-12,-0.9425422450813931,-0.20444315261681467,249.0,1985.0,1.0,249.0,True,1.0,dense_psl_satisfied,False,0.8664280919983867,0.0,249.0,-13.052023322115478,-13.25646645698372,,0.0,4.0,True,1379486.4745162346,0.0017889942973852158,0.7924968539991823
uniform,Uniform,ok,ok,1.4344001101562753e-05,False,,none,304.1432489292605,4562148.733938907,1.0,3.357142857142857,1358937.9207477595,76781250000.0,2.0255998281153943e+18,2.0255998281153943e+18,2.0255998281153943e+18,4.936809265680052e-19,0.10532073506634214,-13.256466474732292,-9.684463547443015,0.015625,0.0,64.0,0.0,76781250000.0,76781250000.0,4.5621487339389075,1.3589379207477594,76781250000.0,2.0255998281153943e+18,2.0255998281153943e+18,2.0255998281153943e+18,0.0,0.0,2.5766668553677665e+18,97669687389.72256,26381438.54281344,4.684848827941393e+18,177581250000.0,0.55,0.09338165609920326,False,False,False,False,-0.21386817085195853,False,False,True,-13.256466474732292,-13.456972739469613,-13.256466474732292,-13.256466474732292,0.0,True,0.25,4.0,32.0,-1.4973958333333334e-06,1.0416666666666667e-06,7,natural_tdl,,,,,,,,,,,,,,,,,,,,,,,,,,,,,,,,,
water_filling,Water-filling,ok,ok,0.00016832999972393736,False,,none,304.15461399208414,4562319.209881262,1.0000000000004672,3.357142857144192,1358988.7008151547,76393921409.4502,2.0153815427079306e+18,2.0153815427079306e+18,2.014907697161565e+18,4.961839625941836e-19,0.10558739342218819,-13.38853868353162,-9.811225858886564,0.015865288022734347,6.567252802172931e-08,64.0,-4238.080141294537,76375960086.13048,76375960086.16615,4.562319209881262,1.3589887008151547,76393921409.4502,2.01538154270793e+18,2.014907697161565e+18,2.0153815427079306e+18,0.023511456085333702,4238.080141294537,2.5766668553677665e+18,97669687389.72256,26381438.54281344,4.684848827941393e+18,177581250000.0,0.55,0.09338165609920326,False,False,False,False,-0.21801776858965416,False,False,True,-13.256466474732292,-13.5780818422512,-13.38853868353162,-13.38853868353162,0.13207220879932713,True,0.25,4.0,32.0,-1.4973958333333334e-06,1.0416666666666667e-06,7,natural_tdl,0.016274077626365346,,,,,,,,,,,,,,,,,,,,,,,,,,,,,,,,
conventional_s2,Conventional $S_2$,ok,optimal,0.007908511001005536,False,,conventional_s2,300.4806815735418,4507210.223603127,0.9999999977444745,3.357142850698499,1342573.2606717467,97669687236.75792,2.5766668513323387e+18,2.5766668513323387e+18,2.576193609066858e+18,3.8809829042622317e-19,0.09338165617232776,-9.079887444879597,-4.126248876983032,0.030220583409062828,2.425018265675865e-05,64.0,-4235.381411151783,97651749001.35646,97651748781.10045,4.507210223603127,1.3425732606717466,97669687236.75792,2.576666851332339e+18,2.576193609066858e+18,2.5766668513323387e+18,0.01836645141904941,4235.381411151783,2.5766668553677665e+18,97669687389.72256,26381438.54281344,4.684848827941393e+18,177581250000.0,0.55,0.09338165609920326,True,False,True,True,-0.00018366608004549264,True,False,True,-13.256466474732292,-9.228182129375528,-9.079887444879597,-9.079887444879597,-4.176579029852695,False,0.25,4.0,32.0,-1.3671875e-06,1.0416666666666667e-06,7,natural_tdl,,known_amplitude_linear,97669687389.72256,,,,,,,,,,,,,,,,,,,,,,,,,,,,,,
conventional_s2_psl,Conventional $S_2$+PSL,infeasible,infeasible,0.4713828759995522,False,max_rate_isac: problem is infeasible (solver CLARABEL),conventional_s2,,,,,,,,,,,,,,,,,,,,,,,,,,,,2.5766668553677665e+18,97669687389.72256,26381438.54281344,4.684848827941393e+18,177581250000.0,0.55,0.09338165609920326,False,False,,,,False,,True,-13.256466474732292,,,,,False,,,,,,7,natural_tdl,,,,,,,,,,,,,,,,,,,,,,,,,,,,,,,,,
exact_efim,Exact EFIM,ok,optimal,0.008931136999308364,False,,exact_efim,300.4777496165344,4507166.244248017,0.9999999988056819,3.35714285373052,1342560.1592257442,97674080368.47516,2.5767827484667484e+18,2.5767827484667484e+18,2.5766668495042324e+18,3.8808083475218293e-19,0.09337955611401667,-9.079050052549398,-4.125142645617192,0.02994798615761061,2.4225041010393377e-05,64.0,-2095.9964259725753,97669687284.1114,97669687167.46272,4.507166244248017,1.3425601592257441,97674080368.47516,2.576782748466748e+18,2.5766668495042324e+18,2.5767827484667484e+18,0.004497816612010882,2095.9964259725753,2.5766668553677665e+18,97669687389.72256,26381438.54281344,4.684848827941393e+18,177581250000.0,0.55,0.09338165609920326,True,True,True,True,-2.27562754873994e-09,False,False,True,-13.256466474732292,-9.22739218604269,-9.079050052549398,-9.079050052549398,-4.177416422182894,False,0.25,4.0,32.0,-1.3671875e-06,1.0416666666666667e-06,7,natural_tdl,,unknown_amplitude_exact,,,,,,2.5766668553677665e+18,97669687389.72256,quad_over_lin,1e-12,,,,,,,,,,,,,,,,,,,,,,
exact_efim_sampled_psl,Exact EFIM+sampled PSL,infeasible,infeasible,0.4813118329984718,False,max_rate_isac: problem is infeasible (solver CLARABEL),exact_efim,,,,,,,,,,,,,,,,,,,,,,,,,,,,2.5766668553677665e+18,97669687389.72256,26381438.54281344,4.684848827941393e+18,177581250000.0,0.55,0.09338165609920326,False,False,,,,False,,True,-13.256466474732292,,,,,False,,,,,,7,natural_tdl,,,,,,,,,,,,,,,,,,,,,,,,,,,,,,,,,
exact_efim_cutting_plane_psl,Exact EFIM+cutting-plane PSL,infeasible,infeasible,0.4808270729990909,False,max_rate_isac: problem is infeasible (solver CLARABEL),exact_efim,,,,,,,,,,,,,,,,,,,,,,,,,,,,2.5766668553677665e+18,97669687389.72256,26381438.54281344,4.684848827941393e+18,177581250000.0,0.55,0.09338165609920326,False,False,,,,False,,True,-13.256466474732292,,,,,False,,,,,,7,natural_tdl,,,,,,,,,,,,,,,,,,,,,,,,,,,,,,,,,
exact_efim_cutting_plane_psl_ee,Exact EFIM+cutting-plane PSL+EE,infeasible,infeasible,0.48411947099884856,False,dinkelbach_ee_isac[iter 1]: problem is infeasible (solver CLARABEL),exact_efim,,,,,,,,,,,,,,,,,,,,,,,,,,,,2.5766668553677665e+18,97669687389.72256,26381438.54281344,4.684848827941393e+18,177581250000.0,0.55,0.09338165609920326,False,False,,,,False,,True,-13.256466474732292,,,,,False,,,,,,7,natural_tdl,,,,,,,,,,,,,,,,,,,,,,,,,,,,,,,,,
uniform,Uniform,ok,ok,1.5199002518784255e-05,False,,none,304.1432489292605,4562148.733938907,1.0,3.357142857142857,1358937.9207477595,76781250000.0,2.0255998281153943e+18,2.0255998281153943e+18,2.0255998281153943e+18,4.936809265680052e-19,0.10532073506634214,-13.256466474732292,-9.684463547443015,0.015625,0.0,64.0,0.0,76781250000.0,76781250000.0,4.5621487339389075,1.3589379207477594,76781250000.0,2.0255998281153943e+18,2.0255998281153943e+18,2.0255998281153943e+18,0.0,0.0,2.810909296764836e+18,106548749879.69733,26381438.54281344,4.684848827941393e+18,177581250000.0,0.6,0.08940612891655719,False,False,False,False,-0.27937915661429524,False,False,True,-13.256466474732292,-13.456972739469613,-13.256466474732292,-13.256466474732292,0.0,True,0.25,4.0,32.0,-1.4973958333333334e-06,1.0416666666666667e-06,7,natural_tdl,,,,,,,,,,,,,,,,,,,,,,,,,,,,,,,,,
water_filling,Water-filling,ok,ok,0.0001990790005947929,False,,none,304.15461399208414,4562319.209881262,1.0000000000004672,3.357142857144192,1358988.7008151547,76393921409.4502,2.0153815427079306e+18,2.0153815427079306e+18,2.014907697161565e+18,4.961839625941836e-19,0.10558739342218819,-13.38853868353162,-9.811225858886564,0.015865288022734347,6.567252802172931e-08,64.0,-4238.080141294537,76375960086.13048,76375960086.16615,4.562319209881262,1.3589887008151547,76393921409.4502,2.01538154270793e+18,2.014907697161565e+18,2.0153815427079306e+18,0.023511456085333702,4238.080141294537,2.810909296764836e+18,106548749879.69733,26381438.54281344,4.684848827941393e+18,177581250000.0,0.6,0.08940612891655719,False,False,False,False,-0.28318295454051623,False,False,True,-13.256466474732292,-13.5780818422512,-13.38853868353162,-13.38853868353162,0.13207220879932713,True,0.25,4.0,32.0,-1.4973958333333334e-06,1.0416666666666667e-06,7,natural_tdl,0.016274077626365346,,,,,,,,,,,,,,,,,,,,,,,,,,,,,,,,
conventional_s2,Conventional $S_2$,ok,optimal,0.008000817000720417,False,,conventional_s2,297.02308440813454,4455346.266122018,0.9999999974805771,3.3571428499445064,1327124.4225415266,106548749669.244,2.810909291212775e+18,2.810909291212775e+18,2.8104351486465234e+18,3.557567663695569e-19,0.08940612900485394,-7.916195693812647,-2.237354441106027,0.039590950617615445,5.253231272310286e-05,64.0,-4239.408213229495,106530777355.68697,106530777087.2909,4.455346266122018,1.3271244225415266,106548749669.244,2.8109092912127744e+18,2.8104351486465234e+18,2.810909291212775e+18,0.016867942616780415,4239.408213229495,2.810909296764836e+18,106548749879.69733,26381438.54281344,4.684848827941393e+18,177581250000.0,0.6,0.08940612891655719,True,False,True,True,-0.00016868140101786993,True,False,True,-13.256466474732292,-7.916195693812647,-7.901966635389,-7.901966635389,-5.354499839343292,False,0.25,4.0,32.0,-1.3346354166666666e-06,1.0416666666666667e-06,7,natural_tdl,,known_amplitude_linear,106548749879.69733,,,,,,,,,,,,,,,,,,,,,,,,,,,,,,
conventional_s2_psl,Conventional $S_2$+PSL,infeasible,infeasible,0.4206911889996263,False,max_rate_isac: problem is infeasible (solver CLARABEL),conventional_s2,,,,,,,,,,,,,,,,,,,,,,,,,,,,2.810909296764836e+18,106548749879.69733,26381438.54281344,4.684848827941393e+18,177581250000.0,0.6,0.08940612891655719,False,False,,,,False,,True,-13.256466474732292,,,,,False,,,,,,7,natural_tdl,,,,,,,,,,,,,,,,,,,,,,,,,,,,,,,,,
exact_efim,Exact EFIM,ok,optimal,0.009487258997978643,False,,exact_efim,297.0201700588316,4455302.550882474,0.9999999979255929,3.35714285121598,1327111.4004781574,106551112606.9458,2.8109716289085353e+18,2.8109716289085353e+18,2.8109092808825574e+18,3.5574887690641236e-19,0.08940513763893057,-7.915819605401965,-2.236005864977469,0.039612021612666096,5.251413473826159e-05,64.0,-1537.3123554145036,106548749498.69807,106548749277.67259,4.4553025508824735,1.3271114004781575,106551112606.9458,2.810971628908535e+18,2.8109092808825574e+18,2.8109716289085353e+18,0.0022180240218954094,1537.3123554145036,2.810909296764836e+18,106548749879.69733,26381438.54281344,4.684848827941393e+18,177581250000.0,0.6,0.08940612891655719,True,True,True,True,-5.650227995004824e-09,False,False,True,-13.256466474732292,-7.915819605401965,-7.901543223840003,-7.901543223840003,-5.3549232508922895,False,0.25,4.0,32.0,-1.3346354166666666e-06,1.0416666666666667e-06,7,natural_tdl,,unknown_amplitude_exact,,,,,,2.810909296764836e+18,106548749879.69733,quad_over_lin,1e-12,,,,,,,,,,,,,,,,,,,,,,
exact_efim_sampled_psl,Exact EFIM+sampled PSL,infeasible,infeasible,0.45846941999843693,False,max_rate_isac: problem is infeasible (solver CLARABEL),exact_efim,,,,,,,,,,,,,,,,,,,,,,,,,,,,2.810909296764836e+18,106548749879.69733,26381438.54281344,4.684848827941393e+18,177581250000.0,0.6,0.08940612891655719,False,False,,,,False,,True,-13.256466474732292,,,,,False,,,,,,7,natural_tdl,,,,,,,,,,,,,,,,,,,,,,,,,,,,,,,,,
exact_efim_cutting_plane_psl,Exact EFIM+cutting-plane PSL,infeasible,infeasible,0.45665079999889713,False,max_rate_isac: problem is infeasible (solver CLARABEL),exact_efim,,,,,,,,,,,,,,,,,,,,,,,,,,,,2.810909296764836e+18,106548749879.69733,26381438.54281344,4.684848827941393e+18,177581250000.0,0.6,0.08940612891655719,False,False,,,,False,,True,-13.256466474732292,,,,,False,,,,,,7,natural_tdl,,,,,,,,,,,,,,,,,,,,,,,,,,,,,,,,,
exact_efim_cutting_plane_psl_ee,Exact EFIM+cutting-plane PSL+EE,infeasible,infeasible,0.4561018009990221,False,dinkelbach_ee_isac[iter 1]: problem is infeasible (solver CLARABEL),exact_efim,,,,,,,,,,,,,,,,,,,,,,,,,,,,2.810909296764836e+18,106548749879.69733,26381438.54281344,4.684848827941393e+18,177581250000.0,0.6,0.08940612891655719,False,False,,,,False,,True,-13.256466474732292,,,,,False,,,,,,7,natural_tdl,,,,,,,,,,,,,,,,,,,,,,,,,,,,,,,,,
uniform,Uniform,ok,ok,1.4614000974688679e-05,False,,none,304.1432489292605,4562148.733938907,1.0,3.357142857142857,1358937.9207477595,76781250000.0,2.0255998281153943e+18,2.0255998281153943e+18,2.0255998281153943e+18,4.936809265680052e-19,0.10532073506634214,-13.256466474732292,-9.684463547443015,0.015625,0.0,64.0,0.0,76781250000.0,76781250000.0,4.5621487339389075,1.3589379207477594,76781250000.0,2.0255998281153943e+18,2.0255998281153943e+18,2.0255998281153943e+18,0.0,0.0,3.279394179558975e+18,124306874859.64688,26381438.54281344,4.684848827941393e+18,177581250000.0,0.7,0.08277399119380457,False,False,False,False,-0.3823249913836816,False,False,True,-13.256466474732292,-13.456972739469613,-13.256466474732292,-13.256466474732292,0.0,True,0.25,4.0,32.0,-1.4973958333333334e-06,1.0416666666666667e-06,7,natural_tdl,,,,,,,,,,,,,,,,,,,,,,,,,,,,,,,,,
water_filling,Water-filling,ok,ok,0.0001980520028155297,False,,none,304.15461399208414,4562319.209881262,1.0000000000004672,3.357142857144192,1358988.7008151547,76393921409.4502,2.0153815427079306e+18,2.0153815427079306e+18,2.014907697161565e+18,4.961839625941836e-19,0.10558739342218819,-13.38853868353162,-9.811225858886564,0.015865288022734347,6.567252802172931e-08,64.0,-4238.080141294537,76375960086.13048,76375960086.16615,4.562319209881262,1.3589887008151547,76393921409.4502,2.01538154270793e+18,2.014907697161565e+18,2.0153815427079306e+18,0.023511456085333702,4238.080141294537,3.279394179558975e+18,124306874859.64688,26381438.54281344,4.684848827941393e+18,177581250000.0,0.7,0.08277399119380457,False,False,False,False,-0.38558538960615674,False,False,True,-13.256466474732292,-13.5780818422512,-13.38853868353162,-13.38853868353162,0.13207220879932713,True,0.25,4.0,32.0,-1.4973958333333334e-06,1.0416666666666667e-06,7,natural_tdl,0.016274077626365346,,,,,,,,,,,,,,,,,,,,,,,,,,,,,,,,
conventional_s2,Conventional $S_2$,ok,optimal,0.0073993509977299254,False,,conventional_s2,287.0567808308195,4305851.712462292,0.9999999975397198,3.3571428501134855,1282594.129801994,124306874588.71683,3.279394172411451e+18,3.279394172411451e+18,3.278992972835461e+18,3.04934371236217e-19,0.08277399128400861,-6.012524083002435,1.0897584566602654,0.06249999475723021,0.00015727083593161548,64.0,-3899.698186875848,124291667248.59785,124291666942.80553,4.305851712462292,1.282594129801994,124306874588.71683,3.2793941724114504e+18,3.278992972835461e+18,3.279394172411451e+18,0.012233954044467433,3899.698186875848,3.279394179558975e+18,124306874859.64688,26381438.54281344,4.684848827941393e+18,177581250000.0,0.7,0.08277399119380457,True,False,True,True,-0.0001223417197037935,True,False,True,-13.256466474732292,-6.068554268955742,-6.002677009795332,-6.002677009795332,-7.25378946493696,False,0.25,4.0,32.0,-1.2695312500000002e-06,1.0416666666666667e-06,7,natural_tdl,,known_amplitude_linear,124306874859.64688,,,,,,,,,,,,,,,,,,,,,,,,,,,,,,
conventional_s2_psl,Conventional $S_2$+PSL,infeasible,infeasible,0.44795514999714214,False,max_rate_isac: problem is infeasible (solver CLARABEL),conventional_s2,,,,,,,,,,,,,,,,,,,,,,,,,,,,3.279394179558975e+18,124306874859.64688,26381438.54281344,4.684848827941393e+18,177581250000.0,0.7,0.08277399119380457,False,False,,,,False,,True,-13.256466474732292,,,,,False,,,,,,7,natural_tdl,,,,,,,,,,,,,,,,,,,,,,,,,,,,,,,,,
exact_efim,Exact EFIM,ok,optimal,0.00915562399677583,False,,exact_efim,287.053983264152,4305809.74896228,0.9999999964901727,3.3571428471147793,1282581.6311816494,124307967576.71304,3.279423007007101e+18,3.279423007007101e+18,3.279394155725337e+18,3.049316900757581e-19,0.08277362738465643,-6.01238972690113,1.0911958948535645,0.06249999353635291,0.00015727690679909778,64.0,-1045.7631158646184,124306874392.51805,124306873956.22238,4.305809748962281,1.2825816311816494,124307967576.71304,3.279423007007101e+18,3.279394155725337e+18,3.279423007007101e+18,0.0008797670109099631,1045.7631158646184,3.279394179558975e+18,124306874859.64688,26381438.54281344,4.684848827941393e+18,177581250000.0,0.7,0.08277399119380457,True,True,True,True,-7.2676953678088295e-09,False,False,True,-13.256466474732292,-6.068250456920083,-6.002452880195835,-6.002452880195835,-7.254013594536457,False,0.25,4.0,32.0,-1.2695312500000002e-06,1.0416666666666667e-06,7,natural_tdl,,unknown_amplitude_exact,,,,,,3.279394179558975e+18,124306874859.64688,quad_over_lin,1e-12,,,,,,,,,,,,,,,,,,,,,,
exact_efim_sampled_psl,Exact EFIM+sampled PSL,infeasible,infeasible,0.455452788999537,False,max_rate_isac: problem is infeasible (solver CLARABEL),exact_efim,,,,,,,,,,,,,,,,,,,,,,,,,,,,3.279394179558975e+18,124306874859.64688,26381438.54281344,4.684848827941393e+18,177581250000.0,0.7,0.08277399119380457,False,False,,,,False,,True,-13.256466474732292,,,,,False,,,,,,7,natural_tdl,,,,,,,,,,,,,,,,,,,,,,,,,,,,,,,,,
exact_efim_cutting_plane_psl,Exact EFIM+cutting-plane PSL,infeasible,infeasible,0.4234243819992116,False,max_rate_isac: problem is infeasible (solver CLARABEL),exact_efim,,,,,,,,,,,,,,,,,,,,,,,,,,,,3.279394179558975e+18,124306874859.64688,26381438.54281344,4.684848827941393e+18,177581250000.0,0.7,0.08277399119380457,False,False,,,,False,,True,-13.256466474732292,,,,,False,,,,,,7,natural_tdl,,,,,,,,,,,,,,,,,,,,,,,,,,,,,,,,,
exact_efim_cutting_plane_psl_ee,Exact EFIM+cutting-plane PSL+EE,infeasible,infeasible,0.4594720259992755,False,dinkelbach_ee_isac[iter 1]: problem is infeasible (solver CLARABEL),exact_efim,,,,,,,,,,,,,,,,,,,,,,,,,,,,3.279394179558975e+18,124306874859.64688,26381438.54281344,4.684848827941393e+18,177581250000.0,0.7,0.08277399119380457,False,False,,,,False,,True,-13.256466474732292,,,,,False,,,,,,7,natural_tdl,,,,,,,,,,,,,,,,,,,,,,,,,,,,,,,,,
uniform,Uniform,ok,ok,1.5199999324977398e-05,False,,none,304.1432489292605,4562148.733938907,1.0,3.357142857142857,1358937.9207477595,76781250000.0,2.0255998281153943e+18,2.0255998281153943e+18,2.0255998281153943e+18,4.936809265680052e-19,0.10532073506634214,-13.256466474732292,-9.684463547443015,0.015625,0.0,64.0,0.0,76781250000.0,76781250000.0,4.5621487339389075,1.3589379207477594,76781250000.0,2.0255998281153943e+18,2.0255998281153943e+18,2.0255998281153943e+18,0.0,0.0,3.747879062353115e+18,142064999839.59647,26381438.54281344,4.684848827941393e+18,177581250000.0,0.8,0.07742797889576501,False,False,False,False,-0.4595343674607215,False,False,True,-13.256466474732292,-13.456972739469613,-13.256466474732292,-13.256466474732292,0.0,True,0.25,4.0,32.0,-1.4973958333333334e-06,1.0416666666666667e-06,7,natural_tdl,,,,,,,,,,,,,,,,,,,,,,,,,,,,,,,,,
water_filling,Water-filling,ok,ok,0.00019757900008698925,False,,none,304.15461399208414,4562319.209881262,1.0000000000004672,3.357142857144192,1358988.7008151547,76393921409.4502,2.0153815427079306e+18,2.0153815427079306e+18,2.014907697161565e+18,4.961839625941836e-19,0.10558739342218819,-13.38853868353162,-9.811225858886564,0.015865288022734347,6.567252802172931e-08,64.0,-4238.080141294537,76375960086.13048,76375960086.16615,4.562319209881262,1.3589887008151547,76393921409.4502,2.01538154270793e+18,2.014907697161565e+18,2.0153815427079306e+18,0.023511456085333702,4238.080141294537,3.747879062353115e+18,142064999839.59647,26381438.54281344,4.684848827941393e+18,177581250000.0,0.8,0.07742797889576501,False,False,False,False,-0.4623872159053873,False,False,True,-13.256466474732292,-13.5780818422512,-13.38853868353162,-13.38853868353162,0.13207220879932713,True,0.25,4.0,32.0,-1.4973958333333334e-06,1.0416666666666667e-06,7,natural_tdl,0.016274077626365346,,,,,,,,,,,,,,,,,,,,,,,,,,,,,,,,
conventional_s2,Conventional $S_2$,ok,optimal,0.00772028999926988,False,,conventional_s2,271.44078557750663,4071611.7836625995,0.9999999971402664,3.35714284897219,1212820.5342555349,142064999454.9523,3.7478790522056494e+18,3.7478790522056494e+18,3.7475952191900856e+18,2.6681757497256854e-19,0.077427979000584,-4.053580377126827,3.2472291174300993,0.06249999929573518,0.0002952857501339248,64.0,-3280.0632596162545,142054241046.23325,142054240639.99597,4.0716117836626,1.212820534255535,142064999454.9523,3.747879052205649e+18,3.7475952191900856e+18,3.7478790522056494e+18,0.007573163690987802,3280.0632596162545,3.747879062353115e+18,142064999839.59647,26381438.54281344,4.684848827941393e+18,177581250000.0,0.8,0.07742797889576501,True,False,True,True,-7.573434422702326e-05,True,False,True,-13.256466474732292,-4.297399116215522,-4.041777788300741,-4.041777788300741,-9.21468868643155,False,0.25,4.0,32.0,-1.2044270833333335e-06,1.0416666666666667e-06,7,natural_tdl,,known_amplitude_linear,142064999839.59647,,,,,,,,,,,,,,,,,,,,,,,,,,,,,,
conventional_s2_psl,Conventional $S_2$+PSL,infeasible,infeasible,0.4523322979985096,False,max_rate_isac: problem is infeasible (solver CLARABEL),conventional_s2,,,,,,,,,,,,,,,,,,,,,,,,,,,,3.747879062353115e+18,142064999839.59647,26381438.54281344,4.684848827941393e+18,177581250000.0,0.8,0.07742797889576501,False,False,,,,False,,True,-13.256466474732292,,,,,False,,,,,,7,natural_tdl,,,,,,,,,,,,,,,,,,,,,,,,,,,,,,,,,
exact_efim,Exact EFIM,ok,optimal,0.009746135001478251,False,,exact_efim,271.4374393939014,4071561.590908521,0.999999997360132,3.3571428496003772,1212805.582995429,142065798688.6149,3.747900137139399e+18,3.747900137139399e+18,3.7478790416621394e+18,2.6681607391045758e-19,0.0774277612031449,-4.053601615029392,3.2482630384351943,0.062499999280627445,0.00029529977541434033,64.0,-894.2221877193829,142064999430.32883,142064999055.296,4.071561590908521,1.212805582995429,142065798688.6149,3.7479001371394e+18,3.7478790416621394e+18,3.747900137139399e+18,0.000562861241972077,894.2221877193829,3.747879062353115e+18,142064999839.59647,26381438.54281344,4.684848827941393e+18,177581250000.0,0.8,0.07742797889576501,True,True,True,True,-5.5207159568828564e-09,False,False,True,-13.256466474732292,-4.2973099750538815,-4.041859375104362,-4.041859375104362,-9.21460709962793,False,0.25,4.0,32.0,-1.2044270833333335e-06,1.0416666666666667e-06,7,natural_tdl,,unknown_amplitude_exact,,,,,,3.747879062353115e+18,142064999839.59647,quad_over_lin,1e-12,,,,,,,,,,,,,,,,,,,,,,
exact_efim_sampled_psl,Exact EFIM+sampled PSL,infeasible,infeasible,0.4488241889994242,False,max_rate_isac: problem is infeasible (solver CLARABEL),exact_efim,,,,,,,,,,,,,,,,,,,,,,,,,,,,3.747879062353115e+18,142064999839.59647,26381438.54281344,4.684848827941393e+18,177581250000.0,0.8,0.07742797889576501,False,False,,,,False,,True,-13.256466474732292,,,,,False,,,,,,7,natural_tdl,,,,,,,,,,,,,,,,,,,,,,,,,,,,,,,,,
exact_efim_cutting_plane_psl,Exact EFIM+cutting-plane PSL,infeasible,infeasible,0.4507389169993985,False,max_rate_isac: problem is infeasible (solver CLARABEL),exact_efim,,,,,,,,,,,,,,,,,,,,,,,,,,,,3.747879062353115e+18,142064999839.59647,26381438.54281344,4.684848827941393e+18,177581250000.0,0.8,0.07742797889576501,False,False,,,,False,,True,-13.256466474732292,,,,,False,,,,,,7,natural_tdl,,,,,,,,,,,,,,,,,,,,,,,,,,,,,,,,,
exact_efim_cutting_plane_psl_ee,Exact EFIM+cutting-plane PSL+EE,infeasible,infeasible,0.4490595290008059,False,dinkelbach_ee_isac[iter 1]: problem is infeasible (solver CLARABEL),exact_efim,,,,,,,,,,,,,,,,,,,,,,,,,,,,3.747879062353115e+18,142064999839.59647,26381438.54281344,4.684848827941393e+18,177581250000.0,0.8,0.07742797889576501,False,False,,,,False,,True,-13.256466474732292,,,,,False,,,,,,7,natural_tdl,,,,,,,,,,,,,,,,,,,,,,,,,,,,,,,,,
uniform,Uniform,ok,ok,1.4345998351927847e-05,False,,none,378.56344844901474,5678451.726735221,1.0,3.357142857142857,1691453.7058360232,76781250000.0,2.0255998281153943e+18,2.0255998281153943e+18,2.0255998281153943e+18,4.936809265680052e-19,0.10532073506634214,-13.256466474732292,-9.684463547443015,0.015625,0.0,64.0,0.0,76781250000.0,76781250000.0,5.678451726735221,1.6914537058360233,76781250000.0,2.0255998281153943e+18,2.0255998281153943e+18,2.0255998281153943e+18,0.0,0.0,7.02727324191209e+17,26637187469.92433,26381438.54281344,4.684848827941393e+18,177581250000.0,0.15,0.17881225783311439,False,True,True,True,1.882483373542819,False,False,True,-13.256466474732292,-13.456972739469613,-13.256466474732292,-13.256466474732292,0.0,True,0.25,4.0,32.0,-1.4973958333333334e-06,1.0416666666666667e-06,8,natural_tdl,,,,,,,,,,,,,,,,,,,,,,,,,,,,,,,,,
water_filling,Water-filling,ok,ok,0.00019528299890225753,False,,none,378.564387098378,5678465.80647567,0.9999999999998429,3.3571428571424087,1691457.8998014894,76828133402.24458,2.0268366797103882e+18,2.0268366797103882e+18,2.0268003201987397e+18,4.933796639909282e-19,0.10528859483525242,-13.252193214251244,-9.669782525779729,0.01572028654356217,5.139096958231963e-09,64.0,-1173.97752869976,76826755179.01877,76826755179.0067,5.67846580647567,1.6914578998014895,76828133402.24458,2.0268366797103877e+18,2.0268003201987397e+18,2.0268366797103882e+18,0.0017939043640017092,1173.97752869976,7.02727324191209e+17,26637187469.92433,26381438.54281344,4.684848827941393e+18,177581250000.0,0.15,0.17881225783311439,False,True,True,True,1.8841917062659377,False,False,True,-13.256466474732292,-13.455336649260278,-13.252193214251244,-13.252193214251244,-0.004273260481047814,True,0.25,4.0,32.0,-1.4973958333333334e-06,1.0416666666666667e-06,8,natural_tdl,0.015898168252804473,,,,,,,,,,,,,,,,,,,,,,,,,,,,,,,,
conventional_s2,Conventional $S_2$,ok,optimal,0.00712514699989697,False,,conventional_s2,378.5643870063903,5678465.805095854,0.999999999013502,3.357142854324292,1691457.9008103563,76828010701.89027,2.026833442698531e+18,2.026833442698531e+18,2.0267971229726254e+18,4.933804519569193e-19,0.10528867891228771,-13.252224392554341,-9.66982219128941,0.015720229784887525,5.133826965366031e-09,64.0,-1173.3350515557074,76826634062.53775,76826633986.74843,5.678465805095854,1.6914579008103563,76828010701.89027,2.0268334426985313e+18,2.0267971229726254e+18,2.026833442698531e+18,0.0017919442782287935,1173.3350515557074,7.02727324191209e+17,26637187469.92433,26381438.54281344,4.684848827941393e+18,177581250000.0,0.15,0.17881225783311439,True,True,True,True,1.8841871565266515,False,False,True,-13.256466474732292,-13.455363569167973,-13.252224392554341,-13.252224392554341,-0.00424208217795119,True,0.25,4.0,32.0,-1.4973958333333334e-06,1.0416666666666667e-06,8,natural_tdl,,known_amplitude_linear,26637187469.92433,,,,,,,,,,,,,,,,,,,,,,,,,,,,,,
conventional_s2_psl,Conventional $S_2$+PSL,ok,optimal,0.4877693230009754,False,,conventional_s2,378.56438705871517,5678465.805880727,0.9999999997132776,3.3571428563236503,1691457.9000367944,76828159517.04703,2.0268373686564436e+18,2.0268373686564436e+18,2.0268010373456323e+18,4.933794962853301e-19,0.10528857694082996,-13.252166226506631,-9.669773264279753,0.015720564990936072,5.137150194531406e-09,64.0,-1173.5221656106708,76826782384.8022,76826782362.77425,5.678465805880728,1.6914579000367944,76828159517.04703,2.0268373686564436e+18,2.0268010373456323e+18,2.0268373686564436e+18,0.001792512382751035,1173.5221656106708,7.02727324191209e+17,26637187469.92433,26381438.54281344,4.684848827941393e+18,177581250000.0,0.15,0.17881225783311439,True,True,True,True,1.8841927267853738,False,False,True,-13.256466474732292,-13.455306701359168,-13.252166226506631,-13.252166226506631,-0.004300248225661107,True,0.25,4.0,32.0,-1.4973958333333334e-06,1.0416666666666667e-06,8,natural_tdl,,known_amplitude_linear,26637187469.92433,-13.256466474732292,0.2173585239870126,249.0,1.0416666666666667e-06,,,,,,,,,,,,,,,,,,,,,,,,,,
exact_efim,Exact EFIM,ok,optimal,0.009696225002699066,False,,exact_efim,378.56438693721566,5678465.804058235,0.99999999918575,3.357142854816429,1691457.9002533206,76828136434.46053,2.0268367597046065e+18,2.0268367597046065e+18,2.0268002813835942e+18,4.93379644518457e-19,0.1052885927575126,-13.252120732055753,-9.6697762071242,0.015721154532848152,5.154163001717178e-09,64.0,-1175.8940258619725,76826753770.25778,76826753707.7016,5.678465804058235,1.6914579002533205,76828136434.46053,2.0268367597046065e+18,2.0268002813835942e+18,2.0268367597046065e+18,0.0017997661053641238,1175.8940258619725,7.02727324191209e+17,26637187469.92433,26381438.54281344,4.684848827941393e+18,177581250000.0,0.15,0.17881225783311439,True,True,True,True,1.8841916510309353,False,False,True,-13.256466474732292,-13.455252893075953,-13.252120732055753,-13.252120732055753,-0.004345742676539643,True,0.25,4.0,32.0,-1.4973958333333334e-06,1.0416666666666667e-06,8,natural_tdl,,unknown_amplitude_exact,,,,,,7.02727324191209e+17,26637187469.92433,quad_over_lin,1e-12,,,,,,,,,,,,,,,,,,,,,,
exact_efim_sampled_psl,Exact EFIM+sampled PSL,ok,optimal,0.46625905700057046,False,,exact_efim,378.5643870862127,5678465.80629319,0.9999999998658152,3.3571428567594723,1691457.8999400719,76828135872.73842,2.0268367448855688e+18,2.0268367448855688e+18,2.0268003846065308e+18,4.933796481257587e-19,0.10528859314241672,-13.252193885591332,-9.66978186097654,0.015720285630388946,5.1391964106809005e-09,64.0,-1173.9899174591371,76826757630.72128,76826757620.41231,5.6784658062931905,1.6914578999400718,76828135872.73842,2.026836744885569e+18,2.0268003846065308e+18,2.0268367448855688e+18,0.0017939421677499157,1173.9899174591371,7.02727324191209e+17,26637187469.92433,26381438.54281344,4.684848827941393e+18,177581250000.0,0.15,0.17881225783311439,True,True,True,True,1.8841917979199674,False,False,True,-13.256466474732292,-13.455337516688697,-13.252193885591332,-13.252193885591332,-0.004272589140960292,True,0.25,4.0,32.0,-1.4973958333333334e-06,1.0416666666666667e-06,8,natural_tdl,,unknown_amplitude_exact,,-13.256466474732292,0.2173585239870126,249.0,1.0416666666666667e-06,7.02727324191209e+17,26637187469.92433,quad_over_lin,1e-12,,,,,,,,,,,,,,,,,,,,,,
exact_efim_cutting_plane_psl,Exact EFIM+cutting-plane PSL,ok,optimal,0.4747570529980294,False,,exact_efim,378.5643870862127,5678465.80629319,0.9999999998658152,3.3571428567594723,1691457.8999400719,76828135872.73842,2.0268367448855688e+18,2.0268367448855688e+18,2.0268003846065308e+18,4.933796481257587e-19,0.10528859314241672,-13.252193885591332,-9.66978186097654,0.015720285630388946,5.1391964106809005e-09,64.0,-1173.9899174591371,76826757630.72128,76826757620.41231,5.6784658062931905,1.6914578999400718,76828135872.73842,2.026836744885569e+18,2.0268003846065308e+18,2.0268367448855688e+18,0.0017939421677499157,1173.9899174591371,7.02727324191209e+17,26637187469.92433,26381438.54281344,4.684848827941393e+18,177581250000.0,0.15,0.17881225783311439,True,True,True,True,1.8841917979199674,False,False,True,-13.256466474732292,-13.455337516688697,-13.252193885591332,-13.252193885591332,-0.004272589140960292,True,0.25,4.0,32.0,-1.4973958333333334e-06,1.0416666666666667e-06,8,natural_tdl,,unknown_amplitude_exact,,-13.256466474732292,0.2173585239870126,249.0,1.0416666666666667e-06,7.02727324191209e+17,26637187469.92433,quad_over_lin,1e-12,-9.669754713717268,-0.004272589140960292,249.0,1985.0,1.0,249.0,True,1.0,dense_psl_satisfied,False,0.4747570529980294,0.0,249.0,-13.252193885591332,-13.455337516688697,,0.0,,,,,
exact_efim_cutting_plane_psl_ee,Exact EFIM+cutting-plane PSL+EE,ok,optimal,0.9058910640014801,False,,exact_efim,261.67284980082843,3925092.7470124266,0.28599953635819575,1.317141532451988,2980008.336465924,26637699659.696938,7.027408364942171e+17,7.027408364942171e+17,7.027273199029396e+17,1.4229997006986644e-18,0.17881053872352337,-13.256466387731313,-2.933769952998156,0.015103797867814522,4.6864281054045585e-06,64.0,-1338.448574707163,93137169544.26901,26637187307.375607,3.925092747012427,2.9800083364659242,26637699659.696938,7.027408364942172e+17,7.027273199029396e+17,7.027408364942171e+17,0.0019234105342263298,1338.448574707163,7.02727324191209e+17,26637187469.92433,26381438.54281344,4.684848827941393e+18,177581250000.0,0.15,0.17881225783311439,True,True,True,True,-6.102323282982491e-09,False,False,True,-13.256466474732292,-13.256466387731313,-13.204994429136656,-13.204994429136656,-0.05147204559563612,True,0.25,4.0,32.0,-1.3346354166666666e-06,1.0416666666666667e-06,8,natural_tdl,,unknown_amplitude_exact,,-13.256466474732292,0.2173585239870126,249.0,1.0416666666666667e-06,7.02727324191209e+17,26637187469.92433,quad_over_lin,1e-12,-2.9372052282396317,-0.05147204559563612,249.0,1985.0,1.0,249.0,True,1.0,dense_psl_satisfied,False,0.9058910640014801,0.0,249.0,-13.204994429136656,-13.256466387731313,,0.0,5.0,True,2980008.335441842,0.001348861027508974,0.8593270500023209
uniform,Uniform,ok,ok,1.4162000297801569e-05,False,,none,378.56344844901474,5678451.726735221,1.0,3.357142857142857,1691453.7058360232,76781250000.0,2.0255998281153943e+18,2.0255998281153943e+18,2.0255998281153943e+18,4.936809265680052e-19,0.10532073506634214,-13.256466474732292,-9.684463547443015,0.015625,0.0,64.0,0.0,76781250000.0,76781250000.0,5.678451726735221,1.6914537058360233,76781250000.0,2.0255998281153943e+18,2.0255998281153943e+18,2.0255998281153943e+18,0.0,0.0,1.1712122069853484e+18,44395312449.873886,26381438.54281344,4.684848827941393e+18,177581250000.0,0.25,0.13850737933707974,False,True,True,True,0.7294900241256913,False,False,True,-13.256466474732292,-13.456972739469613,-13.256466474732292,-13.256466474732292,0.0,True,0.25,4.0,32.0,-1.4973958333333334e-06,1.0416666666666667e-06,8,natural_tdl,,,,,,,,,,,,,,,,,,,,,,,,,,,,,,,,,
water_filling,Water-filling,ok,ok,0.0001965689989447128,False,,none,378.564387098378,5678465.80647567,0.9999999999998429,3.3571428571424087,1691457.8998014894,76828133402.24458,2.0268366797103882e+18,2.0268366797103882e+18,2.0268003201987397e+18,4.933796639909282e-19,0.10528859483525242,-13.252193214251244,-9.669782525779729,0.01572028654356217,5.139096958231963e-09,64.0,-1173.97752869976,76826755179.01877,76826755179.0067,5.67846580647567,1.6914578998014895,76828133402.24458,2.0268366797103877e+18,2.0268003201987397e+18,2.0268366797103882e+18,0.0017939043640017092,1173.97752869976,1.1712122069853484e+18,44395312449.873886,26381438.54281344,4.684848827941393e+18,177581250000.0,0.25,0.13850737933707974,False,True,True,True,0.7305150237595625,False,False,True,-13.256466474732292,-13.455336649260278,-13.252193214251244,-13.252193214251244,-0.004273260481047814,True,0.25,4.0,32.0,-1.4973958333333334e-06,1.0416666666666667e-06,8,natural_tdl,0.015898168252804473,,,,,,,,,,,,,,,,,,,,,,,,,,,,,,,,
conventional_s2,Conventional $S_2$,ok,optimal,0.007883967999077868,False,,conventional_s2,378.5643869677416,5678465.804516124,0.9999999991997692,3.357142854856484,1691457.9003695317,76828566377.47006,2.0268481022196895e+18,2.0268481022196895e+18,2.0268116916290693e+18,4.93376883499487e-19,0.10528829815252447,-13.25197428719097,-9.669631791506477,0.015720528053884273,5.1544196332464e-09,64.0,-1174.8018598112747,76827186279.54083,76827186218.06136,5.678465804516124,1.6914579003695318,76828566377.47006,2.0268481022196895e+18,2.0268116916290693e+18,2.0268481022196895e+18,0.0017964143726550193,1174.8018598112747,1.1712122069853484e+18,44395312449.873886,26381438.54281344,4.684848827941393e+18,177581250000.0,0.25,0.13850737933707974,True,True,True,True,0.7305247328714226,False,False,True,-13.256466474732292,-13.45512200446887,-13.25197428719097,-13.25197428719097,-0.004492187541321968,True,0.25,4.0,32.0,-1.4973958333333334e-06,1.0416666666666667e-06,8,natural_tdl,,known_amplitude_linear,44395312449.873886,,,,,,,,,,,,,,,,,,,,,,,,,,,,,,
conventional_s2_psl,Conventional $S_2$+PSL,ok,optimal,0.4833284040032595,False,,conventional_s2,378.5643870746295,5678465.806119443,0.9999999997381718,3.3571428563947765,1691457.900072065,76828130389.1402,2.0268366002203597e+18,2.0268366002203597e+18,2.0268002410032133e+18,4.933796833406694e-19,0.10528859689989674,-13.25219404190596,-9.669783513089973,0.01572028552130382,5.1390231404004785e-09,64.0,-1173.972774385913,76826752197.18097,76826752177.06555,5.678465806119443,1.6914579000720649,76828130389.1402,2.0268366002203597e+18,2.0268002410032133e+18,2.0268366002203597e+18,0.001793889904218968,1173.972774385913,1.1712122069853484e+18,44395312449.873886,26381438.54281344,4.684848827941393e+18,177581250000.0,0.25,0.13850737933707974,True,True,True,True,0.730514956141136,False,False,True,-13.256466474732292,-13.455337356987043,-13.25219404190596,-13.25219404190596,-0.004272432826331496,True,0.25,4.0,32.0,-1.4973958333333334e-06,1.0416666666666667e-06,8,natural_tdl,,known_amplitude_linear,44395312449.873886,-13.256466474732292,0.2173585239870126,249.0,1.0416666666666667e-06,,,,,,,,,,,,,,,,,,,,,,,,,,
exact_efim,Exact EFIM,ok,optimal,0.008797593996860087,False,,exact_efim,378.56438699119605,5678465.804867941,0.9999999988190679,3.3571428537687655,1691457.9010223628,76828122271.10004,2.0268363860547817e+18,2.0268363860547817e+18,2.026800024278007e+18,4.93379735473612e-19,0.10528860246255407,-13.252194402721653,-9.669785970230343,0.01572026636111259,5.139395060736742e-09,64.0,-1174.0140970649763,76826744052.72873,76826743962.00156,5.678465804867941,1.6914579010223627,76828122271.10004,2.026836386054782e+18,2.026800024278007e+18,2.0268363860547817e+18,0.0017940163806430308,1174.0140970649763,1.1712122069853484e+18,44395312449.873886,26381438.54281344,4.684848827941393e+18,177581250000.0,0.25,0.13850737933707974,True,True,True,True,0.7305147710976359,False,False,True,-13.256466474732292,-13.455337205678337,-13.252194402721653,-13.252194402721653,-0.004272072010639505,True,0.25,4.0,32.0,-1.4973958333333334e-06,1.0416666666666667e-06,8,natural_tdl,,unknown_amplitude_exact,,,,,,1.1712122069853484e+18,44395312449.873886,quad_over_lin,1e-12,,,,,,,,,,,,,,,,,,,,,,
exact_efim_sampled_psl,Exact EFIM+sampled PSL,ok,optimal,0.4803116679977393,False,,exact_efim,378.5643870568358,5678465.805852537,0.9999999997196921,3.357142856341978,1691457.9000191633,76827880419.24564,2.0268300056549486e+18,2.0268300056549486e+18,2.026793552711327e+18,4.933812886181644e-19,0.10528876818509889,-13.252286617234217,-9.669864675723773,0.015720224505239373,5.149024612870768e-09,64.0,-1175.4849289539247,76826498675.9629,76826498654.42783,5.678465805852537,1.6914579000191632,76827880419.24564,2.0268300056549486e+18,2.026793552711327e+18,2.0268300056549486e+18,0.0017985200297966093,1175.4849289539247,1.1712122069853484e+18,44395312449.873886,26381438.54281344,4.684848827941393e+18,177581250000.0,0.25,0.13850737933707974,True,True,True,True,0.7305092455689217,False,False,True,-13.256466474732292,-13.455427524242774,-13.252286617234217,-13.252286617234217,-0.004179857498074924,True,0.25,4.0,32.0,-1.4973958333333334e-06,1.0416666666666667e-06,8,natural_tdl,,unknown_amplitude_exact,,-13.256466474732292,0.2173585239870126,249.0,1.0416666666666667e-06,1.1712122069853484e+18,44395312449.873886,quad_over_lin,1e-12,,,,,,,,,,,,,,,,,,,,,,
exact_efim_cutting_plane_psl,Exact EFIM+cutting-plane PSL,ok,optimal,0.46419779599818867,False,,exact_efim,378.5643870568358,5678465.805852537,0.9999999997196921,3.357142856341978,1691457.9000191633,76827880419.24564,2.0268300056549486e+18,2.0268300056549486e+18,2.026793552711327e+18,4.933812886181644e-19,0.10528876818509889,-13.252286617234217,-9.669864675723773,0.015720224505239373,5.149024612870768e-09,64.0,-1175.4849289539247,76826498675.9629,76826498654.42783,5.678465805852537,1.6914579000191632,76827880419.24564,2.0268300056549486e+18,2.026793552711327e+18,2.0268300056549486e+18,0.0017985200297966093,1175.4849289539247,1.1712122069853484e+18,44395312449.873886,26381438.54281344,4.684848827941393e+18,177581250000.0,0.25,0.13850737933707974,True,True,True,True,0.7305092455689217,False,False,True,-13.256466474732292,-13.455427524242774,-13.252286617234217,-13.252286617234217,-0.004179857498074924,True,0.25,4.0,32.0,-1.4973958333333334e-06,1.0416666666666667e-06,8,natural_tdl,,unknown_amplitude_exact,,-13.256466474732292,0.2173585239870126,249.0,1.0416666666666667e-06,1.1712122069853484e+18,44395312449.873886,quad_over_lin,1e-12,-9.669837674275216,-0.004179857498074924,249.0,1985.0,1.0,249.0,True,1.0,dense_psl_satisfied,False,0.46419779599818867,0.0,249.0,-13.252286617234217,-13.455427524242774,,0.0,,,,,
exact_efim_cutting_plane_psl_ee,Exact EFIM+cutting-plane PSL+EE,ok,optimal,1.8791072540007008,False,,exact_efim,299.47096093301764,4492064.413995264,0.45929421312980595,1.8122691803708741,2478696.0252096653,44395503178.76293,1.1712172386878129e+18,1.1712172386878129e+18,1.1712122029703073e+18,8.538125694942485e-19,0.1385070818138503,-13.038293598402511,-0.2235341707116129,0.03635948110456112,2.9174971701004794e-05,64.0,-644.6677666353185,96659855553.49243,44395312297.68201,4.492064413995264,2.4786960252096653,44395503178.76293,1.1712172386878129e+18,1.1712122029703073e+18,1.1712172386878129e+18,0.00042995589026488594,644.6677666353185,1.1712122069853484e+18,44395312449.873886,26381438.54281344,4.684848827941393e+18,177581250000.0,0.25,0.13850737933707974,True,True,True,True,-3.4281072209233107e-09,False,False,True,-13.256466474732292,-13.256466430516161,-13.038293598402511,-13.038293598402511,-0.21817287632978122,True,0.25,4.0,32.0,-2.2786458333333335e-06,1.0416666666666667e-06,8,natural_tdl,,unknown_amplitude_exact,,-13.256466474732292,0.2173585239870126,251.0,1.0416666666666667e-06,1.1712122069853484e+18,44395312449.873886,quad_over_lin,1e-12,-0.226987599020206,-0.21817287632978122,249.0,1985.0,2.0,251.0,True,2.0,dense_psl_satisfied,False,1.8791072540007008,2.0,251.0,-12.977502580615637,-13.256466434497058,-3.2877604166666667e-06,1.0,5.0,True,2478696.0228094994,0.0043497467413544655,0.8563512320033624
uniform,Uniform,ok,ok,1.3486998795997351e-05,False,,none,378.56344844901474,5678451.726735221,1.0,3.357142857142857,1691453.7058360232,76781250000.0,2.0255998281153943e+18,2.0255998281153943e+18,2.0255998281153943e+18,4.936809265680052e-19,0.10532073506634214,-13.256466474732292,-9.684463547443015,0.015625,0.0,64.0,0.0,76781250000.0,76781250000.0,5.678451726735221,1.6914537058360233,76781250000.0,2.0255998281153943e+18,2.0255998281153943e+18,2.0255998281153943e+18,0.0,0.0,1.6396970897794875e+18,62153437429.82344,26381438.54281344,4.684848827941393e+18,177581250000.0,0.35,0.11706010095802957,False,True,True,True,0.23535001723263682,False,False,True,-13.256466474732292,-13.456972739469613,-13.256466474732292,-13.256466474732292,0.0,True,0.25,4.0,32.0,-1.4973958333333334e-06,1.0416666666666667e-06,8,natural_tdl,,,,,,,,,,,,,,,,,,,,,,,,,,,,,,,,,
water_filling,Water-filling,ok,ok,0.00019853800040436909,False,,none,378.564387098378,5678465.80647567,0.9999999999998429,3.3571428571424087,1691457.8998014894,76828133402.24458,2.0268366797103882e+18,2.0268366797103882e+18,2.0268003201987397e+18,4.933796639909282e-19,0.10528859483525242,-13.252193214251244,-9.669782525779729,0.01572028654356217,5.139096958231963e-09,64.0,-1173.97752869976,76826755179.01877,76826755179.0067,5.67846580647567,1.6914578998014895,76828133402.24458,2.0268366797103877e+18,2.0268003201987397e+18,2.0268366797103882e+18,0.0017939043640017092,1173.97752869976,1.6396970897794875e+18,62153437429.82344,26381438.54281344,4.684848827941393e+18,177581250000.0,0.35,0.11706010095802957,False,True,True,True,0.23608215982825906,False,False,True,-13.256466474732292,-13.455336649260278,-13.252193214251244,-13.252193214251244,-0.004273260481047814,True,0.25,4.0,32.0,-1.4973958333333334e-06,1.0416666666666667e-06,8,natural_tdl,0.015898168252804473,,,,,,,,,,,,,,,,,,,,,,,,,,,,,,,,
conventional_s2,Conventional $S_2$,ok,optimal,0.007715959000051953,False,,conventional_s2,378.5643869233687,5678465.803850531,0.9999999990197836,3.3571428543422392,1691457.9004303662,76828144878.84956,2.0268369824797363e+18,2.0268369824797363e+18,2.0268004183085555e+18,4.93379590289767e-19,0.10528858697123555,-13.25226152617417,-9.669789116621457,0.015722330936433767,5.1601830880422324e-09,64.0,-1177.2769209459784,76826758973.20917,76826758897.90233,5.67846580385053,1.6914579004303663,76828144878.84956,2.0268369824797368e+18,2.0268004183085555e+18,2.0268369824797363e+18,0.001804001579646801,1177.2769209459784,1.6396970897794875e+18,62153437429.82344,26381438.54281344,4.684848827941393e+18,177581250000.0,0.35,0.11706010095802957,True,True,True,True,0.23608221966236892,False,False,True,-13.256466474732292,-13.455405872758114,-13.25226152617417,-13.25226152617417,-0.004204948558122368,True,0.25,4.0,32.0,-1.4973958333333334e-06,1.0416666666666667e-06,8,natural_tdl,,known_amplitude_linear,62153437429.82344,,,,,,,,,,,,,,,,,,,,,,,,,,,,,,
conventional_s2_psl,Conventional $S_2$+PSL,ok,optimal,0.48095498499969835,False,,conventional_s2,378.5643870819307,5678465.806228961,0.9999999998190847,3.3571428566259565,1691457.89998821,76828125286.3205,2.0268364656006354e+18,2.0268364656006354e+18,2.0268001069366636e+18,4.933797161102776e-19,0.10528860039645946,-13.25219853316119,-9.66978551725788,0.015720304108112194,5.1388780538596054e-09,64.0,-1173.9638438128486,76826747109.11331,76826747095.21417,5.678465806228961,1.6914578999882102,76828125286.3205,2.0268364656006354e+18,2.0268001069366636e+18,2.0268364656006354e+18,0.0017938627308575399,1173.9638438128486,1.6396970897794875e+18,62153437429.82344,26381438.54281344,4.684848827941393e+18,177581250000.0,0.35,0.11706010095802957,True,True,True,True,0.23608202976638515,False,False,True,-13.256466474732292,-13.455341911213086,-13.25219853316119,-13.25219853316119,-0.0042679415711024404,True,0.25,4.0,32.0,-1.4973958333333334e-06,1.0416666666666667e-06,8,natural_tdl,,known_amplitude_linear,62153437429.82344,-13.256466474732292,0.2173585239870126,249.0,1.0416666666666667e-06,,,,,,,,,,,,,,,,,,,,,,,,,,
exact_efim,Exact EFIM,ok,optimal,0.009265559998311801,False,,exact_efim,378.5643869485513,5678465.8042282695,0.9999999992997463,3.3571428551421323,1691457.9001398673,76829362044.80556,2.0268690930686016e+18,2.0268690930686016e+18,2.0268327954074086e+18,4.933717739442357e-19,0.1052877529529138,-13.251732951264785,-9.66936781734667,0.015721176228300233,5.13607170057411e-09,64.0,-1172.9785889785687,76827986219.8354,76827986166.03632,5.67846580422827,1.6914579001398673,76829362044.80556,2.0268690930686013e+18,2.0268327954074086e+18,2.0268690930686016e+18,0.0017908241492797516,1172.9785889785687,1.6396970897794875e+18,62153437429.82344,26381438.54281344,4.684848827941393e+18,177581250000.0,0.35,0.11706010095802957,True,True,True,True,0.23610196544288836,False,False,True,-13.256466474732292,-13.454911049389057,-13.251732951264785,-13.251732951264785,-0.004733523467507439,True,0.25,4.0,32.0,-1.4973958333333334e-06,1.0416666666666667e-06,8,natural_tdl,,unknown_amplitude_exact,,,,,,1.6396970897794875e+18,62153437429.82344,quad_over_lin,1e-12,,,,,,,,,,,,,,,,,,,,,,
exact_efim_sampled_psl,Exact EFIM+sampled PSL,ok,optimal,0.4938100969993684,False,,exact_efim,378.5643870857426,5678465.806286139,0.9999999998610648,3.3571428567458996,1691457.89994481,76828119448.83994,2.026836311599501e+18,2.026836311599501e+18,2.0267999512803415e+18,4.933797535977824e-19,0.10528860439642815,-13.252197240588616,-9.669787090443911,0.015720286991119603,5.139161568585607e-09,64.0,-1173.9905651807492,76826741205.66693,76826741194.993,5.678465806286139,1.69145789994481,76828119448.83994,2.0268363115995005e+18,2.0267999512803415e+18,2.026836311599501e+18,0.0017939445307676492,1173.9905651807492,1.6396970897794875e+18,62153437429.82344,26381438.54281344,4.684848827941393e+18,177581250000.0,0.35,0.11706010095802957,True,True,True,True,0.23608193483645998,False,False,True,-13.256466474732292,-13.455340198535524,-13.252197240588616,-13.252197240588616,-0.00426923414367586,True,0.25,4.0,32.0,-1.4973958333333334e-06,1.0416666666666667e-06,8,natural_tdl,,unknown_amplitude_exact,,-13.256466474732292,0.2173585239870126,249.0,1.0416666666666667e-06,1.6396970897794875e+18,62153437429.82344,quad_over_lin,1e-12,,,,,,,,,,,,,,,,,,,,,,
exact_efim_cutting_plane_psl,Exact EFIM+cutting-plane PSL,ok,optimal,0.5039766459995008,False,,exact_efim,378.5643870857426,5678465.806286139,0.9999999998610648,3.3571428567458996,1691457.89994481,76828119448.83994,2.026836311599501e+18,2.026836311599501e+18,2.0267999512803415e+18,4.933797535977824e-19,0.10528860439642815,-13.252197240588616,-9.669787090443911,0.015720286991119603,5.139161568585607e-09,64.0,-1173.9905651807492,76826741205.66693,76826741194.993,5.678465806286139,1.69145789994481,76828119448.83994,2.0268363115995005e+18,2.0267999512803415e+18,2.026836311599501e+18,0.0017939445307676492,1173.9905651807492,1.6396970897794875e+18,62153437429.82344,26381438.54281344,4.684848827941393e+18,177581250000.0,0.35,0.11706010095802957,True,True,True,True,0.23608193483645998,False,False,True,-13.256466474732292,-13.455340198535524,-13.252197240588616,-13.252197240588616,-0.00426923414367586,True,0.25,4.0,32.0,-1.4973958333333334e-06,1.0416666666666667e-06,8,natural_tdl,,unknown_amplitude_exact,,-13.256466474732292,0.2173585239870126,249.0,1.0416666666666667e-06,1.6396970897794875e+18,62153437429.82344,quad_over_lin,1e-12,-9.669759950531972,-0.00426923414367586,249.0,1985.0,1.0,249.0,True,1.0,dense_psl_satisfied,False,0.5039766459995008,0.0,249.0,-13.252197240588616,-13.455340198535524,,0.0,,,,,
exact_efim_cutting_plane_psl_ee,Exact EFIM+cutting-plane PSL+EE,ok,optimal,3.82067784299943,False,,exact_efim,328.04746460442334,4920711.96906635,0.6401519405144094,2.329005544326884,2112795.300574738,62153526293.75744,1.639699434137901e+18,1.639699434137901e+18,1.639697085787682e+18,6.098678691840657e-19,0.11706001727472612,-13.25520329120549,0.42143930538492075,0.05529059393809819,6.853723771417991e-05,64.0,-372.8985227878485,97091695494.30315,62153437278.5123,4.92071196906635,2.112795300574738,62153526293.75744,1.639699434137901e+18,1.639697085787682e+18,1.639699434137901e+18,0.0001432183344164343,372.8985227878485,1.6396970897794875e+18,62153437429.82344,26381438.54281344,4.684848827941393e+18,177581250000.0,0.35,0.11706010095802957,True,True,True,True,-2.434477358581415e-09,False,False,True,-13.256466474732292,-13.256466444752505,-13.25520329120549,-13.25520329120549,-0.001263183526802436,True,0.25,4.0,32.0,-2.2786458333333335e-06,1.0416666666666667e-06,8,natural_tdl,,unknown_amplitude_exact,,-13.256466474732292,0.2173585239870126,255.0,1.0416666666666667e-06,1.6396970897794875e+18,62153437429.82344,quad_over_lin,1e-12,0.4181125085494564,-0.001263183526802436,249.0,1985.0,4.0,255.0,True,4.0,dense_psl_satisfied,False,3.82067784299943,6.0,255.0,-12.783304742536089,-13.25646644455216,-2.24609375e-06,3.0,5.0,True,2112795.300185951,0.0009054867550730705,0.9078242679934192
uniform,Uniform,ok,ok,1.468299888074398e-05,False,,none,378.56344844901474,5678451.726735221,1.0,3.357142857142857,1691453.7058360232,76781250000.0,2.0255998281153943e+18,2.0255998281153943e+18,2.0255998281153943e+18,4.936809265680052e-19,0.10532073506634214,-13.256466474732292,-9.684463547443015,0.015625,0.0,64.0,0.0,76781250000.0,76781250000.0,5.678451726735221,1.6914537058360233,76781250000.0,2.0255998281153943e+18,2.0255998281153943e+18,2.0255998281153943e+18,0.0,0.0,2.1081819725736271e+18,79911562409.77301,26381438.54281344,4.684848827941393e+18,177581250000.0,0.45,0.10323730519435335,False,False,False,False,-0.039172208819060424,False,False,True,-13.256466474732292,-13.456972739469613,-13.256466474732292,-13.256466474732292,0.0,True,0.25,4.0,32.0,-1.4973958333333334e-06,1.0416666666666667e-06,8,natural_tdl,,,,,,,,,,,,,,,,,,,,,,,,,,,,,,,,,
water_filling,Water-filling,ok,ok,0.00019760299983317964,False,,none,378.564387098378,5678465.80647567,0.9999999999998429,3.3571428571424087,1691457.8998014894,76828133402.24458,2.0268366797103882e+18,2.0268366797103882e+18,2.0268003201987397e+18,4.933796639909282e-19,0.10528859483525242,-13.252193214251244,-9.669782525779729,0.01572028654356217,5.139096958231963e-09,64.0,-1173.97752869976,76826755179.01877,76826755179.0067,5.67846580647567,1.6914578998014895,76828133402.24458,2.0268366797103877e+18,2.0268003201987397e+18,2.0268366797103882e+18,0.0017939043640017092,1173.97752869976,2.1081819725736271e+18,79911562409.77301,26381438.54281344,4.684848827941393e+18,177581250000.0,0.45,0.10323730519435335,False,False,False,False,-0.03860276457802089,False,False,True,-13.256466474732292,-13.455336649260278,-13.252193214251244,-13.252193214251244,-0.004273260481047814,True,0.25,4.0,32.0,-1.4973958333333334e-06,1.0416666666666667e-06,8,natural_tdl,0.015898168252804473,,,,,,,,,,,,,,,,,,,,,,,,,,,,,,,,
conventional_s2,Conventional $S_2$,ok,optimal,0.007520757000747835,False,,conventional_s2,378.476054035537,5677140.810533055,0.9999999996881971,3.357142856251992,1691063.2206075299,79911562453.07404,2.1081819737159706e+18,2.1081819737159706e+18,2.1081456210981806e+18,4.7434235396546805e-19,0.10323730516638317,-12.46207842940574,-8.6989376765754,0.017287694892155096,5.136737551111871e-07,64.0,-1173.8662289990868,79910184516.06711,79910184491.15088,5.677140810533055,1.6910632206075298,79911562453.07404,2.1081819737159706e+18,2.1081456210981806e+18,2.1081819737159706e+18,0.0017243586295292784,1173.8662289990868,2.1081819725736271e+18,79911562409.77301,26381438.54281344,4.684848827941393e+18,177581250000.0,0.45,0.10323730519435335,True,False,True,True,-1.7243044442767355e-05,True,False,True,-13.256466474732292,-12.763984162772758,-12.429689551980484,-12.429689551980484,-0.826776922751808,False,0.25,4.0,32.0,-1.46484375e-06,1.0416666666666667e-06,8,natural_tdl,,known_amplitude_linear,79911562409.77301,,,,,,,,,,,,,,,,,,,,,,,,,,,,,,
conventional_s2_psl,Conventional $S_2$+PSL,ok,optimal,0.4902413330019044,False,,conventional_s2,378.4513407574309,5676770.111361464,0.9999999996699172,3.3571428561997636,1690952.7996039717,79911562420.9472,2.1081819728684186e+18,2.1081819728684186e+18,2.1081452781076672e+18,4.743423541561679e-19,0.10323730518713542,-12.881022909654751,-8.708546226810606,0.01808157068136643,6.761317650973939e-07,64.0,-1179.377379232554,79910171516.322,79910171489.94502,5.6767701113614635,1.6909527996039717,79911562420.9472,2.1081819728684186e+18,2.1081452781076672e+18,2.1081819728684186e+18,0.0017405879199997453,1179.377379232554,2.1081819725736271e+18,79911562409.77301,26381438.54281344,4.684848827941393e+18,177581250000.0,0.45,0.10323730519435335,True,False,True,True,-1.7405739370373286e-05,True,False,True,-13.256466474732292,-13.256466545197874,-12.848432279601516,-12.848432279601516,-0.4080341951307762,False,0.25,4.0,32.0,-1.46484375e-06,1.0416666666666667e-06,8,natural_tdl,,known_amplitude_linear,79911562409.77301,-13.256466474732292,0.2173585239870126,249.0,1.0416666666666667e-06,,,,,,,,,,,,,,,,,,,,,,,,,,
exact_efim,Exact EFIM,ok,optimal,0.010623360998579301,False,,exact_efim,378.475983132231,5677139.746983466,0.9999999993512221,3.357142855289206,1691062.9042904996,79912687399.50822,2.108211651421188e+18,2.108211651421188e+18,2.1081819741621448e+18,4.7433567655594725e-19,0.10323657851801968,-12.461902593132539,-8.698619614546367,0.01727590098761826,5.132691103047382e-07,64.0,-1060.6269478396994,79911562521.83133,79911562469.98647,5.677139746983466,1.6910629042904997,79912687399.50822,2.108211651421188e+18,2.1081819741621448e+18,2.108211651421188e+18,0.0014076982746643089,1060.6269478396994,2.1081819725736271e+18,79911562409.77301,26381438.54281344,4.684848827941393e+18,177581250000.0,0.45,0.10323730519435335,True,True,True,True,7.535011932868247e-10,False,False,True,-13.256466474732292,-12.76384872577086,-12.429494026145688,-12.429494026145688,-0.8269724485866039,False,0.25,4.0,32.0,-1.46484375e-06,1.0416666666666667e-06,8,natural_tdl,,unknown_amplitude_exact,,,,,,2.1081819725736271e+18,79911562409.77301,quad_over_lin,1e-12,,,,,,,,,,,,,,,,,,,,,,
exact_efim_sampled_psl,Exact EFIM+sampled PSL,ok,optimal,0.48862676200224087,False,,exact_efim,378.45124620819354,5676768.693122903,0.9999999997381073,3.357142856394592,1690952.3770517993,79912623645.91125,2.1082099695095877e+18,2.1082099695095877e+18,2.1081819694345823e+18,4.743360549768296e-19,0.10323661969863424,-12.88091907464109,-8.708237182030707,0.01806531013461647,6.756207186257313e-07,64.0,-1030.2209109680837,79911562311.71439,79911562290.78613,5.676768693122903,1.6909523770517993,79912623645.91125,2.1082099695095877e+18,2.1081819694345823e+18,2.1082099695095877e+18,0.001328144511713574,1030.2209109680837,2.1081819725736271e+18,79911562409.77301,26381438.54281344,4.684848827941393e+18,177581250000.0,0.45,0.10323730519435335,True,True,True,True,-1.488981930799795e-09,False,False,True,-13.256466474732292,-13.256466529249062,-12.848351957268658,-12.848351957268658,-0.40811451746363403,False,0.25,4.0,32.0,-1.46484375e-06,1.0416666666666667e-06,8,natural_tdl,,unknown_amplitude_exact,,-13.256466474732292,0.2173585239870126,249.0,1.0416666666666667e-06,2.1081819725736271e+18,79911562409.77301,quad_over_lin,1e-12,,,,,,,,,,,,,,,,,,,,,,
exact_efim_cutting_plane_psl,Exact EFIM+cutting-plane PSL,ok,optimal,0.9745160230013425,False,,exact_efim,378.38438832861976,5675765.824929296,0.9999999997019731,3.3571428562913517,1690653.6504077564,79912505225.98448,2.108206845421567e+18,2.108206845421567e+18,2.108181971749801e+18,4.743367578810965e-19,0.10323669619021952,-13.272093407390638,-8.680617843770811,0.018922163112216773,1.0775244080648627e-06,64.0,-971.0033157669153,79911562402.36133,79911562378.54553,5.675765824929296,1.6906536504077565,79912505225.98448,2.1082068454215675e+18,2.108181971749801e+18,2.108206845421567e+18,0.0011798496822090596,971.0033157669153,2.1081819725736271e+18,79911562409.77301,26381438.54281344,4.684848827941393e+18,177581250000.0,0.45,0.10323730519435335,True,True,True,True,-3.9077564779395643e-10,False,False,True,-13.256466474732292,-13.738620196199927,-13.256466499012946,-13.256466499012946,2.4280653931896268e-08,True,0.25,4.0,32.0,-1.46484375e-06,1.0416666666666667e-06,8,natural_tdl,,unknown_amplitude_exact,,-13.256466474732292,0.2173585239870126,251.0,1.0416666666666667e-06,2.1081819725736271e+18,79911562409.77301,quad_over_lin,1e-12,-8.680354615667639,2.4280653931896268e-08,249.0,1985.0,2.0,251.0,True,2.0,dense_psl_satisfied,False,0.9745160230013425,2.0,251.0,-12.848351957268658,-13.256466529249062,-1.46484375e-06,1.0,,,,,
exact_efim_cutting_plane_psl_ee,Exact EFIM+cutting-plane PSL+EE,ok,optimal,1.6811813399981475,False,,exact_efim,351.17865073387935,5267679.76100819,0.8244433166549617,2.8555523332998907,1844714.8383797375,79911633675.6813,2.108183852670807e+18,2.108183852670807e+18,2.1081819703045916e+18,4.7434193119975e-19,0.1032372591603679,-13.01836786225903,-0.27823842973744534,0.06249999990138461,9.206292408086021e-05,64.0,-294.1862851709212,96927903604.08496,79911562323.76422,5.26767976100819,1.8447148383797374,79911633675.6813,2.108183852670807e+18,2.1081819703045916e+18,2.108183852670807e+18,8.928852258493849e-05,294.1862851709212,2.1081819725736271e+18,79911562409.77301,26381438.54281344,4.684848827941393e+18,177581250000.0,0.45,0.10323730519435335,True,True,True,True,-1.0762996503712657e-09,False,False,True,-13.256466474732292,-13.25646646278128,-13.01836786225903,-13.01836786225903,-0.23809861247326225,True,0.25,4.0,32.0,-2.2786458333333335e-06,1.0416666666666667e-06,8,natural_tdl,,unknown_amplitude_exact,,-13.256466474732292,0.2173585239870126,251.0,1.0416666666666667e-06,2.1081819725736271e+18,79911562409.77301,quad_over_lin,1e-12,-0.28180617010565795,-0.23809861247326225,249.0,1985.0,2.0,251.0,True,2.0,dense_psl_satisfied,False,1.6811813399981475,2.0,251.0,-12.955158718487967,-13.256466456624086,-3.2877604166666667e-06,1.0,4.0,True,1844714.838435815,-0.00016013253480196,0.8023242590061272
uniform,Uniform,ok,ok,1.64379998750519e-05,False,,none,378.56344844901474,5678451.726735221,1.0,3.357142857142857,1691453.7058360232,76781250000.0,2.0255998281153943e+18,2.0255998281153943e+18,2.0255998281153943e+18,4.936809265680052e-19,0.10532073506634214,-13.256466474732292,-9.684463547443015,0.015625,0.0,64.0,0.0,76781250000.0,76781250000.0,5.678451726735221,1.6914537058360233,76781250000.0,2.0255998281153943e+18,2.0255998281153943e+18,2.0255998281153943e+18,0.0,0.0,2.3424244139706967e+18,88790624899.74777,26381438.54281344,4.684848827941393e+18,177581250000.0,0.5,0.09793950717362658,False,False,False,False,-0.13525498793715435,False,False,True,-13.256466474732292,-13.456972739469613,-13.256466474732292,-13.256466474732292,0.0,True,0.25,4.0,32.0,-1.4973958333333334e-06,1.0416666666666667e-06,8,natural_tdl,,,,,,,,,,,,,,,,,,,,,,,,,,,,,,,,,
water_filling,Water-filling,ok,ok,0.00020343899814179167,False,,none,378.564387098378,5678465.80647567,0.9999999999998429,3.3571428571424087,1691457.8998014894,76828133402.24458,2.0268366797103882e+18,2.0268366797103882e+18,2.0268003201987397e+18,4.933796639909282e-19,0.10528859483525242,-13.252193214251244,-9.669782525779729,0.01572028654356217,5.139096958231963e-09,64.0,-1173.97752869976,76826755179.01877,76826755179.0067,5.67846580647567,1.6914578998014895,76828133402.24458,2.0268366797103877e+18,2.0268003201987397e+18,2.0268366797103882e+18,0.0017939043640017092,1173.97752869976,2.3424244139706967e+18,88790624899.74777,26381438.54281344,4.684848827941393e+18,177581250000.0,0.5,0.09793950717362658,False,False,False,False,-0.13474248812021877,False,False,True,-13.256466474732292,-13.455336649260278,-13.252193214251244,-13.252193214251244,-0.004273260481047814,True,0.25,4.0,32.0,-1.4973958333333334e-06,1.0416666666666667e-06,8,natural_tdl,0.015898168252804473,,,,,,,,,,,,,,,,,,,,,,,,,,,,,,,,
conventional_s2,Conventional $S_2$,ok,optimal,0.008203098001104081,False,,conventional_s2,377.2967245750502,5659450.868625753,0.9999999991465732,3.3571428547044952,1685793.8769852892,88790624911.80902,2.34242441428889e+18,2.34242441428889e+18,2.3423880112413286e+18,4.269081187422556e-19,0.09793950716697457,-10.533449327989302,-6.236410608087364,0.022704017248997153,7.639439775059418e-06,64.0,-1174.6801636629082,88789245114.0984,88789245038.32329,5.659450868625752,1.6857938769852892,88790624911.80902,2.34242441428889e+18,2.3423880112413286e+18,2.34242441428889e+18,0.0015540756550843579,1174.6801636629082,2.3424244139706967e+18,88790624899.74777,26381438.54281344,4.684848827941393e+18,177581250000.0,0.5,0.09793950717362658,True,False,True,True,-1.5540620713714687e-05,True,False,True,-13.256466474732292,-11.00031521924642,-10.52638291353607,-10.52638291353607,-2.7300835611962224,False,0.25,4.0,32.0,-1.3997395833333333e-06,1.0416666666666667e-06,8,natural_tdl,,known_amplitude_linear,88790624899.74777,,,,,,,,,,,,,,,,,,,,,,,,,,,,,,
conventional_s2_psl,Conventional $S_2$+PSL,ok,optimal,0.47840903799806256,False,,conventional_s2,376.020729576755,5640310.943651325,0.9999999996196736,3.3571428560562104,1680092.6220569764,88790624874.24663,2.3424244132979395e+18,2.3424244132979395e+18,2.342385091033949e+18,4.269081189228569e-19,0.09793950718769097,-13.023491164234219,-5.414434093560898,0.03344790028218209,1.917492099889552e-05,64.0,-1220.871682675559,88789134380.3505,88789134346.58163,5.6403109436513255,1.6800926220569765,88790624874.24663,2.3424244132979395e+18,2.342385091033949e+18,2.3424244132979395e+18,0.0016786993751875012,1220.871682675559,2.3424244139706967e+18,88790624899.74777,26381438.54281344,4.684848827941393e+18,177581250000.0,0.5,0.09793950717362658,True,False,True,True,-1.6787280952584846e-05,True,False,True,-13.256466474732292,-13.256466476617057,-13.023491164234219,-13.023491164234219,-0.23297531049807318,True,0.25,4.0,32.0,-1.3671875e-06,1.0416666666666667e-06,8,natural_tdl,,known_amplitude_linear,88790624899.74777,-13.256466474732292,0.2173585239870126,249.0,1.0416666666666667e-06,,,,,,,,,,,,,,,,,,,,,,,,,,
exact_efim,Exact EFIM,ok,optimal,0.01008755400107475,False,,exact_efim,377.2965333162434,5659447.999743652,0.9999999991550262,3.3571428547286466,1685793.0224125353,88791249872.03009,2.3424409016385536e+18,2.3424409016385536e+18,2.3424244062961367e+18,4.2690511393499535e-19,0.09793916249109803,-10.533567865905768,-6.236236275444298,0.0226504050941015,7.638469648135246e-06,64.0,-790.7358537538474,88790624683.86595,88790624608.84021,5.6594479997436515,1.6857930224125353,88791249872.03009,2.3424409016385536e+18,2.3424244062961367e+18,2.3424409016385536e+18,0.0007041946033881748,790.7358537538474,2.3424244139706967e+18,88790624899.74777,26381438.54281344,4.684848827941393e+18,177581250000.0,0.5,0.09793950717362658,True,True,True,True,-3.27633197221962e-09,False,False,True,-13.256466474732292,-11.00040197049486,-10.526488932804892,-10.526488932804892,-2.7299775419274006,False,0.25,4.0,32.0,-1.3997395833333333e-06,1.0416666666666667e-06,8,natural_tdl,,unknown_amplitude_exact,,,,,,2.3424244139706967e+18,88790624899.74777,quad_over_lin,1e-12,,,,,,,,,,,,,,,,,,,,,,
exact_efim_sampled_psl,Exact EFIM+sampled PSL,ok,optimal,0.4890582690022711,False,,exact_efim,376.02039626732346,5640305.944009852,0.9999999994867761,3.3571428556765035,1680091.1329920944,88790899502.64899,2.3424316583902587e+18,2.3424316583902587e+18,2.3424244097158026e+18,4.2690679850493887e-19,0.09793935572514617,-13.023479964371742,-5.414293098426174,0.03331482814507906,1.917335285901132e-05,64.0,-524.179535059837,88790624784.03363,88790624738.46416,5.640305944009851,1.6800911329920944,88790899502.64899,2.3424316583902587e+18,2.3424244097158026e+18,2.3424316583902587e+18,0.00030945084054428116,524.179535059837,2.3424244139706967e+18,88790624899.74777,26381438.54281344,4.684848827941393e+18,177581250000.0,0.5,0.09793950717362658,True,True,True,True,-1.8164488273871056e-09,False,False,True,-13.256466474732292,-13.256466470467153,-13.023479964371742,-13.023479964371742,-0.23298651036055062,True,0.25,4.0,32.0,-1.3671875e-06,1.0416666666666667e-06,8,natural_tdl,,unknown_amplitude_exact,,-13.256466474732292,0.2173585239870126,249.0,1.0416666666666667e-06,2.3424244139706967e+18,88790624899.74777,quad_over_lin,1e-12,,,,,,,,,,,,,,,,,,,,,,
exact_efim_cutting_plane_psl,Exact EFIM+cutting-plane PSL,ok,optimal,0.4653046519997588,False,,exact_efim,376.02039626732346,5640305.944009852,0.9999999994867761,3.3571428556765035,1680091.1329920944,88790899502.64899,2.3424316583902587e+18,2.3424316583902587e+18,2.3424244097158026e+18,4.2690679850493887e-19,0.09793935572514617,-13.023479964371742,-5.414293098426174,0.03331482814507906,1.917335285901132e-05,64.0,-524.179535059837,88790624784.03363,88790624738.46416,5.640305944009851,1.6800911329920944,88790899502.64899,2.3424316583902587e+18,2.3424244097158026e+18,2.3424316583902587e+18,0.00030945084054428116,524.179535059837,2.3424244139706967e+18,88790624899.74777,26381438.54281344,4.684848827941393e+18,177581250000.0,0.5,0.09793950717362658,True,True,True,True,-1.8164488273871056e-09,False,False,True,-13.256466474732292,-13.256466470467153,-13.023479964371742,-13.023479964371742,-0.23298651036055062,True,0.25,4.0,32.0,-1.3671875e-06,1.0416666666666667e-06,8,natural_tdl,,unknown_amplitude_exact,,-13.256466474732292,0.2173585239870126,249.0,1.0416666666666667e-06,2.3424244139706967e+18,88790624899.74777,quad_over_lin,1e-12,-5.417141277276957,-0.23298651036055062,249.0,1985.0,1.0,249.0,True,1.0,dense_psl_satisfied,False,0.4653046519997588,0.0,249.0,-13.023479964371742,-13.256466470467153,,0.0,,,,,
exact_efim_cutting_plane_psl_ee,Exact EFIM+cutting-plane PSL+EE,ok,optimal,0.8139601129987568,False,,exact_efim,361.11607047010557,5416741.057051583,0.9186719825909806,3.1247770931170877,1733480.787792185,88790678170.85782,2.3424258193392123e+18,2.3424258193392123e+18,2.3424244107170734e+18,4.2690786267122665e-19,0.0979394777935883,-13.013385695576744,-0.6717107691213141,0.0624999998215375,0.00010130773772637956,64.0,-241.08366353159178,96651064209.00824,88790624776.41777,5.416741057051583,1.7334807877921852,88790678170.85782,2.3424258193392123e+18,2.3424244107170734e+18,2.3424258193392123e+18,6.013518666206326e-05,241.08366353159178,2.3424244139706967e+18,88790624899.74777,26381438.54281344,4.684848827941393e+18,177581250000.0,0.5,0.09793950717362658,True,True,True,True,-1.3889982005800177e-09,False,False,True,-13.256466474732292,-13.25646646029869,-13.013385695576744,-13.013385695576744,-0.24308077915554804,True,0.25,4.0,32.0,-3.3203125000000002e-06,1.0416666666666667e-06,8,natural_tdl,,unknown_amplitude_exact,,-13.256466474732292,0.2173585239870126,249.0,1.0416666666666667e-06,2.3424244139706967e+18,88790624899.74777,quad_over_lin,1e-12,-0.6753602927318457,-0.24308077915554804,249.0,1985.0,1.0,249.0,True,1.0,dense_psl_satisfied,False,0.8139601129987568,0.0,249.0,-13.013385695576744,-13.25646646029869,,0.0,4.0,True,1733480.7876325839,0.000498717650771141,0.7401933650035062
uniform,Uniform,ok,ok,1.2784999853465706e-05,False,,none,378.56344844901474,5678451.726735221,1.0,3.357142857142857,1691453.7058360232,76781250000.0,2.0255998281153943e+18,2.0255998281153943e+18,2.0255998281153943e+18,4.936809265680052e-19,0.10532073506634214,-13.256466474732292,-9.684463547443015,0.015625,0.0,64.0,0.0,76781250000.0,76781250000.0,5.678451726735221,1.6914537058360233,76781250000.0,2.0255998281153943e+18,2.0255998281153943e+18,2.0255998281153943e+18,0.0,0.0,2.5766668553677665e+18,97669687389.72256,26381438.54281344,4.684848827941393e+18,177581250000.0,0.55,0.09338165609920326,False,False,False,False,-0.21386817085195853,False,False,True,-13.256466474732292,-13.456972739469613,-13.256466474732292,-13.256466474732292,0.0,True,0.25,4.0,32.0,-1.4973958333333334e-06,1.0416666666666667e-06,8,natural_tdl,,,,,,,,,,,,,,,,,,,,,,,,,,,,,,,,,
water_filling,Water-filling,ok,ok,0.0001874150002549868,False,,none,378.564387098378,5678465.80647567,0.9999999999998429,3.3571428571424087,1691457.8998014894,76828133402.24458,2.0268366797103882e+18,2.0268366797103882e+18,2.0268003201987397e+18,4.933796639909282e-19,0.10528859483525242,-13.252193214251244,-9.669782525779729,0.01572028654356217,5.139096958231963e-09,64.0,-1173.97752869976,76826755179.01877,76826755179.0067,5.67846580647567,1.6914578998014895,76828133402.24458,2.0268366797103877e+18,2.0268003201987397e+18,2.0268366797103882e+18,0.0017939043640017092,1173.97752869976,2.5766668553677665e+18,97669687389.72256,26381438.54281344,4.684848827941393e+18,177581250000.0,0.55,0.09338165609920326,False,False,False,False,-0.21340226192747164,False,False,True,-13.256466474732292,-13.455336649260278,-13.252193214251244,-13.252193214251244,-0.004273260481047814,True,0.25,4.0,32.0,-1.4973958333333334e-06,1.0416666666666667e-06,8,natural_tdl,0.015898168252804473,,,,,,,,,,,,,,,,,,,,,,,,,,,,,,,,
conventional_s2,Conventional $S_2$,ok,optimal,0.007434581999405054,False,,conventional_s2,374.87109780471206,5623066.467070681,0.9999999988553985,3.3571428538725674,1674955.970546294,97669687326.98541,2.5766668537126697e+18,2.5766668537126697e+18,2.576630483294656e+18,3.8809829006769706e-19,0.09338165612919466,-9.05964564805924,-4.1306839808407645,0.029828774297342982,2.411310748287942e-05,64.0,-1174.1535887714158,97668308802.12825,97668308690.33696,5.623066467070681,1.674955970546294,97669687326.98541,2.57666685371267e+18,2.576630483294656e+18,2.5766668537126697e+18,0.0014115297040162783,1174.1535887714158,2.5766668553677665e+18,97669687389.72256,26381438.54281344,4.684848827941393e+18,177581250000.0,0.55,0.09338165609920326,True,False,True,True,-1.4115939371345944e-05,True,False,True,-13.256466474732292,-9.21004496836852,-9.05964564805924,-9.05964564805924,-4.1968208266730525,False,0.25,4.0,32.0,-1.3671875e-06,1.0416666666666667e-06,8,natural_tdl,,known_amplitude_linear,97669687389.72256,,,,,,,,,,,,,,,,,,,,,,,,,,,,,,
conventional_s2_psl,Conventional $S_2$+PSL,infeasible,infeasible,0.4578917750004621,False,max_rate_isac: problem is infeasible (solver CLARABEL),conventional_s2,,,,,,,,,,,,,,,,,,,,,,,,,,,,2.5766668553677665e+18,97669687389.72256,26381438.54281344,4.684848827941393e+18,177581250000.0,0.55,0.09338165609920326,False,False,,,,False,,True,-13.256466474732292,,,,,False,,,,,,8,natural_tdl,,,,,,,,,,,,,,,,,,,,,,,,,,,,,,,,,
exact_efim,Exact EFIM,ok,optimal,0.009450907000427833,False,,exact_efim,374.8708646271523,5623062.969407285,0.9999999987779076,3.3571428536511645,1674954.928799574,97670030497.62315,2.57667590704776e+18,2.57667590704776e+18,2.5766668483979817e+18,3.8809692645659707e-19,0.0933814920774867,-9.059464281989214,-4.130585656473681,0.02981974040160735,2.4111119624317606e-05,64.0,-585.9796018418798,97669687244.89119,97669687125.5298,5.623062969407284,1.674954928799574,97670030497.62315,2.5766759070477594e+18,2.5766668483979817e+18,2.57667590704776e+18,0.00035156341367568403,585.9796018418798,2.5766668553677665e+18,97669687389.72256,26381438.54281344,4.684848827941393e+18,177581250000.0,0.55,0.09338165609920326,True,True,True,True,-2.7049615737014656e-09,False,False,True,-13.256466474732292,-9.209884668787478,-9.059464281989214,-9.059464281989214,-4.197002192743078,False,0.25,4.0,32.0,-1.3671875e-06,1.0416666666666667e-06,8,natural_tdl,,unknown_amplitude_exact,,,,,,2.5766668553677665e+18,97669687389.72256,quad_over_lin,1e-12,,,,,,,,,,,,,,,,,,,,,,
exact_efim_sampled_psl,Exact EFIM+sampled PSL,infeasible,infeasible,0.46898656000121264,False,max_rate_isac: problem is infeasible (solver CLARABEL),exact_efim,,,,,,,,,,,,,,,,,,,,,,,,,,,,2.5766668553677665e+18,97669687389.72256,26381438.54281344,4.684848827941393e+18,177581250000.0,0.55,0.09338165609920326,False,False,,,,False,,True,-13.256466474732292,,,,,False,,,,,,8,natural_tdl,,,,,,,,,,,,,,,,,,,,,,,,,,,,,,,,,
exact_efim_cutting_plane_psl,Exact EFIM+cutting-plane PSL,infeasible,infeasible,0.47401103599986527,False,max_rate_isac: problem is infeasible (solver CLARABEL),exact_efim,,,,,,,,,,,,,,,,,,,,,,,,,,,,2.5766668553677665e+18,97669687389.72256,26381438.54281344,4.684848827941393e+18,177581250000.0,0.55,0.09338165609920326,False,False,,,,False,,True,-13.256466474732292,,,,,False,,,,,,8,natural_tdl,,,,,,,,,,,,,,,,,,,,,,,,,,,,,,,,,
exact_efim_cutting_plane_psl_ee,Exact EFIM+cutting-plane PSL+EE,infeasible,infeasible,0.4785770929993305,False,dinkelbach_ee_isac[iter 1]: problem is infeasible (solver CLARABEL),exact_efim,,,,,,,,,,,,,,,,,,,,,,,,,,,,2.5766668553677665e+18,97669687389.72256,26381438.54281344,4.684848827941393e+18,177581250000.0,0.55,0.09338165609920326,False,False,,,,False,,True,-13.256466474732292,,,,,False,,,,,,8,natural_tdl,,,,,,,,,,,,,,,,,,,,,,,,,,,,,,,,,
uniform,Uniform,ok,ok,1.4702996850246564e-05,False,,none,378.56344844901474,5678451.726735221,1.0,3.357142857142857,1691453.7058360232,76781250000.0,2.0255998281153943e+18,2.0255998281153943e+18,2.0255998281153943e+18,4.936809265680052e-19,0.10532073506634214,-13.256466474732292,-9.684463547443015,0.015625,0.0,64.0,0.0,76781250000.0,76781250000.0,5.678451726735221,1.6914537058360233,76781250000.0,2.0255998281153943e+18,2.0255998281153943e+18,2.0255998281153943e+18,0.0,0.0,2.810909296764836e+18,106548749879.69733,26381438.54281344,4.684848827941393e+18,177581250000.0,0.6,0.08940612891655719,False,False,False,False,-0.27937915661429524,False,False,True,-13.256466474732292,-13.456972739469613,-13.256466474732292,-13.256466474732292,0.0,True,0.25,4.0,32.0,-1.4973958333333334e-06,1.0416666666666667e-06,8,natural_tdl,,,,,,,,,,,,,,,,,,,,,,,,,,,,,,,,,
water_filling,Water-filling,ok,ok,0.00019274499936727807,False,,none,378.564387098378,5678465.80647567,0.9999999999998429,3.3571428571424087,1691457.8998014894,76828133402.24458,2.0268366797103882e+18,2.0268366797103882e+18,2.0268003201987397e+18,4.933796639909282e-19,0.10528859483525242,-13.252193214251244,-9.669782525779729,0.01572028654356217,5.139096958231963e-09,64.0,-1173.97752869976,76826755179.01877,76826755179.0067,5.67846580647567,1.6914578998014895,76828133402.24458,2.0268366797103877e+18,2.0268003201987397e+18,2.0268366797103882e+18,0.0017939043640017092,1173.97752869976,2.810909296764836e+18,106548749879.69733,26381438.54281344,4.684848827941393e+18,177581250000.0,0.6,0.08940612891655719,False,False,False,False,-0.2789520734335156,False,False,True,-13.256466474732292,-13.455336649260278,-13.252193214251244,-13.252193214251244,-0.004273260481047814,True,0.25,4.0,32.0,-1.4973958333333334e-06,1.0416666666666667e-06,8,natural_tdl,0.015898168252804473,,,,,,,,,,,,,,,,,,,,,,,,,,,,,,,,
conventional_s2,Conventional $S_2$,ok,optimal,0.007857878001232166,False,,conventional_s2,371.31218929143364,5569682.839371504,0.9999999991118838,3.3571428546053825,1659054.4640454974,106548749817.69075,2.8109092951290127e+18,2.8109092951290127e+18,2.8108729651950807e+18,3.557567658739066e-19,0.08940612894257237,-7.903567948367595,-2.241906478386276,0.03924339760384167,5.235504295090737e-05,64.0,-1173.4999287495482,106547372810.23564,106547372715.60919,5.569682839371504,1.6590544640454974,106548749817.69075,2.810909295129013e+18,2.8108729651950807e+18,2.8109092951290127e+18,0.0012924619800072402,1173.4999287495482,2.810909296764836e+18,106548749879.69733,26381438.54281344,4.684848827941393e+18,177581250000.0,0.6,0.08940612891655719,True,False,True,True,-1.2925201747687537e-05,True,False,True,-13.256466474732292,-7.903567948367595,-7.88846000945549,-7.88846000945549,-5.368006465276802,False,0.25,4.0,32.0,-1.3346354166666666e-06,1.0416666666666667e-06,8,natural_tdl,,known_amplitude_linear,106548749879.69733,,,,,,,,,,,,,,,,,,,,,,,,,,,,,,
conventional_s2_psl,Conventional $S_2$+PSL,infeasible,infeasible,0.41738468800031114,False,max_rate_isac: problem is infeasible (solver CLARABEL),conventional_s2,,,,,,,,,,,,,,,,,,,,,,,,,,,,2.810909296764836e+18,106548749879.69733,26381438.54281344,4.684848827941393e+18,177581250000.0,0.6,0.08940612891655719,False,False,,,,False,,True,-13.256466474732292,,,,,False,,,,,,8,natural_tdl,,,,,,,,,,,,,,,,,,,,,,,,,,,,,,,,,
exact_efim,Exact EFIM,ok,optimal,0.009020708999742055,False,,exact_efim,371.31195745842797,5569679.36187642,0.9999999993585877,3.3571428553102507,1659053.427847561,106548931853.76439,2.810914097502503e+18,2.810914097502503e+18,2.810909293347751e+18,3.557561580727422e-19,0.08940605256851895,-7.903523650753732,-2.2417638424733717,0.03932085539209153,5.2354335559264546e-05,64.0,-426.7359760943194,106548749818.5129,106548749750.17122,5.569679361876419,1.659053427847561,106548931853.76439,2.8109140975025024e+18,2.810909293347751e+18,2.810914097502503e+18,0.00017091076373584277,426.7359760943194,2.810909296764836e+18,106548749879.69733,26381438.54281344,4.684848827941393e+18,177581250000.0,0.6,0.08940612891655719,True,True,True,True,-1.2156510819942966e-09,False,False,True,-13.256466474732292,-7.903523650753732,-7.888407262358346,-7.888407262358346,-5.368059212373947,False,0.25,4.0,32.0,-1.3346354166666666e-06,1.0416666666666667e-06,8,natural_tdl,,unknown_amplitude_exact,,,,,,2.810909296764836e+18,106548749879.69733,quad_over_lin,1e-12,,,,,,,,,,,,,,,,,,,,,,
exact_efim_sampled_psl,Exact EFIM+sampled PSL,infeasible,infeasible,0.4495817019997048,False,max_rate_isac: problem is infeasible (solver CLARABEL),exact_efim,,,,,,,,,,,,,,,,,,,,,,,,,,,,2.810909296764836e+18,106548749879.69733,26381438.54281344,4.684848827941393e+18,177581250000.0,0.6,0.08940612891655719,False,False,,,,False,,True,-13.256466474732292,,,,,False,,,,,,8,natural_tdl,,,,,,,,,,,,,,,,,,,,,,,,,,,,,,,,,
exact_efim_cutting_plane_psl,Exact EFIM+cutting-plane PSL,infeasible,infeasible,0.4508458489981422,False,max_rate_isac: problem is infeasible (solver CLARABEL),exact_efim,,,,,,,,,,,,,,,,,,,,,,,,,,,,2.810909296764836e+18,106548749879.69733,26381438.54281344,4.684848827941393e+18,177581250000.0,0.6,0.08940612891655719,False,False,,,,False,,True,-13.256466474732292,,,,,False,,,,,,8,natural_tdl,,,,,,,,,,,,,,,,,,,,,,,,,,,,,,,,,
exact_efim_cutting_plane_psl_ee,Exact EFIM+cutting-plane PSL+EE,infeasible,infeasible,0.45416195900179446,False,dinkelbach_ee_isac[iter 1]: problem is infeasible (solver CLARABEL),exact_efim,,,,,,,,,,,,,,,,,,,,,,,,,,,,2.810909296764836e+18,106548749879.69733,26381438.54281344,4.684848827941393e+18,177581250000.0,0.6,0.08940612891655719,False,False,,,,False,,True,-13.256466474732292,,,,,False,,,,,,8,natural_tdl,,,,,,,,,,,,,,,,,,,,,,,,,,,,,,,,,
uniform,Uniform,ok,ok,1.3422999472822994e-05,False,,none,378.56344844901474,5678451.726735221,1.0,3.357142857142857,1691453.7058360232,76781250000.0,2.0255998281153943e+18,2.0255998281153943e+18,2.0255998281153943e+18,4.936809265680052e-19,0.10532073506634214,-13.256466474732292,-9.684463547443015,0.015625,0.0,64.0,0.0,76781250000.0,76781250000.0,5.678451726735221,1.6914537058360233,76781250000.0,2.0255998281153943e+18,2.0255998281153943e+18,2.0255998281153943e+18,0.0,0.0,3.279394179558975e+18,124306874859.64688,26381438.54281344,4.684848827941393e+18,177581250000.0,0.7,0.08277399119380457,False,False,False,False,-0.3823249913836816,False,False,True,-13.256466474732292,-13.456972739469613,-13.256466474732292,-13.256466474732292,0.0,True,0.25,4.0,32.0,-1.4973958333333334e-06,1.0416666666666667e-06,8,natural_tdl,,,,,,,,,,,,,,,,,,,,,,,,,,,,,,,,,
water_filling,Water-filling,ok,ok,0.0001972030004253611,False,,none,378.564387098378,5678465.80647567,0.9999999999998429,3.3571428571424087,1691457.8998014894,76828133402.24458,2.0268366797103882e+18,2.0268366797103882e+18,2.0268003201987397e+18,4.933796639909282e-19,0.10528859483525242,-13.252193214251244,-9.669782525779729,0.01572028654356217,5.139096958231963e-09,64.0,-1173.97752869976,76826755179.01877,76826755179.0067,5.67846580647567,1.6914578998014895,76828133402.24458,2.0268366797103877e+18,2.0268003201987397e+18,2.0268366797103882e+18,0.0017939043640017092,1173.97752869976,3.279394179558975e+18,124306874859.64688,26381438.54281344,4.684848827941393e+18,177581250000.0,0.7,0.08277399119380457,False,False,False,False,-0.38195892008587046,False,False,True,-13.256466474732292,-13.455336649260278,-13.252193214251244,-13.252193214251244,-0.004273260481047814,True,0.25,4.0,32.0,-1.4973958333333334e-06,1.0416666666666667e-06,8,natural_tdl,0.015898168252804473,,,,,,,,,,,,,,,,,,,,,,,,,,,,,,,,
conventional_s2,Conventional $S_2$,ok,optimal,0.007615669001097558,False,,conventional_s2,360.99775209583845,5414966.281437577,0.9999999982981416,3.3571428522804045,1612968.6819133584,124306874696.03818,3.2793941752427423e+18,3.2793941752427423e+18,3.2793612775990676e+18,3.0493437097294947e-19,0.08277399124827681,-6.011102326837635,1.0921280412058445,0.0624999937911002,0.00015732150581249435,64.0,-1116.691370038257,124305627907.97496,124305627696.42438,5.414966281437577,1.6129686819133584,124306874696.03818,3.2793941752427423e+18,3.2793612775990676e+18,3.2793941752427423e+18,0.00100316222804137,1116.691370038257,3.279394179558975e+18,124306874859.64688,26381438.54281344,4.684848827941393e+18,177581250000.0,0.7,0.08277399119380457,True,False,True,True,-1.0032938434913237e-05,True,False,True,-13.256466474732292,-6.066524222849149,-6.000959358981273,-6.000959358981273,-7.255507115751019,False,0.25,4.0,32.0,-1.2695312500000002e-06,1.0416666666666667e-06,8,natural_tdl,,known_amplitude_linear,124306874859.64688,,,,,,,,,,,,,,,,,,,,,,,,,,,,,,
conventional_s2_psl,Conventional $S_2$+PSL,infeasible,infeasible,0.4386971390013059,False,max_rate_isac: problem is infeasible (solver CLARABEL),conventional_s2,,,,,,,,,,,,,,,,,,,,,,,,,,,,3.279394179558975e+18,124306874859.64688,26381438.54281344,4.684848827941393e+18,177581250000.0,0.7,0.08277399119380457,False,False,,,,False,,True,-13.256466474732292,,,,,False,,,,,,8,natural_tdl,,,,,,,,,,,,,,,,,,,,,,,,,,,,,,,,,
exact_efim,Exact EFIM,ok,optimal,0.010299472000042442,False,,exact_efim,360.997515987556,5414962.739813341,0.9999999980410014,3.3571428515457185,1612967.627314443,124306962705.8172,3.279396497067319e+18,3.279396497067319e+18,3.279394168638523e+18,3.049341550783123e-19,0.08277396194612908,-6.011158760216362,1.0923310149363867,0.062499993410662244,0.00015732589758549298,64.0,-297.08603975759434,124306874689.21935,124306874445.70235,5.41496273981334,1.612967627314443,124306962705.8172,3.279396497067319e+18,3.279394168638523e+18,3.279396497067319e+18,7.100174675389984e-05,297.08603975759434,3.279394179558975e+18,124306874859.64688,26381438.54281344,4.684848827941393e+18,177581250000.0,0.7,0.08277399119380457,True,True,True,True,-3.3300211862511213e-09,False,False,True,-13.256466474732292,-6.066569774133588,-6.001009729811123,-6.001009729811123,-7.255456744921169,False,0.25,4.0,32.0,-1.2695312500000002e-06,1.0416666666666667e-06,8,natural_tdl,,unknown_amplitude_exact,,,,,,3.279394179558975e+18,124306874859.64688,quad_over_lin,1e-12,,,,,,,,,,,,,,,,,,,,,,
exact_efim_sampled_psl,Exact EFIM+sampled PSL,infeasible,infeasible,0.4548687770002289,False,max_rate_isac: problem is infeasible (solver CLARABEL),exact_efim,,,,,,,,,,,,,,,,,,,,,,,,,,,,3.279394179558975e+18,124306874859.64688,26381438.54281344,4.684848827941393e+18,177581250000.0,0.7,0.08277399119380457,False,False,,,,False,,True,-13.256466474732292,,,,,False,,,,,,8,natural_tdl,,,,,,,,,,,,,,,,,,,,,,,,,,,,,,,,,
exact_efim_cutting_plane_psl,Exact EFIM+cutting-plane PSL,infeasible,infeasible,0.42488459999731276,False,max_rate_isac: problem is infeasible (solver CLARABEL),exact_efim,,,,,,,,,,,,,,,,,,,,,,,,,,,,3.279394179558975e+18,124306874859.64688,26381438.54281344,4.684848827941393e+18,177581250000.0,0.7,0.08277399119380457,False,False,,,,False,,True,-13.256466474732292,,,,,False,,,,,,8,natural_tdl,,,,,,,,,,,,,,,,,,,,,,,,,,,,,,,,,
exact_efim_cutting_plane_psl_ee,Exact EFIM+cutting-plane PSL+EE,infeasible,infeasible,0.4537353490013629,False,dinkelbach_ee_isac[iter 1]: problem is infeasible (solver CLARABEL),exact_efim,,,,,,,,,,,,,,,,,,,,,,,,,,,,3.279394179558975e+18,124306874859.64688,26381438.54281344,4.684848827941393e+18,177581250000.0,0.7,0.08277399119380457,False,False,,,,False,,True,-13.256466474732292,,,,,False,,,,,,8,natural_tdl,,,,,,,,,,,,,,,,,,,,,,,,,,,,,,,,,
uniform,Uniform,ok,ok,1.3663000572705641e-05,False,,none,378.56344844901474,5678451.726735221,1.0,3.357142857142857,1691453.7058360232,76781250000.0,2.0255998281153943e+18,2.0255998281153943e+18,2.0255998281153943e+18,4.936809265680052e-19,0.10532073506634214,-13.256466474732292,-9.684463547443015,0.015625,0.0,64.0,0.0,76781250000.0,76781250000.0,5.678451726735221,1.6914537058360233,76781250000.0,2.0255998281153943e+18,2.0255998281153943e+18,2.0255998281153943e+18,0.0,0.0,3.747879062353115e+18,142064999839.59647,26381438.54281344,4.684848827941393e+18,177581250000.0,0.8,0.07742797889576501,False,False,False,False,-0.4595343674607215,False,False,True,-13.256466474732292,-13.456972739469613,-13.256466474732292,-13.256466474732292,0.0,True,0.25,4.0,32.0,-1.4973958333333334e-06,1.0416666666666667e-06,8,natural_tdl,,,,,,,,,,,,,,,,,,,,,,,,,,,,,,,,,
water_filling,Water-filling,ok,ok,0.0001961919988389127,False,,none,378.564387098378,5678465.80647567,0.9999999999998429,3.3571428571424087,1691457.8998014894,76828133402.24458,2.0268366797103882e+18,2.0268366797103882e+18,2.0268003201987397e+18,4.933796639909282e-19,0.10528859483525242,-13.252193214251244,-9.669782525779729,0.01572028654356217,5.139096958231963e-09,64.0,-1173.97752869976,76826755179.01877,76826755179.0067,5.67846580647567,1.6914578998014895,76828133402.24458,2.0268366797103877e+18,2.0268003201987397e+18,2.0268366797103882e+18,0.0017939043640017092,1173.97752869976,3.747879062353115e+18,142064999839.59647,26381438.54281344,4.684848827941393e+18,177581250000.0,0.8,0.07742797889576501,False,False,False,False,-0.4592140550751368,False,False,True,-13.256466474732292,-13.455336649260278,-13.252193214251244,-13.252193214251244,-0.004273260481047814,True,0.25,4.0,32.0,-1.4973958333333334e-06,1.0416666666666667e-06,8,natural_tdl,0.015898168252804473,,,,,,,,,,,,,,,,,,,,,,,,,,,,,,,,
conventional_s2,Conventional $S_2$,ok,optimal,0.007157896001444897,False,,conventional_s2,344.6916099890818,5170374.149836227,0.9999999977804774,3.357142850801364,1540111.4517965887,142064999581.5708,3.747879055546027e+18,3.747879055546027e+18,3.7478530650127227e+18,2.6681757473476165e-19,0.07742797896607932,-4.056651429048152,3.252669769517333,0.0624999990674525,0.000295645655067947,64.0,-992.5636340561207,142064014714.31964,142064014399.00534,5.170374149836228,1.5401114517965888,142064999581.5708,3.747879055546027e+18,3.7478530650127227e+18,3.747879055546027e+18,0.0006934731062321714,992.5636340561207,3.747879062353115e+18,142064999839.59647,26381438.54281344,4.684848827941393e+18,177581250000.0,0.8,0.07742797889576501,True,False,True,True,-6.936547300468523e-06,True,False,True,-13.256466474732292,-4.300743981246622,-4.044752500891996,-4.044752500891996,-9.211713973840297,False,0.25,4.0,32.0,-1.2044270833333335e-06,1.0416666666666667e-06,8,natural_tdl,,known_amplitude_linear,142064999839.59647,,,,,,,,,,,,,,,,,,,,,,,,,,,,,,
conventional_s2_psl,Conventional $S_2$+PSL,infeasible,infeasible,0.4376430939992133,False,max_rate_isac: problem is infeasible (solver CLARABEL),conventional_s2,,,,,,,,,,,,,,,,,,,,,,,,,,,,3.747879062353115e+18,142064999839.59647,26381438.54281344,4.684848827941393e+18,177581250000.0,0.8,0.07742797889576501,False,False,,,,False,,True,-13.256466474732292,,,,,False,,,,,,8,natural_tdl,,,,,,,,,,,,,,,,,,,,,,,,,,,,,,,,,
exact_efim,Exact EFIM,ok,optimal,0.008716059997823322,False,,exact_efim,344.6912905110139,5170369.357665208,0.9999999972729505,3.3571428493512876,1540110.0250066204,142065070530.8432,3.7478809272898964e+18,3.7478809272898964e+18,3.7478790510832727e+18,2.668174414823533e-19,0.07742795963177204,-4.05668573453596,3.2528224805927715,0.06249999912698845,0.0002956512300357882,64.0,-266.6803990511658,142064999799.82642,142064999412.40814,5.1703693576652086,1.5401100250066204,142065070530.8432,3.7478809272898964e+18,3.7478790510832727e+18,3.7478809272898964e+18,5.006046510396184e-05,266.6803990511658,3.747879062353115e+18,142064999839.59647,26381438.54281344,4.684848827941393e+18,177581250000.0,0.8,0.07742797889576501,True,True,True,True,-3.0069920198876967e-09,False,False,True,-13.256466474732292,-4.300770447376413,-4.044791470167146,-4.044791470167146,-9.211675004565146,False,0.25,4.0,32.0,-1.2044270833333335e-06,1.0416666666666667e-06,8,natural_tdl,,unknown_amplitude_exact,,,,,,3.747879062353115e+18,142064999839.59647,quad_over_lin,1e-12,,,,,,,,,,,,,,,,,,,,,,
exact_efim_sampled_psl,Exact EFIM+sampled PSL,infeasible,infeasible,0.4470719040000404,False,max_rate_isac: problem is infeasible (solver CLARABEL),exact_efim,,,,,,,,,,,,,,,,,,,,,,,,,,,,3.747879062353115e+18,142064999839.59647,26381438.54281344,4.684848827941393e+18,177581250000.0,0.8,0.07742797889576501,False,False,,,,False,,True,-13.256466474732292,,,,,False,,,,,,8,natural_tdl,,,,,,,,,,,,,,,,,,,,,,,,,,,,,,,,,
exact_efim_cutting_plane_psl,Exact EFIM+cutting-plane PSL,infeasible,infeasible,0.4504058550010086,False,max_rate_isac: problem is infeasible (solver CLARABEL),exact_efim,,,,,,,,,,,,,,,,,,,,,,,,,,,,3.747879062353115e+18,142064999839.59647,26381438.54281344,4.684848827941393e+18,177581250000.0,0.8,0.07742797889576501,False,False,,,,False,,True,-13.256466474732292,,,,,False,,,,,,8,natural_tdl,,,,,,,,,,,,,,,,,,,,,,,,,,,,,,,,,
exact_efim_cutting_plane_psl_ee,Exact EFIM+cutting-plane PSL+EE,infeasible,infeasible,0.45252212199920905,False,dinkelbach_ee_isac[iter 1]: problem is infeasible (solver CLARABEL),exact_efim,,,,,,,,,,,,,,,,,,,,,,,,,,,,3.747879062353115e+18,142064999839.59647,26381438.54281344,4.684848827941393e+18,177581250000.0,0.8,0.07742797889576501,False,False,,,,False,,True,-13.256466474732292,,,,,False,,,,,,8,natural_tdl,,,,,,,,,,,,,,,,,,,,,,,,,,,,,,,,,
uniform,Uniform,ok,ok,1.4178000128595158e-05,False,,none,333.0626492080466,4995939.738120699,1.0,3.357142857142857,1488152.2624189316,76781250000.0,2.0255998281153943e+18,2.0255998281153943e+18,2.0255998281153943e+18,4.936809265680052e-19,0.10532073506634214,-13.256466474732292,-9.684463547443015,0.015625,0.0,64.0,0.0,76781250000.0,76781250000.0,4.9959397381207,1.4881522624189316,76781250000.0,2.0255998281153943e+18,2.0255998281153943e+18,2.0255998281153943e+18,0.0,0.0,7.02727324191209e+17,26637187469.92433,26381438.54281344,4.684848827941393e+18,177581250000.0,0.15,0.17881225783311439,False,True,True,True,1.882483373542819,False,False,True,-13.256466474732292,-13.456972739469613,-13.256466474732292,-13.256466474732292,0.0,True,0.25,4.0,32.0,-1.4973958333333334e-06,1.0416666666666667e-06,9,natural_tdl,,,,,,,,,,,,,,,,,,,,,,,,,,,,,,,,,
water_filling,Water-filling,ok,ok,0.00019669299945235252,False,,none,333.06340403846104,4995951.060576916,1.0000000000001212,3.3571428571432036,1488155.6350653106,77023827443.37033,2.0319993700295416e+18,2.0319993700295416e+18,2.0319939328981975e+18,4.921261368232914e-19,0.10515475667577724,-13.20152768249394,-9.606348061585422,0.01580700583845207,4.2053040433941526e-09,64.0,453.97890761950976,77023621346.51244,77023621346.52177,4.995951060576916,1.4881556350653107,77023827443.37033,2.0319993700295416e+18,2.0319939328981975e+18,2.0319993700295416e+18,0.0002675754443786542,453.97890761950976,7.02727324191209e+17,26637187469.92433,26381438.54281344,4.684848827941393e+18,177581250000.0,0.15,0.17881225783311439,False,True,True,True,1.8915823576902797,False,False,True,-13.256466474732292,-13.411871005769488,-13.20152768249394,-13.20152768249394,-0.054938792238353074,True,0.25,4.0,32.0,-1.4973958333333334e-06,1.0416666666666667e-06,9,natural_tdl,0.016066459257893,,,,,,,,,,,,,,,,,,,,,,,,,,,,,,,,
conventional_s2,Conventional $S_2$,ok,optimal,0.007607814000948565,False,,conventional_s2,333.0634039396226,4995951.05909434,0.9999999989665755,3.357142854190216,1488155.6359326937,77023863563.08685,2.0320003229196237e+18,2.0320003229196237e+18,2.0319948797797353e+18,4.921259060447282e-19,0.10515473202003893,-13.201492345104908,-9.606334694477678,0.015807007127441944,4.2051122823077495e-09,64.0,454.2296833833243,77023657318.07993,77023657238.4818,4.99595105909434,1.4881556359326937,77023863563.08685,2.0320003229196232e+18,2.0319948797797353e+18,2.0320003229196237e+18,0.00026787101492991764,454.2296833833243,7.02727324191209e+17,26637187469.92433,26381438.54281344,4.684848827941393e+18,177581250000.0,0.15,0.17881225783311439,True,True,True,True,1.891583705128333,False,False,True,-13.256466474732292,-13.41183324430824,-13.201492345104908,-13.201492345104908,-0.054974129627384016,True,0.25,4.0,32.0,-1.4973958333333334e-06,1.0416666666666667e-06,9,natural_tdl,,known_amplitude_linear,26637187469.92433,,,,,,,,,,,,,,,,,,,,,,,,,,,,,,
conventional_s2_psl,Conventional $S_2$+PSL,ok,optimal,0.4419220370000403,False,,conventional_s2,333.063404031931,4995951.060478965,0.9999999999274051,3.357142856935443,1488155.6351282299,77023826449.24417,2.0319993438030633e+18,2.0319993438030633e+18,2.0319939067296195e+18,4.921261431750333e-19,0.10515475735437957,-13.201527960542919,-9.606348387337178,0.015807005592843145,4.205261860205793e-09,64.0,453.97649039637776,77023620360.18187,77023620354.59035,4.995951060478965,1.48815563512823,77023826449.24417,2.0319993438030633e+18,2.0319939067296195e+18,2.0319993438030633e+18,0.0002675725984076375,453.97649039637776,7.02727324191209e+17,26637187469.92433,26381438.54281344,4.684848827941393e+18,177581250000.0,0.15,0.17881225783311439,True,True,True,True,1.8915823204516848,False,False,True,-13.256466474732292,-13.411871248614492,-13.201527960542919,-13.201527960542919,-0.05493851418937368,True,0.25,4.0,32.0,-1.4973958333333334e-06,1.0416666666666667e-06,9,natural_tdl,,known_amplitude_linear,26637187469.92433,-13.256466474732292,0.2173585239870126,249.0,1.0416666666666667e-06,,,,,,,,,,,,,,,,,,,,,,,,,,
exact_efim,Exact EFIM,ok,optimal,0.00844483499895432,False,,exact_efim,333.06340362821004,4995951.054423151,0.9999999954314893,3.3571428440899695,1488155.6390185172,77023838734.56854,2.0319996679075932e+18,2.0319996679075932e+18,2.0319942306755254e+18,4.921260646807723e-19,0.10515474896827225,-13.201523829692814,-9.606344227325405,0.015807008216926943,4.20560940459561e-09,64.0,453.98311364139454,77023632985.7853,77023632633.90201,4.99595105442315,1.4881556390185173,77023838734.56854,2.0319996679075932e+18,2.0319942306755254e+18,2.0319996679075932e+18,0.0002675803620302197,453.98311364139454,7.02727324191209e+17,26637187469.92433,26381438.54281344,4.684848827941393e+18,177581250000.0,0.15,0.17881225783311439,True,True,True,True,1.891582781435476,False,False,True,-13.256466474732292,-13.411867464272545,-13.201523829692814,-13.201523829692814,-0.05494264503947832,True,0.25,4.0,32.0,-1.4973958333333334e-06,1.0416666666666667e-06,9,natural_tdl,,unknown_amplitude_exact,,,,,,7.02727324191209e+17,26637187469.92433,quad_over_lin,1e-12,,,,,,,,,,,,,,,,,,,,,,
exact_efim_sampled_psl,Exact EFIM+sampled PSL,ok,optimal,0.4525185450002027,False,,exact_efim,333.0634040065634,4995951.060098452,0.9999999996449147,3.357142856128328,1488155.635372664,77023828222.25717,2.0319993905776968e+18,2.0319993905776968e+18,2.0319939535027313e+18,4.921261318467721e-19,0.10515475614409986,-13.201527307174029,-9.606347778142423,0.015807005864676257,4.205337363851228e-09,64.0,453.9765539978559,77023622154.89563,77023622127.54567,4.995951060098451,1.4881556353726642,77023828222.25717,2.0319993905776968e+18,2.0319939535027313e+18,2.0319993905776968e+18,0.0002675726671334405,453.9765539978559,7.02727324191209e+17,26637187469.92433,26381438.54281344,4.684848827941393e+18,177581250000.0,0.15,0.17881225783311439,True,True,True,True,1.8915823870110888,False,False,True,-13.256466474732292,-13.411870648618642,-13.201527307174029,-13.201527307174029,-0.054939167558263335,True,0.25,4.0,32.0,-1.4973958333333334e-06,1.0416666666666667e-06,9,natural_tdl,,unknown_amplitude_exact,,-13.256466474732292,0.2173585239870126,249.0,1.0416666666666667e-06,7.02727324191209e+17,26637187469.92433,quad_over_lin,1e-12,,,,,,,,,,,,,,,,,,,,,,
exact_efim_cutting_plane_psl,Exact EFIM+cutting-plane PSL,ok,optimal,0.45813652200013166,False,,exact_efim,333.0634040065634,4995951.060098452,0.9999999996449147,3.357142856128328,1488155.635372664,77023828222.25717,2.0319993905776968e+18,2.0319993905776968e+18,2.0319939535027313e+18,4.921261318467721e-19,0.10515475614409986,-13.201527307174029,-9.606347778142423,0.015807005864676257,4.205337363851228e-09,64.0,453.9765539978559,77023622154.89563,77023622127.54567,4.995951060098451,1.4881556353726642,77023828222.25717,2.0319993905776968e+18,2.0319939535027313e+18,2.0319993905776968e+18,0.0002675726671334405,453.9765539978559,7.02727324191209e+17,26637187469.92433,26381438.54281344,4.684848827941393e+18,177581250000.0,0.15,0.17881225783311439,True,True,True,True,1.8915823870110888,False,False,True,-13.256466474732292,-13.411870648618642,-13.201527307174029,-13.201527307174029,-0.054939167558263335,True,0.25,4.0,32.0,-1.4973958333333334e-06,1.0416666666666667e-06,9,natural_tdl,,unknown_amplitude_exact,,-13.256466474732292,0.2173585239870126,249.0,1.0416666666666667e-06,7.02727324191209e+17,26637187469.92433,quad_over_lin,1e-12,-9.606223171282736,-0.054939167558263335,249.0,1985.0,1.0,249.0,True,1.0,dense_psl_satisfied,False,0.45813652200013166,0.0,249.0,-13.201527307174029,-13.411870648618642,,0.0,,,,,
exact_efim_cutting_plane_psl_ee,Exact EFIM+cutting-plane PSL+EE,ok,optimal,0.8898615299985977,False,,exact_efim,222.65665217865063,3339849.7826797594,0.2936081451954028,1.338880414844008,2494509.40177423,26637269761.63028,7.02729495164792e+17,7.02729495164792e+17,7.027273195752013e+17,1.4230226664464925e-18,0.17881198162655798,-13.131283617500314,-4.37969817589215,0.012068853720806585,2.763192683137131e-06,64.0,529.974775700874,90723597866.21344,26637187294.95253,3.3398497826797593,2.4945094017742298,26637269761.63028,7.02729495164792e+17,7.027273195752013e+17,7.02729495164792e+17,0.0003095913300570681,529.974775700874,7.02727324191209e+17,26637187469.92433,26381438.54281344,4.684848827941393e+18,177581250000.0,0.15,0.17881225783311439,True,True,True,True,-6.568703850120968e-09,False,False,True,-13.256466474732292,-13.256466386049139,-13.131283617500314,-13.131283617500314,-0.12518285723197842,True,0.25,4.0,32.0,-1.3671875e-06,1.0416666666666667e-06,9,natural_tdl,,unknown_amplitude_exact,,-13.256466474732292,0.2173585239870126,249.0,1.0416666666666667e-06,7.02727324191209e+17,26637187469.92433,quad_over_lin,1e-12,-4.382871528788127,-0.12518285723197842,249.0,1985.0,1.0,249.0,True,1.0,dense_psl_satisfied,False,0.8898615299985977,0.0,249.0,-13.131283617500314,-13.256466386049139,,0.0,5.0,True,2494509.4012851827,0.0006547756493091583,0.8433222719977493
uniform,Uniform,ok,ok,1.4463999832514673e-05,False,,none,333.0626492080466,4995939.738120699,1.0,3.357142857142857,1488152.2624189316,76781250000.0,2.0255998281153943e+18,2.0255998281153943e+18,2.0255998281153943e+18,4.936809265680052e-19,0.10532073506634214,-13.256466474732292,-9.684463547443015,0.015625,0.0,64.0,0.0,76781250000.0,76781250000.0,4.9959397381207,1.4881522624189316,76781250000.0,2.0255998281153943e+18,2.0255998281153943e+18,2.0255998281153943e+18,0.0,0.0,1.1712122069853484e+18,44395312449.873886,26381438.54281344,4.684848827941393e+18,177581250000.0,0.25,0.13850737933707974,False,True,True,True,0.7294900241256913,False,False,True,-13.256466474732292,-13.456972739469613,-13.256466474732292,-13.256466474732292,0.0,True,0.25,4.0,32.0,-1.4973958333333334e-06,1.0416666666666667e-06,9,natural_tdl,,,,,,,,,,,,,,,,,,,,,,,,,,,,,,,,,
water_filling,Water-filling,ok,ok,0.00020996300008846447,False,,none,333.06340403846104,4995951.060576916,1.0000000000001212,3.3571428571432036,1488155.6350653106,77023827443.37033,2.0319993700295416e+18,2.0319993700295416e+18,2.0319939328981975e+18,4.921261368232914e-19,0.10515475667577724,-13.20152768249394,-9.606348061585422,0.01580700583845207,4.2053040433941526e-09,64.0,453.97890761950976,77023621346.51244,77023621346.52177,4.995951060576916,1.4881556350653107,77023827443.37033,2.0319993700295416e+18,2.0319939328981975e+18,2.0319993700295416e+18,0.0002675754443786542,453.97890761950976,1.1712122069853484e+18,44395312449.873886,26381438.54281344,4.684848827941393e+18,177581250000.0,0.25,0.13850737933707974,False,True,True,True,0.7349494146141676,False,False,True,-13.256466474732292,-13.411871005769488,-13.20152768249394,-13.20152768249394,-0.054938792238353074,True,0.25,4.0,32.0,-1.4973958333333334e-06,1.0416666666666667e-06,9,natural_tdl,0.016066459257893,,,,,,,,,,,,,,,,,,,,,,,,,,,,,,,,
conventional_s2,Conventional $S_2$,ok,optimal,0.007170594999479363,False,,conventional_s2,333.063403916012,4995951.05874018,0.9999999986466132,3.357142853276038,1488155.6362324366,77023788169.14902,2.0319983339190856e+18,2.0319983339190856e+18,2.0319929040383345e+18,4.921263877570778e-19,0.10515478348483688,-13.201546939376838,-9.606361679467494,0.015806967620681008,4.203355035462416e-09,64.0,453.6761090596923,77023582451.38007,77023582347.13736,4.99595105874018,1.4881556362324366,77023788169.14902,2.0319983339190856e+18,2.0319929040383345e+18,2.0319983339190856e+18,0.00026721875999925,453.6761090596923,1.1712122069853484e+18,44395312449.873886,26381438.54281344,4.684848827941393e+18,177581250000.0,0.25,0.13850737933707974,True,True,True,True,0.7349485361569104,False,False,True,-13.256466474732292,-13.411889726412268,-13.201546939376838,-13.201546939376838,-0.05491953535545413,True,0.25,4.0,32.0,-1.4973958333333334e-06,1.0416666666666667e-06,9,natural_tdl,,known_amplitude_linear,44395312449.873886,,,,,,,,,,,,,,,,,,,,,,,,,,,,,,
conventional_s2_psl,Conventional $S_2$+PSL,ok,optimal,0.48222649300078047,False,,conventional_s2,333.063403997819,4995951.059967285,0.9999999996819349,3.3571428562340997,1488155.6352867065,77023645573.4123,2.0319945720384207e+18,2.0319945720384207e+18,2.031989138874222e+18,4.921272988425542e-19,0.10515488082258796,-13.201574830748825,-9.606406679061916,0.015806778586221752,4.199777576685239e-09,64.0,453.8132570035158,77023439651.4386,77023439626.94012,4.995951059967285,1.4881556352867065,77023645573.4123,2.0319945720384207e+18,2.031989138874222e+18,2.0319945720384207e+18,0.0002673808421252648,453.8132570035158,1.1712122069853484e+18,44395312449.873886,26381438.54281344,4.684848827941393e+18,177581250000.0,0.25,0.13850737933707974,True,True,True,True,0.734945321398654,False,False,True,-13.256466474732292,-13.41191209240648,-13.201574830748825,-13.201574830748825,-0.05489164398346702,True,0.25,4.0,32.0,-1.4973958333333334e-06,1.0416666666666667e-06,9,natural_tdl,,known_amplitude_linear,44395312449.873886,-13.256466474732292,0.2173585239870126,249.0,1.0416666666666667e-06,,,,,,,,,,,,,,,,,,,,,,,,,,
exact_efim,Exact EFIM,ok,optimal,0.00846146800176939,False,,exact_efim,333.06340373413894,4995951.056012084,0.9999999966457368,3.357142847559248,1488155.6379539531,77023893054.85315,2.0320011009548431e+18,2.0320011009548431e+18,2.031995654397022e+18,4.921257176140786e-19,0.10515471188862935,-13.201502395443,-9.606325299131933,0.01580697092294516,4.208594924323145e-09,64.0,454.37227468742213,77023686859.04755,77023686600.68983,4.995951056012084,1.4881556379539531,77023893054.85315,2.0320011009548431e+18,2.031995654397022e+18,2.0320011009548431e+18,0.0002680391176276748,454.37227468742213,1.1712122069853484e+18,44395312449.873886,26381438.54281344,4.684848827941393e+18,177581250000.0,0.25,0.13850737933707974,True,True,True,True,0.734950884457817,False,False,True,-13.256466474732292,-13.41184810111294,-13.201502395443,-13.201502395443,-0.05496407928929159,True,0.25,4.0,32.0,-1.4973958333333334e-06,1.0416666666666667e-06,9,natural_tdl,,unknown_amplitude_exact,,,,,,1.1712122069853484e+18,44395312449.873886,quad_over_lin,1e-12,,,,,,,,,,,,,,,,,,,,,,
exact_efim_sampled_psl,Exact EFIM+sampled PSL,ok,optimal,0.4862831179998466,False,,exact_efim,333.0634040298226,4995951.060447339,0.9999999999041347,3.3571428568689563,1488155.6351482817,77023837518.11142,2.0319996358157043e+18,2.0319996358157043e+18,2.031994198331848e+18,4.921260724530448e-19,0.10515474979864015,-13.201524856002385,-9.606344743376185,0.01580701390627472,4.205709556239152e-09,64.0,453.99362408159067,77023631415.28462,77023631407.90073,4.995951060447339,1.4881556351482816,77023837518.11142,2.0319996358157043e+18,2.031994198331848e+18,2.0319996358157043e+18,0.0002675927574269094,453.99362408159067,1.1712122069853484e+18,44395312449.873886,26381438.54281344,4.684848827941393e+18,177581250000.0,0.25,0.13850737933707974,True,True,True,True,0.7349496412457284,False,False,True,-13.256466474732292,-13.411868543658201,-13.201524856002385,-13.201524856002385,-0.05494161872990766,True,0.25,4.0,32.0,-1.4973958333333334e-06,1.0416666666666667e-06,9,natural_tdl,,unknown_amplitude_exact,,-13.256466474732292,0.2173585239870126,249.0,1.0416666666666667e-06,1.1712122069853484e+18,44395312449.873886,quad_over_lin,1e-12,,,,,,,,,,,,,,,,,,,,,,
exact_efim_cutting_plane_psl,Exact EFIM+cutting-plane PSL,ok,optimal,0.47227926299819956,False,,exact_efim,333.0634040298226,4995951.060447339,0.9999999999041347,3.3571428568689563,1488155.6351482817,77023837518.11142,2.0319996358157043e+18,2.0319996358157043e+18,2.031994198331848e+18,4.921260724530448e-19,0.10515474979864015,-13.201524856002385,-9.606344743376185,0.01580701390627472,4.205709556239152e-09,64.0,453.99362408159067,77023631415.28462,77023631407.90073,4.995951060447339,1.4881556351482816,77023837518.11142,2.0319996358157043e+18,2.031994198331848e+18,2.0319996358157043e+18,0.0002675927574269094,453.99362408159067,1.1712122069853484e+18,44395312449.873886,26381438.54281344,4.684848827941393e+18,177581250000.0,0.25,0.13850737933707974,True,True,True,True,0.7349496412457284,False,False,True,-13.256466474732292,-13.411868543658201,-13.201524856002385,-13.201524856002385,-0.05494161872990766,True,0.25,4.0,32.0,-1.4973958333333334e-06,1.0416666666666667e-06,9,natural_tdl,,unknown_amplitude_exact,,-13.256466474732292,0.2173585239870126,249.0,1.0416666666666667e-06,1.1712122069853484e+18,44395312449.873886,quad_over_lin,1e-12,-9.606220132841981,-0.05494161872990766,249.0,1985.0,1.0,249.0,True,1.0,dense_psl_satisfied,False,0.47227926299819956,0.0,249.0,-13.201524856002385,-13.411868543658201,,0.0,,,,,
exact_efim_cutting_plane_psl_ee,Exact EFIM+cutting-plane PSL+EE,ok,optimal,0.9339596949976112,False,,exact_efim,257.98197729459656,3869729.6594189485,0.4652689185638199,1.8293397673251999,2115369.560394535,44395335655.70589,1.171212819188579e+18,1.171212819188579e+18,1.1712122024685489e+18,8.538157913032441e-19,0.13850734313756297,-13.120440242001512,-1.2798273812082455,0.03174950789227161,2.170567231577087e-05,64.0,224.1520781731661,95418607406.0157,44395312278.66262,3.8697296594189483,2.115369560394535,44395335655.70589,1.171212819188579e+18,1.1712122024685489e+18,1.171212819188579e+18,5.2656530060460414e-05,224.1520781731661,1.1712122069853484e+18,44395312449.873886,26381438.54281344,4.684848827941393e+18,177581250000.0,0.25,0.13850737933707974,True,True,True,True,-3.856516744839994e-09,False,False,True,-13.256466474732292,-13.256466424381513,-13.120440242001512,-13.120440242001512,-0.13602623273077974,True,0.25,4.0,32.0,-2.2786458333333335e-06,1.0416666666666667e-06,9,natural_tdl,,unknown_amplitude_exact,,-13.256466474732292,0.2173585239870126,249.0,1.0416666666666667e-06,1.1712122069853484e+18,44395312449.873886,quad_over_lin,1e-12,-1.2833085669611457,-0.13602623273077974,249.0,1985.0,1.0,249.0,True,1.0,dense_psl_satisfied,False,0.9339596949976112,0.0,249.0,-13.120440242001512,-13.256466424381513,,0.0,5.0,True,2115369.559520526,0.0015988592058420181,0.8597423979917949
uniform,Uniform,ok,ok,1.3680000847671181e-05,False,,none,333.0626492080466,4995939.738120699,1.0,3.357142857142857,1488152.2624189316,76781250000.0,2.0255998281153943e+18,2.0255998281153943e+18,2.0255998281153943e+18,4.936809265680052e-19,0.10532073506634214,-13.256466474732292,-9.684463547443015,0.015625,0.0,64.0,0.0,76781250000.0,76781250000.0,4.9959397381207,1.4881522624189316,76781250000.0,2.0255998281153943e+18,2.0255998281153943e+18,2.0255998281153943e+18,0.0,0.0,1.6396970897794875e+18,62153437429.82344,26381438.54281344,4.684848827941393e+18,177581250000.0,0.35,0.11706010095802957,False,True,True,True,0.23535001723263682,False,False,True,-13.256466474732292,-13.456972739469613,-13.256466474732292,-13.256466474732292,0.0,True,0.25,4.0,32.0,-1.4973958333333334e-06,1.0416666666666667e-06,9,natural_tdl,,,,,,,,,,,,,,,,,,,,,,,,,,,,,,,,,
water_filling,Water-filling,ok,ok,0.0001923929994518403,False,,none,333.06340403846104,4995951.060576916,1.0000000000001212,3.3571428571432036,1488155.6350653106,77023827443.37033,2.0319993700295416e+18,2.0319993700295416e+18,2.0319939328981975e+18,4.921261368232914e-19,0.10515475667577724,-13.20152768249394,-9.606348061585422,0.01580700583845207,4.2053040433941526e-09,64.0,453.97890761950976,77023621346.51244,77023621346.52177,4.995951060576916,1.4881556350653107,77023827443.37033,2.0319993700295416e+18,2.0319939328981975e+18,2.0319993700295416e+18,0.0002675754443786542,453.97890761950976,1.6396970897794875e+18,62153437429.82344,26381438.54281344,4.684848827941393e+18,177581250000.0,0.35,0.11706010095802957,False,True,True,True,0.23924958186726278,False,False,True,-13.256466474732292,-13.411871005769488,-13.20152768249394,-13.20152768249394,-0.054938792238353074,True,0.25,4.0,32.0,-1.4973958333333334e-06,1.0416666666666667e-06,9,natural_tdl,0.016066459257893,,,,,,,,,,,,,,,,,,,,,,,,,,,,,,,,
conventional_s2,Conventional $S_2$,ok,optimal,0.01779890200123191,False,,conventional_s2,333.0634039701837,4995951.059552755,0.9999999992416907,3.357142854976259,1488155.6357208055,77023852386.3565,2.0320000280613985e+18,2.0320000280613985e+18,2.0319945905094308e+18,4.92125977455835e-19,0.10515473964940311,-13.20152456484035,-9.606340403084042,0.0158069836662803,4.2056156966889975e-09,64.0,453.99646764285586,77023646331.97177,77023646273.56403,4.995951059552755,1.4881556357208054,77023852386.3565,2.0320000280613985e+18,2.0319945905094308e+18,2.0320000280613985e+18,0.00026759605770929155,453.99646764285586,1.6396970897794875e+18,62153437429.82344,26381438.54281344,4.684848827941393e+18,177581250000.0,0.35,0.11706010095802957,True,True,True,True,0.2392499829237978,False,False,True,-13.256466474732292,-13.41186908433354,-13.20152456484035,-13.20152456484035,-0.054941909891942586,True,0.25,4.0,32.0,-1.4973958333333334e-06,1.0416666666666667e-06,9,natural_tdl,,known_amplitude_linear,62153437429.82344,,,,,,,,,,,,,,,,,,,,,,,,,,,,,,
conventional_s2_psl,Conventional $S_2$+PSL,ok,optimal,0.511207335999643,False,,conventional_s2,333.0634040278153,4995951.060417229,0.9999999998830391,3.357142856808683,1488155.6351660308,77023827650.28537,2.031999375488258e+18,2.031999375488258e+18,2.0319939396015662e+18,4.92126135501255e-19,0.10515475653453457,-13.20153260930355,-9.60634863458074,0.01580699123087592,4.204948998200213e-09,64.0,453.92694289261357,77023621609.62466,77023621600.6159,4.995951060417229,1.4881556351660308,77023827650.28537,2.031999375488258e+18,2.0319939396015662e+18,2.031999375488258e+18,0.00026751419106779207,453.92694289261357,1.6396970897794875e+18,62153437429.82344,26381438.54281344,4.684848827941393e+18,177581250000.0,0.35,0.11706010095802957,True,True,True,True,0.2392495859554378,False,False,True,-13.256466474732292,-13.411876256271265,-13.20153260930355,-13.20153260930355,-0.054933865428742124,True,0.25,4.0,32.0,-1.4973958333333334e-06,1.0416666666666667e-06,9,natural_tdl,,known_amplitude_linear,62153437429.82344,-13.256466474732292,0.2173585239870126,249.0,1.0416666666666667e-06,,,,,,,,,,,,,,,,,,,,,,,,,,
exact_efim,Exact EFIM,ok,optimal,0.00869336699906853,False,,exact_efim,333.06340395340237,4995951.0593010355,0.9999999990529496,3.357142854436999,1488155.6358848687,77023820951.81647,2.0319991987730122e+18,2.0319991987730122e+18,2.0319937627619156e+18,4.921261782995942e-19,0.10515476110698921,-13.201528182762551,-9.606350078898828,0.015807011083359943,4.204926096617446e-09,64.0,453.93213730619055,77023614970.37663,77023614897.43138,4.995951059301036,1.4881556358848687,77023820951.81647,2.0319991987730122e+18,2.0319937627619156e+18,2.0319991987730122e+18,0.00026752033661521334,453.93213730619055,1.6396970897794875e+18,62153437429.82344,26381438.54281344,4.684848827941393e+18,177581250000.0,0.35,0.11706010095802957,True,True,True,True,0.23924947810646274,False,False,True,-13.256466474732292,-13.411871112062952,-13.201528182762551,-13.201528182762551,-0.05493829196974076,True,0.25,4.0,32.0,-1.4973958333333334e-06,1.0416666666666667e-06,9,natural_tdl,,unknown_amplitude_exact,,,,,,1.6396970897794875e+18,62153437429.82344,quad_over_lin,1e-12,,,,,,,,,,,,,,,,,,,,,,
exact_efim_sampled_psl,Exact EFIM+sampled PSL,ok,optimal,0.48648268100077985,False,,exact_efim,333.0634039967263,4995951.059950895,0.9999999996899395,3.3571428562569703,1488155.6352716861,77023928889.97171,2.0320020463368212e+18,2.0320020463368212e+18,2.0319965859431683e+18,4.921254886542775e-19,0.1051546874271921,-13.201408391873686,-9.60630555407656,0.01580679620680633,4.210792578851287e-09,64.0,454.9490264287406,77023721935.23715,77023721911.35513,4.995951059950895,1.488155635271686,77023928889.97171,2.0320020463368212e+18,2.0319965859431683e+18,2.0320020463368212e+18,0.00026871988947234035,454.9490264287406,1.6396970897794875e+18,62153437429.82344,26381438.54281344,4.684848827941393e+18,177581250000.0,0.35,0.11706010095802957,True,True,True,True,0.2392511998764593,False,False,True,-13.256466474732292,-13.411746669221394,-13.201408391873686,-13.201408391873686,-0.05505808285860603,True,0.25,4.0,32.0,-1.4973958333333334e-06,1.0416666666666667e-06,9,natural_tdl,,unknown_amplitude_exact,,-13.256466474732292,0.2173585239870126,249.0,1.0416666666666667e-06,1.6396970897794875e+18,62153437429.82344,quad_over_lin,1e-12,,,,,,,,,,,,,,,,,,,,,,
exact_efim_cutting_plane_psl,Exact EFIM+cutting-plane PSL,ok,optimal,0.4933072159983567,False,,exact_efim,333.0634039967263,4995951.059950895,0.9999999996899395,3.3571428562569703,1488155.6352716861,77023928889.97171,2.0320020463368212e+18,2.0320020463368212e+18,2.0319965859431683e+18,4.921254886542775e-19,0.1051546874271921,-13.201408391873686,-9.60630555407656,0.01580679620680633,4.210792578851287e-09,64.0,454.9490264287406,77023721935.23715,77023721911.35513,4.995951059950895,1.488155635271686,77023928889.97171,2.0320020463368212e+18,2.0319965859431683e+18,2.0320020463368212e+18,0.00026871988947234035,454.9490264287406,1.6396970897794875e+18,62153437429.82344,26381438.54281344,4.684848827941393e+18,177581250000.0,0.35,0.11706010095802957,True,True,True,True,0.2392511998764593,False,False,True,-13.256466474732292,-13.411746669221394,-13.201408391873686,-13.201408391873686,-0.05505808285860603,True,0.25,4.0,32.0,-1.4973958333333334e-06,1.0416666666666667e-06,9,natural_tdl,,unknown_amplitude_exact,,-13.256466474732292,0.2173585239870126,249.0,1.0416666666666667e-06,1.6396970897794875e+18,62153437429.82344,quad_over_lin,1e-12,-9.606180870296654,-0.05505808285860603,249.0,1985.0,1.0,249.0,True,1.0,dense_psl_satisfied,False,0.4933072159983567,0.0,249.0,-13.201408391873686,-13.411746669221394,,0.0,,,,,
exact_efim_cutting_plane_psl_ee,Exact EFIM+cutting-plane PSL+EE,ok,optimal,1.8397034720001102,False,,exact_efim,283.9534084525638,4259301.126788457,0.6409185042204616,2.331195726344176,1827088.5960605165,62153449593.24168,1.639697410667958e+18,1.639697410667958e+18,1.639697085897726e+18,6.098686217920131e-19,0.1170600895037093,-13.017824784080236,0.05447437999962895,0.052575839264959644,6.160842719806514e-05,64.0,138.59177786331188,96975570019.27998,62153437282.68357,4.259301126788457,1.8270885960605165,62153449593.24168,1.6396974106679583e+18,1.639697085897726e+18,1.639697410667958e+18,1.9806717382794393e-05,138.59177786331188,1.6396970897794875e+18,62153437429.82344,26381438.54281344,4.684848827941393e+18,177581250000.0,0.35,0.11706010095802957,True,True,True,True,-2.367365021378451e-09,False,False,True,-13.256466474732292,-13.256466446993327,-13.017824784080236,-13.017824784080236,-0.23864169065205587,True,0.25,4.0,32.0,-2.2786458333333335e-06,1.0416666666666667e-06,9,natural_tdl,,unknown_amplitude_exact,,-13.256466474732292,0.2173585239870126,251.0,1.0416666666666667e-06,1.6396970897794875e+18,62153437429.82344,quad_over_lin,1e-12,0.05102936311731726,-0.23864169065205587,249.0,1985.0,2.0,251.0,True,2.0,dense_psl_satisfied,False,1.8397034720001102,2.0,251.0,-12.926918165494971,-13.256466454114609,-3.2877604166666667e-06,1.0,5.0,True,1827088.596335314,-0.0006406065076589584,0.8613692630024161
uniform,Uniform,ok,ok,1.3754997780779377e-05,False,,none,333.0626492080466,4995939.738120699,1.0,3.357142857142857,1488152.2624189316,76781250000.0,2.0255998281153943e+18,2.0255998281153943e+18,2.0255998281153943e+18,4.936809265680052e-19,0.10532073506634214,-13.256466474732292,-9.684463547443015,0.015625,0.0,64.0,0.0,76781250000.0,76781250000.0,4.9959397381207,1.4881522624189316,76781250000.0,2.0255998281153943e+18,2.0255998281153943e+18,2.0255998281153943e+18,0.0,0.0,2.1081819725736271e+18,79911562409.77301,26381438.54281344,4.684848827941393e+18,177581250000.0,0.45,0.10323730519435335,False,False,False,False,-0.039172208819060424,False,False,True,-13.256466474732292,-13.456972739469613,-13.256466474732292,-13.256466474732292,0.0,True,0.25,4.0,32.0,-1.4973958333333334e-06,1.0416666666666667e-06,9,natural_tdl,,,,,,,,,,,,,,,,,,,,,,,,,,,,,,,,,
water_filling,Water-filling,ok,ok,0.0002015470017795451,False,,none,333.06340403846104,4995951.060576916,1.0000000000001212,3.3571428571432036,1488155.6350653106,77023827443.37033,2.0319993700295416e+18,2.0319993700295416e+18,2.0319939328981975e+18,4.921261368232914e-19,0.10515475667577724,-13.20152768249394,-9.606348061585422,0.01580700583845207,4.2053040433941526e-09,64.0,453.97890761950976,77023621346.51244,77023621346.52177,4.995951060576916,1.4881556350653107,77023827443.37033,2.0319993700295416e+18,2.0319939328981975e+18,2.0319993700295416e+18,0.0002675754443786542,453.97890761950976,2.1081819725736271e+18,79911562409.77301,26381438.54281344,4.684848827941393e+18,177581250000.0,0.45,0.10323730519435335,False,False,False,False,-0.03613921410324023,False,False,True,-13.256466474732292,-13.411871005769488,-13.20152768249394,-13.20152768249394,-0.054938792238353074,True,0.25,4.0,32.0,-1.4973958333333334e-06,1.0416666666666667e-06,9,natural_tdl,0.016066459257893,,,,,,,,,,,,,,,,,,,,,,,,,,,,,,,,
conventional_s2,Conventional $S_2$,ok,optimal,0.00731062200065935,False,,conventional_s2,332.98744286656097,4994811.642998414,0.9999999993620974,3.3571428553202782,1487816.2348923632,79911562433.49492,2.1081819731994452e+18,2.1081819731994452e+18,2.1081765412766866e+18,4.743423540816866e-19,0.10323730517903025,-12.46161183393265,-8.698815725348968,0.017270132845353302,5.096338908735768e-07,64.0,453.7614075436566,79911356585.05574,79911356534.08008,4.994811642998414,1.4878162348923631,79911562433.49492,2.1081819731994452e+18,2.1081765412766866e+18,2.1081819731994452e+18,0.0002576591028530776,453.7614075436566,2.1081819725736271e+18,79911562409.77301,26381438.54281344,4.684848827941393e+18,177581250000.0,0.45,0.10323730519435335,True,False,True,True,-2.5762941772590813e-06,True,False,True,-13.256466474732292,-12.763702146531504,-12.429160443448966,-12.429160443448966,-0.8273060312833262,False,0.25,4.0,32.0,-1.46484375e-06,1.0416666666666667e-06,9,natural_tdl,,known_amplitude_linear,79911562409.77301,,,,,,,,,,,,,,,,,,,,,,,,,,,,,,
conventional_s2_psl,Conventional $S_2$+PSL,ok,optimal,0.4685106299984909,False,,conventional_s2,332.96319793512316,4994447.969026848,0.999999999916864,3.357142856905326,1487707.905772833,79911562415.28705,2.1081819727190956e+18,2.1081819727190956e+18,2.1081766992737495e+18,4.743423541897656e-19,0.10323730519079156,-12.880548787425008,-8.708491404059917,0.018052942166040708,6.715200710543293e-07,64.0,447.09312119700223,79911362529.67155,79911362523.02805,4.994447969026848,1.4877079057728329,79911562415.28705,2.1081819727190956e+18,2.1081766992737495e+18,2.1081819727190956e+18,0.00025014184801354714,447.09312119700223,2.1081819725736271e+18,79911562409.77301,26381438.54281344,4.684848827941393e+18,177581250000.0,0.45,0.10323730519435335,True,False,True,True,-2.5013494784771635e-06,True,False,True,-13.256466474732292,-13.256466494683089,-12.848038378508242,-12.848038378508242,-0.40842809622404985,False,0.25,4.0,32.0,-1.46484375e-06,1.0416666666666667e-06,9,natural_tdl,,known_amplitude_linear,79911562409.77301,-13.256466474732292,0.2173585239870126,249.0,1.0416666666666667e-06,,,,,,,,,,,,,,,,,,,,,,,,,,
exact_efim,Exact EFIM,ok,optimal,0.00986282600206323,False,,exact_efim,332.9874329236942,4994811.493855413,0.9999999985926912,3.357142853121975,1487816.191441031,79911732668.49554,2.1081864642436526e+18,2.1081864642436526e+18,2.108181978679718e+18,4.743413435958887e-19,0.10323719521637842,-12.461543120559739,-8.69876984341236,0.017265970388318883,5.095698026060884e-07,64.0,412.3436294451121,79911562753.68729,79911562641.22704,4.994811493855413,1.4878161914410308,79911732668.49554,2.108186464243652e+18,2.108181978679718e+18,2.1081864642436526e+18,0.00021276884235803457,412.3436294451121,2.1081819725736271e+18,79911562409.77301,26381438.54281344,4.684848827941393e+18,177581250000.0,0.45,0.10323730519435335,True,True,True,True,2.8963774623998914e-09,False,False,True,-13.256466474732292,-12.763634475456309,-12.429090569424655,-12.429090569424655,-0.8273759053076368,False,0.25,4.0,32.0,-1.46484375e-06,1.0416666666666667e-06,9,natural_tdl,,unknown_amplitude_exact,,,,,,2.1081819725736271e+18,79911562409.77301,quad_over_lin,1e-12,,,,,,,,,,,,,,,,,,,,,,
exact_efim_sampled_psl,Exact EFIM+sampled PSL,ok,optimal,0.5092063160009275,False,,exact_efim,332.9631850803587,4994447.77620538,0.9999999996715212,3.3571428562043466,1487707.848647288,79911716560.92299,2.1081860393027164e+18,2.1081860393027164e+18,2.1081819718564047e+18,4.743414392074954e-19,0.10323720562098868,-12.880525452652572,-8.708451137410563,0.018046597778135446,6.71436262775218e-07,64.0,392.6554935950134,79911562408.83565,79911562382.5864,4.99444777620538,1.4877078486472881,79911716560.92299,2.1081860393027167e+18,2.1081819718564047e+18,2.1081860393027164e+18,0.000192935833738151,392.6554935950134,2.1081819725736271e+18,79911562409.77301,26381438.54281344,4.684848827941393e+18,177581250000.0,0.45,0.10323730519435335,True,True,True,True,-3.402089617171088e-10,False,False,True,-13.256466474732292,-13.256466528282417,-12.848020356550068,-12.848020356550068,-0.40844611818222454,False,0.25,4.0,32.0,-1.46484375e-06,1.0416666666666667e-06,9,natural_tdl,,unknown_amplitude_exact,,-13.256466474732292,0.2173585239870126,249.0,1.0416666666666667e-06,2.1081819725736271e+18,79911562409.77301,quad_over_lin,1e-12,,,,,,,,,,,,,,,,,,,,,,
exact_efim_cutting_plane_psl,Exact EFIM+cutting-plane PSL,ok,optimal,1.0260314980005205,False,,exact_efim,332.8975686260807,4993463.5293912105,0.9999999998329242,3.3571428566654977,1487414.6685407956,79911701274.24364,2.1081856360181245e+18,2.1081856360181245e+18,2.1081819683917916e+18,4.743415299464657e-19,0.10323721549534974,-13.271981228933571,-8.680941011976973,0.018895546166723887,1.0727659109361727e-06,64.0,372.8578615912853,79911562264.61,79911562251.25871,4.99346352939121,1.4874146685407956,79911701274.24364,2.1081856360181248e+18,2.1081819683917916e+18,2.1081856360181245e+18,0.0001739707486033013,372.8578615912853,2.1081819725736271e+18,79911562409.77301,26381438.54281344,4.684848827941393e+18,177581250000.0,0.45,0.10323730519435335,True,True,True,True,-1.9836217055280562e-09,False,False,True,-13.256466474732292,-13.739160144229592,-13.256466484252996,-13.256466484252996,9.520704224996734e-09,True,0.25,4.0,32.0,-1.46484375e-06,1.0416666666666667e-06,9,natural_tdl,,unknown_amplitude_exact,,-13.256466474732292,0.2173585239870126,251.0,1.0416666666666667e-06,2.1081819725736271e+18,79911562409.77301,quad_over_lin,1e-12,-8.68066960578132,9.520704224996734e-09,249.0,1985.0,2.0,251.0,True,2.0,dense_psl_satisfied,False,1.0260314980005205,2.0,251.0,-12.848020356550068,-13.256466528282417,-1.46484375e-06,1.0,,,,,
exact_efim_cutting_plane_psl_ee,Exact EFIM+cutting-plane PSL+EE,ok,optimal,1.6627826809999533,False,,exact_efim,306.6975629393685,4600463.4440905275,0.8263612707223342,2.861032202063812,1607973.3184310098,79911576641.55298,2.1081823480284554e+18,2.1081823480284554e+18,2.1081819693706076e+18,4.743422697449236e-19,0.1032372960013757,-13.033684356486821,-0.39133092595660135,0.062499999771750976,8.956157240257013e-05,64.0,131.7920662682837,96702937467.6639,79911562288.36116,4.600463444090527,1.6079733184310099,79911576641.55298,2.108182348028456e+18,2.1081819693706076e+18,2.1081823480284554e+18,1.7961342298597456e-05,131.7920662682837,2.1081819725736271e+18,79911562409.77301,26381438.54281344,4.684848827941393e+18,177581250000.0,0.45,0.10323730519435335,True,True,True,True,-1.5193278197374094e-09,False,False,True,-13.256466474732292,-13.256466457841507,-13.033684356486821,-13.033684356486821,-0.22278211824547078,True,0.25,4.0,32.0,-2.2786458333333335e-06,1.0416666666666667e-06,9,natural_tdl,,unknown_amplitude_exact,,-13.256466474732292,0.2173585239870126,251.0,1.0416666666666667e-06,2.1081819725736271e+18,79911562409.77301,quad_over_lin,1e-12,-0.3948691298268641,-0.22278211824547078,249.0,1985.0,2.0,251.0,True,2.0,dense_psl_satisfied,False,1.6627826809999533,2.0,251.0,-12.985709645375161,-13.256466454482158,-3.2877604166666667e-06,1.0,4.0,True,1607973.3183803011,0.00014507956802845,0.7398531319995527
uniform,Uniform,ok,ok,1.3463999493978918e-05,False,,none,333.0626492080466,4995939.738120699,1.0,3.357142857142857,1488152.2624189316,76781250000.0,2.0255998281153943e+18,2.0255998281153943e+18,2.0255998281153943e+18,4.936809265680052e-19,0.10532073506634214,-13.256466474732292,-9.684463547443015,0.015625,0.0,64.0,0.0,76781250000.0,76781250000.0,4.9959397381207,1.4881522624189316,76781250000.0,2.0255998281153943e+18,2.0255998281153943e+18,2.0255998281153943e+18,0.0,0.0,2.3424244139706967e+18,88790624899.74777,26381438.54281344,4.684848827941393e+18,177581250000.0,0.5,0.09793950717362658,False,False,False,False,-0.13525498793715435,False,False,True,-13.256466474732292,-13.456972739469613,-13.256466474732292,-13.256466474732292,0.0,True,0.25,4.0,32.0,-1.4973958333333334e-06,1.0416666666666667e-06,9,natural_tdl,,,,,,,,,,,,,,,,,,,,,,,,,,,,,,,,,
water_filling,Water-filling,ok,ok,0.00019901800260413438,False,,none,333.06340403846104,4995951.060576916,1.0000000000001212,3.3571428571432036,1488155.6350653106,77023827443.37033,2.0319993700295416e+18,2.0319993700295416e+18,2.0319939328981975e+18,4.921261368232914e-19,0.10515475667577724,-13.20152768249394,-9.606348061585422,0.01580700583845207,4.2053040433941526e-09,64.0,453.97890761950976,77023621346.51244,77023621346.52177,4.995951060576916,1.4881556350653107,77023827443.37033,2.0319993700295416e+18,2.0319939328981975e+18,2.0319993700295416e+18,0.0002675754443786542,453.97890761950976,2.3424244139706967e+18,88790624899.74777,26381438.54281344,4.684848827941393e+18,177581250000.0,0.5,0.09793950717362658,False,False,False,False,-0.13252529269291616,False,False,True,-13.256466474732292,-13.411871005769488,-13.20152768249394,-13.20152768249394,-0.054938792238353074,True,0.25,4.0,32.0,-1.4973958333333334e-06,1.0416666666666667e-06,9,natural_tdl,0.016066459257893,,,,,,,,,,,,,,,,,,,,,,,,,,,,,,,,
conventional_s2,Conventional $S_2$,ok,optimal,0.008078421000391245,False,,conventional_s2,331.86052454142987,4977907.868121448,0.9999999985581896,3.357142853023399,1482781.068919486,88790624842.25125,2.3424244124538557e+18,2.3424244124538557e+18,2.34241898241811e+18,4.269081190766916e-19,0.09793950720533703,-10.52286613789888,-6.236964515680297,0.02264303129422205,7.62249163552981e-06,64.0,453.68258405419806,88790419142.38342,88790419014.36447,4.977907868121448,1.4827810689194858,88790624842.25125,2.3424244124538557e+18,2.34241898241811e+18,2.3424244124538557e+18,0.0002318126346755263,453.68258405419806,2.3424244139706967e+18,88790624899.74777,26381438.54281344,4.684848827941393e+18,177581250000.0,0.5,0.09793950717362658,True,False,True,True,-2.318773896974909e-06,True,False,True,-13.256466474732292,-10.991067815589401,-10.516220681929813,-10.516220681929813,-2.7402457928024795,False,0.25,4.0,32.0,-1.3997395833333333e-06,1.0416666666666667e-06,9,natural_tdl,,known_amplitude_linear,88790624899.74777,,,,,,,,,,,,,,,,,,,,,,,,,,,,,,
conventional_s2_psl,Conventional $S_2$+PSL,ok,optimal,0.49563464800303336,False,,conventional_s2,330.59612724065323,4958941.908609798,0.9999999995638948,3.357142855896843,1477131.632900097,88790624867.53983,2.3424244131210045e+18,2.3424244131210045e+18,2.342419112163255e+18,4.2690811895510337e-19,0.0979395071913899,-13.023444069119716,-5.4151901161831075,0.03331652741790347,1.9160831073452e-05,64.0,448.2578820545576,88790423971.13304,88790423932.41109,4.958941908609798,1.477131632900097,88790624867.53983,2.3424244131210045e+18,2.342419112163255e+18,2.3424244131210045e+18,0.00022630219016105192,448.2578820545576,2.3424244139706967e+18,88790624899.74777,26381438.54281344,4.684848827941393e+18,177581250000.0,0.5,0.09793950717362658,True,False,True,True,-2.2633846412712143e-06,True,False,True,-13.256466474732292,-13.25646646787493,-13.023444069119716,-13.023444069119716,-0.23302240561257648,True,0.25,4.0,32.0,-1.3671875e-06,1.0416666666666667e-06,9,natural_tdl,,known_amplitude_linear,88790624899.74777,-13.256466474732292,0.2173585239870126,249.0,1.0416666666666667e-06,,,,,,,,,,,,,,,,,,,,,,,,,,
exact_efim,Exact EFIM,ok,optimal,0.009590977999323513,False,,exact_efim,331.86049681924294,4977907.452288644,0.9999999988845097,3.357142853955742,1482780.9446425985,88790720157.90134,2.3424269270178207e+18,2.3424269270178207e+18,2.3424244157672197e+18,4.269076607965377e-19,0.09793945463694763,-10.522744268203109,-6.236959839592561,0.02262183699325162,7.6221119347352785e-06,64.0,308.5288571071405,88790625066.89085,88790624967.84578,4.977907452288644,1.4827809446425986,88790720157.90134,2.3424269270178207e+18,2.3424244157672197e+18,2.3424269270178207e+18,0.00010720721197297332,308.5288571071405,2.3424244139706967e+18,88790624899.74777,26381438.54281344,4.684848827941393e+18,177581250000.0,0.5,0.09793950717362658,True,True,True,True,7.669502577266402e-10,False,False,True,-13.256466474732292,-10.99095288238181,-10.516101552605711,-10.516101552605711,-2.740364922126581,False,0.25,4.0,32.0,-1.3997395833333333e-06,1.0416666666666667e-06,9,natural_tdl,,unknown_amplitude_exact,,,,,,2.3424244139706967e+18,88790624899.74777,quad_over_lin,1e-12,,,,,,,,,,,,,,,,,,,,,,
exact_efim_sampled_psl,Exact EFIM+sampled PSL,ok,optimal,0.5000862900014909,False,,exact_efim,330.59608297992736,4958941.24469891,0.9999999994067483,3.3571428554478526,1477131.435336961,88790661879.3612,2.3424253895460956e+18,2.3424253895460956e+18,2.342424409795402e+18,4.2690794100117544e-19,0.09793948677865816,-13.023450072356004,-5.415173842987415,0.033285045945655914,1.9160641866205165e-05,64.0,192.7119088388422,88790624794.1566,88790624741.48141,4.95894124469891,1.477131435336961,88790661879.3612,2.3424253895460956e+18,2.342424409795402e+18,2.3424253895460956e+18,4.1826335120362215e-05,192.7119088388422,2.3424244139706967e+18,88790624899.74777,26381438.54281344,4.684848827941393e+18,177581250000.0,0.5,0.09793950717362658,True,True,True,True,-1.7824671050633235e-09,False,False,True,-13.256466474732292,-13.256466465693437,-13.023450072356004,-13.023450072356004,-0.23301640237628796,True,0.25,4.0,32.0,-1.3671875e-06,1.0416666666666667e-06,9,natural_tdl,,unknown_amplitude_exact,,-13.256466474732292,0.2173585239870126,249.0,1.0416666666666667e-06,2.3424244139706967e+18,88790624899.74777,quad_over_lin,1e-12,,,,,,,,,,,,,,,,,,,,,,
exact_efim_cutting_plane_psl,Exact EFIM+cutting-plane PSL,ok,optimal,0.5128860610020638,False,,exact_efim,330.59608297992736,4958941.24469891,0.9999999994067483,3.3571428554478526,1477131.435336961,88790661879.3612,2.3424253895460956e+18,2.3424253895460956e+18,2.342424409795402e+18,4.2690794100117544e-19,0.09793948677865816,-13.023450072356004,-5.415173842987415,0.033285045945655914,1.9160641866205165e-05,64.0,192.7119088388422,88790624794.1566,88790624741.48141,4.95894124469891,1.477131435336961,88790661879.3612,2.3424253895460956e+18,2.342424409795402e+18,2.3424253895460956e+18,4.1826335120362215e-05,192.7119088388422,2.3424244139706967e+18,88790624899.74777,26381438.54281344,4.684848827941393e+18,177581250000.0,0.5,0.09793950717362658,True,True,True,True,-1.7824671050633235e-09,False,False,True,-13.256466474732292,-13.256466465693437,-13.023450072356004,-13.023450072356004,-0.23301640237628796,True,0.25,4.0,32.0,-1.3671875e-06,1.0416666666666667e-06,9,natural_tdl,,unknown_amplitude_exact,,-13.256466474732292,0.2173585239870126,249.0,1.0416666666666667e-06,2.3424244139706967e+18,88790624899.74777,quad_over_lin,1e-12,-5.418020838496151,-0.23301640237628796,249.0,1985.0,1.0,249.0,True,1.0,dense_psl_satisfied,False,0.5128860610020638,0.0,249.0,-13.023450072356004,-13.256466465693437,,0.0,,,,,
exact_efim_cutting_plane_psl_ee,Exact EFIM+cutting-plane PSL+EE,ok,optimal,0.856272966000688,False,,exact_efim,316.5812336438554,4748718.504657831,0.920962599531977,3.131321712948506,1516522.075972308,88790634391.59656,2.342424664379322e+18,2.342424664379322e+18,2.3424244110874276e+18,4.2690807316314377e-19,0.09793950193868811,-13.03634702372735,-0.8431885707656516,0.062499999855476406,9.667007423425543e-05,64.0,102.10344895270778,96410673827.12242,88790624790.4562,4.748718504657831,1.516522075972308,88790634391.59656,2.342424664379322e+18,2.3424244110874276e+18,2.342424664379322e+18,1.0813235453150225e-05,102.10344895270778,2.3424244139706967e+18,88790624899.74777,26381438.54281344,4.684848827941393e+18,177581250000.0,0.5,0.09793950717362658,True,True,True,True,-1.2308909960140422e-09,False,False,True,-13.256466474732292,-13.256466461628007,-13.03634702372735,-13.03634702372735,-0.22011945100494223,True,0.25,4.0,32.0,-3.3203125000000002e-06,1.0416666666666667e-06,9,natural_tdl,,unknown_amplitude_exact,,-13.256466474732292,0.2173585239870126,249.0,1.0416666666666667e-06,2.3424244139706967e+18,88790624899.74777,quad_over_lin,1e-12,-0.8468300528320537,-0.22011945100494223,249.0,1985.0,1.0,249.0,True,1.0,dense_psl_satisfied,False,0.856272966000688,0.0,249.0,-13.03634702372735,-13.256466461628007,,0.0,4.0,True,1516522.075756676,0.0006752125918865204,0.8085413730004802
uniform,Uniform,ok,ok,1.4051998732611537e-05,False,,none,333.0626492080466,4995939.738120699,1.0,3.357142857142857,1488152.2624189316,76781250000.0,2.0255998281153943e+18,2.0255998281153943e+18,2.0255998281153943e+18,4.936809265680052e-19,0.10532073506634214,-13.256466474732292,-9.684463547443015,0.015625,0.0,64.0,0.0,76781250000.0,76781250000.0,4.9959397381207,1.4881522624189316,76781250000.0,2.0255998281153943e+18,2.0255998281153943e+18,2.0255998281153943e+18,0.0,0.0,2.5766668553677665e+18,97669687389.72256,26381438.54281344,4.684848827941393e+18,177581250000.0,0.55,0.09338165609920326,False,False,False,False,-0.21386817085195853,False,False,True,-13.256466474732292,-13.456972739469613,-13.256466474732292,-13.256466474732292,0.0,True,0.25,4.0,32.0,-1.4973958333333334e-06,1.0416666666666667e-06,9,natural_tdl,,,,,,,,,,,,,,,,,,,,,,,,,,,,,,,,,
water_filling,Water-filling,ok,ok,0.00019595000048866495,False,,none,333.06340403846104,4995951.060576916,1.0000000000001212,3.3571428571432036,1488155.6350653106,77023827443.37033,2.0319993700295416e+18,2.0319993700295416e+18,2.0319939328981975e+18,4.921261368232914e-19,0.10515475667577724,-13.20152768249394,-9.606348061585422,0.01580700583845207,4.2053040433941526e-09,64.0,453.97890761950976,77023621346.51244,77023621346.52177,4.995951060576916,1.4881556350653107,77023827443.37033,2.0319993700295416e+18,2.0319939328981975e+18,2.0319993700295416e+18,0.0002675754443786542,453.97890761950976,2.5766668553677665e+18,97669687389.72256,26381438.54281344,4.684848827941393e+18,177581250000.0,0.55,0.09338165609920326,False,False,False,False,-0.2113866297208329,False,False,True,-13.256466474732292,-13.411871005769488,-13.20152768249394,-13.20152768249394,-0.054938792238353074,True,0.25,4.0,32.0,-1.4973958333333334e-06,1.0416666666666667e-06,9,natural_tdl,0.016066459257893,,,,,,,,,,,,,,,,,,,,,,,,,,,,,,,,
conventional_s2,Conventional $S_2$,ok,optimal,0.0073620460025267676,False,,conventional_s2,329.50840358351013,4942626.053752652,0.9999999992700138,3.3571428550571825,1472271.591394184,97669687346.31458,2.576666854222601e+18,2.576666854222601e+18,2.5766614173192346e+18,3.88098289990891e-19,0.09338165611995437,-9.041531121798874,-4.135256853197037,0.029684587162978088,2.402078810813267e-05,64.0,453.9693900704139,97669481329.40498,97669481258.1076,4.942626053752653,1.472271591394184,97669687346.31458,2.576666854222601e+18,2.5766614173192346e+18,2.576666854222601e+18,0.0002110052899444912,453.9693900704139,2.5766668553677665e+18,97669687389.72256,26381438.54281344,4.684848827941393e+18,177581250000.0,0.55,0.09338165609920326,True,False,True,True,-2.1104973352062734e-06,True,False,True,-13.256466474732292,-9.19339348499657,-9.041531121798874,-9.041531121798874,-4.214935352933418,False,0.25,4.0,32.0,-1.3671875e-06,1.0416666666666667e-06,9,natural_tdl,,known_amplitude_linear,97669687389.72256,,,,,,,,,,,,,,,,,,,,,,,,,,,,,,
conventional_s2_psl,Conventional $S_2$+PSL,infeasible,infeasible,0.473309821998555,False,max_rate_isac: problem is infeasible (solver CLARABEL),conventional_s2,,,,,,,,,,,,,,,,,,,,,,,,,,,,2.5766668553677665e+18,97669687389.72256,26381438.54281344,4.684848827941393e+18,177581250000.0,0.55,0.09338165609920326,False,False,,,,False,,True,-13.256466474732292,,,,,False,,,,,,9,natural_tdl,,,,,,,,,,,,,,,,,,,,,,,,,,,,,,,,,
exact_efim,Exact EFIM,ok,optimal,0.009965080000256421,False,,exact_efim,329.5083692253794,4942625.538380691,0.9999999982129564,3.3571428520370183,1472271.4392036214,97669738298.92589,2.576668198425786e+18,2.576668198425786e+18,2.576666844492691e+18,3.88098087526733e-19,0.09338163176215465,-9.041665717279002,-4.135219598246343,0.029638795130976704,2.402108935242717e-05,64.0,226.5423314553531,97669687152.03802,97669686977.49803,4.942625538380691,1.4722714392036214,97669738298.92589,2.5766681984257853e+18,2.576666844492691e+18,2.576668198425786e+18,5.254588447744978e-05,226.5423314553531,2.5766668553677665e+18,97669687389.72256,26381438.54281344,4.684848827941393e+18,177581250000.0,0.55,0.09338165609920326,True,True,True,True,-4.220598235796302e-09,False,False,True,-13.256466474732292,-9.1935152417038,-9.041665717279002,-9.041665717279002,-4.21480075745329,False,0.25,4.0,32.0,-1.3671875e-06,1.0416666666666667e-06,9,natural_tdl,,unknown_amplitude_exact,,,,,,2.5766668553677665e+18,97669687389.72256,quad_over_lin,1e-12,,,,,,,,,,,,,,,,,,,,,,
exact_efim_sampled_psl,Exact EFIM+sampled PSL,infeasible,infeasible,0.4657635229996231,False,max_rate_isac: problem is infeasible (solver CLARABEL),exact_efim,,,,,,,,,,,,,,,,,,,,,,,,,,,,2.5766668553677665e+18,97669687389.72256,26381438.54281344,4.684848827941393e+18,177581250000.0,0.55,0.09338165609920326,False,False,,,,False,,True,-13.256466474732292,,,,,False,,,,,,9,natural_tdl,,,,,,,,,,,,,,,,,,,,,,,,,,,,,,,,,
exact_efim_cutting_plane_psl,Exact EFIM+cutting-plane PSL,infeasible,infeasible,0.49968876599814394,False,max_rate_isac: problem is infeasible (solver CLARABEL),exact_efim,,,,,,,,,,,,,,,,,,,,,,,,,,,,2.5766668553677665e+18,97669687389.72256,26381438.54281344,4.684848827941393e+18,177581250000.0,0.55,0.09338165609920326,False,False,,,,False,,True,-13.256466474732292,,,,,False,,,,,,9,natural_tdl,,,,,,,,,,,,,,,,,,,,,,,,,,,,,,,,,
exact_efim_cutting_plane_psl_ee,Exact EFIM+cutting-plane PSL+EE,infeasible,infeasible,0.49952331199892797,False,dinkelbach_ee_isac[iter 1]: problem is infeasible (solver CLARABEL),exact_efim,,,,,,,,,,,,,,,,,,,,,,,,,,,,2.5766668553677665e+18,97669687389.72256,26381438.54281344,4.684848827941393e+18,177581250000.0,0.55,0.09338165609920326,False,False,,,,False,,True,-13.256466474732292,,,,,False,,,,,,9,natural_tdl,,,,,,,,,,,,,,,,,,,,,,,,,,,,,,,,,
uniform,Uniform,ok,ok,1.5321002138080075e-05,False,,none,333.0626492080466,4995939.738120699,1.0,3.357142857142857,1488152.2624189316,76781250000.0,2.0255998281153943e+18,2.0255998281153943e+18,2.0255998281153943e+18,4.936809265680052e-19,0.10532073506634214,-13.256466474732292,-9.684463547443015,0.015625,0.0,64.0,0.0,76781250000.0,76781250000.0,4.9959397381207,1.4881522624189316,76781250000.0,2.0255998281153943e+18,2.0255998281153943e+18,2.0255998281153943e+18,0.0,0.0,2.810909296764836e+18,106548749879.69733,26381438.54281344,4.684848827941393e+18,177581250000.0,0.6,0.08940612891655719,False,False,False,False,-0.27937915661429524,False,False,True,-13.256466474732292,-13.456972739469613,-13.256466474732292,-13.256466474732292,0.0,True,0.25,4.0,32.0,-1.4973958333333334e-06,1.0416666666666667e-06,9,natural_tdl,,,,,,,,,,,,,,,,,,,,,,,,,,,,,,,,,
water_filling,Water-filling,ok,ok,0.00019908600006601773,False,,none,333.06340403846104,4995951.060576916,1.0000000000001212,3.3571428571432036,1488155.6350653106,77023827443.37033,2.0319993700295416e+18,2.0319993700295416e+18,2.0319939328981975e+18,4.921261368232914e-19,0.10515475667577724,-13.20152768249394,-9.606348061585422,0.01580700583845207,4.2053040433941526e-09,64.0,453.97890761950976,77023621346.51244,77023621346.52177,4.995951060576916,1.4881556350653107,77023827443.37033,2.0319993700295416e+18,2.0319939328981975e+18,2.0319993700295416e+18,0.0002675754443786542,453.97890761950976,2.810909296764836e+18,106548749879.69733,26381438.54281344,4.684848827941393e+18,177581250000.0,0.6,0.08940612891655719,False,False,False,False,-0.27710441057743007,False,False,True,-13.256466474732292,-13.411871005769488,-13.20152768249394,-13.20152768249394,-0.054938792238353074,True,0.25,4.0,32.0,-1.4973958333333334e-06,1.0416666666666667e-06,9,natural_tdl,0.016066459257893,,,,,,,,,,,,,,,,,,,,,,,,,,,,,,,,
conventional_s2,Conventional $S_2$,ok,optimal,0.007913975001429208,False,,conventional_s2,326.04265776656786,4890639.866498518,0.9999999978654366,3.3571428510441046,1456786.3458587949,106548749707.47316,2.810909292221315e+18,2.810909292221315e+18,2.810903841043098e+18,3.5575676624191317e-19,0.0894061289888147,-7.88035609169914,-2.254273415896287,0.03896302618119558,5.2030394798248416e-05,64.0,454.5649589061246,106548543305.60635,106548543078.17174,4.890639866498518,1.4567863458587949,106548749707.47316,2.8109092922213146e+18,2.810903841043098e+18,2.810909292221315e+18,0.00019392935346740478,454.5649589061246,2.810909296764836e+18,106548749879.69733,26381438.54281344,4.684848827941393e+18,177581250000.0,0.6,0.08940612891655719,True,False,True,True,-1.9409099197925603e-06,True,False,True,-13.256466474732292,-7.88035609169914,-7.864068622213361,-7.864068622213361,-5.392397852518931,False,0.25,4.0,32.0,-1.3346354166666666e-06,1.0416666666666667e-06,9,natural_tdl,,known_amplitude_linear,106548749879.69733,,,,,,,,,,,,,,,,,,,,,,,,,,,,,,
conventional_s2_psl,Conventional $S_2$+PSL,infeasible,infeasible,0.44598222200147575,False,max_rate_isac: problem is infeasible (solver CLARABEL),conventional_s2,,,,,,,,,,,,,,,,,,,,,,,,,,,,2.810909296764836e+18,106548749879.69733,26381438.54281344,4.684848827941393e+18,177581250000.0,0.6,0.08940612891655719,False,False,,,,False,,True,-13.256466474732292,,,,,False,,,,,,9,natural_tdl,,,,,,,,,,,,,,,,,,,,,,,,,,,,,,,,,
exact_efim,Exact EFIM,ok,optimal,0.009255575998395216,False,,exact_efim,326.04262372211576,4890639.355831737,0.9999999979630005,3.357142851322859,1456786.1936243237,106548777272.31561,2.810910019421512e+18,2.810910019421512e+18,2.8109092826293437e+18,3.557566742053881e-19,0.08940611742384849,-7.880421314192408,-2.2542425061903115,0.038911494234114906,5.203071113321604e-05,64.0,167.11801335622746,106548749560.92503,106548749343.88528,4.890639355831737,1.4567861936243236,106548777272.31561,2.8109100194215117e+18,2.8109092826293437e+18,2.810910019421512e+18,2.6211873142763654e-05,167.11801335622746,2.810909296764836e+18,106548749879.69733,26381438.54281344,4.684848827941393e+18,177581250000.0,0.6,0.08940612891655719,True,True,True,True,-5.028796949182595e-09,False,False,True,-13.256466474732292,-7.880421314192408,-7.864138629135308,-7.864138629135308,-5.392327845596984,False,0.25,4.0,32.0,-1.3346354166666666e-06,1.0416666666666667e-06,9,natural_tdl,,unknown_amplitude_exact,,,,,,2.810909296764836e+18,106548749879.69733,quad_over_lin,1e-12,,,,,,,,,,,,,,,,,,,,,,
exact_efim_sampled_psl,Exact EFIM+sampled PSL,infeasible,infeasible,0.45740072899934603,False,max_rate_isac: problem is infeasible (solver CLARABEL),exact_efim,,,,,,,,,,,,,,,,,,,,,,,,,,,,2.810909296764836e+18,106548749879.69733,26381438.54281344,4.684848827941393e+18,177581250000.0,0.6,0.08940612891655719,False,False,,,,False,,True,-13.256466474732292,,,,,False,,,,,,9,natural_tdl,,,,,,,,,,,,,,,,,,,,,,,,,,,,,,,,,
exact_efim_cutting_plane_psl,Exact EFIM+cutting-plane PSL,infeasible,infeasible,0.45998985699770856,False,max_rate_isac: problem is infeasible (solver CLARABEL),exact_efim,,,,,,,,,,,,,,,,,,,,,,,,,,,,2.810909296764836e+18,106548749879.69733,26381438.54281344,4.684848827941393e+18,177581250000.0,0.6,0.08940612891655719,False,False,,,,False,,True,-13.256466474732292,,,,,False,,,,,,9,natural_tdl,,,,,,,,,,,,,,,,,,,,,,,,,,,,,,,,,
exact_efim_cutting_plane_psl_ee,Exact EFIM+cutting-plane PSL+EE,infeasible,infeasible,0.431851055000152,False,dinkelbach_ee_isac[iter 1]: problem is infeasible (solver CLARABEL),exact_efim,,,,,,,,,,,,,,,,,,,,,,,,,,,,2.810909296764836e+18,106548749879.69733,26381438.54281344,4.684848827941393e+18,177581250000.0,0.6,0.08940612891655719,False,False,,,,False,,True,-13.256466474732292,,,,,False,,,,,,9,natural_tdl,,,,,,,,,,,,,,,,,,,,,,,,,,,,,,,,,
uniform,Uniform,ok,ok,1.5300000086426735e-05,False,,none,333.0626492080466,4995939.738120699,1.0,3.357142857142857,1488152.2624189316,76781250000.0,2.0255998281153943e+18,2.0255998281153943e+18,2.0255998281153943e+18,4.936809265680052e-19,0.10532073506634214,-13.256466474732292,-9.684463547443015,0.015625,0.0,64.0,0.0,76781250000.0,76781250000.0,4.9959397381207,1.4881522624189316,76781250000.0,2.0255998281153943e+18,2.0255998281153943e+18,2.0255998281153943e+18,0.0,0.0,3.279394179558975e+18,124306874859.64688,26381438.54281344,4.684848827941393e+18,177581250000.0,0.7,0.08277399119380457,False,False,False,False,-0.3823249913836816,False,False,True,-13.256466474732292,-13.456972739469613,-13.256466474732292,-13.256466474732292,0.0,True,0.25,4.0,32.0,-1.4973958333333334e-06,1.0416666666666667e-06,9,natural_tdl,,,,,,,,,,,,,,,,,,,,,,,,,,,,,,,,,
water_filling,Water-filling,ok,ok,0.0001976790008484386,False,,none,333.06340403846104,4995951.060576916,1.0000000000001212,3.3571428571432036,1488155.6350653106,77023827443.37033,2.0319993700295416e+18,2.0319993700295416e+18,2.0319939328981975e+18,4.921261368232914e-19,0.10515475667577724,-13.20152768249394,-9.606348061585422,0.01580700583845207,4.2053040433941526e-09,64.0,453.97890761950976,77023621346.51244,77023621346.52177,4.995951060576916,1.4881556350653107,77023827443.37033,2.0319993700295416e+18,2.0319939328981975e+18,2.0319993700295416e+18,0.0002675754443786542,453.97890761950976,3.279394179558975e+18,124306874859.64688,26381438.54281344,4.684848827941393e+18,177581250000.0,0.7,0.08277399119380457,False,False,False,False,-0.3803752090663686,False,False,True,-13.256466474732292,-13.411871005769488,-13.20152768249394,-13.20152768249394,-0.054938792238353074,True,0.25,4.0,32.0,-1.4973958333333334e-06,1.0416666666666667e-06,9,natural_tdl,0.016066459257893,,,,,,,,,,,,,,,,,,,,,,,,,,,,,,,,
conventional_s2,Conventional $S_2$,ok,optimal,0.007738573000096949,False,,conventional_s2,315.98085001550095,4739712.750232514,0.9999999975139273,3.3571428500397924,1411829.3328436513,124306874599.80518,3.279394172703977e+18,3.279394172703977e+18,3.2793901011503247e+18,3.049343712090165e-19,0.08277399128031683,-5.989383642455172,1.0738964260682184,0.06249999304482934,0.0001564057811946299,64.0,392.8536973645279,124306720574.81357,124306720265.77803,4.739712750232514,1.4118293328436513,124306874599.80518,3.279394172703977e+18,3.2793901011503247e+18,3.279394172703977e+18,0.00012415566527847,392.8536973645279,3.279394179558975e+18,124306874859.64688,26381438.54281344,4.684848827941393e+18,177581250000.0,0.7,0.08277399119380457,True,False,True,True,-1.2436469746947222e-06,True,False,True,-13.256466474732292,-6.041915931118165,-5.977891541251578,-5.977891541251578,-7.278574933480714,False,0.25,4.0,32.0,-1.2695312500000002e-06,1.0416666666666667e-06,9,natural_tdl,,known_amplitude_linear,124306874859.64688,,,,,,,,,,,,,,,,,,,,,,,,,,,,,,
conventional_s2_psl,Conventional $S_2$+PSL,infeasible,infeasible,0.4461111199998413,False,max_rate_isac: problem is infeasible (solver CLARABEL),conventional_s2,,,,,,,,,,,,,,,,,,,,,,,,,,,,3.279394179558975e+18,124306874859.64688,26381438.54281344,4.684848827941393e+18,177581250000.0,0.7,0.08277399119380457,False,False,,,,False,,True,-13.256466474732292,,,,,False,,,,,,9,natural_tdl,,,,,,,,,,,,,,,,,,,,,,,,,,,,,,,,,
exact_efim,Exact EFIM,ok,optimal,0.009375145000376506,False,,exact_efim,315.98082098157465,4739712.31472362,0.9999999970465734,3.3571428487044956,1411829.2036791497,124306885250.91751,3.2793944536956426e+18,3.2793944536956426e+18,3.279394164076718e+18,3.0493434508101693e-19,0.08277398773411303,-5.989324405797661,1.0737880355200966,0.062499992524498234,0.00015639972746464635,64.0,104.7765832529256,124306874639.91637,124306874272.78514,4.73971231472362,1.4118292036791498,124306885250.91751,3.2793944536956426e+18,3.279394164076718e+18,3.2793944536956426e+18,8.831475707889308e-06,104.7765832529256,3.279394179558975e+18,124306874859.64688,26381438.54281344,4.684848827941393e+18,177581250000.0,0.7,0.08277399119380457,True,True,True,True,-4.721072261609646e-09,False,False,True,-13.256466474732292,-6.041851811335011,-5.977829930107788,-5.977829930107788,-7.278636544624504,False,0.25,4.0,32.0,-1.2695312500000002e-06,1.0416666666666667e-06,9,natural_tdl,,unknown_amplitude_exact,,,,,,3.279394179558975e+18,124306874859.64688,quad_over_lin,1e-12,,,,,,,,,,,,,,,,,,,,,,
exact_efim_sampled_psl,Exact EFIM+sampled PSL,infeasible,infeasible,0.47402624000096694,False,max_rate_isac: problem is infeasible (solver CLARABEL),exact_efim,,,,,,,,,,,,,,,,,,,,,,,,,,,,3.279394179558975e+18,124306874859.64688,26381438.54281344,4.684848827941393e+18,177581250000.0,0.7,0.08277399119380457,False,False,,,,False,,True,-13.256466474732292,,,,,False,,,,,,9,natural_tdl,,,,,,,,,,,,,,,,,,,,,,,,,,,,,,,,,
exact_efim_cutting_plane_psl,Exact EFIM+cutting-plane PSL,infeasible,infeasible,0.47334876999957487,False,max_rate_isac: problem is infeasible (solver CLARABEL),exact_efim,,,,,,,,,,,,,,,,,,,,,,,,,,,,3.279394179558975e+18,124306874859.64688,26381438.54281344,4.684848827941393e+18,177581250000.0,0.7,0.08277399119380457,False,False,,,,False,,True,-13.256466474732292,,,,,False,,,,,,9,natural_tdl,,,,,,,,,,,,,,,,,,,,,,,,,,,,,,,,,
exact_efim_cutting_plane_psl_ee,Exact EFIM+cutting-plane PSL+EE,infeasible,infeasible,0.47825052199914353,False,dinkelbach_ee_isac[iter 1]: problem is infeasible (solver CLARABEL),exact_efim,,,,,,,,,,,,,,,,,,,,,,,,,,,,3.279394179558975e+18,124306874859.64688,26381438.54281344,4.684848827941393e+18,177581250000.0,0.7,0.08277399119380457,False,False,,,,False,,True,-13.256466474732292,,,,,False,,,,,,9,natural_tdl,,,,,,,,,,,,,,,,,,,,,,,,,,,,,,,,,
uniform,Uniform,ok,ok,1.4817000192124397e-05,False,,none,333.0626492080466,4995939.738120699,1.0,3.357142857142857,1488152.2624189316,76781250000.0,2.0255998281153943e+18,2.0255998281153943e+18,2.0255998281153943e+18,4.936809265680052e-19,0.10532073506634214,-13.256466474732292,-9.684463547443015,0.015625,0.0,64.0,0.0,76781250000.0,76781250000.0,4.9959397381207,1.4881522624189316,76781250000.0,2.0255998281153943e+18,2.0255998281153943e+18,2.0255998281153943e+18,0.0,0.0,3.747879062353115e+18,142064999839.59647,26381438.54281344,4.684848827941393e+18,177581250000.0,0.8,0.07742797889576501,False,False,False,False,-0.4595343674607215,False,False,True,-13.256466474732292,-13.456972739469613,-13.256466474732292,-13.256466474732292,0.0,True,0.25,4.0,32.0,-1.4973958333333334e-06,1.0416666666666667e-06,9,natural_tdl,,,,,,,,,,,,,,,,,,,,,,,,,,,,,,,,,
water_filling,Water-filling,ok,ok,0.00019714999871212058,False,,none,333.06340403846104,4995951.060576916,1.0000000000001212,3.3571428571432036,1488155.6350653106,77023827443.37033,2.0319993700295416e+18,2.0319993700295416e+18,2.0319939328981975e+18,4.921261368232914e-19,0.10515475667577724,-13.20152768249394,-9.606348061585422,0.01580700583845207,4.2053040433941526e-09,64.0,453.97890761950976,77023621346.51244,77023621346.52177,4.995951060576916,1.4881556350653107,77023827443.37033,2.0319993700295416e+18,2.0319939328981975e+18,2.0319993700295416e+18,0.0002675754443786542,453.97890761950976,3.747879062353115e+18,142064999839.59647,26381438.54281344,4.684848827941393e+18,177581250000.0,0.8,0.07742797889576501,False,False,False,False,-0.45782830793307266,False,False,True,-13.256466474732292,-13.411871005769488,-13.20152768249394,-13.20152768249394,-0.054938792238353074,True,0.25,4.0,32.0,-1.4973958333333334e-06,1.0416666666666667e-06,9,natural_tdl,0.016066459257893,,,,,,,,,,,,,,,,,,,,,,,,,,,,,,,,
conventional_s2,Conventional $S_2$,ok,optimal,0.0077835039992351085,False,,conventional_s2,300.15378335845674,4502306.750376851,0.999999996834299,3.3571428480979972,1341112.6526616677,142064999442.4293,3.747879051875275e+18,3.747879051875275e+18,3.7478768615363456e+18,2.6681757499608843e-19,0.07742797900399663,-4.04114017253197,3.2384009878591784,0.062499998932812655,0.0002945346544917668,64.0,288.1419062417615,142064916866.40646,142064916416.67142,4.502306750376851,1.3411126526616677,142064999442.4293,3.7478790518752737e+18,3.7478768615363456e+18,3.747879051875275e+18,5.844209214958658e-05,288.1419062417615,3.747879062353115e+18,142064999839.59647,26381438.54281344,4.684848827941393e+18,177581250000.0,0.8,0.07742797889576501,True,True,True,True,-5.872165918166558e-07,False,False,True,-13.256466474732292,-4.282585161504143,-4.030323363850757,-4.030323363850757,-9.226143110881535,False,0.25,4.0,32.0,-1.2044270833333335e-06,1.0416666666666667e-06,9,natural_tdl,,known_amplitude_linear,142064999839.59647,,,,,,,,,,,,,,,,,,,,,,,,,,,,,,
conventional_s2_psl,Conventional $S_2$+PSL,infeasible,infeasible,0.4539218729987624,False,max_rate_isac: problem is infeasible (solver CLARABEL),conventional_s2,,,,,,,,,,,,,,,,,,,,,,,,,,,,3.747879062353115e+18,142064999839.59647,26381438.54281344,4.684848827941393e+18,177581250000.0,0.8,0.07742797889576501,False,False,,,,False,,True,-13.256466474732292,,,,,False,,,,,,9,natural_tdl,,,,,,,,,,,,,,,,,,,,,,,,,,,,,,,,,
exact_efim,Exact EFIM,ok,optimal,0.009319232998677762,False,,exact_efim,300.1537580334938,4502306.370502407,0.9999999976907823,3.3571428505450926,1341112.538530011,142065005332.79907,3.747879207271702e+18,3.747879207271702e+18,3.7478790436935014e+18,2.668175639331658e-19,0.07742797739881797,-4.041172351222814,3.238405697256024,0.06249999921672088,0.00029453442341759916,64.0,78.74327566712427,142064999460.35464,142064999132.29562,4.5023063705024065,1.341112538530011,142065005332.79907,3.747879207271702e+18,3.7478790436935014e+18,3.747879207271702e+18,4.3645536990259094e-06,78.74327566712427,3.747879062353115e+18,142064999839.59647,26381438.54281344,4.684848827941393e+18,177581250000.0,0.8,0.07742797889576501,True,True,True,True,-4.978712862811671e-09,False,False,True,-13.256466474732292,-4.282623775114303,-4.030353053698603,-4.030353053698603,-9.22611342103369,False,0.25,4.0,32.0,-1.2044270833333335e-06,1.0416666666666667e-06,9,natural_tdl,,unknown_amplitude_exact,,,,,,3.747879062353115e+18,142064999839.59647,quad_over_lin,1e-12,,,,,,,,,,,,,,,,,,,,,,
exact_efim_sampled_psl,Exact EFIM+sampled PSL,infeasible,infeasible,0.4272364339994965,False,max_rate_isac: problem is infeasible (solver CLARABEL),exact_efim,,,,,,,,,,,,,,,,,,,,,,,,,,,,3.747879062353115e+18,142064999839.59647,26381438.54281344,4.684848827941393e+18,177581250000.0,0.8,0.07742797889576501,False,False,,,,False,,True,-13.256466474732292,,,,,False,,,,,,9,natural_tdl,,,,,,,,,,,,,,,,,,,,,,,,,,,,,,,,,
exact_efim_cutting_plane_psl,Exact EFIM+cutting-plane PSL,infeasible,infeasible,0.45312150300014764,False,max_rate_isac: problem is infeasible (solver CLARABEL),exact_efim,,,,,,,,,,,,,,,,,,,,,,,,,,,,3.747879062353115e+18,142064999839.59647,26381438.54281344,4.684848827941393e+18,177581250000.0,0.8,0.07742797889576501,False,False,,,,False,,True,-13.256466474732292,,,,,False,,,,,,9,natural_tdl,,,,,,,,,,,,,,,,,,,,,,,,,,,,,,,,,
exact_efim_cutting_plane_psl_ee,Exact EFIM+cutting-plane PSL+EE,infeasible,infeasible,0.4555718480005453,False,dinkelbach_ee_isac[iter 1]: problem is infeasible (solver CLARABEL),exact_efim,,,,,,,,,,,,,,,,,,,,,,,,,,,,3.747879062353115e+18,142064999839.59647,26381438.54281344,4.684848827941393e+18,177581250000.0,0.8,0.07742797889576501,False,False,,,,False,,True,-13.256466474732292,,,,,False,,,,,,9,natural_tdl,,,,,,,,,,,,,,,,,,,,,,,,,,,,,,,,,
uniform,Uniform,ok,ok,1.5510999219259247e-05,False,,none,129.58877994502765,1943831.6991754149,1.0,3.357142857142857,579013.6976267194,76781250000.0,2.0255998281153943e+18,2.0255998281153943e+18,2.0255998281153943e+18,4.936809265680052e-19,0.10532073506634214,-13.256466474732292,-9.684463547443015,0.015625,0.0,64.0,0.0,76781250000.0,76781250000.0,1.9438316991754148,0.5790136976267194,76781250000.0,2.0255998281153943e+18,2.0255998281153943e+18,2.0255998281153943e+18,0.0,0.0,7.02727324191209e+17,26637187469.92433,26381438.54281344,4.684848827941393e+18,177581250000.0,0.15,0.17881225783311439,False,True,True,True,1.882483373542819,False,False,True,-13.256466474732292,-13.456972739469613,-13.256466474732292,-13.256466474732292,0.0,True,0.25,4.0,32.0,-1.4973958333333334e-06,1.0416666666666667e-06,10,natural_tdl,,,,,,,,,,,,,,,,,,,,,,,,,,,,,,,,,
water_filling,Water-filling,ok,ok,0.00020171999858575873,False,,none,131.31565568637262,1969734.8352955894,1.0000000000006408,3.357142857144688,586729.5254068768,92737355580.05933,2.446544846858372e+18,2.446544846858372e+18,2.443079129402636e+18,4.087396972445071e-19,0.09583278661995326,-7.8773870704855256,-4.804956357461807,0.020104329583313436,2.0034786296483238e-05,64.0,-11461.655219578039,92605986039.62743,92605986039.68677,1.9697348352955895,0.5867295254068768,92737355580.05933,2.446544846858372e+18,2.443079129402636e+18,2.446544846858372e+18,0.14165763035926668,11461.655219578039,7.02727324191209e+17,26637187469.92433,26381438.54281344,4.684848827941393e+18,177581250000.0,0.15,0.17881225783311439,False,True,True,True,2.4765677173780776,False,False,True,-13.256466474732292,-8.30539927204563,-7.8773870704855256,-7.8773870704855256,-5.379079404246767,False,0.25,4.0,32.0,-1.4322916666666667e-06,1.0416666666666667e-06,10,natural_tdl,0.022342491241469774,,,,,,,,,,,,,,,,,,,,,,,,,,,,,,,,
conventional_s2,Conventional $S_2$,ok,optimal,0.006594463000510586,False,,conventional_s2,131.3156555185581,1969734.8327783714,0.9999999974037016,3.357142849724862,586729.525953834,92737344708.07849,2.4465445600398776e+18,2.4465445600398776e+18,2.4430788359729336e+18,4.087397451627451e-19,0.09583279223738922,-7.877389420413142,-4.804959203718027,0.020104372836455667,2.0034756129117436e-05,64.0,-11461.66616659021,92605975157.53795,92605974917.10521,1.9697348327783715,0.586729525953834,92737344708.07849,2.4465445600398776e+18,2.4430788359729336e+18,2.4465445600398776e+18,0.14165791719270832,11461.66616659021,7.02727324191209e+17,26637187469.92433,26381438.54281344,4.684848827941393e+18,177581250000.0,0.15,0.17881225783311439,True,True,True,True,2.4765672998196706,False,False,True,-13.256466474732292,-8.305401343012797,-7.877389420413142,-7.877389420413142,-5.379077054319151,False,0.25,4.0,32.0,-1.4322916666666667e-06,1.0416666666666667e-06,10,natural_tdl,,known_amplitude_linear,26637187469.92433,,,,,,,,,,,,,,,,,,,,,,,,,,,,,,
conventional_s2_psl,Conventional $S_2$+PSL,ok,optimal,0.5226112370000919,False,,conventional_s2,130.00145556178083,1950021.8334267125,0.999999999983055,3.357142857094443,580857.5674120783,82084512997.86972,2.165507534970071e+18,2.165507534970071e+18,2.1618006968987484e+18,4.617855093327213e-19,0.10186168538493783,-12.635667736631843,-7.947856078125475,0.0208517845148855,3.2215646697180856e-06,64.0,-11853.662854772329,81944003676.18602,81944003674.79749,1.9500218334267125,0.5808575674120783,82084512997.86972,2.165507534970071e+18,2.1618006968987484e+18,2.165507534970071e+18,0.17117641067796402,11853.662854772329,7.02727324191209e+17,26637187469.92433,26381438.54281344,4.684848827941393e+18,177581250000.0,0.15,0.17881225783311439,True,True,True,True,2.0763008957803555,False,False,True,-13.256466474732292,-13.25646647438387,-12.635667736631843,-12.635667736631843,-0.6207987381004489,False,0.25,4.0,32.0,-1.4322916666666667e-06,1.0416666666666667e-06,10,natural_tdl,,known_amplitude_linear,26637187469.92433,-13.256466474732292,0.2173585239870126,249.0,1.0416666666666667e-06,,,,,,,,,,,,,,,,,,,,,,,,,,
exact_efim,Exact EFIM,ok,optimal,0.009056827999302186,False,,exact_efim,131.31565541500302,1969734.8312250453,0.9999999964919193,3.3571428471197695,586729.5259464344,92737437387.0364,2.4465470050441103e+18,2.4465470050441103e+18,2.443082621739261e+18,4.087393366807479e-19,0.09583274435119682,-7.877425040447471,-4.804963800698576,0.020103752331981695,2.0034412815307598e-05,64.0,-11459.448907284206,92606118743.10817,92606118418.23843,1.9697348312250453,0.5867295259464343,92737437387.0364,2.4465470050441103e+18,2.443082621739261e+18,2.4465470050441103e+18,0.1416029734032004,11459.448907284206,7.02727324191209e+17,26637187469.92433,26381438.54281344,4.684848827941393e+18,177581250000.0,0.15,0.17881225783311439,True,True,True,True,2.4765726870676072,False,False,True,-13.256466474732292,-8.305454109409766,-7.877425040447471,-7.877425040447471,-5.379041434284821,False,0.25,4.0,32.0,-1.4322916666666667e-06,1.0416666666666667e-06,10,natural_tdl,,unknown_amplitude_exact,,,,,,7.02727324191209e+17,26637187469.92433,quad_over_lin,1e-12,,,,,,,,,,,,,,,,,,,,,,
exact_efim_sampled_psl,Exact EFIM+sampled PSL,ok,optimal,0.5311215399997309,False,,exact_efim,130.00145555655013,1950021.8333482519,0.9999999998689377,3.3571428567683936,580857.5674451205,82084516451.07962,2.1655076260707156e+18,2.1655076260707156e+18,2.1618007684419843e+18,4.617854899058871e-19,0.10186168324233044,-12.635667386923613,-7.947855219452503,0.02085179086459485,3.221568041770243e-06,64.0,-11853.694125580418,81944006397.41498,81944006386.67522,1.950021833348252,0.5808575674451205,82084516451.07962,2.1655076260707156e+18,2.1618007684419843e+18,2.1655076260707156e+18,0.17117730660951008,11853.694125580418,7.02727324191209e+17,26637187469.92433,26381438.54281344,4.684848827941393e+18,177581250000.0,0.15,0.17881225783311439,True,True,True,True,2.076300997588316,False,False,True,-13.256466474732292,-13.256466468284945,-12.635667386923613,-12.635667386923613,-0.6207990878086793,False,0.25,4.0,32.0,-1.4322916666666667e-06,1.0416666666666667e-06,10,natural_tdl,,unknown_amplitude_exact,,-13.256466474732292,0.2173585239870126,249.0,1.0416666666666667e-06,7.02727324191209e+17,26637187469.92433,quad_over_lin,1e-12,,,,,,,,,,,,,,,,,,,,,,
exact_efim_cutting_plane_psl,Exact EFIM+cutting-plane PSL,ok,optimal,1.0177026359997399,False,,exact_efim,129.8075183128069,1947112.7746921035,0.99999999975913,3.3571428564546575,579991.0393888839,79024720292.2609,2.0847858017533028e+18,2.0847858017533028e+18,2.082086352064597e+18,4.796655844255083e-19,0.10381497098976715,-13.256466466142454,-8.887706009734039,0.018820069066994734,1.5089680276538273e-06,64.0,-10115.523939465083,78922396486.7257,78922396467.71565,1.9471127746921035,0.5799910393888839,79024720292.2609,2.0847858017533028e+18,2.082086352064597e+18,2.0847858017533028e+18,0.12948331125603205,10115.523939465083,7.02727324191209e+17,26637187469.92433,26381438.54281344,4.684848827941393e+18,177581250000.0,0.15,0.17881225783311439,True,True,True,True,1.9628652257985497,False,False,True,-13.256466474732292,-13.61211643772065,-13.217100464584725,-13.217100464584725,-0.039366010147567465,True,0.25,4.0,32.0,-1.46484375e-06,1.0416666666666667e-06,10,natural_tdl,,unknown_amplitude_exact,,-13.256466474732292,0.2173585239870126,251.0,1.0416666666666667e-06,7.02727324191209e+17,26637187469.92433,quad_over_lin,1e-12,-8.888917143666648,-0.039366010147567465,249.0,1985.0,2.0,251.0,True,2.0,dense_psl_satisfied,False,1.0177026359997399,2.0,251.0,-12.635667386923613,-13.256466468284945,-1.4322916666666667e-06,1.0,,,,,
exact_efim_cutting_plane_psl_ee,Exact EFIM+cutting-plane PSL+EE,ok,optimal,2.39435050999964,False,,exact_efim,68.89260313783505,1033389.0470675258,0.3401224104192013,1.4717783154834323,702136.3449889466,28375472998.85473,7.485857970425482e+17,7.485857970425482e+17,7.426157495934542e+17,1.3358522215499125e-18,0.17324867258835394,-13.247985239985333,-7.172534396077291,0.008374133277921412,1.1282090303793983e-06,64.0,-25794.198085049084,82761896509.21004,28149175731.577003,1.0333890470675258,0.7021363449889466,28375472998.85473,7.485857970425482e+17,7.426157495934542e+17,7.485857970425482e+17,0.797510114763063,25794.198085049084,7.02727324191209e+17,26637187469.92433,26381438.54281344,4.684848827941393e+18,177581250000.0,0.15,0.17881225783311439,True,True,True,True,0.056762308834588285,False,False,True,-13.256466474732292,-13.711909880285525,-13.221746791818916,-13.221746791818916,-0.03471968291337646,True,0.25,4.0,32.0,-1.3997395833333333e-06,1.0416666666666667e-06,10,natural_tdl,,unknown_amplitude_exact,,-13.256466474732292,0.2173585239870126,251.0,1.0416666666666667e-06,7.02727324191209e+17,26637187469.92433,quad_over_lin,1e-12,-7.178199953210083,-0.03471968291337646,249.0,1985.0,2.0,251.0,True,2.0,dense_psl_satisfied,False,2.39435050999964,2.0,251.0,-12.543815660694936,-13.256466456304718,-1.4322916666666667e-06,1.0,6.0,True,702136.3449794537,1.3971352018415928e-05,1.2054471669980558
uniform,Uniform,ok,ok,1.418200190528296e-05,False,,none,129.58877994502765,1943831.6991754149,1.0,3.357142857142857,579013.6976267194,76781250000.0,2.0255998281153943e+18,2.0255998281153943e+18,2.0255998281153943e+18,4.936809265680052e-19,0.10532073506634214,-13.256466474732292,-9.684463547443015,0.015625,0.0,64.0,0.0,76781250000.0,76781250000.0,1.9438316991754148,0.5790136976267194,76781250000.0,2.0255998281153943e+18,2.0255998281153943e+18,2.0255998281153943e+18,0.0,0.0,1.1712122069853484e+18,44395312449.873886,26381438.54281344,4.684848827941393e+18,177581250000.0,0.25,0.13850737933707974,False,True,True,True,0.7294900241256913,False,False,True,-13.256466474732292,-13.456972739469613,-13.256466474732292,-13.256466474732292,0.0,True,0.25,4.0,32.0,-1.4973958333333334e-06,1.0416666666666667e-06,10,natural_tdl,,,,,,,,,,,,,,,,,,,,,,,,,,,,,,,,,
water_filling,Water-filling,ok,ok,0.00018404500224278308,False,,none,131.31565568637262,1969734.8352955894,1.0000000000006408,3.357142857144688,586729.5254068768,92737355580.05933,2.446544846858372e+18,2.446544846858372e+18,2.443079129402636e+18,4.087396972445071e-19,0.09583278661995326,-7.8773870704855256,-4.804956357461807,0.020104329583313436,2.0034786296483238e-05,64.0,-11461.655219578039,92605986039.62743,92605986039.68677,1.9697348352955895,0.5867295254068768,92737355580.05933,2.446544846858372e+18,2.443079129402636e+18,2.446544846858372e+18,0.14165763035926668,11461.655219578039,1.1712122069853484e+18,44395312449.873886,26381438.54281344,4.684848827941393e+18,177581250000.0,0.25,0.13850737933707974,False,True,True,True,1.0859406304268464,False,False,True,-13.256466474732292,-8.30539927204563,-7.8773870704855256,-7.8773870704855256,-5.379079404246767,False,0.25,4.0,32.0,-1.4322916666666667e-06,1.0416666666666667e-06,10,natural_tdl,0.022342491241469774,,,,,,,,,,,,,,,,,,,,,,,,,,,,,,,,
conventional_s2,Conventional $S_2$,ok,optimal,0.007629591000295477,False,,conventional_s2,131.31565537325366,1969734.8305988049,0.999999996158454,3.3571428461670116,586729.5259264086,92737747998.45511,2.446555199420164e+18,2.446555199420164e+18,2.4430906185912806e+18,4.087379676685819e-19,0.095832583862236,-7.877262042926372,-4.804848685620961,0.020105421937866096,2.0035646015846917e-05,64.0,-11459.77558844956,92606421898.17381,92606421542.42198,1.969734830598805,0.5867295259264086,92737747998.45511,2.4465551994201636e+18,2.4430906185912806e+18,2.446555199420164e+18,0.14161057268213548,11459.77558844956,1.1712122069853484e+18,44395312449.873886,26381438.54281344,4.684848827941393e+18,177581250000.0,0.25,0.13850737933707974,True,True,True,True,1.0859504400826683,False,False,True,-13.256466474732292,-8.305269912445723,-7.877262042926372,-7.877262042926372,-5.3792044318059204,False,0.25,4.0,32.0,-1.4322916666666667e-06,1.0416666666666667e-06,10,natural_tdl,,known_amplitude_linear,44395312449.873886,,,,,,,,,,,,,,,,,,,,,,,,,,,,,,
conventional_s2_psl,Conventional $S_2$+PSL,ok,optimal,0.5225397639987932,False,,conventional_s2,130.00145554771186,1950021.8332156779,0.9999999997762045,3.3571428565034416,580857.5674514727,82084614879.70517,2.1655102227594514e+18,2.1655102227594514e+18,2.1618034808015675e+18,4.617849361734838e-19,0.1018616221705419,-12.635657025243376,-7.947822887744806,0.020851840894144068,3.2216528374704255e-06,64.0,-11853.509180054449,81944109218.19371,81944109199.85498,1.9500218332156778,0.5808575674514728,82084614879.70517,2.1655102227594514e+18,2.1618034808015675e+18,2.1655102227594514e+18,0.1711717598432993,11853.509180054449,1.1712122069853484e+18,44395312449.873886,26381438.54281344,4.684848827941393e+18,177581250000.0,0.25,0.13850737933707974,True,True,True,True,0.845782914409644,False,False,True,-13.256466474732292,-13.25646646781374,-12.635657025243376,-12.635657025243376,-0.6208094494889167,False,0.25,4.0,32.0,-1.4322916666666667e-06,1.0416666666666667e-06,10,natural_tdl,,known_amplitude_linear,44395312449.873886,-13.256466474732292,0.2173585239870126,249.0,1.0416666666666667e-06,,,,,,,,,,,,,,,,,,,,,,,,,,
exact_efim,Exact EFIM,ok,optimal,0.008576174997870112,False,,exact_efim,131.315655448237,1969734.8317235552,0.9999999963309013,3.3571428466597184,586729.52617533,92737367552.83398,2.446545162717391e+18,2.446545162717391e+18,2.4430792286806487e+18,4.087396444745351e-19,0.09583278043375007,-7.877397973178619,-4.804961095520792,0.020104367594629642,2.0034736730147305e-05,64.0,-11462.013368193051,92605990142.6439,92605989802.86339,1.9697348317235552,0.58672952617533,92737367552.83398,2.446545162717391e+18,2.4430792286806487e+18,2.446545162717391e+18,0.14166646459501742,11462.013368193051,1.1712122069853484e+18,44395312449.873886,26381438.54281344,4.684848827941393e+18,177581250000.0,0.25,0.13850737933707974,True,True,True,True,1.085940715192026,False,False,True,-13.256466474732292,-8.305414613802846,-7.877397973178619,-7.877397973178619,-5.379068501553673,False,0.25,4.0,32.0,-1.4322916666666667e-06,1.0416666666666667e-06,10,natural_tdl,,unknown_amplitude_exact,,,,,,1.1712122069853484e+18,44395312449.873886,quad_over_lin,1e-12,,,,,,,,,,,,,,,,,,,,,,
exact_efim_sampled_psl,Exact EFIM+sampled PSL,ok,optimal,0.49938565300180926,False,,exact_efim,130.00145555577717,1950021.8333366576,0.9999999998706095,3.3571428567731703,580857.5674408405,82084518028.38182,2.1655076676822167e+18,2.1655076676822167e+18,2.1618008281000596e+18,4.6178548103240785e-19,0.1018616822636644,-12.635667267943768,-7.9478545956831255,0.020851786952642816,3.2215684905537017e-06,64.0,-11853.665271098975,81944008658.64352,81944008648.04074,1.9500218333366577,0.5808575674408405,82084518028.38182,2.1655076676822167e+18,2.1618008281000596e+18,2.1655076676822167e+18,0.17117646995563657,11853.665271098975,1.1712122069853484e+18,44395312449.873886,26381438.54281344,4.684848827941393e+18,177581250000.0,0.25,0.13850737933707974,True,True,True,True,0.8457806494900231,False,False,True,-13.256466474732292,-13.256466470577644,-12.635667267943768,-12.635667267943768,-0.620799206788524,False,0.25,4.0,32.0,-1.4322916666666667e-06,1.0416666666666667e-06,10,natural_tdl,,unknown_amplitude_exact,,-13.256466474732292,0.2173585239870126,249.0,1.0416666666666667e-06,1.1712122069853484e+18,44395312449.873886,quad_over_lin,1e-12,,,,,,,,,,,,,,,,,,,,,,
exact_efim_cutting_plane_psl,Exact EFIM+cutting-plane PSL,ok,optimal,0.9772919139977603,False,,exact_efim,129.80751831919852,1947112.7747879778,0.9999999998495647,3.357142856713042,579991.0393728028,79024700277.5044,2.0847852737352343e+18,2.0847852737352343e+18,2.0820859601201736e+18,4.796657059114468e-19,0.10381498413648726,-13.256466470105007,-8.887719680210866,0.01882002838062946,1.5088973645654824e-06,64.0,-10115.268984531538,78922381622.76308,78922381610.89037,1.9471127747879777,0.5799910393728028,79024700277.5044,2.0847852737352343e+18,2.0820859601201736e+18,2.0847852737352343e+18,0.12947681706444872,10115.268984531538,1.1712122069853484e+18,44395312449.873886,26381438.54281344,4.684848827941393e+18,177581250000.0,0.25,0.13850737933707974,True,True,True,True,0.7777188008306167,False,False,True,-13.256466474732292,-13.612112537119529,-13.21709955781624,-13.21709955781624,-0.039366916916051764,True,0.25,4.0,32.0,-1.46484375e-06,1.0416666666666667e-06,10,natural_tdl,,unknown_amplitude_exact,,-13.256466474732292,0.2173585239870126,251.0,1.0416666666666667e-06,1.1712122069853484e+18,44395312449.873886,quad_over_lin,1e-12,-8.888930774076849,-0.039366916916051764,249.0,1985.0,2.0,251.0,True,2.0,dense_psl_satisfied,False,0.9772919139977603,2.0,251.0,-12.635667267943768,-13.256466470577644,-1.4322916666666667e-06,1.0,,,,,
exact_efim_cutting_plane_psl_ee,Exact EFIM+cutting-plane PSL+EE,ok,optimal,2.0226564789991244,False,,exact_efim,88.970911315779,1334563.669736685,0.5129308643225183,1.9655167552071953,678988.7016740296,44467837121.051765,1.1731255121408653e+18,1.1731255121408653e+18,1.1712122048429279e+18,8.524237088451649e-19,0.13839438417098407,-13.045452963267374,-6.128041506171634,0.015253421119180736,3.685242409397137e-06,64.0,-11890.872191556842,86552234339.2263,44395312368.6645,1.334563669736685,0.6789887016740296,44467837121.051765,1.1731255121408653e+18,1.1712122048429279e+18,1.1731255121408653e+18,0.16309485030683263,11890.872191556842,1.1712122069853484e+18,44395312449.873886,26381438.54281344,4.684848827941393e+18,177581250000.0,0.25,0.13850737933707974,True,True,True,True,-1.8292333935918423e-09,False,False,True,-13.256466474732292,-13.256466473412903,-13.045452963267374,-13.045452963267374,-0.21101351146491787,True,0.25,4.0,32.0,-2.408854166666667e-06,1.0416666666666667e-06,10,natural_tdl,,unknown_amplitude_exact,,-13.256466474732292,0.2173585239870126,251.0,1.0416666666666667e-06,1.1712122069853484e+18,44395312449.873886,quad_over_lin,1e-12,-6.130909651719687,-0.21101351146491787,249.0,1985.0,2.0,251.0,True,2.0,dense_psl_satisfied,False,2.0226564789991244,2.0,251.0,-12.811186770660685,-13.256466447517674,-1.3997395833333333e-06,1.0,5.0,True,678988.7014566247,0.0004273131489753723,0.9503566570019757
uniform,Uniform,ok,ok,1.3894998119212687e-05,False,,none,129.58877994502765,1943831.6991754149,1.0,3.357142857142857,579013.6976267194,76781250000.0,2.0255998281153943e+18,2.0255998281153943e+18,2.0255998281153943e+18,4.936809265680052e-19,0.10532073506634214,-13.256466474732292,-9.684463547443015,0.015625,0.0,64.0,0.0,76781250000.0,76781250000.0,1.9438316991754148,0.5790136976267194,76781250000.0,2.0255998281153943e+18,2.0255998281153943e+18,2.0255998281153943e+18,0.0,0.0,1.6396970897794875e+18,62153437429.82344,26381438.54281344,4.684848827941393e+18,177581250000.0,0.35,0.11706010095802957,False,True,True,True,0.23535001723263682,False,False,True,-13.256466474732292,-13.456972739469613,-13.256466474732292,-13.256466474732292,0.0,True,0.25,4.0,32.0,-1.4973958333333334e-06,1.0416666666666667e-06,10,natural_tdl,,,,,,,,,,,,,,,,,,,,,,,,,,,,,,,,,
water_filling,Water-filling,ok,ok,0.00020404299721121788,False,,none,131.31565568637262,1969734.8352955894,1.0000000000006408,3.357142857144688,586729.5254068768,92737355580.05933,2.446544846858372e+18,2.446544846858372e+18,2.443079129402636e+18,4.087396972445071e-19,0.09583278661995326,-7.8773870704855256,-4.804956357461807,0.020104329583313436,2.0034786296483238e-05,64.0,-11461.655219578039,92605986039.62743,92605986039.68677,1.9697348352955895,0.5867295254068768,92737355580.05933,2.446544846858372e+18,2.443079129402636e+18,2.446544846858372e+18,0.14165763035926668,11461.655219578039,1.6396970897794875e+18,62153437429.82344,26381438.54281344,4.684848827941393e+18,177581250000.0,0.35,0.11706010095802957,False,True,True,True,0.4899575931620334,False,False,True,-13.256466474732292,-8.30539927204563,-7.8773870704855256,-7.8773870704855256,-5.379079404246767,False,0.25,4.0,32.0,-1.4322916666666667e-06,1.0416666666666667e-06,10,natural_tdl,0.022342491241469774,,,,,,,,,,,,,,,,,,,,,,,,,,,,,,,,
conventional_s2,Conventional $S_2$,ok,optimal,0.0073052779989666305,False,,conventional_s2,131.31565547781105,1969734.8321671658,0.9999999973064617,3.3571428494470337,586729.5258203289,92736820234.67528,2.4465307236770237e+18,2.4465307236770237e+18,2.443066469369271e+18,4.0874205679176827e-19,0.09583306322834778,-7.877369797943342,-4.8050302815485235,0.02010402038132941,2.0034203904710846e-05,64.0,-11459.235553044613,92605506405.0053,92605506155.56882,1.9697348321671657,0.5867295258203289,92736820234.67528,2.4465307236770237e+18,2.443066469369271e+18,2.4465307236770237e+18,0.14159864310006884,11459.235553044613,1.6396970897794875e+18,62153437429.82344,26381438.54281344,4.684848827941393e+18,177581250000.0,0.35,0.11706010095802957,True,True,True,True,0.4899498722034223,False,False,True,-13.256466474732292,-8.305343743476975,-7.877369797943342,-7.877369797943342,-5.37909667678895,False,0.25,4.0,32.0,-1.4322916666666667e-06,1.0416666666666667e-06,10,natural_tdl,,known_amplitude_linear,62153437429.82344,,,,,,,,,,,,,,,,,,,,,,,,,,,,,,
conventional_s2_psl,Conventional $S_2$+PSL,ok,optimal,0.53394878600011,False,,conventional_s2,130.00145555024054,1950021.833253608,0.9999999998092899,3.3571428565979713,580857.5674464155,82084469304.05028,2.165506382264259e+18,2.165506382264259e+18,2.1617997733788396e+18,4.617857551425904e-19,0.10186171249558089,-12.635673520756924,-7.9478742231537876,0.020851685369426873,3.2214648374235476e-06,64.0,-11853.29640677455,81943968683.99777,81943968668.37022,1.9500218332536081,0.5808575674464156,82084469304.05028,2.1655063822642586e+18,2.1617997733788396e+18,2.165506382264259e+18,0.17116591831716885,11853.29640677455,1.6396970897794875e+18,62153437429.82344,26381438.54281344,4.684848827941393e+18,177581250000.0,0.35,0.11706010095802957,True,True,True,True,0.3184141063942282,False,False,True,-13.256466474732292,-13.256466468409627,-12.635673520756924,-12.635673520756924,-0.6207929539753678,False,0.25,4.0,32.0,-1.4322916666666667e-06,1.0416666666666667e-06,10,natural_tdl,,known_amplitude_linear,62153437429.82344,-13.256466474732292,0.2173585239870126,249.0,1.0416666666666667e-06,,,,,,,,,,,,,,,,,,,,,,,,,,
exact_efim,Exact EFIM,ok,optimal,0.00878327199825435,False,,exact_efim,131.31565537876364,1969734.8306814546,0.9999999962907793,3.357142846545084,586729.5258849518,92736635807.26666,2.4465258582166774e+18,2.4465258582166774e+18,2.443058684419257e+18,4.087428696661806e-19,0.09583315852097173,-7.877452013833075,-4.805050139790381,0.020104137944809034,2.0034606657344977e-05,64.0,-11464.063159735268,92605211407.11691,92605211063.62375,1.9697348306814546,0.5867295258849519,92736635807.26666,2.4465258582166774e+18,2.443058684419257e+18,2.4465258582166774e+18,0.14171825675890617,11464.063159735268,1.6396970897794875e+18,62153437429.82344,26381438.54281344,4.684848827941393e+18,177581250000.0,0.35,0.11706010095802957,True,True,True,True,0.4899451244057574,False,False,True,-13.256466474732292,-8.305424910110748,-7.877452013833075,-7.877452013833075,-5.379014460899217,False,0.25,4.0,32.0,-1.4322916666666667e-06,1.0416666666666667e-06,10,natural_tdl,,unknown_amplitude_exact,,,,,,1.6396970897794875e+18,62153437429.82344,quad_over_lin,1e-12,,,,,,,,,,,,,,,,,,,,,,
exact_efim_sampled_psl,Exact EFIM+sampled PSL,ok,optimal,0.4870654660007858,False,,exact_efim,130.0014555562135,1950021.8333432025,0.9999999998822608,3.3571428568064596,580857.5674370303,82084520893.52977,2.1655077432689413e+18,2.1655077432689413e+18,2.1618008854711245e+18,4.617854649138545e-19,0.10186168048593099,-12.635666961133705,-7.947853745755463,0.020851784501077615,3.2215721638074754e-06,64.0,-11853.694395849743,81944010832.36414,81944010822.71611,1.9500218333432024,0.5808575674370302,82084520893.52977,2.1655077432689413e+18,2.1618008854711245e+18,2.1655077432689413e+18,0.17117730515343926,11853.694395849743,1.6396970897794875e+18,62153437429.82344,26381438.54281344,4.684848827941393e+18,177581250000.0,0.35,0.11706010095802957,True,True,True,True,0.31841478462455003,False,False,True,-13.256466474732292,-13.25646647145356,-12.635666961133705,-12.635666961133705,-0.6207995135985875,False,0.25,4.0,32.0,-1.4322916666666667e-06,1.0416666666666667e-06,10,natural_tdl,,unknown_amplitude_exact,,-13.256466474732292,0.2173585239870126,249.0,1.0416666666666667e-06,1.6396970897794875e+18,62153437429.82344,quad_over_lin,1e-12,,,,,,,,,,,,,,,,,,,,,,
exact_efim_cutting_plane_psl,Exact EFIM+cutting-plane PSL,ok,optimal,1.0052457300007518,False,,exact_efim,129.80751831290138,1947112.7746935207,0.9999999997712246,3.3571428564892134,579991.0393833361,79024716448.59726,2.084785700351926e+18,2.084785700351926e+18,2.0820868290408701e+18,4.796656077558443e-19,0.10381497351448249,-13.256466467681022,-8.887724838412597,0.018819901967770263,1.508790357506931e-06,64.0,-10114.440217338748,78922414565.76605,78922414547.71054,1.9471127746935208,0.5799910393833361,79024716448.59726,2.0847857003519268e+18,2.0820868290408701e+18,2.084785700351926e+18,0.1294555747672427,10114.440217338748,1.6396970897794875e+18,62153437429.82344,26381438.54281344,4.684848827941393e+18,177581250000.0,0.35,0.11706010095802957,True,True,True,True,0.2697996733780121,False,False,True,-13.256466474732292,-13.612113405032538,-13.21709964471723,-13.21709964471723,-0.03936683001506225,True,0.25,4.0,32.0,-1.46484375e-06,1.0416666666666667e-06,10,natural_tdl,,unknown_amplitude_exact,,-13.256466474732292,0.2173585239870126,251.0,1.0416666666666667e-06,1.6396970897794875e+18,62153437429.82344,quad_over_lin,1e-12,-8.888935793169452,-0.03936683001506225,249.0,1985.0,2.0,251.0,True,2.0,dense_psl_satisfied,False,1.0052457300007518,2.0,251.0,-12.635666961133705,-13.25646647145356,-1.4322916666666667e-06,1.0,,,,,
exact_efim_cutting_plane_psl_ee,Exact EFIM+cutting-plane PSL+EE,ok,optimal,1.972766707000119,False,,exact_efim,106.31371961658547,1594705.794248782,0.7025102272415347,2.5071720778329563,636057.5759232078,62189099642.28148,1.64063791024575e+18,1.64063791024575e+18,1.6396970864363612e+18,6.0951901315641955e-19,0.11702653220668449,-13.195872975004505,-5.358280848792289,0.02431346483458602,1.0212295171416707e-05,64.0,-7124.896952833467,88473355821.66747,62153437303.10077,1.5947057942487821,0.6360575759232078,62189099642.28148,1.64063791024575e+18,1.6396970864363612e+18,1.64063791024575e+18,0.057344999985272475,7124.896952833467,1.6396970897794875e+18,62153437429.82344,26381438.54281344,4.684848827941393e+18,177581250000.0,0.35,0.11706010095802957,True,True,True,True,-2.0388682109874304e-09,False,False,True,-13.256466474732292,-13.256466465476057,-13.188213696653285,-13.188213696653285,-0.06825277807900676,True,0.25,4.0,32.0,-2.3763020833333334e-06,1.0416666666666667e-06,10,natural_tdl,,unknown_amplitude_exact,,-13.256466474732292,0.2173585239870126,251.0,1.0416666666666667e-06,1.6396970897794875e+18,62153437429.82344,quad_over_lin,1e-12,-5.361054692993284,-0.06825277807900676,249.0,1985.0,2.0,251.0,True,2.0,dense_psl_satisfied,False,1.972766707000119,2.0,251.0,-12.993176758182853,-13.256466458341798,-1.3671875e-06,1.0,5.0,True,636057.5758303463,0.00023281946778297424,0.9403341030010779
uniform,Uniform,ok,ok,1.428399991709739e-05,False,,none,129.58877994502765,1943831.6991754149,1.0,3.357142857142857,579013.6976267194,76781250000.0,2.0255998281153943e+18,2.0255998281153943e+18,2.0255998281153943e+18,4.936809265680052e-19,0.10532073506634214,-13.256466474732292,-9.684463547443015,0.015625,0.0,64.0,0.0,76781250000.0,76781250000.0,1.9438316991754148,0.5790136976267194,76781250000.0,2.0255998281153943e+18,2.0255998281153943e+18,2.0255998281153943e+18,0.0,0.0,2.1081819725736271e+18,79911562409.77301,26381438.54281344,4.684848827941393e+18,177581250000.0,0.45,0.10323730519435335,False,False,False,False,-0.039172208819060424,False,False,True,-13.256466474732292,-13.456972739469613,-13.256466474732292,-13.256466474732292,0.0,True,0.25,4.0,32.0,-1.4973958333333334e-06,1.0416666666666667e-06,10,natural_tdl,,,,,,,,,,,,,,,,,,,,,,,,,,,,,,,,,
water_filling,Water-filling,ok,ok,0.0001723770001262892,False,,none,131.31565568637262,1969734.8352955894,1.0000000000006408,3.357142857144688,586729.5254068768,92737355580.05933,2.446544846858372e+18,2.446544846858372e+18,2.443079129402636e+18,4.087396972445071e-19,0.09583278661995326,-7.8773870704855256,-4.804956357461807,0.020104329583313436,2.0034786296483238e-05,64.0,-11461.655219578039,92605986039.62743,92605986039.68677,1.9697348352955895,0.5867295254068768,92737355580.05933,2.446544846858372e+18,2.443079129402636e+18,2.446544846858372e+18,0.14165763035926668,11461.655219578039,2.1081819725736271e+18,79911562409.77301,26381438.54281344,4.684848827941393e+18,177581250000.0,0.45,0.10323730519435335,False,True,True,True,0.15885590579269243,False,False,True,-13.256466474732292,-8.30539927204563,-7.8773870704855256,-7.8773870704855256,-5.379079404246767,False,0.25,4.0,32.0,-1.4322916666666667e-06,1.0416666666666667e-06,10,natural_tdl,0.022342491241469774,,,,,,,,,,,,,,,,,,,,,,,,,,,,,,,,
conventional_s2,Conventional $S_2$,ok,optimal,0.006945343000552384,False,,conventional_s2,131.31565554514668,1969734.8331772003,0.999999997864805,3.3571428510423003,586729.5258423847,92737516121.0389,2.4465490821603584e+18,2.4465490821603584e+18,2.443083778181401e+18,4.087389896617064e-19,0.09583270367026503,-7.877383397017482,-4.804929928234905,0.02010435296679419,2.0034934257948007e-05,64.0,-11460.971496097947,92606162451.41722,92606162253.685,1.9697348331772002,0.5867295258423847,92737516121.0389,2.446549082160358e+18,2.443083778181401e+18,2.4465490821603584e+18,0.14164048472297028,11460.971496097947,2.1081819725736271e+18,79911562409.77301,26381438.54281344,4.684848827941393e+18,177581250000.0,0.45,0.10323730519435335,True,True,True,True,0.15885811090535623,False,False,True,-13.256466474732292,-8.305404256605346,-7.877383397017482,-7.877383397017482,-5.37908307771481,False,0.25,4.0,32.0,-1.4322916666666667e-06,1.0416666666666667e-06,10,natural_tdl,,known_amplitude_linear,79911562409.77301,,,,,,,,,,,,,,,,,,,,,,,,,,,,,,
conventional_s2_psl,Conventional $S_2$+PSL,ok,optimal,0.5238161140005104,False,,conventional_s2,130.00145554752848,1950021.8332129272,0.9999999997666462,3.3571428564761323,580857.5674553786,82084466107.73381,2.1655062979408323e+18,2.1655062979408323e+18,2.1617995905007084e+18,4.617857731242316e-19,0.10186171447879575,-12.63567137215476,-7.947871018561511,0.020851754248469866,3.221502508758129e-06,64.0,-11853.453989117792,81943961755.4164,81943961736.29446,1.9500218332129273,0.5808575674553786,82084466107.73381,2.1655062979408323e+18,2.1617995905007084e+18,2.1655062979408323e+18,0.17117047609829586,11853.453989117792,2.1081819725736271e+18,79911562409.77301,26381438.54281344,4.684848827941393e+18,177581250000.0,0.45,0.10323730519435335,True,True,True,True,0.025433107115334017,False,False,True,-13.256466474732292,-13.256466467511189,-12.63567137215476,-12.63567137215476,-0.6207951025775316,False,0.25,4.0,32.0,-1.4322916666666667e-06,1.0416666666666667e-06,10,natural_tdl,,known_amplitude_linear,79911562409.77301,-13.256466474732292,0.2173585239870126,249.0,1.0416666666666667e-06,,,,,,,,,,,,,,,,,,,,,,,,,,
exact_efim,Exact EFIM,ok,optimal,0.008884167000360321,False,,exact_efim,131.31565542296659,1969734.8313444988,0.9999999966088311,3.357142847453803,586729.525923637,92737707763.64192,2.446554137967912e+18,2.446554137967912e+18,2.443089621415041e+18,4.0873814500201166e-19,0.09583260465100568,-7.877305202709973,-4.804868096104608,0.020102637330496623,2.00354394643774e-05,64.0,-11459.669282663583,92606384058.06313,92606383744.01924,1.969734831344499,0.586729525923637,92737707763.64192,2.446554137967912e+18,2.443089621415041e+18,2.446554137967912e+18,0.14160800691492204,11459.669282663583,2.1081819725736271e+18,79911562409.77301,26381438.54281344,4.684848827941393e+18,177581250000.0,0.45,0.10323730519435335,True,True,True,True,0.15886088259855727,False,False,True,-13.256466474732292,-8.305318155135069,-7.877305202709973,-7.877305202709973,-5.379161272022319,False,0.25,4.0,32.0,-1.4322916666666667e-06,1.0416666666666667e-06,10,natural_tdl,,unknown_amplitude_exact,,,,,,2.1081819725736271e+18,79911562409.77301,quad_over_lin,1e-12,,,,,,,,,,,,,,,,,,,,,,
exact_efim_sampled_psl,Exact EFIM+sampled PSL,ok,optimal,0.5095923439985199,False,,exact_efim,130.00145555784275,1950021.833367641,0.9999999999031751,3.357142856866215,580857.5674339709,82084512752.38321,2.1655075284937836e+18,2.1655075284937836e+18,2.1618006812035425e+18,4.617855107137628e-19,0.10186168553725444,-12.635667777255197,-7.947856234515673,0.020851785478277443,3.2215650200184267e-06,64.0,-11853.677595286654,81944003087.79803,81944003079.86382,1.9500218333676411,0.5808575674339709,82084512752.38321,2.1655075284937836e+18,2.1618006812035425e+18,2.1655075284937836e+18,0.17117683690618787,11853.677595286654,2.1081819725736271e+18,79911562409.77301,26381438.54281344,4.684848827941393e+18,177581250000.0,0.45,0.10323730519435335,True,True,True,True,0.025433624481884135,False,False,True,-13.256466474732292,-13.256466470841783,-12.635667777255197,-12.635667777255197,-0.6207986974770954,False,0.25,4.0,32.0,-1.4322916666666667e-06,1.0416666666666667e-06,10,natural_tdl,,unknown_amplitude_exact,,-13.256466474732292,0.2173585239870126,249.0,1.0416666666666667e-06,2.1081819725736271e+18,79911562409.77301,quad_over_lin,1e-12,,,,,,,,,,,,,,,,,,,,,,
exact_efim_cutting_plane_psl,Exact EFIM+cutting-plane PSL,ok,optimal,1.03911970199988,False,,exact_efim,129.79409709993325,1946911.456498999,0.9999999997595894,3.3571428564559698,579931.0722672946,80003040835.65756,2.1105953050440934e+18,2.1105953050440934e+18,2.1081819712911273e+18,4.737999736899389e-19,0.10317826564243078,-13.25646646665163,-8.568725544838381,0.019900812233106423,2.055565685358198e-06,64.0,-9564.438013822817,79911562380.37088,79911562361.1593,1.9469114564989989,0.5799310722672947,80003040835.65756,2.110595305044094e+18,2.1081819712911273e+18,2.1105953050440934e+18,0.11434374686604006,9564.438013822817,2.1081819725736271e+18,79911562409.77301,26381438.54281344,4.684848827941393e+18,177581250000.0,0.45,0.10323730519435335,True,True,True,True,-6.083439933955745e-10,False,False,True,-13.256466474732292,-13.74448097567846,-13.247442058961738,-13.247442058961738,-0.009024415770554128,True,0.25,4.0,32.0,-1.46484375e-06,1.0416666666666667e-06,10,natural_tdl,,unknown_amplitude_exact,,-13.256466474732292,0.2173585239870126,251.0,1.0416666666666667e-06,2.1081819725736271e+18,79911562409.77301,quad_over_lin,1e-12,-8.569759219010999,-0.009024415770554128,249.0,1985.0,2.0,251.0,True,2.0,dense_psl_satisfied,False,1.03911970199988,2.0,251.0,-12.635667777255197,-13.256466470841783,-1.4322916666666667e-06,1.0,,,,,
exact_efim_cutting_plane_psl_ee,Exact EFIM+cutting-plane PSL+EE,ok,optimal,0.873762938001164,False,,exact_efim,120.86909876853043,1813036.4815279564,0.8919586244056947,3.0484532125876993,594739.8090420251,79928919704.95486,2.1086398829897367e+18,2.1086398829897367e+18,2.1081819694830671e+18,4.742393464464635e-19,0.10322609512370441,-13.072665854849648,-4.970092549839354,0.03287234985536932,1.9408091183377094e-05,64.0,-4411.335974997538,89591108943.94731,79911562292.62398,1.8130364815279565,0.5947398090420252,79928919704.95486,2.1086398829897367e+18,2.1081819694830671e+18,2.1086398829897367e+18,0.021716060213198423,4411.335974997538,2.1081819725736271e+18,79911562409.77301,26381438.54281344,4.684848827941393e+18,177581250000.0,0.45,0.10323730519435335,True,True,True,True,-1.4659835062658776e-09,False,False,True,-13.256466474732292,-13.256466457416359,-13.072665854849648,-13.072665854849648,-0.1838006198826445,True,0.25,4.0,32.0,-1.3671875e-06,1.0416666666666667e-06,10,natural_tdl,,unknown_amplitude_exact,,-13.256466474732292,0.2173585239870126,249.0,1.0416666666666667e-06,2.1081819725736271e+18,79911562409.77301,quad_over_lin,1e-12,-4.973234665310704,-0.1838006198826445,249.0,1985.0,1.0,249.0,True,1.0,dense_psl_satisfied,False,0.873762938001164,0.0,249.0,-13.072665854849648,-13.256466457416359,,0.0,4.0,True,594739.809020616,6.52647577226162e-05,0.7975863029932952
uniform,Uniform,ok,ok,1.3668999599758536e-05,False,,none,129.58877994502765,1943831.6991754149,1.0,3.357142857142857,579013.6976267194,76781250000.0,2.0255998281153943e+18,2.0255998281153943e+18,2.0255998281153943e+18,4.936809265680052e-19,0.10532073506634214,-13.256466474732292,-9.684463547443015,0.015625,0.0,64.0,0.0,76781250000.0,76781250000.0,1.9438316991754148,0.5790136976267194,76781250000.0,2.0255998281153943e+18,2.0255998281153943e+18,2.0255998281153943e+18,0.0,0.0,2.3424244139706967e+18,88790624899.74777,26381438.54281344,4.684848827941393e+18,177581250000.0,0.5,0.09793950717362658,False,False,False,False,-0.13525498793715435,False,False,True,-13.256466474732292,-13.456972739469613,-13.256466474732292,-13.256466474732292,0.0,True,0.25,4.0,32.0,-1.4973958333333334e-06,1.0416666666666667e-06,10,natural_tdl,,,,,,,,,,,,,,,,,,,,,,,,,,,,,,,,,
water_filling,Water-filling,ok,ok,0.00020251100067980587,False,,none,131.31565568637262,1969734.8352955894,1.0000000000006408,3.357142857144688,586729.5254068768,92737355580.05933,2.446544846858372e+18,2.446544846858372e+18,2.443079129402636e+18,4.087396972445071e-19,0.09583278661995326,-7.8773870704855256,-4.804956357461807,0.020104329583313436,2.0034786296483238e-05,64.0,-11461.655219578039,92605986039.62743,92605986039.68677,1.9697348352955895,0.5867295254068768,92737355580.05933,2.446544846858372e+18,2.443079129402636e+18,2.446544846858372e+18,0.14165763035926668,11461.655219578039,2.3424244139706967e+18,88790624899.74777,26381438.54281344,4.684848827941393e+18,177581250000.0,0.5,0.09793950717362658,False,True,True,True,0.04297031521342325,False,False,True,-13.256466474732292,-8.30539927204563,-7.8773870704855256,-7.8773870704855256,-5.379079404246767,False,0.25,4.0,32.0,-1.4322916666666667e-06,1.0416666666666667e-06,10,natural_tdl,0.022342491241469774,,,,,,,,,,,,,,,,,,,,,,,,,,,,,,,,
conventional_s2,Conventional $S_2$,ok,optimal,0.0074782809970201924,False,,conventional_s2,131.31565536527543,1969734.8304791315,0.9999999958698026,3.357142845342293,586729.5260348977,92736611801.47818,2.446525224909444e+18,2.446525224909444e+18,2.4430592899931515e+18,4.08742975473312e-19,0.09583317092465103,-7.877577532509996,-4.8051373888179345,0.020103952510872602,2.003318099288603e-05,64.0,-11462.014825193011,92605234400.64575,92605234018.16785,1.9697348304791316,0.5867295260348977,92736611801.47818,2.446525224909444e+18,2.4430592899931515e+18,2.446525224909444e+18,0.1416676550482285,11462.014825193011,2.3424244139706967e+18,88790624899.74777,26381438.54281344,4.684848827941393e+18,177581250000.0,0.5,0.09793950717362658,True,True,True,True,0.042961845608442205,False,False,True,-13.256466474732292,-8.305580941310923,-7.877577532509996,-7.877577532509996,-5.3788889422222965,False,0.25,4.0,32.0,-1.4322916666666667e-06,1.0416666666666667e-06,10,natural_tdl,,known_amplitude_linear,88790624899.74777,,,,,,,,,,,,,,,,,,,,,,,,,,,,,,
conventional_s2_psl,Conventional $S_2$+PSL,ok,optimal,0.47056209599759313,False,,conventional_s2,128.61535029973606,1929230.254496041,0.9999999997717259,3.3571428564906456,574664.3312381237,88790624879.3966,2.3424244134338033e+18,2.3424244134338033e+18,2.3398659469277143e+18,4.269081188980956e-19,0.09793950718485064,-13.031172006237677,-5.374126121940054,0.035378564097980285,2.003726944618721e-05,64.0,-9847.832004507814,88693645104.4762,88693645084.22974,1.929230254496041,0.5746643312381237,88790624879.3966,2.3424244134338033e+18,2.3398659469277143e+18,2.3424244134338033e+18,0.1092230123378221,9847.832004507814,2.3424244139706967e+18,88790624899.74777,26381438.54281344,4.684848827941393e+18,177581250000.0,0.5,0.09793950717362658,True,False,True,True,-0.0010922303523320457,True,False,True,-13.256466474732292,-13.256466465668366,-13.031172006237677,-13.031172006237677,-0.22529446849461543,True,0.25,4.0,32.0,-1.3671875e-06,1.0416666666666667e-06,10,natural_tdl,,known_amplitude_linear,88790624899.74777,-13.256466474732292,0.2173585239870126,249.0,1.0416666666666667e-06,,,,,,,,,,,,,,,,,,,,,,,,,,
exact_efim,Exact EFIM,ok,optimal,0.0088064609990397,False,,exact_efim,131.3156554662326,1969734.8319934893,0.9999999966340289,3.357142847525797,586729.526104371,92737467801.09964,2.4465478074108503e+18,2.4465478074108503e+18,2.4430819080443085e+18,4.087392026311094e-19,0.09583272863660242,-7.8773715218928135,-4.80493832332754,0.02010435738643817,2.0034929478334236e-05,64.0,-11461.956038287803,92606091677.02763,92606091365.3182,1.9697348319934893,0.5867295261043709,92737467801.09964,2.4465478074108503e+18,2.4430819080443085e+18,2.4465478074108503e+18,0.14166489434799723,11461.956038287803,2.3424244139706967e+18,88790624899.74777,26381438.54281344,4.684848827941393e+18,177581250000.0,0.5,0.09793950717362658,True,True,True,True,0.04297150143811256,False,False,True,-13.256466474732292,-8.305390149805307,-7.8773715218928135,-7.8773715218928135,-5.379094952839479,False,0.25,4.0,32.0,-1.4322916666666667e-06,1.0416666666666667e-06,10,natural_tdl,,unknown_amplitude_exact,,,,,,2.3424244139706967e+18,88790624899.74777,quad_over_lin,1e-12,,,,,,,,,,,,,,,,,,,,,,
exact_efim_sampled_psl,Exact EFIM+sampled PSL,ok,optimal,0.5059388070003479,False,,exact_efim,128.5991983907755,1928987.9758616327,0.9999999998033002,3.357142856580858,574592.1631188031,88809363431.94789,2.3429187634063165e+18,2.3429187634063165e+18,2.34242441290976e+18,4.268180423576115e-19,0.09792917414478866,-13.027651642534043,-5.37352814841192,0.03400147556247939,1.9799899182654846e-05,64.0,-4328.807274420032,88790624876.99759,88790624859.5325,1.9289879758616326,0.574592163118803,88809363431.94789,2.3429187634063165e+18,2.34242441290976e+18,2.3429187634063165e+18,0.021099771117877728,4328.807274420032,2.3424244139706967e+18,88790624899.74777,26381438.54281344,4.684848827941393e+18,177581250000.0,0.5,0.09793950717362658,True,True,True,True,-4.5292249247077396e-10,False,False,True,-13.256466474732292,-13.256466465960388,-13.027651642534043,-13.027651642534043,-0.22881483219824972,True,0.25,4.0,32.0,-1.3671875e-06,1.0416666666666667e-06,10,natural_tdl,,unknown_amplitude_exact,,-13.256466474732292,0.2173585239870126,249.0,1.0416666666666667e-06,2.3424244139706967e+18,88790624899.74777,quad_over_lin,1e-12,,,,,,,,,,,,,,,,,,,,,,
exact_efim_cutting_plane_psl,Exact EFIM+cutting-plane PSL,ok,optimal,0.5166695859988977,False,,exact_efim,128.5991983907755,1928987.9758616327,0.9999999998033002,3.357142856580858,574592.1631188031,88809363431.94789,2.3429187634063165e+18,2.3429187634063165e+18,2.34242441290976e+18,4.268180423576115e-19,0.09792917414478866,-13.027651642534043,-5.37352814841192,0.03400147556247939,1.9799899182654846e-05,64.0,-4328.807274420032,88790624876.99759,88790624859.5325,1.9289879758616326,0.574592163118803,88809363431.94789,2.3429187634063165e+18,2.34242441290976e+18,2.3429187634063165e+18,0.021099771117877728,4328.807274420032,2.3424244139706967e+18,88790624899.74777,26381438.54281344,4.684848827941393e+18,177581250000.0,0.5,0.09793950717362658,True,True,True,True,-4.5292249247077396e-10,False,False,True,-13.256466474732292,-13.256466465960388,-13.027651642534043,-13.027651642534043,-0.22881483219824972,True,0.25,4.0,32.0,-1.3671875e-06,1.0416666666666667e-06,10,natural_tdl,,unknown_amplitude_exact,,-13.256466474732292,0.2173585239870126,249.0,1.0416666666666667e-06,2.3424244139706967e+18,88790624899.74777,quad_over_lin,1e-12,-5.376524799605328,-0.22881483219824972,249.0,1985.0,1.0,249.0,True,1.0,dense_psl_satisfied,False,0.5166695859988977,0.0,249.0,-13.027651642534043,-13.256466465960388,,0.0,,,,,
exact_efim_cutting_plane_psl_ee,Exact EFIM+cutting-plane PSL+EE,ok,optimal,0.8785766640030488,False,,exact_efim,126.92027373707224,1903804.1060560835,0.9839362070527953,3.3112463058651294,574950.9188379982,88805520188.35263,2.342817373111603e+18,2.342817373111603e+18,2.3424244101853276e+18,4.2683651379614542e-19,0.09793129316621102,-13.108088436853327,-4.63193223681696,0.03863707567797824,2.774807004312119e-05,64.0,-3890.8374007004495,90240225046.92465,88790624756.2617,1.9038041060560835,0.5749509188379982,88805520188.35263,2.342817373111603e+18,2.3424244101853276e+18,2.342817373111603e+18,0.0167730925502602,3890.8374007004495,2.3424244139706967e+18,88790624899.74777,26381438.54281344,4.684848827941393e+18,177581250000.0,0.5,0.09793950717362658,True,True,True,True,-1.6160047963226847e-09,False,False,True,-13.256466474732292,-13.2564664571765,-13.108088436853327,-13.108088436853327,-0.14837803787896497,True,0.25,4.0,32.0,-1.3671875e-06,1.0416666666666667e-06,10,natural_tdl,,unknown_amplitude_exact,,-13.256466474732292,0.2173585239870126,249.0,1.0416666666666667e-06,2.3424244139706967e+18,88790624899.74777,quad_over_lin,1e-12,-4.6351465038597635,-0.14837803787896497,249.0,1985.0,1.0,249.0,True,1.0,dense_psl_satisfied,False,0.8785766640030488,0.0,249.0,-13.108088436853327,-13.2564664571765,,0.0,4.0,True,574950.918772065,0.00021832133643329144,0.8300344110029982
uniform,Uniform,ok,ok,1.3528002455132082e-05,False,,none,129.58877994502765,1943831.6991754149,1.0,3.357142857142857,579013.6976267194,76781250000.0,2.0255998281153943e+18,2.0255998281153943e+18,2.0255998281153943e+18,4.936809265680052e-19,0.10532073506634214,-13.256466474732292,-9.684463547443015,0.015625,0.0,64.0,0.0,76781250000.0,76781250000.0,1.9438316991754148,0.5790136976267194,76781250000.0,2.0255998281153943e+18,2.0255998281153943e+18,2.0255998281153943e+18,0.0,0.0,2.5766668553677665e+18,97669687389.72256,26381438.54281344,4.684848827941393e+18,177581250000.0,0.55,0.09338165609920326,False,False,False,False,-0.21386817085195853,False,False,True,-13.256466474732292,-13.456972739469613,-13.256466474732292,-13.256466474732292,0.0,True,0.25,4.0,32.0,-1.4973958333333334e-06,1.0416666666666667e-06,10,natural_tdl,,,,,,,,,,,,,,,,,,,,,,,,,,,,,,,,,
water_filling,Water-filling,ok,ok,0.00020228099674568512,False,,none,131.31565568637262,1969734.8352955894,1.0000000000006408,3.357142857144688,586729.5254068768,92737355580.05933,2.446544846858372e+18,2.446544846858372e+18,2.443079129402636e+18,4.087396972445071e-19,0.09583278661995326,-7.8773870704855256,-4.804956357461807,0.020104329583313436,2.0034786296483238e-05,64.0,-11461.655219578039,92605986039.62743,92605986039.68677,1.9697348352955895,0.5867295254068768,92737355580.05933,2.446544846858372e+18,2.443079129402636e+18,2.446544846858372e+18,0.14165763035926668,11461.655219578039,2.5766668553677665e+18,97669687389.72256,26381438.54281344,4.684848827941393e+18,177581250000.0,0.55,0.09338165609920326,False,False,False,False,-0.0518451679877971,False,False,True,-13.256466474732292,-8.30539927204563,-7.8773870704855256,-7.8773870704855256,-5.379079404246767,False,0.25,4.0,32.0,-1.4322916666666667e-06,1.0416666666666667e-06,10,natural_tdl,0.022342491241469774,,,,,,,,,,,,,,,,,,,,,,,,,,,,,,,,
conventional_s2,Conventional $S_2$,ok,optimal,0.007803413998772157,False,,conventional_s2,131.20149228858162,1968022.3843287244,0.999999996140017,3.3571428461143347,586219.4355556174,97669687191.15067,2.576666850129154e+18,2.576666850129154e+18,2.573201156146469e+18,3.880982906074472e-19,0.09338165619413022,-7.112249181235536,-3.838313996216361,0.022626092600168294,2.9265305154918856e-05,64.0,-11461.616427159446,97538318917.03065,97538318540.53441,1.9680223843287243,0.5862194355556174,97669687191.15067,2.576666850129154e+18,2.573201156146469e+18,2.576666850129154e+18,0.13450299104486355,11461.616427159446,2.5766668553677665e+18,97669687389.72256,26381438.54281344,4.684848827941393e+18,177581250000.0,0.55,0.09338165609920326,True,False,True,True,-0.0013450319408106043,True,False,True,-13.256466474732292,-7.470797456098705,-7.109007152615328,-7.109007152615328,-6.147459322116965,False,0.25,4.0,32.0,-1.3997395833333333e-06,1.0416666666666667e-06,10,natural_tdl,,known_amplitude_linear,97669687389.72256,,,,,,,,,,,,,,,,,,,,,,,,,,,,,,
conventional_s2_psl,Conventional $S_2$+PSL,infeasible,infeasible,0.45056972299789777,False,max_rate_isac: problem is infeasible (solver CLARABEL),conventional_s2,,,,,,,,,,,,,,,,,,,,,,,,,,,,2.5766668553677665e+18,97669687389.72256,26381438.54281344,4.684848827941393e+18,177581250000.0,0.55,0.09338165609920326,False,False,,,,False,,True,-13.256466474732292,,,,,False,,,,,,10,natural_tdl,,,,,,,,,,,,,,,,,,,,,,,,,,,,,,,,,
exact_efim,Exact EFIM,ok,optimal,0.009337966002931353,False,,exact_efim,131.19630923113294,1967944.638466994,0.9999999975764856,3.3571428502185303,586196.276497109,97765029187.56871,2.5791821091482056e+18,2.5791821091482056e+18,2.5766668398788557e+18,3.87719811041283e-19,0.09333611145642043,-7.098829847718674,-3.818071278787558,0.02261992387580425,2.936346529678312e-05,64.0,-9764.34253757778,97669687039.31252,97669686802.60863,1.967944638466994,0.5861962764971089,97765029187.56871,2.579182109148206e+18,2.5766668398788557e+18,2.5791821091482056e+18,0.09752197258302846,9764.34253757778,2.5766668553677665e+18,97669687389.72256,26381438.54281344,4.684848827941393e+18,177581250000.0,0.55,0.09338165609920326,True,True,True,True,-6.011219811258555e-09,False,False,True,-13.256466474732292,-7.45640837098121,-7.095339724920091,-7.095339724920091,-6.161126749812201,False,0.25,4.0,32.0,-1.3997395833333333e-06,1.0416666666666667e-06,10,natural_tdl,,unknown_amplitude_exact,,,,,,2.5766668553677665e+18,97669687389.72256,quad_over_lin,1e-12,,,,,,,,,,,,,,,,,,,,,,
exact_efim_sampled_psl,Exact EFIM+sampled PSL,infeasible,infeasible,0.48761366899998393,False,max_rate_isac: problem is infeasible (solver CLARABEL),exact_efim,,,,,,,,,,,,,,,,,,,,,,,,,,,,2.5766668553677665e+18,97669687389.72256,26381438.54281344,4.684848827941393e+18,177581250000.0,0.55,0.09338165609920326,False,False,,,,False,,True,-13.256466474732292,,,,,False,,,,,,10,natural_tdl,,,,,,,,,,,,,,,,,,,,,,,,,,,,,,,,,
exact_efim_cutting_plane_psl,Exact EFIM+cutting-plane PSL,infeasible,infeasible,0.487203695000062,False,max_rate_isac: problem is infeasible (solver CLARABEL),exact_efim,,,,,,,,,,,,,,,,,,,,,,,,,,,,2.5766668553677665e+18,97669687389.72256,26381438.54281344,4.684848827941393e+18,177581250000.0,0.55,0.09338165609920326,False,False,,,,False,,True,-13.256466474732292,,,,,False,,,,,,10,natural_tdl,,,,,,,,,,,,,,,,,,,,,,,,,,,,,,,,,
exact_efim_cutting_plane_psl_ee,Exact EFIM+cutting-plane PSL+EE,infeasible,infeasible,0.4901454710015969,False,dinkelbach_ee_isac[iter 1]: problem is infeasible (solver CLARABEL),exact_efim,,,,,,,,,,,,,,,,,,,,,,,,,,,,2.5766668553677665e+18,97669687389.72256,26381438.54281344,4.684848827941393e+18,177581250000.0,0.55,0.09338165609920326,False,False,,,,False,,True,-13.256466474732292,,,,,False,,,,,,10,natural_tdl,,,,,,,,,,,,,,,,,,,,,,,,,,,,,,,,,
uniform,Uniform,ok,ok,1.6684000001987442e-05,False,,none,129.58877994502765,1943831.6991754149,1.0,3.357142857142857,579013.6976267194,76781250000.0,2.0255998281153943e+18,2.0255998281153943e+18,2.0255998281153943e+18,4.936809265680052e-19,0.10532073506634214,-13.256466474732292,-9.684463547443015,0.015625,0.0,64.0,0.0,76781250000.0,76781250000.0,1.9438316991754148,0.5790136976267194,76781250000.0,2.0255998281153943e+18,2.0255998281153943e+18,2.0255998281153943e+18,0.0,0.0,2.810909296764836e+18,106548749879.69733,26381438.54281344,4.684848827941393e+18,177581250000.0,0.6,0.08940612891655719,False,False,False,False,-0.27937915661429524,False,False,True,-13.256466474732292,-13.456972739469613,-13.256466474732292,-13.256466474732292,0.0,True,0.25,4.0,32.0,-1.4973958333333334e-06,1.0416666666666667e-06,10,natural_tdl,,,,,,,,,,,,,,,,,,,,,,,,,,,,,,,,,
water_filling,Water-filling,ok,ok,0.00020787700123037212,False,,none,131.31565568637262,1969734.8352955894,1.0000000000006408,3.357142857144688,586729.5254068768,92737355580.05933,2.446544846858372e+18,2.446544846858372e+18,2.443079129402636e+18,4.087396972445071e-19,0.09583278661995326,-7.8773870704855256,-4.804956357461807,0.020104329583313436,2.0034786296483238e-05,64.0,-11461.655219578039,92605986039.62743,92605986039.68677,1.9697348352955895,0.5867295254068768,92737355580.05933,2.446544846858372e+18,2.443079129402636e+18,2.446544846858372e+18,0.14165763035926668,11461.655219578039,2.810909296764836e+18,106548749879.69733,26381438.54281344,4.684848827941393e+18,177581250000.0,0.6,0.08940612891655719,False,False,False,False,-0.13085807065548055,False,False,True,-13.256466474732292,-8.30539927204563,-7.8773870704855256,-7.8773870704855256,-5.379079404246767,False,0.25,4.0,32.0,-1.4322916666666667e-06,1.0416666666666667e-06,10,natural_tdl,0.022342491241469774,,,,,,,,,,,,,,,,,,,,,,,,,,,,,,,,
conventional_s2,Conventional $S_2$,ok,optimal,0.007286519001354463,False,,conventional_s2,130.450756815035,1956761.3522255248,0.9999999960177122,3.357142845764892,582865.085617081,106548749536.08185,2.810909287699765e+18,2.810909287699765e+18,2.807442943764207e+18,3.5575676681417354e-19,0.0894061290607228,-5.914461644964218,-2.305330985576994,0.02789704634625409,5.14863282770911e-05,64.0,-11462.69112766529,106417356672.50139,106417356248.71684,1.956761352225525,0.5828650856170811,106548749536.08185,2.810909287699765e+18,2.807442943764207e+18,2.810909287699765e+18,0.12331753111800832,11462.69112766529,2.810909296764836e+18,106548749879.69733,26381438.54281344,4.684848827941393e+18,177581250000.0,0.6,0.08940612891655719,True,False,True,True,-0.0012331785321633363,True,False,True,-13.256466474732292,-6.070241354258647,-5.914461644964218,-5.914461644964218,-7.342004829768074,False,0.25,4.0,32.0,-1.3671875e-06,1.0416666666666667e-06,10,natural_tdl,,known_amplitude_linear,106548749879.69733,,,,,,,,,,,,,,,,,,,,,,,,,,,,,,
conventional_s2_psl,Conventional $S_2$+PSL,infeasible,infeasible,0.45409360099802143,False,max_rate_isac: problem is infeasible (solver CLARABEL),conventional_s2,,,,,,,,,,,,,,,,,,,,,,,,,,,,2.810909296764836e+18,106548749879.69733,26381438.54281344,4.684848827941393e+18,177581250000.0,0.6,0.08940612891655719,False,False,,,,False,,True,-13.256466474732292,,,,,False,,,,,,10,natural_tdl,,,,,,,,,,,,,,,,,,,,,,,,,,,,,,,,,
exact_efim,Exact EFIM,ok,optimal,0.009410440001374809,False,,exact_efim,130.44029477040684,1956604.4215561026,0.9999999964011144,3.357142846860327,582818.3401209638,106604423824.68842,2.8123780555230536e+18,2.8123780555230536e+18,2.81090926779774e+18,3.555709724146661e-19,0.08938277978254078,-5.907767150296191,-2.28901416005517,0.028235609231802114,5.149053727379941e-05,64.0,-7461.571094743474,106548749165.14363,106548748781.68687,1.9566044215561025,0.5828183401209638,106604423824.68842,2.812378055523054e+18,2.81090926779774e+18,2.8123780555230536e+18,0.05222582797604595,7461.571094743474,2.810909296764836e+18,106548749879.69733,26381438.54281344,4.684848827941393e+18,177581250000.0,0.6,0.08940612891655719,True,True,True,True,-1.030524031541649e-08,False,False,True,-13.256466474732292,-6.064869952416036,-5.907767150296191,-5.907767150296191,-7.348699324436101,False,0.25,4.0,32.0,-1.3671875e-06,1.0416666666666667e-06,10,natural_tdl,,unknown_amplitude_exact,,,,,,2.810909296764836e+18,106548749879.69733,quad_over_lin,1e-12,,,,,,,,,,,,,,,,,,,,,,
exact_efim_sampled_psl,Exact EFIM+sampled PSL,infeasible,infeasible,0.46033218700176803,False,max_rate_isac: problem is infeasible (solver CLARABEL),exact_efim,,,,,,,,,,,,,,,,,,,,,,,,,,,,2.810909296764836e+18,106548749879.69733,26381438.54281344,4.684848827941393e+18,177581250000.0,0.6,0.08940612891655719,False,False,,,,False,,True,-13.256466474732292,,,,,False,,,,,,10,natural_tdl,,,,,,,,,,,,,,,,,,,,,,,,,,,,,,,,,
exact_efim_cutting_plane_psl,Exact EFIM+cutting-plane PSL,infeasible,infeasible,0.42633162299898686,False,max_rate_isac: problem is infeasible (solver CLARABEL),exact_efim,,,,,,,,,,,,,,,,,,,,,,,,,,,,2.810909296764836e+18,106548749879.69733,26381438.54281344,4.684848827941393e+18,177581250000.0,0.6,0.08940612891655719,False,False,,,,False,,True,-13.256466474732292,,,,,False,,,,,,10,natural_tdl,,,,,,,,,,,,,,,,,,,,,,,,,,,,,,,,,
exact_efim_cutting_plane_psl_ee,Exact EFIM+cutting-plane PSL+EE,infeasible,infeasible,0.4607185880013276,False,dinkelbach_ee_isac[iter 1]: problem is infeasible (solver CLARABEL),exact_efim,,,,,,,,,,,,,,,,,,,,,,,,,,,,2.810909296764836e+18,106548749879.69733,26381438.54281344,4.684848827941393e+18,177581250000.0,0.6,0.08940612891655719,False,False,,,,False,,True,-13.256466474732292,,,,,False,,,,,,10,natural_tdl,,,,,,,,,,,,,,,,,,,,,,,,,,,,,,,,,
uniform,Uniform,ok,ok,1.6267000319203362e-05,False,,none,129.58877994502765,1943831.6991754149,1.0,3.357142857142857,579013.6976267194,76781250000.0,2.0255998281153943e+18,2.0255998281153943e+18,2.0255998281153943e+18,4.936809265680052e-19,0.10532073506634214,-13.256466474732292,-9.684463547443015,0.015625,0.0,64.0,0.0,76781250000.0,76781250000.0,1.9438316991754148,0.5790136976267194,76781250000.0,2.0255998281153943e+18,2.0255998281153943e+18,2.0255998281153943e+18,0.0,0.0,3.279394179558975e+18,124306874859.64688,26381438.54281344,4.684848827941393e+18,177581250000.0,0.7,0.08277399119380457,False,False,False,False,-0.3823249913836816,False,False,True,-13.256466474732292,-13.456972739469613,-13.256466474732292,-13.256466474732292,0.0,True,0.25,4.0,32.0,-1.4973958333333334e-06,1.0416666666666667e-06,10,natural_tdl,,,,,,,,,,,,,,,,,,,,,,,,,,,,,,,,,
water_filling,Water-filling,ok,ok,0.00020237300122971646,False,,none,131.31565568637262,1969734.8352955894,1.0000000000006408,3.357142857144688,586729.5254068768,92737355580.05933,2.446544846858372e+18,2.446544846858372e+18,2.443079129402636e+18,4.087396972445071e-19,0.09583278661995326,-7.8773870704855256,-4.804956357461807,0.020104329583313436,2.0034786296483238e-05,64.0,-11461.655219578039,92605986039.62743,92605986039.68677,1.9697348352955895,0.5867295254068768,92737355580.05933,2.446544846858372e+18,2.443079129402636e+18,2.446544846858372e+18,0.14165763035926668,11461.655219578039,3.279394179558975e+18,124306874859.64688,26381438.54281344,4.684848827941393e+18,177581250000.0,0.7,0.08277399119380457,False,False,False,False,-0.2550212034189833,False,False,True,-13.256466474732292,-8.30539927204563,-7.8773870704855256,-7.8773870704855256,-5.379079404246767,False,0.25,4.0,32.0,-1.4322916666666667e-06,1.0416666666666667e-06,10,natural_tdl,0.022342491241469774,,,,,,,,,,,,,,,,,,,,,,,,,,,,,,,,
conventional_s2,Conventional $S_2$,ok,optimal,0.00710763200186193,False,,conventional_s2,127.05423148026289,1905813.4722039432,0.999999998940656,3.3571428541161605,567689.119891709,124306874736.5746,3.279394176312151e+18,3.279394176312151e+18,3.275928748376006e+18,3.0493437087351053e-19,0.08277399123478053,-4.065105049735095,0.22662576285007338,0.04207838296369404,0.00012105115770866568,64.0,-11461.176472971896,124175516302.11374,124175516170.56915,1.9058134722039433,0.567689119891709,124306874736.5746,3.2793941763121516e+18,3.275928748376006e+18,3.279394176312151e+18,0.10567280875158318,11461.176472971896,3.279394179558975e+18,124306874859.64688,26381438.54281344,4.684848827941393e+18,177581250000.0,0.7,0.08277399119380457,True,False,True,True,-0.0010567290765378123,True,False,True,-13.256466474732292,-4.065105049735095,-4.065105049735095,-4.065105049735095,-9.191361424997197,False,0.25,4.0,32.0,-1.3020833333333335e-06,1.0416666666666667e-06,10,natural_tdl,,known_amplitude_linear,124306874859.64688,,,,,,,,,,,,,,,,,,,,,,,,,,,,,,
conventional_s2_psl,Conventional $S_2$+PSL,infeasible,infeasible,0.4484544029983226,False,max_rate_isac: problem is infeasible (solver CLARABEL),conventional_s2,,,,,,,,,,,,,,,,,,,,,,,,,,,,3.279394179558975e+18,124306874859.64688,26381438.54281344,4.684848827941393e+18,177581250000.0,0.7,0.08277399119380457,False,False,,,,False,,True,-13.256466474732292,,,,,False,,,,,,10,natural_tdl,,,,,,,,,,,,,,,,,,,,,,,,,,,,,,,,,
exact_efim,Exact EFIM,ok,optimal,0.009272204002627404,False,,exact_efim,127.04108026343613,1905616.203951542,0.9999999967833142,3.3571428479523266,567630.3601778112,124326730143.59598,3.2799179905122284e+18,3.2799179905122284e+18,3.279394150728182e+18,3.0488567180419925e-19,0.0827673813251147,-4.0623555720944555,0.2433458904156781,0.043338425958796535,0.00012110934811904758,64.0,-4456.049467504525,124306874166.65916,124306873766.80301,1.905616203951542,0.5676303601778112,124326730143.59598,3.2799179905122284e+18,3.279394150728182e+18,3.2799179905122284e+18,0.015971124447681187,4456.049467504525,3.279394179558975e+18,124306874859.64688,26381438.54281344,4.684848827941393e+18,177581250000.0,0.7,0.08277399119380457,True,True,True,True,-8.79149978240105e-09,False,False,True,-13.256466474732292,-4.0623555720944555,-4.0623555720944555,-4.0623555720944555,-9.194110902637837,False,0.25,4.0,32.0,-1.3020833333333335e-06,1.0416666666666667e-06,10,natural_tdl,,unknown_amplitude_exact,,,,,,3.279394179558975e+18,124306874859.64688,quad_over_lin,1e-12,,,,,,,,,,,,,,,,,,,,,,
exact_efim_sampled_psl,Exact EFIM+sampled PSL,infeasible,infeasible,0.45916148900141707,False,max_rate_isac: problem is infeasible (solver CLARABEL),exact_efim,,,,,,,,,,,,,,,,,,,,,,,,,,,,3.279394179558975e+18,124306874859.64688,26381438.54281344,4.684848827941393e+18,177581250000.0,0.7,0.08277399119380457,False,False,,,,False,,True,-13.256466474732292,,,,,False,,,,,,10,natural_tdl,,,,,,,,,,,,,,,,,,,,,,,,,,,,,,,,,
exact_efim_cutting_plane_psl,Exact EFIM+cutting-plane PSL,infeasible,infeasible,0.458265750999999,False,max_rate_isac: problem is infeasible (solver CLARABEL),exact_efim,,,,,,,,,,,,,,,,,,,,,,,,,,,,3.279394179558975e+18,124306874859.64688,26381438.54281344,4.684848827941393e+18,177581250000.0,0.7,0.08277399119380457,False,False,,,,False,,True,-13.256466474732292,,,,,False,,,,,,10,natural_tdl,,,,,,,,,,,,,,,,,,,,,,,,,,,,,,,,,
exact_efim_cutting_plane_psl_ee,Exact EFIM+cutting-plane PSL+EE,infeasible,infeasible,0.46279955999852973,False,dinkelbach_ee_isac[iter 1]: problem is infeasible (solver CLARABEL),exact_efim,,,,,,,,,,,,,,,,,,,,,,,,,,,,3.279394179558975e+18,124306874859.64688,26381438.54281344,4.684848827941393e+18,177581250000.0,0.7,0.08277399119380457,False,False,,,,False,,True,-13.256466474732292,,,,,False,,,,,,10,natural_tdl,,,,,,,,,,,,,,,,,,,,,,,,,,,,,,,,,
uniform,Uniform,ok,ok,1.5542002074653283e-05,False,,none,129.58877994502765,1943831.6991754149,1.0,3.357142857142857,579013.6976267194,76781250000.0,2.0255998281153943e+18,2.0255998281153943e+18,2.0255998281153943e+18,4.936809265680052e-19,0.10532073506634214,-13.256466474732292,-9.684463547443015,0.015625,0.0,64.0,0.0,76781250000.0,76781250000.0,1.9438316991754148,0.5790136976267194,76781250000.0,2.0255998281153943e+18,2.0255998281153943e+18,2.0255998281153943e+18,0.0,0.0,3.747879062353115e+18,142064999839.59647,26381438.54281344,4.684848827941393e+18,177581250000.0,0.8,0.07742797889576501,False,False,False,False,-0.4595343674607215,False,False,True,-13.256466474732292,-13.456972739469613,-13.256466474732292,-13.256466474732292,0.0,True,0.25,4.0,32.0,-1.4973958333333334e-06,1.0416666666666667e-06,10,natural_tdl,,,,,,,,,,,,,,,,,,,,,,,,,,,,,,,,,
water_filling,Water-filling,ok,ok,0.0002013079974858556,False,,none,131.31565568637262,1969734.8352955894,1.0000000000006408,3.357142857144688,586729.5254068768,92737355580.05933,2.446544846858372e+18,2.446544846858372e+18,2.443079129402636e+18,4.087396972445071e-19,0.09583278661995326,-7.8773870704855256,-4.804956357461807,0.020104329583313436,2.0034786296483238e-05,64.0,-11461.655219578039,92605986039.62743,92605986039.68677,1.9697348352955895,0.5867295254068768,92737355580.05933,2.446544846858372e+18,2.443079129402636e+18,2.446544846858372e+18,0.14165763035926668,11461.655219578039,3.747879062353115e+18,142064999839.59647,26381438.54281344,4.684848827941393e+18,177581250000.0,0.8,0.07742797889576501,False,False,False,False,-0.34814355299161054,False,False,True,-13.256466474732292,-8.30539927204563,-7.8773870704855256,-7.8773870704855256,-5.379079404246767,False,0.25,4.0,32.0,-1.4322916666666667e-06,1.0416666666666667e-06,10,natural_tdl,0.022342491241469774,,,,,,,,,,,,,,,,,,,,,,,,,,,,,,,,
conventional_s2,Conventional $S_2$,ok,optimal,0.007227815000078408,False,,conventional_s2,121.29600096276967,1819440.0144415451,0.999999996316436,3.357142846618389,541960.8570645858,142064999341.34177,3.7478790492084403e+18,3.7478790492084403e+18,3.7448237777156306e+18,2.6681757518594473e-19,0.07742797903154389,-2.777070387561978,2.3746849167623925,0.06249999174286662,0.0002378783973501401,64.0,-10761.570820988538,141949188458.11215,141949187935.23322,1.819440014441545,0.5419608570645857,142064999341.34177,3.7478790492084393e+18,3.7448237777156306e+18,3.7478790492084403e+18,0.08152001312462331,10761.570820988538,3.747879062353115e+18,142064999839.59647,26381438.54281344,4.684848827941393e+18,177581250000.0,0.8,0.07742797889576501,True,False,True,True,-0.0008152036356173873,True,False,True,-13.256466474732292,-2.8216251368648706,-2.7688657921361677,-2.7688657921361677,-10.487600682596124,False,0.25,4.0,32.0,-1.2695312500000002e-06,1.0416666666666667e-06,10,natural_tdl,,known_amplitude_linear,142064999839.59647,,,,,,,,,,,,,,,,,,,,,,,,,,,,,,
conventional_s2_psl,Conventional $S_2$+PSL,infeasible,infeasible,0.4196062039991375,False,max_rate_isac: problem is infeasible (solver CLARABEL),conventional_s2,,,,,,,,,,,,,,,,,,,,,,,,,,,,3.747879062353115e+18,142064999839.59647,26381438.54281344,4.684848827941393e+18,177581250000.0,0.8,0.07742797889576501,False,False,,,,False,,True,-13.256466474732292,,,,,False,,,,,,10,natural_tdl,,,,,,,,,,,,,,,,,,,,,,,,,,,,,,,,,
exact_efim,Exact EFIM,ok,optimal,0.009325414001068566,False,,exact_efim,121.28261962782712,1819239.2944174067,0.9999999980598075,3.35714285159945,541901.0673170083,142074730415.5688,3.748135768945115e+18,3.748135768945115e+18,3.747879043775206e+18,2.667993001442001e-19,0.07742532736255597,-2.7761785712702842,2.3893317062194748,0.06249999757734933,0.0002380770722322935,64.0,-3119.4999911841164,142064999411.02612,142064999135.39267,1.8192392944174067,0.5419010673170083,142074730415.5688,3.748135768945115e+18,3.747879043775206e+18,3.748135768945115e+18,0.006849409566118823,3119.4999911841164,3.747879062353115e+18,142064999839.59647,26381438.54281344,4.684848827941393e+18,177581250000.0,0.8,0.07742797889576501,True,True,True,True,-4.956912680190864e-09,False,False,True,-13.256466474732292,-2.81865529148567,-2.7669458790314754,-2.7669458790314754,-10.489520595700817,False,0.25,4.0,32.0,-1.2695312500000002e-06,1.0416666666666667e-06,10,natural_tdl,,unknown_amplitude_exact,,,,,,3.747879062353115e+18,142064999839.59647,quad_over_lin,1e-12,,,,,,,,,,,,,,,,,,,,,,
exact_efim_sampled_psl,Exact EFIM+sampled PSL,infeasible,infeasible,0.4583309050030948,False,max_rate_isac: problem is infeasible (solver CLARABEL),exact_efim,,,,,,,,,,,,,,,,,,,,,,,,,,,,3.747879062353115e+18,142064999839.59647,26381438.54281344,4.684848827941393e+18,177581250000.0,0.8,0.07742797889576501,False,False,,,,False,,True,-13.256466474732292,,,,,False,,,,,,10,natural_tdl,,,,,,,,,,,,,,,,,,,,,,,,,,,,,,,,,
exact_efim_cutting_plane_psl,Exact EFIM+cutting-plane PSL,infeasible,infeasible,0.4581268510009977,False,max_rate_isac: problem is infeasible (solver CLARABEL),exact_efim,,,,,,,,,,,,,,,,,,,,,,,,,,,,3.747879062353115e+18,142064999839.59647,26381438.54281344,4.684848827941393e+18,177581250000.0,0.8,0.07742797889576501,False,False,,,,False,,True,-13.256466474732292,,,,,False,,,,,,10,natural_tdl,,,,,,,,,,,,,,,,,,,,,,,,,,,,,,,,,
exact_efim_cutting_plane_psl_ee,Exact EFIM+cutting-plane PSL+EE,infeasible,infeasible,0.45806003699908615,False,dinkelbach_ee_isac[iter 1]: problem is infeasible (solver CLARABEL),exact_efim,,,,,,,,,,,,,,,,,,,,,,,,,,,,3.747879062353115e+18,142064999839.59647,26381438.54281344,4.684848827941393e+18,177581250000.0,0.8,0.07742797889576501,False,False,,,,False,,True,-13.256466474732292,,,,,False,,,,,,10,natural_tdl,,,,,,,,,,,,,,,,,,,,,,,,,,,,,,,,,
uniform,Uniform,ok,ok,1.4843000826658681e-05,False,,none,354.44311245060567,5316646.686759085,1.0,3.357142857142857,1583681.9918005785,76781250000.0,2.0255998281153943e+18,2.0255998281153943e+18,2.0255998281153943e+18,4.936809265680052e-19,0.10532073506634214,-13.256466474732292,-9.684463547443015,0.015625,0.0,64.0,0.0,76781250000.0,76781250000.0,5.316646686759086,1.5836819918005784,76781250000.0,2.0255998281153943e+18,2.0255998281153943e+18,2.0255998281153943e+18,0.0,0.0,7.02727324191209e+17,26637187469.92433,26381438.54281344,4.684848827941393e+18,177581250000.0,0.15,0.17881225783311439,False,True,True,True,1.882483373542819,False,False,True,-13.256466474732292,-13.456972739469613,-13.256466474732292,-13.256466474732292,0.0,True,0.25,4.0,32.0,-1.4973958333333334e-06,1.0416666666666667e-06,11,natural_tdl,,,,,,,,,,,,,,,,,,,,,,,,,,,,,,,,,
water_filling,Water-filling,ok,ok,0.00016924699957598932,False,,none,354.453677433518,5316805.16150277,1.000000000000092,3.35714285714312,1583729.1970432543,77615150343.7167,2.047599318783988e+18,2.047599318783988e+18,2.0475672531718758e+18,4.883767985398003e-19,0.104753422004075,-12.919716144528412,-9.402300721452045,0.015881869293526307,5.926049331839618e-08,64.0,-1102.4795202058936,77613934882.6171,77613934882.62424,5.31680516150277,1.5837291970432543,77615150343.7167,2.0475993187839877e+18,2.0475672531718758e+18,2.047599318783988e+18,0.0015660100986540117,1102.4795202058936,7.02727324191209e+17,26637187469.92433,26381438.54281344,4.684848827941393e+18,177581250000.0,0.15,0.17881225783311439,False,True,True,True,1.9137436138953121,False,False,True,-13.256466474732292,-13.135976155321085,-12.919716144528412,-12.919716144528412,-0.33675033020388057,False,0.25,4.0,32.0,-1.4973958333333334e-06,1.0416666666666667e-06,11,natural_tdl,0.016035655390105458,,,,,,,,,,,,,,,,,,,,,,,,,,,,,,,,
conventional_s2,Conventional $S_2$,ok,optimal,0.007708645996899577,False,,conventional_s2,354.4536772730591,5316805.159095886,0.9999999991506052,3.357142854716015,1583729.1974712948,77615544930.66444,2.047609728555299e+18,2.047609728555299e+18,2.0475776141494738e+18,4.883743156981164e-19,0.1047531557276118,-12.919439651088254,-9.40215697826266,0.015881810231979196,5.93313083683329e-08,64.0,-1103.3180142685208,77614327685.95007,77614327620.02487,5.316805159095886,1.5837291974712948,77615544930.66444,2.047609728555299e+18,2.0475776141494738e+18,2.047609728555299e+18,0.0015683850968972722,1103.3180142685208,7.02727324191209e+17,26637187469.92433,26381438.54281344,4.684848827941393e+18,177581250000.0,0.15,0.17881225783311439,True,True,True,True,1.9137583578468298,False,False,True,-13.256466474732292,-13.135690679199838,-12.919439651088254,-12.919439651088254,-0.33702682364403813,False,0.25,4.0,32.0,-1.4973958333333334e-06,1.0416666666666667e-06,11,natural_tdl,,known_amplitude_linear,26637187469.92433,,,,,,,,,,,,,,,,,,,,,,,,,,,,,,
conventional_s2_psl,Conventional $S_2$+PSL,ok,optimal,0.5066805060014303,False,,conventional_s2,354.4527904926127,5316791.85738919,0.9999999998139446,3.3571428566112704,1583725.234366704,77426485560.02414,2.0426220703878085e+18,2.0426220703878085e+18,2.042589850480291e+18,4.895668241801294e-19,0.10488097045813749,-13.038883904302676,-9.470131712266873,0.015898022480979677,3.799317760357094e-08,64.0,-1105.1288285606863,77425264264.70204,77425264250.29665,5.31679185738919,1.583725234366704,77426485560.02414,2.042622070387809e+18,2.042589850480291e+18,2.0426220703878085e+18,0.0015773797798690576,1105.1288285606863,7.02727324191209e+17,26637187469.92433,26381438.54281344,4.684848827941393e+18,177581250000.0,0.15,0.17881225783311439,True,True,True,True,1.906660635163393,False,False,True,-13.256466474732292,-13.256466734246796,-13.038883904302676,-13.038883904302676,-0.2175825704296166,True,0.25,4.0,32.0,-1.4973958333333334e-06,1.0416666666666667e-06,11,natural_tdl,,known_amplitude_linear,26637187469.92433,-13.256466474732292,0.2173585239870126,249.0,1.0416666666666667e-06,,,,,,,,,,,,,,,,,,,,,,,,,,
exact_efim,Exact EFIM,ok,optimal,0.009865243002423085,False,,exact_efim,354.4536772825455,5316805.159238183,0.9999999990557331,3.3571428544449518,1583729.197641555,77615184824.73483,2.0476002284428483e+18,2.0476002284428483e+18,2.047568140285317e+18,4.883765815754359e-19,0.10475339873539986,-12.919675184914947,-9.402285432143099,0.01588192588997259,5.926649903922369e-08,64.0,-1102.8670307907898,77613968582.33667,77613968509.04837,5.316805159238183,1.583729197641555,77615184824.73483,2.0476002284428483e+18,2.047568140285317e+18,2.0476002284428483e+18,0.001567110468411028,1102.8670307907898,7.02727324191209e+17,26637187469.92433,26381438.54281344,4.684848827941393e+18,177581250000.0,0.15,0.17881225783311439,True,True,True,True,1.9137448762817468,False,False,True,-13.256466474732292,-13.135935131633873,-12.919675184914947,-12.919675184914947,-0.3367912898173451,False,0.25,4.0,32.0,-1.4973958333333334e-06,1.0416666666666667e-06,11,natural_tdl,,unknown_amplitude_exact,,,,,,7.02727324191209e+17,26637187469.92433,quad_over_lin,1e-12,,,,,,,,,,,,,,,,,,,,,,
exact_efim_sampled_psl,Exact EFIM+sampled PSL,ok,optimal,0.5238360429975728,False,,exact_efim,354.45279049647866,5316791.85744718,0.9999999997977438,3.3571428565649826,1583725.2344058137,77426559595.6206,2.042624023553347e+18,2.042624023553347e+18,2.0425918121231055e+18,4.895663560543075e-19,0.10488092031431666,-13.038880259058928,-9.47010889016687,0.015897943990704055,3.8001365639059576e-08,64.0,-1104.9834355650369,77425338622.88774,77425338607.22798,5.31679185744718,1.5837252344058137,77426559595.6206,2.042624023553347e+18,2.0425918121231055e+18,2.042624023553347e+18,0.00157696325266463,1104.9834355650369,7.02727324191209e+17,26637187469.92433,26381438.54281344,4.684848827941393e+18,177581250000.0,0.15,0.17881225783311439,True,True,True,True,1.9066634266342053,False,False,True,-13.256466474732292,-13.256466758341553,-13.038880259058928,-13.038880259058928,-0.21758621567336434,True,0.25,4.0,32.0,-1.4973958333333334e-06,1.0416666666666667e-06,11,natural_tdl,,unknown_amplitude_exact,,-13.256466474732292,0.2173585239870126,249.0,1.0416666666666667e-06,7.02727324191209e+17,26637187469.92433,quad_over_lin,1e-12,,,,,,,,,,,,,,,,,,,,,,
exact_efim_cutting_plane_psl,Exact EFIM+cutting-plane PSL,ok,optimal,0.4968754279980203,False,,exact_efim,354.45279049647866,5316791.85744718,0.9999999997977438,3.3571428565649826,1583725.2344058137,77426559595.6206,2.042624023553347e+18,2.042624023553347e+18,2.0425918121231055e+18,4.895663560543075e-19,0.10488092031431666,-13.038880259058928,-9.47010889016687,0.015897943990704055,3.8001365639059576e-08,64.0,-1104.9834355650369,77425338622.88774,77425338607.22798,5.31679185744718,1.5837252344058137,77426559595.6206,2.042624023553347e+18,2.0425918121231055e+18,2.042624023553347e+18,0.00157696325266463,1104.9834355650369,7.02727324191209e+17,26637187469.92433,26381438.54281344,4.684848827941393e+18,177581250000.0,0.15,0.17881225783311439,True,True,True,True,1.9066634266342053,False,False,True,-13.256466474732292,-13.256466758341553,-13.038880259058928,-13.038880259058928,-0.21758621567336434,True,0.25,4.0,32.0,-1.4973958333333334e-06,1.0416666666666667e-06,11,natural_tdl,,unknown_amplitude_exact,,-13.256466474732292,0.2173585239870126,249.0,1.0416666666666667e-06,7.02727324191209e+17,26637187469.92433,quad_over_lin,1e-12,-9.469871207470874,-0.21758621567336434,249.0,1985.0,1.0,249.0,True,1.0,dense_psl_satisfied,False,0.4968754279980203,0.0,249.0,-13.038880259058928,-13.256466758341553,,0.0,,,,,
exact_efim_cutting_plane_psl_ee,Exact EFIM+cutting-plane PSL+EE,ok,optimal,0.9787839320015337,False,,exact_efim,241.74814130545548,3626222.119581832,0.2901311141959257,1.3289460405597877,2728645.113427156,26637764380.968742,7.027425439344718e+17,7.027425439344718e+17,7.02727319021054e+17,1.4229962432632318e-18,0.17881032149710108,-13.192348729584936,-3.7252436932948108,0.013448550930164602,3.567815863715037e-06,64.0,-1410.3633903131308,91810860575.1234,26637187273.94734,3.6262221195818323,2.7286451134271563,26637764380.968742,7.027425439344718e+17,7.02727319021054e+17,7.027425439344718e+17,0.002166499459761706,1410.3633903131308,7.02727324191209e+17,26637187469.92433,26381438.54281344,4.684848827941393e+18,177581250000.0,0.15,0.17881225783311439,True,True,True,True,-7.357270494569845e-09,False,False,True,-13.256466474732292,-13.256466374844058,-13.168270867300635,-13.168270867300635,-0.08819560743165766,True,0.25,4.0,32.0,-1.3346354166666666e-06,1.0416666666666667e-06,11,natural_tdl,,unknown_amplitude_exact,,-13.256466474732292,0.2173585239870126,249.0,1.0416666666666667e-06,7.02727324191209e+17,26637187469.92433,quad_over_lin,1e-12,-3.7285528805548447,-0.08819560743165766,249.0,1985.0,1.0,249.0,True,1.0,dense_psl_satisfied,False,0.9787839320015337,0.0,249.0,-13.168270867300635,-13.256466374844058,,0.0,5.0,True,2728645.1109040235,0.0033531072549521923,0.9026746529962111
uniform,Uniform,ok,ok,1.3706001482205465e-05,False,,none,354.44311245060567,5316646.686759085,1.0,3.357142857142857,1583681.9918005785,76781250000.0,2.0255998281153943e+18,2.0255998281153943e+18,2.0255998281153943e+18,4.936809265680052e-19,0.10532073506634214,-13.256466474732292,-9.684463547443015,0.015625,0.0,64.0,0.0,76781250000.0,76781250000.0,5.316646686759086,1.5836819918005784,76781250000.0,2.0255998281153943e+18,2.0255998281153943e+18,2.0255998281153943e+18,0.0,0.0,1.1712122069853484e+18,44395312449.873886,26381438.54281344,4.684848827941393e+18,177581250000.0,0.25,0.13850737933707974,False,True,True,True,0.7294900241256913,False,False,True,-13.256466474732292,-13.456972739469613,-13.256466474732292,-13.256466474732292,0.0,True,0.25,4.0,32.0,-1.4973958333333334e-06,1.0416666666666667e-06,11,natural_tdl,,,,,,,,,,,,,,,,,,,,,,,,,,,,,,,,,
water_filling,Water-filling,ok,ok,0.00019579799845814705,False,,none,354.453677433518,5316805.16150277,1.000000000000092,3.35714285714312,1583729.1970432543,77615150343.7167,2.047599318783988e+18,2.047599318783988e+18,2.0475672531718758e+18,4.883767985398003e-19,0.104753422004075,-12.919716144528412,-9.402300721452045,0.015881869293526307,5.926049331839618e-08,64.0,-1102.4795202058936,77613934882.6171,77613934882.62424,5.31680516150277,1.5837291970432543,77615150343.7167,2.0475993187839877e+18,2.0475672531718758e+18,2.047599318783988e+18,0.0015660100986540117,1102.4795202058936,1.1712122069853484e+18,44395312449.873886,26381438.54281344,4.684848827941393e+18,177581250000.0,0.25,0.13850737933707974,False,True,True,True,0.7482461683371872,False,False,True,-13.256466474732292,-13.135976155321085,-12.919716144528412,-12.919716144528412,-0.33675033020388057,False,0.25,4.0,32.0,-1.4973958333333334e-06,1.0416666666666667e-06,11,natural_tdl,0.016035655390105458,,,,,,,,,,,,,,,,,,,,,,,,,,,,,,,,
conventional_s2,Conventional $S_2$,ok,optimal,0.007151592002628604,False,,conventional_s2,354.4536772801836,5316805.1592027545,0.9999999991732872,3.357142854780821,1583729.1974725558,77614877080.20786,2.0475921096995228e+18,2.0475921096995228e+18,2.0475600378755154e+18,4.883785179982681e-19,0.1047536064098458,-12.919795860204946,-9.402388053096555,0.015881995832524212,5.922434900866287e-08,64.0,-1102.5863041441473,77613661447.81499,77613661383.65077,5.3168051592027545,1.5837291974725558,77614877080.20786,2.0475921096995228e+18,2.0475600378755154e+18,2.0475921096995228e+18,0.0015663189878247006,1102.5863041441473,1.1712122069853484e+18,44395312449.873886,26381438.54281344,4.684848827941393e+18,177581250000.0,0.25,0.13850737933707974,True,True,True,True,0.7482400077999956,False,False,True,-13.256466474732292,-13.136051903462544,-12.919795860204946,-12.919795860204946,-0.33667061452734615,False,0.25,4.0,32.0,-1.4973958333333334e-06,1.0416666666666667e-06,11,natural_tdl,,known_amplitude_linear,44395312449.873886,,,,,,,,,,,,,,,,,,,,,,,,,,,,,,
conventional_s2_psl,Conventional $S_2$+PSL,ok,optimal,0.5002587589988252,False,,conventional_s2,354.4527904683845,5316791.857025767,0.999999999666952,3.3571428561912917,1583725.2344565743,77426856932.03049,2.042631867715571e+18,2.042631867715571e+18,2.0425996289416835e+18,4.895644760102442e-19,0.10488071893105323,-13.03886584722802,-9.470020165339736,0.01589813875972725,3.802746511083195e-08,64.0,-1105.4523354391292,77425634932.95142,77425634907.16496,5.316791857025767,1.5837252344565742,77426856932.03049,2.042631867715571e+18,2.0425996289416835e+18,2.042631867715571e+18,0.0015782958445440807,1105.4523354391292,1.1712122069853484e+18,44395312449.873886,26381438.54281344,4.684848827941393e+18,177581250000.0,0.25,0.13850737933707974,True,True,True,True,0.7440047301071513,False,False,True,-13.256466474732292,-13.256466912329481,-13.03886584722802,-13.03886584722802,-0.21760062750427167,True,0.25,4.0,32.0,-1.4973958333333334e-06,1.0416666666666667e-06,11,natural_tdl,,known_amplitude_linear,44395312449.873886,-13.256466474732292,0.2173585239870126,249.0,1.0416666666666667e-06,,,,,,,,,,,,,,,,,,,,,,,,,,
exact_efim,Exact EFIM,ok,optimal,0.009167083000647835,False,,exact_efim,354.4536773735964,5316805.160603946,0.9999999993526324,3.3571428552932354,1583729.197648201,77615185783.03503,2.047600253724186e+18,2.047600253724186e+18,2.0475682069092864e+18,4.883765755455416e-19,0.10475339808871455,-12.91971141230735,-9.402289939140797,0.01588180981558016,5.9258897890288026e-08,64.0,-1102.156330413155,77613971084.70392,77613971034.45915,5.316805160603946,1.5837291976482009,77615185783.03503,2.047600253724186e+18,2.0475682069092864e+18,2.047600253724186e+18,0.0015650913717863183,1102.156330413155,1.1712122069853484e+18,44395312449.873886,26381438.54281344,4.684848827941393e+18,177581250000.0,0.25,0.13850737933707974,True,True,True,True,0.7482469826536747,False,False,True,-13.256466474732292,-13.135973410532474,-12.91971141230735,-12.91971141230735,-0.3367550624249418,False,0.25,4.0,32.0,-1.4973958333333334e-06,1.0416666666666667e-06,11,natural_tdl,,unknown_amplitude_exact,,,,,,1.1712122069853484e+18,44395312449.873886,quad_over_lin,1e-12,,,,,,,,,,,,,,,,,,,,,,
exact_efim_sampled_psl,Exact EFIM+sampled PSL,ok,optimal,0.5072465170014766,False,,exact_efim,354.4527904871027,5316791.85730654,0.9999999997115524,3.3571428563187213,1583725.2344800942,77426592690.47693,2.0426248966432653e+18,2.0426248966432653e+18,2.042592686834962e+18,4.895661467963813e-19,0.10488089789941216,-13.038878277993547,-9.470098674784214,0.015898025872927716,3.800494108332528e-08,64.0,-1104.955615719455,77425371785.89774,77425371763.56458,5.31679185730654,1.583725234480094,77426592690.47693,2.0426248966432653e+18,2.042592686834962e+18,2.0426248966432653e+18,0.0015768831740126043,1104.955615719455,1.1712122069853484e+18,44395312449.873886,26381438.54281344,4.684848827941393e+18,177581250000.0,0.25,0.13850737933707974,True,True,True,True,0.7439988028237092,False,False,True,-13.256466474732292,-13.256466887304612,-13.038878277993547,-13.038878277993547,-0.2175881967387454,True,0.25,4.0,32.0,-1.4973958333333334e-06,1.0416666666666667e-06,11,natural_tdl,,unknown_amplitude_exact,,-13.256466474732292,0.2173585239870126,249.0,1.0416666666666667e-06,1.1712122069853484e+18,44395312449.873886,quad_over_lin,1e-12,,,,,,,,,,,,,,,,,,,,,,
exact_efim_cutting_plane_psl,Exact EFIM+cutting-plane PSL,ok,optimal,0.5175917619999382,False,,exact_efim,354.4527904871027,5316791.85730654,0.9999999997115524,3.3571428563187213,1583725.2344800942,77426592690.47693,2.0426248966432653e+18,2.0426248966432653e+18,2.042592686834962e+18,4.895661467963813e-19,0.10488089789941216,-13.038878277993547,-9.470098674784214,0.015898025872927716,3.800494108332528e-08,64.0,-1104.955615719455,77425371785.89774,77425371763.56458,5.31679185730654,1.583725234480094,77426592690.47693,2.0426248966432653e+18,2.042592686834962e+18,2.0426248966432653e+18,0.0015768831740126043,1104.955615719455,1.1712122069853484e+18,44395312449.873886,26381438.54281344,4.684848827941393e+18,177581250000.0,0.25,0.13850737933707974,True,True,True,True,0.7439988028237092,False,False,True,-13.256466474732292,-13.256466887304612,-13.038878277993547,-13.038878277993547,-0.2175881967387454,True,0.25,4.0,32.0,-1.4973958333333334e-06,1.0416666666666667e-06,11,natural_tdl,,unknown_amplitude_exact,,-13.256466474732292,0.2173585239870126,249.0,1.0416666666666667e-06,1.1712122069853484e+18,44395312449.873886,quad_over_lin,1e-12,-9.469860991812665,-0.2175881967387454,249.0,1985.0,1.0,249.0,True,1.0,dense_psl_satisfied,False,0.5175917619999382,0.0,249.0,-13.038878277993547,-13.256466887304612,,0.0,,,,,
exact_efim_cutting_plane_psl_ee,Exact EFIM+cutting-plane PSL+EE,ok,optimal,0.9659801169982529,False,,exact_efim,277.2275956082119,4158413.9341231785,0.4611120238905081,1.8174629254014518,2288032.331226038,44395536895.80905,1.171218128191993e+18,1.171218128191993e+18,1.171212202205434e+18,8.538119210498371e-19,0.13850702921790395,-13.058599734191274,-0.6253177219290666,0.0343797855367126,2.6057557835455235e-05,64.0,-697.9557201605822,96278799876.25499,44395312268.68914,4.158413934123178,2.288032331226038,44395536895.80905,1.171218128191993e+18,1.171212202205434e+18,1.171218128191993e+18,0.0005059677968034812,697.9557201605822,1.1712122069853484e+18,44395312449.873886,26381438.54281344,4.684848827941393e+18,177581250000.0,0.25,0.13850737933707974,True,True,True,True,-4.08116839244982e-09,False,False,True,-13.256466474732292,-13.25646642135668,-13.058599734191274,-13.058599734191274,-0.19786674054101816,True,0.25,4.0,32.0,-2.2786458333333335e-06,1.0416666666666667e-06,11,natural_tdl,,unknown_amplitude_exact,,-13.256466474732292,0.2173585239870126,249.0,1.0416666666666667e-06,1.1712122069853484e+18,44395312449.873886,quad_over_lin,1e-12,-0.6288143209477883,-0.19786674054101816,249.0,1985.0,1.0,249.0,True,1.0,dense_psl_satisfied,False,0.9659801169982529,0.0,249.0,-13.058599734191274,-13.25646642135668,,0.0,5.0,True,2288032.3300078427,0.0022140247747302055,0.9179077850021713
uniform,Uniform,ok,ok,1.4510998880723491e-05,False,,none,354.44311245060567,5316646.686759085,1.0,3.357142857142857,1583681.9918005785,76781250000.0,2.0255998281153943e+18,2.0255998281153943e+18,2.0255998281153943e+18,4.936809265680052e-19,0.10532073506634214,-13.256466474732292,-9.684463547443015,0.015625,0.0,64.0,0.0,76781250000.0,76781250000.0,5.316646686759086,1.5836819918005784,76781250000.0,2.0255998281153943e+18,2.0255998281153943e+18,2.0255998281153943e+18,0.0,0.0,1.6396970897794875e+18,62153437429.82344,26381438.54281344,4.684848827941393e+18,177581250000.0,0.35,0.11706010095802957,False,True,True,True,0.23535001723263682,False,False,True,-13.256466474732292,-13.456972739469613,-13.256466474732292,-13.256466474732292,0.0,True,0.25,4.0,32.0,-1.4973958333333334e-06,1.0416666666666667e-06,11,natural_tdl,,,,,,,,,,,,,,,,,,,,,,,,,,,,,,,,,
water_filling,Water-filling,ok,ok,0.0001978699983737897,False,,none,354.453677433518,5316805.16150277,1.000000000000092,3.35714285714312,1583729.1970432543,77615150343.7167,2.047599318783988e+18,2.047599318783988e+18,2.0475672531718758e+18,4.883767985398003e-19,0.104753422004075,-12.919716144528412,-9.402300721452045,0.015881869293526307,5.926049331839618e-08,64.0,-1102.4795202058936,77613934882.6171,77613934882.62424,5.31680516150277,1.5837291970432543,77615150343.7167,2.0475993187839877e+18,2.0475672531718758e+18,2.047599318783988e+18,0.0015660100986540117,1102.4795202058936,1.6396970897794875e+18,62153437429.82344,26381438.54281344,4.684848827941393e+18,177581250000.0,0.35,0.11706010095802957,False,True,True,True,0.248747263097991,False,False,True,-13.256466474732292,-13.135976155321085,-12.919716144528412,-12.919716144528412,-0.33675033020388057,False,0.25,4.0,32.0,-1.4973958333333334e-06,1.0416666666666667e-06,11,natural_tdl,0.016035655390105458,,,,,,,,,,,,,,,,,,,,,,,,,,,,,,,,
conventional_s2,Conventional $S_2$,ok,optimal,0.007803207001416013,False,,conventional_s2,354.45367740124436,5316805.161018666,0.9999999996421817,3.3571428561205194,1583729.197381464,77615142277.4083,2.047599105983168e+18,2.047599105983168e+18,2.0475670394149325e+18,4.883768492953329e-19,0.10475342744742899,-12.919720850060878,-9.402303633374768,0.015881863040702975,5.9258867203619086e-08,64.0,-1102.495956994474,77613926807.84523,77613926780.07355,5.3168051610186655,1.583729197381464,77615142277.4083,2.047599105983168e+18,2.0475670394149325e+18,2.047599105983168e+18,0.001566056956257706,1102.495956994474,1.6396970897794875e+18,62153437429.82344,26381438.54281344,4.684848827941393e+18,177581250000.0,0.35,0.11706010095802957,True,True,True,True,0.24874713273431304,False,False,True,-13.256466474732292,-13.13598094509457,-12.919720850060878,-12.919720850060878,-0.3367456246714138,False,0.25,4.0,32.0,-1.4973958333333334e-06,1.0416666666666667e-06,11,natural_tdl,,known_amplitude_linear,62153437429.82344,,,,,,,,,,,,,,,,,,,,,,,,,,,,,,
conventional_s2_psl,Conventional $S_2$+PSL,ok,optimal,0.4734762360021705,False,,conventional_s2,354.45279050951274,5316791.857642691,0.9999999999003842,3.357142856858241,1583725.234325707,77426591290.5723,2.0426248597117668e+18,2.0426248597117668e+18,2.0425926394084585e+18,4.895661556479388e-19,0.10488089884755707,-13.038878563677299,-9.47009958504628,0.015898000385116306,3.8004761892740045e-08,64.0,-1105.1356162187349,77425369973.55496,77425369965.84218,5.3167918576426905,1.5837252343257069,77426591290.5723,2.0426248597117673e+18,2.0425926394084585e+18,2.0426248597117668e+18,0.001577397002444912,1105.1356162187349,1.6396970897794875e+18,62153437429.82344,26381438.54281344,4.684848827941393e+18,177581250000.0,0.35,0.11706010095802957,True,True,True,True,0.245713401664422,False,False,True,-13.256466474732292,-13.256466599606696,-13.038878563677299,-13.038878563677299,-0.2175879110549932,True,0.25,4.0,32.0,-1.4973958333333334e-06,1.0416666666666667e-06,11,natural_tdl,,known_amplitude_linear,62153437429.82344,-13.256466474732292,0.2173585239870126,249.0,1.0416666666666667e-06,,,,,,,,,,,,,,,,,,,,,,,,,,
exact_efim,Exact EFIM,ok,optimal,0.008916375001717824,False,,exact_efim,354.45367739084605,5316805.160862691,0.9999999995732812,3.357142855923661,1583729.1974278712,77615239889.07474,2.0476016811193475e+18,2.0476016811193475e+18,2.047569594774254e+18,4.883762350953616e-19,0.10475336157660356,-12.919667259398276,-9.402269148929976,0.015881888252582837,5.9275136743726e-08,64.0,-1102.835883409689,77614023675.20888,77614023642.08952,5.316805160862691,1.583729197427871,77615239889.07474,2.0476016811193475e+18,2.047569594774254e+18,2.0476016811193475e+18,0.00156702084146735,1102.835883409689,1.6396970897794875e+18,62153437429.82344,26381438.54281344,4.684848827941393e+18,177581250000.0,0.35,0.11706010095802957,True,True,True,True,0.24874869116808568,False,False,True,-13.256466474732292,-13.135927366886866,-12.919667259398276,-12.919667259398276,-0.33679921533401647,False,0.25,4.0,32.0,-1.4973958333333334e-06,1.0416666666666667e-06,11,natural_tdl,,unknown_amplitude_exact,,,,,,1.6396970897794875e+18,62153437429.82344,quad_over_lin,1e-12,,,,,,,,,,,,,,,,,,,,,,
exact_efim_sampled_psl,Exact EFIM+sampled PSL,ok,optimal,0.4699545509974996,False,,exact_efim,354.4527904987027,5316791.857480541,0.9999999998017527,3.3571428565764365,1583725.2344103476,77426589579.74026,2.0426248145775567e+18,2.0426248145775567e+18,2.042592589492875e+18,4.895661664654818e-19,0.10488090000629079,-13.038878759532537,-9.470100060217664,0.015898007118674846,3.8005615339165726e-08,64.0,-1105.217612245311,77425368089.11946,77425368073.7701,5.316791857480541,1.5837252344103476,77426589579.74026,2.0426248145775572e+18,2.042592589492875e+18,2.0426248145775567e+18,0.0015776311171659097,1105.217612245311,1.6396970897794875e+18,62153437429.82344,26381438.54281344,4.684848827941393e+18,177581250000.0,0.35,0.11706010095802957,True,True,True,True,0.24571337122246792,False,False,True,-13.256466474732292,-13.256466740343168,-13.038878759532537,-13.038878759532537,-0.2175877151997554,True,0.25,4.0,32.0,-1.4973958333333334e-06,1.0416666666666667e-06,11,natural_tdl,,unknown_amplitude_exact,,-13.256466474732292,0.2173585239870126,249.0,1.0416666666666667e-06,1.6396970897794875e+18,62153437429.82344,quad_over_lin,1e-12,,,,,,,,,,,,,,,,,,,,,,
exact_efim_cutting_plane_psl,Exact EFIM+cutting-plane PSL,ok,optimal,0.4798160980026296,False,,exact_efim,354.4527904987027,5316791.857480541,0.9999999998017527,3.3571428565764365,1583725.2344103476,77426589579.74026,2.0426248145775567e+18,2.0426248145775567e+18,2.042592589492875e+18,4.895661664654818e-19,0.10488090000629079,-13.038878759532537,-9.470100060217664,0.015898007118674846,3.8005615339165726e-08,64.0,-1105.217612245311,77425368089.11946,77425368073.7701,5.316791857480541,1.5837252344103476,77426589579.74026,2.0426248145775572e+18,2.042592589492875e+18,2.0426248145775567e+18,0.0015776311171659097,1105.217612245311,1.6396970897794875e+18,62153437429.82344,26381438.54281344,4.684848827941393e+18,177581250000.0,0.35,0.11706010095802957,True,True,True,True,0.24571337122246792,False,False,True,-13.256466474732292,-13.256466740343168,-13.038878759532537,-13.038878759532537,-0.2175877151997554,True,0.25,4.0,32.0,-1.4973958333333334e-06,1.0416666666666667e-06,11,natural_tdl,,unknown_amplitude_exact,,-13.256466474732292,0.2173585239870126,249.0,1.0416666666666667e-06,1.6396970897794875e+18,62153437429.82344,quad_over_lin,1e-12,-9.469862384990527,-0.2175877151997554,249.0,1985.0,1.0,249.0,True,1.0,dense_psl_satisfied,False,0.4798160980026296,0.0,249.0,-13.038878759532537,-13.256466740343168,,0.0,,,,,
exact_efim_cutting_plane_psl_ee,Exact EFIM+cutting-plane PSL+EE,ok,optimal,3.845835038999212,False,,exact_efim,305.3159427287038,4579739.140930558,0.6424565141063937,2.335590040303982,1960848.891243985,62153553890.5784,1.6397001621817372e+18,1.6397001621817372e+18,1.639697085404758e+18,6.098675983964221e-19,0.11705999128679384,-13.240767399572338,0.08125030915629257,0.05298671753308228,6.261404534588436e-05,64.0,-426.0660241691414,96743415156.19609,62153437263.9974,4.579739140930558,1.960848891243985,62153553890.5784,1.6397001621817372e+18,1.639697085404758e+18,1.6397001621817372e+18,0.00018764265871061024,426.0660241691414,1.6396970897794875e+18,62153437429.82344,26381438.54281344,4.684848827941393e+18,177581250000.0,0.35,0.11706010095802957,True,True,True,True,-2.668010755930737e-09,False,False,True,-13.256466474732292,-13.2564664419255,-13.240767399572338,-13.240767399572338,-0.01569907515995439,True,0.25,4.0,32.0,-4.3619791666666665e-06,1.0416666666666667e-06,11,natural_tdl,,unknown_amplitude_exact,,-13.256466474732292,0.2173585239870126,255.0,1.0416666666666667e-06,1.6396970897794875e+18,62153437429.82344,quad_over_lin,1e-12,0.0779058419761591,-0.01569907515995439,249.0,1985.0,4.0,255.0,True,4.0,dense_psl_satisfied,False,3.845835038999212,6.0,255.0,-12.854755098145388,-13.256466445362555,-2.2786458333333335e-06,3.0,5.0,True,1960848.8911831093,0.00014218036085367203,0.9226957609935198
uniform,Uniform,ok,ok,1.5219997294479981e-05,False,,none,354.44311245060567,5316646.686759085,1.0,3.357142857142857,1583681.9918005785,76781250000.0,2.0255998281153943e+18,2.0255998281153943e+18,2.0255998281153943e+18,4.936809265680052e-19,0.10532073506634214,-13.256466474732292,-9.684463547443015,0.015625,0.0,64.0,0.0,76781250000.0,76781250000.0,5.316646686759086,1.5836819918005784,76781250000.0,2.0255998281153943e+18,2.0255998281153943e+18,2.0255998281153943e+18,0.0,0.0,2.1081819725736271e+18,79911562409.77301,26381438.54281344,4.684848827941393e+18,177581250000.0,0.45,0.10323730519435335,False,False,False,False,-0.039172208819060424,False,False,True,-13.256466474732292,-13.456972739469613,-13.256466474732292,-13.256466474732292,0.0,True,0.25,4.0,32.0,-1.4973958333333334e-06,1.0416666666666667e-06,11,natural_tdl,,,,,,,,,,,,,,,,,,,,,,,,,,,,,,,,,
water_filling,Water-filling,ok,ok,0.0001951650010596495,False,,none,354.453677433518,5316805.16150277,1.000000000000092,3.35714285714312,1583729.1970432543,77615150343.7167,2.047599318783988e+18,2.047599318783988e+18,2.0475672531718758e+18,4.883767985398003e-19,0.104753422004075,-12.919716144528412,-9.402300721452045,0.015881869293526307,5.926049331839618e-08,64.0,-1102.4795202058936,77613934882.6171,77613934882.62424,5.31680516150277,1.5837291970432543,77615150343.7167,2.0475993187839877e+18,2.0475672531718758e+18,2.047599318783988e+18,0.0015660100986540117,1102.4795202058936,2.1081819725736271e+18,79911562409.77301,26381438.54281344,4.684848827941393e+18,177581250000.0,0.45,0.10323730519435335,False,False,False,False,-0.02875212870156272,False,False,True,-13.256466474732292,-13.135976155321085,-12.919716144528412,-12.919716144528412,-0.33675033020388057,False,0.25,4.0,32.0,-1.4973958333333334e-06,1.0416666666666667e-06,11,natural_tdl,0.016035655390105458,,,,,,,,,,,,,,,,,,,,,,,,,,,,,,,,
conventional_s2,Conventional $S_2$,ok,optimal,0.007678600999497576,False,,conventional_s2,354.4052922713813,5316079.38407072,0.9999999997530016,3.3571428564371475,1583513.0083539379,79911562449.68613,2.1081819736265923e+18,2.1081819736265923e+18,2.1081499059258312e+18,4.743423539855782e-19,0.10323730516857159,-12.34065403147833,-8.687665582753464,0.017035402983600862,5.28706113570205e-07,64.0,-1102.5154257085983,79910346929.16023,79910346909.4225,5.3160793840707194,1.583513008353938,79911562449.68613,2.1081819736265928e+18,2.1081499059258312e+18,2.1081819736265923e+18,0.00152110686659196,1102.5154257085983,2.1081819725736271e+18,79911562409.77301,26381438.54281344,4.684848827941393e+18,177581250000.0,0.45,0.10323730519435335,True,False,True,True,-1.5210569207563077e-05,True,False,True,-13.256466474732292,-12.628031916334894,-12.313900700651088,-12.313900700651088,-0.9425657740812046,False,0.25,4.0,32.0,-1.46484375e-06,1.0416666666666667e-06,11,natural_tdl,,known_amplitude_linear,79911562409.77301,,,,,,,,,,,,,,,,,,,,,,,,,,,,,,
conventional_s2_psl,Conventional $S_2$+PSL,ok,optimal,0.49033866500030854,False,,conventional_s2,354.36504032976893,5315475.604946534,0.99999999975653,3.3571428564472288,1583333.1592483243,79911562414.43913,2.1081819726967268e+18,2.1081819726967268e+18,2.1081476700998172e+18,4.743423541947986e-19,0.10323730519133927,-12.881114814801693,-8.707438942788158,0.018053863573286807,6.862637216609275e-07,64.0,-1140.287236956038,79910262178.91243,79910262159.45668,5.315475604946534,1.5833331592483244,79911562414.43913,2.1081819726967263e+18,2.1081476700998172e+18,2.1081819726967268e+18,0.0016271174573079708,1140.287236956038,2.1081819725736271e+18,79911562409.77301,26381438.54281344,4.684848827941393e+18,177581250000.0,0.45,0.10323730519435335,True,False,True,True,-1.627111618265297e-05,True,False,True,-13.256466474732292,-13.256466504731074,-12.84853047838582,-12.84853047838582,-0.40793599634647215,False,0.25,4.0,32.0,-1.46484375e-06,1.0416666666666667e-06,11,natural_tdl,,known_amplitude_linear,79911562409.77301,-13.256466474732292,0.2173585239870126,249.0,1.0416666666666667e-06,,,,,,,,,,,,,,,,,,,,,,,,,,
exact_efim,Exact EFIM,ok,optimal,0.009367377002490684,False,,exact_efim,354.40524499748653,5316078.674962298,0.9999999991788036,3.3571428547965816,1583512.7979039825,79912608853.86763,2.108209579274198e+18,2.108209579274198e+18,2.1081819747912786e+18,4.743361427777375e-19,0.10323662925332487,-12.340399431965922,-8.687340200244325,0.017038442896312348,5.285460114612228e-07,64.0,-1022.9174132971598,79911562559.45715,79911562493.83406,5.316078674962298,1.5835127979039825,79912608853.86763,2.108209579274198e+18,2.1081819747912786e+18,2.108209579274198e+18,0.001309380395137352,1022.9174132971598,2.1081819725736271e+18,79911562409.77301,26381438.54281344,4.684848827941393e+18,177581250000.0,0.45,0.10323730519435335,True,True,True,True,1.0519260124839863e-09,False,False,True,-13.256466474732292,-12.627794939362506,-12.313636143483897,-12.313636143483897,-0.9428303312483948,False,0.25,4.0,32.0,-1.46484375e-06,1.0416666666666667e-06,11,natural_tdl,,unknown_amplitude_exact,,,,,,2.1081819725736271e+18,79911562409.77301,quad_over_lin,1e-12,,,,,,,,,,,,,,,,,,,,,,
exact_efim_sampled_psl,Exact EFIM+sampled PSL,ok,optimal,0.5143603159995109,False,,exact_efim,354.3649605548043,5315474.408322065,0.9999999996647512,3.3571428561850034,1583332.8029306666,79912585630.41878,2.1082089666062098e+18,2.1082089666062098e+18,2.1081819727083144e+18,4.743362806248746e-19,0.103236644254156,-12.881042454371467,-8.707110563558153,0.01804001983799642,6.859491112968575e-07,64.0,-1011.5411710626896,79911562441.66862,79911562414.87837,5.315474408322065,1.5833328029306666,79912585630.41878,2.1082089666062093e+18,2.1081819727083144e+18,2.1082089666062098e+18,0.001280418512728305,1011.5411710626896,2.1081819725736271e+18,79911562409.77301,26381438.54281344,4.684848827941393e+18,177581250000.0,0.45,0.10323730519435335,True,True,True,True,6.388785871059151e-11,False,False,True,-13.256466474732292,-13.256466517570981,-12.848474259536616,-12.848474259536616,-0.4079922151956765,False,0.25,4.0,32.0,-1.46484375e-06,1.0416666666666667e-06,11,natural_tdl,,unknown_amplitude_exact,,-13.256466474732292,0.2173585239870126,249.0,1.0416666666666667e-06,2.1081819725736271e+18,79911562409.77301,quad_over_lin,1e-12,,,,,,,,,,,,,,,,,,,,,,
exact_efim_cutting_plane_psl,Exact EFIM+cutting-plane PSL,ok,optimal,1.0468591429998924,False,,exact_efim,354.28628388794436,5314294.258319166,0.9999999996999667,3.3571428562856194,1582981.2688397062,79912439955.03378,2.1082051234799928e+18,2.1082051234799928e+18,2.1081819720247158e+18,4.74337145310277e-19,0.10323673835108917,-13.272101313986662,-8.679479509727658,0.018911151622183,1.0874555316311847e-06,64.0,-936.7849634627238,79911562412.94241,79911562388.96628,5.3142942583191655,1.5829812688397062,79912439955.03378,2.1082051234799928e+18,2.1081819720247158e+18,2.1082051234799928e+18,0.0010981595205897293,936.7849634627238,2.1081819725736271e+18,79911562409.77301,26381438.54281344,4.684848827941393e+18,177581250000.0,0.45,0.10323730519435335,True,True,True,True,-2.6037190676187207e-10,False,False,True,-13.256466474732292,-13.73848302468409,-13.25646649166887,-13.25646649166887,1.693657836199236e-08,True,0.25,4.0,32.0,-1.46484375e-06,1.0416666666666667e-06,11,natural_tdl,,unknown_amplitude_exact,,-13.256466474732292,0.2173585239870126,251.0,1.0416666666666667e-06,2.1081819725736271e+18,79911562409.77301,quad_over_lin,1e-12,-8.679226957991236,1.693657836199236e-08,249.0,1985.0,2.0,251.0,True,2.0,dense_psl_satisfied,False,1.0468591429998924,2.0,251.0,-12.848474259536616,-13.256466517570981,-1.46484375e-06,1.0,,,,,
exact_efim_cutting_plane_psl_ee,Exact EFIM+cutting-plane PSL+EE,ok,optimal,1.725458939003147,False,,exact_efim,327.601747875015,4914026.218125225,0.8253717874756106,2.8582051070731733,1719269.9733005622,79911622088.31754,2.1081835469794819e+18,2.1081835469794819e+18,2.108181970614392e+18,4.7434199998039e-19,0.10323726664518426,-13.025652854316812,-0.33691673060832045,0.06249999977833431,9.073412797514112e-05,64.0,-269.0632338184561,96818868233.81238,79911562335.50734,4.914026218125225,1.7192699733005623,79911622088.31754,2.1081835469794819e+18,2.108181970614392e+18,2.1081835469794819e+18,7.477361693912045e-05,269.0632338184561,2.1081819725736271e+18,79911562409.77301,26381438.54281344,4.684848827941393e+18,177581250000.0,0.45,0.10323730519435335,True,True,True,True,-9.293481765277617e-10,False,False,True,-13.256466474732292,-13.256466462657137,-13.025652854316812,-13.025652854316812,-0.23081362041548026,True,0.25,4.0,32.0,-2.2786458333333335e-06,1.0416666666666667e-06,11,natural_tdl,,unknown_amplitude_exact,,-13.256466474732292,0.2173585239870126,251.0,1.0416666666666667e-06,2.1081819725736271e+18,79911562409.77301,quad_over_lin,1e-12,-0.3404721481875538,-0.23081362041548026,249.0,1985.0,2.0,251.0,True,2.0,dense_psl_satisfied,False,1.725458939003147,2.0,251.0,-12.973169164519314,-13.256466455569612,-3.2877604166666667e-06,1.0,4.0,True,1719269.9740741425,-0.0022110510617494583,0.8019810219993815
uniform,Uniform,ok,ok,1.4537999959429726e-05,False,,none,354.44311245060567,5316646.686759085,1.0,3.357142857142857,1583681.9918005785,76781250000.0,2.0255998281153943e+18,2.0255998281153943e+18,2.0255998281153943e+18,4.936809265680052e-19,0.10532073506634214,-13.256466474732292,-9.684463547443015,0.015625,0.0,64.0,0.0,76781250000.0,76781250000.0,5.316646686759086,1.5836819918005784,76781250000.0,2.0255998281153943e+18,2.0255998281153943e+18,2.0255998281153943e+18,0.0,0.0,2.3424244139706967e+18,88790624899.74777,26381438.54281344,4.684848827941393e+18,177581250000.0,0.5,0.09793950717362658,False,False,False,False,-0.13525498793715435,False,False,True,-13.256466474732292,-13.456972739469613,-13.256466474732292,-13.256466474732292,0.0,True,0.25,4.0,32.0,-1.4973958333333334e-06,1.0416666666666667e-06,11,natural_tdl,,,,,,,,,,,,,,,,,,,,,,,,,,,,,,,,,
water_filling,Water-filling,ok,ok,0.00017106099767261185,False,,none,354.453677433518,5316805.16150277,1.000000000000092,3.35714285714312,1583729.1970432543,77615150343.7167,2.047599318783988e+18,2.047599318783988e+18,2.0475672531718758e+18,4.883767985398003e-19,0.104753422004075,-12.919716144528412,-9.402300721452045,0.015881869293526307,5.926049331839618e-08,64.0,-1102.4795202058936,77613934882.6171,77613934882.62424,5.31680516150277,1.5837291970432543,77615150343.7167,2.0475993187839877e+18,2.0475672531718758e+18,2.047599318783988e+18,0.0015660100986540117,1102.4795202058936,2.3424244139706967e+18,88790624899.74777,26381438.54281344,4.684848827941393e+18,177581250000.0,0.5,0.09793950717362658,False,False,False,False,-0.1258769158314064,False,False,True,-13.256466474732292,-13.135976155321085,-12.919716144528412,-12.919716144528412,-0.33675033020388057,False,0.25,4.0,32.0,-1.4973958333333334e-06,1.0416666666666667e-06,11,natural_tdl,0.016035655390105458,,,,,,,,,,,,,,,,,,,,,,,,,,,,,,,,
conventional_s2,Conventional $S_2$,ok,optimal,0.035480370999721345,False,,conventional_s2,353.3613927752752,5300420.891629128,0.9999999991559914,3.357142854731404,1578848.7773640482,88790624885.91476,2.342424413605762e+18,2.342424413605762e+18,2.3423922312290094e+18,4.2690811886675606e-19,0.09793950718125576,-10.413197371563253,-6.237931580111633,0.02231625413739593,7.559724442650566e-06,64.0,-1104.4849969138204,88789405073.74641,88789404998.80739,5.300420891629128,1.5788487773640483,88790624885.91476,2.342424413605762e+18,2.3423922312290094e+18,2.342424413605762e+18,0.0013738917920130763,1104.4849969138204,2.3424244139706967e+18,88790624899.74777,26381438.54281344,4.684848827941393e+18,177581250000.0,0.5,0.09793950717362658,True,False,True,True,-1.3739073711557806e-05,True,False,True,-13.256466474732292,-10.898043991855097,-10.411945135607702,-10.411945135607702,-2.84452133912459,False,0.25,4.0,32.0,-1.3997395833333333e-06,1.0416666666666667e-06,11,natural_tdl,,known_amplitude_linear,88790624899.74777,,,,,,,,,,,,,,,,,,,,,,,,,,,,,,
conventional_s2_psl,Conventional $S_2$+PSL,ok,optimal,0.45347520499854,False,,conventional_s2,351.9695537161233,5279543.305741849,0.9999999995012916,3.357142855717976,1572629.9215267499,88790624867.79117,2.3424244131276355e+18,2.3424244131276355e+18,2.34238616090665e+18,4.269081189538949e-19,0.09793950719125127,-13.023496766988142,-5.411862633758703,0.033576688260764306,1.9211028037352777e-05,64.0,-1204.1458450842367,88789174944.85556,88789174900.57565,5.279543305741849,1.5726299215267499,88790624867.79117,2.3424244131276355e+18,2.34238616090665e+18,2.3424244131276355e+18,0.001633018370666191,1204.1458450842367,2.3424244139706967e+18,88790624899.74777,26381438.54281344,4.684848827941393e+18,177581250000.0,0.5,0.09793950717362658,True,False,True,True,-1.6330543610475937e-05,True,False,True,-13.256466474732292,-13.256466484486552,-13.023496766988142,-13.023496766988142,-0.23296970774415016,True,0.25,4.0,32.0,-1.3671875e-06,1.0416666666666667e-06,11,natural_tdl,,known_amplitude_linear,88790624899.74777,-13.256466474732292,0.2173585239870126,249.0,1.0416666666666667e-06,,,,,,,,,,,,,,,,,,,,,,,,,,
exact_efim,Exact EFIM,ok,optimal,0.010281228001986165,False,,exact_efim,353.36123268317317,5300418.490247598,0.9999999992225591,3.3571428549215976,1578848.061969464,88791208165.51395,2.342439801360661e+18,2.342439801360661e+18,2.3424244134227666e+18,4.2690531445850885e-19,0.09793918549281672,-10.412971783747578,-6.23769821015471,0.022358597274452736,7.559163776615782e-06,64.0,-763.7319792612926,88790624948.00772,88790624878.97826,5.300418490247598,1.578848061969464,88791208165.51395,2.342439801360661e+18,2.3424244134227666e+18,2.342439801360661e+18,0.0006569192465676836,763.7319792612926,2.3424244139706967e+18,88790624899.74777,26381438.54281344,4.684848827941393e+18,177581250000.0,0.5,0.09793950717362658,True,True,True,True,-2.339158133479284e-10,False,False,True,-13.256466474732292,-10.897897965543583,-10.41173871821228,-10.41173871821228,-2.8447277565200118,False,0.25,4.0,32.0,-1.3997395833333333e-06,1.0416666666666667e-06,11,natural_tdl,,unknown_amplitude_exact,,,,,,2.3424244139706967e+18,88790624899.74777,quad_over_lin,1e-12,,,,,,,,,,,,,,,,,,,,,,
exact_efim_sampled_psl,Exact EFIM+sampled PSL,ok,optimal,0.4983579239997198,False,,exact_efim,351.96922939721003,5279538.440958151,0.9999999994096216,3.357142855456062,1572628.4725649348,88790893140.71858,2.3424314905533824e+18,2.3424314905533824e+18,2.342424410064953e+18,4.2690682909311354e-19,0.09793935923385823,-13.023430566006326,-5.411790464799938,0.03338654746085227,1.92082735463816e-05,64.0,-518.0627567133588,88790624804.11893,88790624751.69885,5.2795384409581505,1.5726284725649347,88790893140.71858,2.3424314905533824e+18,2.342424410064953e+18,2.3424314905533824e+18,0.0003022708863897354,518.0627567133588,2.3424244139706967e+18,88790624899.74777,26381438.54281344,4.684848827941393e+18,177581250000.0,0.5,0.09793950717362658,True,True,True,True,-1.6673937689111108e-09,False,False,True,-13.256466474732292,-13.256466471463135,-13.023430566006326,-13.023430566006326,-0.23303590872596658,True,0.25,4.0,32.0,-1.3671875e-06,1.0416666666666667e-06,11,natural_tdl,,unknown_amplitude_exact,,-13.256466474732292,0.2173585239870126,249.0,1.0416666666666667e-06,2.3424244139706967e+18,88790624899.74777,quad_over_lin,1e-12,,,,,,,,,,,,,,,,,,,,,,
exact_efim_cutting_plane_psl,Exact EFIM+cutting-plane PSL,ok,optimal,0.504613242999767,False,,exact_efim,351.96922939721003,5279538.440958151,0.9999999994096216,3.357142855456062,1572628.4725649348,88790893140.71858,2.3424314905533824e+18,2.3424314905533824e+18,2.342424410064953e+18,4.2690682909311354e-19,0.09793935923385823,-13.023430566006326,-5.411790464799938,0.03338654746085227,1.92082735463816e-05,64.0,-518.0627567133588,88790624804.11893,88790624751.69885,5.2795384409581505,1.5726284725649347,88790893140.71858,2.3424314905533824e+18,2.342424410064953e+18,2.3424314905533824e+18,0.0003022708863897354,518.0627567133588,2.3424244139706967e+18,88790624899.74777,26381438.54281344,4.684848827941393e+18,177581250000.0,0.5,0.09793950717362658,True,True,True,True,-1.6673937689111108e-09,False,False,True,-13.256466474732292,-13.256466471463135,-13.023430566006326,-13.023430566006326,-0.23303590872596658,True,0.25,4.0,32.0,-1.3671875e-06,1.0416666666666667e-06,11,natural_tdl,,unknown_amplitude_exact,,-13.256466474732292,0.2173585239870126,249.0,1.0416666666666667e-06,2.3424244139706967e+18,88790624899.74777,quad_over_lin,1e-12,-5.414638691907436,-0.23303590872596658,249.0,1985.0,1.0,249.0,True,1.0,dense_psl_satisfied,False,0.504613242999767,0.0,249.0,-13.023430566006326,-13.256466471463135,,0.0,,,,,
exact_efim_cutting_plane_psl_ee,Exact EFIM+cutting-plane PSL+EE,ok,optimal,0.8309522399977141,False,,exact_efim,337.5463742182504,5063195.613273756,0.9200021152476012,3.1285774721360036,1618369.9008153095,88790673839.20297,2.3424257050639263e+18,2.3424257050639263e+18,2.342424411848878e+18,4.2690788349793547e-19,0.09793948018257799,-13.026721773771751,-0.7725267480295727,0.06249999992371802,9.855656924964358e-05,64.0,-230.82972022585557,96511326819.52908,88790624819.3193,5.063195613273756,1.6183699008153094,88790673839.20297,2.3424257050639263e+18,2.342424411848878e+18,2.3424257050639263e+18,5.5208369913132735e-05,230.82972022585557,2.3424244139706967e+18,88790624899.74777,26381438.54281344,4.684848827941393e+18,177581250000.0,0.5,0.09793950717362658,True,True,True,True,-9.058215972071675e-10,False,False,True,-13.256466474732292,-13.256466467019035,-13.026721773771751,-13.026721773771751,-0.22974470096054134,True,0.25,4.0,32.0,-3.3203125000000002e-06,1.0416666666666667e-06,11,natural_tdl,,unknown_amplitude_exact,,-13.256466474732292,0.2173585239870126,249.0,1.0416666666666667e-06,2.3424244139706967e+18,88790624899.74777,quad_over_lin,1e-12,-0.7761722763564267,-0.22974470096054134,249.0,1985.0,1.0,249.0,True,1.0,dense_psl_satisfied,False,0.8309522399977141,0.0,249.0,-13.026721773771751,-13.256466467019035,,0.0,4.0,True,1618369.90134195,-0.0016476362943649292,0.783712201002345
uniform,Uniform,ok,ok,1.485900065745227e-05,False,,none,354.44311245060567,5316646.686759085,1.0,3.357142857142857,1583681.9918005785,76781250000.0,2.0255998281153943e+18,2.0255998281153943e+18,2.0255998281153943e+18,4.936809265680052e-19,0.10532073506634214,-13.256466474732292,-9.684463547443015,0.015625,0.0,64.0,0.0,76781250000.0,76781250000.0,5.316646686759086,1.5836819918005784,76781250000.0,2.0255998281153943e+18,2.0255998281153943e+18,2.0255998281153943e+18,0.0,0.0,2.5766668553677665e+18,97669687389.72256,26381438.54281344,4.684848827941393e+18,177581250000.0,0.55,0.09338165609920326,False,False,False,False,-0.21386817085195853,False,False,True,-13.256466474732292,-13.456972739469613,-13.256466474732292,-13.256466474732292,0.0,True,0.25,4.0,32.0,-1.4973958333333334e-06,1.0416666666666667e-06,11,natural_tdl,,,,,,,,,,,,,,,,,,,,,,,,,,,,,,,,,
water_filling,Water-filling,ok,ok,0.00019993300156784244,False,,none,354.453677433518,5316805.16150277,1.000000000000092,3.35714285714312,1583729.1970432543,77615150343.7167,2.047599318783988e+18,2.047599318783988e+18,2.0475672531718758e+18,4.883767985398003e-19,0.104753422004075,-12.919716144528412,-9.402300721452045,0.015881869293526307,5.926049331839618e-08,64.0,-1102.4795202058936,77613934882.6171,77613934882.62424,5.31680516150277,1.5837291970432543,77615150343.7167,2.0475993187839877e+18,2.0475672531718758e+18,2.047599318783988e+18,0.0015660100986540117,1102.4795202058936,2.5766668553677665e+18,97669687389.72256,26381438.54281344,4.684848827941393e+18,177581250000.0,0.55,0.09338165609920326,False,False,False,False,-0.20534265075582406,False,False,True,-13.256466474732292,-13.135976155321085,-12.919716144528412,-12.919716144528412,-0.33675033020388057,False,0.25,4.0,32.0,-1.4973958333333334e-06,1.0416666666666667e-06,11,natural_tdl,0.016035655390105458,,,,,,,,,,,,,,,,,,,,,,,,,,,,,,,,
conventional_s2,Conventional $S_2$,ok,optimal,0.007710375000897329,False,,conventional_s2,351.0785300557641,5266177.950836461,0.9999999990856215,3.3571428545303474,1568648.752533702,97669687364.20505,2.5766668546945777e+18,2.5766668546945777e+18,2.576634943251208e+18,3.8809828991980177e-19,0.09338165611140187,-8.9434359258394,-4.15098657195821,0.029235563021964783,2.3714456858809085e-05,64.0,-1099.8260134006575,97668477836.25235,97668477746.9464,5.266177950836461,1.5686487525337018,97669687364.20505,2.5766668546945777e+18,2.576634943251208e+18,2.5766668546945777e+18,0.001238477660056468,1099.8260134006575,2.5766668553677665e+18,97669687389.72256,26381438.54281344,4.684848827941393e+18,177581250000.0,0.55,0.09338165609920326,True,False,True,True,-1.2385037860775835e-05,True,False,True,-13.256466474732292,-9.104332031260734,-8.9434359258394,-8.9434359258394,-4.3130305488928915,False,0.25,4.0,32.0,-1.3671875e-06,1.0416666666666667e-06,11,natural_tdl,,known_amplitude_linear,97669687389.72256,,,,,,,,,,,,,,,,,,,,,,,,,,,,,,
conventional_s2_psl,Conventional $S_2$+PSL,infeasible,infeasible,0.47136577800119994,False,max_rate_isac: problem is infeasible (solver CLARABEL),conventional_s2,,,,,,,,,,,,,,,,,,,,,,,,,,,,2.5766668553677665e+18,97669687389.72256,26381438.54281344,4.684848827941393e+18,177581250000.0,0.55,0.09338165609920326,False,False,,,,False,,True,-13.256466474732292,,,,,False,,,,,,11,natural_tdl,,,,,,,,,,,,,,,,,,,,,,,,,,,,,,,,,
exact_efim,Exact EFIM,ok,optimal,0.010084546996949939,False,,exact_efim,351.07832875324164,5266174.931298625,0.9999999989344658,3.357142854098474,1568647.8532986948,97670007787.13147,2.576675307912319e+18,2.576675307912319e+18,2.5766668515196073e+18,3.880970166979334e-19,0.09338150293414334,-8.943371970933551,-4.150754104406616,0.029333862157012964,2.3714571215955087e-05,64.0,-566.1654134667177,97669687347.92679,97669687243.8564,5.266174931298624,1.5686478532986947,97670007787.13147,2.576675307912319e+18,2.5766668515196073e+18,2.576675307912319e+18,0.00032819007834291556,566.1654134667177,2.5766668553677665e+18,97669687389.72256,26381438.54281344,4.684848827941393e+18,177581250000.0,0.55,0.09338165609920326,True,True,True,True,-1.4934640168881102e-09,False,False,True,-13.256466474732292,-9.104310377011966,-8.943371970933551,-8.943371970933551,-4.313094503798741,False,0.25,4.0,32.0,-1.3671875e-06,1.0416666666666667e-06,11,natural_tdl,,unknown_amplitude_exact,,,,,,2.5766668553677665e+18,97669687389.72256,quad_over_lin,1e-12,,,,,,,,,,,,,,,,,,,,,,
exact_efim_sampled_psl,Exact EFIM+sampled PSL,infeasible,infeasible,0.49078568200275186,False,max_rate_isac: problem is infeasible (solver CLARABEL),exact_efim,,,,,,,,,,,,,,,,,,,,,,,,,,,,2.5766668553677665e+18,97669687389.72256,26381438.54281344,4.684848827941393e+18,177581250000.0,0.55,0.09338165609920326,False,False,,,,False,,True,-13.256466474732292,,,,,False,,,,,,11,natural_tdl,,,,,,,,,,,,,,,,,,,,,,,,,,,,,,,,,
exact_efim_cutting_plane_psl,Exact EFIM+cutting-plane PSL,infeasible,infeasible,0.45272285199826,False,max_rate_isac: problem is infeasible (solver CLARABEL),exact_efim,,,,,,,,,,,,,,,,,,,,,,,,,,,,2.5766668553677665e+18,97669687389.72256,26381438.54281344,4.684848827941393e+18,177581250000.0,0.55,0.09338165609920326,False,False,,,,False,,True,-13.256466474732292,,,,,False,,,,,,11,natural_tdl,,,,,,,,,,,,,,,,,,,,,,,,,,,,,,,,,
exact_efim_cutting_plane_psl_ee,Exact EFIM+cutting-plane PSL+EE,infeasible,infeasible,0.48678047400244395,False,dinkelbach_ee_isac[iter 1]: problem is infeasible (solver CLARABEL),exact_efim,,,,,,,,,,,,,,,,,,,,,,,,,,,,2.5766668553677665e+18,97669687389.72256,26381438.54281344,4.684848827941393e+18,177581250000.0,0.55,0.09338165609920326,False,False,,,,False,,True,-13.256466474732292,,,,,False,,,,,,11,natural_tdl,,,,,,,,,,,,,,,,,,,,,,,,,,,,,,,,,
uniform,Uniform,ok,ok,1.676399915595539e-05,False,,none,354.44311245060567,5316646.686759085,1.0,3.357142857142857,1583681.9918005785,76781250000.0,2.0255998281153943e+18,2.0255998281153943e+18,2.0255998281153943e+18,4.936809265680052e-19,0.10532073506634214,-13.256466474732292,-9.684463547443015,0.015625,0.0,64.0,0.0,76781250000.0,76781250000.0,5.316646686759086,1.5836819918005784,76781250000.0,2.0255998281153943e+18,2.0255998281153943e+18,2.0255998281153943e+18,0.0,0.0,2.810909296764836e+18,106548749879.69733,26381438.54281344,4.684848827941393e+18,177581250000.0,0.6,0.08940612891655719,False,False,False,False,-0.27937915661429524,False,False,True,-13.256466474732292,-13.456972739469613,-13.256466474732292,-13.256466474732292,0.0,True,0.25,4.0,32.0,-1.4973958333333334e-06,1.0416666666666667e-06,11,natural_tdl,,,,,,,,,,,,,,,,,,,,,,,,,,,,,,,,,
water_filling,Water-filling,ok,ok,0.0002044749999186024,False,,none,354.453677433518,5316805.16150277,1.000000000000092,3.35714285714312,1583729.1970432543,77615150343.7167,2.047599318783988e+18,2.047599318783988e+18,2.0475672531718758e+18,4.883767985398003e-19,0.104753422004075,-12.919716144528412,-9.402300721452045,0.015881869293526307,5.926049331839618e-08,64.0,-1102.4795202058936,77613934882.6171,77613934882.62424,5.31680516150277,1.5837291970432543,77615150343.7167,2.0475993187839877e+18,2.0475672531718758e+18,2.047599318783988e+18,0.0015660100986540117,1102.4795202058936,2.810909296764836e+18,106548749879.69733,26381438.54281344,4.684848827941393e+18,177581250000.0,0.6,0.08940612891655719,False,False,False,False,-0.27156409652617197,False,False,True,-13.256466474732292,-13.135976155321085,-12.919716144528412,-12.919716144528412,-0.33675033020388057,False,0.25,4.0,32.0,-1.4973958333333334e-06,1.0416666666666667e-06,11,natural_tdl,0.016035655390105458,,,,,,,,,,,,,,,,,,,,,,,,,,,,,,,,
conventional_s2,Conventional $S_2$,ok,optimal,0.007506804999138694,False,,conventional_s2,347.67220928428253,5215083.139264238,0.9999999996900057,3.3571428562571595,1553429.020616202,106548749892.09387,2.8109092970918743e+18,2.8109092970918743e+18,2.8108772291511864e+18,3.557567656254812e-19,0.08940612891135617,-7.7935666423146355,-2.285450228423546,0.03835962905198034,5.123485406071033e-05,64.0,-1102.5195501911014,106547534375.76483,106547534342.7357,5.215083139264238,1.553429020616202,106548749892.09387,2.8109092970918743e+18,2.8108772291511864e+18,2.8109092970918743e+18,0.0011408386859387111,1102.5195501911014,2.810909296764836e+18,106548749879.69733,26381438.54281344,4.684848827941393e+18,177581250000.0,0.6,0.08940612891655719,True,False,True,True,-1.1408270514568231e-05,True,False,True,-13.256466474732292,-7.7935666423146355,-7.772289560314826,-7.772289560314826,-5.484176914417466,False,0.25,4.0,32.0,-1.3346354166666666e-06,1.0416666666666667e-06,11,natural_tdl,,known_amplitude_linear,106548749879.69733,,,,,,,,,,,,,,,,,,,,,,,,,,,,,,
conventional_s2_psl,Conventional $S_2$+PSL,infeasible,infeasible,0.45744768799704616,False,max_rate_isac: problem is infeasible (solver CLARABEL),conventional_s2,,,,,,,,,,,,,,,,,,,,,,,,,,,,2.810909296764836e+18,106548749879.69733,26381438.54281344,4.684848827941393e+18,177581250000.0,0.6,0.08940612891655719,False,False,,,,False,,True,-13.256466474732292,,,,,False,,,,,,11,natural_tdl,,,,,,,,,,,,,,,,,,,,,,,,,,,,,,,,,
exact_efim,Exact EFIM,ok,optimal,0.010323767000954831,False,,exact_efim,347.67200598172474,5215080.089725871,0.9999999985822885,3.357142853092253,1553428.1137075468,106548920662.77818,2.8109138022681876e+18,2.8109138022681876e+18,2.8109092905747584e+18,3.5575619543832267e-19,0.08940605726374191,-7.793472504935897,-2.285214344566561,0.03853363020581153,5.123600164774206e-05,64.0,-413.54288616747056,106548749796.11511,106548749645.05972,5.215080089725871,1.5534281137075467,106548920662.77818,2.8109138022681876e+18,2.8109092905747584e+18,2.8109138022681876e+18,0.00016050628893733476,413.54288616747056,2.810909296764836e+18,106548749879.69733,26381438.54281344,4.684848827941393e+18,177581250000.0,0.6,0.08940612891655719,True,True,True,True,-2.2021619292818715e-09,False,False,True,-13.256466474732292,-7.793472504935897,-7.7721681410354915,-7.7721681410354915,-5.484298333696801,False,0.25,4.0,32.0,-1.3346354166666666e-06,1.0416666666666667e-06,11,natural_tdl,,unknown_amplitude_exact,,,,,,2.810909296764836e+18,106548749879.69733,quad_over_lin,1e-12,,,,,,,,,,,,,,,,,,,,,,
exact_efim_sampled_psl,Exact EFIM+sampled PSL,infeasible,infeasible,0.4701078600010078,False,max_rate_isac: problem is infeasible (solver CLARABEL),exact_efim,,,,,,,,,,,,,,,,,,,,,,,,,,,,2.810909296764836e+18,106548749879.69733,26381438.54281344,4.684848827941393e+18,177581250000.0,0.6,0.08940612891655719,False,False,,,,False,,True,-13.256466474732292,,,,,False,,,,,,11,natural_tdl,,,,,,,,,,,,,,,,,,,,,,,,,,,,,,,,,
exact_efim_cutting_plane_psl,Exact EFIM+cutting-plane PSL,infeasible,infeasible,0.46748101800039876,False,max_rate_isac: problem is infeasible (solver CLARABEL),exact_efim,,,,,,,,,,,,,,,,,,,,,,,,,,,,2.810909296764836e+18,106548749879.69733,26381438.54281344,4.684848827941393e+18,177581250000.0,0.6,0.08940612891655719,False,False,,,,False,,True,-13.256466474732292,,,,,False,,,,,,11,natural_tdl,,,,,,,,,,,,,,,,,,,,,,,,,,,,,,,,,
exact_efim_cutting_plane_psl_ee,Exact EFIM+cutting-plane PSL+EE,infeasible,infeasible,0.4750208579971513,False,dinkelbach_ee_isac[iter 1]: problem is infeasible (solver CLARABEL),exact_efim,,,,,,,,,,,,,,,,,,,,,,,,,,,,2.810909296764836e+18,106548749879.69733,26381438.54281344,4.684848827941393e+18,177581250000.0,0.6,0.08940612891655719,False,False,,,,False,,True,-13.256466474732292,,,,,False,,,,,,11,natural_tdl,,,,,,,,,,,,,,,,,,,,,,,,,,,,,,,,,
uniform,Uniform,ok,ok,1.5626999811502174e-05,False,,none,354.44311245060567,5316646.686759085,1.0,3.357142857142857,1583681.9918005785,76781250000.0,2.0255998281153943e+18,2.0255998281153943e+18,2.0255998281153943e+18,4.936809265680052e-19,0.10532073506634214,-13.256466474732292,-9.684463547443015,0.015625,0.0,64.0,0.0,76781250000.0,76781250000.0,5.316646686759086,1.5836819918005784,76781250000.0,2.0255998281153943e+18,2.0255998281153943e+18,2.0255998281153943e+18,0.0,0.0,3.279394179558975e+18,124306874859.64688,26381438.54281344,4.684848827941393e+18,177581250000.0,0.7,0.08277399119380457,False,False,False,False,-0.3823249913836816,False,False,True,-13.256466474732292,-13.456972739469613,-13.256466474732292,-13.256466474732292,0.0,True,0.25,4.0,32.0,-1.4973958333333334e-06,1.0416666666666667e-06,11,natural_tdl,,,,,,,,,,,,,,,,,,,,,,,,,,,,,,,,,
water_filling,Water-filling,ok,ok,0.00019661500118672848,False,,none,354.453677433518,5316805.16150277,1.000000000000092,3.35714285714312,1583729.1970432543,77615150343.7167,2.047599318783988e+18,2.047599318783988e+18,2.0475672531718758e+18,4.883767985398003e-19,0.104753422004075,-12.919716144528412,-9.402300721452045,0.015881869293526307,5.926049331839618e-08,64.0,-1102.4795202058936,77613934882.6171,77613934882.62424,5.31680516150277,1.5837291970432543,77615150343.7167,2.0475993187839877e+18,2.0475672531718758e+18,2.047599318783988e+18,0.0015660100986540117,1102.4795202058936,3.279394179558975e+18,124306874859.64688,26381438.54281344,4.684848827941393e+18,177581250000.0,0.7,0.08277399119380457,False,False,False,False,-0.3756263684510045,False,False,True,-13.256466474732292,-13.135976155321085,-12.919716144528412,-12.919716144528412,-0.33675033020388057,False,0.25,4.0,32.0,-1.4973958333333334e-06,1.0416666666666667e-06,11,natural_tdl,0.016035655390105458,,,,,,,,,,,,,,,,,,,,,,,,,,,,,,,,
conventional_s2,Conventional $S_2$,ok,optimal,0.007475423000869341,False,,conventional_s2,337.7164065966738,5065746.098950107,0.9999999989403522,3.3571428541152923,1508945.6478565857,124306874762.6878,3.279394177001055e+18,3.279394177001055e+18,3.279362120998459e+18,3.049343708094528e-19,0.08277399122608635,-5.927140822459453,1.0389047327356262,0.062499994187202576,0.0001547155307437297,64.0,-1102.314311275878,124305659797.56847,124305659665.84825,5.065746098950107,1.5089456478565857,124306874762.6878,3.279394177001055e+18,3.279362120998459e+18,3.279394177001055e+18,0.0009774976982384782,1102.314311275878,3.279394179558975e+18,124306874859.64688,26381438.54281344,4.684848827941393e+18,177581250000.0,0.7,0.08277399119380457,True,False,True,True,-9.775756972407432e-06,True,False,True,-13.256466474732292,-5.970631506282798,-5.9114445001254055,-5.9114445001254055,-7.345021974606887,False,0.25,4.0,32.0,-1.2695312500000002e-06,1.0416666666666667e-06,11,natural_tdl,,known_amplitude_linear,124306874859.64688,,,,,,,,,,,,,,,,,,,,,,,,,,,,,,
conventional_s2_psl,Conventional $S_2$+PSL,infeasible,infeasible,0.4178005440007837,False,max_rate_isac: problem is infeasible (solver CLARABEL),conventional_s2,,,,,,,,,,,,,,,,,,,,,,,,,,,,3.279394179558975e+18,124306874859.64688,26381438.54281344,4.684848827941393e+18,177581250000.0,0.7,0.08277399119380457,False,False,,,,False,,True,-13.256466474732292,,,,,False,,,,,,11,natural_tdl,,,,,,,,,,,,,,,,,,,,,,,,,,,,,,,,,
exact_efim,Exact EFIM,ok,optimal,0.010303327002475271,False,,exact_efim,337.7161759312437,5065742.638968656,0.9999999982740901,3.357142852211686,1508944.6180794314,124306967975.99554,3.279396636102205e+18,3.279396636102205e+18,3.2793941761046287e+18,3.049341421501764e-19,0.0827739601914666,-5.927108148110127,1.0391076630541343,0.0624999915446985,0.00015471864069648055,64.0,-305.36418804531496,124306874943.25082,124306874728.70836,5.065742638968656,1.5089446180794313,124306967975.99554,3.279396636102205e+18,3.2793941761046287e+18,3.279396636102205e+18,7.501372505876206e-05,305.36418804531496,3.279394179558975e+18,124306874859.64688,26381438.54281344,4.684848827941393e+18,177581250000.0,0.7,0.08277399119380457,True,True,True,True,-1.0533488964307892e-09,False,False,True,-13.256466474732292,-5.970551159751857,-5.911388360394848,-5.911388360394848,-7.345078114337444,False,0.25,4.0,32.0,-1.2695312500000002e-06,1.0416666666666667e-06,11,natural_tdl,,unknown_amplitude_exact,,,,,,3.279394179558975e+18,124306874859.64688,quad_over_lin,1e-12,,,,,,,,,,,,,,,,,,,,,,
exact_efim_sampled_psl,Exact EFIM+sampled PSL,infeasible,infeasible,0.45770810700196307,False,max_rate_isac: problem is infeasible (solver CLARABEL),exact_efim,,,,,,,,,,,,,,,,,,,,,,,,,,,,3.279394179558975e+18,124306874859.64688,26381438.54281344,4.684848827941393e+18,177581250000.0,0.7,0.08277399119380457,False,False,,,,False,,True,-13.256466474732292,,,,,False,,,,,,11,natural_tdl,,,,,,,,,,,,,,,,,,,,,,,,,,,,,,,,,
exact_efim_cutting_plane_psl,Exact EFIM+cutting-plane PSL,infeasible,infeasible,0.4635446110005432,False,max_rate_isac: problem is infeasible (solver CLARABEL),exact_efim,,,,,,,,,,,,,,,,,,,,,,,,,,,,3.279394179558975e+18,124306874859.64688,26381438.54281344,4.684848827941393e+18,177581250000.0,0.7,0.08277399119380457,False,False,,,,False,,True,-13.256466474732292,,,,,False,,,,,,11,natural_tdl,,,,,,,,,,,,,,,,,,,,,,,,,,,,,,,,,
exact_efim_cutting_plane_psl_ee,Exact EFIM+cutting-plane PSL+EE,infeasible,infeasible,0.46229284500077483,False,dinkelbach_ee_isac[iter 1]: problem is infeasible (solver CLARABEL),exact_efim,,,,,,,,,,,,,,,,,,,,,,,,,,,,3.279394179558975e+18,124306874859.64688,26381438.54281344,4.684848827941393e+18,177581250000.0,0.7,0.08277399119380457,False,False,,,,False,,True,-13.256466474732292,,,,,False,,,,,,11,natural_tdl,,,,,,,,,,,,,,,,,,,,,,,,,,,,,,,,,
uniform,Uniform,ok,ok,1.5318000805564225e-05,False,,none,354.44311245060567,5316646.686759085,1.0,3.357142857142857,1583681.9918005785,76781250000.0,2.0255998281153943e+18,2.0255998281153943e+18,2.0255998281153943e+18,4.936809265680052e-19,0.10532073506634214,-13.256466474732292,-9.684463547443015,0.015625,0.0,64.0,0.0,76781250000.0,76781250000.0,5.316646686759086,1.5836819918005784,76781250000.0,2.0255998281153943e+18,2.0255998281153943e+18,2.0255998281153943e+18,0.0,0.0,3.747879062353115e+18,142064999839.59647,26381438.54281344,4.684848827941393e+18,177581250000.0,0.8,0.07742797889576501,False,False,False,False,-0.4595343674607215,False,False,True,-13.256466474732292,-13.456972739469613,-13.256466474732292,-13.256466474732292,0.0,True,0.25,4.0,32.0,-1.4973958333333334e-06,1.0416666666666667e-06,11,natural_tdl,,,,,,,,,,,,,,,,,,,,,,,,,,,,,,,,,
water_filling,Water-filling,ok,ok,0.00019753699962166138,False,,none,354.453677433518,5316805.16150277,1.000000000000092,3.35714285714312,1583729.1970432543,77615150343.7167,2.047599318783988e+18,2.047599318783988e+18,2.0475672531718758e+18,4.883767985398003e-19,0.104753422004075,-12.919716144528412,-9.402300721452045,0.015881869293526307,5.926049331839618e-08,64.0,-1102.4795202058936,77613934882.6171,77613934882.62424,5.31680516150277,1.5837291970432543,77615150343.7167,2.0475993187839877e+18,2.0475672531718758e+18,2.047599318783988e+18,0.0015660100986540117,1102.4795202058936,3.747879062353115e+18,142064999839.59647,26381438.54281344,4.684848827941393e+18,177581250000.0,0.8,0.07742797889576501,False,False,False,False,-0.45367307239462906,False,False,True,-13.256466474732292,-13.135976155321085,-12.919716144528412,-12.919716144528412,-0.33675033020388057,False,0.25,4.0,32.0,-1.4973958333333334e-06,1.0416666666666667e-06,11,natural_tdl,0.016035655390105458,,,,,,,,,,,,,,,,,,,,,,,,,,,,,,,,
conventional_s2,Conventional $S_2$,ok,optimal,0.007493110999348573,False,,conventional_s2,322.0756876060425,4831135.3140906375,0.9999999983446768,3.3571428524133626,1439061.5849479446,142064999782.07834,3.7478790608357043e+18,3.7478790608357043e+18,3.747848175909922e+18,2.6681757435818096e-19,0.07742797891143921,-3.9996370204861034,3.2127366849722683,0.06249999922421043,0.0002926516801459234,64.0,-1081.9919875736564,142063829310.58066,142063829075.4191,4.831135314090638,1.4390615849479447,142064999782.07834,3.7478790608357043e+18,3.747848175909922e+18,3.7478790608357043e+18,0.0008240640981526566,1081.9919875736564,3.747879062353115e+18,142064999839.59647,26381438.54281344,4.684848827941393e+18,177581250000.0,0.8,0.07742797889576501,True,False,True,True,-8.241045850063227e-06,True,False,True,-13.256466474732292,-4.233582551145232,-3.9918554365474623,-3.9918554365474623,-9.26461103818483,False,0.25,4.0,32.0,-1.2044270833333335e-06,1.0416666666666667e-06,11,natural_tdl,,known_amplitude_linear,142064999839.59647,,,,,,,,,,,,,,,,,,,,,,,,,,,,,,
conventional_s2_psl,Conventional $S_2$+PSL,infeasible,infeasible,0.4459527649996744,False,max_rate_isac: problem is infeasible (solver CLARABEL),conventional_s2,,,,,,,,,,,,,,,,,,,,,,,,,,,,3.747879062353115e+18,142064999839.59647,26381438.54281344,4.684848827941393e+18,177581250000.0,0.8,0.07742797889576501,False,False,,,,False,,True,-13.256466474732292,,,,,False,,,,,,11,natural_tdl,,,,,,,,,,,,,,,,,,,,,,,,,,,,,,,,,
exact_efim,Exact EFIM,ok,optimal,0.009298270997533109,False,,exact_efim,322.0753043485621,4831129.5652284315,0.9999999992499524,3.3571428549998643,1439059.8714121825,142065095955.84094,3.747881598037912e+18,3.747881598037912e+18,3.74787906742389e+18,2.6681739373077293e-19,0.07742795270323771,-3.9996535762022845,3.2129370928139718,0.06249999977103819,0.00029265825965491346,64.0,-309.7160548285269,142065000138.3619,142065000031.8064,4.831129565228432,1.4390598714121825,142065095955.84094,3.747881598037912e+18,3.74787906742389e+18,3.747881598037912e+18,6.752118379270105e-05,309.7160548285269,3.747879062353115e+18,142064999839.59647,26381438.54281344,4.684848827941393e+18,177581250000.0,0.8,0.07742797889576501,True,True,True,True,1.3529718274357287e-09,False,False,True,-13.256466474732292,-4.233570435739215,-3.9918855249617478,-3.9918855249617478,-9.264580949770544,False,0.25,4.0,32.0,-1.2044270833333335e-06,1.0416666666666667e-06,11,natural_tdl,,unknown_amplitude_exact,,,,,,3.747879062353115e+18,142064999839.59647,quad_over_lin,1e-12,,,,,,,,,,,,,,,,,,,,,,
exact_efim_sampled_psl,Exact EFIM+sampled PSL,infeasible,infeasible,0.4638517839994165,False,max_rate_isac: problem is infeasible (solver CLARABEL),exact_efim,,,,,,,,,,,,,,,,,,,,,,,,,,,,3.747879062353115e+18,142064999839.59647,26381438.54281344,4.684848827941393e+18,177581250000.0,0.8,0.07742797889576501,False,False,,,,False,,True,-13.256466474732292,,,,,False,,,,,,11,natural_tdl,,,,,,,,,,,,,,,,,,,,,,,,,,,,,,,,,
exact_efim_cutting_plane_psl,Exact EFIM+cutting-plane PSL,infeasible,infeasible,0.4254713489972346,False,max_rate_isac: problem is infeasible (solver CLARABEL),exact_efim,,,,,,,,,,,,,,,,,,,,,,,,,,,,3.747879062353115e+18,142064999839.59647,26381438.54281344,4.684848827941393e+18,177581250000.0,0.8,0.07742797889576501,False,False,,,,False,,True,-13.256466474732292,,,,,False,,,,,,11,natural_tdl,,,,,,,,,,,,,,,,,,,,,,,,,,,,,,,,,
exact_efim_cutting_plane_psl_ee,Exact EFIM+cutting-plane PSL+EE,infeasible,infeasible,0.4583338039992668,False,dinkelbach_ee_isac[iter 1]: problem is infeasible (solver CLARABEL),exact_efim,,,,,,,,,,,,,,,,,,,,,,,,,,,,3.747879062353115e+18,142064999839.59647,26381438.54281344,4.684848827941393e+18,177581250000.0,0.8,0.07742797889576501,False,False,,,,False,,True,-13.256466474732292,,,,,False,,,,,,11,natural_tdl,,,,,,,,,,,,,,,,,,,,,,,,,,,,,,,,,
