method,label,status,solver_status,solve_time_s,solver_inaccurate,error,optimizer_model,rate_spectral_efficiency,rate_bps,tx_power_w,system_power_w,energy_efficiency_bit_per_j,sensing_surrogate,delay_fim_per_s2,delay_fim_known_amplitude_per_s2,delay_fim_unknown_amplitude_per_s2,delay_crb_s2,range_rmse_bound_m,psl_db,isl_db,peak_power_w,power_variance_w2,num_active_subcarriers,spectral_centroid_hz,power_weighted_spectral_variance_hz2,unknown_amplitude_kernel_w_hz2,rate_mbps,ee_mbit_per_j,optimizer_claimed_sensing_metric,optimizer_claimed_known_fim,independently_evaluated_unknown_fim,independently_evaluated_known_fim,fim_mismatch_percent,centroid_magnitude_hz,gamma_unknown_fim,gamma_conventional_s,c_beta,j_max,s_max,fim_fraction,max_range_rmse_m_target,optimizer_claimed_sensing_satisfied,physical_sensing_satisfied,physical_sensing_satisfied_1pct,physical_sensing_satisfied_2pct,relative_unknown_fim_gap,false_sensing_feasibility,material_false_sensing_feasibility_1pct,psl_requirement_applicable,requested_psl_max_db,optimization_grid_psl_db,validation_grid_psl_db,dense_psl_db,psl_margin_db,dense_psl_satisfied,psl_tolerance_db,optimization_oversampling,validation_oversampling,worst_delay_s,mainlobe_exclusion_s,realization,num_subcarriers,subcarrier_spacing_hz,bandwidth_hz,num_symbols,total_power_w,noise_bandwidth_hz,channel_model,water_level_w,sensing_model,min_sensing_surrogate,min_unknown_fim,gamma_fim_kernel,unknown_fim_representation,s0_epsilon_w,psl_max_db,psl_rho,num_psl_soc_constraints,psl_mainlobe_exclusion_s,validation_grid_isl_db,violation_margin_db,optimization_grid_sidelobe_samples,validation_grid_sidelobe_samples,cutting_plane_iteration,cutting_plane_num_constraints,cutting_plane_converged,cutting_plane_iterations,cutting_plane_status,cutting_plane_infeasible,cutting_plane_runtime_s,num_added_soc_constraints,num_final_soc_constraints,initial_validation_grid_psl_db,initial_optimization_grid_psl_db,worst_violating_delay_s,num_worst_violating_delays
uniform,Uniform,ok,ok,1.4474997442448512e-05,False,,none,416.92988089248496,6253948.213387274,1.0,3.357142857142857,1862878.1912217413,76781250000.0,2.0255998281153943e+18,2.0255998281153943e+18,2.0255998281153943e+18,4.936809265680052e-19,0.10532073506634214,-13.256466474732292,-9.684463547443015,0.015625,0.0,64,0.0,76781250000.0,76781250000.0,6.253948213387274,1.8628781912217414,76781250000.0,2.0255998281153943e+18,2.0255998281153943e+18,2.0255998281153943e+18,0.0,0.0,2.3424244139706967e+18,88790624899.74777,26381438.54281344,4.684848827941393e+18,177581250000.0,0.5,0.09793950717362658,False,False,False,False,-0.13525498793715435,False,False,True,-13.256466474732292,-13.456972739469613,-13.256466474732292,-13.256466474732292,0.0,True,0.25,4,32,-1.4973958333333334e-06,1.0416666666666667e-06,0,64,15000.0,960000.0,1,1.0,15000.0,exponential_tdl,,,,,,,,,,,,,,,,,,,,,,,,,,,,
water_filling,Water-filling,ok,ok,0.0002068739995593205,False,,none,416.93071379383093,6253960.706907464,1.0000000000008535,3.357142857145296,1862881.912694487,76551652634.34396,2.019542719323748e+18,2.019542719323748e+18,2.0195289036723471e+18,4.951615979358209e-19,0.1054785583017251,-13.329790755659483,-9.760443549059508,0.01569277372244216,4.51996794330353e-09,64,723.6631305365689,76551128945.95213,76551128946.01747,6.253960706907464,1.862881912694487,76551652634.34396,2.0195427193237478e+18,2.0195289036723471e+18,2.019542719323748e+18,0.0006840980024223615,723.6631305365689,2.3424244139706967e+18,88790624899.74777,26381438.54281344,4.684848827941393e+18,177581250000.0,0.5,0.09793950717362658,False,False,False,False,-0.13784671487051403,False,False,True,-13.256466474732292,-13.52321217007355,-13.329790755659483,-13.329790755659483,0.07332428092719034,True,0.25,4,32,-1.4973958333333334e-06,1.0416666666666667e-06,0,64,15000.0,960000.0,1,1.0,15000.0,exponential_tdl,0.015808716507253497,,,,,,,,,,,,,,,,,,,,,,,,,,,
conventional_s2,Conventional $S_2$,ok,optimal,0.007913501998700667,False,,conventional_s2,415.59101872221436,6233865.280833215,0.9999999994187098,3.357142855482028,1856896.0420178901,88790624895.9628,2.3424244138708434e+18,2.3424244138708434e+18,2.342410601283372e+18,4.2690811881844483e-19,0.09793950717571408,-10.550213594575242,-6.235578086062011,0.022773099426918134,7.655805183992167e-06,64,723.5828820566106,88790101375.38872,88790101323.7759,6.233865280833215,1.8568960420178902,88790624895.9628,2.3424244138708434e+18,2.342410601283372e+18,2.3424244138708434e+18,0.0005896705733413518,723.5828820566106,2.3424244139706967e+18,88790624899.74777,26381438.54281344,4.684848827941393e+18,177581250000.0,0.5,0.09793950717362658,True,False,True,True,-5.896748361351733e-06,True,False,True,-13.256466474732292,-11.015067149540885,-10.542476229493982,-10.542476229493982,-2.7139902452383105,False,0.25,4,32,-1.3997395833333333e-06,1.0416666666666667e-06,0,64,15000.0,960000.0,1,1.0,15000.0,exponential_tdl,,known_amplitude_linear,88790624899.74777,,,,,,,,,,,,,,,,,,,,,,,,,
exact_efim,Exact EFIM,ok,optimal,0.008739357002923498,False,,exact_efim,415.5909444470339,6233864.166705509,0.9999999997722087,3.357142856492025,1856895.709591415,88790858875.59402,2.342430586590105e+18,2.342430586590105e+18,2.3424244143766707e+18,4.269069938399788e-19,0.09793937813165954,-10.550176373965144,-6.235528100214816,0.02273791984350281,7.655262455433089e-06,64,483.69459133536816,88790624935.36214,88790624915.1364,6.233864166705509,1.856895709591415,88790858875.59402,2.342430586590105e+18,2.3424244143766707e+18,2.342430586590105e+18,0.00026349610826047746,483.69459133536816,2.3424244139706967e+18,88790624899.74777,26381438.54281344,4.684848827941393e+18,177581250000.0,0.5,0.09793950717362658,True,True,True,True,1.7331360345234117e-10,False,False,True,-13.256466474732292,-11.01502219877489,-10.542436268615859,-10.542436268615859,-2.7140302061164334,False,0.25,4,32,-1.3997395833333333e-06,1.0416666666666667e-06,0,64,15000.0,960000.0,1,1.0,15000.0,exponential_tdl,,unknown_amplitude_exact,,2.3424244139706967e+18,88790624899.74777,quad_over_lin,1e-12,,,,,,,,,,,,,,,,,,,,,
conventional_s2_psl,Conventional $S_2$+PSL,ok,optimal,0.47439335099988966,False,,conventional_s2,414.3220966701425,6214831.4500521375,0.9999999996825292,3.357142856235798,1851226.3898774113,88790624882.19376,2.3424244135075973e+18,2.3424244135075973e+18,2.342409873520407e+18,4.2690811888464665e-19,0.09793950718330795,-13.023417468283412,-5.414070620596823,0.03337456932109419,1.917716732683587e-05,64,742.3911317344765,88790073765.78972,88790073737.60146,6.214831450052137,1.8512263898774113,88790624882.19376,2.3424244135075963e+18,2.342409873520407e+18,2.3424244135075973e+18,0.0006207238580005878,742.3911317344765,2.3424244139706967e+18,88790624899.74777,26381438.54281344,4.684848827941393e+18,177581250000.0,0.5,0.09793950717362658,True,False,True,True,-6.207436279668958e-06,True,False,True,-13.256466474732292,-13.256466488957532,-13.023417468283412,-13.023417468283412,-0.23304900644887994,True,0.25,4,32,-1.3671875e-06,1.0416666666666667e-06,0,64,15000.0,960000.0,1,1.0,15000.0,exponential_tdl,,known_amplitude_linear,88790624899.74777,,,,,-13.256466474732292,0.2173585239870126,249.0,1.0416666666666667e-06,,,,,,,,,,,,,,,,,
exact_efim_sampled_psl,Exact EFIM+sampled PSL,ok,optimal,0.46285402799912845,False,,exact_efim,414.32197313064495,6214829.596959674,0.9999999993220958,3.3571428552059883,1851225.838460289,88790726047.32529,2.3424270823892966e+18,2.3424270823892966e+18,2.342424410839469e+18,4.2690763248006466e-19,0.09793945138882136,-13.023419367826829,-5.414014081702353,0.033326921347562835,1.9176689846020735e-05,64,318.22361342676254,88790624841.24875,88790624781.05722,6.214829596959674,1.8512258384602889,88790726047.32529,2.3424270823892966e+18,2.342424410839469e+18,2.3424270823892966e+18,0.00011405050119464104,318.22361342676254,2.3424244139706967e+18,88790624899.74777,26381438.54281344,4.684848827941393e+18,177581250000.0,0.5,0.09793950717362658,True,True,True,True,-1.3367465047430004e-09,False,False,True,-13.256466474732292,-13.256466475870592,-13.023419367826829,-13.023419367826829,-0.23304710690546315,True,0.25,4,32,-1.3671875e-06,1.0416666666666667e-06,0,64,15000.0,960000.0,1,1.0,15000.0,exponential_tdl,,unknown_amplitude_exact,,2.3424244139706967e+18,88790624899.74777,quad_over_lin,1e-12,-13.256466474732292,0.2173585239870126,249.0,1.0416666666666667e-06,,,,,,,,,,,,,,,,,
exact_efim_cutting_plane_psl,Exact EFIM+cutting-plane PSL,ok,optimal,0.49389279000024544,False,,exact_efim,414.32197313064495,6214829.596959674,0.9999999993220958,3.3571428552059883,1851225.838460289,88790726047.32529,2.3424270823892966e+18,2.3424270823892966e+18,2.342424410839469e+18,4.2690763248006466e-19,0.09793945138882136,-13.023419367826829,-5.414014081702353,0.033326921347562835,1.9176689846020735e-05,64,318.22361342676254,88790624841.24875,88790624781.05722,6.214829596959674,1.8512258384602889,88790726047.32529,2.3424270823892966e+18,2.342424410839469e+18,2.3424270823892966e+18,0.00011405050119464104,318.22361342676254,2.3424244139706967e+18,88790624899.74777,26381438.54281344,4.684848827941393e+18,177581250000.0,0.5,0.09793950717362658,True,True,True,True,-1.3367465047430004e-09,False,False,True,-13.256466474732292,-13.256466475870592,-13.023419367826829,-13.023419367826829,-0.23304710690546315,True,0.25,4,32,-1.3671875e-06,1.0416666666666667e-06,0,64,15000.0,960000.0,1,1.0,15000.0,exponential_tdl,,unknown_amplitude_exact,,2.3424244139706967e+18,88790624899.74777,quad_over_lin,1e-12,-13.256466474732292,0.2173585239870126,249.0,1.0416666666666667e-06,-5.416860736664704,-0.23304710690546315,249.0,1985.0,1.0,249.0,True,1.0,dense_psl_satisfied,False,0.49389279000024544,0.0,249.0,-13.023419367826829,-13.256466475870592,,0.0
uniform,Uniform,ok,ok,1.4753000868950039e-05,False,,none,168.23668707883257,2523550.306182489,1.0,3.357142857142857,751695.8358841456,76781250000.0,2.0255998281153943e+18,2.0255998281153943e+18,2.0255998281153943e+18,4.936809265680052e-19,0.10532073506634214,-13.256466474732292,-9.684463547443015,0.015625,0.0,64,0.0,76781250000.0,76781250000.0,2.523550306182489,0.7516958358841456,76781250000.0,2.0255998281153943e+18,2.0255998281153943e+18,2.0255998281153943e+18,0.0,0.0,2.3424244139706967e+18,88790624899.74777,26381438.54281344,4.684848827941393e+18,177581250000.0,0.5,0.09793950717362658,False,False,False,False,-0.13525498793715435,False,False,True,-13.256466474732292,-13.456972739469613,-13.256466474732292,-13.256466474732292,0.0,True,0.25,4,32,-1.4973958333333334e-06,1.0416666666666667e-06,1,64,15000.0,960000.0,1,1.0,15000.0,exponential_tdl,,,,,,,,,,,,,,,,,,,,,,,,,,,,
water_filling,Water-filling,ok,ok,0.00018654899758985266,False,,none,168.34277728699996,2525141.6593049993,0.9999999999991167,3.3571428571403334,752169.8559637567,77831991835.45758,2.0533199092718815e+18,2.0533199092718815e+18,2.0490028660336161e+18,4.870161709748412e-19,0.1046073976581262,-13.461381098893789,-9.337123465092015,0.017260143174880227,8.186283237934592e-07,64,12792.16234995492,77668352417.93872,77668352417.87012,2.525141659304999,0.7521698559637566,77831991835.45758,2.0533199092718815e+18,2.0490028660336161e+18,2.0533199092718815e+18,0.2102469867832817,12792.16234995492,2.3424244139706967e+18,88790624899.74777,26381438.54281344,4.684848827941393e+18,177581250000.0,0.5,0.09793950717362658,False,False,False,False,-0.12526404104527541,False,False,True,-13.256466474732292,-13.760670336434258,-13.439163738938085,-13.439163738938085,0.18269726420579246,True,0.25,4,32,-1.46484375e-06,1.0416666666666667e-06,1,64,15000.0,960000.0,1,1.0,15000.0,exponential_tdl,0.018790064338670184,,,,,,,,,,,,,,,,,,,,,,,,,,,
conventional_s2,Conventional $S_2$,ok,optimal,0.007486720998713281,False,,conventional_s2,167.57070008360603,2513560.5012540906,0.9999999959763399,3.3571428456466856,748720.15187364,88790624614.19412,2.3424244064373806e+18,2.3424244064373806e+18,2.3381076781242957e+18,4.2690812017319744e-19,0.09793950733111496,-10.767603035635855,-6.21492537790017,0.023390736889351345,8.51133916584411e-06,64,12791.695777680146,88626997490.58868,88626997133.98378,2.5135605012540907,0.74872015187364,88790624614.19412,2.3424244064373806e+18,2.3381076781242957e+18,2.3424244064373806e+18,0.18428463694375044,12791.695777680146,2.3424244139706967e+18,88790624899.74777,26381438.54281344,4.684848827941393e+18,177581250000.0,0.5,0.09793950717362658,True,False,True,True,-0.0018428495795446511,True,False,True,-13.256466474732292,-11.178842117674442,-10.74477056540966,-10.74477056540966,-2.5116959093226328,False,0.25,4,32,-1.3997395833333333e-06,1.0416666666666667e-06,1,64,15000.0,960000.0,1,1.0,15000.0,exponential_tdl,,known_amplitude_linear,88790624899.74777,,,,,,,,,,,,,,,,,,,,,,,,,
exact_efim,Exact EFIM,ok,optimal,0.00860035100049572,False,,exact_efim,167.55481809737367,2513322.271460605,0.999999997154856,3.3571428490138744,748649.189056363,88871435001.66978,2.3445563007081907e+18,2.3445563007081907e+18,2.3424243977945564e+18,4.2651993458120092e-19,0.09789496923225204,-10.75091175497575,-6.194576044640162,0.022935602680169483,8.383091868545436e-06,64,8989.478033546708,88790624539.2062,88790624286.58409,2.5133222714606047,0.7486491890563629,88871435001.66978,2.3445563007081907e+18,2.3424243977945564e+18,2.3445563007081907e+18,0.0909299091256775,8989.478033546708,2.3424244139706967e+18,88790624899.74777,26381438.54281344,4.684848827941393e+18,177581250000.0,0.5,0.09793950717362658,True,True,True,True,-6.905725619798958e-09,False,False,True,-13.256466474732292,-11.16157810661645,-10.727695741354509,-10.727695741354509,-2.528770733377783,False,0.25,4,32,-1.3997395833333333e-06,1.0416666666666667e-06,1,64,15000.0,960000.0,1,1.0,15000.0,exponential_tdl,,unknown_amplitude_exact,,2.3424244139706967e+18,88790624899.74777,quad_over_lin,1e-12,,,,,,,,,,,,,,,,,,,,,
conventional_s2_psl,Conventional $S_2$+PSL,ok,optimal,0.5063840289985819,False,,conventional_s2,166.77917144642328,2501687.571696349,0.9999999996170902,3.3571428560488292,745183.5322374981,88790624866.5971,2.342424413096134e+18,2.342424413096134e+18,2.338122749344466e+18,4.26908118959636e-19,0.09793950719190983,-13.031407098636002,-5.426252013038631,0.03401855645912197,1.9468246410200316e-05,64,12769.355953388002,88627568449.13159,88627568415.19522,2.501687571696349,0.7451835322374981,88790624866.5971,2.342424413096134e+18,2.338122749344466e+18,2.342424413096134e+18,0.18364151806215323,12769.355953388002,2.3424244139706967e+18,88790624899.74777,26381438.54281344,4.684848827941393e+18,177581250000.0,0.5,0.09793950717362658,True,False,True,True,-0.0018364155532937495,True,False,True,-13.256466474732292,-13.256466466682465,-13.031407098636002,-13.031407098636002,-0.22505937609629,True,0.25,4,32,-1.3671875e-06,1.0416666666666667e-06,1,64,15000.0,960000.0,1,1.0,15000.0,exponential_tdl,,known_amplitude_linear,88790624899.74777,,,,,-13.256466474732292,0.2173585239870126,249.0,1.0416666666666667e-06,,,,,,,,,,,,,,,,,
exact_efim_sampled_psl,Exact EFIM+sampled PSL,ok,optimal,0.48047899499943014,False,,exact_efim,166.75108533939442,2501266.2800909164,0.9999999997947434,3.35714285655641,745058.0410082969,88822371060.12964,2.343261923349781e+18,2.343261923349781e+18,2.342424412923667e+18,4.2675553681615855e-19,0.09792200324341475,-13.030230371475287,-5.4121742772737935,0.03300127332568421,1.9273377996780615e-05,64,5634.37663601742,88790624878.28452,88790624860.05966,2.5012662800909164,0.7450580410082969,88822371060.12964,2.343261923349781e+18,2.342424412923667e+18,2.343261923349781e+18,0.03574122114854303,5634.37663601742,2.3424244139706967e+18,88790624899.74777,26381438.54281344,4.684848827941393e+18,177581250000.0,0.5,0.09793950717362658,True,True,True,True,-4.469855051694736e-10,False,False,True,-13.256466474732292,-13.256466468534791,-13.030230371475287,-13.030230371475287,-0.22623610325700483,True,0.25,4,32,-1.3671875e-06,1.0416666666666667e-06,1,64,15000.0,960000.0,1,1.0,15000.0,exponential_tdl,,unknown_amplitude_exact,,2.3424244139706967e+18,88790624899.74777,quad_over_lin,1e-12,-13.256466474732292,0.2173585239870126,249.0,1.0416666666666667e-06,,,,,,,,,,,,,,,,,
exact_efim_cutting_plane_psl,Exact EFIM+cutting-plane PSL,ok,optimal,0.4908741010003723,False,,exact_efim,166.75108533939442,2501266.2800909164,0.9999999997947434,3.35714285655641,745058.0410082969,88822371060.12964,2.343261923349781e+18,2.343261923349781e+18,2.342424412923667e+18,4.2675553681615855e-19,0.09792200324341475,-13.030230371475287,-5.4121742772737935,0.03300127332568421,1.9273377996780615e-05,64,5634.37663601742,88790624878.28452,88790624860.05966,2.5012662800909164,0.7450580410082969,88822371060.12964,2.343261923349781e+18,2.342424412923667e+18,2.343261923349781e+18,0.03574122114854303,5634.37663601742,2.3424244139706967e+18,88790624899.74777,26381438.54281344,4.684848827941393e+18,177581250000.0,0.5,0.09793950717362658,True,True,True,True,-4.469855051694736e-10,False,False,True,-13.256466474732292,-13.256466468534791,-13.030230371475287,-13.030230371475287,-0.22623610325700483,True,0.25,4,32,-1.3671875e-06,1.0416666666666667e-06,1,64,15000.0,960000.0,1,1.0,15000.0,exponential_tdl,,unknown_amplitude_exact,,2.3424244139706967e+18,88790624899.74777,quad_over_lin,1e-12,-13.256466474732292,0.2173585239870126,249.0,1.0416666666666667e-06,-5.415213961275615,-0.22623610325700483,249.0,1985.0,1.0,249.0,True,1.0,dense_psl_satisfied,False,0.4908741010003723,0.0,249.0,-13.030230371475287,-13.256466468534791,,0.0
uniform,Uniform,ok,ok,1.2937998690176755e-05,False,,none,319.2314808664623,4788472.212996935,1.0,3.357142857142857,1426353.425148023,76781250000.0,2.0255998281153943e+18,2.0255998281153943e+18,2.0255998281153943e+18,4.936809265680052e-19,0.10532073506634214,-13.256466474732292,-9.684463547443015,0.015625,0.0,64,0.0,76781250000.0,76781250000.0,4.788472212996934,1.426353425148023,76781250000.0,2.0255998281153943e+18,2.0255998281153943e+18,2.0255998281153943e+18,0.0,0.0,2.3424244139706967e+18,88790624899.74777,26381438.54281344,4.684848827941393e+18,177581250000.0,0.5,0.09793950717362658,False,False,False,False,-0.13525498793715435,False,False,True,-13.256466474732292,-13.456972739469613,-13.256466474732292,-13.256466474732292,0.0,True,0.25,4,32,-1.4973958333333334e-06,1.0416666666666667e-06,2,64,15000.0,960000.0,1,1.0,15000.0,exponential_tdl,,,,,,,,,,,,,,,,,,,,,,,,,,,,
water_filling,Water-filling,ok,ok,0.0001974869992409367,False,,none,319.2362619102971,4788543.9286544565,1.0000000000003109,3.3571428571437454,1426374.7872583969,76410500578.84213,2.0158189250463345e+18,2.0158189250463345e+18,2.0156539902914972e+18,4.960763030722189e-19,0.10557593788770855,-13.351612759575588,-9.804121439240793,0.015790511893069237,2.7204697484803917e-08,64,2500.384816300251,76404248654.58879,76404248654.61255,4.788543928654456,1.426374787258397,76410500578.84213,2.0158189250463345e+18,2.0156539902914972e+18,2.0158189250463345e+18,0.008182022342778476,2500.384816300251,2.3424244139706967e+18,88790624899.74777,26381438.54281344,4.684848827941393e+18,177581250000.0,0.5,0.09793950717362658,False,False,False,False,-0.13950094685244657,False,False,True,-13.256466474732292,-13.538599440256638,-13.351612759575588,-13.351612759575588,0.09514628484329535,True,0.25,4,32,-1.4973958333333334e-06,1.0416666666666667e-06,2,64,15000.0,960000.0,1,1.0,15000.0,exponential_tdl,0.01615661807822186,,,,,,,,,,,,,,,,,,,,,,,,,,,
conventional_s2,Conventional $S_2$,ok,optimal,0.007630166997842025,False,,conventional_s2,317.9230651432174,4768845.977148261,0.9999999982128982,3.3571428520368523,1420507.3145025382,88790624855.70187,2.3424244128087025e+18,2.3424244128087025e+18,2.3422595298407045e+18,4.2690811901202057e-19,0.09793950719791875,-10.538672854081927,-6.235927652196729,0.02289738040739239,7.661193192608688e-06,64,2499.9922475688245,88784375053.14186,88784374894.47514,4.768845977148261,1.4205073145025382,88790624855.70187,2.3424244128087025e+18,2.3422595298407045e+18,2.3424244128087025e+18,0.007038987772512487,2499.9922475688245,2.3424244139706967e+18,88790624899.74777,26381438.54281344,4.684848827941393e+18,177581250000.0,0.5,0.09793950717362658,True,False,True,True,-7.0390373754982e-05,True,False,True,-13.256466474732292,-11.004777538782866,-10.531390606100459,-10.531390606100459,-2.7250758686318335,False,0.25,4,32,-1.3997395833333333e-06,1.0416666666666667e-06,2,64,15000.0,960000.0,1,1.0,15000.0,exponential_tdl,,known_amplitude_linear,88790624899.74777,,,,,,,,,,,,,,,,,,,,,,,,,
exact_efim,Exact EFIM,ok,optimal,0.008963634998508496,False,,exact_efim,317.9222078973046,4768833.118459568,0.999999998809802,3.3571428537422916,1420503.4835332164,88793399876.85828,2.342497621858795e+18,2.342497621858795e+18,2.342424408728514e+18,4.2689477703994002e-19,0.09793797675574388,-10.538171246299976,-6.235359373397826,0.022776364621682203,7.65431989456655e-06,64,1665.8858967635326,88790624806.71896,88790624701.04054,4.768833118459568,1.4205034835332164,88793399876.85828,2.342497621858795e+18,2.342424408728514e+18,2.342497621858795e+18,0.00312543029276865,1665.8858967635326,2.3424244139706967e+18,88790624899.74777,26381438.54281344,4.684848827941393e+18,177581250000.0,0.5,0.09793950717362658,True,True,True,True,-2.23793033608024e-09,False,False,True,-13.256466474732292,-11.004197138749163,-10.530860334381693,-10.530860334381693,-2.7256061403505996,False,0.25,4,32,-1.3997395833333333e-06,1.0416666666666667e-06,2,64,15000.0,960000.0,1,1.0,15000.0,exponential_tdl,,unknown_amplitude_exact,,2.3424244139706967e+18,88790624899.74777,quad_over_lin,1e-12,,,,,,,,,,,,,,,,,,,,,
conventional_s2_psl,Conventional $S_2$+PSL,ok,optimal,0.4540826489974279,False,,conventional_s2,316.694328923437,4750414.933851555,0.9999999995669412,3.3571428559055465,1415017.2148602807,88790624866.43097,2.3424244130917514e+18,2.3424244130917514e+18,2.3422508006896655e+18,4.269081189604348e-19,0.09793950719200145,-13.023594783445729,-5.414566666380124,0.033618155234734014,1.9186051217230397e-05,64,2565.317574450857,88784044050.62474,88784044012.17603,4.750414933851555,1.4150172148602806,88790624866.43097,2.3424244130917514e+18,2.3422508006896655e+18,2.3424244130917514e+18,0.007411654400268911,2565.317574450857,2.3424244139706967e+18,88790624899.74777,26381438.54281344,4.684848827941393e+18,177581250000.0,0.5,0.09793950717362658,True,False,True,True,-7.411691920375445e-05,True,False,True,-13.256466474732292,-13.256466464739606,-13.023594783445729,-13.023594783445729,-0.23287169128656338,True,0.25,4,32,-1.3671875e-06,1.0416666666666667e-06,2,64,15000.0,960000.0,1,1.0,15000.0,exponential_tdl,,known_amplitude_linear,88790624899.74777,,,,,-13.256466474732292,0.2173585239870126,249.0,1.0416666666666667e-06,,,,,,,,,,,,,,,,,
exact_efim_sampled_psl,Exact EFIM+sampled PSL,ok,optimal,0.49112613200122723,False,,exact_efim,316.6929061202226,4750393.591803338,0.9999999994199057,3.357142855485445,1415010.857831496,88791822541.01074,2.342456009470072e+18,2.342456009470072e+18,2.342424409746728e+18,4.269023605810329e-19,0.09793884665789866,-13.023610023389358,-5.414181917596897,0.03331868507070207,1.917642969685945e-05,64,1094.4411245247693,88790624791.14333,88790624739.63638,4.750393591803339,1.415010857831496,88791822541.01074,2.342456009470072e+18,2.342424409746728e+18,2.342456009470072e+18,0.0013489996489206527,1094.4411245247693,2.3424244139706967e+18,88790624899.74777,26381438.54281344,4.684848827941393e+18,177581250000.0,0.5,0.09793950717362658,True,True,True,True,-1.8032465606178749e-09,False,False,True,-13.256466474732292,-13.256466463323736,-13.023610023389358,-13.023610023389358,-0.23285645134293453,True,0.25,4,32,-1.3671875e-06,1.0416666666666667e-06,2,64,15000.0,960000.0,1,1.0,15000.0,exponential_tdl,,unknown_amplitude_exact,,2.3424244139706967e+18,88790624899.74777,quad_over_lin,1e-12,-13.256466474732292,0.2173585239870126,249.0,1.0416666666666667e-06,,,,,,,,,,,,,,,,,
exact_efim_cutting_plane_psl,Exact EFIM+cutting-plane PSL,ok,optimal,0.49584854299973813,False,,exact_efim,316.6929061202226,4750393.591803338,0.9999999994199057,3.357142855485445,1415010.857831496,88791822541.01074,2.342456009470072e+18,2.342456009470072e+18,2.342424409746728e+18,4.269023605810329e-19,0.09793884665789866,-13.023610023389358,-5.414181917596897,0.03331868507070207,1.917642969685945e-05,64,1094.4411245247693,88790624791.14333,88790624739.63638,4.750393591803339,1.415010857831496,88791822541.01074,2.342456009470072e+18,2.342424409746728e+18,2.342456009470072e+18,0.0013489996489206527,1094.4411245247693,2.3424244139706967e+18,88790624899.74777,26381438.54281344,4.684848827941393e+18,177581250000.0,0.5,0.09793950717362658,True,True,True,True,-1.8032465606178749e-09,False,False,True,-13.256466474732292,-13.256466463323736,-13.023610023389358,-13.023610023389358,-0.23285645134293453,True,0.25,4,32,-1.3671875e-06,1.0416666666666667e-06,2,64,15000.0,960000.0,1,1.0,15000.0,exponential_tdl,,unknown_amplitude_exact,,2.3424244139706967e+18,88790624899.74777,quad_over_lin,1e-12,-13.256466474732292,0.2173585239870126,249.0,1.0416666666666667e-06,-5.4170341032417735,-0.23285645134293453,249.0,1985.0,1.0,249.0,True,1.0,dense_psl_satisfied,False,0.49584854299973813,0.0,249.0,-13.023610023389358,-13.256466463323736,,0.0
uniform,Uniform,ok,ok,1.39539988595061e-05,False,,none,255.5942428005451,3833913.6420081765,1.0,3.357142857142857,1142016.8295343504,76781250000.0,2.0255998281153943e+18,2.0255998281153943e+18,2.0255998281153943e+18,4.936809265680052e-19,0.10532073506634214,-13.256466474732292,-9.684463547443015,0.015625,0.0,64,0.0,76781250000.0,76781250000.0,3.8339136420081767,1.1420168295343505,76781250000.0,2.0255998281153943e+18,2.0255998281153943e+18,2.0255998281153943e+18,0.0,0.0,2.3424244139706967e+18,88790624899.74777,26381438.54281344,4.684848827941393e+18,177581250000.0,0.5,0.09793950717362658,False,False,False,False,-0.13525498793715435,False,False,True,-13.256466474732292,-13.456972739469613,-13.256466474732292,-13.256466474732292,0.0,True,0.25,4,32,-1.4973958333333334e-06,1.0416666666666667e-06,3,64,15000.0,960000.0,1,1.0,15000.0,exponential_tdl,,,,,,,,,,,,,,,,,,,,,,,,,,,,
water_filling,Water-filling,ok,ok,0.000227600998186972,False,,none,262.85278269667776,3942791.7404501666,0.9999999999996262,3.357142857141789,1174448.603538721,76144429710.35971,2.0087995927814323e+18,2.0087995927814323e+18,1.8996224798544259e+18,4.978097385092437e-19,0.10576023360777005,-12.386470664499456,-6.962383915201551,0.019370486347524342,3.9367477898665225e-05,57,64330.44656522675,72006023355.10667,72006023355.07976,3.9427917404501667,1.1744486035387212,76144429710.35971,2.0087995927814323e+18,1.8996224798544259e+18,2.0087995927814323e+18,5.434943003738726,64330.44656522675,2.3424244139706967e+18,88790624899.74777,26381438.54281344,4.684848827941393e+18,177581250000.0,0.5,0.09793950717362658,False,False,False,False,-0.18903574069468787,False,False,True,-13.256466474732292,-12.621756763707815,-12.357939194471992,-12.357939194471992,-0.8985272802602999,False,0.25,4,32,-2.44140625e-06,1.0416666666666667e-06,3,64,15000.0,960000.0,1,1.0,15000.0,exponential_tdl,0.01959151061436251,,,,,,,,,,,,,,,,,,,,,,,,,,,
conventional_s2,Conventional $S_2$,ok,optimal,0.0076473799999803305,False,,conventional_s2,261.9008844746404,3928513.267119606,0.9999999989640465,3.35714285418299,1170195.4423013872,88790624881.73767,2.3424244134955633e+18,2.3424244134955633e+18,2.2371961396129252e+18,4.2690811888683985e-19,0.09793950718355952,-10.644933595516546,-4.670166026108621,0.026551760182089882,4.6448986246153646e-05,64,63156.34475889578,84801901090.41614,84801901002.5653,3.928513267119606,1.1701954423013872,88790624881.73767,2.3424244134955643e+18,2.2371961396129252e+18,2.3424244134955633e+18,4.492280445694621,63156.34475889578,2.3424244139706967e+18,88790624899.74777,26381438.54281344,4.684848827941393e+18,177581250000.0,0.5,0.09793950717362658,True,False,False,False,-0.04492280465067246,True,True,True,-13.256466474732292,-10.819998231012171,-10.644933595516546,-10.644933595516546,-2.611532879215746,False,0.25,4,32,-2.408854166666667e-06,1.0416666666666667e-06,3,64,15000.0,960000.0,1,1.0,15000.0,exponential_tdl,,known_amplitude_linear,88790624899.74777,,,,,,,,,,,,,,,,,,,,,,,,,
exact_efim,Exact EFIM,ok,optimal,0.008794714998657582,False,,exact_efim,261.4902527389472,3922353.7910842085,0.9999999992240651,3.3571428549259004,1168360.7044987616,90505645105.00732,2.3876691141154345e+18,2.3876691141154345e+18,2.342424413622819e+18,4.1881850131083694e-19,0.09700712564083983,-10.29475812701363,-4.080093617333558,0.029124525227249096,4.659466658937879e-05,64,41412.802607125464,88790624955.45706,88790624886.56133,3.9223537910842086,1.1683607044987616,90505645105.00732,2.3876691141154345e+18,2.342424413622819e+18,2.3876691141154345e+18,1.8949317652574986,41412.802607125464,2.3424244139706967e+18,88790624899.74777,26381438.54281344,4.684848827941393e+18,177581250000.0,0.5,0.09793950717362658,True,True,True,True,-1.4851189473828285e-10,False,False,True,-13.256466474732292,-10.494258239151764,-10.287395216298439,-10.287395216298439,-2.9690712584338534,False,0.25,4,32,-2.44140625e-06,1.0416666666666667e-06,3,64,15000.0,960000.0,1,1.0,15000.0,exponential_tdl,,unknown_amplitude_exact,,2.3424244139706967e+18,88790624899.74777,quad_over_lin,1e-12,,,,,,,,,,,,,,,,,,,,,
conventional_s2_psl,Conventional $S_2$+PSL,ok,optimal,0.4973899819997314,False,,conventional_s2,260.1813336613377,3902720.0049200654,0.9999999996478284,3.3571428561366528,1162512.3422395121,88790624869.41747,2.34242441317054e+18,2.34242441317054e+18,2.213793243077107e+18,4.269081189460755e-19,0.09793950719035432,-13.0947384690224,-4.008425322647074,0.05446835266983742,5.778733004093631e-05,64,69827.07875371439,83914803973.40958,83914803943.85716,3.902720004920065,1.162512342239512,88790624869.41747,2.3424244131705395e+18,2.213793243077107e+18,2.34242441317054e+18,5.4913690862420195,69827.07875371439,2.3424244139706967e+18,88790624899.74777,26381438.54281344,4.684848827941393e+18,177581250000.0,0.5,0.09793950717362658,True,False,False,False,-0.05491369118525543,True,True,True,-13.256466474732292,-13.256466473375054,-13.0947384690224,-13.0947384690224,-0.1617280057098931,True,0.25,4,32,-3.4505208333333336e-06,1.0416666666666667e-06,3,64,15000.0,960000.0,1,1.0,15000.0,exponential_tdl,,known_amplitude_linear,88790624899.74777,,,,,-13.256466474732292,0.2173585239870126,249.0,1.0416666666666667e-06,,,,,,,,,,,,,,,,,
exact_efim_sampled_psl,Exact EFIM+sampled PSL,ok,optimal,0.49562251699899207,False,,exact_efim,259.20629258654435,3888094.388798165,0.9999999996486031,3.357142856138866,1158155.775733047,89268263125.82436,2.3550251974776346e+18,2.3550251974776346e+18,2.342424410475046e+18,4.2462390681469423e-19,0.09767713847993889,-13.151586015163232,-3.8414693324217186,0.04153599009084492,4.6901122373964834e-05,64,21854.939001255178,88790624798.44435,88790624767.2436,3.888094388798165,1.158155775733047,89268263125.82436,2.3550251974776346e+18,2.342424410475046e+18,2.3550251974776346e+18,0.5350595405979023,21854.939001255178,2.3424244139706967e+18,88790624899.74777,26381438.54281344,4.684848827941393e+18,177581250000.0,0.5,0.09793950717362658,True,True,True,True,-1.4923217138411067e-09,False,False,True,-13.256466474732292,-13.25646646730473,-13.151586015163232,-13.151586015163232,-0.10488045956905978,True,0.25,4,32,-3.4505208333333336e-06,1.0416666666666667e-06,3,64,15000.0,960000.0,1,1.0,15000.0,exponential_tdl,,unknown_amplitude_exact,,2.3424244139706967e+18,88790624899.74777,quad_over_lin,1e-12,-13.256466474732292,0.2173585239870126,249.0,1.0416666666666667e-06,,,,,,,,,,,,,,,,,
exact_efim_cutting_plane_psl,Exact EFIM+cutting-plane PSL,ok,optimal,0.5016036160013755,False,,exact_efim,259.20629258654435,3888094.388798165,0.9999999996486031,3.357142856138866,1158155.775733047,89268263125.82436,2.3550251974776346e+18,2.3550251974776346e+18,2.342424410475046e+18,4.2462390681469423e-19,0.09767713847993889,-13.151586015163232,-3.8414693324217186,0.04153599009084492,4.6901122373964834e-05,64,21854.939001255178,88790624798.44435,88790624767.2436,3.888094388798165,1.158155775733047,89268263125.82436,2.3550251974776346e+18,2.342424410475046e+18,2.3550251974776346e+18,0.5350595405979023,21854.939001255178,2.3424244139706967e+18,88790624899.74777,26381438.54281344,4.684848827941393e+18,177581250000.0,0.5,0.09793950717362658,True,True,True,True,-1.4923217138411067e-09,False,False,True,-13.256466474732292,-13.25646646730473,-13.151586015163232,-13.151586015163232,-0.10488045956905978,True,0.25,4,32,-3.4505208333333336e-06,1.0416666666666667e-06,3,64,15000.0,960000.0,1,1.0,15000.0,exponential_tdl,,unknown_amplitude_exact,,2.3424244139706967e+18,88790624899.74777,quad_over_lin,1e-12,-13.256466474732292,0.2173585239870126,249.0,1.0416666666666667e-06,-3.8471909596820106,-0.10488045956905978,249.0,1985.0,1.0,249.0,True,1.0,dense_psl_satisfied,False,0.5016036160013755,0.0,249.0,-13.151586015163232,-13.25646646730473,,0.0
uniform,Uniform,ok,ok,1.3914999726694077e-05,False,,none,318.71098171821023,4780664.725773154,1.0,3.357142857142857,1424027.790655833,76781250000.0,2.0255998281153943e+18,2.0255998281153943e+18,2.0255998281153943e+18,4.936809265680052e-19,0.10532073506634214,-13.256466474732292,-9.684463547443015,0.015625,0.0,64,0.0,76781250000.0,76781250000.0,4.780664725773154,1.424027790655833,76781250000.0,2.0255998281153943e+18,2.0255998281153943e+18,2.0255998281153943e+18,0.0,0.0,2.3424244139706967e+18,88790624899.74777,26381438.54281344,4.684848827941393e+18,177581250000.0,0.5,0.09793950717362658,False,False,False,False,-0.13525498793715435,False,False,True,-13.256466474732292,-13.456972739469613,-13.256466474732292,-13.256466474732292,0.0,True,0.25,4,32,-1.4973958333333334e-06,1.0416666666666667e-06,4,64,15000.0,960000.0,1,1.0,15000.0,exponential_tdl,,,,,,,,,,,,,,,,,,,,,,,,,,,,
water_filling,Water-filling,ok,ok,0.00022002599871484563,False,,none,318.7147263633345,4780720.895450017,1.0000000000004774,3.3571428571442214,1424044.5220483625,77288917530.4046,2.0389928278689452e+18,2.0389928278689452e+18,2.0389924127403197e+18,4.904382135787848e-19,0.10497426878816139,-13.13138181846529,-9.519523321608604,0.015917427562429868,2.1191713118592805e-08,64,125.4417500291203,77288901794.73506,77288901794.77196,4.780720895450018,1.4240445220483626,77288917530.4046,2.0389928278689452e+18,2.0389924127403197e+18,2.0389928278689452e+18,2.0359494145051605e-05,125.4417500291203,2.3424244139706967e+18,88790624899.74777,26381438.54281344,4.684848827941393e+18,177581250000.0,0.5,0.09793950717362658,False,False,False,False,-0.1295375848290543,False,False,True,-13.256466474732292,-13.351293291028316,-13.13138181846529,-13.13138181846529,-0.12508465626700271,True,0.25,4,32,-1.4973958333333334e-06,1.0416666666666667e-06,4,64,15000.0,960000.0,1,1.0,15000.0,exponential_tdl,0.016158045099714684,,,,,,,,,,,,,,,,,,,,,,,,,,,
conventional_s2,Conventional $S_2$,ok,optimal,0.008133592000376666,False,,conventional_s2,317.57656149133686,4763648.422370053,0.9999999990487292,3.3571428544249406,1418959.1056845386,88790624859.68115,2.3424244129136814e+18,2.3424244129136814e+18,2.342423991653543e+18,4.269081189928881e-19,0.0979395071957241,-10.510009083578726,-6.2369798782524635,0.022564152540313277,7.61466908760457e-06,64,126.3647512229064,88790608976.09473,88790608891.63081,4.763648422370053,1.4189591056845385,88790624859.68115,2.3424244129136814e+18,2.342423991653543e+18,2.3424244129136814e+18,1.798393733320109e-05,126.3647512229064,2.3424244139706967e+18,88790624899.74777,26381438.54281344,4.684848827941393e+18,177581250000.0,0.5,0.09793950717362658,True,True,True,True,-1.8029062166241712e-07,False,False,True,-13.256466474732292,-10.9795759075648,-10.503822939607533,-10.503822939607533,-2.7526435351247596,False,0.25,4,32,-1.3997395833333333e-06,1.0416666666666667e-06,4,64,15000.0,960000.0,1,1.0,15000.0,exponential_tdl,,known_amplitude_linear,88790624899.74777,,,,,,,,,,,,,,,,,,,,,,,,,
exact_efim,Exact EFIM,ok,optimal,0.009333334997791098,False,,exact_efim,317.5765593734476,4763648.390601714,0.9999999984605868,3.357142852744534,1418959.0969318843,88790632030.71301,2.3424246020958177e+18,2.3424246020958177e+18,2.3424244080564536e+18,4.26908084514344e-19,0.09793950324076103,-10.509912625075222,-6.236969603741812,0.022570630097921505,7.614649945796863e-06,64,85.76215488967068,88790624812.25127,88790624675.56581,4.763648390601714,1.4189590969318844,88790632030.71301,2.3424246020958177e+18,2.3424244080564536e+18,2.3424246020958177e+18,8.283697324660473e-06,85.76215488967068,2.3424244139706967e+18,88790624899.74777,26381438.54281344,4.684848827941393e+18,177581250000.0,0.5,0.09793950717362658,True,True,True,True,-2.524838383994911e-09,False,False,True,-13.256466474732292,-10.97950541072434,-10.503734087513543,-10.503734087513543,-2.7527323872187495,False,0.25,4,32,-1.3997395833333333e-06,1.0416666666666667e-06,4,64,15000.0,960000.0,1,1.0,15000.0,exponential_tdl,,unknown_amplitude_exact,,2.3424244139706967e+18,88790624899.74777,quad_over_lin,1e-12,,,,,,,,,,,,,,,,,,,,,
conventional_s2_psl,Conventional $S_2$+PSL,ok,optimal,0.4774508269983926,False,,conventional_s2,316.30866246623157,4744629.936993473,0.9999999996425649,3.357142856121614,1413294.024215214,88790624872.87366,2.3424244132617185e+18,2.3424244132617185e+18,2.3424234835552015e+18,4.2690811892945817e-19,0.0979395071884482,-13.023436692049197,-5.414363572593226,0.033376917356508995,1.917213394609005e-05,64,187.72568645681616,88790589663.67719,88790589631.9403,4.744629936993473,1.4132940242152139,88790624872.87366,2.3424244132617185e+18,2.3424234835552015e+18,2.3424244132617185e+18,3.9689926032551305e-05,187.72568645681616,2.3424244139706967e+18,88790624899.74777,26381438.54281344,4.684848827941393e+18,177581250000.0,0.5,0.09793950717362658,True,True,True,True,-3.972019287447707e-07,False,False,True,-13.256466474732292,-13.256466470734216,-13.023436692049197,-13.023436692049197,-0.23302978268309538,True,0.25,4,32,-1.3671875e-06,1.0416666666666667e-06,4,64,15000.0,960000.0,1,1.0,15000.0,exponential_tdl,,known_amplitude_linear,88790624899.74777,,,,,-13.256466474732292,0.2173585239870126,249.0,1.0416666666666667e-06,,,,,,,,,,,,,,,,,
exact_efim_sampled_psl,Exact EFIM+sampled PSL,ok,optimal,0.4770483209977101,False,,exact_efim,316.30865474666984,4744629.821200048,0.9999999993702477,3.3571428553435654,1413293.990051099,88790631210.4498,2.342424580456094e+18,2.342424580456094e+18,2.3424244095486863e+18,4.2690808845819477e-19,0.09793950369315207,-13.023427294050776,-5.414364443872982,0.033346444097085814,1.917197629191482e-05,64,80.48801325389422,88790624788.04562,88790624732.12953,4.744629821200047,1.413293990051099,88790631210.4498,2.342424580456094e+18,2.3424244095486863e+18,2.342424580456094e+18,7.296175479798054e-06,80.48801325389422,2.3424244139706967e+18,88790624899.74777,26381438.54281344,4.684848827941393e+18,177581250000.0,0.5,0.09793950717362658,True,True,True,True,-1.8877921275180656e-09,False,False,True,-13.256466474732292,-13.256466463776576,-13.023427294050776,-13.023427294050776,-0.23303918068151575,True,0.25,4,32,-1.3671875e-06,1.0416666666666667e-06,4,64,15000.0,960000.0,1,1.0,15000.0,exponential_tdl,,unknown_amplitude_exact,,2.3424244139706967e+18,88790624899.74777,quad_over_lin,1e-12,-13.256466474732292,0.2173585239870126,249.0,1.0416666666666667e-06,,,,,,,,,,,,,,,,,
exact_efim_cutting_plane_psl,Exact EFIM+cutting-plane PSL,ok,optimal,0.5189568839996355,False,,exact_efim,316.30865474666984,4744629.821200048,0.9999999993702477,3.3571428553435654,1413293.990051099,88790631210.4498,2.342424580456094e+18,2.342424580456094e+18,2.3424244095486863e+18,4.2690808845819477e-19,0.09793950369315207,-13.023427294050776,-5.414364443872982,0.033346444097085814,1.917197629191482e-05,64,80.48801325389422,88790624788.04562,88790624732.12953,4.744629821200047,1.413293990051099,88790631210.4498,2.342424580456094e+18,2.3424244095486863e+18,2.342424580456094e+18,7.296175479798054e-06,80.48801325389422,2.3424244139706967e+18,88790624899.74777,26381438.54281344,4.684848827941393e+18,177581250000.0,0.5,0.09793950717362658,True,True,True,True,-1.8877921275180656e-09,False,False,True,-13.256466474732292,-13.256466463776576,-13.023427294050776,-13.023427294050776,-0.23303918068151575,True,0.25,4,32,-1.3671875e-06,1.0416666666666667e-06,4,64,15000.0,960000.0,1,1.0,15000.0,exponential_tdl,,unknown_amplitude_exact,,2.3424244139706967e+18,88790624899.74777,quad_over_lin,1e-12,-13.256466474732292,0.2173585239870126,249.0,1.0416666666666667e-06,-5.417211525901136,-0.23303918068151575,249.0,1985.0,1.0,249.0,True,1.0,dense_psl_satisfied,False,0.5189568839996355,0.0,249.0,-13.023427294050776,-13.256466463776576,,0.0
uniform,Uniform,ok,ok,1.4566998288501054e-05,False,,none,387.42416601134653,5811362.490170198,1.0,3.357142857142857,1731044.146008144,76781250000.0,2.0255998281153943e+18,2.0255998281153943e+18,2.0255998281153943e+18,4.936809265680052e-19,0.10532073506634214,-13.256466474732292,-9.684463547443015,0.015625,0.0,64,0.0,76781250000.0,76781250000.0,5.811362490170198,1.7310441460081438,76781250000.0,2.0255998281153943e+18,2.0255998281153943e+18,2.0255998281153943e+18,0.0,0.0,2.3424244139706967e+18,88790624899.74777,26381438.54281344,4.684848827941393e+18,177581250000.0,0.5,0.09793950717362658,False,False,False,False,-0.13525498793715435,False,False,True,-13.256466474732292,-13.456972739469613,-13.256466474732292,-13.256466474732292,0.0,True,0.25,4,32,-1.4973958333333334e-06,1.0416666666666667e-06,5,64,15000.0,960000.0,1,1.0,15000.0,exponential_tdl,,,,,,,,,,,,,,,,,,,,,,,,,,,,
water_filling,Water-filling,ok,ok,0.0001876599999377504,False,,none,387.4272000216941,5811408.000325412,1.0000000000009497,3.3571428571455706,1731057.7022231915,77039823972.41263,2.0324213814773693e+18,2.0324213814773693e+18,2.0323450917522957e+18,4.9202395188004705e-19,0.10514383895582602,-13.186861814707974,-9.599744827675869,0.01580494832760237,1.66211829998084e-08,64,-1700.5280041399058,77036932176.84659,77036932176.91975,5.811408000325412,1.7310577022231914,77039823972.41263,2.0324213814773693e+18,2.0323450917522957e+18,2.0324213814773693e+18,0.0037536372018586476,1700.5280041399058,2.3424244139706967e+18,88790624899.74777,26381438.54281344,4.684848827941393e+18,177581250000.0,0.5,0.09793950717362658,False,False,False,False,-0.13237538012711306,False,False,True,-13.256466474732292,-13.39683252357136,-13.186861814707974,-13.186861814707974,-0.06960466002431787,True,0.25,4,32,-1.4973958333333334e-06,1.0416666666666667e-06,5,64,15000.0,960000.0,1,1.0,15000.0,exponential_tdl,0.015897883297367618,,,,,,,,,,,,,,,,,,,,,,,,,,,
conventional_s2,Conventional $S_2$,ok,optimal,0.008019874003366567,False,,conventional_s2,386.2026716319482,5793040.074479223,0.9999999992375053,3.3571428549643008,1725586.4062838117,88790624897.03113,2.3424244138990275e+18,2.3424244138990275e+18,2.342348177580885e+18,4.2690811881330827e-19,0.09793950717512487,-10.518256831165068,-6.236852294749839,0.022643296962618346,7.631798487844382e-06,64,-1699.9326698231869,88787735193.65158,88787735125.9514,5.793040074479223,1.7255864062838118,88790624897.03113,2.3424244138990275e+18,2.342348177580885e+18,2.3424244138990275e+18,0.003254590316345219,1699.9326698231869,2.3424244139706967e+18,88790624899.74777,26381438.54281344,4.684848827941393e+18,177581250000.0,0.5,0.09793950717362658,True,False,True,True,-3.254593375864025e-05,True,False,True,-13.256466474732292,-10.986830104731748,-10.511780397726888,-10.511780397726888,-2.7446860770054045,False,0.25,4,32,-1.3997395833333333e-06,1.0416666666666667e-06,5,64,15000.0,960000.0,1,1.0,15000.0,exponential_tdl,,known_amplitude_linear,88790624899.74777,,,,,,,,,,,,,,,,,,,,,,,,,
exact_efim,Exact EFIM,ok,optimal,0.009360608000861248,False,,exact_efim,386.20227399112247,5793034.109866837,0.9999999995753184,3.357142855929481,1725584.6290946528,88791965163.74855,2.342459772063064e+18,2.342459772063064e+18,2.34242441238349e+18,4.2690167486602105e-19,0.09793876800037582,-10.517932631475446,-6.236450928461192,0.022595045288290434,7.629590805271045e-06,64,-1157.7236998109531,88790624877.29176,88790624839.58401,5.793034109866837,1.7255846290946528,88791965163.74855,2.342459772063064e+18,2.34242441238349e+18,2.342459772063064e+18,0.0015095106432873266,1157.7236998109531,2.3424244139706967e+18,88790624899.74777,26381438.54281344,4.684848827941393e+18,177581250000.0,0.5,0.09793950717362658,True,True,True,True,-6.7759140766019e-10,False,False,True,-13.256466474732292,-10.986543387356626,-10.511461268792095,-10.511461268792095,-2.7450052059401973,False,0.25,4,32,-1.3997395833333333e-06,1.0416666666666667e-06,5,64,15000.0,960000.0,1,1.0,15000.0,exponential_tdl,,unknown_amplitude_exact,,2.3424244139706967e+18,88790624899.74777,quad_over_lin,1e-12,,,,,,,,,,,,,,,,,,,,,
conventional_s2_psl,Conventional $S_2$+PSL,ok,optimal,0.4989936950005358,False,,conventional_s2,384.9074814347414,5773612.2215211205,0.9999999996633359,3.35714285618096,1719799.385626712,88790624877.64545,2.3424244133876055e+18,2.3424244133876055e+18,2.3423395589779533e+18,4.269081189065152e-19,0.09793950718581644,-13.023607454672499,-5.413537260256377,0.033571130582799286,1.9192605489229632e-05,64,-1793.44462410829,88787408463.91832,88787408434.02678,5.7736122215211205,1.7197993856267122,88790624877.64545,2.3424244133876055e+18,2.3423395589779533e+18,2.3424244133876055e+18,0.0036225036405553796,1793.44462410829,2.3424244139706967e+18,88790624899.74777,26381438.54281344,4.684848827941393e+18,177581250000.0,0.5,0.09793950717362658,True,False,True,True,-3.622528532290371e-05,True,False,True,-13.256466474732292,-13.256466472105085,-13.023607454672499,-13.023607454672499,-0.2328590200597933,True,0.25,4,32,-1.3671875e-06,1.0416666666666667e-06,5,64,15000.0,960000.0,1,1.0,15000.0,exponential_tdl,,known_amplitude_linear,88790624899.74777,,,,,-13.256466474732292,0.2173585239870126,249.0,1.0416666666666667e-06,,,,,,,,,,,,,,,,,
exact_efim_sampled_psl,Exact EFIM+sampled PSL,ok,optimal,0.5046412129995588,False,,exact_efim,384.9067604449257,5773601.406673885,0.9999999995266132,3.3571428557903236,1719796.1643829688,88791216666.81909,2.34244002563732e+18,2.34244002563732e+18,2.342424411068195e+18,4.269052735845071e-19,0.0979391808042284,-13.023553031239333,-5.41328649137017,0.03332476653665255,1.9188269627120794e-05,64,-769.3354874159984,88790624831.75948,88790624789.72717,5.773601406673885,1.719796164382969,88791216666.81909,2.34244002563732e+18,2.342424411068195e+18,2.34244002563732e+18,0.000666594190437284,769.3354874159984,2.3424244139706967e+18,88790624899.74777,26381438.54281344,4.684848827941393e+18,177581250000.0,0.5,0.09793950717362658,True,True,True,True,-1.2391016208202438e-09,False,False,True,-13.256466474732292,-13.25646647541243,-13.023553031239333,-13.023553031239333,-0.23291344349295962,True,0.25,4,32,-1.3671875e-06,1.0416666666666667e-06,5,64,15000.0,960000.0,1,1.0,15000.0,exponential_tdl,,unknown_amplitude_exact,,2.3424244139706967e+18,88790624899.74777,quad_over_lin,1e-12,-13.256466474732292,0.2173585239870126,249.0,1.0416666666666667e-06,,,,,,,,,,,,,,,,,
exact_efim_cutting_plane_psl,Exact EFIM+cutting-plane PSL,ok,optimal,0.5058514810007182,False,,exact_efim,384.9067604449257,5773601.406673885,0.9999999995266132,3.3571428557903236,1719796.1643829688,88791216666.81909,2.34244002563732e+18,2.34244002563732e+18,2.342424411068195e+18,4.269052735845071e-19,0.0979391808042284,-13.023553031239333,-5.41328649137017,0.03332476653665255,1.9188269627120794e-05,64,-769.3354874159984,88790624831.75948,88790624789.72717,5.773601406673885,1.719796164382969,88791216666.81909,2.34244002563732e+18,2.342424411068195e+18,2.34244002563732e+18,0.000666594190437284,769.3354874159984,2.3424244139706967e+18,88790624899.74777,26381438.54281344,4.684848827941393e+18,177581250000.0,0.5,0.09793950717362658,True,True,True,True,-1.2391016208202438e-09,False,False,True,-13.256466474732292,-13.25646647541243,-13.023553031239333,-13.023553031239333,-0.23291344349295962,True,0.25,4,32,-1.3671875e-06,1.0416666666666667e-06,5,64,15000.0,960000.0,1,1.0,15000.0,exponential_tdl,,unknown_amplitude_exact,,2.3424244139706967e+18,88790624899.74777,quad_over_lin,1e-12,-13.256466474732292,0.2173585239870126,249.0,1.0416666666666667e-06,-5.416137101419095,-0.23291344349295962,249.0,1985.0,1.0,249.0,True,1.0,dense_psl_satisfied,False,0.5058514810007182,0.0,249.0,-13.023553031239333,-13.25646647541243,,0.0
uniform,Uniform,ok,ok,1.3630000466946512e-05,False,,none,418.52661781496863,6277899.26722453,1.0,3.357142857142857,1870012.5476839026,76781250000.0,2.0255998281153943e+18,2.0255998281153943e+18,2.0255998281153943e+18,4.936809265680052e-19,0.10532073506634214,-13.256466474732292,-9.684463547443015,0.015625,0.0,64,0.0,76781250000.0,76781250000.0,6.27789926722453,1.8700125476839025,76781250000.0,2.0255998281153943e+18,2.0255998281153943e+18,2.0255998281153943e+18,0.0,0.0,2.3424244139706967e+18,88790624899.74777,26381438.54281344,4.684848827941393e+18,177581250000.0,0.5,0.09793950717362658,False,False,False,False,-0.13525498793715435,False,False,True,-13.256466474732292,-13.456972739469613,-13.256466474732292,-13.256466474732292,0.0,True,0.25,4,32,-1.4973958333333334e-06,1.0416666666666667e-06,6,64,15000.0,960000.0,1,1.0,15000.0,exponential_tdl,,,,,,,,,,,,,,,,,,,,,,,,,,,,
water_filling,Water-filling,ok,ok,0.00017804500021156855,False,,none,418.5276392439399,6277914.588659098,0.9999999999998411,3.3571428571424033,1870017.111515729,76839917411.78613,2.0271475588338964e+18,2.0271475588338964e+18,2.0271197277696758e+18,4.933040003142364e-19,0.1052805211059967,-13.25482189619985,-9.66623989045185,0.015704048329597597,5.5376835617908315e-09,64,-1027.1069550876596,76838862463.10115,76838862463.08894,6.277914588659098,1.870017111515729,76839917411.78613,2.0271475588338962e+18,2.0271197277696758e+18,2.0271475588338964e+18,0.0013729175313059914,1027.1069550876596,2.3424244139706967e+18,88790624899.74777,26381438.54281344,4.684848827941393e+18,177581250000.0,0.5,0.09793950717362658,False,False,False,False,-0.13460613043497988,False,False,True,-13.256466474732292,-13.459300693614741,-13.25482189619985,-13.25482189619985,-0.0016445785324421536,True,0.25,4,32,-1.4973958333333334e-06,1.0416666666666667e-06,6,64,15000.0,960000.0,1,1.0,15000.0,exponential_tdl,0.015809326095825242,,,,,,,,,,,,,,,,,,,,,,,,,,,
conventional_s2,Conventional $S_2$,ok,optimal,0.008043628000450553,False,,conventional_s2,417.24856602616615,6258728.490392492,0.9999999993392816,3.3571428552550904,1864302.10456949,88790624905.68558,2.342424414127344e+18,2.342424414127344e+18,2.342396540494575e+18,4.2690811877169745e-19,0.09793950717035177,-10.538647241934104,-6.2362592303402575,0.02267786527184844,7.643049626068757e-06,64,-1027.8921526075158,88789568402.07379,88789568343.40889,6.2587284903924925,1.86430210456949,88790624905.68558,2.342424414127344e+18,2.342396540494575e+18,2.342424414127344e+18,0.0011899480128757176,1027.8921526075158,2.3424244139706967e+18,88790624899.74777,26381438.54281344,4.684848827941393e+18,177581250000.0,0.5,0.09793950717362658,True,False,True,True,-1.1899413255495847e-05,True,False,True,-13.256466474732292,-11.004485437637143,-10.531256305930306,-10.531256305930306,-2.7252101688019863,False,0.25,4,32,-1.3997395833333333e-06,1.0416666666666667e-06,6,64,15000.0,960000.0,1,1.0,15000.0,exponential_tdl,,known_amplitude_linear,88790624899.74777,,,,,,,,,,,,,,,,,,,,,,,,,
exact_efim,Exact EFIM,ok,optimal,0.009126937999099027,False,,exact_efim,417.2484182069804,6258726.273104706,0.9999999994841161,3.3571428556689034,1864301.4438709873,88791105551.27904,2.3424370942495293e+18,2.3424370942495293e+18,2.3424244122743404e+18,4.2690580782506787e-19,0.09793924208605104,-10.538462822686277,-6.23610314828208,0.022663744262386327,7.642294031308945e-06,64,-693.336738268418,88790624881.2523,88790624835.44666,6.258726273104706,1.8643014438709873,88791105551.27904,2.3424370942495293e+18,2.3424244122743404e+18,2.3424370942495293e+18,0.0005414008862874098,693.336738268418,2.3424244139706967e+18,88790624899.74777,26381438.54281344,4.684848827941393e+18,177581250000.0,0.5,0.09793950717362658,True,True,True,True,-7.241882990471688e-10,False,False,True,-13.256466474732292,-11.004341159909352,-10.531081530744972,-10.531081530744972,-2.7253849439873203,False,0.25,4,32,-1.3997395833333333e-06,1.0416666666666667e-06,6,64,15000.0,960000.0,1,1.0,15000.0,exponential_tdl,,unknown_amplitude_exact,,2.3424244139706967e+18,88790624899.74777,quad_over_lin,1e-12,,,,,,,,,,,,,,,,,,,,,
conventional_s2_psl,Conventional $S_2$+PSL,ok,optimal,0.4851750079978956,False,,conventional_s2,415.9634705453254,6239452.0581798805,0.9999999995237526,3.3571428557821505,1858560.188296249,88790624871.63263,2.3424244132289787e+18,2.3424244132289787e+18,2.342392963057036e+18,4.2690811893542504e-19,0.09793950718913264,-13.023480947673685,-5.413560009618658,0.033473477568606295,1.9186328500565866e-05,64,-1091.8482327993015,88789432781.35547,88789432739.06973,6.2394520581798805,1.8585601882962488,88790624871.63263,2.3424244132289787e+18,2.342392963057036e+18,2.3424244132289787e+18,0.0013426333744344244,1091.8482327993015,2.3424244139706967e+18,88790624899.74777,26381438.54281344,4.684848827941393e+18,177581250000.0,0.5,0.09793950717362658,True,False,True,True,-1.3426650385535746e-05,True,False,True,-13.256466474732292,-13.25646648200188,-13.023480947673685,-13.023480947673685,-0.23298552705860764,True,0.25,4,32,-1.3671875e-06,1.0416666666666667e-06,6,64,15000.0,960000.0,1,1.0,15000.0,exponential_tdl,,known_amplitude_linear,88790624899.74777,,,,,-13.256466474732292,0.2173585239870126,249.0,1.0416666666666667e-06,,,,,,,,,,,,,,,,,
exact_efim_sampled_psl,Exact EFIM+sampled PSL,ok,optimal,0.47082684300039546,False,,exact_efim,415.96320265494376,6239448.039824156,0.9999999995530131,3.357142855865752,1858558.9912929412,88790843691.32431,2.342430186007227e+18,2.342430186007227e+18,2.342424411382489e+18,4.2690706684605316e-19,0.09793938650604707,-13.023456838517331,-5.413440022860824,0.0333214409584013,1.9185059870344644e-05,64,-467.8564777667126,88790624841.32887,88790624801.64062,6.239448039824156,1.8585589912929412,88790843691.32431,2.342430186007227e+18,2.342424411382489e+18,2.342430186007227e+18,0.00024652281089474414,467.8564777667126,2.3424244139706967e+18,88790624899.74777,26381438.54281344,4.684848827941393e+18,177581250000.0,0.5,0.09793950717362658,True,True,True,True,-1.1049268444110308e-09,False,False,True,-13.256466474732292,-13.25646647538656,-13.023456838517331,-13.023456838517331,-0.23300963621496074,True,0.25,4,32,-1.3671875e-06,1.0416666666666667e-06,6,64,15000.0,960000.0,1,1.0,15000.0,exponential_tdl,,unknown_amplitude_exact,,2.3424244139706967e+18,88790624899.74777,quad_over_lin,1e-12,-13.256466474732292,0.2173585239870126,249.0,1.0416666666666667e-06,,,,,,,,,,,,,,,,,
exact_efim_cutting_plane_psl,Exact EFIM+cutting-plane PSL,ok,optimal,0.5034128430015699,False,,exact_efim,415.96320265494376,6239448.039824156,0.9999999995530131,3.357142855865752,1858558.9912929412,88790843691.32431,2.342430186007227e+18,2.342430186007227e+18,2.342424411382489e+18,4.2690706684605316e-19,0.09793938650604707,-13.023456838517331,-5.413440022860824,0.0333214409584013,1.9185059870344644e-05,64,-467.8564777667126,88790624841.32887,88790624801.64062,6.239448039824156,1.8585589912929412,88790843691.32431,2.342430186007227e+18,2.342424411382489e+18,2.342430186007227e+18,0.00024652281089474414,467.8564777667126,2.3424244139706967e+18,88790624899.74777,26381438.54281344,4.684848827941393e+18,177581250000.0,0.5,0.09793950717362658,True,True,True,True,-1.1049268444110308e-09,False,False,True,-13.256466474732292,-13.25646647538656,-13.023456838517331,-13.023456838517331,-0.23300963621496074,True,0.25,4,32,-1.3671875e-06,1.0416666666666667e-06,6,64,15000.0,960000.0,1,1.0,15000.0,exponential_tdl,,unknown_amplitude_exact,,2.3424244139706967e+18,88790624899.74777,quad_over_lin,1e-12,-13.256466474732292,0.2173585239870126,249.0,1.0416666666666667e-06,-5.4162877794786235,-0.23300963621496074,249.0,1985.0,1.0,249.0,True,1.0,dense_psl_satisfied,False,0.5034128430015699,0.0,249.0,-13.023456838517331,-13.25646647538656,,0.0
uniform,Uniform,ok,ok,1.602200063643977e-05,False,,none,479.11615318867257,7186742.297830089,1.0,3.357142857142857,2140731.7482898138,76781250000.0,2.0255998281153943e+18,2.0255998281153943e+18,2.0255998281153943e+18,4.936809265680052e-19,0.10532073506634214,-13.256466474732292,-9.684463547443015,0.015625,0.0,64,0.0,76781250000.0,76781250000.0,7.186742297830089,2.140731748289814,76781250000.0,2.0255998281153943e+18,2.0255998281153943e+18,2.0255998281153943e+18,0.0,0.0,2.3424244139706967e+18,88790624899.74777,26381438.54281344,4.684848827941393e+18,177581250000.0,0.5,0.09793950717362658,False,False,False,False,-0.13525498793715435,False,False,True,-13.256466474732292,-13.456972739469613,-13.256466474732292,-13.256466474732292,0.0,True,0.25,4,32,-1.4973958333333334e-06,1.0416666666666667e-06,7,64,15000.0,960000.0,1,1.0,15000.0,exponential_tdl,,,,,,,,,,,,,,,,,,,,,,,,,,,,
water_filling,Water-filling,ok,ok,0.00021171700063860044,False,,none,479.1165074425002,7186747.611637503,0.9999999999995803,3.357142857141658,2140733.331126829,76641126698.98676,2.0219031738612977e+18,2.0219031738612977e+18,2.0218964587452206e+18,4.945835255257381e-19,0.1054169702756831,-13.296081291789752,-9.730267456284434,0.015660419295244307,1.9017254332891703e-09,64,504.5189990811403,76640872159.59848,76640872159.56631,7.186747611637503,2.140733331126829,76641126698.98676,2.0219031738612974e+18,2.0218964587452206e+18,2.0219031738612977e+18,0.000332118578370492,504.5189990811403,2.3424244139706967e+18,88790624899.74777,26381438.54281344,4.684848827941393e+18,177581250000.0,0.5,0.09793950717362658,False,False,False,False,-0.13683598638819763,False,False,True,-13.256466474732292,-13.491779644304426,-13.296081291789752,-13.296081291789752,0.03961481705746017,True,0.25,4,32,-1.4973958333333334e-06,1.0416666666666667e-06,7,64,15000.0,960000.0,1,1.0,15000.0,exponential_tdl,0.01572009800138898,,,,,,,,,,,,,,,,,,,,,,,,,,,
conventional_s2,Conventional $S_2$,ok,optimal,0.007885245002398733,False,,conventional_s2,477.78126280243265,7166718.94203649,0.999999999616558,3.357142856047309,2134767.345133047,88790624919.27313,2.3424244144858035e+18,2.3424244144858035e+18,2.3424178157817467e+18,4.2690811870636803e-19,0.09793950716285797,-10.54146792694669,-6.235972479156034,0.02275558386746391,7.64554166003763e-06,64,500.12675578334245,88790374826.54733,88790374792.50137,7.16671894203649,2.134767345133047,88790624919.27313,2.3424244144858035e+18,2.3424178157817467e+18,2.3424244144858035e+18,0.00028170403348022274,500.12675578334245,2.3424244139706967e+18,88790624899.74777,26381438.54281344,4.684848827941393e+18,177581250000.0,0.5,0.09793950717362658,True,False,True,True,-2.8168204321399043e-06,True,False,True,-13.256466474732292,-11.007561883113247,-10.534129113035116,-10.534129113035116,-2.7223373616971767,False,0.25,4,32,-1.3997395833333333e-06,1.0416666666666667e-06,7,64,15000.0,960000.0,1,1.0,15000.0,exponential_tdl,,known_amplitude_linear,88790624899.74777,,,,,,,,,,,,,,,,,,,,,,,,,
exact_efim,Exact EFIM,ok,optimal,0.009654069999669446,False,,exact_efim,477.7812264035673,7166718.39605351,0.999999999547645,3.357142855850414,2134767.1826250223,88790740428.9993,2.3424274617985454e+18,2.3424274617985454e+18,2.3424244141113257e+18,4.269075633326922e-19,0.09793944345706344,-10.541451333186831,-6.235955301315207,0.02273114891980461,7.645251465293393e-06,64,339.8881006547872,88790624945.24327,88790624905.07838,7.1667183960535095,2.1347671826250223,88790740428.9993,2.3424274617985454e+18,2.3424244141113257e+18,2.3424274617985454e+18,0.00013010807247674372,339.8881006547872,2.3424244139706967e+18,88790624899.74777,26381438.54281344,4.684848827941393e+18,177581250000.0,0.5,0.09793950717362658,True,True,True,True,6.003565842349491e-11,False,False,True,-13.256466474732292,-11.007539196566649,-10.534110810103085,-10.534110810103085,-2.722355664629207,False,0.25,4,32,-1.3997395833333333e-06,1.0416666666666667e-06,7,64,15000.0,960000.0,1,1.0,15000.0,exponential_tdl,,unknown_amplitude_exact,,2.3424244139706967e+18,88790624899.74777,quad_over_lin,1e-12,,,,,,,,,,,,,,,,,,,,,
conventional_s2_psl,Conventional $S_2$+PSL,ok,optimal,0.47469207500034827,False,,conventional_s2,476.488250829754,7147323.76244631,0.9999999997177516,3.3571428563364334,2128990.0574103086,88790624887.13747,2.3424244136380186e+18,2.3424244136380186e+18,2.3424176216596874e+18,4.269081188608773e-19,0.09793950718058142,-13.023376483103707,-5.413212893042944,0.03338561689933053,1.9188052553496263e-05,64,507.39818482674275,88790367459.28052,88790367434.21957,7.147323762446311,2.1289900574103084,88790624887.13747,2.3424244136380186e+18,2.3424176216596874e+18,2.3424244136380186e+18,0.000289955069268911,507.39818482674275,2.3424244139706967e+18,88790624899.74777,26381438.54281344,4.684848827941393e+18,177581250000.0,0.5,0.09793950717362658,True,False,True,True,-2.8996927152779283e-06,True,False,True,-13.256466474732292,-13.256466486501552,-13.023376483103707,-13.023376483103707,-0.23308999162858512,True,0.25,4,32,-1.3671875e-06,1.0416666666666667e-06,7,64,15000.0,960000.0,1,1.0,15000.0,exponential_tdl,,known_amplitude_linear,88790624899.74777,,,,,-13.256466474732292,0.2173585239870126,249.0,1.0416666666666667e-06,,,,,,,,,,,,,,,,,
exact_efim_sampled_psl,Exact EFIM+sampled PSL,ok,optimal,0.49886557100035134,False,,exact_efim,476.4881924978488,7147322.887467732,0.9999999996738324,3.3571428562109498,2128989.796857969,88790672215.30502,2.342425662223163e+18,2.342425662223163e+18,2.3424244128903685e+18,4.2690789130567934e-19,0.0979394810781885,-13.02338032349791,-5.413192445149494,0.033333315833891916,1.918778222906405e-05,64,217.61550399758414,88790624887.75809,88790624858.79745,7.147322887467732,2.1289897968579687,88790672215.30502,2.3424256622231624e+18,2.3424244128903685e+18,2.342425662223163e+18,5.333500287826748e-05,217.61550399758414,2.3424244139706967e+18,88790624899.74777,26381438.54281344,4.684848827941393e+18,177581250000.0,0.5,0.09793950717362658,True,True,True,True,-4.612008761335915e-10,False,False,True,-13.256466474732292,-13.25646648453968,-13.02338032349791,-13.02338032349791,-0.2330861512343816,True,0.25,4,32,-1.3671875e-06,1.0416666666666667e-06,7,64,15000.0,960000.0,1,1.0,15000.0,exponential_tdl,,unknown_amplitude_exact,,2.3424244139706967e+18,88790624899.74777,quad_over_lin,1e-12,-13.256466474732292,0.2173585239870126,249.0,1.0416666666666667e-06,,,,,,,,,,,,,,,,,
exact_efim_cutting_plane_psl,Exact EFIM+cutting-plane PSL,ok,optimal,0.5157521829969482,False,,exact_efim,476.4881924978488,7147322.887467732,0.9999999996738324,3.3571428562109498,2128989.796857969,88790672215.30502,2.342425662223163e+18,2.342425662223163e+18,2.3424244128903685e+18,4.2690789130567934e-19,0.0979394810781885,-13.02338032349791,-5.413192445149494,0.033333315833891916,1.918778222906405e-05,64,217.61550399758414,88790624887.75809,88790624858.79745,7.147322887467732,2.1289897968579687,88790672215.30502,2.3424256622231624e+18,2.3424244128903685e+18,2.342425662223163e+18,5.333500287826748e-05,217.61550399758414,2.3424244139706967e+18,88790624899.74777,26381438.54281344,4.684848827941393e+18,177581250000.0,0.5,0.09793950717362658,True,True,True,True,-4.612008761335915e-10,False,False,True,-13.256466474732292,-13.25646648453968,-13.02338032349791,-13.02338032349791,-0.2330861512343816,True,0.25,4,32,-1.3671875e-06,1.0416666666666667e-06,7,64,15000.0,960000.0,1,1.0,15000.0,exponential_tdl,,unknown_amplitude_exact,,2.3424244139706967e+18,88790624899.74777,quad_over_lin,1e-12,-13.256466474732292,0.2173585239870126,249.0,1.0416666666666667e-06,-5.416038202562453,-0.2330861512343816,249.0,1985.0,1.0,249.0,True,1.0,dense_psl_satisfied,False,0.5157521829969482,0.0,249.0,-13.02338032349791,-13.25646648453968,,0.0
uniform,Uniform,ok,ok,1.4269997336668894e-05,False,,none,331.02260491680784,4965339.073752117,1.0,3.357142857142857,1479037.170904886,76781250000.0,2.0255998281153943e+18,2.0255998281153943e+18,2.0255998281153943e+18,4.936809265680052e-19,0.10532073506634214,-13.256466474732292,-9.684463547443015,0.015625,0.0,64,0.0,76781250000.0,76781250000.0,4.9653390737521175,1.479037170904886,76781250000.0,2.0255998281153943e+18,2.0255998281153943e+18,2.0255998281153943e+18,0.0,0.0,2.3424244139706967e+18,88790624899.74777,26381438.54281344,4.684848827941393e+18,177581250000.0,0.5,0.09793950717362658,False,False,False,False,-0.13525498793715435,False,False,True,-13.256466474732292,-13.456972739469613,-13.256466474732292,-13.256466474732292,0.0,True,0.25,4,32,-1.4973958333333334e-06,1.0416666666666667e-06,8,64,15000.0,960000.0,1,1.0,15000.0,exponential_tdl,,,,,,,,,,,,,,,,,,,,,,,,,,,,
water_filling,Water-filling,ok,ok,0.00019601699750637636,False,,none,331.025184923968,4965377.77385952,0.999999999999314,3.3571428571408974,1479048.6985973162,76396948788.89304,2.0154614093326472e+18,2.0154614093326472e+18,2.0154556842449e+18,4.961643003281897e-19,0.10558530134733363,-13.31991566968471,-9.80449922403337,0.01574640164404428,1.4620688552250288e-08,64,-465.8454274956579,76396731776.98312,76396731776.93071,4.965377773859521,1.4790486985973161,76396948788.89304,2.0154614093326472e+18,2.0154556842449e+18,2.0154614093326472e+18,0.00028405841563434705,465.8454274956579,2.3424244139706967e+18,88790624899.74777,26381438.54281344,4.684848827941393e+18,177581250000.0,0.5,0.09793950717362658,False,False,False,False,-0.13958560531374606,False,False,True,-13.256466474732292,-13.503147376249448,-13.31991566968471,-13.31991566968471,0.06344919495241719,True,0.25,4,32,-1.4973958333333334e-06,1.0416666666666667e-06,8,64,15000.0,960000.0,1,1.0,15000.0,exponential_tdl,0.01608333394087665,,,,,,,,,,,,,,,,,,,,,,,,,,,
conventional_s2,Conventional $S_2$,ok,optimal,0.007799548999173567,False,,conventional_s2,329.69754445585556,4945463.166837834,0.9999999992771532,3.357142855077581,1473116.688900493,88790624867.66228,2.342424413124235e+18,2.342424413124235e+18,2.3424186752813276e+18,4.2690811895451467e-19,0.09793950719132237,-10.517325052584983,-6.236507504245946,0.022825168248985957,7.625521613271008e-06,64,-466.3640771222455,88790407436.39186,88790407372.21,4.9454631668378335,1.4731166889004932,88790624867.66228,2.342424413124235e+18,2.3424186752813276e+18,2.342424413124235e+18,0.0002449531722341934,466.3640771222455,2.3424244139706967e+18,88790624899.74777,26381438.54281344,4.684848827941393e+18,177581250000.0,0.5,0.09793950717362658,True,False,True,True,-2.4498930829363315e-06,True,False,True,-13.256466474732292,-10.986761094799748,-10.511068910131234,-10.511068910131234,-2.745397564601058,False,0.25,4,32,-1.3997395833333333e-06,1.0416666666666667e-06,8,64,15000.0,960000.0,1,1.0,15000.0,exponential_tdl,,known_amplitude_linear,88790624899.74777,,,,,,,,,,,,,,,,,,,,,,,,,
exact_efim,Exact EFIM,ok,optimal,0.008947602000262123,False,,exact_efim,329.6975142992892,4945462.714489338,0.9999999986729289,3.3571428533512258,1473116.5549159136,88790719921.27882,2.3424269207753784e+18,2.3424269207753784e+18,2.342424409951588e+18,4.2690766193422376e-19,0.09793945476744934,-10.517310170977197,-6.236542932304285,0.022802373833733184,7.6249036605844855e-06,64,-308.50263736822444,88790624865.23315,88790624747.40169,4.945462714489338,1.4731165549159135,88790719921.27882,2.3424269207753784e+18,2.342424409951588e+18,2.3424269207753784e+18,0.00010718899139704557,308.50263736822444,2.3424244139706967e+18,88790624899.74777,26381438.54281344,4.684848827941393e+18,177581250000.0,0.5,0.09793950717362658,True,True,True,True,-1.7157902043836358e-09,False,False,True,-13.256466474732292,-10.986721122000905,-10.51104816687416,-10.51104816687416,-2.7454183078581327,False,0.25,4,32,-1.3997395833333333e-06,1.0416666666666667e-06,8,64,15000.0,960000.0,1,1.0,15000.0,exponential_tdl,,unknown_amplitude_exact,,2.3424244139706967e+18,88790624899.74777,quad_over_lin,1e-12,,,,,,,,,,,,,,,,,,,,,
conventional_s2_psl,Conventional $S_2$+PSL,ok,optimal,0.4758623380002973,False,,conventional_s2,328.4356797042516,4926535.195563774,0.9999999995548445,3.3571428558709844,1467478.5694472995,88790624866.10211,2.3424244130830756e+18,2.3424244130830756e+18,2.3424200498207365e+18,4.269081189620159e-19,0.09793950719218282,-13.02335538800174,-5.4131408149227,0.033421915644277364,1.9188685174634125e-05,64,-406.68338169522997,88790459514.25479,88790459474.72923,4.9265351955637735,1.4674785694472994,88790624866.10211,2.3424244130830756e+18,2.3424200498207365e+18,2.3424244130830756e+18,0.00018627121177110332,406.68338169522997,2.3424244139706967e+18,88790624899.74777,26381438.54281344,4.684848827941393e+18,177581250000.0,0.5,0.09793950717362658,True,False,True,True,-1.8630910496677375e-06,True,False,True,-13.256466474732292,-13.256466470210288,-13.02335538800174,-13.02335538800174,-0.23311108673055259,True,0.25,4,32,-1.3671875e-06,1.0416666666666667e-06,8,64,15000.0,960000.0,1,1.0,15000.0,exponential_tdl,,known_amplitude_linear,88790624899.74777,,,,,-13.256466474732292,0.2173585239870126,249.0,1.0416666666666667e-06,,,,,,,,,,,,,,,,,
exact_efim_sampled_psl,Exact EFIM+sampled PSL,ok,optimal,0.48608424100166303,False,,exact_efim,328.4356434678773,4926534.65201816,0.9999999995331819,3.357142855809091,1467478.40756715,88790654532.47365,2.342425195724633e+18,2.342425195724633e+18,2.3424244106186184e+18,4.2690797632521555e-19,0.097939490830607,-13.023373655068532,-5.413171969967526,0.03335747389669238,1.9188058070577227e-05,64,-172.51025442924464,88790624814.13486,88790624772.68578,4.92653465201816,1.4674784075671499,88790654532.47365,2.342425195724633e+18,2.3424244106186184e+18,2.342425195724633e+18,3.3516801994487004e-05,172.51025442924464,2.3424244139706967e+18,88790624899.74777,26381438.54281344,4.684848827941393e+18,177581250000.0,0.5,0.09793950717362658,True,True,True,True,-1.4310294564928206e-09,False,False,True,-13.256466474732292,-13.256466465336782,-13.023373655068532,-13.023373655068532,-0.23309281966376005,True,0.25,4,32,-1.3671875e-06,1.0416666666666667e-06,8,64,15000.0,960000.0,1,1.0,15000.0,exponential_tdl,,unknown_amplitude_exact,,2.3424244139706967e+18,88790624899.74777,quad_over_lin,1e-12,-13.256466474732292,0.2173585239870126,249.0,1.0416666666666667e-06,,,,,,,,,,,,,,,,,
exact_efim_cutting_plane_psl,Exact EFIM+cutting-plane PSL,ok,optimal,0.5110912490017654,False,,exact_efim,328.4356434678773,4926534.65201816,0.9999999995331819,3.357142855809091,1467478.40756715,88790654532.47365,2.342425195724633e+18,2.342425195724633e+18,2.3424244106186184e+18,4.2690797632521555e-19,0.097939490830607,-13.023373655068532,-5.413171969967526,0.03335747389669238,1.9188058070577227e-05,64,-172.51025442924464,88790624814.13486,88790624772.68578,4.92653465201816,1.4674784075671499,88790654532.47365,2.342425195724633e+18,2.3424244106186184e+18,2.342425195724633e+18,3.3516801994487004e-05,172.51025442924464,2.3424244139706967e+18,88790624899.74777,26381438.54281344,4.684848827941393e+18,177581250000.0,0.5,0.09793950717362658,True,True,True,True,-1.4310294564928206e-09,False,False,True,-13.256466474732292,-13.256466465336782,-13.023373655068532,-13.023373655068532,-0.23309281966376005,True,0.25,4,32,-1.3671875e-06,1.0416666666666667e-06,8,64,15000.0,960000.0,1,1.0,15000.0,exponential_tdl,,unknown_amplitude_exact,,2.3424244139706967e+18,88790624899.74777,quad_over_lin,1e-12,-13.256466474732292,0.2173585239870126,249.0,1.0416666666666667e-06,-5.4160176843015275,-0.23309281966376005,249.0,1985.0,1.0,249.0,True,1.0,dense_psl_satisfied,False,0.5110912490017654,0.0,249.0,-13.023373655068532,-13.256466465336782,,0.0
uniform,Uniform,ok,ok,1.5238998457789421e-05,False,,none,299.82368651575473,4497355.297736321,1.0,3.357142857142857,1339637.7482618827,76781250000.0,2.0255998281153943e+18,2.0255998281153943e+18,2.0255998281153943e+18,4.936809265680052e-19,0.10532073506634214,-13.256466474732292,-9.684463547443015,0.015625,0.0,64,0.0,76781250000.0,76781250000.0,4.497355297736321,1.3396377482618826,76781250000.0,2.0255998281153943e+18,2.0255998281153943e+18,2.0255998281153943e+18,0.0,0.0,2.3424244139706967e+18,88790624899.74777,26381438.54281344,4.684848827941393e+18,177581250000.0,0.5,0.09793950717362658,False,False,False,False,-0.13525498793715435,False,False,True,-13.256466474732292,-13.456972739469613,-13.256466474732292,-13.256466474732292,0.0,True,0.25,4,32,-1.4973958333333334e-06,1.0416666666666667e-06,9,64,15000.0,960000.0,1,1.0,15000.0,exponential_tdl,,,,,,,,,,,,,,,,,,,,,,,,,,,,
water_filling,Water-filling,ok,ok,0.00017295299767283723,False,,none,299.8854499127742,4498281.748691613,1.0000000000007838,3.3571428571450967,1339913.7123753312,77803476486.96869,2.052567633358195e+18,2.052567633358195e+18,2.0510198062761016e+18,4.87194664744813e-19,0.10462656545929772,-13.027633487602547,-9.340568287610356,0.01632986064676878,3.676008771640064e-07,64,7659.70394273122,77744805422.4174,77744805422.47835,4.498281748691613,1.3399137123753313,77803476486.96869,2.052567633358195e+18,2.0510198062761016e+18,2.052567633358195e+18,0.07540930963433932,7659.70394273122,2.3424244139706967e+18,88790624899.74777,26381438.54281344,4.684848827941393e+18,177581250000.0,0.5,0.09793950717362658,False,False,False,False,-0.12440299288062343,False,False,True,-13.256466474732292,-13.275646937249416,-13.025663080089053,-13.025663080089053,-0.23080339464323885,True,0.25,4,32,-1.46484375e-06,1.0416666666666667e-06,9,64,15000.0,960000.0,1,1.0,15000.0,exponential_tdl,0.016496018066175525,,,,,,,,,,,,,,,,,,,,,,,,,,,
conventional_s2,Conventional $S_2$,ok,optimal,0.0072996330018213484,False,,conventional_s2,298.88528830053826,4483279.324508074,0.9999999991760222,3.357142854788635,1335444.9061091086,88790624882.40073,2.342424413513056e+18,2.342424413513056e+18,2.3408782029671967e+18,4.269081188836517e-19,0.09793950718319383,-10.503745979890704,-6.2304167665222145,0.022606217345569193,7.91079417071564e-06,64,7655.703039147814,88732015166.5386,88732015093.4254,4.483279324508073,1.3354449061091085,88790624882.40073,2.342424413513056e+18,2.3408782029671967e+18,2.342424413513056e+18,0.06600898355309794,7655.703039147814,2.3424244139706967e+18,88790624899.74777,26381438.54281344,4.684848827941393e+18,177581250000.0,0.5,0.09793950717362658,True,False,True,True,-0.00066009003077244,True,False,True,-13.256466474732292,-10.962250702845607,-10.49522758025512,-10.49522758025512,-2.761238894477172,False,0.25,4,32,-1.3997395833333333e-06,1.0416666666666667e-06,9,64,15000.0,960000.0,1,1.0,15000.0,exponential_tdl,,known_amplitude_linear,88790624899.74777,,,,,,,,,,,,,,,,,,,,,,,,,
exact_efim,Exact EFIM,ok,optimal,0.009447077998629538,False,,exact_efim,298.878020179331,4483170.302689965,0.9999999987495007,3.3571428535700023,1335412.432009719,88819251864.50919,2.3431796344822164e+18,2.3431796344822164e+18,2.34242440754634e+18,4.2677052381473724e-19,0.09792372266344855,-10.497284308939284,-6.2215453622698655,0.022509672581213752,7.873623902602718e-06,64,5350.4400113672,88790624767.26236,88790624656.22975,4.483170302689965,1.3354124320097192,88819251864.50919,2.343179634482217e+18,2.34242440754634e+18,2.3431796344822164e+18,0.03223085950230589,5350.4400113672,2.3424244139706967e+18,88790624899.74777,26381438.54281344,4.684848827941393e+18,177581250000.0,0.5,0.09793950717362658,True,True,True,True,-2.742610103311691e-09,False,False,True,-13.256466474732292,-10.956784666679182,-10.488931366984618,-10.488931366984618,-2.7675351077476744,False,0.25,4,32,-1.3997395833333333e-06,1.0416666666666667e-06,9,64,15000.0,960000.0,1,1.0,15000.0,exponential_tdl,,unknown_amplitude_exact,,2.3424244139706967e+18,88790624899.74777,quad_over_lin,1e-12,,,,,,,,,,,,,,,,,,,,,
conventional_s2_psl,Conventional $S_2$+PSL,ok,optimal,0.47468246599964914,False,,conventional_s2,297.64240886244886,4464636.132936733,0.9999999995770974,3.357142855934564,1329891.6145449115,88790624867.08311,2.3424244131089556e+18,2.3424244131089556e+18,2.3407406645746243e+18,4.2690811895729927e-19,0.09793950719164178,-13.028012241448724,-5.405366215770767,0.034563188451153644,1.9491590881508565e-05,64,7988.9440344407285,88726801677.84747,88726801640.32468,4.464636132936733,1.3298916145449116,88790624867.08311,2.3424244131089556e+18,2.3407406645746243e+18,2.3424244131089556e+18,0.07188059195885242,7988.9440344407285,2.3424244139706967e+18,88790624899.74777,26381438.54281344,4.684848827941393e+18,177581250000.0,0.5,0.09793950717362658,True,False,True,True,-0.0007188062872083399,True,False,True,-13.256466474732292,-13.256466464238702,-13.028012241448724,-13.028012241448724,-0.22845423328356773,True,0.25,4,32,-1.3671875e-06,1.0416666666666667e-06,9,64,15000.0,960000.0,1,1.0,15000.0,exponential_tdl,,known_amplitude_linear,88790624899.74777,,,,,-13.256466474732292,0.2173585239870126,249.0,1.0416666666666667e-06,,,,,,,,,,,,,,,,,
exact_efim_sampled_psl,Exact EFIM+sampled PSL,ok,optimal,0.5003766080008063,False,,exact_efim,297.62866034839215,4464429.905225882,0.9999999994041653,3.3571428554404723,1329830.1852097171,88802378131.2946,2.3427344811264287e+18,2.3427344811264287e+18,2.342424409468923e+18,4.2685161637232664e-19,0.09793302568168843,-13.026592407282529,-5.4002362170835685,0.033422099348311904,1.940488724212045e-05,64,3428.323525505846,88790624782.0106,88790624729.10606,4.464429905225883,1.3298301852097172,88802378131.2946,2.3427344811264287e+18,2.342424409468923e+18,2.3427344811264287e+18,0.013235458819759377,3428.323525505846,2.3424244139706967e+18,88790624899.74777,26381438.54281344,4.684848827941393e+18,177581250000.0,0.5,0.09793950717362658,True,True,True,True,-1.921843794468032e-09,False,False,True,-13.256466474732292,-13.256466463523402,-13.026592407282529,-13.026592407282529,-0.22987406744976369,True,0.25,4,32,-1.3671875e-06,1.0416666666666667e-06,9,64,15000.0,960000.0,1,1.0,15000.0,exponential_tdl,,unknown_amplitude_exact,,2.3424244139706967e+18,88790624899.74777,quad_over_lin,1e-12,-13.256466474732292,0.2173585239870126,249.0,1.0416666666666667e-06,,,,,,,,,,,,,,,,,
exact_efim_cutting_plane_psl,Exact EFIM+cutting-plane PSL,ok,optimal,0.5018870380008593,False,,exact_efim,297.62866034839215,4464429.905225882,0.9999999994041653,3.3571428554404723,1329830.1852097171,88802378131.2946,2.3427344811264287e+18,2.3427344811264287e+18,2.342424409468923e+18,4.2685161637232664e-19,0.09793302568168843,-13.026592407282529,-5.4002362170835685,0.033422099348311904,1.940488724212045e-05,64,3428.323525505846,88790624782.0106,88790624729.10606,4.464429905225883,1.3298301852097172,88802378131.2946,2.3427344811264287e+18,2.342424409468923e+18,2.3427344811264287e+18,0.013235458819759377,3428.323525505846,2.3424244139706967e+18,88790624899.74777,26381438.54281344,4.684848827941393e+18,177581250000.0,0.5,0.09793950717362658,True,True,True,True,-1.921843794468032e-09,False,False,True,-13.256466474732292,-13.256466463523402,-13.026592407282529,-13.026592407282529,-0.22987406744976369,True,0.25,4,32,-1.3671875e-06,1.0416666666666667e-06,9,64,15000.0,960000.0,1,1.0,15000.0,exponential_tdl,,unknown_amplitude_exact,,2.3424244139706967e+18,88790624899.74777,quad_over_lin,1e-12,-13.256466474732292,0.2173585239870126,249.0,1.0416666666666667e-06,-5.403179198112731,-0.22987406744976369,249.0,1985.0,1.0,249.0,True,1.0,dense_psl_satisfied,False,0.5018870380008593,0.0,249.0,-13.026592407282529,-13.256466463523402,,0.0
uniform,Uniform,ok,ok,1.4254001143854111e-05,False,,none,481.4860735075268,7222291.1026129015,1.0,3.357142857142857,2151320.7539698,76781250000.0,2.0255998281153943e+18,2.0255998281153943e+18,2.0255998281153943e+18,4.936809265680052e-19,0.10532073506634214,-13.256466474732292,-9.684463547443015,0.015625,0.0,64,0.0,76781250000.0,76781250000.0,7.2222911026129015,2.1513207539698,76781250000.0,2.0255998281153943e+18,2.0255998281153943e+18,2.0255998281153943e+18,0.0,0.0,2.3424244139706967e+18,88790624899.74777,26381438.54281344,4.684848827941393e+18,177581250000.0,0.5,0.09793950717362658,False,False,False,False,-0.13525498793715435,False,False,True,-13.256466474732292,-13.456972739469613,-13.256466474732292,-13.256466474732292,0.0,True,0.25,4,32,-1.4973958333333334e-06,1.0416666666666667e-06,10,64,15000.0,960000.0,1,1.0,15000.0,exponential_tdl,,,,,,,,,,,,,,,,,,,,,,,,,,,,
water_filling,Water-filling,ok,ok,0.00020164300076430663,False,,none,481.4860969944906,7222291.454917359,1.0000000000007645,3.3571428571450417,2151320.858910154,76743804681.45538,2.024611966745493e+18,2.024611966745493e+18,2.0246117007180667e+18,4.939218064622388e-19,0.10534642630969752,-13.26502008674014,-9.696486448923794,0.01563322373672982,1.2571357167005512e-10,64,100.4185555038035,76743794597.51042,76743794597.56909,7.222291454917359,2.1513208589101542,76743804681.45538,2.0246119667454935e+18,2.0246117007180667e+18,2.024611966745493e+18,1.3139674696857178e-05,100.4185555038035,2.3424244139706967e+18,88790624899.74777,26381438.54281344,4.684848827941393e+18,177581250000.0,0.5,0.09793950717362658,False,False,False,False,-0.13567682754548246,False,False,True,-13.256466474732292,-13.464074264786456,-13.26502008674014,-13.26502008674014,0.008553612007847988,True,0.25,4,32,-1.4973958333333334e-06,1.0416666666666667e-06,10,64,15000.0,960000.0,1,1.0,15000.0,exponential_tdl,0.015711025765511057,,,,,,,,,,,,,,,,,,,,,,,,,,,
conventional_s2,Conventional $S_2$,ok,optimal,0.008705053998710355,False,,conventional_s2,480.1711788699622,7202567.683049433,0.9999999997265376,3.3571428563615364,2145445.6933225533,88790624917.01965,2.3424244144263537e+18,2.3424244144263537e+18,2.342424144073605e+18,4.269081187172028e-19,0.09793950716410081,-10.53461098349814,-6.236321459404008,0.022684443911770758,7.637061904223385e-06,64,101.23161329081069,88790614693.46101,88790614669.18013,7.202567683049433,2.145445693322553,88790624917.01965,2.3424244144263537e+18,2.342424144073605e+18,2.3424244144263537e+18,1.1541578327094403e-05,101.23161329081069,2.3424244139706967e+18,88790624899.74777,26381438.54281344,4.684848827941393e+18,177581250000.0,0.5,0.09793950717362658,True,True,True,True,-1.1522125963778329e-07,False,False,True,-13.256466474732292,-11.001610891819114,-10.527566177203811,-10.527566177203811,-2.7289002975284813,False,0.25,4,32,-1.3997395833333333e-06,1.0416666666666667e-06,10,64,15000.0,960000.0,1,1.0,15000.0,exponential_tdl,,known_amplitude_linear,88790624899.74777,,,,,,,,,,,,,,,,,,,,,,,,,
exact_efim,Exact EFIM,ok,optimal,0.0095516610017512,False,,exact_efim,480.1711773210935,7202567.659816403,0.9999999995419059,3.357142855834017,2145445.6867391975,88790629506.60406,2.342424535506193e+18,2.342424535506193e+18,2.342424413638167e+18,4.269080966503376e-19,0.09793950463285599,-10.534588152675965,-6.236321982423063,0.022680803586038717,7.637023680403909e-06,64,67.96661655842345,88790624927.81757,88790624887.1431,7.202567659816403,2.1454456867391976,88790629506.60406,2.342424535506193e+18,2.342424413638167e+18,2.342424535506193e+18,5.202644696071909e-06,67.96661655842345,2.3424244139706967e+18,88790624899.74777,26381438.54281344,4.684848827941393e+18,177581250000.0,0.5,0.09793950717362658,True,True,True,True,-1.4195961330351805e-10,False,False,True,-13.256466474732292,-11.001589920419065,-10.527543983168496,-10.527543983168496,-2.7289224915637966,False,0.25,4,32,-1.3997395833333333e-06,1.0416666666666667e-06,10,64,15000.0,960000.0,1,1.0,15000.0,exponential_tdl,,unknown_amplitude_exact,,2.3424244139706967e+18,88790624899.74777,quad_over_lin,1e-12,,,,,,,,,,,,,,,,,,,,,
conventional_s2_psl,Conventional $S_2$+PSL,ok,optimal,0.4996451879997039,False,,conventional_s2,478.8681627758641,7183022.441637961,0.999999999863042,3.357142856751549,2139623.7062692125,88790624894.78018,2.342424413839644e+18,2.342424413839644e+18,2.342424159394378e+18,4.269081188241309e-19,0.09793950717636632,-13.023376977961174,-5.413171130588239,0.03334022468486464,1.918803279271535e-05,64,98.20824515246647,88790615262.08134,88790615249.92076,7.183022441637961,2.1396237062692127,88790624894.78018,2.342424413839644e+18,2.342424159394378e+18,2.342424413839644e+18,1.0862474981761295e-05,98.20824515246647,2.3424244139706967e+18,88790624899.74777,26381438.54281344,4.684848827941393e+18,177581250000.0,0.5,0.09793950717362658,True,True,True,True,-1.086806972065587e-07,False,False,True,-13.256466474732292,-13.256466478539066,-13.023376977961174,-13.023376977961174,-0.23308949677111812,True,0.25,4,32,-1.3671875e-06,1.0416666666666667e-06,10,64,15000.0,960000.0,1,1.0,15000.0,exponential_tdl,,known_amplitude_linear,88790624899.74777,,,,,-13.256466474732292,0.2173585239870126,249.0,1.0416666666666667e-06,,,,,,,,,,,,,,,,,
exact_efim_sampled_psl,Exact EFIM+sampled PSL,ok,optimal,0.45649458399930154,False,,exact_efim,478.8681604300969,7183022.406451453,0.999999999477599,3.357142855650283,2139623.69649,88790626701.39444,2.3424244615007273e+18,2.3424244615007273e+18,2.342424413057171e+18,4.2690811013787287e-19,0.09793950617998348,-13.023377474537535,-5.413170361288117,0.033324356485191844,1.9188023538368842e-05,64,42.85177073173095,88790624911.50449,88790624865.12018,7.183022406451453,2.13962369649,88790626701.39444,2.3424244615007273e+18,2.342424413057171e+18,2.3424244615007273e+18,2.0680947090589864e-06,42.85177073173095,2.3424244139706967e+18,88790624899.74777,26381438.54281344,4.684848827941393e+18,177581250000.0,0.5,0.09793950717362658,True,True,True,True,-3.899915636771655e-10,False,False,True,-13.256466474732292,-13.25646648618088,-13.023377474537535,-13.023377474537535,-0.23308900019475765,True,0.25,4,32,-1.3671875e-06,1.0416666666666667e-06,10,64,15000.0,960000.0,1,1.0,15000.0,exponential_tdl,,unknown_amplitude_exact,,2.3424244139706967e+18,88790624899.74777,quad_over_lin,1e-12,-13.256466474732292,0.2173585239870126,249.0,1.0416666666666667e-06,,,,,,,,,,,,,,,,,
exact_efim_cutting_plane_psl,Exact EFIM+cutting-plane PSL,ok,optimal,0.5005315489979694,False,,exact_efim,478.8681604300969,7183022.406451453,0.999999999477599,3.357142855650283,2139623.69649,88790626701.39444,2.3424244615007273e+18,2.3424244615007273e+18,2.342424413057171e+18,4.2690811013787287e-19,0.09793950617998348,-13.023377474537535,-5.413170361288117,0.033324356485191844,1.9188023538368842e-05,64,42.85177073173095,88790624911.50449,88790624865.12018,7.183022406451453,2.13962369649,88790626701.39444,2.3424244615007273e+18,2.342424413057171e+18,2.3424244615007273e+18,2.0680947090589864e-06,42.85177073173095,2.3424244139706967e+18,88790624899.74777,26381438.54281344,4.684848827941393e+18,177581250000.0,0.5,0.09793950717362658,True,True,True,True,-3.899915636771655e-10,False,False,True,-13.256466474732292,-13.25646648618088,-13.023377474537535,-13.023377474537535,-0.23308900019475765,True,0.25,4,32,-1.3671875e-06,1.0416666666666667e-06,10,64,15000.0,960000.0,1,1.0,15000.0,exponential_tdl,,unknown_amplitude_exact,,2.3424244139706967e+18,88790624899.74777,quad_over_lin,1e-12,-13.256466474732292,0.2173585239870126,249.0,1.0416666666666667e-06,-5.416015973897309,-0.23308900019475765,249.0,1985.0,1.0,249.0,True,1.0,dense_psl_satisfied,False,0.5005315489979694,0.0,249.0,-13.023377474537535,-13.25646648618088,,0.0
uniform,Uniform,ok,ok,1.456199970562011e-05,False,,none,330.1204954796785,4951807.432195177,1.0,3.357142857142857,1475006.469164521,76781250000.0,2.0255998281153943e+18,2.0255998281153943e+18,2.0255998281153943e+18,4.936809265680052e-19,0.10532073506634214,-13.256466474732292,-9.684463547443015,0.015625,0.0,64,0.0,76781250000.0,76781250000.0,4.951807432195177,1.475006469164521,76781250000.0,2.0255998281153943e+18,2.0255998281153943e+18,2.0255998281153943e+18,0.0,0.0,2.3424244139706967e+18,88790624899.74777,26381438.54281344,4.684848827941393e+18,177581250000.0,0.5,0.09793950717362658,False,False,False,False,-0.13525498793715435,False,False,True,-13.256466474732292,-13.456972739469613,-13.256466474732292,-13.256466474732292,0.0,True,0.25,4,32,-1.4973958333333334e-06,1.0416666666666667e-06,11,64,15000.0,960000.0,1,1.0,15000.0,exponential_tdl,,,,,,,,,,,,,,,,,,,,,,,,,,,,
water_filling,Water-filling,ok,ok,0.0002064299987978302,False,,none,330.15676931811277,4952351.539771692,1.0000000000001004,3.357142857143144,1475168.5437616545,76924807731.0552,2.029387087574573e+18,2.029387087574573e+18,2.0279393826862513e+18,4.927596150200958e-19,0.10522241394680028,-13.266538170025914,-9.633507429761334,0.01616589430104476,2.0849361048312864e-07,64,-7407.826187048385,76869931842.22997,76869931842.23769,4.9523515397716915,1.4751685437616546,76924807731.0552,2.029387087574573e+18,2.0279393826862513e+18,2.029387087574573e+18,0.07133705034321569,7407.826187048385,2.3424244139706967e+18,88790624899.74777,26381438.54281344,4.684848827941393e+18,177581250000.0,0.5,0.09793950717362658,False,False,False,False,-0.13425621309647928,False,False,True,-13.256466474732292,-13.481000972337378,-13.266538170025914,-13.266538170025914,0.01007169529362173,True,0.25,4,32,-1.4973958333333334e-06,1.0416666666666667e-06,11,64,15000.0,960000.0,1,1.0,15000.0,exponential_tdl,0.016276445262297035,,,,,,,,,,,,,,,,,,,,,,,,,,,
conventional_s2,Conventional $S_2$,ok,optimal,0.007975489999807905,False,,conventional_s2,328.9645988314598,4934468.982471897,0.9999999993762104,3.3571428553606015,1469841.8253464135,88790624885.52551,2.342424413595493e+18,2.342424413595493e+18,2.34097660068437e+18,4.2690811886862763e-19,0.09793950718147044,-10.547835166646832,-6.233868958247122,0.023054457829431232,7.848577883162167e-06,64,-7408.102557565537,88735744957.40877,88735744902.05634,4.9344689824718975,1.4698418253464136,88790624885.52551,2.342424413595493e+18,2.34097660068437e+18,2.342424413595493e+18,0.06180830863612076,7408.102557565537,2.3424244139706967e+18,88790624899.74777,26381438.54281344,4.684848827941393e+18,177581250000.0,0.5,0.09793950717362658,True,False,True,True,-0.00061808324643977,True,False,True,-13.256466474732292,-11.00575071862701,-10.5386324635114,-10.5386324635114,-2.7178340112208925,False,0.25,4,32,-1.3997395833333333e-06,1.0416666666666667e-06,11,64,15000.0,960000.0,1,1.0,15000.0,exponential_tdl,,known_amplitude_linear,88790624899.74777,,,,,,,,,,,,,,,,,,,,,,,,,
exact_efim,Exact EFIM,ok,optimal,0.010140405000129249,False,,exact_efim,328.95733266999736,4934359.99004996,0.9999999991561612,3.3571428547318893,1469809.359793845,88815839212.0246,2.3430896038004265e+18,2.3430896038004265e+18,2.3424244096475336e+18,4.2678692201016457e-19,0.09792560395190086,-10.542602298450943,-6.227280038192954,0.022726605704141926,7.800092215851932e-06,64,-5021.401813186671,88790624810.80138,88790624735.8764,4.93435999004996,1.469809359793845,88815839212.0246,2.343089603800427e+18,2.3424244096475336e+18,2.3430896038004265e+18,0.028389616505233153,5021.401813186671,2.3424244139706967e+18,88790624899.74777,26381438.54281344,4.684848827941393e+18,177581250000.0,0.5,0.09793950717362658,True,True,True,True,-1.8455934416563343e-09,False,False,True,-13.256466474732292,-11.000657338875126,-10.533354294273815,-10.533354294273815,-2.723112180458477,False,0.25,4,32,-1.3997395833333333e-06,1.0416666666666667e-06,11,64,15000.0,960000.0,1,1.0,15000.0,exponential_tdl,,unknown_amplitude_exact,,2.3424244139706967e+18,88790624899.74777,quad_over_lin,1e-12,,,,,,,,,,,,,,,,,,,,,
conventional_s2_psl,Conventional $S_2$+PSL,ok,optimal,0.4855087689975335,False,,conventional_s2,327.75089979539905,4916263.496930986,0.9999999994677967,3.3571428556222767,1464418.9146427347,88790624860.72151,2.3424244129411277e+18,2.3424244129411277e+18,2.340866256759858e+18,4.2690811898788602e-19,0.09793950719515032,-13.02622039560347,-5.409894995581748,0.03440073616650402,1.9399287163453784e-05,64,-7685.219161275044,88731562314.41936,88731562267.19612,4.916263496930986,1.4644189146427347,88790624860.72151,2.3424244129411277e+18,2.340866256759858e+18,2.3424244129411277e+18,0.06651895244351115,7685.219161275044,2.3424244139706967e+18,88790624899.74777,26381438.54281344,4.684848827941393e+18,177581250000.0,0.5,0.09793950717362658,True,False,True,True,-0.0006651899636741151,True,False,True,-13.256466474732292,-13.256466465417684,-13.02622039560347,-13.02622039560347,-0.2302460791288219,True,0.25,4,32,-1.3671875e-06,1.0416666666666667e-06,11,64,15000.0,960000.0,1,1.0,15000.0,exponential_tdl,,known_amplitude_linear,88790624899.74777,,,,,-13.256466474732292,0.2173585239870126,249.0,1.0416666666666667e-06,,,,,,,,,,,,,,,,,
exact_efim_sampled_psl,Exact EFIM+sampled PSL,ok,optimal,0.5174206240008061,False,,exact_efim,327.7381361915593,4916072.04287339,0.9999999995236191,3.357142855781769,1464361.8857049195,88801438193.09552,2.3427096842045957e+18,2.3427096842045957e+18,2.3424244103452826e+18,4.2685613447639935e-19,0.09793354397705661,-13.025664087059823,-5.405687871565444,0.03343356978052934,1.9317797707204608e-05,64,-3288.3781375942503,88790624804.62302,88790624762.32486,4.91607204287339,1.4643618857049194,88801438193.09552,2.3427096842045957e+18,2.3424244103452826e+18,2.3427096842045957e+18,0.012177089685357625,3288.3781375942503,2.3424244139706967e+18,88790624899.74777,26381438.54281344,4.684848827941393e+18,177581250000.0,0.5,0.09793950717362658,True,True,True,True,-1.547718732086846e-09,False,False,True,-13.256466474732292,-13.256466469595797,-13.025664087059823,-13.025664087059823,-0.23080238767246897,True,0.25,4,32,-1.3671875e-06,1.0416666666666667e-06,11,64,15000.0,960000.0,1,1.0,15000.0,exponential_tdl,,unknown_amplitude_exact,,2.3424244139706967e+18,88790624899.74777,quad_over_lin,1e-12,-13.256466474732292,0.2173585239870126,249.0,1.0416666666666667e-06,,,,,,,,,,,,,,,,,
exact_efim_cutting_plane_psl,Exact EFIM+cutting-plane PSL,ok,optimal,0.5149858789991413,False,,exact_efim,327.7381361915593,4916072.04287339,0.9999999995236191,3.357142855781769,1464361.8857049195,88801438193.09552,2.3427096842045957e+18,2.3427096842045957e+18,2.3424244103452826e+18,4.2685613447639935e-19,0.09793354397705661,-13.025664087059823,-5.405687871565444,0.03343356978052934,1.9317797707204608e-05,64,-3288.3781375942503,88790624804.62302,88790624762.32486,4.91607204287339,1.4643618857049194,88801438193.09552,2.3427096842045957e+18,2.3424244103452826e+18,2.3427096842045957e+18,0.012177089685357625,3288.3781375942503,2.3424244139706967e+18,88790624899.74777,26381438.54281344,4.684848827941393e+18,177581250000.0,0.5,0.09793950717362658,True,True,True,True,-1.547718732086846e-09,False,False,True,-13.256466474732292,-13.256466469595797,-13.025664087059823,-13.025664087059823,-0.23080238767246897,True,0.25,4,32,-1.3671875e-06,1.0416666666666667e-06,11,64,15000.0,960000.0,1,1.0,15000.0,exponential_tdl,,unknown_amplitude_exact,,2.3424244139706967e+18,88790624899.74777,quad_over_lin,1e-12,-13.256466474732292,0.2173585239870126,249.0,1.0416666666666667e-06,-5.408601624293222,-0.23080238767246897,249.0,1985.0,1.0,249.0,True,1.0,dense_psl_satisfied,False,0.5149858789991413,0.0,249.0,-13.025664087059823,-13.256466469595797,,0.0
uniform,Uniform,ok,ok,1.3575998309534043e-05,False,,none,271.9149191367527,4078723.7870512907,1.0,3.357142857142857,1214939.0003982568,76781250000.0,2.0255998281153943e+18,2.0255998281153943e+18,2.0255998281153943e+18,4.936809265680052e-19,0.10532073506634214,-13.256466474732292,-9.684463547443015,0.015625,0.0,64,0.0,76781250000.0,76781250000.0,4.078723787051291,1.2149390003982568,76781250000.0,2.0255998281153943e+18,2.0255998281153943e+18,2.0255998281153943e+18,0.0,0.0,2.3424244139706967e+18,88790624899.74777,26381438.54281344,4.684848827941393e+18,177581250000.0,0.5,0.09793950717362658,False,False,False,False,-0.13525498793715435,False,False,True,-13.256466474732292,-13.456972739469613,-13.256466474732292,-13.256466474732292,0.0,True,0.25,4,32,-1.4973958333333334e-06,1.0416666666666667e-06,12,64,15000.0,960000.0,1,1.0,15000.0,exponential_tdl,,,,,,,,,,,,,,,,,,,,,,,,,,,,
water_filling,Water-filling,ok,ok,0.0001972919999388978,False,,none,275.8082142355331,4137123.213532997,1.0000000000005826,3.357142857144522,1232334.5742432603,63934560311.64607,1.68668567362349e+18,1.68668567362349e+18,1.6011428829280366e+18,5.92878694375645e-19,0.11541802252387123,-13.858709088564098,-10.673766832965354,0.017851681817178996,2.4905812318177316e-05,60,-56943.278831306,60692023307.54896,60692023307.58432,4.1371232135329965,1.2323345742432603,63934560311.64607,1.68668567362349e+18,1.6011428829280366e+18,1.68668567362349e+18,5.071649806076951,56943.278831306,2.3424244139706967e+18,88790624899.74777,26381438.54281344,4.684848827941393e+18,177581250000.0,0.5,0.09793950717362658,False,False,False,False,-0.31645910391878856,False,False,True,-13.256466474732292,-14.27192944499745,-13.85326176684501,-13.85326176684501,0.5967952921127182,True,0.25,4,32,-1.6601562500000001e-06,1.0416666666666667e-06,12,64,15000.0,960000.0,1,1.0,15000.0,exponential_tdl,0.01823932066623664,,,,,,,,,,,,,,,,,,,,,,,,,,,
conventional_s2,Conventional $S_2$,ok,optimal,0.007700485999521334,False,,conventional_s2,270.9425272431423,4064137.9086471344,0.9999999981706523,3.3571428519161497,1210594.2725456126,88790624758.93353,2.3424244102558147e+18,2.3424244102558147e+18,2.1463235570040266e+18,4.2690811947728577e-19,0.09793950725128837,-9.43516513216706,-4.244341088008893,0.04414283977651968,5.039111460416475e-05,64,-86216.52320978508,81357336046.97905,81357335898.1482,4.064137908647134,1.2105942725456127,88790624758.93353,2.342424410255814e+18,2.1463235570040266e+18,2.3424244102558147e+18,8.3717046489612,86216.52320978508,2.3424244139706967e+18,88790624899.74777,26381438.54281344,4.684848827941393e+18,177581250000.0,0.5,0.09793950717362658,True,False,False,False,-0.08371704794275733,True,True,True,-13.256466474732292,-9.624670703025004,-9.42962225093561,-9.42962225093561,-3.826844223796682,False,0.25,4,32,-1.46484375e-06,1.0416666666666667e-06,12,64,15000.0,960000.0,1,1.0,15000.0,exponential_tdl,,known_amplitude_linear,88790624899.74777,,,,,,,,,,,,,,,,,,,,,,,,,
exact_efim,Exact EFIM,ok,optimal,0.008407807999901706,False,,exact_efim,269.98505335562925,4049775.8003344387,0.9999999979184641,3.357142851195612,1206316.197981314,89761847309.64078,2.368046658288692e+18,2.368046658288692e+18,2.342424397474421e+18,4.222889766549897e-19,0.0974082138081978,-9.810123781438012,-5.2984881993598005,0.03214968281723902,1.911274841346542e-05,64,-31164.45149867373,88790624459.2701,88790624274.44922,4.049775800334439,1.206316197981314,89761847309.64078,2.368046658288692e+18,2.342424397474421e+18,2.368046658288692e+18,1.0819998298845734,31164.45149867373,2.3424244139706967e+18,88790624899.74777,26381438.54281344,4.684848827941393e+18,177581250000.0,0.5,0.09793950717362658,True,True,True,True,-7.0423939221316384e-09,False,False,True,-13.256466474732292,-10.363708922186326,-9.810123781438012,-9.810123781438012,-3.4463426932942802,False,0.25,4,32,-1.4322916666666667e-06,1.0416666666666667e-06,12,64,15000.0,960000.0,1,1.0,15000.0,exponential_tdl,,unknown_amplitude_exact,,2.3424244139706967e+18,88790624899.74777,quad_over_lin,1e-12,,,,,,,,,,,,,,,,,,,,,
conventional_s2_psl,Conventional $S_2$+PSL,ok,optimal,0.4886420779985201,False,,conventional_s2,269.53552315046187,4043032.847256928,0.9999999997213643,3.3571428563467554,1204307.656915309,88790624873.33366,2.342424413273855e+18,2.342424413273855e+18,2.181499380428427e+18,4.269081189272463e-19,0.09793950718819447,-12.724765187204845,-3.6705164482153165,0.05649625192007756,6.22739534779097e-05,64,-78102.07398240312,82690690937.72113,82690690914.68056,4.043032847256928,1.2043076569153088,88790624873.33366,2.3424244132738545e+18,2.181499380428427e+18,2.342424413273855e+18,6.870020306034697,78102.07398240312,2.3424244139706967e+18,88790624899.74777,26381438.54281344,4.684848827941393e+18,177581250000.0,0.5,0.09793950717362658,True,False,False,False,-0.06870020333739693,True,True,True,-13.256466474732292,-13.256466471953248,-12.724765187204845,-12.724765187204845,-0.5317012875274472,False,0.25,4,32,-1.4322916666666667e-06,1.0416666666666667e-06,12,64,15000.0,960000.0,1,1.0,15000.0,exponential_tdl,,known_amplitude_linear,88790624899.74777,,,,,-13.256466474732292,0.2173585239870126,249.0,1.0416666666666667e-06,,,,,,,,,,,,,,,,,
exact_efim_sampled_psl,Exact EFIM+sampled PSL,ok,optimal,0.4623745600001712,False,,exact_efim,268.6716782552522,4030075.1738287825,0.999999999364297,3.357142855326563,1200447.9247686828,89241491712.88593,2.3543189290924954e+18,2.3543189290924954e+18,2.3424244083257354e+18,4.2475128906407926e-19,0.09769178838590788,-13.002442995361394,-3.7222968008748176,0.058519201552222996,4.764499009425766e-05,64,-21233.629633190627,88790624742.2175,88790624685.77303,4.0300751738287826,1.2004479247686828,89241491712.88593,2.354318929092495e+18,2.3424244083257354e+18,2.3543189290924954e+18,0.5052213028480743,21233.629633190627,2.3424244139706967e+18,88790624899.74777,26381438.54281344,4.684848827941393e+18,177581250000.0,0.5,0.09793950717362658,True,True,True,True,-2.4098798007450315e-09,False,False,True,-13.256466474732292,-13.256466457095211,-13.002442995361394,-13.002442995361394,-0.25402347937089864,False,0.25,4,32,-1.3671875e-06,1.0416666666666667e-06,12,64,15000.0,960000.0,1,1.0,15000.0,exponential_tdl,,unknown_amplitude_exact,,2.3424244139706967e+18,88790624899.74777,quad_over_lin,1e-12,-13.256466474732292,0.2173585239870126,249.0,1.0416666666666667e-06,,,,,,,,,,,,,,,,,
exact_efim_cutting_plane_psl,Exact EFIM+cutting-plane PSL,ok,optimal,1.0101938600018912,False,,exact_efim,268.4877695507325,4027316.5432609874,0.999999999474734,3.3571428556420972,1199626.204911888,89249955846.85596,2.3545422251226435e+18,2.3545422251226435e+18,2.3424244093027753e+18,4.2471100723110284e-19,0.09768715591308354,-13.256466460345566,-3.5683247331749337,0.06045591539119784,5.099590242823604e-05,64,-21432.01167154068,88790624769.44687,88790624722.80817,4.027316543260987,1.1996262049118882,89249955846.85596,2.3545422251226435e+18,2.3424244093027753e+18,2.3545422251226435e+18,0.5146569762297198,21432.01167154068,2.3424244139706967e+18,88790624899.74777,26381438.54281344,4.684848827941393e+18,177581250000.0,0.5,0.09793950717362658,True,True,True,True,-1.992773546996678e-09,False,False,True,-13.256466474732292,-13.484904528981298,-13.256466460345566,-13.256466460345566,-1.4386726476800504e-08,True,0.25,4,32,-1.3671875e-06,1.0416666666666667e-06,12,64,15000.0,960000.0,1,1.0,15000.0,exponential_tdl,,unknown_amplitude_exact,,2.3424244139706967e+18,88790624899.74777,quad_over_lin,1e-12,-13.256466474732292,0.2173585239870126,251.0,1.0416666666666667e-06,-3.5707431607394997,-1.4386726476800504e-08,249.0,1985.0,2.0,251.0,True,2.0,dense_psl_satisfied,False,1.0101938600018912,2.0,251.0,-13.002442995361394,-13.256466457095211,-1.3671875e-06,1.0
uniform,Uniform,ok,ok,1.4272001862991601e-05,False,,none,227.7445077582032,3416167.616373048,1.0,3.357142857142857,1017581.8431749505,76781250000.0,2.0255998281153943e+18,2.0255998281153943e+18,2.0255998281153943e+18,4.936809265680052e-19,0.10532073506634214,-13.256466474732292,-9.684463547443015,0.015625,0.0,64,0.0,76781250000.0,76781250000.0,3.4161676163730483,1.0175818431749504,76781250000.0,2.0255998281153943e+18,2.0255998281153943e+18,2.0255998281153943e+18,0.0,0.0,2.3424244139706967e+18,88790624899.74777,26381438.54281344,4.684848827941393e+18,177581250000.0,0.5,0.09793950717362658,False,False,False,False,-0.13525498793715435,False,False,True,-13.256466474732292,-13.456972739469613,-13.256466474732292,-13.256466474732292,0.0,True,0.25,4,32,-1.4973958333333334e-06,1.0416666666666667e-06,13,64,15000.0,960000.0,1,1.0,15000.0,exponential_tdl,,,,,,,,,,,,,,,,,,,,,,,,,,,,
water_filling,Water-filling,ok,ok,0.00020443500034161843,False,,none,228.23803377583107,3423570.506637466,1.000000000000801,3.3571428571451456,1019786.959423231,82215161270.31027,2.168954224340186e+18,2.168954224340186e+18,2.1676377517620943e+18,4.610516850830304e-19,0.10178071890511851,-11.147826347768115,-7.741635367577295,0.017279908862894544,3.6544718300202246e-06,64,7064.097290813075,82165259799.71034,82165259799.77615,3.423570506637466,1.019786959423231,82215161270.31027,2.168954224340186e+18,2.1676377517620943e+18,2.168954224340186e+18,0.060696190049481465,7064.097290813075,2.3424244139706967e+18,88790624899.74777,26381438.54281344,4.684848827941393e+18,177581250000.0,0.5,0.09793950717362658,False,False,False,False,-0.07461784515484858,False,False,True,-13.256466474732292,-11.428139239479362,-11.11297232075022,-11.11297232075022,-2.143494153982072,False,0.25,4,32,-1.46484375e-06,1.0416666666666667e-06,13,64,15000.0,960000.0,1,1.0,15000.0,exponential_tdl,0.017745135278390785,,,,,,,,,,,,,,,,,,,,,,,,,,,
conventional_s2,Conventional $S_2$,ok,optimal,0.007663553002203116,False,,conventional_s2,227.92066380984164,3418809.957147625,0.999999997654832,3.3571428504423775,1018368.9254382254,88790624888.41885,2.3424244136718234e+18,2.3424244136718234e+18,2.3411074478249626e+18,4.2690811885471635e-19,0.09793950717987471,-9.759062715115704,-6.067990928306408,0.0207700048101945,9.48711065490134e-06,64,7065.420597547956,88740704928.42754,88740704720.31567,3.4188099571476247,1.0183689254382253,88790624888.41885,2.3424244136718234e+18,2.3411074478249626e+18,2.3424244136718234e+18,0.05622234122792526,7065.420597547956,2.3424244139706967e+18,88790624899.74777,26381438.54281344,4.684848827941393e+18,177581250000.0,0.5,0.09793950717362658,True,False,True,True,-0.0005622235397989747,True,False,True,-13.256466474732292,-10.31804423155261,-9.759062715115704,-9.759062715115704,-3.4974037596165886,False,0.25,4,32,-1.4322916666666667e-06,1.0416666666666667e-06,13,64,15000.0,960000.0,1,1.0,15000.0,exponential_tdl,,known_amplitude_linear,88790624899.74777,,,,,,,,,,,,,,,,,,,,,,,,,
exact_efim,Exact EFIM,ok,optimal,0.00909546799812233,False,,exact_efim,227.9168257726938,3418752.386590407,0.9999999976396625,3.357142850399036,1018351.7767747202,88823169249.04158,2.343282980721507e+18,2.343282980721507e+18,2.3424244032030433e+18,4.2675170187601317e-19,0.09792156326568441,-9.752649888516943,-6.057552886511016,0.02094963575699131,9.487172794523552e-06,64,5704.801269390386,88790624701.17099,88790624491.59515,3.4187523865904073,1.01835177677472,88823169249.04158,2.343282980721507e+18,2.3424244032030433e+18,2.343282980721507e+18,0.036639941719677764,5704.801269390386,2.3424244139706967e+18,88790624899.74777,26381438.54281344,4.684848827941393e+18,177581250000.0,0.5,0.09793950717362658,True,True,True,True,-4.596798646641284e-09,False,False,True,-13.256466474732292,-10.313176172456266,-9.752649888516943,-9.752649888516943,-3.5038165862153487,False,0.25,4,32,-1.4322916666666667e-06,1.0416666666666667e-06,13,64,15000.0,960000.0,1,1.0,15000.0,exponential_tdl,,unknown_amplitude_exact,,2.3424244139706967e+18,88790624899.74777,quad_over_lin,1e-12,,,,,,,,,,,,,,,,,,,,,
conventional_s2_psl,Conventional $S_2$+PSL,ok,optimal,0.47828023900001426,False,,conventional_s2,225.9871515755078,3389807.2736326167,0.999999999523443,3.357142855781266,1009729.8265979657,88790624859.43756,2.3424244129072553e+18,2.3424244129072553e+18,2.3411069675002885e+18,4.269081189940593e-19,0.09793950719585845,-13.0264477336218,-5.298535930314502,0.03621630749678946,2.0968885612516674e-05,64,7066.706875421619,88740686555.68822,88740686513.39822,3.389807273632617,1.0097298265979657,88790624859.43756,2.3424244129072553e+18,2.3411069675002885e+18,2.3424244129072553e+18,0.05624281405655527,7066.706875421619,2.3424244139706967e+18,88790624899.74777,26381438.54281344,4.684848827941393e+18,177581250000.0,0.5,0.09793950717362658,True,False,True,True,-0.0005624285943019859,True,False,True,-13.256466474732292,-13.256466458588234,-13.0264477336218,-13.0264477336218,-0.23001874111049148,True,0.25,4,32,-1.3671875e-06,1.0416666666666667e-06,13,64,15000.0,960000.0,1,1.0,15000.0,exponential_tdl,,known_amplitude_linear,88790624899.74777,,,,,-13.256466474732292,0.2173585239870126,249.0,1.0416666666666667e-06,,,,,,,,,,,,,,,,,
exact_efim_sampled_psl,Exact EFIM+sampled PSL,ok,optimal,0.5122805879982479,False,,exact_efim,225.9765513552818,3389648.270329227,0.9999999993847867,3.357142855385105,1009682.4640309784,88799315343.56961,2.342653680380292e+18,2.342653680380292e+18,2.342424409048456e+18,4.268663389620894e-19,0.09793471457693176,-13.023026164557942,-5.299996561705795,0.035057473779672915,2.0812263259923304e-05,64,2947.987518099789,88790624767.79326,88790624713.16809,3.389648270329227,1.0096824640309783,88799315343.56961,2.342653680380292e+18,2.342424409048456e+18,2.342653680380292e+18,0.009786821404975467,2947.987518099789,2.3424244139706967e+18,88790624899.74777,26381438.54281344,4.684848827941393e+18,177581250000.0,0.5,0.09793950717362658,True,True,True,True,-2.1013444372602823e-09,False,False,True,-13.256466474732292,-13.25646645510713,-13.023026164557942,-13.023026164557942,-0.23344031017435007,True,0.25,4,32,-1.3671875e-06,1.0416666666666667e-06,13,64,15000.0,960000.0,1,1.0,15000.0,exponential_tdl,,unknown_amplitude_exact,,2.3424244139706967e+18,88790624899.74777,quad_over_lin,1e-12,-13.256466474732292,0.2173585239870126,249.0,1.0416666666666667e-06,,,,,,,,,,,,,,,,,
exact_efim_cutting_plane_psl,Exact EFIM+cutting-plane PSL,ok,optimal,0.5232163990003755,False,,exact_efim,225.9765513552818,3389648.270329227,0.9999999993847867,3.357142855385105,1009682.4640309784,88799315343.56961,2.342653680380292e+18,2.342653680380292e+18,2.342424409048456e+18,4.268663389620894e-19,0.09793471457693176,-13.023026164557942,-5.299996561705795,0.035057473779672915,2.0812263259923304e-05,64,2947.987518099789,88790624767.79326,88790624713.16809,3.389648270329227,1.0096824640309783,88799315343.56961,2.342653680380292e+18,2.342424409048456e+18,2.342653680380292e+18,0.009786821404975467,2947.987518099789,2.3424244139706967e+18,88790624899.74777,26381438.54281344,4.684848827941393e+18,177581250000.0,0.5,0.09793950717362658,True,True,True,True,-2.1013444372602823e-09,False,False,True,-13.256466474732292,-13.25646645510713,-13.023026164557942,-13.023026164557942,-0.23344031017435007,True,0.25,4,32,-1.3671875e-06,1.0416666666666667e-06,13,64,15000.0,960000.0,1,1.0,15000.0,exponential_tdl,,unknown_amplitude_exact,,2.3424244139706967e+18,88790624899.74777,quad_over_lin,1e-12,-13.256466474732292,0.2173585239870126,249.0,1.0416666666666667e-06,-5.302911995941788,-0.23344031017435007,249.0,1985.0,1.0,249.0,True,1.0,dense_psl_satisfied,False,0.5232163990003755,0.0,249.0,-13.023026164557942,-13.25646645510713,,0.0
uniform,Uniform,ok,ok,1.5282999811461195e-05,False,,none,319.7106628266316,4795659.942399474,1.0,3.357142857142857,1428494.450927503,76781250000.0,2.0255998281153943e+18,2.0255998281153943e+18,2.0255998281153943e+18,4.936809265680052e-19,0.10532073506634214,-13.256466474732292,-9.684463547443015,0.015625,0.0,64,0.0,76781250000.0,76781250000.0,4.795659942399474,1.428494450927503,76781250000.0,2.0255998281153943e+18,2.0255998281153943e+18,2.0255998281153943e+18,0.0,0.0,2.3424244139706967e+18,88790624899.74777,26381438.54281344,4.684848827941393e+18,177581250000.0,0.5,0.09793950717362658,False,False,False,False,-0.13525498793715435,False,False,True,-13.256466474732292,-13.456972739469613,-13.256466474732292,-13.256466474732292,0.0,True,0.25,4,32,-1.4973958333333334e-06,1.0416666666666667e-06,14,64,15000.0,960000.0,1,1.0,15000.0,exponential_tdl,,,,,,,,,,,,,,,,,,,,,,,,,,,,
water_filling,Water-filling,ok,ok,0.00020294400019338354,False,,none,319.72578072248064,4795886.71083721,0.9999999999991966,3.357142857140562,1428561.9989737624,75893664163.0545,2.0021840369065452e+18,2.0021840369065452e+18,2.0019800908865231e+18,4.9945458637510675e-19,0.10593481439645826,-13.420898442460949,-9.960480596200433,0.015805967182485503,8.865581382963656e-08,64,2780.4070472589683,75885933499.76703,75885933499.70607,4.79588671083721,1.4285619989737623,75893664163.0545,2.0021840369065452e+18,2.0019800908865231e+18,2.0021840369065452e+18,0.010186177507294523,2780.4070472589683,2.3424244139706967e+18,88790624899.74777,26381438.54281344,4.684848827941393e+18,177581250000.0,0.5,0.09793950717362658,False,False,False,False,-0.14533844552408787,False,False,True,-13.256466474732292,-13.582478380906466,-13.420898442460949,-13.420898442460949,0.16443196772865676,True,0.25,4,32,-1.4973958333333334e-06,1.0416666666666667e-06,14,64,15000.0,960000.0,1,1.0,15000.0,exponential_tdl,0.016177414295179795,,,,,,,,,,,,,,,,,,,,,,,,,,,
conventional_s2,Conventional $S_2$,ok,optimal,0.007893243000580696,False,,conventional_s2,318.3077636469553,4774616.45470433,0.9999999982685617,3.357142852195891,1422226.1800927764,88790624846.67389,2.3424244125705313e+18,2.3424244125705313e+18,2.342220477609704e+18,4.2690811905542742e-19,0.09793950720289786,-10.515462483959048,-6.234553973773542,0.02324507473774718,7.65951974037561e-06,64,2780.331663342714,88782894756.25119,88782894602.52908,4.77461645470433,1.4222261800927765,88790624846.67389,2.3424244125705313e+18,2.342220477609704e+18,2.3424244125705313e+18,0.008706149053646419,2780.331663342714,2.3424244139706967e+18,88790624899.74777,26381438.54281344,4.684848827941393e+18,177581250000.0,0.5,0.09793950717362658,True,False,True,True,-8.706208822639056e-05,True,False,True,-13.256466474732292,-10.985410655803653,-10.509360053106516,-10.509360053106516,-2.7471064216257766,False,0.25,4,32,-1.3997395833333333e-06,1.0416666666666667e-06,14,64,15000.0,960000.0,1,1.0,15000.0,exponential_tdl,,known_amplitude_linear,88790624899.74777,,,,,,,,,,,,,,,,,,,,,,,,,
exact_efim,Exact EFIM,ok,optimal,0.00864017200001399,False,,exact_efim,318.30668449235554,4774600.267385333,0.9999999984669932,3.3571428527628377,1422221.3580979928,88793948240.90935,2.342512088491307e+18,2.342512088491307e+18,2.342424401421131e+18,4.2689214066939955e-19,0.09793767433790085,-10.515132683433508,-6.234575514543216,0.023105296596667373,7.645711614362982e-06,64,1823.1338029467363,88790624560.16763,88790624424.051,4.774600267385333,1.4222213580979928,88793948240.90935,2.3425120884913075e+18,2.342424401421131e+18,2.342512088491307e+18,0.003743292109656979,1823.1338029467363,2.3424244139706967e+18,88790624899.74777,26381438.54281344,4.684848827941393e+18,177581250000.0,0.5,0.09793950717362658,True,True,True,True,-5.357511592327945e-09,False,False,True,-13.256466474732292,-10.984652289764385,-10.508915867181303,-10.508915867181303,-2.7475506075509895,False,0.25,4,32,-1.3997395833333333e-06,1.0416666666666667e-06,14,64,15000.0,960000.0,1,1.0,15000.0,exponential_tdl,,unknown_amplitude_exact,,2.3424244139706967e+18,88790624899.74777,quad_over_lin,1e-12,,,,,,,,,,,,,,,,,,,,,
conventional_s2_psl,Conventional $S_2$+PSL,ok,optimal,0.45750981599849183,False,,conventional_s2,317.06146339442404,4755921.95091636,0.9999999995154992,3.3571428557585694,1416657.602984764,88790624861.52985,2.3424244129624525e+18,2.3424244129624525e+18,2.3422298957531244e+18,4.2690811898399955e-19,0.09793950719470451,-13.023082665720978,-5.410918323968855,0.0338903597648664,1.9233614926857234e-05,64,2715.3747709616464,88783251644.40219,88783251601.38664,4.75592195091636,1.416657602984764,88790624861.52985,2.3424244129624525e+18,2.3422298957531244e+18,2.3424244129624525e+18,0.008304097594428801,2715.3747709616464,2.3424244139706967e+18,88790624899.74777,26381438.54281344,4.684848827941393e+18,177581250000.0,0.5,0.09793950717362658,True,False,True,True,-8.304140633618984e-05,True,False,True,-13.256466474732292,-13.256466464726604,-13.023082665720978,-13.023082665720978,-0.23338380901131472,True,0.25,4,32,-1.3671875e-06,1.0416666666666667e-06,14,64,15000.0,960000.0,1,1.0,15000.0,exponential_tdl,,known_amplitude_linear,88790624899.74777,,,,,-13.256466474732292,0.2173585239870126,249.0,1.0416666666666667e-06,,,,,,,,,,,,,,,,,
exact_efim_sampled_psl,Exact EFIM+sampled PSL,ok,optimal,0.48646552599893766,False,,exact_efim,317.05988000777614,4755898.200116642,0.9999999994187851,3.3571428554822433,1416650.5283950663,88791927636.97876,2.342458782052893e+18,2.342458782052893e+18,2.3424244094823864e+18,4.269018552905405e-19,0.09793878869665593,-13.023329478422898,-5.411278197820496,0.0334576790915677,1.921436265204108e-05,64,1141.4496761185294,88790624781.22284,88790624729.61641,4.755898200116642,1.4166505283950663,88791927636.97876,2.342458782052893e+18,2.3424244094823864e+18,2.342458782052893e+18,0.0014673714120437343,1141.4496761185294,2.3424244139706967e+18,88790624899.74777,26381438.54281344,4.684848827941393e+18,177581250000.0,0.5,0.09793950717362658,True,True,True,True,-1.9160960948113425e-09,False,False,True,-13.256466474732292,-13.256466465268923,-13.023329478422898,-13.023329478422898,-0.2331369963093941,True,0.25,4,32,-1.3671875e-06,1.0416666666666667e-06,14,64,15000.0,960000.0,1,1.0,15000.0,exponential_tdl,,unknown_amplitude_exact,,2.3424244139706967e+18,88790624899.74777,quad_over_lin,1e-12,-13.256466474732292,0.2173585239870126,249.0,1.0416666666666667e-06,,,,,,,,,,,,,,,,,
exact_efim_cutting_plane_psl,Exact EFIM+cutting-plane PSL,ok,optimal,0.4910095269988233,False,,exact_efim,317.05988000777614,4755898.200116642,0.9999999994187851,3.3571428554822433,1416650.5283950663,88791927636.97876,2.342458782052893e+18,2.342458782052893e+18,2.3424244094823864e+18,4.269018552905405e-19,0.09793878869665593,-13.023329478422898,-5.411278197820496,0.0334576790915677,1.921436265204108e-05,64,1141.4496761185294,88790624781.22284,88790624729.61641,4.755898200116642,1.4166505283950663,88791927636.97876,2.342458782052893e+18,2.3424244094823864e+18,2.342458782052893e+18,0.0014673714120437343,1141.4496761185294,2.3424244139706967e+18,88790624899.74777,26381438.54281344,4.684848827941393e+18,177581250000.0,0.5,0.09793950717362658,True,True,True,True,-1.9160960948113425e-09,False,False,True,-13.256466474732292,-13.256466465268923,-13.023329478422898,-13.023329478422898,-0.2331369963093941,True,0.25,4,32,-1.3671875e-06,1.0416666666666667e-06,14,64,15000.0,960000.0,1,1.0,15000.0,exponential_tdl,,unknown_amplitude_exact,,2.3424244139706967e+18,88790624899.74777,quad_over_lin,1e-12,-13.256466474732292,0.2173585239870126,249.0,1.0416666666666667e-06,-5.414123735818334,-0.2331369963093941,249.0,1985.0,1.0,249.0,True,1.0,dense_psl_satisfied,False,0.4910095269988233,0.0,249.0,-13.023329478422898,-13.256466465268923,,0.0
uniform,Uniform,ok,ok,1.483999949414283e-05,False,,none,418.5635815682872,6278453.723524308,1.0,3.357142857142857,1870177.704879581,76781250000.0,2.0255998281153943e+18,2.0255998281153943e+18,2.0255998281153943e+18,4.936809265680052e-19,0.10532073506634214,-13.256466474732292,-9.684463547443015,0.015625,0.0,64,0.0,76781250000.0,76781250000.0,6.278453723524308,1.870177704879581,76781250000.0,2.0255998281153943e+18,2.0255998281153943e+18,2.0255998281153943e+18,0.0,0.0,2.3424244139706967e+18,88790624899.74777,26381438.54281344,4.684848827941393e+18,177581250000.0,0.5,0.09793950717362658,False,False,False,False,-0.13525498793715435,False,False,True,-13.256466474732292,-13.456972739469613,-13.256466474732292,-13.256466474732292,0.0,True,0.25,4,32,-1.4973958333333334e-06,1.0416666666666667e-06,15,64,15000.0,960000.0,1,1.0,15000.0,exponential_tdl,,,,,,,,,,,,,,,,,,,,,,,,,,,,
water_filling,Water-filling,ok,ok,0.0002027970003837254,False,,none,418.5636413792118,6278454.620688177,0.9999999999997807,3.357142857142231,1870177.9721202313,76823532098.11603,2.0267152906883039e+18,2.0267152906883039e+18,2.0267152906425308e+18,4.934092147004942e-19,0.10529174788991486,-13.231388023256205,-9.669370013708038,0.015645990223815076,3.233464204263837e-10,64,1.3172133509500032,76823532096.39783,76823532096.38098,6.278454620688176,1.8701779721202312,76823532098.11603,2.0267152906883036e+18,2.0267152906425308e+18,2.0267152906883039e+18,2.2584847615401747e-09,1.3172133509500032,2.3424244139706967e+18,88790624899.74777,26381438.54281344,4.684848827941393e+18,177581250000.0,0.5,0.09793950717362658,False,False,False,False,-0.13477878792810233,False,False,True,-13.256466474732292,-13.431926023982953,-13.231388023256205,-13.231388023256205,-0.025078451476087338,True,0.25,4,32,-1.4973958333333334e-06,1.0416666666666667e-06,15,64,15000.0,960000.0,1,1.0,15000.0,exponential_tdl,0.01579566581212357,,,,,,,,,,,,,,,,,,,,,,,,,,,
conventional_s2,Conventional $S_2$,ok,optimal,0.007728655000391882,False,,conventional_s2,417.27901082497567,6259185.162374635,0.9999999993132633,3.3571428551807525,1864438.134562979,88790624886.24483,2.3424244136144696e+18,2.3424244136144696e+18,2.342424413586024e+18,4.269081188651691e-19,0.09793950718107372,-10.521120698565467,-6.2367927884912735,0.022640155497911523,7.624407192397774e-06,64,1.0383892992777526,88790624946.14236,88790624885.16658,6.259185162374635,1.864438134562979,88790624886.24483,2.3424244136144696e+18,2.342424413586024e+18,2.3424244136144696e+18,1.2143698569170466e-09,1.0383892992777526,2.3424244139706967e+18,88790624899.74777,26381438.54281344,4.684848827941393e+18,177581250000.0,0.5,0.09793950717362658,True,True,True,True,-1.6421992774056365e-10,False,False,True,-13.256466474732292,-10.990114932483088,-10.514719736231752,-10.514719736231752,-2.74174673850054,False,0.25,4,32,-1.3997395833333333e-06,1.0416666666666667e-06,15,64,15000.0,960000.0,1,1.0,15000.0,exponential_tdl,,known_amplitude_linear,88790624899.74777,,,,,,,,,,,,,,,,,,,,,,,,,
exact_efim,Exact EFIM,ok,optimal,0.009740470002725488,False,,exact_efim,417.2790107421806,6259185.161132709,0.9999999992630648,3.357142855037328,1864438.1342726965,88790624810.92038,2.342424411627302e+18,2.342424411627302e+18,2.342424411617076e+18,4.269081192273315e-19,0.09793950722261663,-10.521158103396118,-6.236791307239789,0.022639243768693144,7.6244464173009605e-06,64,0.6225869559006812,88790624875.9657,88790624810.53276,6.259185161132709,1.8644381342726966,88790624810.92038,2.342424411627302e+18,2.342424411617076e+18,2.342424411627302e+18,4.3654189860906314e-10,0.6225869559006812,2.3424244139706967e+18,88790624899.74777,26381438.54281344,4.684848827941393e+18,177581250000.0,0.5,0.09793950717362658,True,True,True,True,-1.0047796914865333e-09,False,False,True,-13.256466474732292,-10.990147674404096,-10.514755621301504,-10.514755621301504,-2.7417108534307886,False,0.25,4,32,-1.3997395833333333e-06,1.0416666666666667e-06,15,64,15000.0,960000.0,1,1.0,15000.0,exponential_tdl,,unknown_amplitude_exact,,2.3424244139706967e+18,88790624899.74777,quad_over_lin,1e-12,,,,,,,,,,,,,,,,,,,,,
conventional_s2_psl,Conventional $S_2$+PSL,ok,optimal,0.5099287150005694,False,,conventional_s2,415.9740411222049,6239610.616833073,0.9999999995171501,3.357142855763286,1858607.418543833,88790624871.83157,2.3424244132342277e+18,2.3424244132342277e+18,2.342424410745857e+18,4.269081189344684e-19,0.0979395071890229,-13.023382916198841,-5.41334763860127,0.03331997902765403,1.918560730524585e-05,64,-9.711992080705466,88790624820.38133,88790624777.50879,6.239610616833073,1.858607418543833,88790624871.83157,2.342424413234227e+18,2.342424410745857e+18,2.3424244132342277e+18,1.0623056496257489e-07,9.711992080705466,2.3424244139706967e+18,88790624899.74777,26381438.54281344,4.684848827941393e+18,177581250000.0,0.5,0.09793950717362658,True,True,True,True,-1.376710241221189e-09,False,False,True,-13.256466474732292,-13.256466476594376,-13.023382916198841,-13.023382916198841,-0.2330835585334512,True,0.25,4,32,-1.3671875e-06,1.0416666666666667e-06,15,64,15000.0,960000.0,1,1.0,15000.0,exponential_tdl,,known_amplitude_linear,88790624899.74777,,,,,-13.256466474732292,0.2173585239870126,249.0,1.0416666666666667e-06,,,,,,,,,,,,,,,,,
exact_efim_sampled_psl,Exact EFIM+sampled PSL,ok,optimal,0.5015296169985959,False,,exact_efim,415.97404113679534,6239610.61705193,0.9999999994844951,3.3571428556699865,1858607.4186606777,88790624800.5145,2.34242441135278e+18,2.34242441135278e+18,2.3424244110903076e+18,4.269081192773633e-19,0.09793950722835568,-13.023382190302769,-5.413323376181406,0.03331883590502841,1.91859378589986e-05,64,-3.1542234197966765,88790624836.33737,88790624790.56537,6.23961061705193,1.8586074186606778,88790624800.5145,2.34242441135278e+18,2.3424244110903076e+18,2.34242441135278e+18,1.12051509849327e-08,3.1542234197966765,2.3424244139706967e+18,88790624899.74777,26381438.54281344,4.684848827941393e+18,177581250000.0,0.5,0.09793950717362658,True,True,True,True,-1.2296615006318975e-09,False,False,True,-13.256466474732292,-13.25646647971568,-13.023382190302769,-13.023382190302769,-0.23308428442952334,True,0.25,4,32,-1.3671875e-06,1.0416666666666667e-06,15,64,15000.0,960000.0,1,1.0,15000.0,exponential_tdl,,unknown_amplitude_exact,,2.3424244139706967e+18,88790624899.74777,quad_over_lin,1e-12,-13.256466474732292,0.2173585239870126,249.0,1.0416666666666667e-06,,,,,,,,,,,,,,,,,
exact_efim_cutting_plane_psl,Exact EFIM+cutting-plane PSL,ok,optimal,0.5027200799995626,False,,exact_efim,415.97404113679534,6239610.61705193,0.9999999994844951,3.3571428556699865,1858607.4186606777,88790624800.5145,2.34242441135278e+18,2.34242441135278e+18,2.3424244110903076e+18,4.269081192773633e-19,0.09793950722835568,-13.023382190302769,-5.413323376181406,0.03331883590502841,1.91859378589986e-05,64,-3.1542234197966765,88790624836.33737,88790624790.56537,6.23961061705193,1.8586074186606778,88790624800.5145,2.34242441135278e+18,2.3424244110903076e+18,2.34242441135278e+18,1.12051509849327e-08,3.1542234197966765,2.3424244139706967e+18,88790624899.74777,26381438.54281344,4.684848827941393e+18,177581250000.0,0.5,0.09793950717362658,True,True,True,True,-1.2296615006318975e-09,False,False,True,-13.256466474732292,-13.25646647971568,-13.023382190302769,-13.023382190302769,-0.23308428442952334,True,0.25,4,32,-1.3671875e-06,1.0416666666666667e-06,15,64,15000.0,960000.0,1,1.0,15000.0,exponential_tdl,,unknown_amplitude_exact,,2.3424244139706967e+18,88790624899.74777,quad_over_lin,1e-12,-13.256466474732292,0.2173585239870126,249.0,1.0416666666666667e-06,-5.4161690965748175,-0.23308428442952334,249.0,1985.0,1.0,249.0,True,1.0,dense_psl_satisfied,False,0.5027200799995626,0.0,249.0,-13.023382190302769,-13.25646647971568,,0.0
uniform,Uniform,ok,ok,1.504900137661025e-05,False,,none,320.48421684304463,4807263.2526456695,1.0,3.357142857142857,1431950.7561072207,76781250000.0,2.0255998281153943e+18,2.0255998281153943e+18,2.0255998281153943e+18,4.936809265680052e-19,0.10532073506634214,-13.256466474732292,-9.684463547443015,0.015625,0.0,64,0.0,76781250000.0,76781250000.0,4.80726325264567,1.4319507561072207,76781250000.0,2.0255998281153943e+18,2.0255998281153943e+18,2.0255998281153943e+18,0.0,0.0,2.3424244139706967e+18,88790624899.74777,26381438.54281344,4.684848827941393e+18,177581250000.0,0.5,0.09793950717362658,False,False,False,False,-0.13525498793715435,False,False,True,-13.256466474732292,-13.456972739469613,-13.256466474732292,-13.256466474732292,0.0,True,0.25,4,32,-1.4973958333333334e-06,1.0416666666666667e-06,16,64,15000.0,960000.0,1,1.0,15000.0,exponential_tdl,,,,,,,,,,,,,,,,,,,,,,,,,,,,
water_filling,Water-filling,ok,ok,0.00019324899767525494,False,,none,320.48695492640525,4807304.323896078,1.0000000000009386,3.357142857145539,1431962.9900955602,77051584179.69734,2.0327316326631017e+18,2.0327316326631017e+18,2.032643198429136e+18,4.919488553882001e-19,0.10513581471765397,-13.179823006569242,-9.59546832809099,0.01592789127655436,1.5358157862725157e-08,64,1830.8846030082136,77048232041.1955,77048232041.2678,4.807304323896078,1.4319629900955602,77051584179.69734,2.0327316326631017e+18,2.032643198429136e+18,2.0327316326631017e+18,0.00435051201766194,1830.8846030082136,2.3424244139706967e+18,88790624899.74777,26381438.54281344,4.684848827941393e+18,177581250000.0,0.5,0.09793950717362658,False,False,False,False,-0.13224811596650143,False,False,True,-13.256466474732292,-13.389361888138541,-13.179823006569242,-13.179823006569242,-0.07664346816305034,True,0.25,4,32,-1.4973958333333334e-06,1.0416666666666667e-06,16,64,15000.0,960000.0,1,1.0,15000.0,exponential_tdl,0.016146598798142862,,,,,,,,,,,,,,,,,,,,,,,,,,,
conventional_s2,Conventional $S_2$,ok,optimal,0.007783168999594636,False,,conventional_s2,319.30109286559923,4789516.392983989,0.9999999983173291,3.357142852335226,1426664.459527662,88790624836.82407,2.342424412310678e+18,2.342424412310678e+18,2.3423361766069376e+18,4.269081191027858e-19,0.09793950720833024,-10.510743980971531,-6.237040370952562,0.022738629114639322,7.622974919119512e-06,64,1828.8283298015622,88787280373.16957,88787280223.7698,4.789516392983989,1.426664459527662,88790624836.82407,2.3424244123106785e+18,2.3423361766069376e+18,2.342424412310678e+18,0.0037668538321531638,1828.8283298015622,2.3424244139706967e+18,88790624899.74777,26381438.54281344,4.684848827941393e+18,177581250000.0,0.5,0.09793950717362658,True,False,True,True,-3.766924697029214e-05,True,False,True,-13.256466474732292,-10.980847900220239,-10.504723460600474,-10.504723460600474,-2.7517430141318187,False,0.25,4,32,-1.3997395833333333e-06,1.0416666666666667e-06,16,64,15000.0,960000.0,1,1.0,15000.0,exponential_tdl,,known_amplitude_linear,88790624899.74777,,,,,,,,,,,,,,,,,,,,,,,,,
exact_efim,Exact EFIM,ok,optimal,0.009177557996736141,False,,exact_efim,319.30064522311056,4789509.678346658,0.9999999984007685,3.357142852573624,1426662.4593216118,88792175234.65366,2.342465314035737e+18,2.342465314035737e+18,2.342424405447651e+18,4.269006648713791e-19,0.0979386521450217,-10.510519073901794,-6.236793927616806,0.022655267945367586,7.619098319507038e-06,64,1245.2541821505731,88790624718.67474,88790624576.67798,4.789509678346658,1.4266624593216117,88792175234.65366,2.342465314035737e+18,2.342424405447651e+18,2.342465314035737e+18,0.0017463903452978895,1245.2541821505731,2.3424244139706967e+18,88790624899.74777,26381438.54281344,4.684848827941393e+18,177581250000.0,0.5,0.09793950717362658,True,True,True,True,-3.6385574864942564e-09,False,False,True,-13.256466474732292,-10.980518865293806,-10.50446795706818,-10.50446795706818,-2.751998517664113,False,0.25,4,32,-1.3997395833333333e-06,1.0416666666666667e-06,16,64,15000.0,960000.0,1,1.0,15000.0,exponential_tdl,,unknown_amplitude_exact,,2.3424244139706967e+18,88790624899.74777,quad_over_lin,1e-12,,,,,,,,,,,,,,,,,,,,,
conventional_s2_psl,Conventional $S_2$+PSL,ok,optimal,0.4585658819996752,False,,conventional_s2,318.0359661656388,4770539.492484582,0.9999999994393737,3.357142855541068,1421011.7643968172,88790624857.40498,2.3424244128536325e+18,2.3424244128536325e+18,2.342334552307887e+18,4.2690811900383205e-19,0.09793950719697946,-13.02344529132249,-5.414980458773297,0.03348270164822195,1.917150558466502e-05,64,1845.5902592661312,88787218703.77826,88787218654.0018,4.770539492484581,1.4210117643968172,88790624857.40498,2.342424412853633e+18,2.342334552307887e+18,2.3424244128536325e+18,0.0038362196556829932,1845.5902592661312,2.3424244139706967e+18,88790624899.74777,26381438.54281344,4.684848827941393e+18,177581250000.0,0.5,0.09793950717362658,True,False,True,True,-3.836267342230841e-05,True,False,True,-13.256466474732292,-13.256466462489936,-13.02344529132249,-13.02344529132249,-0.23302118340980194,True,0.25,4,32,-1.3671875e-06,1.0416666666666667e-06,16,64,15000.0,960000.0,1,1.0,15000.0,exponential_tdl,,known_amplitude_linear,88790624899.74777,,,,,-13.256466474732292,0.2173585239870126,249.0,1.0416666666666667e-06,,,,,,,,,,,,,,,,,
exact_efim_sampled_psl,Exact EFIM+sampled PSL,ok,optimal,0.5051932560018031,False,,exact_efim,318.03521994082257,4770528.299112339,0.9999999994817084,3.357142855662024,1421008.43014963,88791253537.94727,2.3424409983507215e+18,2.3424409983507215e+18,2.3424244101843476e+18,4.269050963093992e-19,0.09793916046929496,-13.023494346205256,-5.414757340688459,0.03333183231232337,1.9167134942388174e-05,64,792.9575795795489,88790624802.24402,88790624756.22458,4.770528299112339,1.42100843014963,88791253537.94727,2.342440998350722e+18,2.3424244101843476e+18,2.3424409983507215e+18,0.0007081572763440994,792.9575795795489,2.3424244139706967e+18,88790624899.74777,26381438.54281344,4.684848827941393e+18,177581250000.0,0.5,0.09793950717362658,True,True,True,True,-1.6164231526180492e-09,False,False,True,-13.256466474732292,-13.256466465224594,-13.023494346205256,-13.023494346205256,-0.2329721285270363,True,0.25,4,32,-1.3671875e-06,1.0416666666666667e-06,16,64,15000.0,960000.0,1,1.0,15000.0,exponential_tdl,,unknown_amplitude_exact,,2.3424244139706967e+18,88790624899.74777,quad_over_lin,1e-12,-13.256466474732292,0.2173585239870126,249.0,1.0416666666666667e-06,,,,,,,,,,,,,,,,,
exact_efim_cutting_plane_psl,Exact EFIM+cutting-plane PSL,ok,optimal,0.49957119199825684,False,,exact_efim,318.03521994082257,4770528.299112339,0.9999999994817084,3.357142855662024,1421008.43014963,88791253537.94727,2.3424409983507215e+18,2.3424409983507215e+18,2.3424244101843476e+18,4.269050963093992e-19,0.09793916046929496,-13.023494346205256,-5.414757340688459,0.03333183231232337,1.9167134942388174e-05,64,792.9575795795489,88790624802.24402,88790624756.22458,4.770528299112339,1.42100843014963,88791253537.94727,2.342440998350722e+18,2.3424244101843476e+18,2.3424409983507215e+18,0.0007081572763440994,792.9575795795489,2.3424244139706967e+18,88790624899.74777,26381438.54281344,4.684848827941393e+18,177581250000.0,0.5,0.09793950717362658,True,True,True,True,-1.6164231526180492e-09,False,False,True,-13.256466474732292,-13.256466465224594,-13.023494346205256,-13.023494346205256,-0.2329721285270363,True,0.25,4,32,-1.3671875e-06,1.0416666666666667e-06,16,64,15000.0,960000.0,1,1.0,15000.0,exponential_tdl,,unknown_amplitude_exact,,2.3424244139706967e+18,88790624899.74777,quad_over_lin,1e-12,-13.256466474732292,0.2173585239870126,249.0,1.0416666666666667e-06,-5.417606108198626,-0.2329721285270363,249.0,1985.0,1.0,249.0,True,1.0,dense_psl_satisfied,False,0.49957119199825684,0.0,249.0,-13.023494346205256,-13.256466465224594,,0.0
uniform,Uniform,ok,ok,1.447800241294317e-05,False,,none,385.20589989670486,5778088.498450573,1.0,3.357142857142857,1721132.7442193194,76781250000.0,2.0255998281153943e+18,2.0255998281153943e+18,2.0255998281153943e+18,4.936809265680052e-19,0.10532073506634214,-13.256466474732292,-9.684463547443015,0.015625,0.0,64,0.0,76781250000.0,76781250000.0,5.778088498450573,1.7211327442193194,76781250000.0,2.0255998281153943e+18,2.0255998281153943e+18,2.0255998281153943e+18,0.0,0.0,2.3424244139706967e+18,88790624899.74777,26381438.54281344,4.684848827941393e+18,177581250000.0,0.5,0.09793950717362658,False,False,False,False,-0.13525498793715435,False,False,True,-13.256466474732292,-13.456972739469613,-13.256466474732292,-13.256466474732292,0.0,True,0.25,4,32,-1.4973958333333334e-06,1.0416666666666667e-06,17,64,15000.0,960000.0,1,1.0,15000.0,exponential_tdl,,,,,,,,,,,,,,,,,,,,,,,,,,,,
water_filling,Water-filling,ok,ok,0.00019824699847958982,False,,none,385.20644333629895,5778096.650044484,1.000000000000909,3.3571428571454547,1721135.1723523445,76620544843.70512,2.0213601949110884e+18,2.0213601949110884e+18,2.021351616431059e+18,4.947163808397771e-19,0.1054311279088967,-13.321130750742734,-9.738746063668145,0.015683785441414248,2.9738191747377177e-09,64,570.2377121936179,76620219672.58707,76620219672.65672,5.778096650044484,1.7211351723523445,76620544843.70512,2.0213601949110879e+18,2.021351616431059e+18,2.0213601949110884e+18,0.0004243914593270861,570.2377121936179,2.3424244139706967e+18,88790624899.74777,26381438.54281344,4.684848827941393e+18,177581250000.0,0.5,0.09793950717362658,False,False,False,False,-0.13706858399557917,False,False,True,-13.256466474732292,-13.51810881495172,-13.321130750742734,-13.321130750742734,0.06466427601044167,True,0.25,4,32,-1.4973958333333334e-06,1.0416666666666667e-06,17,64,15000.0,960000.0,1,1.0,15000.0,exponential_tdl,0.015875135027551817,,,,,,,,,,,,,,,,,,,,,,,,,,,
conventional_s2,Conventional $S_2$,ok,optimal,0.007686982000450371,False,,conventional_s2,383.8920644739228,5758380.967108842,0.9999999989364876,3.3571428541042505,1715262.4172870617,88790624879.18127,2.3424244134281226e+18,2.3424244134281226e+18,2.342415951418617e+18,4.2690811889913094e-19,0.09793950718496941,-10.552432140678151,-6.235551139313392,0.022807105057627043,7.656077923448685e-06,64,566.3534077380556,88790304217.42876,88790304122.99916,5.758380967108842,1.7152624172870616,88790624879.18127,2.3424244134281226e+18,2.342415951418617e+18,2.3424244134281226e+18,0.00036125005602242273,566.3534077380556,2.3424244139706967e+18,88790624899.74777,26381438.54281344,4.684848827941393e+18,177581250000.0,0.5,0.09793950717362658,True,False,True,True,-3.612732188667269e-06,True,False,True,-13.256466474732292,-11.016823187449031,-10.544544930137224,-10.544544930137224,-2.711921544595068,False,0.25,4,32,-1.3997395833333333e-06,1.0416666666666667e-06,17,64,15000.0,960000.0,1,1.0,15000.0,exponential_tdl,,known_amplitude_linear,88790624899.74777,,,,,,,,,,,,,,,,,,,,,,,,,
exact_efim,Exact EFIM,ok,optimal,0.009396425000886666,False,,exact_efim,383.8920188273205,5758380.282409808,0.9999999990208217,3.357142854345205,1715262.213211047,88790771594.73871,2.3424282839955845e+18,2.3424282839955845e+18,2.342424414046169e+18,4.269074134872788e-19,0.09793942626859112,-10.55238721304864,-6.235536081688005,0.022780982355175852,7.6556604882423e-06,64,383.0040864723133,88790624989.55045,88790624902.6086,5.758380282409807,1.715262213211047,88790771594.73871,2.3424282839955845e+18,2.342424414046169e+18,2.3424282839955845e+18,0.00016521100952652666,383.0040864723133,2.3424244139706967e+18,88790624899.74777,26381438.54281344,4.684848827941393e+18,177581250000.0,0.5,0.09793950717362658,True,True,True,True,3.2219773474809825e-11,False,False,True,-13.256466474732292,-11.016774962649512,-10.544499525007165,-10.544499525007165,-2.7119669497251273,False,0.25,4,32,-1.3997395833333333e-06,1.0416666666666667e-06,17,64,15000.0,960000.0,1,1.0,15000.0,exponential_tdl,,unknown_amplitude_exact,,2.3424244139706967e+18,88790624899.74777,quad_over_lin,1e-12,,,,,,,,,,,,,,,,,,,,,
conventional_s2_psl,Conventional $S_2$+PSL,ok,optimal,0.49911212399820215,False,,conventional_s2,382.6346990998378,5739520.486497567,0.9999999994637752,3.3571428556107863,1709644.4010135338,88790624864.37633,2.342424413037547e+18,2.342424413037547e+18,2.342416013737855e+18,4.2690811897031355e-19,0.09793950719313463,-13.023426957166617,-5.414846673435973,0.033350140557062535,1.9165796704072727e-05,64,564.2509541704422,88790306532.84879,88790306485.23721,5.739520486497567,1.7096444010135339,88790624864.37633,2.342424413037547e+18,2.342416013737855e+18,2.342424413037547e+18,0.0003585729232193315,564.2509541704422,2.3424244139706967e+18,88790624899.74777,26381438.54281344,4.684848827941393e+18,177581250000.0,0.5,0.09793950717362658,True,False,True,True,-3.5861275999461495e-06,True,False,True,-13.256466474732292,-13.256466473672116,-13.023426957166617,-13.023426957166617,-0.23303951756567542,True,0.25,4,32,-1.3671875e-06,1.0416666666666667e-06,17,64,15000.0,960000.0,1,1.0,15000.0,exponential_tdl,,known_amplitude_linear,88790624899.74777,,,,,-13.256466474732292,0.2173585239870126,249.0,1.0416666666666667e-06,,,,,,,,,,,,,,,,,
exact_efim_sampled_psl,Exact EFIM+sampled PSL,ok,optimal,0.4811503549972258,False,,exact_efim,382.63462814568993,5739519.422185349,0.9999999994506544,3.3571428555732985,1709644.0840034531,88790683516.436,2.342425960363255e+18,2.342425960363255e+18,2.3424244105867965e+18,4.2690783696955085e-19,0.09793947484540093,-13.02343605600032,-5.414855407372148,0.033281189422093425,1.916502709985651e-05,64,242.37358866828302,88790624820.25629,88790624771.47955,5.739519422185349,1.7096440840034532,88790683516.436,2.342425960363255e+18,2.3424244105867965e+18,2.342425960363255e+18,6.616117155735699e-05,242.37358866828302,2.3424244139706967e+18,88790624899.74777,26381438.54281344,4.684848827941393e+18,177581250000.0,0.5,0.09793950717362658,True,True,True,True,-1.444614451513453e-09,False,False,True,-13.256466474732292,-13.256466473778907,-13.02343605600032,-13.02343605600032,-0.23303041873197294,True,0.25,4,32,-1.3671875e-06,1.0416666666666667e-06,17,64,15000.0,960000.0,1,1.0,15000.0,exponential_tdl,,unknown_amplitude_exact,,2.3424244139706967e+18,88790624899.74777,quad_over_lin,1e-12,-13.256466474732292,0.2173585239870126,249.0,1.0416666666666667e-06,,,,,,,,,,,,,,,,,
exact_efim_cutting_plane_psl,Exact EFIM+cutting-plane PSL,ok,optimal,0.4984614679997321,False,,exact_efim,382.63462814568993,5739519.422185349,0.9999999994506544,3.3571428555732985,1709644.0840034531,88790683516.436,2.342425960363255e+18,2.342425960363255e+18,2.3424244105867965e+18,4.2690783696955085e-19,0.09793947484540093,-13.02343605600032,-5.414855407372148,0.033281189422093425,1.916502709985651e-05,64,242.37358866828302,88790624820.25629,88790624771.47955,5.739519422185349,1.7096440840034532,88790683516.436,2.342425960363255e+18,2.3424244105867965e+18,2.342425960363255e+18,6.616117155735699e-05,242.37358866828302,2.3424244139706967e+18,88790624899.74777,26381438.54281344,4.684848827941393e+18,177581250000.0,0.5,0.09793950717362658,True,True,True,True,-1.444614451513453e-09,False,False,True,-13.256466474732292,-13.256466473778907,-13.02343605600032,-13.02343605600032,-0.23303041873197294,True,0.25,4,32,-1.3671875e-06,1.0416666666666667e-06,17,64,15000.0,960000.0,1,1.0,15000.0,exponential_tdl,,unknown_amplitude_exact,,2.3424244139706967e+18,88790624899.74777,quad_over_lin,1e-12,-13.256466474732292,0.2173585239870126,249.0,1.0416666666666667e-06,-5.417702216968837,-0.23303041873197294,249.0,1985.0,1.0,249.0,True,1.0,dense_psl_satisfied,False,0.4984614679997321,0.0,249.0,-13.02343605600032,-13.256466473778907,,0.0
uniform,Uniform,ok,ok,1.4794000890105963e-05,False,,none,456.65475144773393,6849821.271716009,1.0,3.357142857142857,2040372.2937026408,76781250000.0,2.0255998281153943e+18,2.0255998281153943e+18,2.0255998281153943e+18,4.936809265680052e-19,0.10532073506634214,-13.256466474732292,-9.684463547443015,0.015625,0.0,64,0.0,76781250000.0,76781250000.0,6.849821271716009,2.040372293702641,76781250000.0,2.0255998281153943e+18,2.0255998281153943e+18,2.0255998281153943e+18,0.0,0.0,2.3424244139706967e+18,88790624899.74777,26381438.54281344,4.684848827941393e+18,177581250000.0,0.5,0.09793950717362658,False,False,False,False,-0.13525498793715435,False,False,True,-13.256466474732292,-13.456972739469613,-13.256466474732292,-13.256466474732292,0.0,True,0.25,4,32,-1.4973958333333334e-06,1.0416666666666667e-06,18,64,15000.0,960000.0,1,1.0,15000.0,exponential_tdl,,,,,,,,,,,,,,,,,,,,,,,,,,,,
water_filling,Water-filling,ok,ok,0.0002077450008073356,False,,none,456.65532805130755,6849829.920769613,1.0000000000003615,3.35714285714389,2040374.8700158526,76780316328.52347,2.025575196518717e+18,2.025575196518717e+18,2.0255540646669102e+18,4.936869298748642e-19,0.10532137543012272,-13.269982664972028,-9.685845198667128,0.015684774414012278,3.100205628010439e-09,64,894.9928000107122,76779515316.38364,76779515316.41139,6.849829920769613,2.0403748700158526,76780316328.52347,2.025575196518717e+18,2.0255540646669102e+18,2.025575196518717e+18,0.00104325190410302,894.9928000107122,2.3424244139706967e+18,88790624899.74777,26381438.54281344,4.684848827941393e+18,177581250000.0,0.5,0.09793950717362658,False,False,False,False,-0.1352745247248565,False,False,True,-13.256466474732292,-13.471984430950187,-13.269982664972028,-13.269982664972028,0.013516190239736048,True,0.25,4,32,-1.4973958333333334e-06,1.0416666666666667e-06,18,64,15000.0,960000.0,1,1.0,15000.0,exponential_tdl,0.01574941411030237,,,,,,,,,,,,,,,,,,,,,,,,,,,
conventional_s2,Conventional $S_2$,ok,optimal,0.008513507000316167,False,,conventional_s2,455.35430230456114,6830314.534568417,0.9999999998260344,3.3571428566458126,2034561.7765556509,88790624907.31635,2.342424414170366e+18,2.342424414170366e+18,2.342403288182104e+18,4.269081187638567e-19,0.09793950716945239,-10.541954737982556,-6.236093790767002,0.022716644490634073,7.645883533433118e-06,64,894.8686227472335,88789824132.91089,88789824117.46451,6.830314534568417,2.034561776555651,88790624907.31635,2.3424244141703665e+18,2.342403288182104e+18,2.342424414170366e+18,0.0009018855905909924,894.8686227472335,2.3424244139706967e+18,88790624899.74777,26381438.54281344,4.684848827941393e+18,177581250000.0,0.5,0.09793950717362658,True,False,True,True,-9.018770666255649e-06,True,False,True,-13.256466474732292,-11.007635228023002,-10.5344982875002,-10.5344982875002,-2.7219681872320916,False,0.25,4,32,-1.3997395833333333e-06,1.0416666666666667e-06,18,64,15000.0,960000.0,1,1.0,15000.0,exponential_tdl,,known_amplitude_linear,88790624899.74777,,,,,,,,,,,,,,,,,,,,,,,,,
exact_efim,Exact EFIM,ok,optimal,0.01004156300041359,False,,exact_efim,455.3541888380529,6830312.832570793,0.9999999995423474,3.3571428558352787,2034561.2700688506,88790988454.10562,2.342434005057645e+18,2.342434005057645e+18,2.3424244126343634e+18,4.269063708266099e-19,0.09793930666695522,-10.541908295827426,-6.2359922023316905,0.022674386564978187,7.645256207817388e-06,64,602.9966934474801,88790624889.72873,88790624849.09348,6.830312832570793,2.0345612700688505,88790988454.10562,2.342434005057645e+18,2.3424244126343634e+18,2.342434005057645e+18,0.0004095066610607858,602.9966934474801,2.3424244139706967e+18,88790624899.74777,26381438.54281344,4.684848827941393e+18,177581250000.0,0.5,0.09793950717362658,True,True,True,True,-5.704915403160229e-10,False,False,True,-13.256466474732292,-11.007589623007423,-10.534450685489551,-10.534450685489551,-2.7220157892427412,False,0.25,4,32,-1.3997395833333333e-06,1.0416666666666667e-06,18,64,15000.0,960000.0,1,1.0,15000.0,exponential_tdl,,unknown_amplitude_exact,,2.3424244139706967e+18,88790624899.74777,quad_over_lin,1e-12,,,,,,,,,,,,,,,,,,,,,
conventional_s2_psl,Conventional $S_2$+PSL,ok,optimal,0.4558064379998541,False,,conventional_s2,454.0647239649884,6810970.859474826,0.9999999997606119,3.3571428564588914,2028799.8308951994,88790624887.77602,2.342424413654864e+18,2.342424413654864e+18,2.3424013148862054e+18,4.269081188578072e-19,0.09793950718022926,-13.023443289959353,-5.413758509929481,0.03343337596820304,1.9182460012419555e-05,64,935.7184182860259,88789749340.0731,88789749318.8179,6.810970859474826,2.0287998308951996,88790624887.77602,2.3424244136548644e+18,2.3424013148862054e+18,2.342424413654864e+18,0.000986105187590288,935.7184182860259,2.3424244139706967e+18,88790624899.74777,26381438.54281344,4.684848827941393e+18,177581250000.0,0.5,0.09793950717362658,True,False,True,True,-9.861186706173463e-06,True,False,True,-13.256466474732292,-13.256466477841833,-13.023443289959353,-13.023443289959353,-0.23302318477293937,True,0.25,4,32,-1.3671875e-06,1.0416666666666667e-06,18,64,15000.0,960000.0,1,1.0,15000.0,exponential_tdl,,known_amplitude_linear,88790624899.74777,,,,,-13.256466474732292,0.2173585239870126,249.0,1.0416666666666667e-06,,,,,,,,,,,,,,,,,
exact_efim_sampled_psl,Exact EFIM+sampled PSL,ok,optimal,0.5061445430001186,False,,exact_efim,454.06452580565826,6810967.887084874,0.9999999994815316,3.357142855661519,2028798.9459843184,88790785944.3541,2.342428662559081e+18,2.342428662559081e+18,2.3424244116307e+18,4.269073444941156e-19,0.09793941835452018,-13.0234359162064,-5.413686312384678,0.033326563461072635,1.9181381696844194e-05,64,401.41413154329797,88790624857.0843,88790624811.04918,6.810967887084875,2.0287989459843185,88790785944.3541,2.342428662559081e+18,2.3424244116307e+18,2.342428662559081e+18,0.00018147525467366427,401.41413154329797,2.3424244139706967e+18,88790624899.74777,26381438.54281344,4.684848827941393e+18,177581250000.0,0.5,0.09793950717362658,True,True,True,True,-9.989635772423575e-10,False,False,True,-13.256466474732292,-13.256466482797382,-13.0234359162064,-13.0234359162064,-0.2330305585258916,True,0.25,4,32,-1.3671875e-06,1.0416666666666667e-06,18,64,15000.0,960000.0,1,1.0,15000.0,exponential_tdl,,unknown_amplitude_exact,,2.3424244139706967e+18,88790624899.74777,quad_over_lin,1e-12,-13.256466474732292,0.2173585239870126,249.0,1.0416666666666667e-06,,,,,,,,,,,,,,,,,
exact_efim_cutting_plane_psl,Exact EFIM+cutting-plane PSL,ok,optimal,0.5098580090016185,False,,exact_efim,454.06452580565826,6810967.887084874,0.9999999994815316,3.357142855661519,2028798.9459843184,88790785944.3541,2.342428662559081e+18,2.342428662559081e+18,2.3424244116307e+18,4.269073444941156e-19,0.09793941835452018,-13.0234359162064,-5.413686312384678,0.033326563461072635,1.9181381696844194e-05,64,401.41413154329797,88790624857.0843,88790624811.04918,6.810967887084875,2.0287989459843185,88790785944.3541,2.342428662559081e+18,2.3424244116307e+18,2.342428662559081e+18,0.00018147525467366427,401.41413154329797,2.3424244139706967e+18,88790624899.74777,26381438.54281344,4.684848827941393e+18,177581250000.0,0.5,0.09793950717362658,True,True,True,True,-9.989635772423575e-10,False,False,True,-13.256466474732292,-13.256466482797382,-13.0234359162064,-13.0234359162064,-0.2330305585258916,True,0.25,4,32,-1.3671875e-06,1.0416666666666667e-06,18,64,15000.0,960000.0,1,1.0,15000.0,exponential_tdl,,unknown_amplitude_exact,,2.3424244139706967e+18,88790624899.74777,quad_over_lin,1e-12,-13.256466474732292,0.2173585239870126,249.0,1.0416666666666667e-06,-5.4165333928402255,-0.2330305585258916,249.0,1985.0,1.0,249.0,True,1.0,dense_psl_satisfied,False,0.5098580090016185,0.0,249.0,-13.0234359162064,-13.256466482797382,,0.0
uniform,Uniform,ok,ok,1.4620000001741573e-05,False,,none,280.0829553372805,4201244.330059208,1.0,3.357142857142857,1251434.4812942322,76781250000.0,2.0255998281153943e+18,2.0255998281153943e+18,2.0255998281153943e+18,4.936809265680052e-19,0.10532073506634214,-13.256466474732292,-9.684463547443015,0.015625,0.0,64,0.0,76781250000.0,76781250000.0,4.201244330059208,1.2514344812942322,76781250000.0,2.0255998281153943e+18,2.0255998281153943e+18,2.0255998281153943e+18,0.0,0.0,2.3424244139706967e+18,88790624899.74777,26381438.54281344,4.684848827941393e+18,177581250000.0,0.5,0.09793950717362658,False,False,False,False,-0.13525498793715435,False,False,True,-13.256466474732292,-13.456972739469613,-13.256466474732292,-13.256466474732292,0.0,True,0.25,4,32,-1.4973958333333334e-06,1.0416666666666667e-06,19,64,15000.0,960000.0,1,1.0,15000.0,exponential_tdl,,,,,,,,,,,,,,,,,,,,,,,,,,,,
water_filling,Water-filling,ok,ok,0.0002002869987336453,False,,none,280.18086644600737,4202712.99669011,1.000000000000023,3.3571428571429234,1251871.9564608592,78235662615.07011,2.0639693251357596e+18,2.0639693251357596e+18,2.062742144539261e+18,4.845033246481142e-19,0.10433717843399569,-12.857780458275466,-9.16848454401817,0.016287414245725888,6.080402439827123e-07,64,-6820.323951581836,78189145796.2638,78189145796.2656,4.20271299669011,1.2518719564608591,78235662615.07011,2.063969325135759e+18,2.062742144539261e+18,2.0639693251357596e+18,0.05945730789472702,6820.323951581836,2.3424244139706967e+18,88790624899.74777,26381438.54281344,4.684848827941393e+18,177581250000.0,0.5,0.09793950717362658,False,False,False,False,-0.11939863150475793,False,False,True,-13.256466474732292,-13.118634333888542,-12.84815925996423,-12.84815925996423,-0.40830721476806175,False,0.25,4,32,-1.46484375e-06,1.0416666666666667e-06,19,64,15000.0,960000.0,1,1.0,15000.0,exponential_tdl,0.016656407994569883,,,,,,,,,,,,,,,,,,,,,,,,,,,
conventional_s2,Conventional $S_2$,ok,optimal,0.007629809999343706,False,,conventional_s2,279.27314574533784,4189097.1861800677,0.999999999366274,3.357142855332212,1247816.1837904656,88790624958.0491,2.3424244155087693e+18,2.3424244155087693e+18,2.3411972351789916e+18,4.2690811851993194e-19,0.09793950714147227,-10.446468207899247,-6.215008318423109,0.022188711946635437,8.04892899921123e-06,64,-6820.32321256376,88744108205.5942,88744108149.35475,4.189097186180068,1.2478161837904655,88790624958.0491,2.3424244155087693e+18,2.3411972351789916e+18,2.3424244155087693e+18,0.052389324567005215,6820.32321256376,2.3424244139706967e+18,88790624899.74777,26381438.54281344,4.684848827941393e+18,177581250000.0,0.5,0.09793950717362658,True,False,True,True,-0.0005238925893983787,True,False,True,-13.256466474732292,-10.908182246569583,-10.43931234968566,-10.43931234968566,-2.817154125046633,False,0.25,4,32,-1.3997395833333333e-06,1.0416666666666667e-06,19,64,15000.0,960000.0,1,1.0,15000.0,exponential_tdl,,known_amplitude_linear,88790624899.74777,,,,,,,,,,,,,,,,,,,,,,,,,
exact_efim,Exact EFIM,ok,optimal,0.009051298002304975,False,,exact_efim,279.26761524066626,4189014.228609994,0.999999998222264,3.3571428520636117,1247791.47423978,88813994420.40956,2.3430409355438106e+18,2.3430409355438106e+18,2.342424402959727e+18,4.26795786974974e-19,0.09792662097290163,-10.440968669474685,-6.206488805819481,0.022393548788695972,8.029163369607305e-06,64,-4834.246381697887,88790624640.21843,88790624482.37215,4.189014228609994,1.2477914742397802,88813994420.40956,2.3430409355438106e+18,2.342424402959727e+18,2.3430409355438106e+18,0.026313350941961293,4834.246381697887,2.3424244139706967e+18,88790624899.74777,26381438.54281344,4.684848827941393e+18,177581250000.0,0.5,0.09793950717362658,True,True,True,True,-4.700672318102703e-09,False,False,True,-13.256466474732292,-10.904481378184263,-10.434195472268552,-10.434195472268552,-2.82227100246374,False,0.25,4,32,-1.3997395833333333e-06,1.0416666666666667e-06,19,64,15000.0,960000.0,1,1.0,15000.0,exponential_tdl,,unknown_amplitude_exact,,2.3424244139706967e+18,88790624899.74777,quad_over_lin,1e-12,,,,,,,,,,,,,,,,,,,,,
conventional_s2_psl,Conventional $S_2$+PSL,ok,optimal,0.49182985100196674,False,,conventional_s2,277.9749221160283,4169623.831740425,0.9999999997071665,3.35714285630619,1242015.6097641299,88790624876.12027,2.342424413347369e+18,2.342424413347369e+18,2.341063018635117e+18,4.269081189138483e-19,0.09793950718665762,-13.027939183123298,-5.381924311713359,0.03506027462697466,1.979371454119245e-05,64,-7183.610773793046,88739020638.3718,88739020612.38603,4.169623831740425,1.24201560976413,88790624876.12027,2.342424413347369e+18,2.341063018635117e+18,2.342424413347369e+18,0.05811904557067202,7183.610773793046,2.3424244139706967e+18,88790624899.74777,26381438.54281344,4.684848827941393e+18,177581250000.0,0.5,0.09793950717362658,True,False,True,True,-0.0005811907216557379,True,False,True,-13.256466474732292,-13.256466461803463,-13.027939183123298,-13.027939183123298,-0.22852729160899443,True,0.25,4,32,-1.3671875e-06,1.0416666666666667e-06,19,64,15000.0,960000.0,1,1.0,15000.0,exponential_tdl,,known_amplitude_linear,88790624899.74777,,,,,-13.256466474732292,0.2173585239870126,249.0,1.0416666666666667e-06,,,,,,,,,,,,,,,,,
exact_efim_sampled_psl,Exact EFIM+sampled PSL,ok,optimal,0.477905412997643,False,,exact_efim,277.96376765735465,4169456.51486032,0.999999999625342,3.357142856072406,1241965.7707799356,88799823228.18704,2.342667079107114e+18,2.342667079107114e+18,2.3424244122477926e+18,4.2686389752876913e-19,0.0979344345110242,-13.025824093160594,-5.3787168662107385,0.03393879032861061,1.9704556094525876e-05,64,-3032.885383613552,88790624867.70647,88790624834.44035,4.16945651486032,1.2419657707799356,88799823228.18704,2.342667079107114e+18,2.3424244122477926e+18,2.342667079107114e+18,0.010358572137097443,3032.885383613552,2.3424244139706967e+18,88790624899.74777,26381438.54281344,4.684848827941393e+18,177581250000.0,0.5,0.09793950717362658,True,True,True,True,-7.355217328355395e-10,False,False,True,-13.256466474732292,-13.256466470867181,-13.025824093160594,-13.025824093160594,-0.23064238157169825,True,0.25,4,32,-1.3671875e-06,1.0416666666666667e-06,19,64,15000.0,960000.0,1,1.0,15000.0,exponential_tdl,,unknown_amplitude_exact,,2.3424244139706967e+18,88790624899.74777,quad_over_lin,1e-12,-13.256466474732292,0.2173585239870126,249.0,1.0416666666666667e-06,,,,,,,,,,,,,,,,,
exact_efim_cutting_plane_psl,Exact EFIM+cutting-plane PSL,ok,optimal,0.4862813629988523,False,,exact_efim,277.96376765735465,4169456.51486032,0.999999999625342,3.357142856072406,1241965.7707799356,88799823228.18704,2.342667079107114e+18,2.342667079107114e+18,2.3424244122477926e+18,4.2686389752876913e-19,0.0979344345110242,-13.025824093160594,-5.3787168662107385,0.03393879032861061,1.9704556094525876e-05,64,-3032.885383613552,88790624867.70647,88790624834.44035,4.16945651486032,1.2419657707799356,88799823228.18704,2.342667079107114e+18,2.3424244122477926e+18,2.342667079107114e+18,0.010358572137097443,3032.885383613552,2.3424244139706967e+18,88790624899.74777,26381438.54281344,4.684848827941393e+18,177581250000.0,0.5,0.09793950717362658,True,True,True,True,-7.355217328355395e-10,False,False,True,-13.256466474732292,-13.256466470867181,-13.025824093160594,-13.025824093160594,-0.23064238157169825,True,0.25,4,32,-1.3671875e-06,1.0416666666666667e-06,19,64,15000.0,960000.0,1,1.0,15000.0,exponential_tdl,,unknown_amplitude_exact,,2.3424244139706967e+18,88790624899.74777,quad_over_lin,1e-12,-13.256466474732292,0.2173585239870126,249.0,1.0416666666666667e-06,-5.381653389125182,-0.23064238157169825,249.0,1985.0,1.0,249.0,True,1.0,dense_psl_satisfied,False,0.4862813629988523,0.0,249.0,-13.025824093160594,-13.256466470867181,,0.0
uniform,Uniform,ok,ok,1.4731002011103556e-05,False,,none,374.4803718050499,5617205.577075749,1.0,3.357142857142857,1673210.1718949038,76781250000.0,2.0255998281153943e+18,2.0255998281153943e+18,2.0255998281153943e+18,4.936809265680052e-19,0.10532073506634214,-13.256466474732292,-9.684463547443015,0.015625,0.0,64,0.0,76781250000.0,76781250000.0,5.617205577075748,1.6732101718949037,76781250000.0,2.0255998281153943e+18,2.0255998281153943e+18,2.0255998281153943e+18,0.0,0.0,2.3424244139706967e+18,88790624899.74777,26381438.54281344,4.684848827941393e+18,177581250000.0,0.5,0.09793950717362658,False,False,False,False,-0.13525498793715435,False,False,True,-13.256466474732292,-13.456972739469613,-13.256466474732292,-13.256466474732292,0.0,True,0.25,4,32,-1.4973958333333334e-06,1.0416666666666667e-06,20,64,15000.0,960000.0,1,1.0,15000.0,exponential_tdl,,,,,,,,,,,,,,,,,,,,,,,,,,,,
water_filling,Water-filling,ok,ok,0.00019685000006575137,False,,none,374.4810163617115,5617215.245425672,0.9999999999997721,3.357142857142206,1673213.0518292482,76974358363.3122,2.0306943045342188e+18,2.0306943045342188e+18,2.030690673891229e+18,4.924424113305279e-19,0.10518854113126559,-13.176950954194995,-9.618981751975127,0.015694075957700452,3.536557616541849e-09,64,-370.9731999480773,76974220742.21466,76974220742.19711,5.6172152454256725,1.6732130518292483,76974358363.3122,2.0306943045342182e+18,2.030690673891229e+18,2.0306943045342188e+18,0.00017878825885892077,370.9731999480773,2.3424244139706967e+18,88790624899.74777,26381438.54281344,4.684848827941393e+18,177581250000.0,0.5,0.09793950717362658,False,False,False,False,-0.1330816645438906,False,False,True,-13.256466474732292,-13.381241794040292,-13.176950954194995,-13.176950954194995,-0.07951552053729749,True,0.25,4,32,-1.4973958333333334e-06,1.0416666666666667e-06,20,64,15000.0,960000.0,1,1.0,15000.0,exponential_tdl,0.015906553812184216,,,,,,,,,,,,,,,,,,,,,,,,,,,
conventional_s2,Conventional $S_2$,ok,optimal,0.007405639000353403,False,,conventional_s2,373.24451985163853,5598667.7977745775,0.9999999990649296,3.3571428544712276,1667688.281515326,88790624879.69089,2.342424413441567e+18,2.342424413441567e+18,2.3424208617799265e+18,4.2690811889668063e-19,0.09793950718468834,-10.502743855111135,-6.237347919120362,0.022563960855943754,7.608704907613988e-06,64,-366.9159202528134,88790490335.42384,88790490252.39848,5.598667797774578,1.6676882815153258,88790624879.69089,2.342424413441567e+18,2.3424208617799265e+18,2.342424413441567e+18,0.0001516233189990443,366.9159202528134,2.3424244139706967e+18,88790624899.74777,26381438.54281344,4.684848827941393e+18,177581250000.0,0.5,0.09793950717362658,True,False,True,True,-1.516459079315435e-06,True,False,True,-13.256466474732292,-10.97438155397122,-10.497200780463764,-10.497200780463764,-2.759265694268528,False,0.25,4,32,-1.3997395833333333e-06,1.0416666666666667e-06,20,64,15000.0,960000.0,1,1.0,15000.0,exponential_tdl,,known_amplitude_linear,88790624899.74777,,,,,,,,,,,,,,,,,,,,,,,,,
exact_efim,Exact EFIM,ok,optimal,0.008926637998229126,False,,exact_efim,373.24450086132833,5598667.512919925,0.9999999988632062,3.3571428538948753,1667688.1969513115,88790688090.20386,2.3424260810258304e+18,2.3424260810258304e+18,2.34242441002314e+18,4.2690781497876126e-19,0.09793947232288175,-10.502754825466114,-6.237321045715479,0.022581722644084343,7.608687211599783e-06,64,-251.67457166360742,88790624851.05054,88790624750.1139,5.598667512919925,1.6676881969513115,88790688090.20386,2.3424260810258304e+18,2.34242441002314e+18,2.3424260810258304e+18,7.133641074506007e-05,251.67457166360742,2.3424244139706967e+18,88790624899.74777,26381438.54281344,4.684848827941393e+18,177581250000.0,0.5,0.09793950717362658,True,True,True,True,-1.6852440746672405e-09,False,False,True,-13.256466474732292,-10.974397540175156,-10.497212656252433,-10.497212656252433,-2.759253818479859,False,0.25,4,32,-1.3997395833333333e-06,1.0416666666666667e-06,20,64,15000.0,960000.0,1,1.0,15000.0,exponential_tdl,,unknown_amplitude_exact,,2.3424244139706967e+18,88790624899.74777,quad_over_lin,1e-12,,,,,,,,,,,,,,,,,,,,,
conventional_s2_psl,Conventional $S_2$+PSL,ok,optimal,0.4696803440019721,False,,conventional_s2,371.93571556070157,5579035.733410523,0.9999999995622582,3.3571428558921665,1661840.4318477788,88790624869.89287,2.342424413183081e+18,2.342424413183081e+18,2.34242013732873e+18,4.269081189437899e-19,0.09793950719009215,-13.023408728830404,-5.413590890564359,0.03337494938690209,1.9182834239953614e-05,64,-402.58928800618116,88790462830.62541,88790462791.75812,5.579035733410524,1.6618404318477789,88790624869.89287,2.342424413183081e+18,2.34242013732873e+18,2.342424413183081e+18,0.00018253969377981396,402.58928800618116,2.3424244139706967e+18,88790624899.74777,26381438.54281344,4.684848827941393e+18,177581250000.0,0.5,0.09793950717362658,True,False,True,True,-1.8257331767399773e-06,True,False,True,-13.256466474732292,-13.25646647004402,-13.023408728830404,-13.023408728830404,-0.23305774590188832,True,0.25,4,32,-1.3671875e-06,1.0416666666666667e-06,20,64,15000.0,960000.0,1,1.0,15000.0,exponential_tdl,,known_amplitude_linear,88790624899.74777,,,,,-13.256466474732292,0.2173585239870126,249.0,1.0416666666666667e-06,,,,,,,,,,,,,,,,,
exact_efim_sampled_psl,Exact EFIM+sampled PSL,ok,optimal,0.5003114840001217,False,,exact_efim,371.93567911329467,5579035.18669942,0.9999999998110385,3.3571428566029673,1661840.2686458048,88790654868.53098,2.342425204590309e+18,2.342425204590309e+18,2.342424413430298e+18,4.269079747094424e-19,0.09793949064526496,-13.023402703429912,-5.413579571169965,0.03331070163969169,1.9182573208030385e-05,64,-173.1740951808566,88790624896.04175,88790624879.26373,5.579035186699421,1.661840268645805,88790654868.53098,2.342425204590309e+18,2.342424413430298e+18,2.342425204590309e+18,3.37752517861237e-05,173.1740951808566,2.3424244139706967e+18,88790624899.74777,26381438.54281344,4.684848827941393e+18,177581250000.0,0.5,0.09793950717362658,True,True,True,True,-2.3070054631302195e-10,False,False,True,-13.256466474732292,-13.256466472522845,-13.023402703429912,-13.023402703429912,-0.23306377130237976,True,0.25,4,32,-1.3671875e-06,1.0416666666666667e-06,20,64,15000.0,960000.0,1,1.0,15000.0,exponential_tdl,,unknown_amplitude_exact,,2.3424244139706967e+18,88790624899.74777,quad_over_lin,1e-12,-13.256466474732292,0.2173585239870126,249.0,1.0416666666666667e-06,,,,,,,,,,,,,,,,,
exact_efim_cutting_plane_psl,Exact EFIM+cutting-plane PSL,ok,optimal,0.5085204219976731,False,,exact_efim,371.93567911329467,5579035.18669942,0.9999999998110385,3.3571428566029673,1661840.2686458048,88790654868.53098,2.342425204590309e+18,2.342425204590309e+18,2.342424413430298e+18,4.269079747094424e-19,0.09793949064526496,-13.023402703429912,-5.413579571169965,0.03331070163969169,1.9182573208030385e-05,64,-173.1740951808566,88790624896.04175,88790624879.26373,5.579035186699421,1.661840268645805,88790654868.53098,2.342425204590309e+18,2.342424413430298e+18,2.342425204590309e+18,3.37752517861237e-05,173.1740951808566,2.3424244139706967e+18,88790624899.74777,26381438.54281344,4.684848827941393e+18,177581250000.0,0.5,0.09793950717362658,True,True,True,True,-2.3070054631302195e-10,False,False,True,-13.256466474732292,-13.256466472522845,-13.023402703429912,-13.023402703429912,-0.23306377130237976,True,0.25,4,32,-1.3671875e-06,1.0416666666666667e-06,20,64,15000.0,960000.0,1,1.0,15000.0,exponential_tdl,,unknown_amplitude_exact,,2.3424244139706967e+18,88790624899.74777,quad_over_lin,1e-12,-13.256466474732292,0.2173585239870126,249.0,1.0416666666666667e-06,-5.416425822524547,-0.23306377130237976,249.0,1985.0,1.0,249.0,True,1.0,dense_psl_satisfied,False,0.5085204219976731,0.0,249.0,-13.023402703429912,-13.256466472522845,,0.0
uniform,Uniform,ok,ok,1.452699871151708e-05,False,,none,360.0005581889087,5400008.372833631,1.0,3.357142857142857,1608513.132333422,76781250000.0,2.0255998281153943e+18,2.0255998281153943e+18,2.0255998281153943e+18,4.936809265680052e-19,0.10532073506634214,-13.256466474732292,-9.684463547443015,0.015625,0.0,64,0.0,76781250000.0,76781250000.0,5.400008372833631,1.608513132333422,76781250000.0,2.0255998281153943e+18,2.0255998281153943e+18,2.0255998281153943e+18,0.0,0.0,2.3424244139706967e+18,88790624899.74777,26381438.54281344,4.684848827941393e+18,177581250000.0,0.5,0.09793950717362658,False,False,False,False,-0.13525498793715435,False,False,True,-13.256466474732292,-13.456972739469613,-13.256466474732292,-13.256466474732292,0.0,True,0.25,4,32,-1.4973958333333334e-06,1.0416666666666667e-06,21,64,15000.0,960000.0,1,1.0,15000.0,exponential_tdl,,,,,,,,,,,,,,,,,,,,,,,,,,,,
water_filling,Water-filling,ok,ok,0.0001981450004677754,False,,none,360.0029299266059,5400043.948899088,1.000000000000342,3.357142857143834,1608523.7294588347,76388667611.28793,2.015242939954596e+18,2.015242939954596e+18,2.0152026267847772e+18,4.962180887345177e-19,0.10559102436204432,-13.382243600331842,-9.814479197667044,0.015745408157258108,1.3145360474594174e-08,64,1236.1587216323626,76387139522.87674,76387139522.90286,5.400043948899088,1.6085237294588348,76388667611.28793,2.015242939954596e+18,2.0152026267847772e+18,2.015242939954596e+18,0.0020004124078354677,1236.1587216323626,2.3424244139706967e+18,88790624899.74777,26381438.54281344,4.684848827941393e+18,177581250000.0,0.5,0.09793950717362658,False,False,False,False,-0.1396936375979955,False,False,True,-13.256466474732292,-13.570672387434923,-13.382243600331842,-13.382243600331842,0.12577712559954968,True,0.25,4,32,-1.4973958333333334e-06,1.0416666666666667e-06,21,64,15000.0,960000.0,1,1.0,15000.0,exponential_tdl,0.015965812049819422,,,,,,,,,,,,,,,,,,,,,,,,,,,
conventional_s2,Conventional $S_2$,ok,optimal,0.007697259999986272,False,,conventional_s2,358.654528431455,5379817.926471825,0.9999999995525126,3.357142855864322,1602498.9574316905,88790624905.46178,2.342424414121441e+18,2.342424414121441e+18,2.342384088188217e+18,4.269081187727733e-19,0.0979395071704752,-10.560030930272738,-6.235098566378347,0.02284477236706349,7.669527498314764e-06,64,1236.3543942682809,88789096373.00623,88789096333.27423,5.379817926471825,1.6024989574316906,88790624905.46178,2.34242441412144e+18,2.342384088188217e+18,2.342424414121441e+18,0.0017215468290386995,1236.3543942682809,2.3424244139706967e+18,88790624899.74777,26381438.54281344,4.684848827941393e+18,177581250000.0,0.5,0.09793950717362658,True,False,True,True,-1.7215403937630097e-05,True,False,True,-13.256466474732292,-11.023416451231059,-10.551827910140155,-10.551827910140155,-2.7046385645921376,False,0.25,4,32,-1.3997395833333333e-06,1.0416666666666667e-06,21,64,15000.0,960000.0,1,1.0,15000.0,exponential_tdl,,known_amplitude_linear,88790624899.74777,,,,,,,,,,,,,,,,,,,,,,,,,
exact_efim,Exact EFIM,ok,optimal,0.00995343800241244,False,,exact_efim,358.6543139688762,5379814.709533143,0.999999998992942,3.3571428542655486,1602497.9999577943,88791301882.91122,2.3424422737604183e+18,2.3424422737604183e+18,2.342424419902868e+18,4.2690486386870876e-19,0.0979391338064027,-10.559908050665339,-6.234952314073631,0.02278381449387195,7.667902953381058e-06,64,822.6532091864073,88790625214.02663,88790625124.60931,5.379814709533143,1.6024979999577944,88791301882.91122,2.342442273760418e+18,2.342424419902868e+18,2.3424422737604183e+18,0.0007621898627057508,822.6532091864073,2.3424244139706967e+18,88790624899.74777,26381438.54281344,4.684848827941393e+18,177581250000.0,0.5,0.09793950717362658,True,True,True,True,2.5324920747151207e-09,False,False,True,-13.256466474732292,-11.023274497777376,-10.551697884133052,-10.551697884133052,-2.7047685905992402,False,0.25,4,32,-1.3997395833333333e-06,1.0416666666666667e-06,21,64,15000.0,960000.0,1,1.0,15000.0,exponential_tdl,,unknown_amplitude_exact,,2.3424244139706967e+18,88790624899.74777,quad_over_lin,1e-12,,,,,,,,,,,,,,,,,,,,,
conventional_s2_psl,Conventional $S_2$+PSL,ok,optimal,0.49887249099992914,False,,conventional_s2,357.4209363068836,5361314.044603255,0.9999999995491735,3.357142855854782,1596987.1628349812,88790624867.92426,2.342424413131146e+18,2.342424413131146e+18,2.3423818998571064e+18,4.2690811895325506e-19,0.09793950719117787,-13.023479198922168,-5.414995449599493,0.03341381218797176,1.916733918334504e-05,64,1269.4425159682166,88789013423.65207,88789013383.62363,5.361314044603255,1.5969871628349812,88790624867.92426,2.342424413131146e+18,2.3423818998571064e+18,2.342424413131146e+18,0.0018149261850878683,1269.4425159682166,2.3424244139706967e+18,88790624899.74777,26381438.54281344,4.684848827941393e+18,177581250000.0,0.5,0.09793950717362658,True,False,True,True,-1.8149620255283012e-05,True,False,True,-13.256466474732292,-13.256466470936722,-13.023479198922168,-13.023479198922168,-0.23298727581012457,True,0.25,4,32,-1.3671875e-06,1.0416666666666667e-06,21,64,15000.0,960000.0,1,1.0,15000.0,exponential_tdl,,known_amplitude_linear,88790624899.74777,,,,,-13.256466474732292,0.2173585239870126,249.0,1.0416666666666667e-06,,,,,,,,,,,,,,,,,
exact_efim_sampled_psl,Exact EFIM+sampled PSL,ok,optimal,0.49114448500040453,False,,exact_efim,357.4205813041923,5361308.719562884,0.9999999994452333,3.3571428555578096,1596985.5767940118,88790919895.60559,2.34243219638579e+18,2.34243219638579e+18,2.342424409961101e+18,4.2690670045559075e-19,0.09793934447808877,-13.023482455585413,-5.41486041591936,0.0333084441521861,1.9165513806483705e-05,64,543.27510845312,88790624797.02037,88790624747.76228,5.361308719562884,1.5969855767940118,88790919895.60559,2.34243219638579e+18,2.342424409961101e+18,2.34243219638579e+18,0.00033240768723918294,543.27510845312,2.3424244139706967e+18,88790624899.74777,26381438.54281344,4.684848827941393e+18,177581250000.0,0.5,0.09793950717362658,True,True,True,True,-1.7117290445258138e-09,False,False,True,-13.256466474732292,-13.25646646652652,-13.023482455585413,-13.023482455585413,-0.23298401914687972,True,0.25,4,32,-1.3671875e-06,1.0416666666666667e-06,21,64,15000.0,960000.0,1,1.0,15000.0,exponential_tdl,,unknown_amplitude_exact,,2.3424244139706967e+18,88790624899.74777,quad_over_lin,1e-12,-13.256466474732292,0.2173585239870126,249.0,1.0416666666666667e-06,,,,,,,,,,,,,,,,,
exact_efim_cutting_plane_psl,Exact EFIM+cutting-plane PSL,ok,optimal,0.5079987899989646,False,,exact_efim,357.4205813041923,5361308.719562884,0.9999999994452333,3.3571428555578096,1596985.5767940118,88790919895.60559,2.34243219638579e+18,2.34243219638579e+18,2.342424409961101e+18,4.2690670045559075e-19,0.09793934447808877,-13.023482455585413,-5.41486041591936,0.0333084441521861,1.9165513806483705e-05,64,543.27510845312,88790624797.02037,88790624747.76228,5.361308719562884,1.5969855767940118,88790919895.60559,2.34243219638579e+18,2.342424409961101e+18,2.34243219638579e+18,0.00033240768723918294,543.27510845312,2.3424244139706967e+18,88790624899.74777,26381438.54281344,4.684848827941393e+18,177581250000.0,0.5,0.09793950717362658,True,True,True,True,-1.7117290445258138e-09,False,False,True,-13.256466474732292,-13.25646646652652,-13.023482455585413,-13.023482455585413,-0.23298401914687972,True,0.25,4,32,-1.3671875e-06,1.0416666666666667e-06,21,64,15000.0,960000.0,1,1.0,15000.0,exponential_tdl,,unknown_amplitude_exact,,2.3424244139706967e+18,88790624899.74777,quad_over_lin,1e-12,-13.256466474732292,0.2173585239870126,249.0,1.0416666666666667e-06,-5.417708660946769,-0.23298401914687972,249.0,1985.0,1.0,249.0,True,1.0,dense_psl_satisfied,False,0.5079987899989646,0.0,249.0,-13.023482455585413,-13.25646646652652,,0.0
uniform,Uniform,ok,ok,1.6566998965572566e-05,False,,none,215.3167140726595,3229750.7110898923,1.0,3.357142857142857,962053.4033033722,76781250000.0,2.0255998281153943e+18,2.0255998281153943e+18,2.0255998281153943e+18,4.936809265680052e-19,0.10532073506634214,-13.256466474732292,-9.684463547443015,0.015625,0.0,64,0.0,76781250000.0,76781250000.0,3.2297507110898924,0.9620534033033722,76781250000.0,2.0255998281153943e+18,2.0255998281153943e+18,2.0255998281153943e+18,0.0,0.0,2.3424244139706967e+18,88790624899.74777,26381438.54281344,4.684848827941393e+18,177581250000.0,0.5,0.09793950717362658,False,False,False,False,-0.13525498793715435,False,False,True,-13.256466474732292,-13.456972739469613,-13.256466474732292,-13.256466474732292,0.0,True,0.25,4,32,-1.4973958333333334e-06,1.0416666666666667e-06,22,64,15000.0,960000.0,1,1.0,15000.0,exponential_tdl,,,,,,,,,,,,,,,,,,,,,,,,,,,,
water_filling,Water-filling,ok,ok,0.00019982999947387725,False,,none,215.3552746445581,3230329.1196683715,0.9999999999990583,3.357142857140167,962225.695221137,77412386319.56734,2.042250112142197e+18,2.042250112142197e+18,2.0422497580481362e+18,4.896559897607548e-19,0.10489052109187233,-12.99597307024565,-9.436270810614598,0.016595115143456244,2.5315501815363616e-07,64,-115.85374699188647,77412372897.54953,77412372897.47664,3.2303291196683714,0.962225695221137,77412386319.56734,2.0422501121421975e+18,2.0422497580481362e+18,2.042250112142197e+18,1.733842778094289e-05,115.85374699188647,2.3424244139706967e+18,88790624899.74777,26381438.54281344,4.684848827941393e+18,177581250000.0,0.5,0.09793950717362658,False,False,False,False,-0.12814699767141158,False,False,True,-13.256466474732292,-13.212632457364704,-12.99597307024565,-12.99597307024565,-0.2604934044866418,False,0.25,4,32,-1.4973958333333334e-06,1.0416666666666667e-06,22,64,15000.0,960000.0,1,1.0,15000.0,exponential_tdl,0.017386477568748,,,,,,,,,,,,,,,,,,,,,,,,,,,
conventional_s2,Conventional $S_2$,ok,optimal,0.0073222840001108125,False,,conventional_s2,214.38879062421813,3215831.859363272,0.999999996216544,3.357142846332983,957907.3654479536,88790624624.36835,2.342424406705791e+18,2.342424406705791e+18,2.342424056409943e+18,4.2690812012427954e-19,0.09793950732550369,-10.420209482594583,-6.220604734581666,0.02307594586487149,7.772681935895423e-06,64,-115.23071569346617,88790611682.18594,88790611346.25056,3.2158318593632718,0.9579073654479536,88790624624.36835,2.342424406705791e+18,2.342424056409943e+18,2.342424406705791e+18,1.4954414192969823e-05,115.23071569346617,2.3424244139706967e+18,88790624899.74777,26381438.54281344,4.684848827941393e+18,177581250000.0,0.5,0.09793950717362658,True,True,True,True,-1.526455887034966e-07,False,False,True,-13.256466474732292,-10.89945190613159,-10.41745984784356,-10.41745984784356,-2.8390066268887324,False,0.25,4,32,-1.3997395833333333e-06,1.0416666666666667e-06,22,64,15000.0,960000.0,1,1.0,15000.0,exponential_tdl,,known_amplitude_linear,88790624899.74777,,,,,,,,,,,,,,,,,,,,,,,,,
exact_efim,Exact EFIM,ok,optimal,0.008944478002376854,False,,exact_efim,214.38878911458488,3215831.836718773,0.9999999970857345,3.3571428488163844,957907.3579941846,88790631024.38531,2.342424575547445e+18,2.342424575547445e+18,2.3424244030729907e+18,4.2690808935279857e-19,0.09793950379577024,-10.420146971882517,-6.220528493429384,0.02307927178423417,7.773144210680027e-06,64,-80.85616788406595,88790624745.42491,88790624486.66545,3.215831836718773,0.9579073579941846,88790631024.38531,2.342424575547445e+18,2.3424244030729907e+18,2.342424575547445e+18,7.3630739844714614e-06,80.85616788406595,2.3424244139706967e+18,88790624899.74777,26381438.54281344,4.684848827941393e+18,177581250000.0,0.5,0.09793950717362658,True,True,True,True,-4.65231916086763e-09,False,False,True,-13.256466474732292,-10.899435175597995,-10.417408699403001,-10.417408699403001,-2.839057775329291,False,0.25,4,32,-1.3997395833333333e-06,1.0416666666666667e-06,22,64,15000.0,960000.0,1,1.0,15000.0,exponential_tdl,,unknown_amplitude_exact,,2.3424244139706967e+18,88790624899.74777,quad_over_lin,1e-12,,,,,,,,,,,,,,,,,,,,,
conventional_s2_psl,Conventional $S_2$+PSL,ok,optimal,0.47425683900291915,False,,conventional_s2,213.19892929825733,3197983.93947386,0.9999999994824136,3.357142855664039,952590.9611139568,88790624855.78073,2.342424412810782e+18,2.342424412810782e+18,2.342420633590279e+18,4.2690811901164155e-19,0.09793950719787528,-13.02382427922872,-5.4068844669145815,0.033278087862865784,1.9284724778481562e-05,64,-378.487795003934,88790481648.72658,88790481602.76984,3.19798393947386,0.9525909611139568,88790624855.78073,2.3424244128107827e+18,2.342420633590279e+18,2.342424412810782e+18,0.00016133799162830362,378.487795003934,2.3424244139706967e+18,88790624899.74777,26381438.54281344,4.684848827941393e+18,177581250000.0,0.5,0.09793950717362658,True,False,True,True,-1.6138750923995842e-06,True,False,True,-13.256466474732292,-13.25646645457608,-13.02382427922872,-13.02382427922872,-0.23264219550357268,True,0.25,4,32,-1.3671875e-06,1.0416666666666667e-06,22,64,15000.0,960000.0,1,1.0,15000.0,exponential_tdl,,known_amplitude_linear,88790624899.74777,,,,,-13.256466474732292,0.2173585239870126,249.0,1.0416666666666667e-06,,,,,,,,,,,,,,,,,
exact_efim_sampled_psl,Exact EFIM+sampled PSL,ok,optimal,0.5085852400006843,False,,exact_efim,213.1989011105015,3197983.5166575224,0.9999999994154951,3.3571428554728433,952590.8352229164,88790650554.04489,2.3424250907679596e+18,2.3424250907679596e+18,2.342424409505081e+18,4.2690799545361425e-19,0.09793949302478669,-13.023710413534788,-5.406701841825905,0.03333002585235981,1.9285903889080787e-05,64,-160.6971320775003,88790624782.37521,88790624730.47665,3.1979835166575223,0.9525908352229164,88790650554.04489,2.3424250907679596e+18,2.342424409505081e+18,2.3424250907679596e+18,2.908365699313139e-05,160.6971320775003,2.3424244139706967e+18,88790624899.74777,26381438.54281344,4.684848827941393e+18,177581250000.0,0.5,0.09793950717362658,True,True,True,True,-1.9064076712000426e-09,False,False,True,-13.256466474732292,-13.256466457487342,-13.023710413534788,-13.023710413534788,-0.23275606119750414,True,0.25,4,32,-1.3671875e-06,1.0416666666666667e-06,22,64,15000.0,960000.0,1,1.0,15000.0,exponential_tdl,,unknown_amplitude_exact,,2.3424244139706967e+18,88790624899.74777,quad_over_lin,1e-12,-13.256466474732292,0.2173585239870126,249.0,1.0416666666666667e-06,,,,,,,,,,,,,,,,,
exact_efim_cutting_plane_psl,Exact EFIM+cutting-plane PSL,ok,optimal,0.5094015879985818,False,,exact_efim,213.1989011105015,3197983.5166575224,0.9999999994154951,3.3571428554728433,952590.8352229164,88790650554.04489,2.3424250907679596e+18,2.3424250907679596e+18,2.342424409505081e+18,4.2690799545361425e-19,0.09793949302478669,-13.023710413534788,-5.406701841825905,0.03333002585235981,1.9285903889080787e-05,64,-160.6971320775003,88790624782.37521,88790624730.47665,3.1979835166575223,0.9525908352229164,88790650554.04489,2.3424250907679596e+18,2.342424409505081e+18,2.3424250907679596e+18,2.908365699313139e-05,160.6971320775003,2.3424244139706967e+18,88790624899.74777,26381438.54281344,4.684848827941393e+18,177581250000.0,0.5,0.09793950717362658,True,True,True,True,-1.9064076712000426e-09,False,False,True,-13.256466474732292,-13.256466457487342,-13.023710413534788,-13.023710413534788,-0.23275606119750414,True,0.25,4,32,-1.3671875e-06,1.0416666666666667e-06,22,64,15000.0,960000.0,1,1.0,15000.0,exponential_tdl,,unknown_amplitude_exact,,2.3424244139706967e+18,88790624899.74777,quad_over_lin,1e-12,-13.256466474732292,0.2173585239870126,249.0,1.0416666666666667e-06,-5.409566964017395,-0.23275606119750414,249.0,1985.0,1.0,249.0,True,1.0,dense_psl_satisfied,False,0.5094015879985818,0.0,249.0,-13.023710413534788,-13.256466457487342,,0.0
uniform,Uniform,ok,ok,1.4382003428181633e-05,False,,none,263.2606499522283,3948909.749283424,1.0,3.357142857142857,1176270.989148254,76781250000.0,2.0255998281153943e+18,2.0255998281153943e+18,2.0255998281153943e+18,4.936809265680052e-19,0.10532073506634214,-13.256466474732292,-9.684463547443015,0.015625,0.0,64,0.0,76781250000.0,76781250000.0,3.948909749283424,1.1762709891482541,76781250000.0,2.0255998281153943e+18,2.0255998281153943e+18,2.0255998281153943e+18,0.0,0.0,2.3424244139706967e+18,88790624899.74777,26381438.54281344,4.684848827941393e+18,177581250000.0,0.5,0.09793950717362658,False,False,False,False,-0.13525498793715435,False,False,True,-13.256466474732292,-13.456972739469613,-13.256466474732292,-13.256466474732292,0.0,True,0.25,4,32,-1.4973958333333334e-06,1.0416666666666667e-06,23,64,15000.0,960000.0,1,1.0,15000.0,exponential_tdl,,,,,,,,,,,,,,,,,,,,,,,,,,,,
water_filling,Water-filling,ok,ok,0.00022763499873690307,False,,none,265.43273157719335,3981490.9736579005,1.0000000000008233,3.3571428571452095,1185976.0347057777,86032610191.51917,2.2696640184453883e+18,2.2696640184453883e+18,2.2647092442376276e+18,4.40593846434131e-19,0.09949698502998085,-9.29212152857265,-5.635277790637316,0.01807217295830732,1.9483089288636817e-05,62,-13704.484292460043,85844797301.72604,85844797301.79672,3.9814909736579005,1.1859760347057777,86032610191.51917,2.269664018445388e+18,2.2647092442376276e+18,2.2696640184453883e+18,0.21830430264098843,13704.484292460043,2.3424244139706967e+18,88790624899.74777,26381438.54281344,4.684848827941393e+18,177581250000.0,0.5,0.09793950717362658,False,False,False,False,-0.033177236912986366,False,False,True,-13.256466474732292,-9.521270105594152,-9.265393330876625,-9.265393330876625,-3.991073143855667,False,0.25,4,32,-1.46484375e-06,1.0416666666666667e-06,23,64,15000.0,960000.0,1,1.0,15000.0,exponential_tdl,0.01826618064229439,,,,,,,,,,,,,,,,,,,,,,,,,,,
conventional_s2,Conventional $S_2$,ok,optimal,0.007473585999832721,False,,conventional_s2,265.37703019313005,3980655.4528969508,0.9999999991845305,3.3571428548129445,1185727.1570049848,88790624984.62366,2.342424416209844e+18,2.342424416209844e+18,2.3375435299575695e+18,4.2690811839216065e-19,0.0979395071268159,-8.809927055626835,-5.129681303041481,0.019489371518130953,2.190740332793434e-05,64,-13601.91657488657,88605612922.51953,88605612850.26436,3.9806554528969507,1.1857271570049848,88790624984.62366,2.342424416209844e+18,2.3375435299575695e+18,2.342424416209844e+18,0.2083689966044752,13601.91657488657,2.3424244139706967e+18,88790624899.74777,26381438.54281344,4.684848827941393e+18,177581250000.0,0.5,0.09793950717362658,True,False,True,True,-0.002083689012126317,True,False,True,-13.256466474732292,-9.15056788227387,-8.806382298873626,-8.806382298873626,-4.450084175858667,False,0.25,4,32,-1.46484375e-06,1.0416666666666667e-06,23,64,15000.0,960000.0,1,1.0,15000.0,exponential_tdl,,known_amplitude_linear,88790624899.74777,,,,,,,,,,,,,,,,,,,,,,,,,
exact_efim,Exact EFIM,ok,optimal,0.008804610999504803,False,,exact_efim,265.3701025327356,3980551.537991034,0.9999999997267428,3.3571428563621226,1185696.2030815845,88942816963.4774,2.3464394595466834e+18,2.3464394595466834e+18,2.3424244171688074e+18,4.2617762667236825e-19,0.09785567804598222,-8.784492469976284,-5.098518641015888,0.01943660365489754,2.1983587517453937e-05,64,-12336.609848147344,88790625045.23627,88790625020.97359,3.9805515379910337,1.1856962030815845,88942816963.4774,2.346439459546684e+18,2.3424244171688074e+18,2.3464394595466834e+18,0.1711121231592162,12336.609848147344,2.3424244139706967e+18,88790624899.74777,26381438.54281344,4.684848827941393e+18,177581250000.0,0.5,0.09793950717362658,True,True,True,True,1.365299431190102e-09,False,False,True,-13.256466474732292,-9.127892723676569,-8.781694505095473,-8.781694505095473,-4.474771969636819,False,0.25,4,32,-1.46484375e-06,1.0416666666666667e-06,23,64,15000.0,960000.0,1,1.0,15000.0,exponential_tdl,,unknown_amplitude_exact,,2.3424244139706967e+18,88790624899.74777,quad_over_lin,1e-12,,,,,,,,,,,,,,,,,,,,,
conventional_s2_psl,Conventional $S_2$+PSL,ok,optimal,0.4909642120001081,False,,conventional_s2,262.0577623698358,3930866.435547537,0.9999999994105397,3.3571428554586853,1170896.3856441148,88790624850.62457,2.3424244126747556e+18,2.3424244126747556e+18,2.337162218756127e+18,4.2690811903643246e-19,0.09793950720071898,-13.028700997878992,-4.642256915572913,0.03971382004695447,3.132682052813201e-05,64,-14123.235069486142,88591159134.13515,88591159081.91418,3.930866435547537,1.1708963856441148,88790624850.62457,2.342424412674756e+18,2.337162218756127e+18,2.3424244126747556e+18,0.22464733078065835,14123.235069486142,2.3424244139706967e+18,88790624899.74777,26381438.54281344,4.684848827941393e+18,177581250000.0,0.5,0.09793950717362658,True,False,True,True,-0.002246473859811513,True,False,True,-13.256466474732292,-13.256466458462132,-13.028700997878992,-13.028700997878992,-0.22776547685329973,True,0.25,4,32,-1.3671875e-06,1.0416666666666667e-06,23,64,15000.0,960000.0,1,1.0,15000.0,exponential_tdl,,known_amplitude_linear,88790624899.74777,,,,,-13.256466474732292,0.2173585239870126,249.0,1.0416666666666667e-06,,,,,,,,,,,,,,,,,
exact_efim_sampled_psl,Exact EFIM+sampled PSL,ok,optimal,0.509878041997581,False,,exact_efim,262.0139204684292,3930208.807026438,0.9999999997192459,3.357142856340703,1170700.4959897294,88823976820.58034,2.343304285620425e+18,2.343304285620425e+18,2.342424411930603e+18,4.2674782192669226e-19,0.09792111812209763,-13.019160527456448,-4.664775899769539,0.03721631858545213,3.0440306920605948e-05,64,-5775.118888175634,88790624847.34547,88790624822.41714,3.930208807026438,1.1707004959897294,88823976820.58034,2.3433042856204257e+18,2.342424411930603e+18,2.343304285620425e+18,0.037548418070222925,5775.118888175634,2.3424244139706967e+18,88790624899.74777,26381438.54281344,4.684848827941393e+18,177581250000.0,0.5,0.09793950717362658,True,True,True,True,-8.70932561935602e-10,False,False,True,-13.256466474732292,-13.25646646596982,-13.019160527456448,-13.019160527456448,-0.23730594727584453,True,0.25,4,32,-1.3671875e-06,1.0416666666666667e-06,23,64,15000.0,960000.0,1,1.0,15000.0,exponential_tdl,,unknown_amplitude_exact,,2.3424244139706967e+18,88790624899.74777,quad_over_lin,1e-12,-13.256466474732292,0.2173585239870126,249.0,1.0416666666666667e-06,,,,,,,,,,,,,,,,,
exact_efim_cutting_plane_psl,Exact EFIM+cutting-plane PSL,ok,optimal,0.5210728749989357,False,,exact_efim,262.0139204684292,3930208.807026438,0.9999999997192459,3.357142856340703,1170700.4959897294,88823976820.58034,2.343304285620425e+18,2.343304285620425e+18,2.342424411930603e+18,4.2674782192669226e-19,0.09792111812209763,-13.019160527456448,-4.664775899769539,0.03721631858545213,3.0440306920605948e-05,64,-5775.118888175634,88790624847.34547,88790624822.41714,3.930208807026438,1.1707004959897294,88823976820.58034,2.3433042856204257e+18,2.342424411930603e+18,2.343304285620425e+18,0.037548418070222925,5775.118888175634,2.3424244139706967e+18,88790624899.74777,26381438.54281344,4.684848827941393e+18,177581250000.0,0.5,0.09793950717362658,True,True,True,True,-8.70932561935602e-10,False,False,True,-13.256466474732292,-13.25646646596982,-13.019160527456448,-13.019160527456448,-0.23730594727584453,True,0.25,4,32,-1.3671875e-06,1.0416666666666667e-06,23,64,15000.0,960000.0,1,1.0,15000.0,exponential_tdl,,unknown_amplitude_exact,,2.3424244139706967e+18,88790624899.74777,quad_over_lin,1e-12,-13.256466474732292,0.2173585239870126,249.0,1.0416666666666667e-06,-4.667547724330182,-0.23730594727584453,249.0,1985.0,1.0,249.0,True,1.0,dense_psl_satisfied,False,0.5210728749989357,0.0,249.0,-13.019160527456448,-13.25646646596982,,0.0
uniform,Uniform,ok,ok,1.4828998246230185e-05,False,,none,440.7359407614124,6611039.111421186,1.0,3.357142857142857,1969245.6927637574,76781250000.0,2.0255998281153943e+18,2.0255998281153943e+18,2.0255998281153943e+18,4.936809265680052e-19,0.10532073506634214,-13.256466474732292,-9.684463547443015,0.015625,0.0,64,0.0,76781250000.0,76781250000.0,6.611039111421186,1.9692456927637574,76781250000.0,2.0255998281153943e+18,2.0255998281153943e+18,2.0255998281153943e+18,0.0,0.0,2.3424244139706967e+18,88790624899.74777,26381438.54281344,4.684848827941393e+18,177581250000.0,0.5,0.09793950717362658,False,False,False,False,-0.13525498793715435,False,False,True,-13.256466474732292,-13.456972739469613,-13.256466474732292,-13.256466474732292,0.0,True,0.25,4,32,-1.4973958333333334e-06,1.0416666666666667e-06,24,64,15000.0,960000.0,1,1.0,15000.0,exponential_tdl,,,,,,,,,,,,,,,,,,,,,,,,,,,,
water_filling,Water-filling,ok,ok,0.00020017999850097112,False,,none,440.7503571908521,6611255.357862782,1.0000000000004503,3.3571428571441437,1969310.1065966696,76073891559.56235,2.006938694891248e+18,2.006938694891248e+18,2.006618417778246e+18,4.982713236560462e-19,0.1058092543863627,-13.383665163760682,-9.902921483104407,0.015773359928711986,8.084042099779096e-08,64,-3484.285357955985,76061751315.07242,76061751315.10667,6.611255357862782,1.9693101065966696,76073891559.56235,2.006938694891248e+18,2.006618417778246e+18,2.006938694891248e+18,0.01595849010323632,3484.285357955985,2.3424244139706967e+18,88790624899.74777,26381438.54281344,4.684848827941393e+18,177581250000.0,0.5,0.09793950717362658,False,False,False,False,-0.1433583061163619,False,False,True,-13.256466474732292,-13.552802891857569,-13.383665163760682,-13.383665163760682,0.12719868902838982,True,0.25,4,32,-1.4973958333333334e-06,1.0416666666666667e-06,24,64,15000.0,960000.0,1,1.0,15000.0,exponential_tdl,0.015839681734348434,,,,,,,,,,,,,,,,,,,,,,,,,,,
conventional_s2,Conventional $S_2$,ok,optimal,0.008005812000192236,False,,conventional_s2,439.3129083803751,6589693.625705627,0.9999999995838893,3.3571428559539696,1962887.4636712747,88790624914.25514,2.3424244143534223e+18,2.3424244143534223e+18,2.3421041104097403e+18,4.2690811873049454e-19,0.09793950716562548,-10.521847163479272,-6.234573565971122,0.023296052024886684,7.674080531332465e-06,64,-3484.4313007161163,88778483689.71246,88778483652.77078,6.5896936257056264,1.9628874636712748,88790624914.25514,2.342424414353422e+18,2.3421041104097403e+18,2.3424244143534223e+18,0.01367403540192614,3484.4313007161163,2.3424244139706967e+18,88790624899.74777,26381438.54281344,4.684848827941393e+18,177581250000.0,0.5,0.09793950717362658,True,False,True,True,-0.00013674019065292365,True,False,True,-13.256466474732292,-10.990818931454784,-10.51545153231647,-10.51545153231647,-2.7410149424158217,False,0.25,4,32,-1.3997395833333333e-06,1.0416666666666667e-06,24,64,15000.0,960000.0,1,1.0,15000.0,exponential_tdl,,known_amplitude_linear,88790624899.74777,,,,,,,,,,,,,,,,,,,,,,,,,
exact_efim,Exact EFIM,ok,optimal,0.009481101998972008,False,,exact_efim,439.3111587674143,6589667.381511215,0.9999999996000257,3.3571428560000736,1962879.6462247034,88795884940.34314,2.342563181408396e+18,2.342563181408396e+18,2.342424413019762e+18,4.26882829857669e-19,0.09793660628799732,-10.521166411955615,-6.234255319039327,0.023120017068663377,7.654847474791429e-06,64,-2293.4856971544423,88790624899.21616,88790624863.7022,6.589667381511215,1.9628796462247033,88795884940.34314,2.342563181408396e+18,2.342424413019762e+18,2.342563181408396e+18,0.0059237842434699955,2293.4856971544423,2.3424244139706967e+18,88790624899.74777,26381438.54281344,4.684848827941393e+18,177581250000.0,0.5,0.09793950717362658,True,True,True,True,-4.059616704506803e-10,False,False,True,-13.256466474732292,-10.989637850976187,-10.514632425776124,-10.514632425776124,-2.741834048956168,False,0.25,4,32,-1.3997395833333333e-06,1.0416666666666667e-06,24,64,15000.0,960000.0,1,1.0,15000.0,exponential_tdl,,unknown_amplitude_exact,,2.3424244139706967e+18,88790624899.74777,quad_over_lin,1e-12,,,,,,,,,,,,,,,,,,,,,
conventional_s2_psl,Conventional $S_2$+PSL,ok,optimal,0.4630214999997406,False,,conventional_s2,438.02081689023004,6570312.25335345,0.9999999998779388,3.357142856794111,1957114.2884362515,88790624892.77426,2.342424413786726e+18,2.342424413786726e+18,2.3421082103626604e+18,4.269081188337753e-19,0.0979395071774726,-13.023123708790603,-5.40971742643534,0.034038161151048955,1.9261330224842013e-05,64,-3462.0556741742225,88778639074.12106,88778639063.28464,6.570312253353451,1.9571142884362516,88790624892.77426,2.3424244137867254e+18,2.3421082103626604e+18,2.342424413786726e+18,0.013498980893661649,3462.0556741742225,2.3424244139706967e+18,88790624899.74777,26381438.54281344,4.684848827941393e+18,177581250000.0,0.5,0.09793950717362658,True,False,True,True,-0.00013498988746464953,True,False,True,-13.256466474732292,-13.256466476074145,-13.023123708790603,-13.023123708790603,-0.23334276594168912,True,0.25,4,32,-1.3671875e-06,1.0416666666666667e-06,24,64,15000.0,960000.0,1,1.0,15000.0,exponential_tdl,,known_amplitude_linear,88790624899.74777,,,,,-13.256466474732292,0.2173585239870126,249.0,1.0416666666666667e-06,,,,,,,,,,,,,,,,,
exact_efim_sampled_psl,Exact EFIM+sampled PSL,ok,optimal,0.5031846450001467,False,,exact_efim,438.01814820430025,6570272.223064504,0.9999999996474955,3.3571428561357015,1957102.3649042244,88792760340.97244,2.342480749982127e+18,2.342480749982127e+18,2.3424244121782845e+18,4.2689785177855994e-19,0.09793832945757283,-13.023393338173012,-5.409966311713826,0.033483392842889856,1.923340861499178e-05,64,-1461.3381427902054,88790624863.1047,88790624831.80562,6.570272223064504,1.9571023649042245,88792760340.97244,2.342480749982127e+18,2.3424244121782845e+18,2.342480749982127e+18,0.002405048743431076,1461.3381427902054,2.3424244139706967e+18,88790624899.74777,26381438.54281344,4.684848827941393e+18,177581250000.0,0.5,0.09793950717362658,True,True,True,True,-7.651953033402865e-10,False,False,True,-13.256466474732292,-13.256466477161773,-13.023393338173012,-13.023393338173012,-0.2330731365592804,True,0.25,4,32,-1.3671875e-06,1.0416666666666667e-06,24,64,15000.0,960000.0,1,1.0,15000.0,exponential_tdl,,unknown_amplitude_exact,,2.3424244139706967e+18,88790624899.74777,quad_over_lin,1e-12,-13.256466474732292,0.2173585239870126,249.0,1.0416666666666667e-06,,,,,,,,,,,,,,,,,
exact_efim_cutting_plane_psl,Exact EFIM+cutting-plane PSL,ok,optimal,0.5014897539986123,False,,exact_efim,438.01814820430025,6570272.223064504,0.9999999996474955,3.3571428561357015,1957102.3649042244,88792760340.97244,2.342480749982127e+18,2.342480749982127e+18,2.3424244121782845e+18,4.2689785177855994e-19,0.09793832945757283,-13.023393338173012,-5.409966311713826,0.033483392842889856,1.923340861499178e-05,64,-1461.3381427902054,88790624863.1047,88790624831.80562,6.570272223064504,1.9571023649042245,88792760340.97244,2.342480749982127e+18,2.3424244121782845e+18,2.342480749982127e+18,0.002405048743431076,1461.3381427902054,2.3424244139706967e+18,88790624899.74777,26381438.54281344,4.684848827941393e+18,177581250000.0,0.5,0.09793950717362658,True,True,True,True,-7.651953033402865e-10,False,False,True,-13.256466474732292,-13.256466477161773,-13.023393338173012,-13.023393338173012,-0.2330731365592804,True,0.25,4,32,-1.3671875e-06,1.0416666666666667e-06,24,64,15000.0,960000.0,1,1.0,15000.0,exponential_tdl,,unknown_amplitude_exact,,2.3424244139706967e+18,88790624899.74777,quad_over_lin,1e-12,-13.256466474732292,0.2173585239870126,249.0,1.0416666666666667e-06,-5.412813959633533,-0.2330731365592804,249.0,1985.0,1.0,249.0,True,1.0,dense_psl_satisfied,False,0.5014897539986123,0.0,249.0,-13.023393338173012,-13.256466477161773,,0.0
uniform,Uniform,ok,ok,1.5559999155811965e-05,False,,none,276.9726848842979,4154590.2732644686,1.0,3.357142857142857,1237537.5282064374,76781250000.0,2.0255998281153943e+18,2.0255998281153943e+18,2.0255998281153943e+18,4.936809265680052e-19,0.10532073506634214,-13.256466474732292,-9.684463547443015,0.015625,0.0,64,0.0,76781250000.0,76781250000.0,4.154590273264469,1.2375375282064374,76781250000.0,2.0255998281153943e+18,2.0255998281153943e+18,2.0255998281153943e+18,0.0,0.0,2.3424244139706967e+18,88790624899.74777,26381438.54281344,4.684848827941393e+18,177581250000.0,0.5,0.09793950717362658,False,False,False,False,-0.13525498793715435,False,False,True,-13.256466474732292,-13.456972739469613,-13.256466474732292,-13.256466474732292,0.0,True,0.25,4,32,-1.4973958333333334e-06,1.0416666666666667e-06,25,64,15000.0,960000.0,1,1.0,15000.0,exponential_tdl,,,,,,,,,,,,,,,,,,,,,,,,,,,,
water_filling,Water-filling,ok,ok,0.00020243200197000988,False,,none,277.00806707265826,4155121.006089874,0.9999999999993525,3.3571428571410076,1237695.6188359635,77361616919.33517,2.040910742330117e+18,2.040910742330117e+18,2.0404938184995246e+18,4.89977331815254e-19,0.104924933218064,-13.29406155814871,-9.491930943489187,0.016184805350565764,2.139732281050321e-07,64,-3975.384343602118,77345813238.7059,77345813238.65582,4.155121006089874,1.2376956188359636,77361616919.33517,2.040910742330117e+18,2.0404938184995246e+18,2.040910742330117e+18,0.020428322608391395,3975.384343602118,2.3424244139706967e+18,88790624899.74777,26381438.54281344,4.684848827941393e+18,177581250000.0,0.5,0.09793950717362658,False,False,False,False,-0.1288966225208363,False,False,True,-13.256466474732292,-13.542492584483782,-13.29406155814871,-13.29406155814871,0.03759508341641826,True,0.25,4,32,-1.4973958333333334e-06,1.0416666666666667e-06,25,64,15000.0,960000.0,1,1.0,15000.0,exponential_tdl,0.01654239724238395,,,,,,,,,,,,,,,,,,,,,,,,,,,
conventional_s2,Conventional $S_2$,ok,optimal,0.007896834998973645,False,,conventional_s2,275.9340583879383,4139010.8758190745,0.9999999976434801,3.3571428504099434,1232896.859099593,88790624777.15854,2.342424410736616e+18,2.342424410736616e+18,2.3420072051880484e+18,4.2690811938965947e-19,0.09793950724123693,-10.62248604651681,-6.225488982665634,0.022754784974904827,7.881186602761639e-06,64,-3976.7272172042153,88774810627.03535,88774810417.83575,4.139010875819075,1.232896859099593,88790624777.15854,2.342424410736616e+18,2.3420072051880484e+18,2.342424410736616e+18,0.017810843613790487,3976.7272172042153,2.3424244139706967e+18,88790624899.74777,26381438.54281344,4.684848827941393e+18,177581250000.0,0.5,0.09793950717362658,True,False,True,True,-0.00017810981654733523,True,False,True,-13.256466474732292,-11.067231761231932,-10.608919872688391,-10.608919872688391,-2.647546602043901,False,0.25,4,32,-1.3997395833333333e-06,1.0416666666666667e-06,25,64,15000.0,960000.0,1,1.0,15000.0,exponential_tdl,,known_amplitude_linear,88790624899.74777,,,,,,,,,,,,,,,,,,,,,,,,,
exact_efim,Exact EFIM,ok,optimal,0.009423535000678385,False,,exact_efim,275.932068825606,4138981.03238409,0.9999999977899243,3.3571428508283554,1232887.9694120912,88798108143.37874,2.3426218327026483e+18,2.3426218327026483e+18,2.342424404470662e+18,4.268721421614665e-19,0.09793538028032783,-10.620608679252097,-6.222279129671092,0.022934907504074266,7.876140093478194e-06,64,-2735.6176177404864,88790624735.87878,88790624539.64479,4.13898103238409,1.2328879694120911,88798108143.37874,2.342621832702648e+18,2.342424404470662e+18,2.3426218327026483e+18,0.00842766123110899,2735.6176177404864,2.3424244139706967e+18,88790624899.74777,26381438.54281344,4.684848827941393e+18,177581250000.0,0.5,0.09793950717362658,True,True,True,True,-4.0556418825469275e-09,False,False,True,-13.256466474732292,-11.066112587270133,-10.607199812086634,-10.607199812086634,-2.6492666626456582,False,0.25,4,32,-1.3997395833333333e-06,1.0416666666666667e-06,25,64,15000.0,960000.0,1,1.0,15000.0,exponential_tdl,,unknown_amplitude_exact,,2.3424244139706967e+18,88790624899.74777,quad_over_lin,1e-12,,,,,,,,,,,,,,,,,,,,,
conventional_s2_psl,Conventional $S_2$+PSL,ok,optimal,0.5036320959989098,False,,conventional_s2,274.81815186271365,4122272.277940705,0.9999999995542993,3.357142855869427,1227910.8917672574,88790624863.95529,2.342424413026439e+18,2.342424413026439e+18,2.341953416359082e+18,4.2690811897233794e-19,0.09793950719336685,-13.025931438335924,-5.415280406171745,0.03380665178231015,1.9224582182575183e-05,64,-4225.320731441536,88772771568.24579,88772771528.6797,4.122272277940705,1.2279108917672574,88790624863.95529,2.342424413026439e+18,2.341953416359082e+18,2.342424413026439e+18,0.02010723013036954,4225.320731441536,2.3424244139706967e+18,88790624899.74777,26381438.54281344,4.684848827941393e+18,177581250000.0,0.5,0.09793950717362658,True,False,True,True,-0.00020107270433384925,True,False,True,-13.256466474732292,-13.256466462987962,-13.025931438335924,-13.025931438335924,-0.2305350363963683,True,0.25,4,32,-1.3671875e-06,1.0416666666666667e-06,25,64,15000.0,960000.0,1,1.0,15000.0,exponential_tdl,,known_amplitude_linear,88790624899.74777,,,,,-13.256466474732292,0.2173585239870126,249.0,1.0416666666666667e-06,,,,,,,,,,,,,,,,,
exact_efim_sampled_psl,Exact EFIM+sampled PSL,ok,optimal,0.511973439999565,False,,exact_efim,274.81436452293815,4122215.4678440723,0.9999999993874051,3.357142855392586,1227893.9697852144,88793947612.6043,2.3425120719157166e+18,2.3425120719157166e+18,2.3424244091145523e+18,4.268921436900838e-19,0.09793767468440381,-13.025154291512981,-5.413036083324539,0.03318874313425903,1.9207653311777724e-05,64,-1822.8814917192024,88790624770.06616,88790624715.67348,4.122215467844073,1.2278939697852145,88793947612.6043,2.342512071915716e+18,2.3424244091145523e+18,2.3425120719157166e+18,0.003742256111090048,1822.8814917192024,2.3424244139706967e+18,88790624899.74777,26381438.54281344,4.684848827941393e+18,177581250000.0,0.5,0.09793950717362658,True,True,True,True,-2.073127463595822e-09,False,False,True,-13.256466474732292,-13.256466459745637,-13.025154291512981,-13.025154291512981,-0.2313121832193108,True,0.25,4,32,-1.3671875e-06,1.0416666666666667e-06,25,64,15000.0,960000.0,1,1.0,15000.0,exponential_tdl,,unknown_amplitude_exact,,2.3424244139706967e+18,88790624899.74777,quad_over_lin,1e-12,-13.256466474732292,0.2173585239870126,249.0,1.0416666666666667e-06,,,,,,,,,,,,,,,,,
exact_efim_cutting_plane_psl,Exact EFIM+cutting-plane PSL,ok,optimal,0.5134561310005665,False,,exact_efim,274.81436452293815,4122215.4678440723,0.9999999993874051,3.357142855392586,1227893.9697852144,88793947612.6043,2.3425120719157166e+18,2.3425120719157166e+18,2.3424244091145523e+18,4.268921436900838e-19,0.09793767468440381,-13.025154291512981,-5.413036083324539,0.03318874313425903,1.9207653311777724e-05,64,-1822.8814917192024,88790624770.06616,88790624715.67348,4.122215467844073,1.2278939697852145,88793947612.6043,2.342512071915716e+18,2.3424244091145523e+18,2.3425120719157166e+18,0.003742256111090048,1822.8814917192024,2.3424244139706967e+18,88790624899.74777,26381438.54281344,4.684848827941393e+18,177581250000.0,0.5,0.09793950717362658,True,True,True,True,-2.073127463595822e-09,False,False,True,-13.256466474732292,-13.256466459745637,-13.025154291512981,-13.025154291512981,-0.2313121832193108,True,0.25,4,32,-1.3671875e-06,1.0416666666666667e-06,25,64,15000.0,960000.0,1,1.0,15000.0,exponential_tdl,,unknown_amplitude_exact,,2.3424244139706967e+18,88790624899.74777,quad_over_lin,1e-12,-13.256466474732292,0.2173585239870126,249.0,1.0416666666666667e-06,-5.415930837241916,-0.2313121832193108,249.0,1985.0,1.0,249.0,True,1.0,dense_psl_satisfied,False,0.5134561310005665,0.0,249.0,-13.025154291512981,-13.256466459745637,,0.0
uniform,Uniform,ok,ok,1.486100154579617e-05,False,,none,271.84618435578614,4077692.765336792,1.0,3.357142857142857,1214631.8875471295,76781250000.0,2.0255998281153943e+18,2.0255998281153943e+18,2.0255998281153943e+18,4.936809265680052e-19,0.10532073506634214,-13.256466474732292,-9.684463547443015,0.015625,0.0,64,0.0,76781250000.0,76781250000.0,4.077692765336792,1.2146318875471296,76781250000.0,2.0255998281153943e+18,2.0255998281153943e+18,2.0255998281153943e+18,0.0,0.0,2.3424244139706967e+18,88790624899.74777,26381438.54281344,4.684848827941393e+18,177581250000.0,0.5,0.09793950717362658,False,False,False,False,-0.13525498793715435,False,False,True,-13.256466474732292,-13.456972739469613,-13.256466474732292,-13.256466474732292,0.0,True,0.25,4,32,-1.4973958333333334e-06,1.0416666666666667e-06,26,64,15000.0,960000.0,1,1.0,15000.0,exponential_tdl,,,,,,,,,,,,,,,,,,,,,,,,,,,,
water_filling,Water-filling,ok,ok,0.0002009919990086928,False,,none,271.8871516583039,4078307.274874558,1.0000000000008074,3.3571428571451642,1214814.932940523,77522793795.6847,2.0451628201880548e+18,2.0451628201880548e+18,2.0443906972454262e+18,4.889586247749453e-19,0.10481580226813543,-13.089836118450487,-9.429546883374497,0.01612651034584545,2.4838956460674894e-07,64,-5409.959225970935,77493526136.79544,77493526136.858,4.078307274874558,1.214814932940523,77522793795.6847,2.0451628201880548e+18,2.0443906972454262e+18,2.0451628201880548e+18,0.037753617218486815,5409.959225970935,2.3424244139706967e+18,88790624899.74777,26381438.54281344,4.684848827941393e+18,177581250000.0,0.5,0.09793950717362658,False,False,False,False,-0.1272330133462308,False,False,True,-13.256466474732292,-13.326460797723412,-13.089836118450487,-13.089836118450487,-0.16663035628180545,True,0.25,4,32,-1.4973958333333334e-06,1.0416666666666667e-06,26,64,15000.0,960000.0,1,1.0,15000.0,exponential_tdl,0.016611049404546274,,,,,,,,,,,,,,,,,,,,,,,,,,,
conventional_s2,Conventional $S_2$,ok,optimal,0.007523997999669518,False,,conventional_s2,270.85078444253077,4062761.7666379614,0.999999997666,3.3571428504742857,1210184.3584237078,88790624778.84995,2.342424410781238e+18,2.342424410781238e+18,2.3416518451838454e+18,4.2690811938152713e-19,0.09793950724030409,-10.50595202256974,-6.230094071365886,0.02241129204300197,7.816877732732045e-06,64,-5411.509763276048,88761340548.16924,88761340341.00026,4.062761766637961,1.2101843584237078,88790624778.84995,2.342424410781238e+18,2.3416518451838454e+18,2.342424410781238e+18,0.03298145262816487,5411.509763276048,2.3424244139706967e+18,88790624899.74777,26381438.54281344,4.684848827941393e+18,177581250000.0,0.5,0.09793950717362658,True,False,True,True,-0.0003298158874384891,True,False,True,-13.256466474732292,-10.967065937595788,-10.497870470524603,-10.497870470524603,-2.758596004207689,False,0.25,4,32,-1.3997395833333333e-06,1.0416666666666667e-06,26,64,15000.0,960000.0,1,1.0,15000.0,exponential_tdl,,known_amplitude_linear,88790624899.74777,,,,,,,,,,,,,,,,,,,,,,,,,
exact_efim,Exact EFIM,ok,optimal,0.00947120699856896,False,,exact_efim,270.847156075924,4062707.3411388597,0.9999999981121594,3.3571428517490274,1210168.1461133661,88804661403.29701,2.342794717126437e+18,2.342794717126437e+18,2.342424404486519e+18,4.2684064151662144e-19,0.09793176668711856,-10.502782640466764,-6.225064401304304,0.022599225307569703,7.801495534298601e-06,64,-3746.58018433603,88790624707.8684,88790624540.24585,4.06270734113886,1.2101681461133662,88804661403.29701,2.342794717126437e+18,2.342424404486519e+18,2.342794717126437e+18,0.015806448478434692,3746.58018433603,2.3424244139706967e+18,88790624899.74777,26381438.54281344,4.684848827941393e+18,177581250000.0,0.5,0.09793950717362658,True,True,True,True,-4.048872554194035e-09,False,False,True,-13.256466474732292,-10.96482148854864,-10.494883649070118,-10.494883649070118,-2.761582825662174,False,0.25,4,32,-1.3997395833333333e-06,1.0416666666666667e-06,26,64,15000.0,960000.0,1,1.0,15000.0,exponential_tdl,,unknown_amplitude_exact,,2.3424244139706967e+18,88790624899.74777,quad_over_lin,1e-12,,,,,,,,,,,,,,,,,,,,,
conventional_s2_psl,Conventional $S_2$+PSL,ok,optimal,0.4671127290021104,False,,conventional_s2,269.63004233159404,4044450.6349739106,0.9999999995260203,3.3571428557886294,1204729.9768611798,88790624861.38043,2.342424412958511e+18,2.342424412958511e+18,2.341564259566006e+18,4.2690811898471787e-19,0.09793950719478692,-13.026326405038844,-5.405129084081235,0.03429945847768597,1.9406154501473515e-05,64,-5710.0342957533,88758020411.80672,88758020369.73721,4.04445063497391,1.2047299768611799,88790624861.38043,2.342424412958511e+18,2.341564259566006e+18,2.342424412958511e+18,0.03672064668327801,5710.0342957533,2.3424244139706967e+18,88790624899.74777,26381438.54281344,4.684848827941393e+18,177581250000.0,0.5,0.09793950717362658,True,False,True,True,-0.00036720689878435686,True,False,True,-13.256466474732292,-13.256466461813027,-13.026326405038844,-13.026326405038844,-0.2301400696934479,True,0.25,4,32,-1.3671875e-06,1.0416666666666667e-06,26,64,15000.0,960000.0,1,1.0,15000.0,exponential_tdl,,known_amplitude_linear,88790624899.74777,,,,,-13.256466474732292,0.2173585239870126,249.0,1.0416666666666667e-06,,,,,,,,,,,,,,,,,
exact_efim_sampled_psl,Exact EFIM+sampled PSL,ok,optimal,0.5028965759993298,False,,exact_efim,269.6231178690596,4044346.7680358943,0.999999999555482,3.357142855872806,1204699.037743041,88796560623.69064,2.3425810069071027e+18,2.3425810069071027e+18,2.342424410513866e+18,4.2687958156046637e-19,0.09793623367075063,-13.025251188572131,-5.402314026783602,0.03342834055838955,1.9361824681878697e-05,64,-2436.361011461826,88790624808.18413,88790624768.7151,4.044346768035894,1.204699037743041,88796560623.69064,2.3425810069071027e+18,2.342424410513866e+18,2.3425810069071027e+18,0.006684780281866683,2436.361011461826,2.3424244139706967e+18,88790624899.74777,26381438.54281344,4.684848827941393e+18,177581250000.0,0.5,0.09793950717362658,True,True,True,True,-1.4757489903976233e-09,False,False,True,-13.256466474732292,-13.25646646301597,-13.025251188572131,-13.025251188572131,-0.23121528616016107,True,0.25,4,32,-1.3671875e-06,1.0416666666666667e-06,26,64,15000.0,960000.0,1,1.0,15000.0,exponential_tdl,,unknown_amplitude_exact,,2.3424244139706967e+18,88790624899.74777,quad_over_lin,1e-12,-13.256466474732292,0.2173585239870126,249.0,1.0416666666666667e-06,,,,,,,,,,,,,,,,,
exact_efim_cutting_plane_psl,Exact EFIM+cutting-plane PSL,ok,optimal,0.5122963680005341,False,,exact_efim,269.6231178690596,4044346.7680358943,0.999999999555482,3.357142855872806,1204699.037743041,88796560623.69064,2.3425810069071027e+18,2.3425810069071027e+18,2.342424410513866e+18,4.2687958156046637e-19,0.09793623367075063,-13.025251188572131,-5.402314026783602,0.03342834055838955,1.9361824681878697e-05,64,-2436.361011461826,88790624808.18413,88790624768.7151,4.044346768035894,1.204699037743041,88796560623.69064,2.3425810069071027e+18,2.342424410513866e+18,2.3425810069071027e+18,0.006684780281866683,2436.361011461826,2.3424244139706967e+18,88790624899.74777,26381438.54281344,4.684848827941393e+18,177581250000.0,0.5,0.09793950717362658,True,True,True,True,-1.4757489903976233e-09,False,False,True,-13.256466474732292,-13.25646646301597,-13.025251188572131,-13.025251188572131,-0.23121528616016107,True,0.25,4,32,-1.3671875e-06,1.0416666666666667e-06,26,64,15000.0,960000.0,1,1.0,15000.0,exponential_tdl,,unknown_amplitude_exact,,2.3424244139706967e+18,88790624899.74777,quad_over_lin,1e-12,-13.256466474732292,0.2173585239870126,249.0,1.0416666666666667e-06,-5.40521922426299,-0.23121528616016107,249.0,1985.0,1.0,249.0,True,1.0,dense_psl_satisfied,False,0.5122963680005341,0.0,249.0,-13.025251188572131,-13.25646646301597,,0.0
uniform,Uniform,ok,ok,1.4263998309616e-05,False,,none,232.71119116548834,3490667.867482325,1.0,3.357142857142857,1039773.4073351606,76781250000.0,2.0255998281153943e+18,2.0255998281153943e+18,2.0255998281153943e+18,4.936809265680052e-19,0.10532073506634214,-13.256466474732292,-9.684463547443015,0.015625,0.0,64,0.0,76781250000.0,76781250000.0,3.4906678674823253,1.0397734073351605,76781250000.0,2.0255998281153943e+18,2.0255998281153943e+18,2.0255998281153943e+18,0.0,0.0,2.3424244139706967e+18,88790624899.74777,26381438.54281344,4.684848827941393e+18,177581250000.0,0.5,0.09793950717362658,False,False,False,False,-0.13525498793715435,False,False,True,-13.256466474732292,-13.456972739469613,-13.256466474732292,-13.256466474732292,0.0,True,0.25,4,32,-1.4973958333333334e-06,1.0416666666666667e-06,27,64,15000.0,960000.0,1,1.0,15000.0,exponential_tdl,,,,,,,,,,,,,,,,,,,,,,,,,,,,
water_filling,Water-filling,ok,ok,0.00020764800137840211,False,,none,232.77391468241353,3491608.720236203,0.9999999999996844,3.3571428571419557,1040053.6613472335,78124436226.97388,2.061035013013859e+18,2.061035013013859e+18,2.0596540209846395e+18,4.851931159275631e-19,0.10441142485707089,-12.496435027920835,-9.187082229553857,0.016667387464959653,3.976961176874136e-07,64,-7235.13017368356,78072089118.3684,78072089118.34375,3.4916087202362034,1.0400536613472335,78124436226.97388,2.061035013013859e+18,2.0596540209846395e+18,2.061035013013859e+18,0.06700478257281783,7235.13017368356,2.3424244139706967e+18,88790624899.74777,26381438.54281344,4.684848827941393e+18,177581250000.0,0.5,0.09793950717362658,False,False,False,False,-0.1207169765220841,False,False,True,-13.256466474732292,-12.692797435657745,-12.496435027920835,-12.496435027920835,-0.7600314468114568,False,0.25,4,32,-1.4973958333333334e-06,1.0416666666666667e-06,27,64,15000.0,960000.0,1,1.0,15000.0,exponential_tdl,0.017164091788297198,,,,,,,,,,,,,,,,,,,,,,,,,,,
conventional_s2,Conventional $S_2$,ok,optimal,0.007954516000609146,False,,conventional_s2,231.90011003958907,3478501.650593836,0.9999999971173987,3.3571428489068538,1036149.4303784239,88790624795.81021,2.342424411228674e+18,2.342424411228674e+18,2.341042535701073e+18,4.269081192999816e-19,0.09793950723095017,-10.176341148543404,-6.224980798411651,0.022694205330964546,7.695484702507418e-06,64,-7237.444174210534,88738244453.58337,88738244197.78639,3.4785016505938358,1.036149430378424,88790624795.81021,2.342424411228674e+18,2.341042535701073e+18,2.342424411228674e+18,0.058993388259487765,7237.444174210534,2.3424244139706967e+18,88790624899.74777,26381438.54281344,4.684848827941393e+18,177581250000.0,0.5,0.09793950717362658,True,False,True,True,-0.0005899350524960397,True,False,True,-13.256466474732292,-10.699524356352219,-10.176341148543404,-10.176341148543404,-3.080125326188888,False,0.25,4,32,-1.4322916666666667e-06,1.0416666666666667e-06,27,64,15000.0,960000.0,1,1.0,15000.0,exponential_tdl,,known_amplitude_linear,88790624899.74777,,,,,,,,,,,,,,,,,,,,,,,,,
exact_efim,Exact EFIM,ok,optimal,0.009253291998902569,False,,exact_efim,231.89419051624225,3478412.857743634,0.9999999969695403,3.357142848484401,1036122.981574639,88816808111.69495,2.3431151647675346e+18,2.3431151647675346e+18,2.34242439362475e+18,4.2678226620551624e-19,0.0979250698168302,-10.171995933414415,-6.22091677780367,0.022420583971182715,7.639539810729803e-06,64,-5117.028751976367,88790624397.60214,88790624128.52574,3.478412857743634,1.036122981574639,88816808111.69495,2.3431151647675346e+18,2.34242439362475e+18,2.3431151647675346e+18,0.029480887374694828,5117.028751976367,2.3424244139706967e+18,88790624899.74777,26381438.54281344,4.684848827941393e+18,177581250000.0,0.5,0.09793950717362658,True,True,True,True,-8.685849798462067e-09,False,False,True,-13.256466474732292,-10.693479362987222,-10.171995933414415,-10.171995933414415,-3.0844705413178772,False,0.25,4,32,-1.4322916666666667e-06,1.0416666666666667e-06,27,64,15000.0,960000.0,1,1.0,15000.0,exponential_tdl,,unknown_amplitude_exact,,2.3424244139706967e+18,88790624899.74777,quad_over_lin,1e-12,,,,,,,,,,,,,,,,,,,,,
conventional_s2_psl,Conventional $S_2$+PSL,ok,optimal,0.5133785560028628,False,,conventional_s2,230.43235956990577,3456485.3935485864,0.9999999994908282,3.357142855688081,1029591.3942691438,88790624857.01837,2.3424244128434335e+18,2.3424244128434335e+18,2.3410341433904333e+18,4.2690811900569086e-19,0.09793950719719269,-13.02313105427591,-5.411096168577171,0.03417309570332888,1.9340443172906238e-05,64,-7259.392087140079,88737926128.75322,88737926083.57037,3.4564853935485864,1.029591394269144,88790624857.01837,2.3424244128434335e+18,2.3410341433904333e+18,2.3424244128434335e+18,0.05935173170913827,7259.392087140079,2.3424244139706967e+18,88790624899.74777,26381438.54281344,4.684848827941393e+18,177581250000.0,0.5,0.09793950717362658,True,False,True,True,-0.0005935177980435854,True,False,True,-13.256466474732292,-13.256466459395217,-13.02313105427591,-13.02313105427591,-0.2333354204563829,True,0.25,4,32,-1.3671875e-06,1.0416666666666667e-06,27,64,15000.0,960000.0,1,1.0,15000.0,exponential_tdl,,known_amplitude_linear,88790624899.74777,,,,,-13.256466474732292,0.2173585239870126,249.0,1.0416666666666667e-06,,,,,,,,,,,,,,,,,
exact_efim_sampled_psl,Exact EFIM+sampled PSL,ok,optimal,0.49676169300073525,False,,exact_efim,230.42169096905604,3456325.3645358407,0.9999999994464217,3.357142855561205,1029543.72609147,88800277047.42348,2.342679051511409e+18,2.342679051511409e+18,2.3424244097878103e+18,4.268617160147641e-19,0.09793418426075161,-13.023999275847913,-5.408658756810962,0.03344576096399314,1.926050659164715e-05,64,-3106.8160929137,88790624790.34619,88790624741.19363,3.4563253645358407,1.02954372609147,88800277047.42348,2.342679051511409e+18,2.3424244097878103e+18,2.342679051511409e+18,0.01086968031043615,3106.8160929137,2.3424244139706967e+18,88790624899.74777,26381438.54281344,4.684848827941393e+18,177581250000.0,0.5,0.09793950717362658,True,True,True,True,-1.7857081641791353e-09,False,False,True,-13.256466474732292,-13.256466459607344,-13.023999275847913,-13.023999275847913,-0.23246719888437894,True,0.25,4,32,-1.3671875e-06,1.0416666666666667e-06,27,64,15000.0,960000.0,1,1.0,15000.0,exponential_tdl,,unknown_amplitude_exact,,2.3424244139706967e+18,88790624899.74777,quad_over_lin,1e-12,-13.256466474732292,0.2173585239870126,249.0,1.0416666666666667e-06,,,,,,,,,,,,,,,,,
exact_efim_cutting_plane_psl,Exact EFIM+cutting-plane PSL,ok,optimal,0.5077078299982531,False,,exact_efim,230.42169096905604,3456325.3645358407,0.9999999994464217,3.357142855561205,1029543.72609147,88800277047.42348,2.342679051511409e+18,2.342679051511409e+18,2.3424244097878103e+18,4.268617160147641e-19,0.09793418426075161,-13.023999275847913,-5.408658756810962,0.03344576096399314,1.926050659164715e-05,64,-3106.8160929137,88790624790.34619,88790624741.19363,3.4563253645358407,1.02954372609147,88800277047.42348,2.342679051511409e+18,2.3424244097878103e+18,2.342679051511409e+18,0.01086968031043615,3106.8160929137,2.3424244139706967e+18,88790624899.74777,26381438.54281344,4.684848827941393e+18,177581250000.0,0.5,0.09793950717362658,True,True,True,True,-1.7857081641791353e-09,False,False,True,-13.256466474732292,-13.256466459607344,-13.023999275847913,-13.023999275847913,-0.23246719888437894,True,0.25,4,32,-1.3671875e-06,1.0416666666666667e-06,27,64,15000.0,960000.0,1,1.0,15000.0,exponential_tdl,,unknown_amplitude_exact,,2.3424244139706967e+18,88790624899.74777,quad_over_lin,1e-12,-13.256466474732292,0.2173585239870126,249.0,1.0416666666666667e-06,-5.4115290837080865,-0.23246719888437894,249.0,1985.0,1.0,249.0,True,1.0,dense_psl_satisfied,False,0.5077078299982531,0.0,249.0,-13.023999275847913,-13.256466459607344,,0.0
uniform,Uniform,ok,ok,1.4796998584643006e-05,False,,none,493.38317291218647,7400747.593682797,1.0,3.357142857142857,2204478.006628918,76781250000.0,2.0255998281153943e+18,2.0255998281153943e+18,2.0255998281153943e+18,4.936809265680052e-19,0.10532073506634214,-13.256466474732292,-9.684463547443015,0.015625,0.0,64,0.0,76781250000.0,76781250000.0,7.400747593682797,2.204478006628918,76781250000.0,2.0255998281153943e+18,2.0255998281153943e+18,2.0255998281153943e+18,0.0,0.0,2.3424244139706967e+18,88790624899.74777,26381438.54281344,4.684848827941393e+18,177581250000.0,0.5,0.09793950717362658,False,False,False,False,-0.13525498793715435,False,False,True,-13.256466474732292,-13.456972739469613,-13.256466474732292,-13.256466474732292,0.0,True,0.25,4,32,-1.4973958333333334e-06,1.0416666666666667e-06,28,64,15000.0,960000.0,1,1.0,15000.0,exponential_tdl,,,,,,,,,,,,,,,,,,,,,,,,,,,,
water_filling,Water-filling,ok,ok,0.00017956400188268162,False,,none,493.383175173581,7400747.627603714,0.9999999999997732,3.3571428571422093,2204478.0167334466,76789482649.80798,2.0258170172603482e+18,2.0258170172603482e+18,2.0258169637972657e+18,4.936279987184473e-19,0.10531508916315076,-13.254241598683446,-9.68177697110056,0.015634546771751804,1.2071376197764946e-11,64,-45.017125518190575,76789480623.2838,76789480623.26639,7.400747627603715,2.2044780167334466,76789482649.80798,2.0258170172603482e+18,2.0258169637972657e+18,2.0258170172603482e+18,2.6390874417819735e-06,45.017125518190575,2.3424244139706967e+18,88790624899.74777,26381438.54281344,4.684848827941393e+18,177581250000.0,0.5,0.09793950717362658,False,False,False,False,-0.13516229095168222,False,False,True,-13.256466474732292,-13.455046100061656,-13.254241598683446,-13.254241598683446,-0.002224876048845914,True,0.25,4,32,-1.4973958333333334e-06,1.0416666666666667e-06,28,64,15000.0,960000.0,1,1.0,15000.0,exponential_tdl,0.01570011369371757,,,,,,,,,,,,,,,,,,,,,,,,,,,
conventional_s2,Conventional $S_2$,ok,optimal,0.00774322100187419,False,,conventional_s2,492.07615017779693,7381142.252666954,0.9999999997423914,3.3571428564068326,2198638.118297721,88790624916.92766,2.342424414423927e+18,2.342424414423927e+18,2.3424243609537905e+18,4.2690811871764507e-19,0.09793950716415155,-10.533708803790356,-6.236370367924233,0.022664435807772703,7.635951612296057e-06,64,-45.02009508861343,88790622912.99193,88790622890.1187,7.381142252666954,2.198638118297721,88790624916.92766,2.342424414423927e+18,2.3424243609537905e+18,2.342424414423927e+18,2.282683530394723e-06,45.02009508861343,2.3424244139706967e+18,88790624899.74777,26381438.54281344,4.684848827941393e+18,177581250000.0,0.5,0.09793950717362658,True,True,True,True,-2.263334770752745e-08,False,False,True,-13.256466474732292,-11.000819521679029,-10.526700265617908,-10.526700265617908,-2.729766209114384,False,0.25,4,32,-1.3997395833333333e-06,1.0416666666666667e-06,28,64,15000.0,960000.0,1,1.0,15000.0,exponential_tdl,,known_amplitude_linear,88790624899.74777,,,,,,,,,,,,,,,,,,,,,,,,,
exact_efim,Exact EFIM,ok,optimal,0.009997979002946522,False,,exact_efim,492.07614979210115,7381142.246881518,0.9999999995911132,3.3571428559746095,2198638.116857468,88790625784.80168,2.3424244373196923e+18,2.3424244373196923e+18,2.342424414001138e+18,4.2690811454487946e-19,0.09793950668550216,-10.533850107761394,-6.236361425194618,0.022664639090392156,7.636138642868198e-06,64,-29.7304561522852,88790624937.20697,88790624900.90166,7.3811422468815175,2.198638116857468,88790625784.80168,2.342424437319692e+18,2.342424414001138e+18,2.3424244373196923e+18,9.954879969866667e-07,29.7304561522852,2.3424244139706967e+18,88790624899.74777,26381438.54281344,4.684848827941393e+18,177581250000.0,0.5,0.09793950717362658,True,True,True,True,1.2995711545030378e-11,False,False,True,-13.256466474732292,-11.000945099912387,-10.52683636747645,-10.52683636747645,-2.7296301072558418,False,0.25,4,32,-1.3997395833333333e-06,1.0416666666666667e-06,28,64,15000.0,960000.0,1,1.0,15000.0,exponential_tdl,,unknown_amplitude_exact,,2.3424244139706967e+18,88790624899.74777,quad_over_lin,1e-12,,,,,,,,,,,,,,,,,,,,,
conventional_s2_psl,Conventional $S_2$+PSL,ok,optimal,0.4704013020018465,False,,conventional_s2,490.77003886510624,7361550.582976594,0.999999999665093,3.3571428561859804,2192802.3019371848,88790624887.39801,2.342424413644892e+18,2.342424413644892e+18,2.342424359653767e+18,4.269081188596246e-19,0.09793950718043772,-13.023378482728624,-5.413194525008112,0.033328086812405386,1.918769588696848e-05,64,-45.23889107043624,88790622870.57735,88790622840.84074,7.3615505829765935,2.192802301937185,88790624887.39801,2.342424413644892e+18,2.342424359653767e+18,2.342424413644892e+18,2.304924960544958e-06,45.23889107043624,2.3424244139706967e+18,88790624899.74777,26381438.54281344,4.684848827941393e+18,177581250000.0,0.5,0.09793950717362658,True,True,True,True,-2.3188338207219306e-08,False,False,True,-13.256466474732292,-13.25646648404151,-13.023378482728624,-13.023378482728624,-0.23308799200366792,True,0.25,4,32,-1.3671875e-06,1.0416666666666667e-06,28,64,15000.0,960000.0,1,1.0,15000.0,exponential_tdl,,known_amplitude_linear,88790624899.74777,,,,,-13.256466474732292,0.2173585239870126,249.0,1.0416666666666667e-06,,,,,,,,,,,,,,,,,
exact_efim_sampled_psl,Exact EFIM+sampled PSL,ok,optimal,0.5038734310001018,False,,exact_efim,490.7700384147016,7361550.5762205245,0.9999999997103939,3.357142856315411,2192802.299840198,88790625274.17747,2.342424423848691e+18,2.342424423848691e+18,2.3424244139054915e+18,4.2690811699997667e-19,0.09793950696712132,-13.023378253177501,-5.413187499788359,0.03332433710789094,1.918778787997286e-05,64,-19.4139474023158,88790624922.99043,88790624897.27612,7.361550576220525,2.192802299840198,88790625274.17747,2.3424244238486907e+18,2.3424244139054915e+18,2.342424423848691e+18,4.24483267966569e-07,19.4139474023158,2.3424244139706967e+18,88790624899.74777,26381438.54281344,4.684848827941393e+18,177581250000.0,0.5,0.09793950717362658,True,True,True,True,-2.7836649759583538e-11,False,False,True,-13.256466474732292,-13.256466484982369,-13.023378253177501,-13.023378253177501,-0.23308822155479092,True,0.25,4,32,-1.3671875e-06,1.0416666666666667e-06,28,64,15000.0,960000.0,1,1.0,15000.0,exponential_tdl,,unknown_amplitude_exact,,2.3424244139706967e+18,88790624899.74777,quad_over_lin,1e-12,-13.256466474732292,0.2173585239870126,249.0,1.0416666666666667e-06,,,,,,,,,,,,,,,,,
exact_efim_cutting_plane_psl,Exact EFIM+cutting-plane PSL,ok,optimal,0.5110273169993889,False,,exact_efim,490.7700384147016,7361550.5762205245,0.9999999997103939,3.357142856315411,2192802.299840198,88790625274.17747,2.342424423848691e+18,2.342424423848691e+18,2.3424244139054915e+18,4.2690811699997667e-19,0.09793950696712132,-13.023378253177501,-5.413187499788359,0.03332433710789094,1.918778787997286e-05,64,-19.4139474023158,88790624922.99043,88790624897.27612,7.361550576220525,2.192802299840198,88790625274.17747,2.3424244238486907e+18,2.3424244139054915e+18,2.342424423848691e+18,4.24483267966569e-07,19.4139474023158,2.3424244139706967e+18,88790624899.74777,26381438.54281344,4.684848827941393e+18,177581250000.0,0.5,0.09793950717362658,True,True,True,True,-2.7836649759583538e-11,False,False,True,-13.256466474732292,-13.256466484982369,-13.023378253177501,-13.023378253177501,-0.23308822155479092,True,0.25,4,32,-1.3671875e-06,1.0416666666666667e-06,28,64,15000.0,960000.0,1,1.0,15000.0,exponential_tdl,,unknown_amplitude_exact,,2.3424244139706967e+18,88790624899.74777,quad_over_lin,1e-12,-13.256466474732292,0.2173585239870126,249.0,1.0416666666666667e-06,-5.416033123182845,-0.23308822155479092,249.0,1985.0,1.0,249.0,True,1.0,dense_psl_satisfied,False,0.5110273169993889,0.0,249.0,-13.023378253177501,-13.256466484982369,,0.0
uniform,Uniform,ok,ok,1.4012999599799514e-05,False,,none,271.47872111297556,4072180.8166946336,1.0,3.357142857142857,1212990.0305047845,76781250000.0,2.0255998281153943e+18,2.0255998281153943e+18,2.0255998281153943e+18,4.936809265680052e-19,0.10532073506634214,-13.256466474732292,-9.684463547443015,0.015625,0.0,64,0.0,76781250000.0,76781250000.0,4.072180816694633,1.2129900305047845,76781250000.0,2.0255998281153943e+18,2.0255998281153943e+18,2.0255998281153943e+18,0.0,0.0,2.3424244139706967e+18,88790624899.74777,26381438.54281344,4.684848827941393e+18,177581250000.0,0.5,0.09793950717362658,False,False,False,False,-0.13525498793715435,False,False,True,-13.256466474732292,-13.456972739469613,-13.256466474732292,-13.256466474732292,0.0,True,0.25,4,32,-1.4973958333333334e-06,1.0416666666666667e-06,29,64,15000.0,960000.0,1,1.0,15000.0,exponential_tdl,,,,,,,,,,,,,,,,,,,,,,,,,,,,
water_filling,Water-filling,ok,ok,0.0001767410030879546,False,,none,272.22950462782035,4083442.5694173053,1.0000000000005715,3.35714285714449,1216344.5951449887,70950996746.81537,1.8717893602274655e+18,1.8717893602274655e+18,1.8438656701592236e+18,5.34248148455378e-19,0.10956257232226103,-14.38388624181146,-11.125648084052433,0.017099456565940585,5.744667890237596e-06,64,32533.977939512166,69892537026.20615,69892537026.2461,4.083442569417305,1.2163445951449887,70950996746.81537,1.871789360227466e+18,1.8438656701592236e+18,1.8717893602274655e+18,1.4918179717000073,32533.977939512166,2.3424244139706967e+18,88790624899.74777,26381438.54281344,4.684848827941393e+18,177581250000.0,0.5,0.09793950717362658,False,False,False,False,-0.21283877543197005,False,False,True,-13.256466474732292,-14.38388624181146,-14.38388624181146,-14.38388624181146,1.127419767079168,True,0.25,4,32,-1.5625e-06,1.0416666666666667e-06,29,64,15000.0,960000.0,1,1.0,15000.0,exponential_tdl,0.01738977190271207,,,,,,,,,,,,,,,,,,,,,,,,,,,
conventional_s2,Conventional $S_2$,ok,optimal,0.007670771999983117,False,,conventional_s2,269.9218027596663,4048827.0413949946,0.9999999983152756,3.357142852329359,1206033.5885277295,88790624793.41013,2.3424244111653565e+18,2.3424244111653565e+18,2.3145026808460006e+18,4.2690811931152127e-19,0.09793950723227386,-10.58044921210016,-6.093195285886103,0.02828671400285747,1.1649464600215079e-05,64,32532.83629214034,87732239505.78665,87732239357.98201,4.048827041394994,1.2060335885277296,88790624793.41013,2.3424244111653565e+18,2.3145026808460006e+18,2.3424244111653565e+18,1.192001337855971,32532.83629214034,2.3424244139706967e+18,88790624899.74777,26381438.54281344,4.684848827941393e+18,177581250000.0,0.5,0.09793950717362658,True,False,False,True,-0.011920014561906526,True,True,True,-13.256466474732292,-11.06099285461287,-10.57981199037971,-10.57981199037971,-2.676654484352582,False,0.25,4,32,-1.3997395833333333e-06,1.0416666666666667e-06,29,64,15000.0,960000.0,1,1.0,15000.0,exponential_tdl,,known_amplitude_linear,88790624899.74777,,,,,,,,,,,,,,,,,,,,,,,,,
exact_efim,Exact EFIM,ok,optimal,0.009323921000031987,False,,exact_efim,269.77357922498516,4046603.6883747773,0.9999999982033843,3.3571428520096696,1205371.3132738392,89119952859.85448,2.351112559310681e+18,2.351112559310681e+18,2.34242440298527e+18,4.2533055086617733e-19,0.09775838010957939,-10.544683048546988,-6.102502667687796,0.02610329026018118,9.423117911368882e-06,64,18147.406897565197,88790624642.86299,88790624483.34036,4.046603688374777,1.2053713132738393,89119952859.85448,2.3511125593106816e+18,2.34242440298527e+18,2.351112559310681e+18,0.3695338315898663,18147.406897565197,2.3424244139706967e+18,88790624899.74777,26381438.54281344,4.684848827941393e+18,177581250000.0,0.5,0.09793950717362658,True,True,True,True,-4.689767950880581e-09,False,False,True,-13.256466474732292,-10.990600650613763,-10.533438642485036,-10.533438642485036,-2.723027832247256,False,0.25,4,32,-1.3997395833333333e-06,1.0416666666666667e-06,29,64,15000.0,960000.0,1,1.0,15000.0,exponential_tdl,,unknown_amplitude_exact,,2.3424244139706967e+18,88790624899.74777,quad_over_lin,1e-12,,,,,,,,,,,,,,,,,,,,,
conventional_s2_psl,Conventional $S_2$+PSL,ok,optimal,0.49983828400218044,False,,conventional_s2,268.93403974381386,4034010.5961572076,0.9999999994386033,3.357142855538867,1201620.178152858,88790624851.5747,2.3424244126998216e+18,2.3424244126998216e+18,2.3144609169677194e+18,4.269081190318642e-19,0.09793950720019497,-13.009700660984953,-5.2589439087339604,0.03923922052593516,2.3771348586663143e-05,64,32557.15854176227,87730656329.10803,87730656279.85632,4.0340105961572075,1.2016201781528582,88790624851.5747,2.3424244126998216e+18,2.3144609169677194e+18,2.3424244126998216e+18,1.193784336454729,32557.15854176227,2.3424244139706967e+18,88790624899.74777,26381438.54281344,4.684848827941393e+18,177581250000.0,0.5,0.09793950717362658,True,False,False,True,-0.011937843900617362,True,True,True,-13.256466474732292,-13.256466459609662,-13.009700660984953,-13.009700660984953,-0.24676581374733964,True,0.25,4,32,-1.3671875e-06,1.0416666666666667e-06,29,64,15000.0,960000.0,1,1.0,15000.0,exponential_tdl,,known_amplitude_linear,88790624899.74777,,,,,-13.256466474732292,0.2173585239870126,249.0,1.0416666666666667e-06,,,,,,,,,,,,,,,,,
exact_efim_sampled_psl,Exact EFIM+sampled PSL,ok,optimal,0.5037064289972477,False,,exact_efim,268.74107991722343,4031116.1987583516,0.9999999994926312,3.3571428556932323,1200758.017169915,88946204585.13062,2.346528829879134e+18,2.346528829879134e+18,2.342424409752296e+18,4.2616139519219475e-19,0.09785381455348235,-13.030037696689764,-5.265626803949721,0.03551158070190075,2.1409628068793027e-05,64,12473.165009816144,88790624784.89703,88790624739.84744,4.031116198758352,1.2007580171699148,88946204585.13062,2.346528829879134e+18,2.342424409752296e+18,2.346528829879134e+18,0.1749145407708323,12473.165009816144,2.3424244139706967e+18,88790624899.74777,26381438.54281344,4.684848827941393e+18,177581250000.0,0.5,0.09793950717362658,True,True,True,True,-1.8008695362123952e-09,False,False,True,-13.256466474732292,-13.25646646157317,-13.030037696689764,-13.030037696689764,-0.22642877804252848,True,0.25,4,32,-1.3671875e-06,1.0416666666666667e-06,29,64,15000.0,960000.0,1,1.0,15000.0,exponential_tdl,,unknown_amplitude_exact,,2.3424244139706967e+18,88790624899.74777,quad_over_lin,1e-12,-13.256466474732292,0.2173585239870126,249.0,1.0416666666666667e-06,,,,,,,,,,,,,,,,,
exact_efim_cutting_plane_psl,Exact EFIM+cutting-plane PSL,ok,optimal,0.5146087449975312,False,,exact_efim,268.74107991722343,4031116.1987583516,0.9999999994926312,3.3571428556932323,1200758.017169915,88946204585.13062,2.346528829879134e+18,2.346528829879134e+18,2.342424409752296e+18,4.2616139519219475e-19,0.09785381455348235,-13.030037696689764,-5.265626803949721,0.03551158070190075,2.1409628068793027e-05,64,12473.165009816144,88790624784.89703,88790624739.84744,4.031116198758352,1.2007580171699148,88946204585.13062,2.346528829879134e+18,2.342424409752296e+18,2.346528829879134e+18,0.1749145407708323,12473.165009816144,2.3424244139706967e+18,88790624899.74777,26381438.54281344,4.684848827941393e+18,177581250000.0,0.5,0.09793950717362658,True,True,True,True,-1.8008695362123952e-09,False,False,True,-13.256466474732292,-13.25646646157317,-13.030037696689764,-13.030037696689764,-0.22642877804252848,True,0.25,4,32,-1.3671875e-06,1.0416666666666667e-06,29,64,15000.0,960000.0,1,1.0,15000.0,exponential_tdl,,unknown_amplitude_exact,,2.3424244139706967e+18,88790624899.74777,quad_over_lin,1e-12,-13.256466474732292,0.2173585239870126,249.0,1.0416666666666667e-06,-5.26879240948224,-0.22642877804252848,249.0,1985.0,1.0,249.0,True,1.0,dense_psl_satisfied,False,0.5146087449975312,0.0,249.0,-13.030037696689764,-13.25646646157317,,0.0
uniform,Uniform,ok,ok,1.4834000467089936e-05,False,,none,185.51055733204885,2782658.3599807327,1.0,3.357142857142857,828876.9582921332,76781250000.0,2.0255998281153943e+18,2.0255998281153943e+18,2.0255998281153943e+18,4.936809265680052e-19,0.10532073506634214,-13.256466474732292,-9.684463547443015,0.015625,0.0,64,0.0,76781250000.0,76781250000.0,2.782658359980733,0.8288769582921331,76781250000.0,2.0255998281153943e+18,2.0255998281153943e+18,2.0255998281153943e+18,0.0,0.0,2.3424244139706967e+18,88790624899.74777,26381438.54281344,4.684848827941393e+18,177581250000.0,0.5,0.09793950717362658,False,False,False,False,-0.13525498793715435,False,False,True,-13.256466474732292,-13.456972739469613,-13.256466474732292,-13.256466474732292,0.0,True,0.25,4,32,-1.4973958333333334e-06,1.0416666666666667e-06,30,64,15000.0,960000.0,1,1.0,15000.0,exponential_tdl,,,,,,,,,,,,,,,,,,,,,,,,,,,,
water_filling,Water-filling,ok,ok,0.00019262099885963835,False,,none,187.67491646294377,2815123.7469441565,0.9999999999999898,3.3571428571428283,838547.4990897559,78540685419.34091,2.072016265500786e+18,2.072016265500786e+18,2.0626347567475492e+18,4.826216939751242e-19,0.10413437794874449,-12.863581267849613,-7.04879487770646,0.018940441565135302,2.0027046958651645e-05,61,-18857.629872946625,78185075214.91666,78185075214.91586,2.8151237469441566,0.8385474990897559,78540685419.34091,2.072016265500786e+18,2.0626347567475492e+18,2.072016265500786e+18,0.4527719646529569,18857.629872946625,2.3424244139706967e+18,88790624899.74777,26381438.54281344,4.684848827941393e+18,177581250000.0,0.5,0.09793950717362658,False,False,False,False,-0.1194444762248997,False,False,True,-13.256466474732292,-13.310844591697872,-12.863581267849613,-12.863581267849613,-0.3928852068826796,False,0.25,4,32,-2.4739583333333336e-06,1.0416666666666667e-06,30,64,15000.0,960000.0,1,1.0,15000.0,exponential_tdl,0.019460561760846637,,,,,,,,,,,,,,,,,,,,,,,,,,,
conventional_s2,Conventional $S_2$,ok,optimal,0.007856694999645697,False,,conventional_s2,187.0387485955376,2805581.2289330643,0.9999999963212622,3.357142846632178,835705.0495326911,88790624661.68349,2.342424407690218e+18,2.342424407690218e+18,2.333584089371006e+18,4.269081199448672e-19,0.09793950730492366,-11.250018631101002,-4.9612152294823595,0.024583036978769332,2.7268685728719732e-05,64,-18305.63150690672,88455528843.45425,88455528518.04956,2.805581228933064,0.8357050495326911,88790624661.68349,2.342424407690218e+18,2.333584089371006e+18,2.342424407690218e+18,0.3774003673368977,18305.63150690672,2.3424244139706967e+18,88790624899.74777,26381438.54281344,4.684848827941393e+18,177581250000.0,0.5,0.09793950717362658,True,False,True,True,-0.0037740063444375214,True,False,True,-13.256466474732292,-11.558401306169282,-11.231104480812327,-11.231104480812327,-2.025361993919965,False,0.25,4,32,-2.44140625e-06,1.0416666666666667e-06,30,64,15000.0,960000.0,1,1.0,15000.0,exponential_tdl,,known_amplitude_linear,88790624899.74777,,,,,,,,,,,,,,,,,,,,,,,,,
exact_efim,Exact EFIM,ok,optimal,0.009024374001455726,False,,exact_efim,187.00906238876743,2805135.9358315114,0.9999999968455257,3.3571428481300734,835572.408661124,88965594335.45676,2.347040359385724e+18,2.347040359385724e+18,2.342424392255044e+18,4.260685147577623e-19,0.09784315051847563,-11.207886442918591,-4.885445995005526,0.025373517570162096,2.748302651801327e-05,64,-13227.632418624611,88790624356.6942,88790624076.60645,2.8051359358315113,0.8355724086611239,88965594335.45676,2.347040359385724e+18,2.342424392255044e+18,2.347040359385724e+18,0.19667182595393953,13227.632418624611,2.3424244139706967e+18,88790624899.74777,26381438.54281344,4.684848827941393e+18,177581250000.0,0.5,0.09793950717362658,True,True,True,True,-9.270588403400947e-09,False,False,True,-13.256466474732292,-11.5172137474518,-11.190040546081113,-11.190040546081113,-2.0664259286511797,False,0.25,4,32,-2.44140625e-06,1.0416666666666667e-06,30,64,15000.0,960000.0,1,1.0,15000.0,exponential_tdl,,unknown_amplitude_exact,,2.3424244139706967e+18,88790624899.74777,quad_over_lin,1e-12,,,,,,,,,,,,,,,,,,,,,
conventional_s2_psl,Conventional $S_2$+PSL,ok,optimal,0.45595764700192376,False,,conventional_s2,186.26578179234184,2793986.726885128,0.9999999995602892,3.357142855886541,832251.3657665912,88790624860.76172,2.3424244129421885e+18,2.3424244129421885e+18,2.334693096912687e+18,4.2690811898769266e-19,0.09793950719512814,-12.923481016218016,-4.723697491200657,0.03733500084649327,3.066192925869444e-05,64,-17118.96391476873,88497565974.28876,88497565935.37543,2.793986726885128,0.8322513657665912,88790624860.76172,2.3424244129421885e+18,2.334693096912687e+18,2.3424244129421885e+18,0.33005615834538565,17118.96391476873,2.3424244139706967e+18,88790624899.74777,26381438.54281344,4.684848827941393e+18,177581250000.0,0.5,0.09793950717362658,True,False,True,True,-0.0033005620210831347,True,False,True,-13.256466474732292,-13.256466463000871,-12.911967530611355,-12.911967530611355,-0.3444989441209376,False,0.25,4,32,-3.4830729166666668e-06,1.0416666666666667e-06,30,64,15000.0,960000.0,1,1.0,15000.0,exponential_tdl,,known_amplitude_linear,88790624899.74777,,,,,-13.256466474732292,0.2173585239870126,249.0,1.0416666666666667e-06,,,,,,,,,,,,,,,,,
exact_efim_sampled_psl,Exact EFIM+sampled PSL,ok,optimal,0.5092833089984197,False,,exact_efim,186.2124250840195,2793186.3762602923,0.9999999995823239,3.357142855949497,832012.9634371185,88839586428.65004,2.3437160895363937e+18,2.3437160895363937e+18,2.342424410390845e+18,4.266728399674929e-19,0.09791251510240272,-12.962070939457647,-4.69835279499631,0.034888113610896075,3.0147332997442884e-05,64,-6997.261222690195,88790624801.13765,88790624764.05193,2.793186376260292,0.8320129634371185,88839586428.65004,2.3437160895363937e+18,2.342424410390845e+18,2.3437160895363937e+18,0.05511244093580911,6997.261222690195,2.3424244139706967e+18,88790624899.74777,26381438.54281344,4.684848827941393e+18,177581250000.0,0.5,0.09793950717362658,True,True,True,True,-1.5282677872758815e-09,False,False,True,-13.256466474732292,-13.256466461107937,-12.941976344485546,-12.941976344485546,-0.314490130246746,False,0.25,4,32,-3.4830729166666668e-06,1.0416666666666667e-06,30,64,15000.0,960000.0,1,1.0,15000.0,exponential_tdl,,unknown_amplitude_exact,,2.3424244139706967e+18,88790624899.74777,quad_over_lin,1e-12,-13.256466474732292,0.2173585239870126,249.0,1.0416666666666667e-06,,,,,,,,,,,,,,,,,
exact_efim_cutting_plane_psl,Exact EFIM+cutting-plane PSL,ok,optimal,1.0183977950000553,False,,exact_efim,186.18243805313074,2792736.570796961,0.9999999995544735,3.3571428558699243,831878.9788506897,88836317299.30502,2.34362984520149e+18,2.34362984520149e+18,2.342424410168136e+18,4.2668854130163486e-19,0.0979143166501333,-13.053055803687307,-4.708316625982613,0.03525814040877208,2.998911907003885e-05,64,-6759.626004101404,88790624795.16864,88790624755.61006,2.792736570796961,0.8318789788506897,88836317299.30502,2.34362984520149e+18,2.342424410168136e+18,2.34362984520149e+18,0.051434531601558975,6759.626004101404,2.3424244139706967e+18,88790624899.74777,26381438.54281344,4.684848827941393e+18,177581250000.0,0.5,0.09793950717362658,True,True,True,True,-1.6233439548020222e-09,False,False,True,-13.256466474732292,-13.256466460104043,-13.053055803687307,-13.053055803687307,-0.20341067104498478,True,0.25,4,32,-1.3671875e-06,1.0416666666666667e-06,30,64,15000.0,960000.0,1,1.0,15000.0,exponential_tdl,,unknown_amplitude_exact,,2.3424244139706967e+18,88790624899.74777,quad_over_lin,1e-12,-13.256466474732292,0.2173585239870126,251.0,1.0416666666666667e-06,-4.7117506218466865,-0.20341067104498478,249.0,1985.0,2.0,251.0,True,2.0,dense_psl_satisfied,False,1.0183977950000553,2.0,251.0,-12.941976344485546,-13.256466461107937,-3.4830729166666668e-06,1.0
uniform,Uniform,ok,ok,1.426499875378795e-05,False,,none,304.3386285820186,4565079.428730279,1.0,3.357142857142857,1359810.8936643384,76781250000.0,2.0255998281153943e+18,2.0255998281153943e+18,2.0255998281153943e+18,4.936809265680052e-19,0.10532073506634214,-13.256466474732292,-9.684463547443015,0.015625,0.0,64,0.0,76781250000.0,76781250000.0,4.56507942873028,1.3598108936643385,76781250000.0,2.0255998281153943e+18,2.0255998281153943e+18,2.0255998281153943e+18,0.0,0.0,2.3424244139706967e+18,88790624899.74777,26381438.54281344,4.684848827941393e+18,177581250000.0,0.5,0.09793950717362658,False,False,False,False,-0.13525498793715435,False,False,True,-13.256466474732292,-13.456972739469613,-13.256466474732292,-13.256466474732292,0.0,True,0.25,4,32,-1.4973958333333334e-06,1.0416666666666667e-06,31,64,15000.0,960000.0,1,1.0,15000.0,exponential_tdl,,,,,,,,,,,,,,,,,,,,,,,,,,,,
water_filling,Water-filling,ok,ok,0.00017426699923817068,False,,none,304.7406659265809,4571109.988898713,1.0000000000000215,3.357142857142919,1361607.2307357618,79606192292.76663,2.1001258695990118e+18,2.1001258695990118e+18,2.0971960702138496e+18,4.761619360419265e-19,0.10343512531232206,-12.464320212664884,-8.526318669741881,0.016663008569205214,2.7655833239876413e-06,64,10538.279310717895,79495136961.93422,79495136961.93593,4.571109988898713,1.3616072307357618,79606192292.76663,2.1001258695990118e+18,2.0971960702138496e+18,2.1001258695990118e+18,0.13950589474532982,10538.279310717895,2.3424244139706967e+18,88790624899.74777,26381438.54281344,4.684848827941393e+18,177581250000.0,0.5,0.09793950717362658,False,False,False,False,-0.10468997090973578,False,False,True,-13.256466474732292,-12.784590469928009,-12.424354056999833,-12.424354056999833,-0.8321124177324588,False,0.25,4,32,-1.46484375e-06,1.0416666666666667e-06,31,64,15000.0,960000.0,1,1.0,15000.0,exponential_tdl,0.016859318295645805,,,,,,,,,,,,,,,,,,,,,,,,,,,
conventional_s2,Conventional $S_2$,ok,optimal,0.007960803999594646,False,,conventional_s2,304.0648653859447,4560972.980789171,0.9999999990458877,3.3571428544168223,1358587.6975084723,88790624898.23666,2.342424413930832e+18,2.342424413930832e+18,2.3394938914294804e+18,4.269081188075119e-19,0.09793950717445997,-10.367380967001058,-6.086550070158781,0.02174760843052517,9.862384904987486e-06,64,10539.579734175353,88679542241.97986,88679542157.36961,4.56097298078917,1.3585876975084723,88790624898.23666,2.3424244139308314e+18,2.3394938914294804e+18,2.342424413930832e+18,0.12510638481750205,10539.579734175353,2.3424244139706967e+18,88790624899.74777,26381438.54281344,4.684848827941393e+18,177581250000.0,0.5,0.09793950717362658,True,False,True,True,-0.0012510638651723497,True,False,True,-13.256466474732292,-10.808069278343764,-10.356484624833149,-10.356484624833149,-2.8999818498991434,False,0.25,4,32,-1.3997395833333333e-06,1.0416666666666667e-06,31,64,15000.0,960000.0,1,1.0,15000.0,exponential_tdl,,known_amplitude_linear,88790624899.74777,,,,,,,,,,,,,,,,,,,,,,,,,
exact_efim,Exact EFIM,ok,optimal,0.008958152997365687,False,,exact_efim,304.0529920438054,4560794.880657081,0.9999999991917661,3.3571428548336177,1358534.6462365887,88851546424.62476,2.3440316114351734e+18,2.3440316114351734e+18,2.342424397133114e+18,4.2661540702846276e-19,0.09790592504998692,-10.35349781713414,-6.065085876383992,0.022081729409527257,9.832326181854516e-06,64,7805.265092370636,88790624333.2754,88790624261.51181,4.56079488065708,1.3585346462365888,88851546424.62476,2.3440316114351734e+18,2.342424397133114e+18,2.3440316114351734e+18,0.06856623836550889,7805.265092370636,2.3424244139706967e+18,88790624899.74777,26381438.54281344,4.684848827941393e+18,177581250000.0,0.5,0.09793950717362658,True,True,True,True,-7.188100818782977e-09,False,False,True,-13.256466474732292,-10.7990026862538,-10.343674465062346,-10.343674465062346,-2.9127920096699462,False,0.25,4,32,-1.3997395833333333e-06,1.0416666666666667e-06,31,64,15000.0,960000.0,1,1.0,15000.0,exponential_tdl,,unknown_amplitude_exact,,2.3424244139706967e+18,88790624899.74777,quad_over_lin,1e-12,,,,,,,,,,,,,,,,,,,,,
conventional_s2_psl,Conventional $S_2$+PSL,ok,optimal,0.4970347589987796,False,,conventional_s2,302.5884415989326,4538826.6239839895,0.9999999994663842,3.3571428556182408,1351990.9098858212,88790624857.7587,2.342424412862964e+18,2.342424412862964e+18,2.3393615868580024e+18,4.2690811900213136e-19,0.09793950719678438,-13.03310858080254,-5.267179468738995,0.03732609539946606,2.1629756695596227e-05,64,10774.867204164222,88674527141.8714,88674527094.55327,4.538826623983989,1.3519909098858212,88790624857.7587,2.342424412862964e+18,2.3393615868580024e+18,2.342424412862964e+18,0.13075452886090513,10774.867204164222,2.3424244139706967e+18,88790624899.74777,26381438.54281344,4.684848827941393e+18,177581250000.0,0.5,0.09793950717362658,True,False,True,True,-0.0013075457608907022,True,False,True,-13.256466474732292,-13.256466461611016,-13.03310858080254,-13.03310858080254,-0.22335789392975158,True,0.25,4,32,-1.3671875e-06,1.0416666666666667e-06,31,64,15000.0,960000.0,1,1.0,15000.0,exponential_tdl,,known_amplitude_linear,88790624899.74777,,,,,-13.256466474732292,0.2173585239870126,249.0,1.0416666666666667e-06,,,,,,,,,,,,,,,,,
exact_efim_sampled_psl,Exact EFIM+sampled PSL,ok,optimal,0.492236882000725,False,,exact_efim,302.56240385355625,4538436.057803344,0.9999999994998259,3.3571428557137883,1351874.5709849729,88809562163.27956,2.342924006224729e+18,2.342924006224729e+18,2.342424409346533e+18,4.26817087256428e-19,0.09792906457547203,-13.027064144657611,-5.264939588774695,0.03549357710950999,2.1351773289950546e-05,64,4351.716767231691,88790624768.8776,88790624724.46683,4.538436057803344,1.3518745709849729,88809562163.27956,2.342924006224729e+18,2.342424409346533e+18,2.342924006224729e+18,0.021323648435411676,4351.716767231691,2.3424244139706967e+18,88790624899.74777,26381438.54281344,4.684848827941393e+18,177581250000.0,0.5,0.09793950717362658,True,True,True,True,-1.9740930859585242e-09,False,False,True,-13.256466474732292,-13.256466465642516,-13.027064144657611,-13.027064144657611,-0.2294023300746808,True,0.25,4,32,-1.3671875e-06,1.0416666666666667e-06,31,64,15000.0,960000.0,1,1.0,15000.0,exponential_tdl,,unknown_amplitude_exact,,2.3424244139706967e+18,88790624899.74777,quad_over_lin,1e-12,-13.256466474732292,0.2173585239870126,249.0,1.0416666666666667e-06,,,,,,,,,,,,,,,,,
exact_efim_cutting_plane_psl,Exact EFIM+cutting-plane PSL,ok,optimal,0.4617878290009685,False,,exact_efim,302.56240385355625,4538436.057803344,0.9999999994998259,3.3571428557137883,1351874.5709849729,88809562163.27956,2.342924006224729e+18,2.342924006224729e+18,2.342424409346533e+18,4.26817087256428e-19,0.09792906457547203,-13.027064144657611,-5.264939588774695,0.03549357710950999,2.1351773289950546e-05,64,4351.716767231691,88790624768.8776,88790624724.46683,4.538436057803344,1.3518745709849729,88809562163.27956,2.342924006224729e+18,2.342424409346533e+18,2.342924006224729e+18,0.021323648435411676,4351.716767231691,2.3424244139706967e+18,88790624899.74777,26381438.54281344,4.684848827941393e+18,177581250000.0,0.5,0.09793950717362658,True,True,True,True,-1.9740930859585242e-09,False,False,True,-13.256466474732292,-13.256466465642516,-13.027064144657611,-13.027064144657611,-0.2294023300746808,True,0.25,4,32,-1.3671875e-06,1.0416666666666667e-06,31,64,15000.0,960000.0,1,1.0,15000.0,exponential_tdl,,unknown_amplitude_exact,,2.3424244139706967e+18,88790624899.74777,quad_over_lin,1e-12,-13.256466474732292,0.2173585239870126,249.0,1.0416666666666667e-06,-5.267956832053119,-0.2294023300746808,249.0,1985.0,1.0,249.0,True,1.0,dense_psl_satisfied,False,0.4617878290009685,0.0,249.0,-13.027064144657611,-13.256466465642516,,0.0
uniform,Uniform,ok,ok,1.3634999049827456e-05,False,,none,280.86755391296595,4213013.308694489,1.0,3.357142857142857,1254940.1345047415,76781250000.0,2.0255998281153943e+18,2.0255998281153943e+18,2.0255998281153943e+18,4.936809265680052e-19,0.10532073506634214,-13.256466474732292,-9.684463547443015,0.015625,0.0,64,0.0,76781250000.0,76781250000.0,4.21301330869449,1.2549401345047415,76781250000.0,2.0255998281153943e+18,2.0255998281153943e+18,2.0255998281153943e+18,0.0,0.0,2.3424244139706967e+18,88790624899.74777,26381438.54281344,4.684848827941393e+18,177581250000.0,0.5,0.09793950717362658,False,False,False,False,-0.13525498793715435,False,False,True,-13.256466474732292,-13.456972739469613,-13.256466474732292,-13.256466474732292,0.0,True,0.25,4,32,-1.4973958333333334e-06,1.0416666666666667e-06,32,64,15000.0,960000.0,1,1.0,15000.0,exponential_tdl,,,,,,,,,,,,,,,,,,,,,,,,,,,,
water_filling,Water-filling,ok,ok,0.00023036000129650347,False,,none,281.0843554922903,4216265.332384354,0.9999999999999682,3.3571428571427666,1255908.8224123947,75648010829.77328,1.9957033485917494e+18,1.9957033485917494e+18,1.9892601000075738e+18,5.01076475471989e-19,0.10610667713127696,-14.252169803320946,-10.001041666454196,0.0164583378693397,1.4096964405528377e-06,64,15627.992957171306,75403776665.9063,75403776665.9039,4.216265332384355,1.2559088224123947,75648010829.77328,1.9957033485917494e+18,1.9892601000075738e+18,1.9957033485917494e+18,0.3228560291148601,15627.992957171306,2.3424244139706967e+18,88790624899.74777,26381438.54281344,4.684848827941393e+18,177581250000.0,0.5,0.09793950717362658,False,False,False,False,-0.15076871290137644,False,False,True,-13.256466474732292,-14.48852841123684,-14.252169803320946,-14.252169803320946,0.9957033285886538,True,0.25,4,32,-1.4973958333333334e-06,1.0416666666666667e-06,32,64,15000.0,960000.0,1,1.0,15000.0,exponential_tdl,0.016829704801182836,,,,,,,,,,,,,,,,,,,,,,,,,,,
conventional_s2,Conventional $S_2$,ok,optimal,0.007985125997947762,False,,conventional_s2,279.7220006894572,4195830.0103418585,0.9999999985815713,3.357142853090204,1249821.7067169645,88790624823.37854,2.3424244119559665e+18,2.3424244119559665e+18,2.3359813569989714e+18,4.269081191674322e-19,0.0979395072157457,-10.998404795104806,-6.1667528922124335,0.02414035542280316,9.465175920852802e-06,64,15627.758146727396,88546398124.6291,88546397999.03235,4.195830010341859,1.2498217067169646,88790624823.37854,2.3424244119559665e+18,2.3359813569989714e+18,2.3424244119559665e+18,0.2750592473383167,15627.758146727396,2.3424244139706967e+18,88790624899.74777,26381438.54281344,4.684848827941393e+18,177581250000.0,0.5,0.09793950717362658,True,False,True,True,-0.002750593331122066,True,False,True,-13.256466474732292,-11.370240147073911,-10.96404793234774,-10.96404793234774,-2.292418542384553,False,0.25,4,32,-1.3997395833333333e-06,1.0416666666666667e-06,32,64,15000.0,960000.0,1,1.0,15000.0,exponential_tdl,,known_amplitude_linear,88790624899.74777,,,,,,,,,,,,,,,,,,,,,,,,,
exact_efim,Exact EFIM,ok,optimal,0.009144130999629851,False,,exact_efim,279.6899451038126,4195349.176557189,0.9999999983911552,3.3571428525461577,1249678.4798345147,88893909114.25186,2.3451492001280783e+18,2.3451492001280783e+18,2.3424244043385677e+18,4.264121020297497e-19,0.09788259357200464,-10.976140886315648,-6.137164921361088,0.0241614395738185,9.246999748059045e-06,64,10162.902133756543,88790624677.48805,88790624534.63771,4.195349176557189,1.2496784798345146,88893909114.25186,2.345149200128079e+18,2.3424244043385677e+18,2.3451492001280783e+18,0.11618859002070502,10162.902133756543,2.3424244139706967e+18,88790624899.74777,26381438.54281344,4.684848827941393e+18,177581250000.0,0.5,0.09793950717362658,True,True,True,True,-4.112034081677094e-09,False,False,True,-13.256466474732292,-11.348632600905507,-10.941424081822362,-10.941424081822362,-2.3150423929099304,False,0.25,4,32,-1.3997395833333333e-06,1.0416666666666667e-06,32,64,15000.0,960000.0,1,1.0,15000.0,exponential_tdl,,unknown_amplitude_exact,,2.3424244139706967e+18,88790624899.74777,quad_over_lin,1e-12,,,,,,,,,,,,,,,,,,,,,
conventional_s2_psl,Conventional $S_2$+PSL,ok,optimal,0.4984902409996721,False,,conventional_s2,278.9630395436726,4184445.5931550893,0.9999999997684637,3.357142856481325,1246430.6024620214,88790624881.20486,2.342424413481509e+18,2.342424413481509e+18,2.3357219551818266e+18,4.2690811888940124e-19,0.09793950718385333,-13.03707087089377,-5.416989140624949,0.03385132923698327,1.9875974121303734e-05,64,15939.247845962474,88536565279.8681,88536565259.36867,4.18444559315509,1.2464306024620213,88790624881.20486,2.342424413481508e+18,2.3357219551818266e+18,2.342424413481509e+18,0.2861333864652027,15939.247845962474,2.3424244139706967e+18,88790624899.74777,26381438.54281344,4.684848827941393e+18,177581250000.0,0.5,0.09793950717362658,True,False,True,True,-0.002861334072892732,True,False,True,-13.256466474732292,-13.256466472514987,-13.03707087089377,-13.03707087089377,-0.21939560383852275,True,0.25,4,32,-1.3671875e-06,1.0416666666666667e-06,32,64,15000.0,960000.0,1,1.0,15000.0,exponential_tdl,,known_amplitude_linear,88790624899.74777,,,,,-13.256466474732292,0.2173585239870126,249.0,1.0416666666666667e-06,,,,,,,,,,,,,,,,,
exact_efim_sampled_psl,Exact EFIM+sampled PSL,ok,optimal,0.5027777830000559,False,,exact_efim,278.91321008742324,4183698.1513113487,0.9999999994865651,3.3571428556759004,1246207.960509633,88840729783.17923,2.3437462528736384e+18,2.3437462528736384e+18,2.3424244099033165e+18,4.2666734881129403e-19,0.0979118850474827,-13.035261752139109,-5.386926168648014,0.03324881509089162,1.967807743262605e-05,64,7078.4911974944425,88790624791.16014,88790624745.57195,4.183698151311349,1.246207960509633,88840729783.17923,2.3437462528736384e+18,2.3424244099033165e+18,2.3437462528736384e+18,0.05639872356920996,7078.4911974944425,2.3424244139706967e+18,88790624899.74777,26381438.54281344,4.684848827941393e+18,177581250000.0,0.5,0.09793950717362658,True,True,True,True,-1.7363976398731652e-09,False,False,True,-13.256466474732292,-13.25646646303467,-13.035261752139109,-13.035261752139109,-0.2212047225931837,True,0.25,4,32,-1.3671875e-06,1.0416666666666667e-06,32,64,15000.0,960000.0,1,1.0,15000.0,exponential_tdl,,unknown_amplitude_exact,,2.3424244139706967e+18,88790624899.74777,quad_over_lin,1e-12,-13.256466474732292,0.2173585239870126,249.0,1.0416666666666667e-06,,,,,,,,,,,,,,,,,
exact_efim_cutting_plane_psl,Exact EFIM+cutting-plane PSL,ok,optimal,0.5075955719985359,False,,exact_efim,278.91321008742324,4183698.1513113487,0.9999999994865651,3.3571428556759004,1246207.960509633,88840729783.17923,2.3437462528736384e+18,2.3437462528736384e+18,2.3424244099033165e+18,4.2666734881129403e-19,0.0979118850474827,-13.035261752139109,-5.386926168648014,0.03324881509089162,1.967807743262605e-05,64,7078.4911974944425,88790624791.16014,88790624745.57195,4.183698151311349,1.246207960509633,88840729783.17923,2.3437462528736384e+18,2.3424244099033165e+18,2.3437462528736384e+18,0.05639872356920996,7078.4911974944425,2.3424244139706967e+18,88790624899.74777,26381438.54281344,4.684848827941393e+18,177581250000.0,0.5,0.09793950717362658,True,True,True,True,-1.7363976398731652e-09,False,False,True,-13.256466474732292,-13.25646646303467,-13.035261752139109,-13.035261752139109,-0.2212047225931837,True,0.25,4,32,-1.3671875e-06,1.0416666666666667e-06,32,64,15000.0,960000.0,1,1.0,15000.0,exponential_tdl,,unknown_amplitude_exact,,2.3424244139706967e+18,88790624899.74777,quad_over_lin,1e-12,-13.256466474732292,0.2173585239870126,249.0,1.0416666666666667e-06,-5.390110021073429,-0.2212047225931837,249.0,1985.0,1.0,249.0,True,1.0,dense_psl_satisfied,False,0.5075955719985359,0.0,249.0,-13.035261752139109,-13.25646646303467,,0.0
uniform,Uniform,ok,ok,1.353699917672202e-05,False,,none,218.78785556937356,3281817.8335406035,1.0,3.357142857142857,977562.7589269882,76781250000.0,2.0255998281153943e+18,2.0255998281153943e+18,2.0255998281153943e+18,4.936809265680052e-19,0.10532073506634214,-13.256466474732292,-9.684463547443015,0.015625,0.0,64,0.0,76781250000.0,76781250000.0,3.2818178335406034,0.9775627589269882,76781250000.0,2.0255998281153943e+18,2.0255998281153943e+18,2.0255998281153943e+18,0.0,0.0,2.3424244139706967e+18,88790624899.74777,26381438.54281344,4.684848827941393e+18,177581250000.0,0.5,0.09793950717362658,False,False,False,False,-0.13525498793715435,False,False,True,-13.256466474732292,-13.456972739469613,-13.256466474732292,-13.256466474732292,0.0,True,0.25,4,32,-1.4973958333333334e-06,1.0416666666666667e-06,33,64,15000.0,960000.0,1,1.0,15000.0,exponential_tdl,,,,,,,,,,,,,,,,,,,,,,,,,,,,
water_filling,Water-filling,ok,ok,0.00020032399697811343,False,,none,226.22420396816972,3393363.059522546,0.9999999999992291,3.3571428571406545,1010788.9964541874,59817212605.526115,1.5780641181550922e+18,1.5780641181550922e+18,1.4495970292460513e+18,6.336878131220013e-19,0.11932415972318927,-14.106400471255757,-10.874649738948465,0.01887238246403305,3.6820643502926214e-05,57,-69782.5290190647,54947611249.27562,54947611249.23326,3.393363059522546,1.0107889964541874,59817212605.526115,1.5780641181550925e+18,1.4495970292460513e+18,1.5780641181550922e+18,8.140802862891984,69782.5290190647,2.3424244139706967e+18,88790624899.74777,26381438.54281344,4.684848827941393e+18,177581250000.0,0.5,0.09793950717362658,False,False,False,False,-0.3811552592261423,False,False,True,-13.256466474732292,-14.232358917909082,-14.106400471255757,-14.106400471255757,0.8499339965234647,True,0.25,4,32,-1.7578125000000002e-06,1.0416666666666667e-06,33,64,15000.0,960000.0,1,1.0,15000.0,exponential_tdl,0.019458291889936967,,,,,,,,,,,,,,,,,,,,,,,,,,,
conventional_s2,Conventional $S_2$,ok,optimal,0.007144740000512684,False,,conventional_s2,220.1542699461089,3302314.0491916337,0.9999999967896086,3.3571428479703105,983668.017340452,88790624611.37918,2.342424406363118e+18,2.342424406363118e+18,1.9434522152340575e+18,4.269081201867318e-19,0.09793950733266746,-9.462560022808319,-3.3593525809863074,0.05483239196492678,8.74733338267173e-05,64,-122976.48539325366,73667408936.75471,73667408700.2535,3.302314049191634,0.983668017340452,88790624611.37918,2.342424406363118e+18,1.9434522152340575e+18,2.342424406363118e+18,17.032446812168878,122976.48539325366,2.3424244139706967e+18,88790624899.74777,26381438.54281344,4.684848827941393e+18,177581250000.0,0.5,0.09793950717362658,True,False,False,False,-0.17032447081625673,True,True,True,-13.256466474732292,-9.462560022808319,-9.462560022808319,-9.462560022808319,-3.7939064519239736,False,0.25,4,32,-1.5625e-06,1.0416666666666667e-06,33,64,15000.0,960000.0,1,1.0,15000.0,exponential_tdl,,known_amplitude_linear,88790624899.74777,,,,,,,,,,,,,,,,,,,,,,,,,
exact_efim,Exact EFIM,ok,optimal,0.008268435998616042,False,,exact_efim,218.23114084772055,3273467.112715808,0.9999999970675311,3.357142848764375,975075.3126041794,90507286801.82047,2.3877124244390164e+18,2.3877124244390164e+18,2.342424393617875e+18,4.1881090443081565e-19,0.09700624583868891,-10.51265756486594,-2.613231425027651,0.062499997771689776,7.199360755900139e-05,64,-41432.62818829375,88790624388.64088,88790624128.26514,3.2734671127158084,0.9750753126041793,90507286801.82047,2.3877124244390164e+18,2.342424393617875e+18,2.3877124244390164e+18,1.8967121148092927,41432.62818829375,2.3424244139706967e+18,88790624899.74777,26381438.54281344,4.684848827941393e+18,177581250000.0,0.5,0.09793950717362658,True,True,True,True,-8.688784849838322e-09,False,False,True,-13.256466474732292,-11.063692836115933,-10.51265756486594,-10.51265756486594,-2.7438089098663525,False,0.25,4,32,-1.4322916666666667e-06,1.0416666666666667e-06,33,64,15000.0,960000.0,1,1.0,15000.0,exponential_tdl,,unknown_amplitude_exact,,2.3424244139706967e+18,88790624899.74777,quad_over_lin,1e-12,,,,,,,,,,,,,,,,,,,,,
conventional_s2_psl,Conventional $S_2$+PSL,ok,optimal,0.510463582999364,False,,conventional_s2,219.2974003728437,3289461.0055926554,0.9999999996651345,3.357142856186099,979839.4487536541,88790624866.50177,2.3424244130936197e+18,2.3424244130936197e+18,2.1363854868095409e+18,4.269081189600943e-19,0.0979395071919624,-12.77948300575676,-2.597710169673471,0.059766866434762256,9.482786354093385e-05,64,-88374.18107658066,80980629015.27841,80980628988.1608,3.2894610055926554,0.9798394487536541,88790624866.50177,2.342424413093619e+18,2.1363854868095409e+18,2.3424244130936197e+18,8.795969045249363,88374.18107658066,2.3424244139706967e+18,88790624899.74777,26381438.54281344,4.684848827941393e+18,177581250000.0,0.5,0.09793950717362658,True,False,False,False,-0.08795969079399006,True,True,True,-13.256466474732292,-13.256466467534331,-12.77948300575676,-12.77948300575676,-0.4769834689755328,False,0.25,4,32,-1.4322916666666667e-06,1.0416666666666667e-06,33,64,15000.0,960000.0,1,1.0,15000.0,exponential_tdl,,known_amplitude_linear,88790624899.74777,,,,,-13.256466474732292,0.2173585239870126,249.0,1.0416666666666667e-06,,,,,,,,,,,,,,,,,
exact_efim_sampled_psl,Exact EFIM+sampled PSL,ok,optimal,0.49006758500036085,False,,exact_efim,217.6096582996134,3264144.8744942006,0.9999999995488947,3.357142855853985,972298.4736268759,89884973612.76796,2.3712949072876457e+18,2.3712949072876457e+18,2.342424410344429e+18,4.217105164468254e-19,0.09734147504845535,-12.975381592656397,-2.3599616182295016,0.06249999990106337,8.049294153109952e-05,64,-33080.94392500179,88790624802.34644,88790624762.29251,3.2641448744942005,0.9722984736268759,89884973612.76796,2.3712949072876457e+18,2.342424410344429e+18,2.3712949072876457e+18,1.2174992176000383,33080.94392500179,2.3424244139706967e+18,88790624899.74777,26381438.54281344,4.684848827941393e+18,177581250000.0,0.5,0.09793950717362658,True,True,True,True,-1.5480830998738744e-09,False,False,True,-13.256466474732292,-13.256466461577798,-12.975381592656397,-12.975381592656397,-0.2810848820758949,False,0.25,4,32,-1.3671875e-06,1.0416666666666667e-06,33,64,15000.0,960000.0,1,1.0,15000.0,exponential_tdl,,unknown_amplitude_exact,,2.3424244139706967e+18,88790624899.74777,quad_over_lin,1e-12,-13.256466474732292,0.2173585239870126,249.0,1.0416666666666667e-06,,,,,,,,,,,,,,,,,
exact_efim_cutting_plane_psl,Exact EFIM+cutting-plane PSL,ok,optimal,1.003262870999606,False,,exact_efim,217.47478429153483,3262121.7643730226,0.9999999994699534,3.3571428556284384,971695.8451451932,89889967428.67308,2.3714266513350405e+18,2.3714266513350405e+18,2.3424244091909197e+18,4.2168708841870807e-19,0.09733877111957549,-13.256466459041603,-2.2639048967848154,0.062499999888110815,8.348377638591674e-05,64,-33156.33741364616,88790624765.63141,88790624718.56824,3.2621217643730227,0.9716958451451931,89889967428.67308,2.3714266513350405e+18,2.3424244091909197e+18,2.3714266513350405e+18,1.2229871047368663,33156.33741364616,2.3424244139706967e+18,88790624899.74777,26381438.54281344,4.684848827941393e+18,177581250000.0,0.5,0.09793950717362658,True,True,True,True,-2.0405256176004807e-09,False,False,True,-13.256466474732292,-13.502366583211332,-13.256466459041603,-13.256466459041603,-1.569068963647169e-08,True,0.25,4,32,-1.3671875e-06,1.0416666666666667e-06,33,64,15000.0,960000.0,1,1.0,15000.0,exponential_tdl,,unknown_amplitude_exact,,2.3424244139706967e+18,88790624899.74777,quad_over_lin,1e-12,-13.256466474732292,0.2173585239870126,251.0,1.0416666666666667e-06,-2.2665886263973873,-1.569068963647169e-08,249.0,1985.0,2.0,251.0,True,2.0,dense_psl_satisfied,False,1.003262870999606,2.0,251.0,-12.975381592656397,-13.256466461577798,-1.3671875e-06,1.0
uniform,Uniform,ok,ok,1.4646000636275858e-05,False,,none,319.2899001100143,4789348.501650214,1.0,3.357142857142857,1426614.4473000637,76781250000.0,2.0255998281153943e+18,2.0255998281153943e+18,2.0255998281153943e+18,4.936809265680052e-19,0.10532073506634214,-13.256466474732292,-9.684463547443015,0.015625,0.0,64,0.0,76781250000.0,76781250000.0,4.789348501650214,1.4266144473000637,76781250000.0,2.0255998281153943e+18,2.0255998281153943e+18,2.0255998281153943e+18,0.0,0.0,2.3424244139706967e+18,88790624899.74777,26381438.54281344,4.684848827941393e+18,177581250000.0,0.5,0.09793950717362658,False,False,False,False,-0.13525498793715435,False,False,True,-13.256466474732292,-13.456972739469613,-13.256466474732292,-13.256466474732292,0.0,True,0.25,4,32,-1.4973958333333334e-06,1.0416666666666667e-06,34,64,15000.0,960000.0,1,1.0,15000.0,exponential_tdl,,,,,,,,,,,,,,,,,,,,,,,,,,,,
water_filling,Water-filling,ok,ok,0.00020553499780362472,False,,none,324.7018577980951,4870527.866971427,0.9999999999994374,3.35714285714125,1450795.5348432472,62463107205.0546,1.6478666239233155e+18,1.6478666239233155e+18,1.5060512583290196e+18,6.068452297547933e-19,0.11676956933784743,-14.257614991839848,-10.434139056857152,0.018645027738354976,3.5036670381224675e-05,58,-73318.3035754323,57087533565.91049,57087533565.87838,4.870527866971426,1.450795534843247,62463107205.0546,1.6478666239233155e+18,1.5060512583290196e+18,1.6478666239233155e+18,8.605997811683045,73318.3035754323,2.3424244139706967e+18,88790624899.74777,26381438.54281344,4.684848827941393e+18,177581250000.0,0.5,0.09793950717362658,False,False,False,False,-0.35705449049001414,False,False,True,-13.256466474732292,-14.382485633082691,-14.257614991839848,-14.257614991839848,1.0011485171075556,True,0.25,4,32,-1.7578125000000002e-06,1.0416666666666667e-06,34,64,15000.0,960000.0,1,1.0,15000.0,exponential_tdl,0.018743576870196677,,,,,,,,,,,,,,,,,,,,,,,,,,,
conventional_s2,Conventional $S_2$,ok,optimal,0.007905662998382468,False,,conventional_s2,320.0345120044896,4800517.680067345,0.9999999995169252,3.3571428557626435,1429941.437203693,88790624883.599,2.342424413544668e+18,2.342424413544668e+18,2.125855548420183e+18,4.2690811887789044e-19,0.09793950718253296,-11.100915159270981,-4.158013128329257,0.04127358460215594,5.78994788674042e-05,64,-90604.2925745613,80581487093.55481,80581487054.62793,4.800517680067345,1.429941437203693,88790624883.599,2.3424244135446687e+18,2.125855548420183e+18,2.342424413544668e+18,9.245500681781351,90604.2925745613,2.3424244139706967e+18,88790624899.74777,26381438.54281344,4.684848827941393e+18,177581250000.0,0.5,0.09793950717362658,True,False,False,False,-0.0924550069828733,True,True,True,-13.256466474732292,-11.267917849655548,-11.090114484723363,-11.090114484723363,-2.1663519900089288,False,0.25,4,32,-1.46484375e-06,1.0416666666666667e-06,34,64,15000.0,960000.0,1,1.0,15000.0,exponential_tdl,,known_amplitude_linear,88790624899.74777,,,,,,,,,,,,,,,,,,,,,,,,,
exact_efim,Exact EFIM,ok,optimal,0.00946144499903312,False,,exact_efim,318.91767657463413,4783765.148619512,0.9999999992861386,3.357142855103253,1424951.3217311038,90188180347.56624,2.379293937127493e+18,2.379293937127493e+18,2.342424409604877e+18,4.2029275340704385e-19,0.09717770946957653,-11.506949031706977,-3.3991221395462508,0.05036888319814595,5.4780679022306875e-05,64,-37383.895119481895,88790624797.64368,88790624734.25948,4.783765148619512,1.4249513217311038,90188180347.56624,2.3792939371274936e+18,2.342424409604877e+18,2.379293937127493e+18,1.5495995239297198,37383.895119481895,2.3424244139706967e+18,88790624899.74777,26381438.54281344,4.684848827941393e+18,177581250000.0,0.5,0.09793950717362658,True,True,True,True,-1.863803962237313e-09,False,False,True,-13.256466474732292,-11.85746382656392,-11.47550630449484,-11.47550630449484,-1.780960170237453,False,0.25,4,32,-1.3997395833333333e-06,1.0416666666666667e-06,34,64,15000.0,960000.0,1,1.0,15000.0,exponential_tdl,,unknown_amplitude_exact,,2.3424244139706967e+18,88790624899.74777,quad_over_lin,1e-12,,,,,,,,,,,,,,,,,,,,,
conventional_s2_psl,Conventional $S_2$+PSL,ok,optimal,0.5008062339984463,False,,conventional_s2,319.7386044604401,4796079.066906602,0.9999999995665811,3.3571428559045176,1428619.2970523415,88790624865.57648,2.3424244130692086e+18,2.3424244130692086e+18,2.1621857521772147e+18,4.269081189645432e-19,0.09793950719247271,-12.781705065553378,-3.682283728543243,0.045567018474662276,6.584813894695328e-05,64,-82656.06756014976,81958599399.55197,81958599364.02957,4.796079066906602,1.4286192970523415,88790624865.57648,2.3424244130692086e+18,2.1621857521772147e+18,2.3424244130692086e+18,7.694534768608928,82656.06756014976,2.3424244139706967e+18,88790624899.74777,26381438.54281344,4.684848827941393e+18,177581250000.0,0.5,0.09793950717362658,True,False,False,False,-0.07694534804132926,True,True,True,-13.256466474732292,-13.256466492634187,-12.781705065553378,-12.781705065553378,-0.47476140917891385,False,0.25,4,32,-1.4322916666666667e-06,1.0416666666666667e-06,34,64,15000.0,960000.0,1,1.0,15000.0,exponential_tdl,,known_amplitude_linear,88790624899.74777,,,,,-13.256466474732292,0.2173585239870126,249.0,1.0416666666666667e-06,,,,,,,,,,,,,,,,,
exact_efim_sampled_psl,Exact EFIM+sampled PSL,ok,optimal,0.5145765810011653,False,,exact_efim,318.64312968688347,4779646.945303252,0.9999999995455728,3.357142855844494,1423724.6225558445,89744512490.9722,2.367589340835336e+18,2.367589340835336e+18,2.342424410284721e+18,4.2237054490504616e-19,0.09741762091368555,-13.019334472311954,-2.695570283063974,0.06210337862442248,7.205116780451031e-05,64,-30885.07295404059,88790624800.37814,88790624760.02927,4.779646945303252,1.4237246225558444,89744512490.9722,2.367589340835336e+18,2.342424410284721e+18,2.367589340835336e+18,1.0628925429160918,30885.07295404059,2.3424244139706967e+18,88790624899.74777,26381438.54281344,4.684848827941393e+18,177581250000.0,0.5,0.09793950717362658,True,True,True,True,-1.5735728888480201e-09,False,False,True,-13.256466474732292,-13.256466483529628,-13.019334472311954,-13.019334472311954,-0.2371320024203385,True,0.25,4,32,-1.3671875e-06,1.0416666666666667e-06,34,64,15000.0,960000.0,1,1.0,15000.0,exponential_tdl,,unknown_amplitude_exact,,2.3424244139706967e+18,88790624899.74777,quad_over_lin,1e-12,-13.256466474732292,0.2173585239870126,249.0,1.0416666666666667e-06,,,,,,,,,,,,,,,,,
exact_efim_cutting_plane_psl,Exact EFIM+cutting-plane PSL,ok,optimal,0.5284703039978922,False,,exact_efim,318.64312968688347,4779646.945303252,0.9999999995455728,3.357142855844494,1423724.6225558445,89744512490.9722,2.367589340835336e+18,2.367589340835336e+18,2.342424410284721e+18,4.2237054490504616e-19,0.09741762091368555,-13.019334472311954,-2.695570283063974,0.06210337862442248,7.205116780451031e-05,64,-30885.07295404059,88790624800.37814,88790624760.02927,4.779646945303252,1.4237246225558444,89744512490.9722,2.367589340835336e+18,2.342424410284721e+18,2.367589340835336e+18,1.0628925429160918,30885.07295404059,2.3424244139706967e+18,88790624899.74777,26381438.54281344,4.684848827941393e+18,177581250000.0,0.5,0.09793950717362658,True,True,True,True,-1.5735728888480201e-09,False,False,True,-13.256466474732292,-13.256466483529628,-13.019334472311954,-13.019334472311954,-0.2371320024203385,True,0.25,4,32,-1.3671875e-06,1.0416666666666667e-06,34,64,15000.0,960000.0,1,1.0,15000.0,exponential_tdl,,unknown_amplitude_exact,,2.3424244139706967e+18,88790624899.74777,quad_over_lin,1e-12,-13.256466474732292,0.2173585239870126,249.0,1.0416666666666667e-06,-2.699067550195044,-0.2371320024203385,249.0,1985.0,1.0,249.0,True,1.0,dense_psl_satisfied,False,0.5284703039978922,0.0,249.0,-13.019334472311954,-13.256466483529628,,0.0
uniform,Uniform,ok,ok,2.4683999072294682e-05,False,,none,309.22454765975203,4638368.21489628,1.0,3.357142857142857,1381641.5959265516,76781250000.0,2.0255998281153943e+18,2.0255998281153943e+18,2.0255998281153943e+18,4.936809265680052e-19,0.10532073506634214,-13.256466474732292,-9.684463547443015,0.015625,0.0,64,0.0,76781250000.0,76781250000.0,4.63836821489628,1.3816415959265516,76781250000.0,2.0255998281153943e+18,2.0255998281153943e+18,2.0255998281153943e+18,0.0,0.0,2.3424244139706967e+18,88790624899.74777,26381438.54281344,4.684848827941393e+18,177581250000.0,0.5,0.09793950717362658,False,False,False,False,-0.13525498793715435,False,False,True,-13.256466474732292,-13.456972739469613,-13.256466474732292,-13.256466474732292,0.0,True,0.25,4,32,-1.4973958333333334e-06,1.0416666666666667e-06,35,64,15000.0,960000.0,1,1.0,15000.0,exponential_tdl,,,,,,,,,,,,,,,,,,,,,,,,,,,,
water_filling,Water-filling,ok,ok,0.000199767997401068,False,,none,309.2340312117327,4638510.4681759905,0.9999999999997691,3.3571428571421977,1381683.9692441835,75795236323.3013,1.999587368901194e+18,1.999587368901194e+18,1.9995832312836268e+18,5.001031790621464e-19,0.10600357565724494,-13.480164435424973,-10.002555751465586,0.01583598087415972,5.481935337927211e-08,64,396.02804045957197,75795079485.10997,75795079485.09247,4.6385104681759906,1.3816839692441836,75795236323.3013,1.999587368901194e+18,1.9995832312836268e+18,1.999587368901194e+18,0.00020692356991161074,396.02804045957197,2.3424244139706967e+18,88790624899.74777,26381438.54281344,4.684848827941393e+18,177581250000.0,0.5,0.09793950717362658,False,False,False,False,-0.14636168434818866,False,False,True,-13.256466474732292,-13.64122416438308,-13.480164435424973,-13.480164435424973,0.22369796069268055,True,0.25,4,32,-1.4973958333333334e-06,1.0416666666666667e-06,35,64,15000.0,960000.0,1,1.0,15000.0,exponential_tdl,0.01623152392358077,,,,,,,,,,,,,,,,,,,,,,,,,,,
conventional_s2,Conventional $S_2$,ok,optimal,0.007094672000675928,False,,conventional_s2,307.80425112342465,4617063.766851369,0.9999999979319053,3.3571428512340153,1375295.5925465708,88790624835.19115,2.3424244122676e+18,2.3424244122676e+18,2.342420278788512e+18,4.2690811911063685e-19,0.09793950720923082,-10.539775635167011,-6.235888855400136,0.022857289618676172,7.645100839308124e-06,64,395.82993606337857,88790468337.48027,88790468153.85318,4.617063766851369,1.3752955925465709,88790624835.19115,2.3424244122676e+18,2.342420278788512e+18,2.3424244122676e+18,0.00017646157828958748,395.82993606337857,2.3424244139706967e+18,88790624899.74777,26381438.54281344,4.684848827941393e+18,177581250000.0,0.5,0.09793950717362658,True,False,True,True,-1.7653428474775667e-06,True,False,True,-13.256466474732292,-11.006097284483472,-10.53250938052097,-10.53250938052097,-2.723957094211322,False,0.25,4,32,-1.3997395833333333e-06,1.0416666666666667e-06,35,64,15000.0,960000.0,1,1.0,15000.0,exponential_tdl,,known_amplitude_linear,88790624899.74777,,,,,,,,,,,,,,,,,,,,,,,,,
exact_efim,Exact EFIM,ok,optimal,0.008907347000786103,False,,exact_efim,307.8042293252975,4617063.439879463,0.9999999984699772,3.357142852771364,1375295.4945208896,88790692019.71878,2.342426184692087e+18,2.342426184692087e+18,2.3424244046550036e+18,4.2690779608555755e-19,0.09793947015568036,-10.539784912508942,-6.2359043008986195,0.022837286901184785,7.644725076085097e-06,64,259.7558210034526,88790624682.48402,88790624546.63234,4.617063439879463,1.3752954945208895,88790692019.71878,2.342426184692087e+18,2.3424244046550036e+18,2.342426184692087e+18,7.599117081121542e-05,259.7558210034526,2.3424244139706967e+18,88790624899.74777,26381438.54281344,4.684848827941393e+18,177581250000.0,0.5,0.09793950717362658,True,True,True,True,-3.9769449978574794e-09,False,False,True,-13.256466474732292,-11.006090267104272,-10.532514500647823,-10.532514500647823,-2.7239519740844695,False,0.25,4,32,-1.3997395833333333e-06,1.0416666666666667e-06,35,64,15000.0,960000.0,1,1.0,15000.0,exponential_tdl,,unknown_amplitude_exact,,2.3424244139706967e+18,88790624899.74777,quad_over_lin,1e-12,,,,,,,,,,,,,,,,,,,,,
conventional_s2_psl,Conventional $S_2$+PSL,ok,optimal,0.4853002429990738,False,,conventional_s2,306.59183676018563,4598877.551402785,0.9999999995856665,3.3571428559590473,1369878.4200498392,88790624867.37985,2.342424413116784e+18,2.342424413116784e+18,2.3424209001384694e+18,4.2690811895587254e-19,0.09793950719147812,-13.023375035067266,-5.413524206010748,0.033411535085177184,1.9183411312120162e-05,64,364.9122963363889,88790491743.18475,88790491706.39589,4.598877551402785,1.3698784200498393,88790624867.37985,2.342424413116784e+18,2.3424209001384694e+18,2.342424413116784e+18,0.00014997189642835474,364.9122963363889,2.3424244139706967e+18,88790624899.74777,26381438.54281344,4.684848827941393e+18,177581250000.0,0.5,0.09793950717362658,True,False,True,True,-1.5000835059482767e-06,True,False,True,-13.256466474732292,-13.256466483418173,-13.023375035067266,-13.023375035067266,-0.2330914396650261,True,0.25,4,32,-1.3671875e-06,1.0416666666666667e-06,35,64,15000.0,960000.0,1,1.0,15000.0,exponential_tdl,,known_amplitude_linear,88790624899.74777,,,,,-13.256466474732292,0.2173585239870126,249.0,1.0416666666666667e-06,,,,,,,,,,,,,,,,,
exact_efim_sampled_psl,Exact EFIM+sampled PSL,ok,optimal,0.47710681299940916,False,,exact_efim,306.5918077567903,4598877.116351854,0.9999999994660764,3.3571428556173615,1369878.2905996249,88790649825.42383,2.342425071545888e+18,2.342425071545888e+18,2.3424244416293396e+18,4.2690799895684524e-19,0.09793949342663517,-13.023384191578412,-5.413540251992698,0.03335371171487749,1.918298495788971e-05,64,154.52269432707484,88790625995.56819,88790625948.16078,4.598877116351854,1.369878290599625,88790649825.42383,2.342425071545888e+18,2.3424244416293396e+18,2.342425071545888e+18,2.6891641305746673e-05,154.52269432707484,2.3424244139706967e+18,88790624899.74777,26381438.54281344,4.684848827941393e+18,177581250000.0,0.5,0.09793950717362658,True,True,True,True,1.1807699227790751e-08,False,False,True,-13.256466474732292,-13.256466487490954,-13.023384191578412,-13.023384191578412,-0.23308228315388035,True,0.25,4,32,-1.3671875e-06,1.0416666666666667e-06,35,64,15000.0,960000.0,1,1.0,15000.0,exponential_tdl,,unknown_amplitude_exact,,2.3424244139706967e+18,88790624899.74777,quad_over_lin,1e-12,-13.256466474732292,0.2173585239870126,249.0,1.0416666666666667e-06,,,,,,,,,,,,,,,,,
exact_efim_cutting_plane_psl,Exact EFIM+cutting-plane PSL,ok,optimal,0.507362734999333,False,,exact_efim,306.5918077567903,4598877.116351854,0.9999999994660764,3.3571428556173615,1369878.2905996249,88790649825.42383,2.342425071545888e+18,2.342425071545888e+18,2.3424244416293396e+18,4.2690799895684524e-19,0.09793949342663517,-13.023384191578412,-5.413540251992698,0.03335371171487749,1.918298495788971e-05,64,154.52269432707484,88790625995.56819,88790625948.16078,4.598877116351854,1.369878290599625,88790649825.42383,2.342425071545888e+18,2.3424244416293396e+18,2.342425071545888e+18,2.6891641305746673e-05,154.52269432707484,2.3424244139706967e+18,88790624899.74777,26381438.54281344,4.684848827941393e+18,177581250000.0,0.5,0.09793950717362658,True,True,True,True,1.1807699227790751e-08,False,False,True,-13.256466474732292,-13.256466487490954,-13.023384191578412,-13.023384191578412,-0.23308228315388035,True,0.25,4,32,-1.3671875e-06,1.0416666666666667e-06,35,64,15000.0,960000.0,1,1.0,15000.0,exponential_tdl,,unknown_amplitude_exact,,2.3424244139706967e+18,88790624899.74777,quad_over_lin,1e-12,-13.256466474732292,0.2173585239870126,249.0,1.0416666666666667e-06,-5.416386092200395,-0.23308228315388035,249.0,1985.0,1.0,249.0,True,1.0,dense_psl_satisfied,False,0.507362734999333,0.0,249.0,-13.023384191578412,-13.256466487490954,,0.0
uniform,Uniform,ok,ok,1.4553999790223315e-05,False,,none,350.7515119441646,5261272.679162469,1.0,3.357142857142857,1567187.6065590333,76781250000.0,2.0255998281153943e+18,2.0255998281153943e+18,2.0255998281153943e+18,4.936809265680052e-19,0.10532073506634214,-13.256466474732292,-9.684463547443015,0.015625,0.0,64,0.0,76781250000.0,76781250000.0,5.261272679162468,1.5671876065590333,76781250000.0,2.0255998281153943e+18,2.0255998281153943e+18,2.0255998281153943e+18,0.0,0.0,2.3424244139706967e+18,88790624899.74777,26381438.54281344,4.684848827941393e+18,177581250000.0,0.5,0.09793950717362658,False,False,False,False,-0.13525498793715435,False,False,True,-13.256466474732292,-13.456972739469613,-13.256466474732292,-13.256466474732292,0.0,True,0.25,4,32,-1.4973958333333334e-06,1.0416666666666667e-06,36,64,15000.0,960000.0,1,1.0,15000.0,exponential_tdl,,,,,,,,,,,,,,,,,,,,,,,,,,,,
water_filling,Water-filling,ok,ok,0.00019670500114443712,False,,none,350.7565330760591,5261347.996140886,0.9999999999997846,3.357142857142242,1567210.0414039553,76542930256.83638,2.0193126104575846e+18,2.0193126104575846e+18,2.0191544751987612e+18,4.9521802360923e-19,0.10548456798539384,-13.275292952251023,-9.75511363573152,0.015820781592715605,2.822623677560702e-08,64,2448.3027489735714,76536936070.50223,76536936070.48575,5.261347996140886,1.5672100414039554,76542930256.83638,2.019312610457584e+18,2.0191544751987612e+18,2.0193126104575846e+18,0.007831143033747007,2448.3027489735714,2.3424244139706967e+18,88790624899.74777,26381438.54281344,4.684848827941393e+18,177581250000.0,0.5,0.09793950717362658,False,False,False,False,-0.13800656142579784,False,False,True,-13.256466474732292,-13.462523058399139,-13.275292952251023,-13.275292952251023,0.01882647751873101,True,0.25,4,32,-1.4973958333333334e-06,1.0416666666666667e-06,36,64,15000.0,960000.0,1,1.0,15000.0,exponential_tdl,0.016011548497837293,,,,,,,,,,,,,,,,,,,,,,,,,,,
conventional_s2,Conventional $S_2$,ok,optimal,0.007609029002196621,False,,conventional_s2,349.4477483274243,5241716.224911364,0.9999999990233859,3.3571428543525315,1561362.281058575,88790624878.0445,2.3424244133981327e+18,2.3424244133981327e+18,2.342266144637794e+18,4.269081189045966e-19,0.09793950718559637,-10.508966890449688,-6.236106539083429,0.02299556200963414,7.63818727394093e-06,64,2449.335989609786,88784625717.96867,88784625631.26036,5.241716224911364,1.561362281058575,88790624878.0445,2.3424244133981327e+18,2.342266144637794e+18,2.3424244133981327e+18,0.006756621875766101,2449.335989609786,2.3424244139706967e+18,88790624899.74777,26381438.54281344,4.684848827941393e+18,177581250000.0,0.5,0.09793950717362658,True,False,True,True,-6.756646317335213e-05,True,False,True,-13.256466474732292,-10.98002990528377,-10.503235561929392,-10.503235561929392,-2.7532309128029,False,0.25,4,32,-1.3997395833333333e-06,1.0416666666666667e-06,36,64,15000.0,960000.0,1,1.0,15000.0,exponential_tdl,,known_amplitude_linear,88790624899.74777,,,,,,,,,,,,,,,,,,,,,,,,,
exact_efim,Exact EFIM,ok,optimal,0.00932184200064512,False,,exact_efim,349.4469170707394,5241703.756061091,0.9999999986885734,3.357142853395924,1561358.567377863,88793303158.68118,2.34249507029415e+18,2.34249507029415e+18,2.342424413192173e+18,4.2689524203542026e-19,0.09793803009523945,-10.508494567295987,-6.235878756131782,0.022878795509459798,7.629377364071706e-06,64,1636.5477222485981,88790624986.6799,88790624870.2375,5.241703756061091,1.561358567377863,88793303158.68118,2.34249507029415e+18,2.342424413192173e+18,2.34249507029415e+18,0.003016318065003035,1636.5477222485981,2.3424244139706967e+18,88790624899.74777,26381438.54281344,4.684848827941393e+18,177581250000.0,0.5,0.09793950717362658,True,True,True,True,-3.323580660091853e-10,False,False,True,-13.256466474732292,-10.979321451861306,-10.502698514826864,-10.502698514826864,-2.753767959905428,False,0.25,4,32,-1.3997395833333333e-06,1.0416666666666667e-06,36,64,15000.0,960000.0,1,1.0,15000.0,exponential_tdl,,unknown_amplitude_exact,,2.3424244139706967e+18,88790624899.74777,quad_over_lin,1e-12,,,,,,,,,,,,,,,,,,,,,
conventional_s2_psl,Conventional $S_2$+PSL,ok,optimal,0.4800359990003926,False,,conventional_s2,348.16560971480385,5222484.145722058,0.9999999994554047,3.3571428555868708,1555633.5760424773,88790624861.1636,2.3424244129527905e+18,2.3424244129527905e+18,2.3422681451615795e+18,4.2690811898576047e-19,0.0979395071949065,-13.023253840911496,-5.4121882246724216,0.03369213175950427,1.9214559454417054e-05,64,2433.8034380110753,88784701510.34369,88784701461.99196,5.222484145722058,1.5556335760424773,88790624861.1636,2.3424244129527905e+18,2.3422681451615795e+18,2.3424244129527905e+18,0.006671198880395098,2433.8034380110753,2.3424244139706967e+18,88790624899.74777,26381438.54281344,4.684848827941393e+18,177581250000.0,0.5,0.09793950717362658,True,False,True,True,-6.671242332737184e-05,True,False,True,-13.256466474732292,-13.256466462851906,-13.023253840911496,-13.023253840911496,-0.2332126338207967,True,0.25,4,32,-1.3671875e-06,1.0416666666666667e-06,36,64,15000.0,960000.0,1,1.0,15000.0,exponential_tdl,,known_amplitude_linear,88790624899.74777,,,,,-13.256466474732292,0.2173585239870126,249.0,1.0416666666666667e-06,,,,,,,,,,,,,,,,,
exact_efim_sampled_psl,Exact EFIM+sampled PSL,ok,optimal,0.4704582129998016,False,,exact_efim,348.16430569262445,5222464.585389366,0.9999999994104347,3.357142855458385,1555627.7496199338,88791700375.42758,2.3424527865662474e+18,2.3424527865662474e+18,2.3424244096486733e+18,4.2690294794196434e-19,0.09793891403329609,-13.023392445102155,-5.412100684210203,0.03335162322153578,1.9203515723601146e-05,64,1037.1304202513702,88790624788.26747,88790624735.9196,5.222464585389367,1.5556277496199338,88791700375.42758,2.342452786566248e+18,2.3424244096486733e+18,2.3424527865662474e+18,0.001211418976590821,1037.1304202513702,2.3424244139706967e+18,88790624899.74777,26381438.54281344,4.684848827941393e+18,177581250000.0,0.5,0.09793950717362658,True,True,True,True,-1.8451068893504401e-09,False,False,True,-13.256466474732292,-13.256466476570367,-13.023392445102155,-13.023392445102155,-0.2330740296301368,True,0.25,4,32,-1.3671875e-06,1.0416666666666667e-06,36,64,15000.0,960000.0,1,1.0,15000.0,exponential_tdl,,unknown_amplitude_exact,,2.3424244139706967e+18,88790624899.74777,quad_over_lin,1e-12,-13.256466474732292,0.2173585239870126,249.0,1.0416666666666667e-06,,,,,,,,,,,,,,,,,
exact_efim_cutting_plane_psl,Exact EFIM+cutting-plane PSL,ok,optimal,0.48547242600034224,False,,exact_efim,348.16430569262445,5222464.585389366,0.9999999994104347,3.357142855458385,1555627.7496199338,88791700375.42758,2.3424527865662474e+18,2.3424527865662474e+18,2.3424244096486733e+18,4.2690294794196434e-19,0.09793891403329609,-13.023392445102155,-5.412100684210203,0.03335162322153578,1.9203515723601146e-05,64,1037.1304202513702,88790624788.26747,88790624735.9196,5.222464585389367,1.5556277496199338,88791700375.42758,2.342452786566248e+18,2.3424244096486733e+18,2.3424527865662474e+18,0.001211418976590821,1037.1304202513702,2.3424244139706967e+18,88790624899.74777,26381438.54281344,4.684848827941393e+18,177581250000.0,0.5,0.09793950717362658,True,True,True,True,-1.8451068893504401e-09,False,False,True,-13.256466474732292,-13.256466476570367,-13.023392445102155,-13.023392445102155,-0.2330740296301368,True,0.25,4,32,-1.3671875e-06,1.0416666666666667e-06,36,64,15000.0,960000.0,1,1.0,15000.0,exponential_tdl,,unknown_amplitude_exact,,2.3424244139706967e+18,88790624899.74777,quad_over_lin,1e-12,-13.256466474732292,0.2173585239870126,249.0,1.0416666666666667e-06,-5.414947750148132,-0.2330740296301368,249.0,1985.0,1.0,249.0,True,1.0,dense_psl_satisfied,False,0.48547242600034224,0.0,249.0,-13.023392445102155,-13.256466476570367,,0.0
uniform,Uniform,ok,ok,1.4629000361310318e-05,False,,none,201.106611782672,3016599.1767400797,1.0,3.357142857142857,898561.4569013003,76781250000.0,2.0255998281153943e+18,2.0255998281153943e+18,2.0255998281153943e+18,4.936809265680052e-19,0.10532073506634214,-13.256466474732292,-9.684463547443015,0.015625,0.0,64,0.0,76781250000.0,76781250000.0,3.0165991767400797,0.8985614569013004,76781250000.0,2.0255998281153943e+18,2.0255998281153943e+18,2.0255998281153943e+18,0.0,0.0,2.3424244139706967e+18,88790624899.74777,26381438.54281344,4.684848827941393e+18,177581250000.0,0.5,0.09793950717362658,False,False,False,False,-0.13525498793715435,False,False,True,-13.256466474732292,-13.456972739469613,-13.256466474732292,-13.256466474732292,0.0,True,0.25,4,32,-1.4973958333333334e-06,1.0416666666666667e-06,37,64,15000.0,960000.0,1,1.0,15000.0,exponential_tdl,,,,,,,,,,,,,,,,,,,,,,,,,,,,
water_filling,Water-filling,ok,ok,0.00020083699928363785,False,,none,201.92235073612116,3028835.2610418173,1.0000000000002018,3.357142857143434,902206.247969748,70612899085.45963,1.8628698575529408e+18,1.8628698575529408e+18,1.8249121283559455e+18,5.368061520484294e-19,0.10982455430495831,-14.52828431855033,-11.244887187914138,0.017573719456096974,6.876115106946584e-06,64,37931.57490938006,69174094710.33946,69174094710.35342,3.0288352610418174,0.902206247969748,70612899085.45963,1.8628698575529403e+18,1.8249121283559455e+18,1.8628698575529408e+18,2.037594255073538,37931.57490938006,2.3424244139706967e+18,88790624899.74777,26381438.54281344,4.684848827941393e+18,177581250000.0,0.5,0.09793950717362658,False,False,False,False,-0.22093019630780933,False,False,True,-13.256466474732292,-14.52828431855033,-14.52828431855033,-14.52828431855033,1.271817843818038,True,0.25,4,32,-1.5625e-06,1.0416666666666667e-06,37,64,15000.0,960000.0,1,1.0,15000.0,exponential_tdl,0.01847653357231209,,,,,,,,,,,,,,,,,,,,,,,,,,,
conventional_s2,Conventional $S_2$,ok,optimal,0.007137157001125161,False,,conventional_s2,199.79331241781483,2996899.6862672223,0.9999999958353464,3.357142845243847,892693.5267330103,88790624575.34186,2.3424244054124017e+18,2.3424244054124017e+18,2.3044671709314903e+18,4.269081203600004e-19,0.09793950735254275,-10.581652346752028,-6.109653700779671,0.028041710237352427,1.2571820401215514e-05,64,37931.32779996092,87351839316.45598,87351838952.66582,2.996899686267222,0.8926935267330103,88790624575.34186,2.3424244054124017e+18,2.3044671709314903e+18,2.3424244054124017e+18,1.6204251626309665,37931.32779996092,2.3424244139706967e+18,88790624899.74777,26381438.54281344,4.684848827941393e+18,177581250000.0,0.5,0.09793950717362658,True,False,False,True,-0.016204255220711356,True,True,True,-13.256466474732292,-11.039647061698385,-10.577322382470085,-10.577322382470085,-2.6791440922622076,False,0.25,4,32,-1.3997395833333333e-06,1.0416666666666667e-06,37,64,15000.0,960000.0,1,1.0,15000.0,exponential_tdl,,known_amplitude_linear,88790624899.74777,,,,,,,,,,,,,,,,,,,,,,,,,
exact_efim,Exact EFIM,ok,optimal,0.008435274001385551,False,,exact_efim,199.61097896036998,2994164.6844055494,0.9999999982249383,3.3571428520712527,891878.8435107082,89234357280.15909,2.354130712493974e+18,2.354130712493974e+18,2.34242440474831e+18,4.2478524862393757e-19,0.09769569361693617,-10.519593281508984,-6.088286736462009,0.025582250910224497,9.812094236138104e-06,64,21064.964533024096,88790624707.778,88790624550.16917,2.9941646844055496,0.8918788435107082,89234357280.15909,2.354130712493974e+18,2.34242440474831e+18,2.354130712493974e+18,0.4972666846210208,21064.964533024096,2.3424244139706967e+18,88790624899.74777,26381438.54281344,4.684848827941393e+18,177581250000.0,0.5,0.09793950717362658,True,True,True,True,-3.937111751822516e-09,False,False,True,-13.256466474732292,-10.946041321222477,-10.504494095427992,-10.504494095427992,-2.7519723793043003,False,0.25,4,32,-1.3997395833333333e-06,1.0416666666666667e-06,37,64,15000.0,960000.0,1,1.0,15000.0,exponential_tdl,,unknown_amplitude_exact,,2.3424244139706967e+18,88790624899.74777,quad_over_lin,1e-12,,,,,,,,,,,,,,,,,,,,,
conventional_s2_psl,Conventional $S_2$+PSL,ok,optimal,0.5180430280015571,False,,conventional_s2,198.8992483201415,2983488.7248021225,0.9999999995058203,3.3571428557309155,888698.7694637614,88790624855.21696,2.3424244127959096e+18,2.3424244127959096e+18,2.3035124004543898e+18,4.269081190143521e-19,0.0979395071981862,-13.022980360401316,-5.254076826164464,0.039491000719025456,2.4959097495292536e-05,64,38405.42796295837,87315648002.07751,87315647958.92789,2.9834887248021222,0.8886987694637614,88790624855.21696,2.3424244127959096e+18,2.3035124004543898e+18,2.3424244127959096e+18,1.6611853995781503,38405.42796295837,2.3424244139706967e+18,88790624899.74777,26381438.54281344,4.684848827941393e+18,177581250000.0,0.5,0.09793950717362658,True,False,False,True,-0.01661185448897636,True,True,True,-13.256466474732292,-13.256466460154943,-13.022980360401316,-13.022980360401316,-0.23348611433097588,True,0.25,4,32,-1.3671875e-06,1.0416666666666667e-06,37,64,15000.0,960000.0,1,1.0,15000.0,exponential_tdl,,known_amplitude_linear,88790624899.74777,,,,,-13.256466474732292,0.2173585239870126,249.0,1.0416666666666667e-06,,,,,,,,,,,,,,,,,
exact_efim_sampled_psl,Exact EFIM+sampled PSL,ok,optimal,0.4685612649991526,False,,exact_efim,198.65565640444754,2979834.8460667133,0.9999999994826827,3.357142855664808,887610.3800702348,89005595063.15738,2.3480956361252255e+18,2.3480956361252255e+18,2.3424244095697096e+18,4.2587703184448544e-19,0.0978211618050123,-13.041790431569538,-5.23648458599027,0.03591450166991268,2.195274567630922e-05,64,14661.866536773934,88790624778.85934,88790624732.92642,2.9798348460667134,0.8876103800702347,89005595063.15738,2.3480956361252255e+18,2.3424244095697096e+18,2.3480956361252255e+18,0.24152451323807383,14661.866536773934,2.3424244139706967e+18,88790624899.74777,26381438.54281344,4.684848827941393e+18,177581250000.0,0.5,0.09793950717362658,True,True,True,True,-1.8788171390938447e-09,False,False,True,-13.256466474732292,-13.25646645854045,-13.041790431569538,-13.041790431569538,-0.21467604316275413,True,0.25,4,32,-1.3671875e-06,1.0416666666666667e-06,37,64,15000.0,960000.0,1,1.0,15000.0,exponential_tdl,,unknown_amplitude_exact,,2.3424244139706967e+18,88790624899.74777,quad_over_lin,1e-12,-13.256466474732292,0.2173585239870126,249.0,1.0416666666666667e-06,,,,,,,,,,,,,,,,,
exact_efim_cutting_plane_psl,Exact EFIM+cutting-plane PSL,ok,optimal,0.507605226997839,False,,exact_efim,198.65565640444754,2979834.8460667133,0.9999999994826827,3.357142855664808,887610.3800702348,89005595063.15738,2.3480956361252255e+18,2.3480956361252255e+18,2.3424244095697096e+18,4.2587703184448544e-19,0.0978211618050123,-13.041790431569538,-5.23648458599027,0.03591450166991268,2.195274567630922e-05,64,14661.866536773934,88790624778.85934,88790624732.92642,2.9798348460667134,0.8876103800702347,89005595063.15738,2.3480956361252255e+18,2.3424244095697096e+18,2.3480956361252255e+18,0.24152451323807383,14661.866536773934,2.3424244139706967e+18,88790624899.74777,26381438.54281344,4.684848827941393e+18,177581250000.0,0.5,0.09793950717362658,True,True,True,True,-1.8788171390938447e-09,False,False,True,-13.256466474732292,-13.25646645854045,-13.041790431569538,-13.041790431569538,-0.21467604316275413,True,0.25,4,32,-1.3671875e-06,1.0416666666666667e-06,37,64,15000.0,960000.0,1,1.0,15000.0,exponential_tdl,,unknown_amplitude_exact,,2.3424244139706967e+18,88790624899.74777,quad_over_lin,1e-12,-13.256466474732292,0.2173585239870126,249.0,1.0416666666666667e-06,-5.239967284063964,-0.21467604316275413,249.0,1985.0,1.0,249.0,True,1.0,dense_psl_satisfied,False,0.507605226997839,0.0,249.0,-13.041790431569538,-13.25646645854045,,0.0
uniform,Uniform,ok,ok,1.432000135537237e-05,False,,none,403.54126707404026,6053119.006110604,1.0,3.357142857142857,1803056.725224435,76781250000.0,2.0255998281153943e+18,2.0255998281153943e+18,2.0255998281153943e+18,4.936809265680052e-19,0.10532073506634214,-13.256466474732292,-9.684463547443015,0.015625,0.0,64,0.0,76781250000.0,76781250000.0,6.053119006110604,1.8030567252244352,76781250000.0,2.0255998281153943e+18,2.0255998281153943e+18,2.0255998281153943e+18,0.0,0.0,2.3424244139706967e+18,88790624899.74777,26381438.54281344,4.684848827941393e+18,177581250000.0,0.5,0.09793950717362658,False,False,False,False,-0.13525498793715435,False,False,True,-13.256466474732292,-13.456972739469613,-13.256466474732292,-13.256466474732292,0.0,True,0.25,4,32,-1.4973958333333334e-06,1.0416666666666667e-06,38,64,15000.0,960000.0,1,1.0,15000.0,exponential_tdl,,,,,,,,,,,,,,,,,,,,,,,,,,,,
water_filling,Water-filling,ok,ok,0.00020089199824724346,False,,none,403.54130549779495,6053119.582466925,0.9999999999997613,3.3571428571421755,1803056.8969054075,76798388919.39998,2.026051977464235e+18,2.026051977464235e+18,2.0260516529478474e+18,4.935707529337818e-19,0.1053089823177808,-13.237561828301857,-9.677489137014044,0.015648588575569274,2.084420597652014e-10,64,110.90958491835964,76798376618.48228,76798376618.46396,6.053119582466924,1.8030568969054075,76798388919.39998,2.026051977464235e+18,2.0260516529478474e+18,2.026051977464235e+18,1.6017179775918584e-05,110.90958491835964,2.3424244139706967e+18,88790624899.74777,26381438.54281344,4.684848827941393e+18,177581250000.0,0.5,0.09793950717362658,False,False,False,False,-0.13506210024790455,False,False,True,-13.256466474732292,-13.437179549432972,-13.237561828301857,-13.237561828301857,-0.018904646430435434,True,0.25,4,32,-1.4973958333333334e-06,1.0416666666666667e-06,38,64,15000.0,960000.0,1,1.0,15000.0,exponential_tdl,0.015825631477916713,,,,,,,,,,,,,,,,,,,,,,,,,,,
conventional_s2,Conventional $S_2$,ok,optimal,0.006991872000071453,False,,conventional_s2,402.25616760045057,6033842.514006758,0.9999999997548246,3.357142856442356,1797314.7917812958,88790624912.28192,2.342424414301365e+18,2.342424414301365e+18,2.342424089783743e+18,4.26908118739982e-19,0.09793950716671376,-10.521293271148336,-6.236798410759626,0.02262405383984251,7.624461805495505e-06,64,110.9097959616559,88790612633.06836,88790612611.29909,6.033842514006758,1.7973147917812957,88790624912.28192,2.342424414301365e+18,2.342424089783743e+18,2.342424414301365e+18,1.385392076221116e-05,110.9097959616559,2.3424244139706967e+18,88790624899.74777,26381438.54281344,4.684848827941393e+18,177581250000.0,0.5,0.09793950717362658,True,True,True,True,-1.3839804255560304e-07,False,False,True,-13.256466474732292,-10.990255602838115,-10.514882247481577,-10.514882247481577,-2.7415842272507156,False,0.25,4,32,-1.3997395833333333e-06,1.0416666666666667e-06,38,64,15000.0,960000.0,1,1.0,15000.0,exponential_tdl,,known_amplitude_linear,88790624899.74777,,,,,,,,,,,,,,,,,,,,,,,,,
exact_efim,Exact EFIM,ok,optimal,0.0086773209986859,False,,exact_efim,402.25616575904286,6033842.486385643,0.9999999992680224,3.357142855051493,1797314.7842983566,88790630284.95453,2.3424245560401976e+18,2.3424245560401976e+18,2.3424244132722365e+18,4.2690809290800453e-19,0.09793950420358064,-10.521282881628547,-6.2367972851198905,0.022623092065653765,7.6244372876749875e-06,64,73.56413658807445,88790624938.26509,88790624873.27234,6.033842486385643,1.7973147842983566,88790630284.95453,2.3424245560401976e+18,2.3424244132722365e+18,2.3424245560401976e+18,6.094879799644228e-06,73.56413658807445,2.3424244139706967e+18,88790624899.74777,26381438.54281344,4.684848827941393e+18,177581250000.0,0.5,0.09793950717362658,True,True,True,True,-2.981783129625192e-10,False,False,True,-13.256466474732292,-10.99024607450743,-10.51487210442657,-10.51487210442657,-2.741594370305723,False,0.25,4,32,-1.3997395833333333e-06,1.0416666666666667e-06,38,64,15000.0,960000.0,1,1.0,15000.0,exponential_tdl,,unknown_amplitude_exact,,2.3424244139706967e+18,88790624899.74777,quad_over_lin,1e-12,,,,,,,,,,,,,,,,,,,,,
conventional_s2_psl,Conventional $S_2$+PSL,ok,optimal,0.48385907300325925,False,,conventional_s2,400.9562829864708,6014344.244797062,0.9999999996167316,3.3571428560478047,1791506.7969068934,88790624875.2955,2.3424244133256105e+18,2.3424244133256105e+18,2.342424042649193e+18,4.269081189178138e-19,0.09793950718711249,-13.023387876535251,-5.413467803115677,0.03333177860780568,1.9184002026653623e-05,64,118.53544710096666,88790610858.67393,88790610824.6433,6.014344244797062,1.7915067969068934,88790624875.2955,2.3424244133256105e+18,2.342424042649193e+18,2.3424244133256105e+18,1.582447721374879e-05,118.53544710096666,2.3424244139706967e+18,88790624899.74777,26381438.54281344,4.684848827941393e+18,177581250000.0,0.5,0.09793950717362658,True,True,True,True,-1.5852016463342972e-07,False,False,True,-13.256466474732292,-13.256466478471493,-13.023387876535251,-13.023387876535251,-0.23307859819704113,True,0.25,4,32,-1.3671875e-06,1.0416666666666667e-06,38,64,15000.0,960000.0,1,1.0,15000.0,exponential_tdl,,known_amplitude_linear,88790624899.74777,,,,,-13.256466474732292,0.2173585239870126,249.0,1.0416666666666667e-06,,,,,,,,,,,,,,,,,
exact_efim_sampled_psl,Exact EFIM+sampled PSL,ok,optimal,0.5075428470008774,False,,exact_efim,400.9562798284971,6014344.197427456,0.9999999995498674,3.357142855856764,1791506.7828987448,88790627375.95367,2.342424479296571e+18,2.342424479296571e+18,2.3424244111930337e+18,4.269081068945709e-19,0.09793950580795098,-13.023387326246647,-5.413462559903315,0.03331360174482787,1.918403953117623e-05,64,50.80840916259186,88790624834.42679,88790624794.45923,6.014344197427456,1.7915067828987448,88790627375.95367,2.3424244792965704e+18,2.3424244111930337e+18,2.342424479296571e+18,2.9073952118384394e-06,50.80840916259186,2.3424244139706967e+18,88790624899.74777,26381438.54281344,4.684848827941393e+18,177581250000.0,0.5,0.09793950717362658,True,True,True,True,-1.1858068757452543e-09,False,False,True,-13.256466474732292,-13.256466475092026,-13.023387326246647,-13.023387326246647,-0.23307914848564515,True,0.25,4,32,-1.3671875e-06,1.0416666666666667e-06,38,64,15000.0,960000.0,1,1.0,15000.0,exponential_tdl,,unknown_amplitude_exact,,2.3424244139706967e+18,88790624899.74777,quad_over_lin,1e-12,-13.256466474732292,0.2173585239870126,249.0,1.0416666666666667e-06,,,,,,,,,,,,,,,,,
exact_efim_cutting_plane_psl,Exact EFIM+cutting-plane PSL,ok,optimal,0.5163934480005992,False,,exact_efim,400.9562798284971,6014344.197427456,0.9999999995498674,3.357142855856764,1791506.7828987448,88790627375.95367,2.342424479296571e+18,2.342424479296571e+18,2.3424244111930337e+18,4.269081068945709e-19,0.09793950580795098,-13.023387326246647,-5.413462559903315,0.03331360174482787,1.918403953117623e-05,64,50.80840916259186,88790624834.42679,88790624794.45923,6.014344197427456,1.7915067828987448,88790627375.95367,2.3424244792965704e+18,2.3424244111930337e+18,2.342424479296571e+18,2.9073952118384394e-06,50.80840916259186,2.3424244139706967e+18,88790624899.74777,26381438.54281344,4.684848827941393e+18,177581250000.0,0.5,0.09793950717362658,True,True,True,True,-1.1858068757452543e-09,False,False,True,-13.256466474732292,-13.256466475092026,-13.023387326246647,-13.023387326246647,-0.23307914848564515,True,0.25,4,32,-1.3671875e-06,1.0416666666666667e-06,38,64,15000.0,960000.0,1,1.0,15000.0,exponential_tdl,,unknown_amplitude_exact,,2.3424244139706967e+18,88790624899.74777,quad_over_lin,1e-12,-13.256466474732292,0.2173585239870126,249.0,1.0416666666666667e-06,-5.416308382597821,-0.23307914848564515,249.0,1985.0,1.0,249.0,True,1.0,dense_psl_satisfied,False,0.5163934480005992,0.0,249.0,-13.023387326246647,-13.256466475092026,,0.0
uniform,Uniform,ok,ok,1.4752000424778089e-05,False,,none,238.47102408761776,3577065.3613142665,1.0,3.357142857142857,1065508.8310297814,76781250000.0,2.0255998281153943e+18,2.0255998281153943e+18,2.0255998281153943e+18,4.936809265680052e-19,0.10532073506634214,-13.256466474732292,-9.684463547443015,0.015625,0.0,64,0.0,76781250000.0,76781250000.0,3.5770653613142667,1.0655088310297813,76781250000.0,2.0255998281153943e+18,2.0255998281153943e+18,2.0255998281153943e+18,0.0,0.0,2.3424244139706967e+18,88790624899.74777,26381438.54281344,4.684848827941393e+18,177581250000.0,0.5,0.09793950717362658,False,False,False,False,-0.13525498793715435,False,False,True,-13.256466474732292,-13.456972739469613,-13.256466474732292,-13.256466474732292,0.0,True,0.25,4,32,-1.4973958333333334e-06,1.0416666666666667e-06,39,64,15000.0,960000.0,1,1.0,15000.0,exponential_tdl,,,,,,,,,,,,,,,,,,,,,,,,,,,,
water_filling,Water-filling,ok,ok,0.00021717500203521922,False,,none,238.55272517640748,3578290.8776461123,0.9999999999994434,3.3571428571412674,1065873.8784482828,78559440520.92795,2.0725110520606684e+18,2.0725110520606684e+18,2.0715107465487524e+18,4.825064739730648e-19,0.10412194680485636,-12.7291385917984,-9.079991676640942,0.016320647598332624,5.262991803560411e-07,64,6157.679693379587,78521523501.76541,78521523501.72171,3.578290877646112,1.0658738784482829,78559440520.92795,2.0725110520606684e+18,2.0715107465487524e+18,2.0725110520606684e+18,0.048265388545042615,6157.679693379587,2.3424244139706967e+18,88790624899.74777,26381438.54281344,4.684848827941393e+18,177581250000.0,0.5,0.09793950717362658,False,False,False,False,-0.11565524411637788,False,False,True,-13.256466474732292,-12.991329134234315,-12.717635542518176,-12.717635542518176,-0.5388309322141165,False,0.25,4,32,-1.46484375e-06,1.0416666666666667e-06,39,64,15000.0,960000.0,1,1.0,15000.0,exponential_tdl,0.01707462235732506,,,,,,,,,,,,,,,,,,,,,,,,,,,
conventional_s2,Conventional $S_2$,ok,optimal,0.007674747997953091,False,,conventional_s2,237.73880783701685,3566082.1175552527,0.999999998185525,3.357142851958643,1062237.2281461628,88790624782.34293,2.342424410873388e+18,2.342424410873388e+18,2.34142427378046e+18,4.269081193647327e-19,0.09793950723837763,-10.397553120441628,-6.223533671903297,0.022059465969828586,7.886846946394775e-06,64,6157.161300421984,88752714308.17188,88752714147.1323,3.566082117555253,1.0622372281461627,88790624782.34293,2.342424410873388e+18,2.34142427378046e+18,2.342424410873388e+18,0.04269666454488034,6157.161300421984,2.3424244139706967e+18,88790624899.74777,26381438.54281344,4.684848827941393e+18,177581250000.0,0.5,0.09793950717362658,True,False,True,True,-0.0004269679671504583,True,False,True,-13.256466474732292,-10.870701141401142,-10.393763660053883,-10.393763660053883,-2.862702814678409,False,0.25,4,32,-1.3997395833333333e-06,1.0416666666666667e-06,39,64,15000.0,960000.0,1,1.0,15000.0,exponential_tdl,,known_amplitude_linear,88790624899.74777,,,,,,,,,,,,,,,,,,,,,,,,,
exact_efim,Exact EFIM,ok,optimal,0.008973993997642538,False,,exact_efim,237.73458333503712,3566018.750025557,0.9999999976174268,3.357142850335505,1062218.353225326,88810119523.25777,2.342938710182741e+18,2.342938710182741e+18,2.342424401903288e+18,4.2681440861165485e-19,0.09792875728038432,-10.393189809510922,-6.216594740102741,0.022308063184023733,7.87125333256324e-06,64,4415.3234283436495,88790624653.8775,88790624442.32733,3.566018750025557,1.062218353225326,88810119523.25777,2.3429387101827405e+18,2.342424401903288e+18,2.342938710182741e+18,0.021951418413888844,4415.3234283436495,2.3424244139706967e+18,88790624899.74777,26381438.54281344,4.684848827941393e+18,177581250000.0,0.5,0.09793950717362658,True,True,True,True,-5.1516748305847196e-09,False,False,True,-13.256466474732292,-10.867647755211873,-10.38967103250091,-10.38967103250091,-2.866795442231382,False,0.25,4,32,-1.3997395833333333e-06,1.0416666666666667e-06,39,64,15000.0,960000.0,1,1.0,15000.0,exponential_tdl,,unknown_amplitude_exact,,2.3424244139706967e+18,88790624899.74777,quad_over_lin,1e-12,,,,,,,,,,,,,,,,,,,,,
conventional_s2_psl,Conventional $S_2$+PSL,ok,optimal,0.47325520800222876,False,,conventional_s2,236.45956169425943,3546893.4254138917,0.9999999998358459,3.3571428566738457,1056521.4460155696,88790624886.16678,2.3424244136124104e+18,2.3424244136124104e+18,2.3413386173941146e+18,4.269081188655444e-19,0.09793950718111677,-13.027438617317102,-5.398274868278653,0.03456246376986174,1.9534105959226744e-05,64,6415.417518621408,88749467318.8039,88749467304.2353,3.5468934254138915,1.0565214460155696,88790624886.16678,2.3424244136124104e+18,2.3413386173941146e+18,2.3424244136124104e+18,0.046353522102398535,6415.417518621408,2.3424244139706967e+18,88790624899.74777,26381438.54281344,4.684848827941393e+18,177581250000.0,0.5,0.09793950717362658,True,False,True,True,-0.0004635353739084309,True,False,True,-13.256466474732292,-13.256466472253559,-13.027438617317102,-13.027438617317102,-0.22902785741518983,True,0.25,4,32,-1.3671875e-06,1.0416666666666667e-06,39,64,15000.0,960000.0,1,1.0,15000.0,exponential_tdl,,known_amplitude_linear,88790624899.74777,,,,,-13.256466474732292,0.2173585239870126,249.0,1.0416666666666667e-06,,,,,,,,,,,,,,,,,
exact_efim_sampled_psl,Exact EFIM+sampled PSL,ok,optimal,0.4689933279987599,False,,exact_efim,236.45102123746028,3546765.318561904,0.9999999997047271,3.3571428562992205,1056483.2866456318,88798141535.18074,2.34262271362642e+18,2.34262271362642e+18,2.3424244116620805e+18,4.268719816397506e-19,0.09793536186643381,-13.025776233080427,-5.395216118518061,0.03359278905547763,1.9469425558122384e-05,64,2741.6642654229327,88790624838.45613,88790624812.23866,3.546765318561904,1.0564832866456317,88798141535.18074,2.34262271362642e+18,2.3424244116620805e+18,2.34262271362642e+18,0.008464955248074802,2741.6642654229327,2.3424244139706967e+18,88790624899.74777,26381438.54281344,4.684848827941393e+18,177581250000.0,0.5,0.09793950717362658,True,True,True,True,-9.855669955585087e-10,False,False,True,-13.256466474732292,-13.256466466612771,-13.025776233080427,-13.025776233080427,-0.2306902416518657,True,0.25,4,32,-1.3671875e-06,1.0416666666666667e-06,39,64,15000.0,960000.0,1,1.0,15000.0,exponential_tdl,,unknown_amplitude_exact,,2.3424244139706967e+18,88790624899.74777,quad_over_lin,1e-12,-13.256466474732292,0.2173585239870126,249.0,1.0416666666666667e-06,,,,,,,,,,,,,,,,,
exact_efim_cutting_plane_psl,Exact EFIM+cutting-plane PSL,ok,optimal,0.4979667529987637,False,,exact_efim,236.45102123746028,3546765.318561904,0.9999999997047271,3.3571428562992205,1056483.2866456318,88798141535.18074,2.34262271362642e+18,2.34262271362642e+18,2.3424244116620805e+18,4.268719816397506e-19,0.09793536186643381,-13.025776233080427,-5.395216118518061,0.03359278905547763,1.9469425558122384e-05,64,2741.6642654229327,88790624838.45613,88790624812.23866,3.546765318561904,1.0564832866456317,88798141535.18074,2.34262271362642e+18,2.3424244116620805e+18,2.34262271362642e+18,0.008464955248074802,2741.6642654229327,2.3424244139706967e+18,88790624899.74777,26381438.54281344,4.684848827941393e+18,177581250000.0,0.5,0.09793950717362658,True,True,True,True,-9.855669955585087e-10,False,False,True,-13.256466474732292,-13.256466466612771,-13.025776233080427,-13.025776233080427,-0.2306902416518657,True,0.25,4,32,-1.3671875e-06,1.0416666666666667e-06,39,64,15000.0,960000.0,1,1.0,15000.0,exponential_tdl,,unknown_amplitude_exact,,2.3424244139706967e+18,88790624899.74777,quad_over_lin,1e-12,-13.256466474732292,0.2173585239870126,249.0,1.0416666666666667e-06,-5.39814279567668,-0.2306902416518657,249.0,1985.0,1.0,249.0,True,1.0,dense_psl_satisfied,False,0.4979667529987637,0.0,249.0,-13.025776233080427,-13.256466466612771,,0.0
uniform,Uniform,ok,ok,1.555099879624322e-05,False,,none,518.2811216941653,7774216.82541248,1.0,3.357142857142857,2315724.160761164,307181250000.0,8.103883268379611e+18,8.103883268379611e+18,8.103883268379611e+18,1.2339763134322048e-19,0.05265554581750531,-13.261873643755866,-9.681440266323808,0.0078125,0.0,128,0.0,307181250000.0,307181250000.0,7.774216825412481,2.315724160761164,307181250000.0,8.103883268379611e+18,8.103883268379611e+18,8.103883268379611e+18,0.0,0.0,9.370439618768943e+18,355190624027.6477,26381438.54281344,1.8740879237537886e+19,710381250000.0,0.5,0.048967814805899595,False,False,False,False,-0.13516509383961303,False,False,True,-13.261873643755866,-13.46286042717158,-13.261873643755866,-13.261873643755866,0.0,True,0.25,4,32,-7.486979166666667e-07,5.208333333333334e-07,0,128,15000.0,1920000.0,1,1.0,15000.0,exponential_tdl,,,,,,,,,,,,,,,,,,,,,,,,,,,,
water_filling,Water-filling,ok,ok,0.0001735279984131921,False,,none,524.9393100470364,7874089.650705546,1.000000000000811,3.357142857145174,2345473.5129745016,289866184779.2014,7.647086939392306e+18,7.647086939392306e+18,7.481073719744125e+18,1.3076874997310641e-19,0.05420541745417829,-16.765376473675268,-8.686907133049191,0.00884046184206255,5.0290429265004e-06,121,79327.19528197235,283573380867.6622,283573380867.89215,7.874089650705546,2.3454735129745017,289866184779.2014,7.647086939392306e+18,7.481073719744125e+18,7.647086939392306e+18,2.170934121240341,79327.19528197235,9.370439618768943e+18,355190624027.6477,26381438.54281344,1.8740879237537886e+19,710381250000.0,0.5,0.048967814805899595,False,False,False,False,-0.20163044380974696,False,False,True,-13.261873643755866,-17.129345443244418,-16.756164976192217,-16.756164976192217,3.494291332436351,True,0.25,4,32,-1.7415364583333334e-06,5.208333333333334e-07,0,128,15000.0,1920000.0,1,1.0,15000.0,exponential_tdl,0.009033871604897294,,,,,,,,,,,,,,,,,,,,,,,,,,,
conventional_s2,Conventional $S_2$,ok,optimal,0.012846237998019205,False,,conventional_s2,521.3064769220331,7819597.153830497,0.9999999975938225,3.3571428502680645,2329241.7101661637,355190623270.71655,9.37043959880001e+18,9.37043959880001e+18,9.192824666939216e+18,1.0671857915055141e-19,0.04896781485807618,-12.220780456788951,-4.902044865527289,0.013838787330403064,7.894040178822313e-06,128,82052.25114485623,348458052207.4297,348458051368.9778,7.819597153830497,2.3292417101661638,355190623270.71655,9.37043959880001e+18,9.192824666939216e+18,9.37043959880001e+18,1.895481316410587,82052.25114485623,9.370439618768943e+18,355190624027.6477,26381438.54281344,1.8740879237537886e+19,710381250000.0,0.5,0.048967814805899595,True,False,False,True,-0.018954815254768345,True,True,True,-13.261873643755866,-12.432533696640052,-12.220780456788951,-12.220780456788951,-1.0410931869669149,False,0.25,4,32,-6.8359375e-07,5.208333333333334e-07,0,128,15000.0,1920000.0,1,1.0,15000.0,exponential_tdl,,known_amplitude_linear,355190624027.6477,,,,,,,,,,,,,,,,,,,,,,,,,
exact_efim,Exact EFIM,ok,optimal,0.01689596799769788,False,,exact_efim,520.8683614039494,7813025.421059241,0.9999999990861371,3.3571428545318205,2327284.1697851513,357586303377.339,9.43364108630111e+18,9.43364108630111e+18,9.370439598986222e+18,1.0600360887718441e-19,0.04880350715961958,-12.129224701269175,-4.629039729916579,0.015534503827674576,7.961465022544626e-06,128,48945.685221001375,355190623602.3705,355190623277.77496,7.8130254210592405,2.3272841697851514,357586303377.339,9.43364108630111e+18,9.370439598986222e+18,9.43364108630111e+18,0.6699585741783795,48945.685221001375,9.370439618768943e+18,355190624027.6477,26381438.54281344,1.8740879237537886e+19,710381250000.0,0.5,0.048967814805899595,True,True,True,True,-2.111183929553882e-09,False,False,True,-13.261873643755866,-12.340402727973505,-12.129224701269175,-12.129224701269175,-1.132648942486691,False,0.25,4,32,-6.8359375e-07,5.208333333333334e-07,0,128,15000.0,1920000.0,1,1.0,15000.0,exponential_tdl,,unknown_amplitude_exact,,9.370439618768943e+18,355190624027.6477,quad_over_lin,1e-12,,,,,,,,,,,,,,,,,,,,,
exact_efim_cutting_plane_psl,Exact EFIM+cutting-plane PSL,ok,optimal,3.034089133001544,False,,exact_efim,520.5894887073514,7808842.330610271,0.9999999994868073,3.3571428556765923,2326038.1420487664,356791872700.0231,9.412682862210974e+18,9.412682862210974e+18,9.370439609683423e+18,1.0623963588688326e-19,0.04885780974942752,-13.098508783747786,-4.396331339542718,0.01778111500955581,8.952261249314155e-06,128,40015.60967407291,355190623865.5383,355190623683.2571,7.808842330610271,2.3260381420487666,356791872700.0231,9.412682862210974e+18,9.370439609683423e+18,9.412682862210974e+18,0.44879077672046225,40015.60967407291,9.370439618768943e+18,355190624027.6477,26381438.54281344,1.8740879237537886e+19,710381250000.0,0.5,0.048967814805899595,True,True,True,True,-9.69593769517681e-10,False,False,True,-13.261873643755866,-13.261873631954133,-13.098508783747786,-13.098508783747786,-0.16336486000808037,True,0.25,4,32,-6.8359375e-07,5.208333333333334e-07,0,128,15000.0,1920000.0,1,1.0,15000.0,exponential_tdl,,unknown_amplitude_exact,,9.370439618768943e+18,355190624027.6477,quad_over_lin,1e-12,-13.261873643755866,0.2172232553411155,505.0,5.208333333333334e-07,-4.400856129473217,-0.16336486000808037,505.0,4033.0,1.0,505.0,True,1.0,dense_psl_satisfied,False,3.034089133001544,0.0,505.0,-13.098508783747786,-13.261873631954133,,0.0
uniform,Uniform,ok,ok,1.5563000488327816e-05,False,,none,775.5832024979047,11633748.037468571,1.0,3.357142857142857,3465371.755841702,307181250000.0,8.103883268379611e+18,8.103883268379611e+18,8.103883268379611e+18,1.2339763134322048e-19,0.05265554581750531,-13.261873643755866,-9.681440266323808,0.0078125,0.0,128,0.0,307181250000.0,307181250000.0,11.633748037468571,3.4653717558417023,307181250000.0,8.103883268379611e+18,8.103883268379611e+18,8.103883268379611e+18,0.0,0.0,9.370439618768943e+18,355190624027.6477,26381438.54281344,1.8740879237537886e+19,710381250000.0,0.5,0.048967814805899595,False,False,False,False,-0.13516509383961303,False,False,True,-13.261873643755866,-13.46286042717158,-13.261873643755866,-13.261873643755866,0.0,True,0.25,4,32,-7.486979166666667e-07,5.208333333333334e-07,1,128,15000.0,1920000.0,1,1.0,15000.0,exponential_tdl,,,,,,,,,,,,,,,,,,,,,,,,,,,,
water_filling,Water-filling,ok,ok,0.00023173599765868858,False,,none,775.5938979289426,11633908.46893414,1.0000000000007763,3.3571428571450754,3465419.5439355387,305298606316.36694,8.054216419741829e+18,8.054216419741829e+18,8.053731541887242e+18,1.2415857085102441e-19,0.052817648219350005,-13.394414093911472,-9.835435465304478,0.007898071495834103,7.389865335307984e-09,128,4287.132814180727,305280226808.3635,305280226808.6005,11.63390846893414,3.4654195439355386,305298606316.36694,8.054216419741829e+18,8.053731541887242e+18,8.054216419741829e+18,0.006020174146281785,4287.132814180727,9.370439618768943e+18,355190624027.6477,26381438.54281344,1.8740879237537886e+19,710381250000.0,0.5,0.048967814805899595,False,False,False,False,-0.14051721482142004,False,False,True,-13.261873643755866,-13.577550943169104,-13.394414093911472,-13.394414093911472,0.13254045015560578,True,0.25,4,32,-7.486979166666667e-07,5.208333333333334e-07,1,128,15000.0,1920000.0,1,1.0,15000.0,exponential_tdl,0.007952813248425557,,,,,,,,,,,,,,,,,,,,,,,,,,,
conventional_s2,Conventional $S_2$,ok,optimal,0.013287401001434773,False,,conventional_s2,772.8500621034536,11592750.931551805,0.9999999993682309,3.357142855337803,3453159.8538082815,355190623919.882,9.370439615925926e+18,9.370439615925926e+18,9.369954769815548e+18,1.0671857895550683e-19,0.048967814813328084,-10.565617423181608,-6.235307618069682,0.011608585371695172,1.918941488661583e-06,128,4286.992477237063,355172245839.7806,355172245615.39374,11.592750931551805,3.4531598538082813,355190623919.882,9.370439615925928e+18,9.369954769815548e+18,9.370439615925926e+18,0.005174208791164326,4286.992477237063,9.370439618768943e+18,355190624027.6477,26381438.54281344,1.8740879237537886e+19,710381250000.0,0.5,0.048967814805899595,True,False,True,True,-5.174239129870172e-05,True,False,True,-13.261873643755866,-11.030000577327852,-10.557740688892155,-10.557740688892155,-2.704132954863711,False,0.25,4,32,-6.998697916666667e-07,5.208333333333334e-07,1,128,15000.0,1920000.0,1,1.0,15000.0,exponential_tdl,,known_amplitude_linear,355190624027.6477,,,,,,,,,,,,,,,,,,,,,,,,,
exact_efim,Exact EFIM,ok,optimal,0.01742336400275235,False,,exact_efim,772.848761425765,11592731.421386475,0.9999999996719353,3.3571428562055297,3453154.0413771267,355198724783.66925,9.370653328366076e+18,9.370653328366076e+18,9.370439631980362e+18,1.0671614507100393e-19,0.048967256416250826,-10.565261435755332,-6.234854445000144,0.0115847130790813,1.9177580219624316e-06,128,2846.0947348171953,355190624644.9579,355190624528.4324,11.592731421386475,3.4531540413771267,355198724783.66925,9.370653328366076e+18,9.370439631980362e+18,9.370653328366076e+18,0.0022804854499023216,2846.0947348171953,9.370439618768943e+18,355190624027.6477,26381438.54281344,1.8740879237537886e+19,710381250000.0,0.5,0.048967814805899595,True,True,True,True,1.4099038211118287e-09,False,False,True,-13.261873643755866,-11.029580149269664,-10.557360938888472,-10.557360938888472,-2.704512704867394,False,0.25,4,32,-6.998697916666667e-07,5.208333333333334e-07,1,128,15000.0,1920000.0,1,1.0,15000.0,exponential_tdl,,unknown_amplitude_exact,,9.370439618768943e+18,355190624027.6477,quad_over_lin,1e-12,,,,,,,,,,,,,,,,,,,,,
exact_efim_cutting_plane_psl,Exact EFIM+cutting-plane PSL,ok,optimal,2.9459944699992775,False,,exact_efim,770.3868717080416,11555803.075620623,0.9999999996946571,3.3571428562704493,3442154.1085261744,355194260539.8875,9.370535555193104e+18,9.370535555193104e+18,9.370439616043837e+18,1.0671748632828194e-19,0.04896756413671169,-13.028959141367816,-5.421847170771259,0.017583712991218903,4.7672005438354055e-06,128,1906.9912262913517,355190624032.80634,355190623924.35144,11.555803075620624,3.4421541085261746,355194260539.8875,9.370535555193106e+18,9.370439616043837e+18,9.370535555193104e+18,0.0010238384850242098,1906.9912262913517,9.370439618768943e+18,355190624027.6477,26381438.54281344,1.8740879237537886e+19,710381250000.0,0.5,0.048967814805899595,True,True,True,True,-2.9081940387744743e-10,False,False,True,-13.261873643755866,-13.261873638921095,-13.028959141367816,-13.028959141367816,-0.23291450238805034,True,0.25,4,32,-6.8359375e-07,5.208333333333334e-07,1,128,15000.0,1920000.0,1,1.0,15000.0,exponential_tdl,,unknown_amplitude_exact,,9.370439618768943e+18,355190624027.6477,quad_over_lin,1e-12,-13.261873643755866,0.2172232553411155,505.0,5.208333333333334e-07,-5.424695130002574,-0.23291450238805034,505.0,4033.0,1.0,505.0,True,1.0,dense_psl_satisfied,False,2.9459944699992775,0.0,505.0,-13.028959141367816,-13.261873638921095,,0.0
uniform,Uniform,ok,ok,1.6185000276891515e-05,False,,none,497.293144409987,7459397.166149805,1.0,3.357142857142857,2221948.0920446226,307181250000.0,8.103883268379611e+18,8.103883268379611e+18,8.103883268379611e+18,1.2339763134322048e-19,0.05265554581750531,-13.261873643755866,-9.681440266323808,0.0078125,0.0,128,0.0,307181250000.0,307181250000.0,7.459397166149805,2.221948092044623,307181250000.0,8.103883268379611e+18,8.103883268379611e+18,8.103883268379611e+18,0.0,0.0,9.370439618768943e+18,355190624027.6477,26381438.54281344,1.8740879237537886e+19,710381250000.0,0.5,0.048967814805899595,False,False,False,False,-0.13516509383961303,False,False,True,-13.261873643755866,-13.46286042717158,-13.261873643755866,-13.261873643755866,0.0,True,0.25,4,32,-7.486979166666667e-07,5.208333333333334e-07,2,128,15000.0,1920000.0,1,1.0,15000.0,exponential_tdl,,,,,,,,,,,,,,,,,,,,,,,,,,,,
water_filling,Water-filling,ok,ok,0.0001914550011861138,False,,none,507.21697520861744,7608254.628129262,0.9999999999995511,3.3571428571415747,2266288.6126351138,302062013781.047,7.968830452683158e+18,7.968830452683158e+18,7.498217151346323e+18,1.254889291393185e-19,0.05309986462744044,-12.543435873230035,-7.317634631909974,0.009824601032923123,8.8020099016945e-06,118,133561.98418125714,284223210162.74817,284223210162.6206,7.608254628129261,2.2662886126351136,302062013781.047,7.968830452683158e+18,7.498217151346323e+18,7.968830452683158e+18,5.9056759223478705,133561.98418125714,9.370439618768943e+18,355190624027.6477,26381438.54281344,1.8740879237537886e+19,710381250000.0,0.5,0.048967814805899595,False,False,False,False,-0.1998009211512945,False,False,True,-13.261873643755866,-12.575134767914445,-12.533144280053918,-12.533144280053918,-0.7287293637019481,False,0.25,4,32,-1.2858072916666667e-06,5.208333333333334e-07,2,128,15000.0,1920000.0,1,1.0,15000.0,exponential_tdl,0.009931228837181578,,,,,,,,,,,,,,,,,,,,,,,,,,,
conventional_s2,Conventional $S_2$,ok,optimal,0.012545151999802329,False,,conventional_s2,505.13539246087646,7577030.886913147,0.9999999989274,3.357142854078286,2256987.9258216564,355190623763.3453,9.370439611796263e+18,9.370439611796263e+18,8.925797417258183e+18,1.0671857900253896e-19,0.048967814824118425,-10.652330619020624,-5.040558178502929,0.013722418077735537,9.68695525162796e-06,128,129824.33300907857,338336266703.0706,338336266340.17114,7.577030886913147,2.2569879258216563,355190623763.3453,9.370439611796265e+18,8.925797417258183e+18,9.370439611796263e+18,4.745158316567442,129824.33300907857,9.370439618768943e+18,355190624027.6477,26381438.54281344,1.8740879237537886e+19,710381250000.0,0.5,0.048967814805899595,True,False,False,False,-0.04745158387447952,True,True,True,-13.261873643755866,-10.703761336662591,-10.642150256587188,-10.642150256587188,-2.619723387168678,False,0.25,4,32,-6.673177083333333e-07,5.208333333333334e-07,2,128,15000.0,1920000.0,1,1.0,15000.0,exponential_tdl,,known_amplitude_linear,355190624027.6477,,,,,,,,,,,,,,,,,,,,,,,,,
exact_efim,Exact EFIM,ok,optimal,0.01534637999793631,False,,exact_efim,504.27216728060847,7564082.509209127,0.9999999985069715,3.3571428528770615,2253130.963052922,361879652146.5532,9.546905802999e+18,9.546905802999e+18,9.370439611756059e+18,1.0474597954929721e-19,0.04851314037758009,-10.31493113522549,-4.601178033684785,0.01248439251453624,8.800155667253224e-06,128,81786.48051309497,355190624292.131,355190623761.8213,7.564082509209127,2.253130963052922,361879652146.5532,9.546905802999e+18,9.370439611756059e+18,9.546905802999e+18,1.8484124059075406,81786.48051309497,9.370439618768943e+18,355190624027.6477,26381438.54281344,1.8740879237537886e+19,710381250000.0,0.5,0.048967814805899595,True,True,True,True,-7.484050658576603e-10,False,False,True,-13.261873643755866,-10.434671145651361,-10.31493113522549,-10.31493113522549,-2.946942508530375,False,0.25,4,32,-6.8359375e-07,5.208333333333334e-07,2,128,15000.0,1920000.0,1,1.0,15000.0,exponential_tdl,,unknown_amplitude_exact,,9.370439618768943e+18,355190624027.6477,quad_over_lin,1e-12,,,,,,,,,,,,,,,,,,,,,
exact_efim_cutting_plane_psl,Exact EFIM+cutting-plane PSL,ok,optimal,2.7620905680014403,False,,exact_efim,499.0154097946516,7485231.146919774,0.9999999996563435,3.3571428561609813,2229643.3210111936,357009537450.8148,9.418425171456924e+18,9.418425171456924e+18,9.370439607069358e+18,1.0617486276055547e-19,0.04884291344650729,-13.12940935263952,-3.826447387780169,0.024043486342965662,1.1680850986951469e-05,128,42648.72644370675,355190623706.2334,355190623584.1698,7.485231146919774,2.2296433210111934,357009537450.8148,9.418425171456924e+18,9.370439607069358e+18,9.418425171456924e+18,0.5094860713337572,42648.72644370675,9.370439618768943e+18,355190624027.6477,26381438.54281344,1.8740879237537886e+19,710381250000.0,0.5,0.048967814805899595,True,True,True,True,-1.2485630877515918e-09,False,False,True,-13.261873643755866,-13.261873633999318,-13.12940935263952,-13.12940935263952,-0.13246429111634583,True,0.25,4,32,-6.8359375e-07,5.208333333333334e-07,2,128,15000.0,1920000.0,1,1.0,15000.0,exponential_tdl,,unknown_amplitude_exact,,9.370439618768943e+18,355190624027.6477,quad_over_lin,1e-12,-13.261873643755866,0.2172232553411155,505.0,5.208333333333334e-07,-3.8312861936638805,-0.13246429111634583,505.0,4033.0,1.0,505.0,True,1.0,dense_psl_satisfied,False,2.7620905680014403,0.0,505.0,-13.12940935263952,-13.261873633999318,,0.0
uniform,Uniform,ok,ok,1.544399856356904e-05,False,,none,500.89206378340066,7513380.956751009,1.0,3.357142857142857,2238028.3700960455,307181250000.0,8.103883268379611e+18,8.103883268379611e+18,8.103883268379611e+18,1.2339763134322048e-19,0.05265554581750531,-13.261873643755866,-9.681440266323808,0.0078125,0.0,128,0.0,307181250000.0,307181250000.0,7.51338095675101,2.2380283700960457,307181250000.0,8.103883268379611e+18,8.103883268379611e+18,8.103883268379611e+18,0.0,0.0,9.370439618768943e+18,355190624027.6477,26381438.54281344,1.8740879237537886e+19,710381250000.0,0.5,0.048967814805899595,False,False,False,False,-0.13516509383961303,False,False,True,-13.261873643755866,-13.46286042717158,-13.261873643755866,-13.261873643755866,0.0,True,0.25,4,32,-7.486979166666667e-07,5.208333333333334e-07,3,128,15000.0,1920000.0,1,1.0,15000.0,exponential_tdl,,,,,,,,,,,,,,,,,,,,,,,,,,,,
water_filling,Water-filling,ok,ok,0.00020073500127182342,False,,none,501.09636651156734,7516445.49767351,0.999999999999486,3.3571428571413886,2238941.21207394,304492573579.71375,8.032952116636318e+18,8.032952116636318e+18,8.021237925395083e+18,1.2448723526298516e-19,0.05288750972092477,-13.71757589710342,-9.87920496153097,0.008262341398918238,1.6342377983962796e-07,128,21072.056315123806,304048542022.5225,304048542022.3662,7.51644549767351,2.23894121207394,304492573579.71375,8.032952116636318e+18,8.021237925395083e+18,8.032952116636318e+18,0.1458267280963151,21072.056315123806,9.370439618768943e+18,355190624027.6477,26381438.54281344,1.8740879237537886e+19,710381250000.0,0.5,0.048967814805899595,False,False,False,False,-0.14398488739753637,False,False,True,-13.261873643755866,-13.9346240914057,-13.71757589710342,-13.71757589710342,0.4557022533475532,True,0.25,4,32,-7.486979166666667e-07,5.208333333333334e-07,3,128,15000.0,1920000.0,1,1.0,15000.0,exponential_tdl,0.008484279499293059,,,,,,,,,,,,,,,,,,,,,,,,,,,
conventional_s2,Conventional $S_2$,ok,optimal,0.012333114998909878,False,,conventional_s2,498.59964223571313,7478994.633535697,0.9999999981604226,3.357142851886922,2227785.639009088,355190623475.11926,9.370439604192446e+18,9.370439604192446e+18,9.358725035120056e+18,1.0671857908913773e-19,0.04896781484398635,-10.725350791728514,-6.211690287685986,0.011817357473854347,2.1063110785688976e-06,128,21072.39616228219,354746578248.49976,354746577595.91595,7.478994633535697,2.2277856390090878,355190623475.11926,9.370439604192446e+18,9.358725035120056e+18,9.370439604192446e+18,0.12501621660470344,21072.39616228219,9.370439618768943e+18,355190624027.6477,26381438.54281344,1.8740879237537886e+19,710381250000.0,0.5,0.048967814805899595,True,False,True,True,-0.0012501637196853104,True,False,True,-13.261873643755866,-11.144546028313693,-10.705081591328707,-10.705081591328707,-2.5567920524271592,False,0.25,4,32,-6.998697916666667e-07,5.208333333333334e-07,3,128,15000.0,1920000.0,1,1.0,15000.0,exponential_tdl,,known_amplitude_linear,355190624027.6477,,,,,,,,,,,,,,,,,,,,,,,,,
exact_efim,Exact EFIM,ok,optimal,0.013100154999847291,False,,exact_efim,498.5714934658451,7478572.4019876765,0.9999999969116813,3.3571428483190897,2227659.8702769447,355385170448.6276,9.37557203321775e+18,9.37557203321775e+18,9.370439522942255e+18,1.0666015859693569e-19,0.04895440988917297,-10.714158377835474,-6.195587132901817,0.011792686453190428,2.085808872704636e-06,128,13948.12008599523,355190621492.23694,355190620395.2951,7.478572401987677,2.227659870276945,355385170448.6276,9.37557203321775e+18,9.370439522942255e+18,9.37557203321775e+18,0.054743435998458025,13948.12008599523,9.370439618768943e+18,355190624027.6477,26381438.54281344,1.8740879237537886e+19,710381250000.0,0.5,0.048967814805899595,True,True,True,True,-1.0226487966269974e-08,False,False,True,-13.261873643755866,-11.135334437149485,-10.694165458823967,-10.694165458823967,-2.567708184931899,False,0.25,4,32,-6.998697916666667e-07,5.208333333333334e-07,3,128,15000.0,1920000.0,1,1.0,15000.0,exponential_tdl,,unknown_amplitude_exact,,9.370439618768943e+18,355190624027.6477,quad_over_lin,1e-12,,,,,,,,,,,,,,,,,,,,,
exact_efim_cutting_plane_psl,Exact EFIM+cutting-plane PSL,ok,optimal,3.0355519379991165,False,,exact_efim,496.630357150144,7449455.35725216,0.9999999993363657,3.3571428552467593,2218986.7034134907,355280521066.0718,9.372811231963306e+18,9.372811231963306e+18,9.370439609138975e+18,1.0669157579849517e-19,0.048961619222736404,-13.035742333662872,-5.405092019514207,0.01748447887221604,4.842764240318187e-06,128,9481.4241288846,355190623898.3363,355190623662.6196,7.44945535725216,2.2189867034134907,355280521066.0718,9.372811231963308e+18,9.370439609138975e+18,9.372811231963306e+18,0.025303217632758026,9481.4241288846,9.370439618768943e+18,355190624027.6477,26381438.54281344,1.8740879237537886e+19,710381250000.0,0.5,0.048967814805899595,True,True,True,True,-1.0276965410151326e-09,False,False,True,-13.261873643755866,-13.261873628185562,-13.035742333662872,-13.035742333662872,-0.2261313100929936,True,0.25,4,32,-6.8359375e-07,5.208333333333334e-07,3,128,15000.0,1920000.0,1,1.0,15000.0,exponential_tdl,,unknown_amplitude_exact,,9.370439618768943e+18,355190624027.6477,quad_over_lin,1e-12,-13.261873643755866,0.2172232553411155,505.0,5.208333333333334e-07,-5.408129985307649,-0.2261313100929936,505.0,4033.0,1.0,505.0,True,1.0,dense_psl_satisfied,False,3.0355519379991165,0.0,505.0,-13.035742333662872,-13.261873628185562,,0.0
uniform,Uniform,ok,ok,1.471699943067506e-05,False,,none,595.7547694775027,8936321.54216254,1.0,3.357142857142857,2661883.0125590544,307181250000.0,8.103883268379611e+18,8.103883268379611e+18,8.103883268379611e+18,1.2339763134322048e-19,0.05265554581750531,-13.261873643755866,-9.681440266323808,0.0078125,0.0,128,0.0,307181250000.0,307181250000.0,8.93632154216254,2.6618830125590542,307181250000.0,8.103883268379611e+18,8.103883268379611e+18,8.103883268379611e+18,0.0,0.0,9.370439618768943e+18,355190624027.6477,26381438.54281344,1.8740879237537886e+19,710381250000.0,0.5,0.048967814805899595,False,False,False,False,-0.13516509383961303,False,False,True,-13.261873643755866,-13.46286042717158,-13.261873643755866,-13.261873643755866,0.0,True,0.25,4,32,-7.486979166666667e-07,5.208333333333334e-07,4,128,15000.0,1920000.0,1,1.0,15000.0,exponential_tdl,,,,,,,,,,,,,,,,,,,,,,,,,,,,
water_filling,Water-filling,ok,ok,0.00018935099797090515,False,,none,595.8055657599394,8937083.486399092,1.0000000000002027,3.3571428571434367,2662109.97467161,309845256768.7977,8.174163599228287e+18,8.174163599228287e+18,8.173441526379341e+18,1.223366755339236e-19,0.052428694596937934,-12.873305872729485,-9.429671232230781,0.008012160391816625,3.771783429091977e-08,128,-5231.681189780951,309817886280.6634,309817886280.7262,8.937083486399091,2.66210997467161,309845256768.7977,8.174163599228287e+18,8.173441526379341e+18,8.174163599228287e+18,0.008833599183338415,5231.681189780951,9.370439618768943e+18,355190624027.6477,26381438.54281344,1.8740879237537886e+19,710381250000.0,0.5,0.048967814805899595,False,False,False,False,-0.12774193539351358,False,False,True,-13.261873643755866,-13.071824779938236,-12.873305872729485,-12.873305872729485,-0.3885677710263806,False,0.25,4,32,-7.486979166666667e-07,5.208333333333334e-07,4,128,15000.0,1920000.0,1,1.0,15000.0,exponential_tdl,0.008175042365939687,,,,,,,,,,,,,,,,,,,,,,,,,,,
conventional_s2,Conventional $S_2$,ok,optimal,0.014103179000812816,False,,conventional_s2,593.6449952126278,8904674.928189417,0.9999999975678414,3.3571428501938327,2652456.3670787155,355190623372.30365,9.370439601480024e+18,9.370439601480024e+18,9.369717437936267e+18,1.0671857912002912e-19,0.0489678148510736,-10.36013856215219,-6.231821216685393,0.011385205400508197,1.9031841428481202e-06,128,-5232.009744317505,355163250310.21893,355163249446.4056,8.904674928189417,2.6524563670787153,355190623372.30365,9.370439601480024e+18,9.369717437936267e+18,9.370439601480024e+18,0.007706826728201066,5232.009744317505,9.370439618768943e+18,355190624027.6477,26381438.54281344,1.8740879237537886e+19,710381250000.0,0.5,0.048967814805899595,True,False,True,True,-7.707011218868702e-05,True,False,True,-13.261873643755866,-10.855550995159142,-10.36013856215219,-10.36013856215219,-2.9017350816036753,False,0.25,4,32,-7.161458333333333e-07,5.208333333333334e-07,4,128,15000.0,1920000.0,1,1.0,15000.0,exponential_tdl,,known_amplitude_linear,355190624027.6477,,,,,,,,,,,,,,,,,,,,,,,,,
exact_efim,Exact EFIM,ok,optimal,0.014570535997336265,False,,exact_efim,593.6432445599182,8904648.668398773,0.9999999993701423,3.357142855343264,2652448.5409448813,355203678549.3062,9.370784015829785e+18,9.370784015829785e+18,9.37043959963919e+18,1.0671465677906245e-19,0.04896691495982375,-10.359448924212654,-6.231097121036769,0.011327449704517874,1.901505101165553e-06,128,-3613.2045040944286,355190623526.24554,355190623302.526,8.904648668398773,2.6524485409448815,355203678549.3062,9.370784015829783e+18,9.37043959963919e+18,9.370784015829785e+18,0.0036754255568505266,3613.2045040944286,9.370439618768943e+18,355190624027.6477,26381438.54281344,1.8740879237537886e+19,710381250000.0,0.5,0.048967814805899595,True,True,True,True,-2.041500119341594e-09,False,False,True,-13.261873643755866,-10.854890192728469,-10.359448924212654,-10.359448924212654,-2.9024247195432125,False,0.25,4,32,-7.161458333333333e-07,5.208333333333334e-07,4,128,15000.0,1920000.0,1,1.0,15000.0,exponential_tdl,,unknown_amplitude_exact,,9.370439618768943e+18,355190624027.6477,quad_over_lin,1e-12,,,,,,,,,,,,,,,,,,,,,
exact_efim_cutting_plane_psl,Exact EFIM+cutting-plane PSL,ok,optimal,3.251756966001267,False,,exact_efim,590.8630360633626,8862945.54095044,0.9999999991888524,3.357142854825293,2640026.333169451,355196227707.217,9.370587451897113e+18,9.370587451897113e+18,9.370439593664352e+18,1.0671689529961603e-19,0.048967428539092354,-13.029112815739833,-5.420024279123395,0.017516722825428474,4.773533802569194e-06,128,-2367.4102251925588,355190623364.1592,355190623076.0472,8.86294554095044,2.640026333169451,355196227707.217,9.370587451897113e+18,9.370439593664352e+18,9.370587451897113e+18,0.0015778971544669327,2367.4102251925588,9.370439618768943e+18,355190624027.6477,26381438.54281344,1.8740879237537886e+19,710381250000.0,0.5,0.048967814805899595,True,True,True,True,-2.6791262597451278e-09,False,False,True,-13.261873643755866,-13.261873618120365,-13.029112815739833,-13.029112815739833,-0.23276082801603337,True,0.25,4,32,-6.8359375e-07,5.208333333333334e-07,4,128,15000.0,1920000.0,1,1.0,15000.0,exponential_tdl,,unknown_amplitude_exact,,9.370439618768943e+18,355190624027.6477,quad_over_lin,1e-12,-13.261873643755866,0.2172232553411155,505.0,5.208333333333334e-07,-5.422874370981981,-0.23276082801603337,505.0,4033.0,1.0,505.0,True,1.0,dense_psl_satisfied,False,3.251756966001267,0.0,505.0,-13.029112815739833,-13.261873618120365,,0.0
uniform,Uniform,ok,ok,1.6979996871668845e-05,False,,none,565.8255915168708,8487383.872753061,1.0,3.357142857142857,2528156.898266869,307181250000.0,8.103883268379611e+18,8.103883268379611e+18,8.103883268379611e+18,1.2339763134322048e-19,0.05265554581750531,-13.261873643755866,-9.681440266323808,0.0078125,0.0,128,0.0,307181250000.0,307181250000.0,8.487383872753062,2.528156898266869,307181250000.0,8.103883268379611e+18,8.103883268379611e+18,8.103883268379611e+18,0.0,0.0,9.370439618768943e+18,355190624027.6477,26381438.54281344,1.8740879237537886e+19,710381250000.0,0.5,0.048967814805899595,False,False,False,False,-0.13516509383961303,False,False,True,-13.261873643755866,-13.46286042717158,-13.261873643755866,-13.261873643755866,0.0,True,0.25,4,32,-7.486979166666667e-07,5.208333333333334e-07,5,128,15000.0,1920000.0,1,1.0,15000.0,exponential_tdl,,,,,,,,,,,,,,,,,,,,,,,,,,,,
water_filling,Water-filling,ok,ok,0.0001774100019247271,False,,none,566.2481192642224,8493721.788963336,1.0000000000001092,3.3571428571431694,2530044.7882016096,295871326770.5742,7.805511223778576e+18,7.805511223778576e+18,7.796404380719044e+18,1.2811460663250564e-19,0.05365250837164901,-14.684305828207329,-10.534394235621484,0.008269117355528712,3.499844896034683e-07,128,18579.52854151474,295526127889.7169,295526127889.7492,8.493721788963336,2.5300447882016095,295871326770.5742,7.805511223778576e+18,7.796404380719044e+18,7.805511223778576e+18,0.11667196162360088,18579.52854151474,9.370439618768943e+18,355190624027.6477,26381438.54281344,1.8740879237537886e+19,710381250000.0,0.5,0.048967814805899595,False,False,False,False,-0.16797880377961297,False,False,True,-13.261873643755866,-14.813523039863913,-14.684305828207329,-14.684305828207329,1.4224321844514627,True,0.25,4,32,-7.486979166666667e-07,5.208333333333334e-07,5,128,15000.0,1920000.0,1,1.0,15000.0,exponential_tdl,0.008393663819366407,,,,,,,,,,,,,,,,,,,,,,,,,,,
conventional_s2,Conventional $S_2$,ok,optimal,0.012846099001762923,False,,conventional_s2,562.792885876639,8441893.288149586,0.9999999985490096,3.3571428529971703,2514606.514468957,355190623610.7288,9.37043960777002e+18,9.37043960777002e+18,9.361332278270722e+18,1.0671857904839326e-19,0.04896781483463855,-11.054261038464245,-6.129257160240996,0.012460375026725484,2.3465248582646805e-06,128,18580.024758826396,354845406806.0684,354845406291.1911,8.441893288149586,2.5146065144689573,355190623610.7288,9.370439607770022e+18,9.361332278270722e+18,9.37043960777002e+18,0.09719212630905752,18580.024758826396,9.370439618768943e+18,355190624027.6477,26381438.54281344,1.8740879237537886e+19,710381250000.0,0.5,0.048967814805899595,True,False,True,True,-0.0009719224357392048,True,False,True,-13.261873643755866,-11.453105643192211,-11.02565248555207,-11.02565248555207,-2.2362211582037954,False,0.25,4,32,-6.998697916666667e-07,5.208333333333334e-07,5,128,15000.0,1920000.0,1,1.0,15000.0,exponential_tdl,,known_amplitude_linear,355190624027.6477,,,,,,,,,,,,,,,,,,,,,,,,,
exact_efim,Exact EFIM,ok,optimal,0.01412819200049853,False,,exact_efim,562.7689021651116,8441533.532476675,0.9999999994959535,3.3571428557027247,2514499.351178094,355321869590.46826,9.37390206551851e+18,9.37390206551851e+18,9.370439593101808e+18,1.066791601843651e-19,0.04895877032743792,-11.048765223233248,-6.121097580691663,0.012764903554963165,2.3229998506506332e-06,128,11456.288046777625,355190623233.7563,355190623054.7237,8.441533532476674,2.514499351178094,355321869590.46826,9.37390206551851e+18,9.370439593101808e+18,9.37390206551851e+18,0.03693736495753479,11456.288046777625,9.370439618768943e+18,355190624027.6477,26381438.54281344,1.8740879237537886e+19,710381250000.0,0.5,0.048967814805899595,True,True,True,True,-2.7391602243067506e-09,False,False,True,-13.261873643755866,-11.445696311471636,-11.019440596823955,-11.019440596823955,-2.242433046931911,False,0.25,4,32,-6.998697916666667e-07,5.208333333333334e-07,5,128,15000.0,1920000.0,1,1.0,15000.0,exponential_tdl,,unknown_amplitude_exact,,9.370439618768943e+18,355190624027.6477,quad_over_lin,1e-12,,,,,,,,,,,,,,,,,,,,,
exact_efim_cutting_plane_psl,Exact EFIM+cutting-plane PSL,ok,optimal,2.916432341997279,False,,exact_efim,561.3826202463443,8420739.303695165,0.9999999990410472,3.357142854402992,2508305.326552046,355260144865.29565,9.3722736784748e+18,9.3722736784748e+18,9.370439585717434e+18,1.066976951704568e-19,0.0489630233170222,-13.026591956627511,-5.369545176492299,0.017675021774322862,4.956718511870769e-06,128,8337.990797943707,355190623115.42676,355190622774.81573,8.420739303695164,2.508305326552046,355260144865.29565,9.372273678474797e+18,9.370439585717434e+18,9.3722736784748e+18,0.01956934699396452,8337.990797943707,9.370439618768943e+18,355190624027.6477,26381438.54281344,1.8740879237537886e+19,710381250000.0,0.5,0.048967814805899595,True,True,True,True,-3.5272100435712746e-09,False,False,True,-13.261873643755866,-13.261873614430558,-13.026591956627511,-13.026591956627511,-0.23528168712835473,True,0.25,4,32,-6.8359375e-07,5.208333333333334e-07,5,128,15000.0,1920000.0,1,1.0,15000.0,exponential_tdl,,unknown_amplitude_exact,,9.370439618768943e+18,355190624027.6477,quad_over_lin,1e-12,-13.261873643755866,0.2172232553411155,505.0,5.208333333333334e-07,-5.37243471466741,-0.23528168712835473,505.0,4033.0,1.0,505.0,True,1.0,dense_psl_satisfied,False,2.916432341997279,0.0,505.0,-13.026591956627511,-13.261873614430558,,0.0
uniform,Uniform,ok,ok,1.5681001968914643e-05,False,,none,431.3923378025915,6470885.067038872,1.0,3.357142857142857,1927497.6795434938,307181250000.0,8.103883268379611e+18,8.103883268379611e+18,8.103883268379611e+18,1.2339763134322048e-19,0.05265554581750531,-13.261873643755866,-9.681440266323808,0.0078125,0.0,128,0.0,307181250000.0,307181250000.0,6.470885067038872,1.9274976795434937,307181250000.0,8.103883268379611e+18,8.103883268379611e+18,8.103883268379611e+18,0.0,0.0,9.370439618768943e+18,355190624027.6477,26381438.54281344,1.8740879237537886e+19,710381250000.0,0.5,0.048967814805899595,False,False,False,False,-0.13516509383961303,False,False,True,-13.261873643755866,-13.46286042717158,-13.261873643755866,-13.261873643755866,0.0,True,0.25,4,32,-7.486979166666667e-07,5.208333333333334e-07,6,128,15000.0,1920000.0,1,1.0,15000.0,exponential_tdl,,,,,,,,,,,,,,,,,,,,,,,,,,,,
water_filling,Water-filling,ok,ok,0.00020578600015142,False,,none,439.05371055218046,6585805.6582827065,1.0000000000005762,3.3571428571445034,1961729.3450194187,289335992403.2872,7.633099701811256e+18,7.633099701811256e+18,7.47374113970277e+18,1.3100837655280595e-19,0.05425505895415132,-14.72549618707913,-8.209166007510355,0.009323038838740595,6.057051550883394e-06,121,-77721.01516478286,283295436204.8761,283295436205.0393,6.585805658282706,1.9617293450194186,289335992403.2872,7.633099701811256e+18,7.47374113970277e+18,7.633099701811256e+18,2.0877306511622336,77721.01516478286,9.370439618768943e+18,355190624027.6477,26381438.54281344,1.8740879237537886e+19,710381250000.0,0.5,0.048967814805899595,False,False,False,False,-0.2024129663316005,False,False,True,-13.261873643755866,-15.131201922685358,-14.72549618707913,-14.72549618707913,1.4636225433232646,True,0.25,4,32,-1.7578125000000002e-06,5.208333333333334e-07,6,128,15000.0,1920000.0,1,1.0,15000.0,exponential_tdl,0.009566117527305842,,,,,,,,,,,,,,,,,,,,,,,,,,,
conventional_s2,Conventional $S_2$,ok,optimal,0.013961505999759538,False,,conventional_s2,435.761258633573,6536418.879503595,0.9999999970354879,3.3571428486728228,1947018.3945516746,355190623078.57715,9.370439593731097e+18,9.370439593731097e+18,9.205212853733683e+18,1.0671857920828052e-19,0.04896781487132068,-12.328784163313891,-4.644928273878975,0.014500575325187674,8.829033886041156e-06,128,-79139.06793568979,348927632057.81433,348927631023.4141,6.536418879503595,1.9470183945516746,355190623078.57715,9.370439593731097e+18,9.205212853733683e+18,9.370439593731097e+18,1.7632762939739932,79139.06793568979,9.370439618768943e+18,355190624027.6477,26381438.54281344,1.8740879237537886e+19,710381250000.0,0.5,0.048967814805899595,True,False,False,True,-0.01763276556462853,True,True,True,-13.261873643755866,-12.361134420091293,-12.328784163313891,-12.328784163313891,-0.9330894804419749,False,0.25,4,32,-1.7578125000000002e-06,5.208333333333334e-07,6,128,15000.0,1920000.0,1,1.0,15000.0,exponential_tdl,,known_amplitude_linear,355190624027.6477,,,,,,,,,,,,,,,,,,,,,,,,,
exact_efim,Exact EFIM,ok,optimal,0.018780159000016283,False,,exact_efim,435.3930573751386,6530895.860627079,0.9999999978488242,3.357142850996641,1945373.2386419724,357434321967.12115,9.4296315980678e+18,9.4296315980678e+18,9.370439615560942e+18,1.0604868171147929e-19,0.04881388170551602,-12.139466567648194,-4.43113124801465,0.01493953726411259,8.79335153839623e-06,128,-47367.69010518416,355190624670.12445,355190623906.047,6.530895860627079,1.9453732386419724,357434321967.12115,9.429631598067798e+18,9.370439615560942e+18,9.4296315980678e+18,0.6277231712741287,47367.69010518416,9.370439618768943e+18,355190624027.6477,26381438.54281344,1.8740879237537886e+19,710381250000.0,0.5,0.048967814805899595,True,True,True,True,-3.4235336510513224e-10,False,False,True,-13.261873643755866,-12.27171552147784,-12.139466567648194,-12.139466567648194,-1.122407076107672,False,0.25,4,32,-1.7578125000000002e-06,5.208333333333334e-07,6,128,15000.0,1920000.0,1,1.0,15000.0,exponential_tdl,,unknown_amplitude_exact,,9.370439618768943e+18,355190624027.6477,quad_over_lin,1e-12,,,,,,,,,,,,,,,,,,,,,
exact_efim_cutting_plane_psl,Exact EFIM+cutting-plane PSL,ok,optimal,3.0546500769996783,False,,exact_efim,435.06975678995263,6526046.35184929,0.9999999992032202,3.3571428548663436,1943928.7018690505,356534504812.37634,9.40589312710013e+18,9.40589312710013e+18,9.370439591455353e+18,1.0631632599766776e-19,0.04887544080994965,-13.034696532552065,-4.495946388813033,0.016873778444165217,8.431668094269326e-06,126,-36658.993727774505,355190623275.32275,355190622992.3141,6.526046351849289,1.9439287018690505,356534504812.37634,9.40589312710013e+18,9.370439591455353e+18,9.40589312710013e+18,0.3769289653379987,36658.993727774505,9.370439618768943e+18,355190624027.6477,26381438.54281344,1.8740879237537886e+19,710381250000.0,0.5,0.048967814805899595,True,True,True,True,-2.9148675391164165e-09,False,False,True,-13.261873643755866,-13.261873623214091,-13.022213679919423,-13.022213679919423,-0.23965996383644317,True,0.25,4,32,-1.7415364583333334e-06,5.208333333333334e-07,6,128,15000.0,1920000.0,1,1.0,15000.0,exponential_tdl,,unknown_amplitude_exact,,9.370439618768943e+18,355190624027.6477,quad_over_lin,1e-12,-13.261873643755866,0.2172232553411155,505.0,5.208333333333334e-07,-4.4997738691167966,-0.23965996383644317,505.0,4033.0,1.0,505.0,True,1.0,dense_psl_satisfied,False,3.0546500769996783,0.0,505.0,-13.022213679919423,-13.261873623214091,,0.0
uniform,Uniform,ok,ok,1.5472000086447224e-05,False,,none,564.0719398738701,8461079.098108051,1.0,3.357142857142857,2520321.433478994,307181250000.0,8.103883268379611e+18,8.103883268379611e+18,8.103883268379611e+18,1.2339763134322048e-19,0.05265554581750531,-13.261873643755866,-9.681440266323808,0.0078125,0.0,128,0.0,307181250000.0,307181250000.0,8.461079098108051,2.5203214334789936,307181250000.0,8.103883268379611e+18,8.103883268379611e+18,8.103883268379611e+18,0.0,0.0,9.370439618768943e+18,355190624027.6477,26381438.54281344,1.8740879237537886e+19,710381250000.0,0.5,0.048967814805899595,False,False,False,False,-0.13516509383961303,False,False,True,-13.261873643755866,-13.46286042717158,-13.261873643755866,-13.261873643755866,0.0,True,0.25,4,32,-7.486979166666667e-07,5.208333333333334e-07,7,128,15000.0,1920000.0,1,1.0,15000.0,exponential_tdl,,,,,,,,,,,,,,,,,,,,,,,,,,,,
water_filling,Water-filling,ok,ok,0.00018661899957805872,False,,none,564.4147776273368,8466221.664410051,1.0000000000006315,3.3571428571446615,2521853.2617378086,311961341708.43445,8.229988964014686e+18,8.229988964014686e+18,8.213201487902418e+18,1.2150684580167263e-19,0.05225057581410688,-13.190505352242667,-9.246749861617015,0.008315522531423977,2.719354958146763e-07,128,-25225.713978891454,311325005062.4926,311325005062.6892,8.466221664410051,2.5218532617378084,311961341708.43445,8.229988964014686e+18,8.213201487902418e+18,8.229988964014686e+18,0.20397932713726458,25225.713978891454,9.370439618768943e+18,355190624027.6477,26381438.54281344,1.8740879237537886e+19,710381250000.0,0.5,0.048967814805899595,False,False,False,False,-0.12349880880173253,False,False,True,-13.261873643755866,-13.482761678143442,-13.168485432831776,-13.168485432831776,-0.09338821092408978,True,0.25,4,32,-7.32421875e-07,5.208333333333334e-07,7,128,15000.0,1920000.0,1,1.0,15000.0,exponential_tdl,0.008419471296724549,,,,,,,,,,,,,,,,,,,,,,,,,,,
conventional_s2,Conventional $S_2$,ok,optimal,0.011995086999377236,False,,conventional_s2,562.5557429983219,8438336.144974828,0.9999999987625839,3.357142853607383,2513546.939448079,355190623744.4643,9.370439611298157e+18,9.370439611298157e+18,9.35365188371366e+18,1.0671857900821183e-19,0.048967814825419925,-10.637419872879555,-6.2046173086696665,0.011488120478699997,2.170024799895015e-06,128,-25225.90293126837,354554278005.2851,354554277566.55396,8.438336144974828,2.513546939448079,355190623744.4643,9.370439611298157e+18,9.35365188371366e+18,9.370439611298157e+18,0.17915624325943325,25225.90293126837,9.370439618768943e+18,355190624027.6477,26381438.54281344,1.8740879237537886e+19,710381250000.0,0.5,0.048967814805899595,True,False,True,True,-0.0017915632284376955,True,False,True,-13.261873643755866,-11.05248127532345,-10.61735166567561,-10.61735166567561,-2.644521978080256,False,0.25,4,32,-6.998697916666667e-07,5.208333333333334e-07,7,128,15000.0,1920000.0,1,1.0,15000.0,exponential_tdl,,known_amplitude_linear,355190624027.6477,,,,,,,,,,,,,,,,,,,,,,,,,
exact_efim,Exact EFIM,ok,optimal,0.01607597399924998,False,,exact_efim,562.518155305863,8437772.329587946,0.9999999985651767,3.3571428530433622,2513378.9948613066,355504574870.08264,9.378722093624105e+18,9.378722093624105e+18,9.370439630969102e+18,1.0662433431947254e-19,0.04894618796417953,-10.619796782306093,-6.1795389291680465,0.011493680190928137,2.1471608503155363e-06,128,-17718.644994272443,355190624999.7358,355190624490.10004,8.437772329587945,2.5133789948613066,355504574870.08264,9.378722093624105e+18,9.370439630969102e+18,9.378722093624105e+18,0.0883112067115546,17718.644994272443,9.370439618768943e+18,355190624027.6477,26381438.54281344,1.8740879237537886e+19,710381250000.0,0.5,0.048967814805899595,True,True,True,True,1.301983655874922e-09,False,False,True,-13.261873643755866,-11.038070291304196,-10.600285350113158,-10.600285350113158,-2.6615882936427084,False,0.25,4,32,-6.998697916666667e-07,5.208333333333334e-07,7,128,15000.0,1920000.0,1,1.0,15000.0,exponential_tdl,,unknown_amplitude_exact,,9.370439618768943e+18,355190624027.6477,quad_over_lin,1e-12,,,,,,,,,,,,,,,,,,,,,
exact_efim_cutting_plane_psl,Exact EFIM+cutting-plane PSL,ok,optimal,2.7904471789988747,False,,exact_efim,560.3027568471389,8404541.352707082,0.9999999994864965,3.3571428556757046,2503480.404028106,355317973410.27234,9.37379927868012e+18,9.37379927868012e+18,9.370439606051762e+18,1.0668032995696973e-19,0.04895903875133248,-13.03872683470602,-5.388730980370928,0.01757479508086546,4.908496530751224e-06,128,-11284.939731354229,355190623727.989,355190623545.5974,8.404541352707083,2.5034804040281062,355317973410.27234,9.37379927868012e+18,9.370439606051762e+18,9.37379927868012e+18,0.035841098454053734,11284.939731354229,9.370439618768943e+18,355190624027.6477,26381438.54281344,1.8740879237537886e+19,710381250000.0,0.5,0.048967814805899595,True,True,True,True,-1.3571594765444677e-09,False,False,True,-13.261873643755866,-13.261873627927299,-13.03872683470602,-13.03872683470602,-0.22314680904984563,True,0.25,4,32,-6.8359375e-07,5.208333333333334e-07,7,128,15000.0,1920000.0,1,1.0,15000.0,exponential_tdl,,unknown_amplitude_exact,,9.370439618768943e+18,355190624027.6477,quad_over_lin,1e-12,-13.261873643755866,0.2172232553411155,505.0,5.208333333333334e-07,-5.391859688643566,-0.22314680904984563,505.0,4033.0,1.0,505.0,True,1.0,dense_psl_satisfied,False,2.7904471789988747,0.0,505.0,-13.03872683470602,-13.261873627927299,,0.0
uniform,Uniform,ok,ok,1.5994999557733536e-05,False,,none,607.3883183842393,9110824.775763588,1.0,3.357142857142857,2713862.6991636218,307181250000.0,8.103883268379611e+18,8.103883268379611e+18,8.103883268379611e+18,1.2339763134322048e-19,0.05265554581750531,-13.261873643755866,-9.681440266323808,0.0078125,0.0,128,0.0,307181250000.0,307181250000.0,9.110824775763588,2.713862699163622,307181250000.0,8.103883268379611e+18,8.103883268379611e+18,8.103883268379611e+18,0.0,0.0,9.370439618768943e+18,355190624027.6477,26381438.54281344,1.8740879237537886e+19,710381250000.0,0.5,0.048967814805899595,False,False,False,False,-0.13516509383961303,False,False,True,-13.261873643755866,-13.46286042717158,-13.261873643755866,-13.261873643755866,0.0,True,0.25,4,32,-7.486979166666667e-07,5.208333333333334e-07,8,128,15000.0,1920000.0,1,1.0,15000.0,exponential_tdl,,,,,,,,,,,,,,,,,,,,,,,,,,,,
water_filling,Water-filling,ok,ok,0.00019021600019186735,False,,none,607.4832051128437,9112248.076692656,0.9999999999995007,3.357142857141431,2714286.6611436466,312273734429.5189,8.238230333387198e+18,8.238230333387198e+18,8.237568394318429e+18,1.2138529265773076e-19,0.05222443403202655,-12.516264833739958,-9.208230388503253,0.008073398368960484,7.099029049835388e-08,128,5009.100793220405,312248643338.91815,312248643338.76227,9.112248076692655,2.7142866611436465,312273734429.5189,8.238230333387198e+18,8.237568394318429e+18,8.238230333387198e+18,0.008034966758414483,5009.100793220405,9.370439618768943e+18,355190624027.6477,26381438.54281344,1.8740879237537886e+19,710381250000.0,0.5,0.048967814805899595,False,False,False,False,-0.12089840717626296,False,False,True,-13.261873643755866,-12.70963583242218,-12.516264833739958,-12.516264833739958,-0.7456088100159075,False,0.25,4,32,-7.486979166666667e-07,5.208333333333334e-07,8,128,15000.0,1920000.0,1,1.0,15000.0,exponential_tdl,0.00819093215211518,,,,,,,,,,,,,,,,,,,,,,,,,,,
conventional_s2,Conventional $S_2$,ok,optimal,0.011884627001563786,False,,conventional_s2,605.5493454831114,9083240.182246672,0.9999999989870421,3.357142854248692,2705646.0140655665,355190623790.5279,9.370439612513378e+18,9.370439612513378e+18,9.369777672814977e+18,1.0671857899437184e-19,0.04896781482224469,-10.196569237248807,-6.225990457919631,0.01121321000521078,1.8966463448778647e-06,128,5009.103178073898,355165533035.6725,355165532675.9047,9.083240182246673,2.7056460140655663,355190623790.5279,9.37043961251338e+18,9.369777672814977e+18,9.370439612513378e+18,0.007064126399334767,5009.103178073898,9.370439618768943e+18,355190624027.6477,26381438.54281344,1.8740879237537886e+19,710381250000.0,0.5,0.048967814805899595,True,False,True,True,-7.064193153117444e-05,True,False,True,-13.261873643755866,-10.719339037032718,-10.196569237248807,-10.196569237248807,-3.0653044065070585,False,0.25,4,32,-7.161458333333333e-07,5.208333333333334e-07,8,128,15000.0,1920000.0,1,1.0,15000.0,exponential_tdl,,known_amplitude_linear,355190624027.6477,,,,,,,,,,,,,,,,,,,,,,,,,
exact_efim,Exact EFIM,ok,optimal,0.01511841699903016,False,,exact_efim,605.5477946145838,9083216.919218758,0.9999999991656542,3.357142854759012,2705639.0842417055,355203079779.80664,9.370768219429028e+18,9.370768219429028e+18,9.370439557820744e+18,1.067148366690614e-19,0.04896695623182346,-10.196065178435427,-6.225535670005186,0.011161619847988058,1.8949203537049763e-06,128,3529.598056085784,355190622013.7313,355190621717.3795,9.083216919218758,2.7056390842417053,355203079779.80664,9.370768219429028e+18,9.370439557820744e+18,9.370768219429028e+18,0.003507306984743517,3529.598056085784,9.370439618768943e+18,355190624027.6477,26381438.54281344,1.8740879237537886e+19,710381250000.0,0.5,0.048967814805899595,True,True,True,True,-6.504305230452696e-09,False,False,True,-13.261873643755866,-10.718602344738567,-10.196065178435427,-10.196065178435427,-3.0658084653204387,False,0.25,4,32,-7.161458333333333e-07,5.208333333333334e-07,8,128,15000.0,1920000.0,1,1.0,15000.0,exponential_tdl,,unknown_amplitude_exact,,9.370439618768943e+18,355190624027.6477,quad_over_lin,1e-12,,,,,,,,,,,,,,,,,,,,,
exact_efim_cutting_plane_psl,Exact EFIM+cutting-plane PSL,ok,optimal,3.1035895669992897,False,,exact_efim,602.3985703534834,9035978.555302251,0.9999999994168884,3.357142855476824,2691568.08163853,355195272091.10754,9.37056224136945e+18,9.37056224136945e+18,9.370439601929302e+18,1.0671718241037542e-19,0.04896749440994672,-13.027109353013715,-5.409945567104159,0.017711277036031942,4.808625536092693e-06,128,2156.0848259103004,355190623596.4495,355190623389.33374,9.03597855530225,2.69156808163853,355195272091.10754,9.37056224136945e+18,9.370439601929302e+18,9.37056224136945e+18,0.001308773550503166,2156.0848259103004,9.370439618768943e+18,355190624027.6477,26381438.54281344,1.8740879237537886e+19,710381250000.0,0.5,0.048967814805899595,True,True,True,True,-1.797102566486879e-09,False,False,True,-13.261873643755866,-13.26187362724937,-13.027109353013715,-13.027109353013715,-0.23476429074215055,True,0.25,4,32,-6.8359375e-07,5.208333333333334e-07,8,128,15000.0,1920000.0,1,1.0,15000.0,exponential_tdl,,unknown_amplitude_exact,,9.370439618768943e+18,355190624027.6477,quad_over_lin,1e-12,-13.261873643755866,0.2172232553411155,505.0,5.208333333333334e-07,-5.412779487984826,-0.23476429074215055,505.0,4033.0,1.0,505.0,True,1.0,dense_psl_satisfied,False,3.1035895669992897,0.0,505.0,-13.027109353013715,-13.26187362724937,,0.0
uniform,Uniform,ok,ok,1.5649002307327464e-05,False,,none,562.783236185301,8441748.542779515,1.0,3.357142857142857,2514563.3957215576,307181250000.0,8.103883268379611e+18,8.103883268379611e+18,8.103883268379611e+18,1.2339763134322048e-19,0.05265554581750531,-13.261873643755866,-9.681440266323808,0.0078125,0.0,128,0.0,307181250000.0,307181250000.0,8.441748542779514,2.5145633957215576,307181250000.0,8.103883268379611e+18,8.103883268379611e+18,8.103883268379611e+18,0.0,0.0,9.370439618768943e+18,355190624027.6477,26381438.54281344,1.8740879237537886e+19,710381250000.0,0.5,0.048967814805899595,False,False,False,False,-0.13516509383961303,False,False,True,-13.261873643755866,-13.46286042717158,-13.261873643755866,-13.261873643755866,0.0,True,0.25,4,32,-7.486979166666667e-07,5.208333333333334e-07,9,128,15000.0,1920000.0,1,1.0,15000.0,exponential_tdl,,,,,,,,,,,,,,,,,,,,,,,,,,,,
water_filling,Water-filling,ok,ok,0.00019165900084772147,False,,none,562.9255788035914,8443883.682053871,0.9999999999991316,3.357142857140376,2515199.3946562037,303383661462.07544,8.003697419755463e+18,8.003697419755463e+18,7.99550509109504e+18,1.2494225450498764e-19,0.05298407739109249,-13.878253010838224,-9.999283473793318,0.008137911185817083,1.0829961957351723e-07,128,17621.969565902687,303073127650.9573,303073127650.6941,8.44388368205387,2.5151993946562037,303383661462.07544,8.003697419755462e+18,7.99550509109504e+18,8.003697419755463e+18,0.10235680124790321,17621.969565902687,9.370439618768943e+18,355190624027.6477,26381438.54281344,1.8740879237537886e+19,710381250000.0,0.5,0.048967814805899595,False,False,False,False,-0.14673105890570132,False,False,True,-13.261873643755866,-14.086854747038725,-13.878253010838224,-13.878253010838224,0.6163793670823576,True,0.25,4,32,-7.486979166666667e-07,5.208333333333334e-07,9,128,15000.0,1920000.0,1,1.0,15000.0,exponential_tdl,0.008303843970120774,,,,,,,,,,,,,,,,,,,,,,,,,,,
conventional_s2,Conventional $S_2$,ok,optimal,0.013285285000165459,False,,conventional_s2,560.2109935996206,8403164.903994309,0.9999999984465354,3.357142852704387,2503070.400243778,355190623602.0519,9.370439607541113e+18,9.370439607541113e+18,9.362248341384587e+18,1.0671857905100025e-19,0.048967814835236656,-10.799048366100077,-6.215919501364939,0.011941776729080662,2.0663859658002293e-06,128,17620.826802038366,354880130616.6405,354880130065.3468,8.403164903994309,2.503070400243778,355190623602.0519,9.370439607541113e+18,9.362248341384587e+18,9.370439607541113e+18,0.08741602848529569,17620.826802038366,9.370439618768943e+18,355190624027.6477,26381438.54281344,1.8740879237537886e+19,710381250000.0,0.5,0.048967814805899595,True,False,True,True,-0.0008741614820236131,True,False,True,-13.261873643755866,-11.21636355218101,-10.777199167289261,-10.777199167289261,-2.484674476466605,False,0.25,4,32,-6.998697916666667e-07,5.208333333333334e-07,9,128,15000.0,1920000.0,1,1.0,15000.0,exponential_tdl,,known_amplitude_linear,355190624027.6477,,,,,,,,,,,,,,,,,,,,,,,,,
exact_efim,Exact EFIM,ok,optimal,0.015290816998458467,False,,exact_efim,560.190300448545,8402854.506728176,0.9999999992918247,3.3571428551194993,2502977.939682901,355323904608.9762,9.373955752234211e+18,9.373955752234211e+18,9.370439602313023e+18,1.0667854920924473e-19,0.04895863012838981,-10.791700610750578,-6.206039773828882,0.011884908214882915,2.049520486691048e-06,128,11544.74794838245,355190623655.41614,355190623403.8789,8.402854506728175,2.502977939682901,355323904608.9762,9.373955752234211e+18,9.370439602313023e+18,9.373955752234211e+18,0.0375097772394519,11544.74794838245,9.370439618768943e+18,355190624027.6477,26381438.54281344,1.8740879237537886e+19,710381250000.0,0.5,0.048967814805899595,True,True,True,True,-1.756152356292748e-09,False,False,True,-13.261873643755866,-11.209723709177702,-10.769882013603008,-10.769882013603008,-2.4919916301528584,False,0.25,4,32,-6.998697916666667e-07,5.208333333333334e-07,9,128,15000.0,1920000.0,1,1.0,15000.0,exponential_tdl,,unknown_amplitude_exact,,9.370439618768943e+18,355190624027.6477,quad_over_lin,1e-12,,,,,,,,,,,,,,,,,,,,,
exact_efim_cutting_plane_psl,Exact EFIM+cutting-plane PSL,ok,optimal,3.228429081998911,False,,exact_efim,558.3188627184268,8374782.940776401,0.9999999995711666,3.357142855917619,2494616.196035332,355253927988.8042,9.372109668329705e+18,9.372109668329705e+18,9.37043961467582e+18,1.0669956235992485e-19,0.048963451736967666,-13.033079434558033,-5.419733291825079,0.017473598167394865,4.785187777038893e-06,128,7956.3883977049545,355190624024.81384,355190623872.4962,8.3747829407764,2.494616196035332,355253927988.8042,9.37210966832971e+18,9.37043961467582e+18,9.372109668329705e+18,0.017819399398711522,7956.3883977049545,9.370439618768943e+18,355190624027.6477,26381438.54281344,1.8740879237537886e+19,710381250000.0,0.5,0.048967814805899595,True,True,True,True,-4.368122229613962e-10,False,False,True,-13.261873643755866,-13.261873629626304,-13.033079434558033,-13.033079434558033,-0.228794209197833,True,0.25,4,32,-6.8359375e-07,5.208333333333334e-07,9,128,15000.0,1920000.0,1,1.0,15000.0,exponential_tdl,,unknown_amplitude_exact,,9.370439618768943e+18,355190624027.6477,quad_over_lin,1e-12,-13.261873643755866,0.2172232553411155,505.0,5.208333333333334e-07,-5.42269717382029,-0.228794209197833,505.0,4033.0,1.0,505.0,True,1.0,dense_psl_satisfied,False,3.228429081998911,0.0,505.0,-13.033079434558033,-13.261873629626304,,0.0
uniform,Uniform,ok,ok,1.6841000615386292e-05,False,,none,579.7774411302955,8696661.616954433,1.0,3.357142857142857,2590494.949731108,307181250000.0,8.103883268379611e+18,8.103883268379611e+18,8.103883268379611e+18,1.2339763134322048e-19,0.05265554581750531,-13.261873643755866,-9.681440266323808,0.0078125,0.0,128,0.0,307181250000.0,307181250000.0,8.696661616954433,2.5904949497311076,307181250000.0,8.103883268379611e+18,8.103883268379611e+18,8.103883268379611e+18,0.0,0.0,9.370439618768943e+18,355190624027.6477,26381438.54281344,1.8740879237537886e+19,710381250000.0,0.5,0.048967814805899595,False,False,False,False,-0.13516509383961303,False,False,True,-13.261873643755866,-13.46286042717158,-13.261873643755866,-13.261873643755866,0.0,True,0.25,4,32,-7.486979166666667e-07,5.208333333333334e-07,10,128,15000.0,1920000.0,1,1.0,15000.0,exponential_tdl,,,,,,,,,,,,,,,,,,,,,,,,,,,,
water_filling,Water-filling,ok,ok,0.000238922999415081,False,,none,581.272334550564,8719085.01825846,1.0000000000001266,3.357142857143219,2597174.260757559,285032192719.2727,7.519559274946851e+18,7.519559274946851e+18,7.479356716503767e+18,1.3298651735238407e-19,0.054663132267696854,-13.633212086992677,-10.384902644288696,0.008319318171587483,1.6287414129627714e-06,127,-39037.10558376125,283508297106.8789,283508297106.9148,8.71908501825846,2.597174260757559,285032192719.2727,7.519559274946849e+18,7.479356716503767e+18,7.519559274946851e+18,0.5346398236001395,39037.10558376125,9.370439618768943e+18,355190624027.6477,26381438.54281344,1.8740879237537886e+19,710381250000.0,0.5,0.048967814805899595,False,False,False,False,-0.20181367995556437,False,False,True,-13.261873643755866,-13.633212086992677,-13.633212086992677,-13.633212086992677,0.37133844323681053,True,0.25,4,32,-7.8125e-07,5.208333333333334e-07,10,128,15000.0,1920000.0,1,1.0,15000.0,exponential_tdl,0.00844934861264077,,,,,,,,,,,,,,,,,,,,,,,,,,,
conventional_s2,Conventional $S_2$,ok,optimal,0.011678233000566252,False,,conventional_s2,576.5360687629939,8648041.031444907,0.9999999981916425,3.3571428519761217,2576012.2260970795,355190623481.20984,9.370439604353124e+18,9.370439604353124e+18,9.329594373354689e+18,1.0671857908730778e-19,0.048967814843566514,-10.13224263890098,-5.944913786242557,0.01398335751049815,2.850818021359642e-06,128,-39347.88940047859,353642367723.2492,353642367083.73737,8.648041031444906,2.5760122260970792,355190623481.20984,9.370439604353124e+18,9.329594373354689e+18,9.370439604353124e+18,0.4358945014645931,39347.88940047859,9.370439618768943e+18,355190624027.6477,26381438.54281344,1.8740879237537886e+19,710381250000.0,0.5,0.048967814805899595,True,False,True,True,-0.004358946546375666,True,False,True,-13.261873643755866,-10.655418241493813,-10.13224263890098,-10.13224263890098,-3.129631004854886,False,0.25,4,32,-7.161458333333333e-07,5.208333333333334e-07,10,128,15000.0,1920000.0,1,1.0,15000.0,exponential_tdl,,known_amplitude_linear,355190624027.6477,,,,,,,,,,,,,,,,,,,,,,,,,
exact_efim,Exact EFIM,ok,optimal,0.016246765000687446,False,,exact_efim,576.4228880241276,8646343.320361914,0.9999999976681366,3.3571428504803906,2575506.526070127,355680713658.4984,9.3833688882457e+18,9.3833688882457e+18,9.370439545570243e+18,1.0657153224069382e-19,0.04893406699510099,-10.12486527910264,-5.988160630949007,0.013268054044201285,2.5523983587531864e-06,128,-22138.030775621828,355190622081.27484,355190621253.01886,8.646343320361915,2.575506526070127,355680713658.4984,9.3833688882457e+18,9.370439545570243e+18,9.3833688882457e+18,0.13778998597885558,22138.030775621828,9.370439618768943e+18,355190624027.6477,26381438.54281344,1.8740879237537886e+19,710381250000.0,0.5,0.048967814805899595,True,True,True,True,-7.811661301075285e-09,False,False,True,-13.261873643755866,-10.629937985806787,-10.12486527910264,-10.12486527910264,-3.1370083646532265,False,0.25,4,32,-7.161458333333333e-07,5.208333333333334e-07,10,128,15000.0,1920000.0,1,1.0,15000.0,exponential_tdl,,unknown_amplitude_exact,,9.370439618768943e+18,355190624027.6477,quad_over_lin,1e-12,,,,,,,,,,,,,,,,,,,,,
exact_efim_cutting_plane_psl,Exact EFIM+cutting-plane PSL,ok,optimal,2.9345124589999614,False,,exact_efim,573.3366365396205,8600049.548094308,0.9999999988482632,3.3571428538521806,2561716.8891773885,355362268032.09314,9.374967834523462e+18,9.374967834523462e+18,9.370439579870745e+18,1.0666703263956649e-19,0.048955987372664524,-13.0293058897192,-5.325029042051618,0.019931747107815506,5.100976568130672e-06,128,-13101.354094000893,355190622962.2806,355190622553.19446,8.600049548094308,2.5617168891773887,355362268032.09314,9.374967834523462e+18,9.370439579870745e+18,9.374967834523462e+18,0.0483015486841639,13101.354094000893,9.370439618768943e+18,355190624027.6477,26381438.54281344,1.8740879237537886e+19,710381250000.0,0.5,0.048967814805899595,True,True,True,True,-4.151160469577874e-09,False,False,True,-13.261873643755866,-13.261873604131424,-13.0293058897192,-13.0293058897192,-0.23256775403666552,True,0.25,4,32,-6.8359375e-07,5.208333333333334e-07,10,128,15000.0,1920000.0,1,1.0,15000.0,exponential_tdl,,unknown_amplitude_exact,,9.370439618768943e+18,355190624027.6477,quad_over_lin,1e-12,-13.261873643755866,0.2172232553411155,505.0,5.208333333333334e-07,-5.327851643968852,-0.23256775403666552,505.0,4033.0,1.0,505.0,True,1.0,dense_psl_satisfied,False,2.9345124589999614,0.0,505.0,-13.0293058897192,-13.261873604131424,,0.0
uniform,Uniform,ok,ok,1.6411002434324473e-05,False,,none,705.4113802782144,10581170.704173217,1.0,3.357142857142857,3151838.0820941497,307181250000.0,8.103883268379611e+18,8.103883268379611e+18,8.103883268379611e+18,1.2339763134322048e-19,0.05265554581750531,-13.261873643755866,-9.681440266323808,0.0078125,0.0,128,0.0,307181250000.0,307181250000.0,10.581170704173216,3.15183808209415,307181250000.0,8.103883268379611e+18,8.103883268379611e+18,8.103883268379611e+18,0.0,0.0,9.370439618768943e+18,355190624027.6477,26381438.54281344,1.8740879237537886e+19,710381250000.0,0.5,0.048967814805899595,False,False,False,False,-0.13516509383961303,False,False,True,-13.261873643755866,-13.46286042717158,-13.261873643755866,-13.261873643755866,0.0,True,0.25,4,32,-7.486979166666667e-07,5.208333333333334e-07,11,128,15000.0,1920000.0,1,1.0,15000.0,exponential_tdl,,,,,,,,,,,,,,,,,,,,,,,,,,,,
water_filling,Water-filling,ok,ok,0.00024010199922486208,False,,none,705.412489555439,10581187.343331585,0.999999999999354,3.3571428571410116,3151843.0384409283,307277962339.9922,8.106434679033446e+18,8.106434679033446e+18,8.106382716756214e+18,1.233587933035973e-19,0.0526472587900673,-13.222111063573445,-9.670088685803414,0.007856543944914753,7.676641294369636e-10,128,-1403.4432341079146,307275992687.2793,307275992687.0808,10.581187343331585,3.151843038440928,307277962339.9922,8.106434679033446e+18,8.106382716756214e+18,8.106434679033446e+18,0.0006410003816725458,1403.4432341079146,9.370439618768943e+18,355190624027.6477,26381438.54281344,1.8740879237537886e+19,710381250000.0,0.5,0.048967814805899595,False,False,False,False,-0.1348983562607703,False,False,True,-13.261873643755866,-13.420270116266416,-13.222111063573445,-13.222111063573445,-0.03976258018242085,True,0.25,4,32,-7.486979166666667e-07,5.208333333333334e-07,11,128,15000.0,1920000.0,1,1.0,15000.0,exponential_tdl,0.007989836747630446,,,,,,,,,,,,,,,,,,,,,,,,,,,
conventional_s2,Conventional $S_2$,ok,optimal,0.012012084000161849,False,,conventional_s2,702.8985699262824,10543478.548894236,0.9999999994053363,3.3571428554438185,3140610.6331749693,355190624020.95874,9.370439618592477e+18,9.370439618592477e+18,9.370387622793191e+18,1.0671857892513786e-19,0.04896781480636068,-10.514820274167134,-6.238369788861644,0.011468944670303812,1.899553906395909e-06,128,-1403.895858203038,355188653308.597,355188653097.3792,10.543478548894235,3.1406106331749695,355190624020.95874,9.370439618592477e+18,9.370387622793191e+18,9.370439618592477e+18,0.0005548917809853006,1403.895858203038,9.370439618768943e+18,355190624027.6477,26381438.54281344,1.8740879237537886e+19,710381250000.0,0.5,0.048967814805899595,True,False,True,True,-5.548936641940718e-06,True,False,True,-13.261873643755866,-10.985602236181562,-10.508999170621562,-10.508999170621562,-2.7528744731343036,False,0.25,4,32,-6.998697916666667e-07,5.208333333333334e-07,11,128,15000.0,1920000.0,1,1.0,15000.0,exponential_tdl,,known_amplitude_linear,355190624027.6477,,,,,,,,,,,,,,,,,,,,,,,,,
exact_efim,Exact EFIM,ok,optimal,0.015577264999592444,False,,exact_efim,702.8984351901445,10543476.527852166,0.9999999987552424,3.357142853586407,3140610.032900048,355191515153.8572,9.37046312796027e+18,9.37046312796027e+18,9.37043946485091e+18,1.067183111810266e-19,0.048967753379135864,-10.514720523348311,-6.238356633502223,0.011451877397151335,1.8993572652784956e-06,128,-947.0800077761304,355190618635.44336,355190618193.31714,10.543476527852166,3.140610032900048,355191515153.8572,9.37046312796027e+18,9.37043946485091e+18,9.37046312796027e+18,0.00025252870683687226,947.0800077761304,9.370439618768943e+18,355190624027.6477,26381438.54281344,1.8740879237537886e+19,710381250000.0,0.5,0.048967814805899595,True,True,True,True,-1.6425913850584232e-08,False,False,True,-13.261873643755866,-10.985487996473193,-10.50889601951795,-10.50889601951795,-2.752977624237916,False,0.25,4,32,-6.998697916666667e-07,5.208333333333334e-07,11,128,15000.0,1920000.0,1,1.0,15000.0,exponential_tdl,,unknown_amplitude_exact,,9.370439618768943e+18,355190624027.6477,quad_over_lin,1e-12,,,,,,,,,,,,,,,,,,,,,
exact_efim_cutting_plane_psl,Exact EFIM+cutting-plane PSL,ok,optimal,3.137687015998381,False,,exact_efim,700.3410510478128,10505115.765717192,0.9999999998078051,3.357142856593729,3129183.4200871745,355190980849.9496,9.370449032254568e+18,9.370449032254568e+18,9.370439618167118e+18,1.0671847171441216e-19,0.04896779020953634,-13.028862129744674,-5.422672631255187,0.017542922504273396,4.763911888198906e-06,128,-597.3651432092897,355190624073.10114,355190624004.8353,10.505115765717191,3.1291834200871746,355190980849.9496,9.37044903225457e+18,9.370439618167118e+18,9.370449032254568e+18,0.00010046570253164199,597.3651432092897,9.370439618768943e+18,355190624027.6477,26381438.54281344,1.8740879237537886e+19,710381250000.0,0.5,0.048967814805899595,True,True,True,True,-6.422593864161368e-11,False,False,True,-13.261873643755866,-13.261873640689101,-13.028862129744674,-13.028862129744674,-0.23301151401119213,True,0.25,4,32,-6.8359375e-07,5.208333333333334e-07,11,128,15000.0,1920000.0,1,1.0,15000.0,exponential_tdl,,unknown_amplitude_exact,,9.370439618768943e+18,355190624027.6477,quad_over_lin,1e-12,-13.261873643755866,0.2172232553411155,505.0,5.208333333333334e-07,-5.425516546394538,-0.23301151401119213,505.0,4033.0,1.0,505.0,True,1.0,dense_psl_satisfied,False,3.137687015998381,0.0,505.0,-13.028862129744674,-13.261873640689101,,0.0
uniform,Uniform,ok,ok,1.61219977599103e-05,False,,none,533.4747226119192,8002120.8391787885,1.0,3.357142857142857,2383610.462734107,307181250000.0,8.103883268379611e+18,8.103883268379611e+18,8.103883268379611e+18,1.2339763134322048e-19,0.05265554581750531,-13.261873643755866,-9.681440266323808,0.0078125,0.0,128,0.0,307181250000.0,307181250000.0,8.002120839178788,2.383610462734107,307181250000.0,8.103883268379611e+18,8.103883268379611e+18,8.103883268379611e+18,0.0,0.0,9.370439618768943e+18,355190624027.6477,26381438.54281344,1.8740879237537886e+19,710381250000.0,0.5,0.048967814805899595,False,False,False,False,-0.13516509383961303,False,False,True,-13.261873643755866,-13.46286042717158,-13.261873643755866,-13.261873643755866,0.0,True,0.25,4,32,-7.486979166666667e-07,5.208333333333334e-07,12,128,15000.0,1920000.0,1,1.0,15000.0,exponential_tdl,,,,,,,,,,,,,,,,,,,,,,,,,,,,
water_filling,Water-filling,ok,ok,0.00022628299848292954,False,,none,534.4412180054027,8016618.27008104,0.999999999999202,3.3571428571405773,2387928.84640874,320931089769.4802,8.466623821231686e+18,8.466623821231686e+18,8.455917993840993e+18,1.1811083391851046e-19,0.05151522193710939,-12.116108105608037,-8.257051308027469,0.008479242598276924,8.752286018530647e-07,128,-20144.70360370806,320525280686.4551,320525280686.1993,8.016618270081041,2.38792884640874,320931089769.4802,8.466623821231686e+18,8.455917993840993e+18,8.466623821231686e+18,0.12644742009023047,20144.70360370806,9.370439618768943e+18,355190624027.6477,26381438.54281344,1.8740879237537886e+19,710381250000.0,0.5,0.048967814805899595,False,False,False,False,-0.09759644820678079,False,False,True,-13.261873643755866,-12.420735480703414,-12.07781229689698,-12.07781229689698,-1.1840613468588863,False,0.25,4,32,-7.32421875e-07,5.208333333333334e-07,12,128,15000.0,1920000.0,1,1.0,15000.0,exponential_tdl,0.00858623751798111,,,,,,,,,,,,,,,,,,,,,,,,,,,
conventional_s2,Conventional $S_2$,ok,optimal,0.013511027998902136,False,,conventional_s2,533.3050656712904,7999575.985069357,0.9999999979149099,3.357142851185457,2382852.4253129675,355190623513.7158,9.37043960521068e+18,9.37043960521068e+18,9.359728115793066e+18,1.0671857907754122e-19,0.04896781484132582,-10.208100722271592,-6.036546222359139,0.010897609785840534,2.5805890194365222e-06,128,-20150.029919123812,354784600548.57874,354784599808.82086,7.999575985069357,2.3828524253129677,355190623513.7158,9.37043960521068e+18,9.359728115793066e+18,9.37043960521068e+18,0.11431149304518122,20150.029919123812,9.370439618768943e+18,355190624027.6477,26381438.54281344,1.8740879237537886e+19,710381250000.0,0.5,0.048967814805899595,True,False,True,True,-0.001143116375716464,True,False,True,-13.261873643755866,-10.679646995446019,-10.206852119231108,-10.206852119231108,-3.055021524524758,False,0.25,4,32,-6.998697916666667e-07,5.208333333333334e-07,12,128,15000.0,1920000.0,1,1.0,15000.0,exponential_tdl,,known_amplitude_linear,355190624027.6477,,,,,,,,,,,,,,,,,,,,,,,,,
exact_efim,Exact EFIM,ok,optimal,0.015934039998683147,False,,exact_efim,533.2850601413413,7999275.90212012,0.9999999978071277,3.3571428508775076,2382763.039120968,355422833398.65826,9.376565636019323e+18,9.376565636019323e+18,9.370439560377178e+18,1.0664885618232975e-19,0.04895181605421471,-10.195485251758772,-6.017139857604027,0.0108364681696667,2.574351247482526e-06,128,-15238.490242972173,355190622593.17,355190621814.2823,7.99927590212012,2.382763039120968,355422833398.65826,9.376565636019323e+18,9.370439560377178e+18,9.376565636019323e+18,0.06533389601211707,15238.490242972173,9.370439618768943e+18,355190624027.6477,26381438.54281344,1.8740879237537886e+19,710381250000.0,0.5,0.048967814805899595,True,True,True,True,-6.231486180759502e-09,False,False,True,-13.261873643755866,-10.671211658620802,-10.195183236963455,-10.195183236963455,-3.066690406792411,False,0.25,4,32,-6.998697916666667e-07,5.208333333333334e-07,12,128,15000.0,1920000.0,1,1.0,15000.0,exponential_tdl,,unknown_amplitude_exact,,9.370439618768943e+18,355190624027.6477,quad_over_lin,1e-12,,,,,,,,,,,,,,,,,,,,,
exact_efim_cutting_plane_psl,Exact EFIM+cutting-plane PSL,ok,optimal,2.736670726000739,False,,exact_efim,530.1102216574683,7951653.324862025,0.9999999997249598,3.357142856357028,2368577.586683543,355258212988.22595,9.37222271277861e+18,9.37222271277861e+18,9.370439610354074e+18,1.0669827538738962e-19,0.048963156446123736,-13.029610751627697,-5.2347881351296,0.019146764230734824,5.441577808715089e-06,128,-8221.269948500356,355190623806.3701,355190623708.6784,7.951653324862025,2.368577586683543,355258212988.22595,9.37222271277861e+18,9.370439610354074e+18,9.37222271277861e+18,0.019025395353718035,8221.269948500356,9.370439618768943e+18,355190624027.6477,26381438.54281344,1.8740879237537886e+19,710381250000.0,0.5,0.048967814805899595,True,True,True,True,-8.98022915290448e-10,False,False,True,-13.261873643755866,-13.261873635346952,-13.029610751627697,-13.029610751627697,-0.23226289212816909,True,0.25,4,32,-6.8359375e-07,5.208333333333334e-07,12,128,15000.0,1920000.0,1,1.0,15000.0,exponential_tdl,,unknown_amplitude_exact,,9.370439618768943e+18,355190624027.6477,quad_over_lin,1e-12,-13.261873643755866,0.2172232553411155,505.0,5.208333333333334e-07,-5.23774921061298,-0.23226289212816909,505.0,4033.0,1.0,505.0,True,1.0,dense_psl_satisfied,False,2.736670726000739,0.0,505.0,-13.029610751627697,-13.261873635346952,,0.0
uniform,Uniform,ok,ok,1.6606001736363396e-05,False,,none,649.4554619130485,9741831.928695727,1.0,3.357142857142857,2901822.2766327695,307181250000.0,8.103883268379611e+18,8.103883268379611e+18,8.103883268379611e+18,1.2339763134322048e-19,0.05265554581750531,-13.261873643755866,-9.681440266323808,0.0078125,0.0,128,0.0,307181250000.0,307181250000.0,9.741831928695728,2.9018222766327697,307181250000.0,8.103883268379611e+18,8.103883268379611e+18,8.103883268379611e+18,0.0,0.0,9.370439618768943e+18,355190624027.6477,26381438.54281344,1.8740879237537886e+19,710381250000.0,0.5,0.048967814805899595,False,False,False,False,-0.13516509383961303,False,False,True,-13.261873643755866,-13.46286042717158,-13.261873643755866,-13.261873643755866,0.0,True,0.25,4,32,-7.486979166666667e-07,5.208333333333334e-07,13,128,15000.0,1920000.0,1,1.0,15000.0,exponential_tdl,,,,,,,,,,,,,,,,,,,,,,,,,,,,
water_filling,Water-filling,ok,ok,0.0002444000019750092,False,,none,649.4643130496202,9741964.695744302,1.0000000000003066,3.3571428571437334,2901861.824263503,308367574105.86487,8.135180204870343e+18,8.135180204870343e+18,8.135151151233672e+18,1.2292290703054411e-19,0.05255416236585973,-13.04150037985015,-9.569417719188138,0.007910590820870757,6.2684321279016324e-09,128,1049.4240525973694,308366472814.92816,308366472815.0227,9.741964695744302,2.901861824263503,308367574105.86487,8.135180204870343e+18,8.135151151233672e+18,8.135180204870343e+18,0.00035713574793426537,1049.4240525973694,9.370439618768943e+18,355190624027.6477,26381438.54281344,1.8740879237537886e+19,710381250000.0,0.5,0.048967814805899595,False,False,False,False,-0.1318282298154928,False,False,True,-13.261873643755866,-13.236173928615331,-13.04150037985015,-13.04150037985015,-0.22037326390571543,True,0.25,4,32,-7.486979166666667e-07,5.208333333333334e-07,13,128,15000.0,1920000.0,1,1.0,15000.0,exponential_tdl,0.008062933812852991,,,,,,,,,,,,,,,,,,,,,,,,,,,
conventional_s2,Conventional $S_2$,ok,optimal,0.012192525002319599,False,,conventional_s2,647.1023118576713,9706534.67786507,0.9999999990246013,3.3571428543560042,2891308.204317406,355190623766.9645,9.370439611891745e+18,9.370439611891745e+18,9.37041055823044e+18,1.0671857900145153e-19,0.048967814823868944,-10.42788463684204,-6.238695731613774,0.01142724715188946,1.887517369130938e-06,128,1049.4244979751384,355189522821.63995,355189522475.1886,9.706534677865069,2.8913082043174057,355190623766.9645,9.370439611891745e+18,9.37041055823044e+18,9.370439611891745e+18,0.0003100565449241129,1049.4244979751384,9.370439618768943e+18,355190624027.6477,26381438.54281344,1.8740879237537886e+19,710381250000.0,0.5,0.048967814805899595,True,False,True,True,-3.1012993717989378e-06,True,False,True,-13.261873643755866,-10.912911569411662,-10.426628600348426,-10.426628600348426,-2.83524504340744,False,0.25,4,32,-6.998697916666667e-07,5.208333333333334e-07,13,128,15000.0,1920000.0,1,1.0,15000.0,exponential_tdl,,known_amplitude_linear,355190624027.6477,,,,,,,,,,,,,,,,,,,,,,,,,
exact_efim,Exact EFIM,ok,optimal,0.016060453999671154,False,,exact_efim,647.1022380366551,9706533.570549827,0.9999999978942313,3.3571428511263752,2891307.8772603106,355191133695.57007,9.370453064541913e+18,9.370453064541913e+18,9.370439558679794e+18,1.0671842579138796e-19,0.04896777967364119,-10.4279105751806,-6.238690456944176,0.011414935538462416,1.8874052832325206e-06,128,715.5037589151126,355190622497.8914,355190621749.94214,9.706533570549826,2.8913078772603105,355191133695.57007,9.370453064541913e+18,9.370439558679794e+18,9.370453064541913e+18,0.00014413243443404678,715.5037589151126,9.370439618768943e+18,355190624027.6477,26381438.54281344,1.8740879237537886e+19,710381250000.0,0.5,0.048967814805899595,True,True,True,True,-6.4126286369362795e-09,False,False,True,-13.261873643755866,-10.912924020416604,-10.426650581151527,-10.426650581151527,-2.8352230626043387,False,0.25,4,32,-6.998697916666667e-07,5.208333333333334e-07,13,128,15000.0,1920000.0,1,1.0,15000.0,exponential_tdl,,unknown_amplitude_exact,,9.370439618768943e+18,355190624027.6477,quad_over_lin,1e-12,,,,,,,,,,,,,,,,,,,,,
exact_efim_cutting_plane_psl,Exact EFIM+cutting-plane PSL,ok,optimal,2.7779931670011138,False,,exact_efim,644.4033580216483,9666050.370324723,0.9999999995325439,3.3571428558072687,2879249.0476251706,355190838275.95026,9.370445270947369e+18,9.370445270947369e+18,9.370439605587016e+18,1.0671851455132592e-19,0.048967800037398194,-13.028856191438884,-5.422656417181094,0.01758120884753838,4.763964942203609e-06,128,463.4090734625442,355190623694.017,355190623527.981,9.666050370324724,2.8792490476251706,355190838275.95026,9.370445270947369e+18,9.370439605587016e+18,9.370445270947369e+18,6.0459884130001665e-05,463.4090734625442,9.370439618768943e+18,355190624027.6477,26381438.54281344,1.8740879237537886e+19,710381250000.0,0.5,0.048967814805899595,True,True,True,True,-1.406756562157091e-09,False,False,True,-13.261873643755866,-13.26187363180762,-13.028856191438884,-13.028856191438884,-0.23301745231698234,True,0.25,4,32,-6.8359375e-07,5.208333333333334e-07,13,128,15000.0,1920000.0,1,1.0,15000.0,exponential_tdl,,unknown_amplitude_exact,,9.370439618768943e+18,355190624027.6477,quad_over_lin,1e-12,-13.261873643755866,0.2172232553411155,505.0,5.208333333333334e-07,-5.425500274095895,-0.23301745231698234,505.0,4033.0,1.0,505.0,True,1.0,dense_psl_satisfied,False,2.7779931670011138,0.0,505.0,-13.028856191438884,-13.26187363180762,,0.0
uniform,Uniform,ok,ok,1.6123001842061058e-05,False,,none,639.5352577307967,9593028.86596195,1.0,3.357142857142857,2857497.9600737724,307181250000.0,8.103883268379611e+18,8.103883268379611e+18,8.103883268379611e+18,1.2339763134322048e-19,0.05265554581750531,-13.261873643755866,-9.681440266323808,0.0078125,0.0,128,0.0,307181250000.0,307181250000.0,9.59302886596195,2.8574979600737724,307181250000.0,8.103883268379611e+18,8.103883268379611e+18,8.103883268379611e+18,0.0,0.0,9.370439618768943e+18,355190624027.6477,26381438.54281344,1.8740879237537886e+19,710381250000.0,0.5,0.048967814805899595,False,False,False,False,-0.13516509383961303,False,False,True,-13.261873643755866,-13.46286042717158,-13.261873643755866,-13.261873643755866,0.0,True,0.25,4,32,-7.486979166666667e-07,5.208333333333334e-07,14,128,15000.0,1920000.0,1,1.0,15000.0,exponential_tdl,,,,,,,,,,,,,,,,,,,,,,,,,,,,
water_filling,Water-filling,ok,ok,0.0002176710004277993,False,,none,639.6012923004912,9594019.384507367,1.0000000000009193,3.357142857145484,2857793.0081488946,301129898119.68744,7.944239900648208e+18,7.944239900648208e+18,7.942163786649619e+18,1.2587736680993297e-19,0.05318198362842939,-13.59274279082223,-10.163232103733417,0.007981354979762044,4.8735597066268676e-08,128,-8871.077262059584,301051202107.6212,301051202107.89795,9.594019384507368,2.8577930081488945,301129898119.68744,7.944239900648206e+18,7.942163786649619e+18,7.944239900648208e+18,0.026133576333961517,8871.077262059584,9.370439618768943e+18,355190624027.6477,26381438.54281344,1.8740879237537886e+19,710381250000.0,0.5,0.048967814805899595,False,False,False,False,-0.15242356711402252,False,False,True,-13.261873643755866,-13.73106178176652,-13.59274279082223,-13.59274279082223,0.3308691470663643,True,0.25,4,32,-7.486979166666667e-07,5.208333333333334e-07,14,128,15000.0,1920000.0,1,1.0,15000.0,exponential_tdl,0.008118136892594243,,,,,,,,,,,,,,,,,,,,,,,,,,,
conventional_s2,Conventional $S_2$,ok,optimal,0.012735972002701601,False,,conventional_s2,636.5212993753105,9547819.490629658,0.9999999993908882,3.357142855402538,2844031.339108692,355190623881.0047,9.370439614900287e+18,9.370439614900287e+18,9.368363343407555e+18,1.0671857896718768e-19,0.04896781481600796,-10.550000069040115,-6.235348788405107,0.01177094944009342,1.923637569796825e-06,128,-8871.413738634581,355111922115.6335,355111921899.3306,9.547819490629658,2.844031339108692,355190623881.0047,9.37043961490029e+18,9.368363343407555e+18,9.370439614900287e+18,0.02215767432545396,8871.413738634581,9.370439618768943e+18,355190624027.6477,26381438.54281344,1.8740879237537886e+19,710381250000.0,0.5,0.048967814805899595,True,False,True,True,-0.0002215771560204897,True,False,True,-13.261873643755866,-11.015224001067496,-10.542451004221558,-10.542451004221558,-2.719422639534308,False,0.25,4,32,-6.998697916666667e-07,5.208333333333334e-07,14,128,15000.0,1920000.0,1,1.0,15000.0,exponential_tdl,,known_amplitude_linear,355190624027.6477,,,,,,,,,,,,,,,,,,,,,,,,,
exact_efim,Exact EFIM,ok,optimal,0.01384043500002008,False,,exact_efim,636.5157245545736,9547735.868318604,0.9999999980036456,3.3571428514389874,2844006.433692899,355223085389.6264,9.371295996195e+18,9.371295996195e+18,9.370439621039907e+18,1.0670882665599583e-19,0.04896557734112956,-10.548757938566593,-6.23451364613712,0.011648533348544628,1.9162303542764e-06,128,-5697.4797903661665,355190624822.8159,355190624113.72955,9.547735868318604,2.844006433692899,355223085389.6264,9.371295996195e+18,9.370439621039907e+18,9.371295996195e+18,0.009138278797737426,5697.4797903661665,9.370439618768943e+18,355190624027.6477,26381438.54281344,1.8740879237537886e+19,710381250000.0,0.5,0.048967814805899595,True,True,True,True,2.42354020130632e-10,False,False,True,-13.261873643755866,-11.013385616886103,-10.541033156854912,-10.541033156854912,-2.720840486900954,False,0.25,4,32,-6.998697916666667e-07,5.208333333333334e-07,14,128,15000.0,1920000.0,1,1.0,15000.0,exponential_tdl,,unknown_amplitude_exact,,9.370439618768943e+18,355190624027.6477,quad_over_lin,1e-12,,,,,,,,,,,,,,,,,,,,,
exact_efim_cutting_plane_psl,Exact EFIM+cutting-plane PSL,ok,optimal,3.154510657001083,False,,exact_efim,634.1220043451244,9511830.065176867,0.999999999055683,3.3571428544448088,2833311.0855212314,355204694468.6313,9.370810817243021e+18,9.370810817243021e+18,9.370439589786685e+18,1.067143515649598e-19,0.04896684493474872,-13.028929003050608,-5.415187990256575,0.01771556235713983,4.7904456870895536e-06,128,-3751.2050839755316,355190623264.4751,355190622929.06256,9.511830065176866,2.8333110855212316,355204694468.6313,9.370810817243021e+18,9.370439589786685e+18,9.370810817243021e+18,0.003961529728599201,3751.2050839755316,9.370439618768943e+18,355190624027.6477,26381438.54281344,1.8740879237537886e+19,710381250000.0,0.5,0.048967814805899595,True,True,True,True,-3.092945351886019e-09,False,False,True,-13.261873643755866,-13.261873616187183,-13.028929003050608,-13.028929003050608,-0.23294464070525756,True,0.25,4,32,-6.8359375e-07,5.208333333333334e-07,14,128,15000.0,1920000.0,1,1.0,15000.0,exponential_tdl,,unknown_amplitude_exact,,9.370439618768943e+18,355190624027.6477,quad_over_lin,1e-12,-13.261873643755866,0.2172232553411155,505.0,5.208333333333334e-07,-5.418037296895227,-0.23294464070525756,505.0,4033.0,1.0,505.0,True,1.0,dense_psl_satisfied,False,3.154510657001083,0.0,505.0,-13.028929003050608,-13.261873616187183,,0.0
uniform,Uniform,ok,ok,1.5771998732816428e-05,False,,none,577.3912448190779,8660868.672286168,1.0,3.357142857142857,2579833.22153205,307181250000.0,8.103883268379611e+18,8.103883268379611e+18,8.103883268379611e+18,1.2339763134322048e-19,0.05265554581750531,-13.261873643755866,-9.681440266323808,0.0078125,0.0,128,0.0,307181250000.0,307181250000.0,8.660868672286167,2.57983322153205,307181250000.0,8.103883268379611e+18,8.103883268379611e+18,8.103883268379611e+18,0.0,0.0,9.370439618768943e+18,355190624027.6477,26381438.54281344,1.8740879237537886e+19,710381250000.0,0.5,0.048967814805899595,False,False,False,False,-0.13516509383961303,False,False,True,-13.261873643755866,-13.46286042717158,-13.261873643755866,-13.261873643755866,0.0,True,0.25,4,32,-7.486979166666667e-07,5.208333333333334e-07,15,128,15000.0,1920000.0,1,1.0,15000.0,exponential_tdl,,,,,,,,,,,,,,,,,,,,,,,,,,,,
water_filling,Water-filling,ok,ok,0.0002085410014842637,False,,none,577.4673526914871,8662010.290372306,1.0000000000002949,3.3571428571436996,2580173.2779825926,312770874793.0494,8.251345611334829e+18,8.251345611334829e+18,8.249924922350289e+18,1.2119235420539232e-19,0.05218291290389103,-12.71565976827468,-9.205161211937554,0.008093638108971127,5.6302546623511956e-08,128,7338.381233919513,312717022953.8228,312717022953.91504,8.662010290372306,2.5801732779825928,312770874793.0494,8.251345611334829e+18,8.249924922350289e+18,8.251345611334829e+18,0.01721766426300902,7338.381233919513,9.370439618768943e+18,355190624027.6477,26381438.54281344,1.8740879237537886e+19,710381250000.0,0.5,0.048967814805899595,False,False,False,False,-0.11957973606427909,False,False,True,-13.261873643755866,-12.946382351823207,-12.71565976827468,-12.71565976827468,-0.546213875481186,False,0.25,4,32,-7.486979166666667e-07,5.208333333333334e-07,15,128,15000.0,1920000.0,1,1.0,15000.0,exponential_tdl,0.008242224821869863,,,,,,,,,,,,,,,,,,,,,,,,,,,
conventional_s2,Conventional $S_2$,ok,optimal,0.013744120999035658,False,,conventional_s2,575.5997081623759,8633995.622435639,0.9999999985834832,3.3571428530956666,2571828.4863791587,355190623761.87976,9.3704396117576e+18,9.3704396117576e+18,9.369019591862116e+18,1.0671857900297928e-19,0.04896781482421944,-10.346905872303786,-6.235462272762779,0.011173165367909205,1.8972693786468188e-06,128,7336.652990053923,355136797787.9168,355136797284.85956,8.63399562243564,2.5718284863791587,355190623761.87976,9.3704396117576e+18,9.369019591862116e+18,9.3704396117576e+18,0.015154250540205604,7336.652990053923,9.370439618768943e+18,355190624027.6477,26381438.54281344,1.8740879237537886e+19,710381250000.0,0.5,0.048967814805899595,True,False,True,True,-0.00015154325352915624,True,False,True,-13.261873643755866,-10.838681269978023,-10.346905872303786,-10.346905872303786,-2.91496777145208,False,0.25,4,32,-7.161458333333333e-07,5.208333333333334e-07,15,128,15000.0,1920000.0,1,1.0,15000.0,exponential_tdl,,known_amplitude_linear,355190624027.6477,,,,,,,,,,,,,,,,,,,,,,,,,
exact_efim,Exact EFIM,ok,optimal,0.015061109999805922,False,,exact_efim,575.5964396944843,8633946.595417265,0.9999999977939804,3.3571428508399443,2571813.8843144802,355217590347.0037,9.371151029065759e+18,9.371151029065759e+18,9.37043947661887e+18,1.067104773894241e-19,0.04896595607644739,-10.345433688497625,-6.233360496463643,0.011119863089870483,1.8952978113986201e-06,128,5193.429279034044,355190619422.94434,355190618639.3869,8.633946595417266,2.5718138843144804,355217590347.0037,9.371151029065759e+18,9.37043947661887e+18,9.371151029065759e+18,0.0075930101295024486,5193.429279034044,9.370439618768943e+18,355190624027.6477,26381438.54281344,1.8740879237537886e+19,710381250000.0,0.5,0.048967814805899595,True,True,True,True,-1.5170053711810288e-08,False,False,True,-13.261873643755866,-10.837419493835988,-10.345433688497625,-10.345433688497625,-2.916439955258241,False,0.25,4,32,-7.161458333333333e-07,5.208333333333334e-07,15,128,15000.0,1920000.0,1,1.0,15000.0,exponential_tdl,,unknown_amplitude_exact,,9.370439618768943e+18,355190624027.6477,quad_over_lin,1e-12,,,,,,,,,,,,,,,,,,,,,
exact_efim_cutting_plane_psl,Exact EFIM+cutting-plane PSL,ok,optimal,3.2406530600019323,False,,exact_efim,572.7971385793581,8591957.078690372,0.9999999997690141,3.3571428564828976,2559306.3643683353,355201717936.1829,9.370732292035164e+18,9.370732292035164e+18,9.370439612929722e+18,1.0671524581381642e-19,0.048967050101404924,-13.029508587568294,-5.412129100882184,0.01766174705537193,4.802233313341329e-06,128,3330.785174097674,355190623888.3535,355190623806.3095,8.591957078690372,2.5593063643683354,355201717936.1829,9.370732292035164e+18,9.370439612929722e+18,9.370732292035164e+18,0.003123332268178873,3330.785174097674,9.370439618768943e+18,355190624027.6477,26381438.54281344,1.8740879237537886e+19,710381250000.0,0.5,0.048967814805899595,True,True,True,True,-6.231533389643822e-10,False,False,True,-13.261873643755866,-13.261873636470598,-13.029508587568294,-13.029508587568294,-0.23236505618757164,True,0.25,4,32,-6.8359375e-07,5.208333333333334e-07,15,128,15000.0,1920000.0,1,1.0,15000.0,exponential_tdl,,unknown_amplitude_exact,,9.370439618768943e+18,355190624027.6477,quad_over_lin,1e-12,-13.261873643755866,0.2172232553411155,505.0,5.208333333333334e-07,-5.414992397830357,-0.23236505618757164,505.0,4033.0,1.0,505.0,True,1.0,dense_psl_satisfied,False,3.2406530600019323,0.0,505.0,-13.029508587568294,-13.261873636470598,,0.0
uniform,Uniform,ok,ok,1.6664998838678002e-05,False,,none,256.3654634089744,3845481.951134616,1.0,3.357142857142857,1145462.7088486091,307181250000.0,8.103883268379611e+18,8.103883268379611e+18,8.103883268379611e+18,1.2339763134322048e-19,0.05265554581750531,-13.261873643755866,-9.681440266323808,0.0078125,0.0,128,0.0,307181250000.0,307181250000.0,3.845481951134616,1.1454627088486091,307181250000.0,8.103883268379611e+18,8.103883268379611e+18,8.103883268379611e+18,0.0,0.0,9.370439618768943e+18,355190624027.6477,26381438.54281344,1.8740879237537886e+19,710381250000.0,0.5,0.048967814805899595,False,False,False,False,-0.13516509383961303,False,False,True,-13.261873643755866,-13.46286042717158,-13.261873643755866,-13.261873643755866,0.0,True,0.25,4,32,-7.486979166666667e-07,5.208333333333334e-07,16,128,15000.0,1920000.0,1,1.0,15000.0,exponential_tdl,,,,,,,,,,,,,,,,,,,,,,,,,,,,
water_filling,Water-filling,ok,ok,0.0001973409998754505,False,,none,257.37183722721954,3860577.558408293,1.000000000000448,3.3571428571441375,1149959.2727169252,302399568095.0344,7.977735621072478e+18,7.977735621072478e+18,7.865798356230578e+18,1.253488517918028e-19,0.05307021992054409,-13.45588941463944,-9.628796970934948,0.009396835184252163,1.2622411009829309e-06,128,-65138.55328707851,298156536970.56537,298156536970.699,3.860577558408293,1.1499592727169252,302399568095.0344,7.977735621072478e+18,7.865798356230578e+18,7.977735621072478e+18,1.4031207620647106,65138.55328707851,9.370439618768943e+18,355190624027.6477,26381438.54281344,1.8740879237537886e+19,710381250000.0,0.5,0.048967814805899595,False,False,False,False,-0.16057317732719564,False,False,True,-13.261873643755866,-13.553509590704644,-13.45588941463944,-13.45588941463944,0.19401577088357413,True,0.25,4,32,-7.486979166666667e-07,5.208333333333334e-07,16,128,15000.0,1920000.0,1,1.0,15000.0,exponential_tdl,0.01068757185461415,,,,,,,,,,,,,,,,,,,,,,,,,,,
conventional_s2,Conventional $S_2$,ok,optimal,0.012175859999842942,False,,conventional_s2,255.647857505554,3834717.86258331,0.9999999971523714,3.3571428490067756,1142256.3873675577,355190623094.7364,9.3704395941574e+18,9.3704395941574e+18,9.258502412052486e+18,1.0671857920342542e-19,0.0489678148702068,-10.429648752306516,-6.058615212147481,0.012509134523545188,3.1450810521926518e-06,128,-65138.5293066726,350947596105.9511,350947595106.5827,3.83471786258331,1.1422563873675577,355190623094.7364,9.3704395941574e+18,9.258502412052486e+18,9.3704395941574e+18,1.194577703427151,65138.5293066726,9.370439618768943e+18,355190624027.6477,26381438.54281344,1.8740879237537886e+19,710381250000.0,0.5,0.048967814805899595,True,False,False,True,-0.01194577962940472,True,True,True,-13.261873643755866,-10.891451625728322,-10.428812702594271,-10.428812702594271,-2.8330609411615946,False,0.25,4,32,-6.998697916666667e-07,5.208333333333334e-07,16,128,15000.0,1920000.0,1,1.0,15000.0,exponential_tdl,,known_amplitude_linear,355190624027.6477,,,,,,,,,,,,,,,,,,,,,,,,,
exact_efim,Exact EFIM,ok,optimal,0.01464104900151142,False,,exact_efim,255.46757754763001,3832013.6632144502,0.9999999977366899,3.357142850676257,1141450.8806029914,357009352922.1381,9.418420303324981e+18,9.418420303324981e+18,9.370439590487929e+18,1.0617491763952926e-19,0.04884292606930967,-10.34704209459857,-5.966165822748276,0.011875922105909731,2.8454238633915407e-06,128,-42646.570443717465,355190623759.55,355190622955.6435,3.8320136632144504,1.1414508806029915,357009352922.1381,9.418420303324981e+18,9.370439590487929e+18,9.418420303324981e+18,0.5094348233759944,42646.570443717465,9.370439618768943e+18,355190624027.6477,26381438.54281344,1.8740879237537886e+19,710381250000.0,0.5,0.048967814805899595,True,True,True,True,-3.0181096536125446e-09,False,False,True,-13.261873643755866,-10.792438637678421,-10.34005955658569,-10.34005955658569,-2.9218140871701763,False,0.25,4,32,-6.998697916666667e-07,5.208333333333334e-07,16,128,15000.0,1920000.0,1,1.0,15000.0,exponential_tdl,,unknown_amplitude_exact,,9.370439618768943e+18,355190624027.6477,quad_over_lin,1e-12,,,,,,,,,,,,,,,,,,,,,
exact_efim_cutting_plane_psl,Exact EFIM+cutting-plane PSL,ok,optimal,3.049055438998039,False,,exact_efim,253.78332730251464,3806749.9095377196,0.9999999998230213,3.357142856637204,1133925.5051394745,355944965524.8375,9.390340232617351e+18,9.390340232617351e+18,9.370439613288053e+18,1.064924140369802e-19,0.04891589941213422,-13.046786534957253,-5.158255766767209,0.01851290112676188,5.779221091559396e-06,128,-27465.281813206377,355190623882.75336,355190623819.8922,3.8067499095377197,1.1339255051394745,355944965524.8375,9.39034023261735e+18,9.370439613288053e+18,9.390340232617351e+18,0.211926499320798,27465.281813206377,9.370439618768943e+18,355190624027.6477,26381438.54281344,1.8740879237537886e+19,710381250000.0,0.5,0.048967814805899595,True,True,True,True,-5.849128313064207e-10,False,False,True,-13.261873643755866,-13.261873638279326,-13.046786534957253,-13.046786534957253,-0.21508710879861326,True,0.25,4,32,-6.8359375e-07,5.208333333333334e-07,16,128,15000.0,1920000.0,1,1.0,15000.0,exponential_tdl,,unknown_amplitude_exact,,9.370439618768943e+18,355190624027.6477,quad_over_lin,1e-12,-13.261873643755866,0.2172232553411155,505.0,5.208333333333334e-07,-5.161786402650909,-0.21508710879861326,505.0,4033.0,1.0,505.0,True,1.0,dense_psl_satisfied,False,3.049055438998039,0.0,505.0,-13.046786534957253,-13.261873638279326,,0.0
uniform,Uniform,ok,ok,1.5059998986544088e-05,False,,none,379.6554181420143,5694831.272130215,1.0,3.357142857142857,1696332.7193579362,307181250000.0,8.103883268379611e+18,8.103883268379611e+18,8.103883268379611e+18,1.2339763134322048e-19,0.05265554581750531,-13.261873643755866,-9.681440266323808,0.0078125,0.0,128,0.0,307181250000.0,307181250000.0,5.694831272130215,1.6963327193579363,307181250000.0,8.103883268379611e+18,8.103883268379611e+18,8.103883268379611e+18,0.0,0.0,9.370439618768943e+18,355190624027.6477,26381438.54281344,1.8740879237537886e+19,710381250000.0,0.5,0.048967814805899595,False,False,False,False,-0.13516509383961303,False,False,True,-13.261873643755866,-13.46286042717158,-13.261873643755866,-13.261873643755866,0.0,True,0.25,4,32,-7.486979166666667e-07,5.208333333333334e-07,17,128,15000.0,1920000.0,1,1.0,15000.0,exponential_tdl,,,,,,,,,,,,,,,,,,,,,,,,,,,,
water_filling,Water-filling,ok,ok,0.00022716899911756627,False,,none,379.9525740279032,5699288.610418548,1.000000000000202,3.3571428571434345,1697660.4371456585,301077984957.0215,7.942870356737772e+18,7.942870356737772e+18,7.942825813465016e+18,1.258990711275705e-19,0.05318656836412247,-13.864080117558963,-10.035668260752981,0.008500657768518053,2.703617533124685e-07,128,-1299.3968956326219,301076296524.6683,301076296524.7291,5.699288610418548,1.6976604371456585,301077984957.0215,7.942870356737772e+18,7.942825813465016e+18,7.942870356737772e+18,0.0005607956664861699,1299.3968956326219,9.370439618768943e+18,355190624027.6477,26381438.54281344,1.8740879237537886e+19,710381250000.0,0.5,0.048967814805899595,False,False,False,False,-0.15235291655307437,False,False,True,-13.261873643755866,-13.997008666269569,-13.864080117558963,-13.864080117558963,0.602206473803097,True,0.25,4,32,-7.486979166666667e-07,5.208333333333334e-07,17,128,15000.0,1920000.0,1,1.0,15000.0,exponential_tdl,0.009074410662717192,,,,,,,,,,,,,,,,,,,,,,,,,,,
conventional_s2,Conventional $S_2$,ok,optimal,0.01108215899876086,False,,conventional_s2,377.46582588420245,5661987.3882630365,0.9999999966048552,3.3571428474424434,1686549.4396750147,355190622930.27185,9.37043958981859e+18,9.37043958981859e+18,9.370395021431118e+18,1.067185792528395e-19,0.04896781488154362,-10.704197609725188,-6.132230449629996,0.012586790955405524,2.2428436470513628e-06,128,-1299.7631639575116,355188934751.913,355188933545.9952,5.661987388263037,1.6865494396750147,355190622930.27185,9.37043958981859e+18,9.370395021431118e+18,9.37043958981859e+18,0.00047562749905335914,1299.7631639575116,9.370439618768943e+18,355190624027.6477,26381438.54281344,1.8740879237537886e+19,710381250000.0,0.5,0.048967814805899595,True,False,True,True,-4.759364516468551e-06,True,False,True,-13.261873643755866,-11.169052318012776,-10.696158292084682,-10.696158292084682,-2.5657153516711837,False,0.25,4,32,-6.998697916666667e-07,5.208333333333334e-07,17,128,15000.0,1920000.0,1,1.0,15000.0,exponential_tdl,,known_amplitude_linear,355190624027.6477,,,,,,,,,,,,,,,,,,,,,,,,,
exact_efim,Exact EFIM,ok,optimal,0.014887566001561936,False,,exact_efim,377.4657283955703,5661985.925933555,0.9999999963754835,3.357142846787096,1686549.0044167393,355191332605.5959,9.370458312074533e+18,9.370458312074533e+18,9.370439507325882e+18,1.0671836602820436e-19,0.048967765962462474,-10.704279950801103,-6.13265232506194,0.01256972648743733,2.241914021312793e-06,128,-844.2761685149087,355190621090.74396,355190619803.34973,5.661985925933555,1.6865490044167393,355191332605.5959,9.370458312074535e+18,9.370439507325882e+18,9.370458312074533e+18,0.0002006812049552014,844.2761685149087,9.370439618768943e+18,355190624027.6477,26381438.54281344,1.8740879237537886e+19,710381250000.0,0.5,0.048967814805899595,True,True,True,True,-1.1893045072589776e-08,False,False,True,-13.261873643755866,-11.16887136492398,-10.696177471012259,-10.696177471012259,-2.565696172743607,False,0.25,4,32,-6.998697916666667e-07,5.208333333333334e-07,17,128,15000.0,1920000.0,1,1.0,15000.0,exponential_tdl,,unknown_amplitude_exact,,9.370439618768943e+18,355190624027.6477,quad_over_lin,1e-12,,,,,,,,,,,,,,,,,,,,,
exact_efim_cutting_plane_psl,Exact EFIM+cutting-plane PSL,ok,optimal,2.76853603699783,False,,exact_efim,375.8277072824741,5637415.609237111,0.999999999494279,3.35714285569794,1679230.1821976262,355190795755.7109,9.370444149202289e+18,9.370444149202289e+18,9.370439602281865e+18,1.0671852732670421e-19,0.04896780296838985,-13.017096934267618,-5.3210220890165525,0.017622854166151943,5.122200283901253e-06,128,-415.15420413879735,355190623582.32513,355190623402.69775,5.637415609237111,1.6792301821976263,355190795755.7109,9.370444149202287e+18,9.370439602281865e+18,9.370444149202289e+18,4.852406514595236e-05,415.15420413879735,9.370439618768943e+18,355190624027.6477,26381438.54281344,1.8740879237537886e+19,710381250000.0,0.5,0.048967814805899595,True,True,True,True,-1.7594775228022885e-09,False,False,True,-13.261873643755866,-13.261873626203718,-13.017096934267618,-13.017096934267618,-0.2447767094882476,True,0.25,4,32,-6.8359375e-07,5.208333333333334e-07,17,128,15000.0,1920000.0,1,1.0,15000.0,exponential_tdl,,unknown_amplitude_exact,,9.370439618768943e+18,355190624027.6477,quad_over_lin,1e-12,-13.261873643755866,0.2172232553411155,505.0,5.208333333333334e-07,-5.323789269199592,-0.2447767094882476,505.0,4033.0,1.0,505.0,True,1.0,dense_psl_satisfied,False,2.76853603699783,0.0,505.0,-13.017096934267618,-13.261873626203718,,0.0
uniform,Uniform,ok,ok,1.3749999197898433e-05,False,,none,694.0519291495831,10410778.937243747,1.0,3.357142857142857,3101083.0876896265,307181250000.0,8.103883268379611e+18,8.103883268379611e+18,8.103883268379611e+18,1.2339763134322048e-19,0.05265554581750531,-13.261873643755866,-9.681440266323808,0.0078125,0.0,128,0.0,307181250000.0,307181250000.0,10.410778937243746,3.1010830876896267,307181250000.0,8.103883268379611e+18,8.103883268379611e+18,8.103883268379611e+18,0.0,0.0,9.370439618768943e+18,355190624027.6477,26381438.54281344,1.8740879237537886e+19,710381250000.0,0.5,0.048967814805899595,False,False,False,False,-0.13516509383961303,False,False,True,-13.261873643755866,-13.46286042717158,-13.261873643755866,-13.261873643755866,0.0,True,0.25,4,32,-7.486979166666667e-07,5.208333333333334e-07,18,128,15000.0,1920000.0,1,1.0,15000.0,exponential_tdl,,,,,,,,,,,,,,,,,,,,,,,,,,,,
water_filling,Water-filling,ok,ok,0.00018430799900670536,False,,none,694.0675493391492,10411013.240087237,1.000000000000289,3.357142857143683,3101152.8800252224,304630830355.02454,8.036599529257306e+18,8.036599529257306e+18,8.03651468112626e+18,1.244307367014484e-19,0.05287550685441799,-13.39928936235361,-9.881791199285288,0.00793726164509989,1.0968827285629537e-08,128,-1793.3782716876995,304627614149.3111,304627614149.3992,10.411013240087238,3.1011528800252224,304630830355.02454,8.036599529257306e+18,8.03651468112626e+18,8.036599529257306e+18,0.0010557715453844588,1793.3782716876995,9.370439618768943e+18,355190624027.6477,26381438.54281344,1.8740879237537886e+19,710381250000.0,0.5,0.048967814805899595,False,False,False,False,-0.14235457373534946,False,False,True,-13.261873643755866,-13.574973764931709,-13.39928936235361,-13.39928936235361,0.13741571859774382,True,0.25,4,32,-7.486979166666667e-07,5.208333333333334e-07,18,128,15000.0,1920000.0,1,1.0,15000.0,exponential_tdl,0.00802345926838332,,,,,,,,,,,,,,,,,,,,,,,,,,,
conventional_s2,Conventional $S_2$,ok,optimal,0.012591012000484625,False,,conventional_s2,691.2999369889983,10369499.054834975,0.99999999870859,3.3571428534531145,3088786.9558988353,355190623716.2727,9.370439610554421e+18,9.370439610554421e+18,9.37035476046117e+18,1.0671857901668211e-19,0.04896781482736322,-10.542764257222576,-6.235950698766577,0.011543608809883948,1.909827723271185e-06,128,-1793.3990096364557,355187407894.9617,355187407436.2691,10.369499054834975,3.0887869558988355,355190623716.2727,9.370439610554421e+18,9.37035476046117e+18,9.370439610554421e+18,0.0009055081381132733,1793.3990096364557,9.370439618768943e+18,355190624027.6477,26381438.54281344,1.8740879237537886e+19,710381250000.0,0.5,0.048967814805899595,True,False,True,True,-9.055958015293672e-06,True,False,True,-13.261873643755866,-11.008860502423499,-10.535437606733202,-10.535437606733202,-2.7264360370226637,False,0.25,4,32,-6.998697916666667e-07,5.208333333333334e-07,18,128,15000.0,1920000.0,1,1.0,15000.0,exponential_tdl,,known_amplitude_linear,355190624027.6477,,,,,,,,,,,,,,,,,,,,,,,,,
exact_efim,Exact EFIM,ok,optimal,0.014330756002891576,False,,exact_efim,691.2997119294828,10369495.678942243,0.9999999994872624,3.3571428556778926,3088785.948266827,355192027301.3157,9.370476639146973e+18,9.370476639146973e+18,9.370439608957014e+18,1.0671815730507316e-19,0.04896771807609194,-10.542847026555982,-6.236013977067724,0.011520336868267908,1.909401634740434e-06,128,-1184.7554997101442,355190623837.8419,355190623655.7223,10.369495678942243,3.088785948266827,355192027301.3157,9.370476639146973e+18,9.370439608957014e+18,9.370476639146973e+18,0.00039517936370992313,1184.7554997101442,9.370439618768943e+18,355190624027.6477,26381438.54281344,1.8740879237537886e+19,710381250000.0,0.5,0.048967814805899595,True,True,True,True,-1.0471151287658645e-09,False,False,True,-13.261873643755866,-11.008822061177812,-10.535487943253099,-10.535487943253099,-2.7263857005027674,False,0.25,4,32,-6.998697916666667e-07,5.208333333333334e-07,18,128,15000.0,1920000.0,1,1.0,15000.0,exponential_tdl,,unknown_amplitude_exact,,9.370439618768943e+18,355190624027.6477,quad_over_lin,1e-12,,,,,,,,,,,,,,,,,,,,,
exact_efim_cutting_plane_psl,Exact EFIM+cutting-plane PSL,ok,optimal,3.0690558509995753,False,,exact_efim,688.8282544083959,10332423.816125939,0.9999999992436313,3.3571428549818036,3077743.2663591383,355191090684.5078,9.370451929848218e+18,9.370451929848218e+18,9.370439594668597e+18,1.067184387142145e-19,0.048967782638462395,-13.028484565865435,-5.4142502244102815,0.01774795114275153,4.792704775178166e-06,128,-683.7911922641701,355190623382.7686,355190623114.1135,10.332423816125939,3.077743266359138,355191090684.5078,9.370451929848218e+18,9.370439594668597e+18,9.370451929848218e+18,0.00013163911103433626,683.7911922641701,9.370439618768943e+18,355190624027.6477,26381438.54281344,1.8740879237537886e+19,710381250000.0,0.5,0.048967814805899595,True,True,True,True,-2.5719546613082197e-09,False,False,True,-13.261873643755866,-13.2618736229265,-13.028484565865435,-13.028484565865435,-0.23338907789043084,True,0.25,4,32,-6.8359375e-07,5.208333333333334e-07,18,128,15000.0,1920000.0,1,1.0,15000.0,exponential_tdl,,unknown_amplitude_exact,,9.370439618768943e+18,355190624027.6477,quad_over_lin,1e-12,-13.261873643755866,0.2172232553411155,505.0,5.208333333333334e-07,-5.417088322747188,-0.23338907789043084,505.0,4033.0,1.0,505.0,True,1.0,dense_psl_satisfied,False,3.0690558509995753,0.0,505.0,-13.028484565865435,-13.2618736229265,,0.0
uniform,Uniform,ok,ok,1.4959001418901607e-05,False,,none,662.2853862798931,9934280.794198398,1.0,3.357142857142857,2959147.4706122885,307181250000.0,8.103883268379611e+18,8.103883268379611e+18,8.103883268379611e+18,1.2339763134322048e-19,0.05265554581750531,-13.261873643755866,-9.681440266323808,0.0078125,0.0,128,0.0,307181250000.0,307181250000.0,9.934280794198397,2.9591474706122884,307181250000.0,8.103883268379611e+18,8.103883268379611e+18,8.103883268379611e+18,0.0,0.0,9.370439618768943e+18,355190624027.6477,26381438.54281344,1.8740879237537886e+19,710381250000.0,0.5,0.048967814805899595,False,False,False,False,-0.13516509383961303,False,False,True,-13.261873643755866,-13.46286042717158,-13.261873643755866,-13.261873643755866,0.0,True,0.25,4,32,-7.486979166666667e-07,5.208333333333334e-07,19,128,15000.0,1920000.0,1,1.0,15000.0,exponential_tdl,,,,,,,,,,,,,,,,,,,,,,,,,,,,
water_filling,Water-filling,ok,ok,0.00023696499920333736,False,,none,662.3467289005956,9935200.933508934,0.9999999999992895,3.3571428571408273,2959421.554664025,303139476168.3423,7.997255460435781e+18,7.997255460435781e+18,7.994258991185166e+18,1.2504289814764887e-19,0.053005412995858224,-13.581315942953811,-10.005955667726399,0.007964837084153407,4.4602430752833986e-08,128,10657.508213697465,303025893687.23267,303025893687.01733,9.935200933508934,2.9594215546640252,303139476168.3423,7.997255460435781e+18,7.994258991185166e+18,7.997255460435781e+18,0.03746871993071221,10657.508213697465,9.370439618768943e+18,355190624027.6477,26381438.54281344,1.8740879237537886e+19,710381250000.0,0.5,0.048967814805899595,False,False,False,False,-0.14686404091727925,False,False,True,-13.261873643755866,-13.745203707186992,-13.581315942953811,-13.581315942953811,0.3194422991979451,True,0.25,4,32,-7.486979166666667e-07,5.208333333333334e-07,19,128,15000.0,1920000.0,1,1.0,15000.0,exponential_tdl,0.008088329468512574,,,,,,,,,,,,,,,,,,,,,,,,,,,
conventional_s2,Conventional $S_2$,ok,optimal,0.01171592999889981,False,,conventional_s2,659.4640889204337,9891961.333806505,0.9999999991388837,3.3571428546825253,2946541.676059227,355190623816.32404,9.37043961319392e+18,9.37043961319392e+18,9.367443223412042e+18,1.0671857898662124e-19,0.048967814820466506,-10.613246013569352,-6.227038052533695,0.011928675255748991,1.9614362939474223e-06,128,10657.36689457147,355077044653.05896,355077044347.2963,9.891961333806506,2.946541676059227,355190623816.32404,9.37043961319392e+18,9.367443223412042e+18,9.37043961319392e+18,0.031977045961213584,10657.36689457147,9.370439618768943e+18,355190624027.6477,26381438.54281344,1.8740879237537886e+19,710381250000.0,0.5,0.048967814805899595,True,False,True,True,-0.0003197710543803741,True,False,True,-13.261873643755866,-11.072806042160412,-10.603793601925327,-10.603793601925327,-2.658080041830539,False,0.25,4,32,-6.998697916666667e-07,5.208333333333334e-07,19,128,15000.0,1920000.0,1,1.0,15000.0,exponential_tdl,,known_amplitude_linear,355190624027.6477,,,,,,,,,,,,,,,,,,,,,,,,,
exact_efim,Exact EFIM,ok,optimal,0.014702325999678578,False,,exact_efim,659.4561315164838,9891841.972747257,0.9999999995190121,3.3571428557686063,2946506.120747892,355239018787.3485,9.371716342147783e+18,9.371716342147783e+18,9.370439640026671e+18,1.0670404048644338e-19,0.04896447921180568,-10.61153723722252,-6.225761417781567,0.011789327957408885,1.9513222273334753e-06,128,6956.576308827402,355190625004.2737,355190624833.4313,9.891841972747256,2.946506120747892,355239018787.3485,9.371716342147783e+18,9.370439640026671e+18,9.371716342147783e+18,0.013622927482021518,6956.576308827402,9.370439618768943e+18,355190624027.6477,26381438.54281344,1.8740879237537886e+19,710381250000.0,0.5,0.048967814805899595,True,True,True,True,2.2685945232943905e-09,False,False,True,-13.261873643755866,-11.069918725738145,-10.601747060513329,-10.601747060513329,-2.660126583242537,False,0.25,4,32,-6.998697916666667e-07,5.208333333333334e-07,19,128,15000.0,1920000.0,1,1.0,15000.0,exponential_tdl,,unknown_amplitude_exact,,9.370439618768943e+18,355190624027.6477,quad_over_lin,1e-12,,,,,,,,,,,,,,,,,,,,,
exact_efim_cutting_plane_psl,Exact EFIM+cutting-plane PSL,ok,optimal,3.2997035769985814,False,,exact_efim,657.1765478557766,9857648.217836648,0.999999999161939,3.3571428547483975,2936320.7478328873,355211685467.8924,9.37099524986038e+18,9.37099524986038e+18,9.370439592398516e+18,1.0671225129634967e-19,0.04896636306875847,-13.028748934375656,-5.418847366928614,0.017647320640608692,4.7784194175603134e-06,128,4589.383383957241,355190623325.7365,355190623028.0651,9.857648217836648,2.9363207478328874,355211685467.8924,9.37099524986038e+18,9.370439592398516e+18,9.37099524986038e+18,0.005929545870517081,4589.383383957241,9.370439618768943e+18,355190624027.6477,26381438.54281344,1.8740879237537886e+19,710381250000.0,0.5,0.048967814805899595,True,True,True,True,-2.814214482229859e-09,False,False,True,-13.261873643755866,-13.261873620598912,-13.028748934375656,-13.028748934375656,-0.2331247093802098,True,0.25,4,32,-6.8359375e-07,5.208333333333334e-07,19,128,15000.0,1920000.0,1,1.0,15000.0,exponential_tdl,,unknown_amplitude_exact,,9.370439618768943e+18,355190624027.6477,quad_over_lin,1e-12,-13.261873643755866,0.2172232553411155,505.0,5.208333333333334e-07,-5.421700675846708,-0.2331247093802098,505.0,4033.0,1.0,505.0,True,1.0,dense_psl_satisfied,False,3.2997035769985814,0.0,505.0,-13.028748934375656,-13.261873620598912,,0.0
uniform,Uniform,ok,ok,1.5370002074632794e-05,False,,none,656.0787188380573,9841180.78257086,1.0,3.357142857142857,2931415.5522551495,307181250000.0,8.103883268379611e+18,8.103883268379611e+18,8.103883268379611e+18,1.2339763134322048e-19,0.05265554581750531,-13.261873643755866,-9.681440266323808,0.0078125,0.0,128,0.0,307181250000.0,307181250000.0,9.84118078257086,2.9314155522551495,307181250000.0,8.103883268379611e+18,8.103883268379611e+18,8.103883268379611e+18,0.0,0.0,9.370439618768943e+18,355190624027.6477,26381438.54281344,1.8740879237537886e+19,710381250000.0,0.5,0.048967814805899595,False,False,False,False,-0.13516509383961303,False,False,True,-13.261873643755866,-13.46286042717158,-13.261873643755866,-13.261873643755866,0.0,True,0.25,4,32,-7.486979166666667e-07,5.208333333333334e-07,20,128,15000.0,1920000.0,1,1.0,15000.0,exponential_tdl,,,,,,,,,,,,,,,,,,,,,,,,,,,,
water_filling,Water-filling,ok,ok,0.00018598799942992628,False,,none,656.0922075433732,9841383.113150598,1.0000000000000981,3.357142857143138,2931475.820938231,307424008047.17786,8.110287574882007e+18,8.110287574882007e+18,8.110283376624955e+18,1.2330019013099528e-19,0.05263475192766331,-13.369134926050968,-9.665812961757048,0.007934056866380159,9.543145408716252e-09,128,398.9195095254444,307423848910.3726,307423848910.4028,9.841383113150599,2.931475820938231,307424008047.17786,8.110287574882007e+18,8.110283376624955e+18,8.110287574882007e+18,5.1764589268699e-05,398.9195095254444,9.370439618768943e+18,355190624027.6477,26381438.54281344,1.8740879237537886e+19,710381250000.0,0.5,0.048967814805899595,False,False,False,False,-0.1344820833827157,False,False,True,-13.261873643755866,-13.587307965656537,-13.369134926050968,-13.369134926050968,0.10726128229510223,True,0.25,4,32,-7.486979166666667e-07,5.208333333333334e-07,20,128,15000.0,1920000.0,1,1.0,15000.0,exponential_tdl,0.008061388797097212,,,,,,,,,,,,,,,,,,,,,,,,,,,
conventional_s2,Conventional $S_2$,ok,optimal,0.011977222999121295,False,,conventional_s2,653.6360058889245,9804540.088333867,0.9999999989573587,3.3571428541638824,2920501.3054994796,355190623770.00586,9.37043961197198e+18,9.37043961197198e+18,9.370435413849362e+18,1.0671857900053775e-19,0.0489678148236593,-10.614615433521944,-6.2329701664666715,0.011536269950888488,1.926980120719082e-06,128,398.9131227658895,355190465008.6628,355190464638.32654,9.804540088333868,2.9205013054994797,355190623770.00586,9.37043961197198e+18,9.370435413849362e+18,9.37043961197198e+18,4.4801768013833005e-05,398.9131227658895,9.370439618768943e+18,355190624027.6477,26381438.54281344,1.8740879237537886e+19,710381250000.0,0.5,0.048967814805899595,True,True,True,True,-4.4874304213535163e-07,False,False,True,-13.261873643755866,-11.06822595420806,-10.603313108517089,-10.603313108517089,-2.6585605352387773,False,0.25,4,32,-6.998697916666667e-07,5.208333333333334e-07,20,128,15000.0,1920000.0,1,1.0,15000.0,exponential_tdl,,known_amplitude_linear,355190624027.6477,,,,,,,,,,,,,,,,,,,,,,,,,
exact_efim,Exact EFIM,ok,optimal,0.016270184998575132,False,,exact_efim,653.635995117785,9804539.926766776,0.9999999995342028,3.3571428558120084,2920501.2559393467,355190698052.9503,9.370441571662914e+18,9.370441571662914e+18,9.370439650497176e+18,1.0671855668190632e-19,0.048967809703207556,-10.614636023355112,-6.232997767956468,0.011531459776076941,1.926924773400526e-06,128,269.8566842775444,355190625395.7671,355190625230.3203,9.804539926766775,2.920501255939347,355190698052.9503,9.370441571662914e+18,9.370439650497176e+18,9.370441571662914e+18,2.050240347043819e-05,269.8566842775444,9.370439618768943e+18,355190624027.6477,26381438.54281344,1.8740879237537886e+19,710381250000.0,0.5,0.048967814805899595,True,True,True,True,3.3859918785932424e-09,False,False,True,-13.261873643755866,-11.068219966634755,-10.60332691110913,-10.60332691110913,-2.6585467326467356,False,0.25,4,32,-6.998697916666667e-07,5.208333333333334e-07,20,128,15000.0,1920000.0,1,1.0,15000.0,exponential_tdl,,unknown_amplitude_exact,,9.370439618768943e+18,355190624027.6477,quad_over_lin,1e-12,,,,,,,,,,,,,,,,,,,,,
exact_efim_cutting_plane_psl,Exact EFIM+cutting-plane PSL,ok,optimal,3.3525585220013454,False,,exact_efim,651.3141422947547,9769712.13442132,0.9999999991841338,3.357142854811811,2910127.0207844563,355190630417.9718,9.370439787354884e+18,9.370439787354884e+18,9.37043959371273e+18,1.067185770031273e-19,0.04896781436540345,-13.028840915427631,-5.422381343893239,0.0176026107604372,4.765005978415314e-06,128,85.67432992032857,355190623367.669,355190623077.881,9.76971213442132,2.910127020784456,355190630417.9718,9.370439787354884e+18,9.37043959371273e+18,9.370439787354884e+18,2.0665215120992936e-06,85.67432992032857,9.370439618768943e+18,355190624027.6477,26381438.54281344,1.8740879237537886e+19,710381250000.0,0.5,0.048967814805899595,True,True,True,True,-2.67396344370146e-09,False,False,True,-13.261873643755866,-13.261873620654614,-13.028840915427631,-13.028840915427631,-0.23303272832823474,True,0.25,4,32,-6.8359375e-07,5.208333333333334e-07,20,128,15000.0,1920000.0,1,1.0,15000.0,exponential_tdl,,unknown_amplitude_exact,,9.370439618768943e+18,355190624027.6477,quad_over_lin,1e-12,-13.261873643755866,0.2172232553411155,505.0,5.208333333333334e-07,-5.425226071530424,-0.23303272832823474,505.0,4033.0,1.0,505.0,True,1.0,dense_psl_satisfied,False,3.3525585220013454,0.0,505.0,-13.028840915427631,-13.261873620654614,,0.0
uniform,Uniform,ok,ok,1.4984001609263942e-05,False,,none,685.6783667869915,10285175.501804873,1.0,3.357142857142857,3063669.298409962,307181250000.0,8.103883268379611e+18,8.103883268379611e+18,8.103883268379611e+18,1.2339763134322048e-19,0.05265554581750531,-13.261873643755866,-9.681440266323808,0.0078125,0.0,128,0.0,307181250000.0,307181250000.0,10.285175501804874,3.063669298409962,307181250000.0,8.103883268379611e+18,8.103883268379611e+18,8.103883268379611e+18,0.0,0.0,9.370439618768943e+18,355190624027.6477,26381438.54281344,1.8740879237537886e+19,710381250000.0,0.5,0.048967814805899595,False,False,False,False,-0.13516509383961303,False,False,True,-13.261873643755866,-13.46286042717158,-13.261873643755866,-13.261873643755866,0.0,True,0.25,4,32,-7.486979166666667e-07,5.208333333333334e-07,21,128,15000.0,1920000.0,1,1.0,15000.0,exponential_tdl,,,,,,,,,,,,,,,,,,,,,,,,,,,,
water_filling,Water-filling,ok,ok,0.00021936599659966305,False,,none,685.69636717883,10285445.50768245,1.0000000000007394,3.3571428571449697,3063749.725690717,304854907701.86816,8.042511012011897e+18,8.042511012011897e+18,8.041734924920504e+18,1.243392764407098e-19,0.05285607075385871,-13.480939736579122,-9.873405902434769,0.007930872076227226,1.2704642905418925e-08,128,5423.829055603465,304825489780.0183,304825489780.2437,10.28544550768245,3.063749725690717,304854907701.86816,8.042511012011898e+18,8.041734924920504e+18,8.042511012011897e+18,0.009649810739871997,5423.829055603465,9.370439618768943e+18,355190624027.6477,26381438.54281344,1.8740879237537886e+19,710381250000.0,0.5,0.048967814805899595,False,False,False,False,-0.1417974767359954,False,False,True,-13.261873643755866,-13.668135506746601,-13.480939736579122,-13.480939736579122,0.2190660928232564,True,0.25,4,32,-7.486979166666667e-07,5.208333333333334e-07,21,128,15000.0,1920000.0,1,1.0,15000.0,exponential_tdl,0.00803236456321049,,,,,,,,,,,,,,,,,,,,,,,,,,,
conventional_s2,Conventional $S_2$,ok,optimal,0.01185234600052354,False,,conventional_s2,682.9583716368512,10244375.574552769,0.9999999986214094,3.357142853204027,3051516.132170434,355190623668.5464,9.370439609295333e+18,9.370439609295333e+18,9.369663602038387e+18,1.0671857903102169e-19,0.04896781483065307,-10.603491173130433,-6.2340263252304435,0.01168094044484456,1.926881401727972e-06,128,5423.55008322616,355161209262.70355,355161208773.08167,10.24437557455277,3.051516132170434,355190623668.5464,9.370439609295333e+18,9.369663602038387e+18,9.370439609295333e+18,0.008281439177911147,5423.55008322616,9.370439618768943e+18,355190624027.6477,26381438.54281344,1.8740879237537886e+19,710381250000.0,0.5,0.048967814805899595,True,False,True,True,-8.281540270555273e-05,True,False,True,-13.261873643755866,-11.060358914835325,-10.59320585576496,-10.59320585576496,-2.6686677879909055,False,0.25,4,32,-6.998697916666667e-07,5.208333333333334e-07,21,128,15000.0,1920000.0,1,1.0,15000.0,exponential_tdl,,known_amplitude_linear,355190624027.6477,,,,,,,,,,,,,,,,,,,,,,,,,
exact_efim,Exact EFIM,ok,optimal,0.017171784998936346,False,,exact_efim,682.9563182699012,10244344.774048518,0.9999999991243447,3.357142854640985,3051506.9562459993,355203511356.3505,9.370779605039096e+18,9.370779605039096e+18,9.37043966699718e+18,1.0671470700924973e-19,0.04896692648409367,-10.60301479113022,-6.233704048287022,0.01161164433455368,1.9242786449408202e-06,128,3589.637948544897,355190626166.7847,355190625855.7602,10.244344774048518,3.051506956245999,355203511356.3505,9.370779605039096e+18,9.37043966699718e+18,9.370779605039096e+18,0.0036276388544299112,3589.637948544897,9.370439618768943e+18,355190624027.6477,26381438.54281344,1.8740879237537886e+19,710381250000.0,0.5,0.048967814805899595,True,True,True,True,5.146848949904024e-09,False,False,True,-13.261873643755866,-11.059569804763887,-10.592641350340015,-10.592641350340015,-2.6692322934158508,False,0.25,4,32,-6.998697916666667e-07,5.208333333333334e-07,21,128,15000.0,1920000.0,1,1.0,15000.0,exponential_tdl,,unknown_amplitude_exact,,9.370439618768943e+18,355190624027.6477,quad_over_lin,1e-12,,,,,,,,,,,,,,,,,,,,,
exact_efim_cutting_plane_psl,Exact EFIM+cutting-plane PSL,ok,optimal,3.2039204969987622,False,,exact_efim,680.6115624486487,10209173.43672973,0.9999999992853008,3.3571428551008595,3041030.387258576,355195997549.28625,9.370581379999807e+18,9.370581379999807e+18,9.370439596969994e+18,1.0671696444943745e-19,0.04896744440391104,-13.028865549692641,-5.4210441679466514,0.017635907459896207,4.769755010966954e-06,128,2318.2639929680595,355190623455.2034,355190623201.349,10.20917343672973,3.0410303872585764,355195997549.28625,9.370581379999807e+18,9.370439596969994e+18,9.370581379999807e+18,0.0015130654552113917,2318.2639929680595,9.370439618768943e+18,355190624027.6477,26381438.54281344,1.8740879237537886e+19,710381250000.0,0.5,0.048967814805899595,True,True,True,True,-2.326352844784018e-09,False,False,True,-13.261873643755866,-13.26187362424282,-13.028865549692641,-13.028865549692641,-0.23300809406322465,True,0.25,4,32,-6.8359375e-07,5.208333333333334e-07,21,128,15000.0,1920000.0,1,1.0,15000.0,exponential_tdl,,unknown_amplitude_exact,,9.370439618768943e+18,355190624027.6477,quad_over_lin,1e-12,-13.261873643755866,0.2172232553411155,505.0,5.208333333333334e-07,-5.423889895228231,-0.23300809406322465,505.0,4033.0,1.0,505.0,True,1.0,dense_psl_satisfied,False,3.2039204969987622,0.0,505.0,-13.028865549692641,-13.26187362424282,,0.0
uniform,Uniform,ok,ok,1.51169988384936e-05,False,,none,489.44893652839016,7341734.047925852,1.0,3.357142857142857,2186899.503637488,307181250000.0,8.103883268379611e+18,8.103883268379611e+18,8.103883268379611e+18,1.2339763134322048e-19,0.05265554581750531,-13.261873643755866,-9.681440266323808,0.0078125,0.0,128,0.0,307181250000.0,307181250000.0,7.341734047925852,2.186899503637488,307181250000.0,8.103883268379611e+18,8.103883268379611e+18,8.103883268379611e+18,0.0,0.0,9.370439618768943e+18,355190624027.6477,26381438.54281344,1.8740879237537886e+19,710381250000.0,0.5,0.048967814805899595,False,False,False,False,-0.13516509383961303,False,False,True,-13.261873643755866,-13.46286042717158,-13.261873643755866,-13.261873643755866,0.0,True,0.25,4,32,-7.486979166666667e-07,5.208333333333334e-07,22,128,15000.0,1920000.0,1,1.0,15000.0,exponential_tdl,,,,,,,,,,,,,,,,,,,,,,,,,,,,
water_filling,Water-filling,ok,ok,0.00023258099827216938,False,,none,494.1114202264467,7411671.3033967,1.0000000000007894,3.3571428571451127,2207731.8776060445,271086200115.29358,7.151643928146443e+18,7.151643928146443e+18,6.883907510537827e+18,1.398279906056759e-19,0.056051567928385,-13.53955005957875,-10.172707427335721,0.009056565720761075,4.580628502726719e-06,122,100740.58938762096,260937533764.91437,260937533765.12033,7.4116713033967,2.2077318776060446,271086200115.29358,7.151643928146443e+18,6.883907510537827e+18,7.151643928146443e+18,3.743704528617487,100740.58938762096,9.370439618768943e+18,355190624027.6477,26381438.54281344,1.8740879237537886e+19,710381250000.0,0.5,0.048967814805899595,False,False,False,False,-0.26535917303715445,False,False,True,-13.261873643755866,-13.648016980338243,-13.53955005957875,-13.53955005957875,0.27767641582288327,True,0.25,4,32,-8.138020833333334e-07,5.208333333333334e-07,22,128,15000.0,1920000.0,1,1.0,15000.0,exponential_tdl,0.00914907167085692,,,,,,,,,,,,,,,,,,,,,,,,,,,
conventional_s2,Conventional $S_2$,ok,optimal,0.01415707300111535,False,,conventional_s2,487.88715708307166,7318307.356246075,0.9999999977736826,3.3571428507819507,2179921.344288785,355190623327.34204,9.370439600293872e+18,9.370439600293872e+18,9.012543774494951e+18,1.0671857913353803e-19,0.04896781485417289,-9.906003124708691,-5.095157872282085,0.01726240693599094,7.2570773005629844e-06,128,116474.02412395304,341624425822.4819,341624425061.9175,7.318307356246074,2.179921344288785,355190623327.34204,9.370439600293872e+18,9.012543774494951e+18,9.370439600293872e+18,3.8194134007085005,116474.02412395304,9.370439618768943e+18,355190624027.6477,26381438.54281344,1.8740879237537886e+19,710381250000.0,0.5,0.048967814805899595,True,False,False,False,-0.03819413590341355,True,True,True,-13.261873643755866,-10.32821241073849,-9.906003124708691,-9.906003124708691,-3.3558705190471745,False,0.25,4,32,-7.161458333333333e-07,5.208333333333334e-07,22,128,15000.0,1920000.0,1,1.0,15000.0,exponential_tdl,,known_amplitude_linear,355190624027.6477,,,,,,,,,,,,,,,,,,,,,,,,,
exact_efim,Exact EFIM,ok,optimal,0.016381394998461474,False,,exact_efim,486.9828082420254,7304742.123630381,0.9999999978455554,3.357142850987301,2175880.636560381,358275701274.9134,9.451828394567514e+18,9.451828394567514e+18,9.370439549594003e+18,1.0579963561068831e-19,0.04875653043787426,-9.90908705669387,-5.2909575709174375,0.015836952141001722,4.861607369207042e-06,128,55543.49535290983,355190622170.77985,355190621405.5413,7.304742123630382,2.175880636560381,358275701274.9134,9.451828394567514e+18,9.370439549594003e+18,9.451828394567514e+18,0.8610910140972228,55543.49535290983,9.370439618768943e+18,355190624027.6477,26381438.54281344,1.8740879237537886e+19,710381250000.0,0.5,0.048967814805899595,True,True,True,True,-7.382251256327713e-09,False,False,True,-13.261873643755866,-10.450052741841418,-9.90908705669387,-9.90908705669387,-3.3527865870619955,False,0.25,4,32,-7.161458333333333e-07,5.208333333333334e-07,22,128,15000.0,1920000.0,1,1.0,15000.0,exponential_tdl,,unknown_amplitude_exact,,9.370439618768943e+18,355190624027.6477,quad_over_lin,1e-12,,,,,,,,,,,,,,,,,,,,,
exact_efim_cutting_plane_psl,Exact EFIM+cutting-plane PSL,ok,optimal,2.7475932730012573,False,,exact_efim,484.1983926555674,7262975.889833511,0.9999999995286413,3.357142855796118,2163439.627626796,356531068470.4359,9.405802471456414e+18,9.405802471456414e+18,9.370439602767528e+18,1.0631735070289626e-19,0.0488756763466774,-13.019477843843372,-3.990144318824372,0.03106934384081348,1.0600116434483362e-05,128,36612.08885000458,355190623588.5293,355190623421.1071,7.262975889833511,2.1634396276267958,356531068470.4359,9.405802471456416e+18,9.370439602767528e+18,9.405802471456414e+18,0.3759686512256737,36612.08885000458,9.370439618768943e+18,355190624027.6477,26381438.54281344,1.8740879237537886e+19,710381250000.0,0.5,0.048967814805899595,True,True,True,True,-1.7076482874879474e-09,False,False,True,-13.261873643755866,-13.261873627930097,-13.019477843843372,-13.019477843843372,-0.24239579991249371,True,0.25,4,32,-6.8359375e-07,5.208333333333334e-07,22,128,15000.0,1920000.0,1,1.0,15000.0,exponential_tdl,,unknown_amplitude_exact,,9.370439618768943e+18,355190624027.6477,quad_over_lin,1e-12,-13.261873643755866,0.2172232553411155,505.0,5.208333333333334e-07,-3.9928348287732507,-0.24239579991249371,505.0,4033.0,1.0,505.0,True,1.0,dense_psl_satisfied,False,2.7475932730012573,0.0,505.0,-13.019477843843372,-13.261873627930097,,0.0
uniform,Uniform,ok,ok,1.475400131312199e-05,False,,none,554.2643368232928,8313965.052349391,1.0,3.357142857142857,2476500.2283593933,307181250000.0,8.103883268379611e+18,8.103883268379611e+18,8.103883268379611e+18,1.2339763134322048e-19,0.05265554581750531,-13.261873643755866,-9.681440266323808,0.0078125,0.0,128,0.0,307181250000.0,307181250000.0,8.313965052349392,2.4765002283593933,307181250000.0,8.103883268379611e+18,8.103883268379611e+18,8.103883268379611e+18,0.0,0.0,9.370439618768943e+18,355190624027.6477,26381438.54281344,1.8740879237537886e+19,710381250000.0,0.5,0.048967814805899595,False,False,False,False,-0.13516509383961303,False,False,True,-13.261873643755866,-13.46286042717158,-13.261873643755866,-13.261873643755866,0.0,True,0.25,4,32,-7.486979166666667e-07,5.208333333333334e-07,23,128,15000.0,1920000.0,1,1.0,15000.0,exponential_tdl,,,,,,,,,,,,,,,,,,,,,,,,,,,,
water_filling,Water-filling,ok,ok,0.00019629600137704983,False,,none,558.844902411374,8382673.536170611,1.0000000000005114,3.3571428571443183,2496966.5852412228,299595182294.74915,7.903751889431913e+18,7.903751889431913e+18,7.671399062627908e+18,1.2652219021919166e-19,0.05331802548965576,-13.711701960577013,-8.243207920938655,0.009207632305798352,4.842993484741382e-06,124,93847.93988124533,290787746474.64215,290787746474.79083,8.38267353617061,2.4969665852412226,299595182294.74915,7.903751889431913e+18,7.671399062627908e+18,7.903751889431913e+18,2.9397788550863324,93847.93988124533,9.370439618768943e+18,355190624027.6477,26381438.54281344,1.8740879237537886e+19,710381250000.0,0.5,0.048967814805899595,False,False,False,False,-0.1813191936841326,False,False,True,-13.261873643755866,-14.017197002990137,-13.679184921529897,-13.679184921529897,0.4173112777740311,True,0.25,4,32,-7.32421875e-07,5.208333333333334e-07,23,128,15000.0,1920000.0,1,1.0,15000.0,exponential_tdl,0.009289914868930872,,,,,,,,,,,,,,,,,,,,,,,,,,,
conventional_s2,Conventional $S_2$,ok,optimal,0.012107604001357686,False,,conventional_s2,556.2921107198524,8344381.660797786,0.9999999988509303,3.357142853859801,2485560.4971364317,355190623753.2219,9.370439611529196e+18,9.370439611529196e+18,9.145761401353092e+18,1.0671857900558055e-19,0.04896781482481624,-10.478270186176296,-5.428958880691197,0.013397877338551372,6.124323479906195e-06,128,92285.02652135165,346674098041.31415,346674097642.9614,8.344381660797787,2.4855604971364316,355190623753.2219,9.370439611529196e+18,9.145761401353092e+18,9.370439611529196e+18,2.3977339323510924,92285.02652135165,9.370439618768943e+18,355190624027.6477,26381438.54281344,1.8740879237537886e+19,710381250000.0,0.5,0.048967814805899595,True,False,False,False,-0.023977340077601234,True,True,True,-13.261873643755866,-10.74608413545506,-10.461472368486888,-10.461472368486888,-2.800401275268978,False,0.25,4,32,-6.998697916666667e-07,5.208333333333334e-07,23,128,15000.0,1920000.0,1,1.0,15000.0,exponential_tdl,,known_amplitude_linear,355190624027.6477,,,,,,,,,,,,,,,,,,,,,,,,,
exact_efim,Exact EFIM,ok,optimal,0.014890948001266224,False,,exact_efim,555.8017463091021,8337026.194636531,0.9999999994773501,3.3571428556495717,2483369.5058899736,358527101319.4492,9.458460689392097e+18,9.458460689392097e+18,9.370439608548518e+18,1.0572544865799625e-19,0.04873943334345601,-10.306020061209136,-5.245053488398616,0.012370868598890142,5.502722667510776e-06,128,57762.25134943236,355190623825.8784,355190623640.23804,8.33702619463653,2.4833695058899736,358527101319.4492,9.458460689392097e+18,9.370439608548518e+18,9.458460689392097e+18,0.930606826354919,57762.25134943236,9.370439618768943e+18,355190624027.6477,26381438.54281344,1.8740879237537886e+19,710381250000.0,0.5,0.048967814805899595,True,True,True,True,-1.0907092550416247e-09,False,False,True,-13.261873643755866,-10.594553093486835,-10.282620559713454,-10.282620559713454,-2.979253084042412,False,0.25,4,32,-6.998697916666667e-07,5.208333333333334e-07,23,128,15000.0,1920000.0,1,1.0,15000.0,exponential_tdl,,unknown_amplitude_exact,,9.370439618768943e+18,355190624027.6477,quad_over_lin,1e-12,,,,,,,,,,,,,,,,,,,,,
exact_efim_cutting_plane_psl,Exact EFIM+cutting-plane PSL,ok,optimal,3.181589593001263,False,,exact_efim,552.2630342143543,8283945.513215315,0.9999999988896464,3.3571428539704185,2467558.2403108273,356190817439.0055,9.396826159781605e+18,9.396826159781605e+18,9.370439581922499e+18,1.0641891027845101e-19,0.04889901500242275,-13.070673249852348,-4.410498420411969,0.022871356819388993,8.798216827710903e-06,128,31625.856654783904,355190623025.3543,355190622630.9671,8.283945513215315,2.467558240310827,356190817439.0055,9.396826159781605e+18,9.370439581922499e+18,9.396826159781605e+18,0.280803086174365,31625.856654783904,9.370439618768943e+18,355190624027.6477,26381438.54281344,1.8740879237537886e+19,710381250000.0,0.5,0.048967814805899595,True,True,True,True,-3.932200200105528e-09,False,False,True,-13.261873643755866,-13.261873606447285,-13.070673249852348,-13.070673249852348,-0.19120039390351806,True,0.25,4,32,-6.8359375e-07,5.208333333333334e-07,23,128,15000.0,1920000.0,1,1.0,15000.0,exponential_tdl,,unknown_amplitude_exact,,9.370439618768943e+18,355190624027.6477,quad_over_lin,1e-12,-13.261873643755866,0.2172232553411155,505.0,5.208333333333334e-07,-4.414240205774601,-0.19120039390351806,505.0,4033.0,1.0,505.0,True,1.0,dense_psl_satisfied,False,3.181589593001263,0.0,505.0,-13.070673249852348,-13.261873606447285,,0.0
uniform,Uniform,ok,ok,1.473700103815645e-05,False,,none,539.7007186578791,8095510.7798681855,1.0,3.357142857142857,2411428.7429394596,307181250000.0,8.103883268379611e+18,8.103883268379611e+18,8.103883268379611e+18,1.2339763134322048e-19,0.05265554581750531,-13.261873643755866,-9.681440266323808,0.0078125,0.0,128,0.0,307181250000.0,307181250000.0,8.095510779868185,2.4114287429394596,307181250000.0,8.103883268379611e+18,8.103883268379611e+18,8.103883268379611e+18,0.0,0.0,9.370439618768943e+18,355190624027.6477,26381438.54281344,1.8740879237537886e+19,710381250000.0,0.5,0.048967814805899595,False,False,False,False,-0.13516509383961303,False,False,True,-13.261873643755866,-13.46286042717158,-13.261873643755866,-13.261873643755866,0.0,True,0.25,4,32,-7.486979166666667e-07,5.208333333333334e-07,24,128,15000.0,1920000.0,1,1.0,15000.0,exponential_tdl,,,,,,,,,,,,,,,,,,,,,,,,,,,,
water_filling,Water-filling,ok,ok,0.0001791260001482442,False,,none,541.9081245959484,8128621.868939226,1.0000000000009315,3.3571428571455186,2421291.620533169,311555801789.79755,8.219290237574511e+18,8.219290237574511e+18,8.17374037746404e+18,1.2166500647811375e-19,0.052284571013649236,-13.944061787851737,-8.282018694336786,0.008610637687318066,2.375926689672216e-06,128,41552.22530280851,309829214361.892,309829214362.1806,8.128621868939225,2.421291620533169,311555801789.79755,8.21929023757451e+18,8.17374037746404e+18,8.219290237574511e+18,0.5541824025417526,41552.22530280851,9.370439618768943e+18,355190624027.6477,26381438.54281344,1.8740879237537886e+19,710381250000.0,0.5,0.048967814805899595,False,False,False,False,-0.1277100424304448,False,False,True,-13.261873643755866,-14.448386951636003,-13.944061787851737,-13.944061787851737,0.6821881440958713,True,0.25,4,32,-7.161458333333333e-07,5.208333333333334e-07,24,128,15000.0,1920000.0,1,1.0,15000.0,exponential_tdl,0.00875238455307998,,,,,,,,,,,,,,,,,,,,,,,,,,,
conventional_s2,Conventional $S_2$,ok,optimal,0.011698505997628672,False,,conventional_s2,540.1527179675477,8102290.769513215,0.9999999991469003,3.3571428547054296,2413448.3160753506,355190623796.4293,9.37043961266907e+18,9.37043961266907e+18,9.32489003656114e+18,1.067185789925987e-19,0.04896781482183788,-11.139425181831513,-5.6198562482141075,0.011689705119745456,4.363921588404876e-06,128,41552.09578166848,353464047435.5934,353464047134.0533,8.102290769513216,2.4134483160753506,355190623796.4293,9.37043961266907e+18,9.32489003656114e+18,9.37043961266907e+18,0.4860986035953471,41552.09578166848,9.370439618768943e+18,355190624027.6477,26381438.54281344,1.8740879237537886e+19,710381250000.0,0.5,0.048967814805899595,True,False,True,True,-0.0048609866837589786,True,False,True,-13.261873643755866,-11.413728354349493,-11.13385030753934,-11.13385030753934,-2.1280233362165255,False,0.25,4,32,-6.998697916666667e-07,5.208333333333334e-07,24,128,15000.0,1920000.0,1,1.0,15000.0,exponential_tdl,,known_amplitude_linear,355190624027.6477,,,,,,,,,,,,,,,,,,,,,,,,,
exact_efim,Exact EFIM,ok,optimal,0.015415223999298178,False,,exact_efim,540.0570654576134,8100855.9818642,0.9999999980731941,3.3571428516376973,2413020.9347250154,356034202047.3784,9.392694420452534e+18,9.392694420452534e+18,9.370439561952754e+18,1.0646572274538243e-19,0.048909768879890105,-11.094625782106819,-5.549523973062489,0.011906559669768902,4.316564698135855e-06,128,29044.451707660734,355190622558.3886,355190621874.0052,8.1008559818642,2.4130209347250156,356034202047.3784,9.392694420452536e+18,9.370439561952754e+18,9.392694420452534e+18,0.236937959477536,29044.451707660734,9.370439618768943e+18,355190624027.6477,26381438.54281344,1.8740879237537886e+19,710381250000.0,0.5,0.048967814805899595,True,True,True,True,-6.063342996864038e-09,False,False,True,-13.261873643755866,-11.38011591480419,-11.084405131111719,-11.084405131111719,-2.177468512644147,False,0.25,4,32,-6.998697916666667e-07,5.208333333333334e-07,24,128,15000.0,1920000.0,1,1.0,15000.0,exponential_tdl,,unknown_amplitude_exact,,9.370439618768943e+18,355190624027.6477,quad_over_lin,1e-12,,,,,,,,,,,,,,,,,,,,,
exact_efim_cutting_plane_psl,Exact EFIM+cutting-plane PSL,ok,optimal,3.092903728997044,False,,exact_efim,537.9899639102888,8069849.458654332,0.9999999993179074,3.3571428551940214,2403784.946526485,355461945417.1154,9.377597467330533e+18,9.377597467330533e+18,9.370439605244852e+18,1.0663712144648754e-19,0.04894912285874427,-13.05249445662331,-5.009394011869732,0.01918665237227068,6.314623111749166e-06,128,16471.851817243558,355190623757.2841,355190623515.0112,8.069849458654332,2.403784946526485,355461945417.1154,9.377597467330535e+18,9.370439605244852e+18,9.377597467330533e+18,0.07632938085279896,16471.851817243558,9.370439618768943e+18,355190624027.6477,26381438.54281344,1.8740879237537886e+19,710381250000.0,0.5,0.048967814805899595,True,True,True,True,-1.4432717599408373e-09,False,False,True,-13.261873643755866,-13.261873620136143,-13.05249445662331,-13.05249445662331,-0.20937918713255677,True,0.25,4,32,-6.8359375e-07,5.208333333333334e-07,24,128,15000.0,1920000.0,1,1.0,15000.0,exponential_tdl,,unknown_amplitude_exact,,9.370439618768943e+18,355190624027.6477,quad_over_lin,1e-12,-13.261873643755866,0.2172232553411155,505.0,5.208333333333334e-07,-5.012804036841486,-0.20937918713255677,505.0,4033.0,1.0,505.0,True,1.0,dense_psl_satisfied,False,3.092903728997044,0.0,505.0,-13.05249445662331,-13.261873620136143,,0.0
uniform,Uniform,ok,ok,1.52060019900091e-05,False,,none,572.4952578456457,8587428.867684687,1.0,3.357142857142857,2557957.535055013,307181250000.0,8.103883268379611e+18,8.103883268379611e+18,8.103883268379611e+18,1.2339763134322048e-19,0.05265554581750531,-13.261873643755866,-9.681440266323808,0.0078125,0.0,128,0.0,307181250000.0,307181250000.0,8.587428867684686,2.5579575350550128,307181250000.0,8.103883268379611e+18,8.103883268379611e+18,8.103883268379611e+18,0.0,0.0,9.370439618768943e+18,355190624027.6477,26381438.54281344,1.8740879237537886e+19,710381250000.0,0.5,0.048967814805899595,False,False,False,False,-0.13516509383961303,False,False,True,-13.261873643755866,-13.46286042717158,-13.261873643755866,-13.261873643755866,0.0,True,0.25,4,32,-7.486979166666667e-07,5.208333333333334e-07,25,128,15000.0,1920000.0,1,1.0,15000.0,exponential_tdl,,,,,,,,,,,,,,,,,,,,,,,,,,,,
water_filling,Water-filling,ok,ok,0.00019240799883846194,False,,none,573.5932171881586,8603898.25782238,0.9999999999991309,3.3571428571403743,2562863.3108426044,287942059162.1915,7.596325737678507e+18,7.596325737678507e+18,7.552264317320654e+18,1.31642590711968e-19,0.05438622531135814,-13.492772580810527,-10.601547043821347,0.008277176359939187,1.0773708115614225e-06,128,40867.682414123585,286271891696.5401,286271891696.2913,8.60389825782238,2.562863310842604,287942059162.1915,7.596325737678507e+18,7.552264317320654e+18,7.596325737678507e+18,0.5800359526356841,40867.682414123585,9.370439618768943e+18,355190624027.6477,26381438.54281344,1.8740879237537886e+19,710381250000.0,0.5,0.048967814805899595,False,False,False,False,-0.19403308440369152,False,False,True,-13.261873643755866,-13.492772580810527,-13.492772580810527,-13.492772580810527,0.23089893705466125,True,0.25,4,32,-7.8125e-07,5.208333333333334e-07,25,128,15000.0,1920000.0,1,1.0,15000.0,exponential_tdl,0.008445333810663615,,,,,,,,,,,,,,,,,,,,,,,,,,,
conventional_s2,Conventional $S_2$,ok,optimal,0.011489936998259509,False,,conventional_s2,569.2436441306982,8538654.661960473,0.9999999974582625,3.3571428498807503,2543429.053745442,355190623329.25903,9.370439600344443e+18,9.370439600344443e+18,9.326380599575992e+18,1.0671857913296208e-19,0.048967814854040746,-10.147350080984399,-6.083769852850923,0.013627382125127494,2.4761565536116746e-06,128,40866.56034641794,353520548477.51294,353520547578.9565,8.538654661960473,2.543429053745442,355190623329.25903,9.370439600344445e+18,9.326380599575992e+18,9.370439600344443e+18,0.4701913960027128,40866.56034641794,9.370439618768943e+18,355190624027.6477,26381438.54281344,1.8740879237537886e+19,710381250000.0,0.5,0.048967814805899595,True,False,True,True,-0.004701915917018535,True,False,True,-13.261873643755866,-10.686198056675039,-10.147350080984399,-10.147350080984399,-3.114523562771467,False,0.25,4,32,-7.161458333333333e-07,5.208333333333334e-07,25,128,15000.0,1920000.0,1,1.0,15000.0,exponential_tdl,,known_amplitude_linear,355190624027.6477,,,,,,,,,,,,,,,,,,,,,,,,,
exact_efim,Exact EFIM,ok,optimal,0.01527637099934509,False,,exact_efim,569.1231555296755,8536847.332945133,0.9999999974309535,3.3571428498027243,2542890.70047966,355746550586.9104,9.38510576112645e+18,9.38510576112645e+18,9.37043953930986e+18,1.0655180937246836e-19,0.04892953874636571,-10.138182138187855,-6.112535343416534,0.012933849937209327,2.2064365852526756e-06,128,23578.158804755272,355190621928.2176,355190621015.7164,8.536847332945133,2.5428907004796604,355746550586.9104,9.38510576112645e+18,9.37043953930986e+18,9.38510576112645e+18,0.1562712471215452,23578.158804755272,9.370439618768943e+18,355190624027.6477,26381438.54281344,1.8740879237537886e+19,710381250000.0,0.5,0.048967814805899595,True,True,True,True,-8.479760339188767e-09,False,False,True,-13.261873643755866,-10.656371546656231,-10.138182138187855,-10.138182138187855,-3.1236915055680115,False,0.25,4,32,-7.161458333333333e-07,5.208333333333334e-07,25,128,15000.0,1920000.0,1,1.0,15000.0,exponential_tdl,,unknown_amplitude_exact,,9.370439618768943e+18,355190624027.6477,quad_over_lin,1e-12,,,,,,,,,,,,,,,,,,,,,
exact_efim_cutting_plane_psl,Exact EFIM+cutting-plane PSL,ok,optimal,3.21868317299959,False,,exact_efim,566.1161003099676,8491741.504649514,0.9999999988199885,3.357142853771396,2529454.918818822,355400066901.71747,9.375965023079442e+18,9.375965023079442e+18,9.370439579148272e+18,1.0665568797861833e-19,0.04895338392606822,-13.025804004496637,-5.325543549707068,0.018842745525438732,5.104919390441699e-06,128,14472.193204756348,355190622944.93787,355190622525.80884,8.491741504649514,2.5294549188188222,355400066901.71747,9.375965023079444e+18,9.370439579148272e+18,9.375965023079442e+18,0.05893200238663048,14472.193204756348,9.370439618768943e+18,355190624027.6477,26381438.54281344,1.8740879237537886e+19,710381250000.0,0.5,0.048967814805899595,True,True,True,True,-4.22826175717946e-09,False,False,True,-13.261873643755866,-13.261873603725839,-13.025804004496637,-13.025804004496637,-0.2360696392592292,True,0.25,4,32,-6.8359375e-07,5.208333333333334e-07,25,128,15000.0,1920000.0,1,1.0,15000.0,exponential_tdl,,unknown_amplitude_exact,,9.370439618768943e+18,355190624027.6477,quad_over_lin,1e-12,-13.261873643755866,0.2172232553411155,505.0,5.208333333333334e-07,-5.328376400854349,-0.2360696392592292,505.0,4033.0,1.0,505.0,True,1.0,dense_psl_satisfied,False,3.21868317299959,0.0,505.0,-13.025804004496637,-13.261873603725839,,0.0
uniform,Uniform,ok,ok,1.5528999938396737e-05,False,,none,681.838218645693,10227573.279685395,1.0,3.357142857142857,3046511.1896935217,307181250000.0,8.103883268379611e+18,8.103883268379611e+18,8.103883268379611e+18,1.2339763134322048e-19,0.05265554581750531,-13.261873643755866,-9.681440266323808,0.0078125,0.0,128,0.0,307181250000.0,307181250000.0,10.227573279685394,3.0465111896935215,307181250000.0,8.103883268379611e+18,8.103883268379611e+18,8.103883268379611e+18,0.0,0.0,9.370439618768943e+18,355190624027.6477,26381438.54281344,1.8740879237537886e+19,710381250000.0,0.5,0.048967814805899595,False,False,False,False,-0.13516509383961303,False,False,True,-13.261873643755866,-13.46286042717158,-13.261873643755866,-13.261873643755866,0.0,True,0.25,4,32,-7.486979166666667e-07,5.208333333333334e-07,26,128,15000.0,1920000.0,1,1.0,15000.0,exponential_tdl,,,,,,,,,,,,,,,,,,,,,,,,,,,,
water_filling,Water-filling,ok,ok,0.00018406500021228567,False,,none,684.8255815010762,10272383.722516142,1.0000000000000004,3.3571428571428585,3059858.98117502,270737488313.06403,7.142444409166772e+18,7.142444409166772e+18,7.009065811172135e+18,1.400080900477962e-19,0.05608765372065129,-13.777132047304203,-10.743336101223868,0.008500318166468904,3.281622916515691e-06,128,71103.9679805683,265681714050.4822,265681714050.48233,10.272383722516143,3.05985898117502,270737488313.06403,7.14244440916677e+18,7.009065811172135e+18,7.142444409166772e+18,1.8674082758481991,71103.9679805683,9.370439618768943e+18,355190624027.6477,26381438.54281344,1.8740879237537886e+19,710381250000.0,0.5,0.048967814805899595,False,False,False,False,-0.25200245705302754,False,False,True,-13.261873643755866,-13.817676246443861,-13.760263954405705,-13.760263954405705,0.49839031064983885,True,0.25,4,32,-7.975260416666667e-07,5.208333333333334e-07,26,128,15000.0,1920000.0,1,1.0,15000.0,exponential_tdl,0.008578985765153247,,,,,,,,,,,,,,,,,,,,,,,,,,,
conventional_s2,Conventional $S_2$,ok,optimal,0.011916300001757918,False,,conventional_s2,678.2896349792416,10174344.524688624,0.9999999990510556,3.3571428544315878,3030655.818312291,355190623854.3064,9.37043961419595e+18,9.37043961419595e+18,9.237061199274949e+18,1.0671857897520928e-19,0.048967814817848315,-10.131053653404678,-5.767463896555627,0.015784188270266855,3.819894685673053e-06,128,71103.91921612227,350134856863.46967,350134856531.2112,10.174344524688625,3.030655818312291,355190623854.3064,9.37043961419595e+18,9.237061199274949e+18,9.37043961419595e+18,1.4233954906335073,71103.91921612227,9.370439618768943e+18,355190624027.6477,26381438.54281344,1.8740879237537886e+19,710381250000.0,0.5,0.048967814805899595,True,False,False,True,-0.01423395538741194,True,True,True,-13.261873643755866,-10.718664379550983,-10.131053653404678,-10.131053653404678,-3.1308199903511884,False,0.25,4,32,-7.161458333333333e-07,5.208333333333334e-07,26,128,15000.0,1920000.0,1,1.0,15000.0,exponential_tdl,,known_amplitude_linear,355190624027.6477,,,,,,,,,,,,,,,,,,,,,,,,,
exact_efim,Exact EFIM,ok,optimal,0.01596614300069632,False,,exact_efim,677.912366919049,10168685.503785735,0.9999999990087316,3.357142854310662,3028970.152619174,356461871963.8552,9.403976968070679e+18,9.403976968070679e+18,9.37043964672458e+18,1.0633798906519017e-19,0.04888041999839986,-10.143961678645933,-5.90877511693435,0.014173477937524596,2.8160496870160226e-06,128,35654.54918796396,355190625439.40765,355190625087.3184,10.168685503785735,3.0289701526191743,356461871963.8552,9.403976968070679e+18,9.37043964672458e+18,9.403976968070679e+18,0.35662913105772653,35654.54918796396,9.370439618768943e+18,355190624027.6477,26381438.54281344,1.8740879237537886e+19,710381250000.0,0.5,0.048967814805899595,True,True,True,True,2.983385770717203e-09,False,False,True,-13.261873643755866,-10.66572436971458,-10.143961678645933,-10.143961678645933,-3.1179119651099327,False,0.25,4,32,-7.161458333333333e-07,5.208333333333334e-07,26,128,15000.0,1920000.0,1,1.0,15000.0,exponential_tdl,,unknown_amplitude_exact,,9.370439618768943e+18,355190624027.6477,quad_over_lin,1e-12,,,,,,,,,,,,,,,,,,,,,
exact_efim_cutting_plane_psl,Exact EFIM+cutting-plane PSL,ok,optimal,2.8955489069994655,False,,exact_efim,675.1351116586028,10127026.674879042,0.9999999991467277,3.3571428547049362,3016561.139388607,355700455762.2555,9.383889713342673e+18,9.383889713342673e+18,9.370439587017378e+18,1.0656561730239965e-19,0.048932709005791185,-13.015938560848213,-4.920009064530947,0.023823184126333344,6.592186521849268e-06,128,22579.480476745957,355190623127.1651,355190622824.09076,10.127026674879042,3.0165611393886067,355700455762.2555,9.383889713342673e+18,9.370439587017378e+18,9.383889713342673e+18,0.1433321014650329,22579.480476745957,9.370439618768943e+18,355190624027.6477,26381438.54281344,1.8740879237537886e+19,710381250000.0,0.5,0.048967814805899595,True,True,True,True,-3.388481928681529e-09,False,False,True,-13.261873643755866,-13.26187362085683,-13.015938560848213,-13.015938560848213,-0.24593508290765342,True,0.25,4,32,-6.8359375e-07,5.208333333333334e-07,26,128,15000.0,1920000.0,1,1.0,15000.0,exponential_tdl,,unknown_amplitude_exact,,9.370439618768943e+18,355190624027.6477,quad_over_lin,1e-12,-13.261873643755866,0.2172232553411155,505.0,5.208333333333334e-07,-4.922682324407745,-0.24593508290765342,505.0,4033.0,1.0,505.0,True,1.0,dense_psl_satisfied,False,2.8955489069994655,0.0,505.0,-13.015938560848213,-13.26187362085683,,0.0
uniform,Uniform,ok,ok,1.5942998288664967e-05,False,,none,549.0081536108701,8235122.304163051,1.0,3.357142857142857,2453015.154431547,307181250000.0,8.103883268379611e+18,8.103883268379611e+18,8.103883268379611e+18,1.2339763134322048e-19,0.05265554581750531,-13.261873643755866,-9.681440266323808,0.0078125,0.0,128,0.0,307181250000.0,307181250000.0,8.23512230416305,2.453015154431547,307181250000.0,8.103883268379611e+18,8.103883268379611e+18,8.103883268379611e+18,0.0,0.0,9.370439618768943e+18,355190624027.6477,26381438.54281344,1.8740879237537886e+19,710381250000.0,0.5,0.048967814805899595,False,False,False,False,-0.13516509383961303,False,False,True,-13.261873643755866,-13.46286042717158,-13.261873643755866,-13.261873643755866,0.0,True,0.25,4,32,-7.486979166666667e-07,5.208333333333334e-07,27,128,15000.0,1920000.0,1,1.0,15000.0,exponential_tdl,,,,,,,,,,,,,,,,,,,,,,,,,,,,
water_filling,Water-filling,ok,ok,0.0002314849989488721,False,,none,549.0236289393315,8235354.434089973,0.9999999999998483,3.357142857142424,2453084.2995164786,306874093160.7626,8.095780029102265e+18,8.095780029102265e+18,8.094951243394226e+18,1.2352114267003982e-19,0.052681891257382645,-13.287382198517077,-9.700644785154031,0.00797720566849547,1.1411674054148244e-08,128,-5604.951900267899,306842677675.00476,306842677674.95825,8.235354434089972,2.4530842995164788,306874093160.7626,8.095780029102263e+18,8.094951243394226e+18,8.095780029102265e+18,0.010237255768559604,5604.951900267899,9.370439618768943e+18,355190624027.6477,26381438.54281344,1.8740879237537886e+19,710381250000.0,0.5,0.048967814805899595,False,False,False,False,-0.1361183068529592,False,False,True,-13.261873643755866,-13.48671015651854,-13.287382198517077,-13.287382198517077,0.0255085547612115,True,0.25,4,32,-7.486979166666667e-07,5.208333333333334e-07,27,128,15000.0,1920000.0,1,1.0,15000.0,exponential_tdl,0.008247701415214146,,,,,,,,,,,,,,,,,,,,,,,,,,,
conventional_s2,Conventional $S_2$,ok,optimal,0.01175301699913689,False,,conventional_s2,546.6211957233563,8199317.935850345,0.9999999990634287,3.3571428544669395,2442350.0253915363,355190623801.3619,9.3704396127992e+18,9.3704396127992e+18,9.369610912074672e+18,1.0671857899111667e-19,0.04896781482149787,-10.535077934940453,-6.235807400213553,0.01154361035417816,1.9124916107042954e-06,128,-5604.664530230012,355159211869.5268,355159211536.8949,8.199317935850345,2.4423500253915362,355190623801.3619,9.370439612799197e+18,9.369610912074672e+18,9.3704396127992e+18,0.008843776373044137,5604.664530230012,9.370439618768943e+18,355190624027.6477,26381438.54281344,1.8740879237537886e+19,710381250000.0,0.5,0.048967814805899595,True,False,True,True,-8.843840075668176e-05,True,False,True,-13.261873643755866,-11.001958937457083,-10.528024619147335,-10.528024619147335,-2.7338490246085314,False,0.25,4,32,-6.998697916666667e-07,5.208333333333334e-07,27,128,15000.0,1920000.0,1,1.0,15000.0,exponential_tdl,,known_amplitude_linear,355190624027.6477,,,,,,,,,,,,,,,,,,,,,,,,,
exact_efim,Exact EFIM,ok,optimal,0.01317779799865093,False,,exact_efim,546.6191502649715,8199287.253974573,0.9999999982865664,3.3571428522473328,2442340.887724161,355204904122.80945,9.37081634822184e+18,9.37081634822184e+18,9.370439541234729e+18,1.067142885784711e-19,0.04896683048378671,-10.534585254126632,-6.235434464950017,0.011476844961901945,1.909873648794965e-06,128,-3779.2901654469556,355190621697.27484,355190621088.67926,8.199287253974573,2.442340887724161,355204904122.80945,9.370816348221837e+18,9.370439541234729e+18,9.37081634822184e+18,0.0040210689560883466,3779.2901654469556,9.370439618768943e+18,355190624027.6477,26381438.54281344,1.8740879237537886e+19,710381250000.0,0.5,0.048967814805899595,True,True,True,True,-8.27434115136918e-09,False,False,True,-13.261873643755866,-11.001072776071428,-10.527422471966677,-10.527422471966677,-2.734451171789189,False,0.25,4,32,-6.998697916666667e-07,5.208333333333334e-07,27,128,15000.0,1920000.0,1,1.0,15000.0,exponential_tdl,,unknown_amplitude_exact,,9.370439618768943e+18,355190624027.6477,quad_over_lin,1e-12,,,,,,,,,,,,,,,,,,,,,
exact_efim_cutting_plane_psl,Exact EFIM+cutting-plane PSL,ok,optimal,2.748709595998662,False,,exact_efim,544.2473184817278,8163709.777225917,0.9999999992588726,3.3571428550253506,2431743.3394308956,355196316689.3202,9.370589799373e+18,9.370589799373e+18,9.370439597444674e+18,1.0671686856540358e-19,0.048967422405547543,-13.028676418932292,-5.418218651477944,0.017692096253989518,4.7794202404766924e-06,128,-2386.099323686102,355190623482.58344,355190623219.3419,8.163709777225916,2.431743339430896,355196316689.3202,9.370589799373e+18,9.370439597444674e+18,9.370589799373e+18,0.0016029079443560556,2386.099323686102,9.370439618768943e+18,355190624027.6477,26381438.54281344,1.8740879237537886e+19,710381250000.0,0.5,0.048967814805899595,True,True,True,True,-2.2756957448706673e-09,False,False,True,-13.261873643755866,-13.261873622965833,-13.028676418932292,-13.028676418932292,-0.23319722482357363,True,0.25,4,32,-6.8359375e-07,5.208333333333334e-07,27,128,15000.0,1920000.0,1,1.0,15000.0,exponential_tdl,,unknown_amplitude_exact,,9.370439618768943e+18,355190624027.6477,quad_over_lin,1e-12,-13.261873643755866,0.2172232553411155,505.0,5.208333333333334e-07,-5.421062087071208,-0.23319722482357363,505.0,4033.0,1.0,505.0,True,1.0,dense_psl_satisfied,False,2.748709595998662,0.0,505.0,-13.028676418932292,-13.261873622965833,,0.0
uniform,Uniform,ok,ok,1.5834997611818835e-05,False,,none,597.701008272757,8965515.124091355,1.0,3.357142857142857,2670578.973133595,307181250000.0,8.103883268379611e+18,8.103883268379611e+18,8.103883268379611e+18,1.2339763134322048e-19,0.05265554581750531,-13.261873643755866,-9.681440266323808,0.0078125,0.0,128,0.0,307181250000.0,307181250000.0,8.965515124091356,2.6705789731335954,307181250000.0,8.103883268379611e+18,8.103883268379611e+18,8.103883268379611e+18,0.0,0.0,9.370439618768943e+18,355190624027.6477,26381438.54281344,1.8740879237537886e+19,710381250000.0,0.5,0.048967814805899595,False,False,False,False,-0.13516509383961303,False,False,True,-13.261873643755866,-13.46286042717158,-13.261873643755866,-13.261873643755866,0.0,True,0.25,4,32,-7.486979166666667e-07,5.208333333333334e-07,28,128,15000.0,1920000.0,1,1.0,15000.0,exponential_tdl,,,,,,,,,,,,,,,,,,,,,,,,,,,,
water_filling,Water-filling,ok,ok,0.00023090499962563626,False,,none,597.7802304938406,8966703.457407609,0.9999999999995594,3.357142857141598,2670932.9447607147,310051155126.5326,8.179595494098936e+18,8.179595494098936e+18,8.178911896834638e+18,1.2225543435753482e-19,0.05241128331703811,-12.950706846458168,-9.41005125137939,0.00804236368127542,5.9261999506517644e-08,128,-5090.388409382944,310025243072.5108,310025243072.3742,8.96670345740761,2.6709329447607146,310051155126.5326,8.179595494098936e+18,8.178911896834638e+18,8.179595494098936e+18,0.008357348047237256,5090.388409382944,9.370439618768943e+18,355190624027.6477,26381438.54281344,1.8740879237537886e+19,710381250000.0,0.5,0.048967814805899595,False,False,False,False,-0.1271581452323412,False,False,True,-13.261873643755866,-13.16511638538219,-12.950706846458168,-12.950706846458168,-0.31116679729769814,False,0.25,4,32,-7.486979166666667e-07,5.208333333333334e-07,28,128,15000.0,1920000.0,1,1.0,15000.0,exponential_tdl,0.008190719773557387,,,,,,,,,,,,,,,,,,,,,,,,,,,
conventional_s2,Conventional $S_2$,ok,optimal,0.011882326998602366,False,,conventional_s2,595.6466550530482,8934699.825795723,0.999999998475529,3.357142852787226,2661399.9515623236,355190623597.95264,9.370439607432968e+18,9.370439607432968e+18,9.369756011825824e+18,1.0671857905223189e-19,0.04896781483551923,-10.420008660378992,-6.2254501208437105,0.011316599177337839,1.933242194980986e-06,128,-5090.382243285458,355164712148.04767,355164711606.6094,8.934699825795724,2.6613999515623235,355190623597.95264,9.370439607432968e+18,9.369756011825824e+18,9.370439607432968e+18,0.007295235184080323,5090.382243285458,9.370439618768943e+18,355190624027.6477,26381438.54281344,1.8740879237537886e+19,710381250000.0,0.5,0.048967814805899595,True,False,True,True,-7.295356151168177e-05,True,False,True,-13.261873643755866,-10.901601049439718,-10.418013426078423,-10.418013426078423,-2.8438602176774435,False,0.25,4,32,-6.998697916666667e-07,5.208333333333334e-07,28,128,15000.0,1920000.0,1,1.0,15000.0,exponential_tdl,,known_amplitude_linear,355190624027.6477,,,,,,,,,,,,,,,,,,,,,,,,,
exact_efim,Exact EFIM,ok,optimal,0.014915888001269195,False,,exact_efim,595.645006997483,8934675.104962246,0.9999999982097149,3.357142852027757,2661392.588511862,355203035326.43317,9.370767046685086e+18,9.370767046685086e+18,9.370439627113128e+18,1.0671485002433719e-19,0.04896695929591091,-10.419085950695521,-6.224016703942529,0.011288653803243688,1.9327843479454006e-06,128,-3522.92243990694,355190624979.8303,355190624343.9378,8.934675104962247,2.6613925885118617,355203035326.43317,9.370767046685088e+18,9.370439627113128e+18,9.370767046685086e+18,0.0034940530516505033,3522.92243990694,9.370439618768943e+18,355190624027.6477,26381438.54281344,1.8740879237537886e+19,710381250000.0,0.5,0.048967814805899595,True,True,True,True,8.904795475429606e-10,False,False,True,-13.261873643755866,-10.901218403703663,-10.417217963076908,-10.417217963076908,-2.844655680678958,False,0.25,4,32,-6.998697916666667e-07,5.208333333333334e-07,28,128,15000.0,1920000.0,1,1.0,15000.0,exponential_tdl,,unknown_amplitude_exact,,9.370439618768943e+18,355190624027.6477,quad_over_lin,1e-12,,,,,,,,,,,,,,,,,,,,,
exact_efim_cutting_plane_psl,Exact EFIM+cutting-plane PSL,ok,optimal,2.712277890997939,False,,exact_efim,592.9909403215001,8894864.104822502,0.9999999990757138,3.3571428545020394,2649533.9907547263,355196515781.2905,9.37059505170558e+18,9.37059505170558e+18,9.370439575839998e+18,1.0671680874929986e-19,0.04896740868212748,-13.028558683995193,-5.399910763061361,0.0178799417529471,4.84424095787627e-06,128,-2427.628655450362,355190622728.705,355190622400.4072,8.894864104822501,2.649533990754726,355196515781.2905,9.37059505170558e+18,9.370439575839998e+18,9.37059505170558e+18,0.0016591888212400046,2427.628655450362,9.370439618768943e+18,355190624027.6477,26381438.54281344,1.8740879237537886e+19,710381250000.0,0.5,0.048967814805899595,True,True,True,True,-4.58131602129035e-09,False,False,True,-13.261873643755866,-13.261873620266138,-13.028558683995193,-13.028558683995193,-0.23331495976067274,True,0.25,4,32,-6.8359375e-07,5.208333333333334e-07,28,128,15000.0,1920000.0,1,1.0,15000.0,exponential_tdl,,unknown_amplitude_exact,,9.370439618768943e+18,355190624027.6477,quad_over_lin,1e-12,-13.261873643755866,0.2172232553411155,505.0,5.208333333333334e-07,-5.40276400834479,-0.23331495976067274,505.0,4033.0,1.0,505.0,True,1.0,dense_psl_satisfied,False,2.712277890997939,0.0,505.0,-13.028558683995193,-13.261873620266138,,0.0
uniform,Uniform,ok,ok,1.4437999197980389e-05,False,,none,524.7306964817498,7870960.447226247,1.0,3.357142857142857,2344541.4098120737,307181250000.0,8.103883268379611e+18,8.103883268379611e+18,8.103883268379611e+18,1.2339763134322048e-19,0.05265554581750531,-13.261873643755866,-9.681440266323808,0.0078125,0.0,128,0.0,307181250000.0,307181250000.0,7.870960447226246,2.3445414098120736,307181250000.0,8.103883268379611e+18,8.103883268379611e+18,8.103883268379611e+18,0.0,0.0,9.370439618768943e+18,355190624027.6477,26381438.54281344,1.8740879237537886e+19,710381250000.0,0.5,0.048967814805899595,False,False,False,False,-0.13516509383961303,False,False,True,-13.261873643755866,-13.46286042717158,-13.261873643755866,-13.261873643755866,0.0,True,0.25,4,32,-7.486979166666667e-07,5.208333333333334e-07,29,128,15000.0,1920000.0,1,1.0,15000.0,exponential_tdl,,,,,,,,,,,,,,,,,,,,,,,,,,,,
water_filling,Water-filling,ok,ok,0.0002344269996683579,False,,none,529.6896850838357,7945345.276257535,0.9999999999999222,3.357142857142635,2366698.592927933,294702526897.06726,7.774676601746805e+18,7.774676601746805e+18,7.594089019960889e+18,1.28622713358305e-19,0.05375879689268489,-15.67575909689566,-8.848841912166808,0.008958126833827238,4.124098240960307e-06,123,-82736.03508195942,287857275396.00696,287857275395.98456,7.945345276257536,2.3666985929279334,294702526897.06726,7.774676601746805e+18,7.594089019960889e+18,7.774676601746805e+18,2.3227664768119256,82736.03508195942,9.370439618768943e+18,355190624027.6477,26381438.54281344,1.8740879237537886e+19,710381250000.0,0.5,0.048967814805899595,False,False,False,False,-0.18956961157404317,False,False,True,-13.261873643755866,-15.84169677975112,-15.67575909689566,-15.67575909689566,2.4138854531397946,True,0.25,4,32,-7.486979166666667e-07,5.208333333333334e-07,29,128,15000.0,1920000.0,1,1.0,15000.0,exponential_tdl,0.009052925797520296,,,,,,,,,,,,,,,,,,,,,,,,,,,
conventional_s2,Conventional $S_2$,ok,optimal,0.014594410997233354,False,,conventional_s2,526.5420007970126,7898130.0119551895,0.9999999992397292,3.357142854970655,2352634.4731684728,355190623815.6134,9.370439613175173e+18,9.370439613175173e+18,9.17118917924278e+18,1.0671857898683475e-19,0.04896781482051549,-11.574046131810917,-5.1302309430628235,0.013805608013641986,7.100628588932983e-06,128,-86906.12811400251,347637948981.8871,347637948717.5881,7.89813001195519,2.352634473168473,355190623815.6134,9.370439613175173e+18,9.17118917924278e+18,9.370439613175173e+18,2.1263723171775233,86906.12811400251,9.370439618768943e+18,355190624027.6477,26381438.54281344,1.8740879237537886e+19,710381250000.0,0.5,0.048967814805899595,True,False,False,False,-0.02126372375604084,True,True,True,-13.261873643755866,-11.836051905542186,-11.566913529899171,-11.566913529899171,-1.6949601138566948,False,0.25,4,32,-6.998697916666667e-07,5.208333333333334e-07,29,128,15000.0,1920000.0,1,1.0,15000.0,exponential_tdl,,known_amplitude_linear,355190624027.6477,,,,,,,,,,,,,,,,,,,,,,,,,
exact_efim,Exact EFIM,ok,optimal,0.0165556120009569,False,,exact_efim,526.065033186916,7890975.49780374,0.9999999981082419,3.357142851737834,2350503.3435556535,358030046443.8292,9.445347666738522e+18,9.445347666738522e+18,9.370439556474214e+18,1.0587222781872463e-19,0.04877325420670711,-11.453258467566531,-4.839160340292486,0.015401303376471474,7.0810954442601635e-06,128,-53286.253225968736,355190622338.27344,355190621666.3387,7.8909754978037405,2.3505033435556535,358030046443.8292,9.445347666738522e+18,9.370439556474214e+18,9.445347666738522e+18,0.7930688515372931,53286.253225968736,9.370439618768943e+18,355190624027.6477,26381438.54281344,1.8740879237537886e+19,710381250000.0,0.5,0.048967814805899595,True,True,True,True,-6.6480049216926785e-09,False,False,True,-13.261873643755866,-11.71808756283281,-11.45105480041843,-11.45105480041843,-1.8108188433374366,False,0.25,4,32,-6.998697916666667e-07,5.208333333333334e-07,29,128,15000.0,1920000.0,1,1.0,15000.0,exponential_tdl,,unknown_amplitude_exact,,9.370439618768943e+18,355190624027.6477,quad_over_lin,1e-12,,,,,,,,,,,,,,,,,,,,,
exact_efim_cutting_plane_psl,Exact EFIM+cutting-plane PSL,ok,optimal,3.2291357920003065,False,,exact_efim,525.2663703555158,7878995.555332738,0.9999999992353183,3.3571428549580524,2346934.847796695,356810497702.51917,9.413174216569686e+18,9.413174216569686e+18,9.370439592853727e+18,1.0623409032839682e-19,0.04885653457856009,-13.089364662312317,-4.4098913279901195,0.019100773219006252,8.893904239576192e-06,128,-40247.66649680136,355190623316.92786,355190623045.3201,7.878995555332738,2.3469348477966947,356810497702.51917,9.413174216569686e+18,9.370439592853727e+18,9.413174216569686e+18,0.45398738759912144,40247.66649680136,9.370439618768943e+18,355190624027.6477,26381438.54281344,1.8740879237537886e+19,710381250000.0,0.5,0.048967814805899595,True,True,True,True,-2.7656350103459342e-09,False,False,True,-13.261873643755866,-13.261873622731004,-13.089364662312317,-13.089364662312317,-0.1725089814435492,True,0.25,4,32,-6.8359375e-07,5.208333333333334e-07,29,128,15000.0,1920000.0,1,1.0,15000.0,exponential_tdl,,unknown_amplitude_exact,,9.370439618768943e+18,355190624027.6477,quad_over_lin,1e-12,-13.261873643755866,0.2172232553411155,505.0,5.208333333333334e-07,-4.414331855118354,-0.1725089814435492,505.0,4033.0,1.0,505.0,True,1.0,dense_psl_satisfied,False,3.2291357920003065,0.0,505.0,-13.089364662312317,-13.261873622731004,,0.0
uniform,Uniform,ok,ok,1.6612997569609433e-05,False,,none,660.492642702978,9907389.64054467,1.0,3.357142857142857,2951137.33973671,307181250000.0,8.103883268379611e+18,8.103883268379611e+18,8.103883268379611e+18,1.2339763134322048e-19,0.05265554581750531,-13.261873643755866,-9.681440266323808,0.0078125,0.0,128,0.0,307181250000.0,307181250000.0,9.90738964054467,2.95113733973671,307181250000.0,8.103883268379611e+18,8.103883268379611e+18,8.103883268379611e+18,0.0,0.0,9.370439618768943e+18,355190624027.6477,26381438.54281344,1.8740879237537886e+19,710381250000.0,0.5,0.048967814805899595,False,False,False,False,-0.13516509383961303,False,False,True,-13.261873643755866,-13.46286042717158,-13.261873643755866,-13.261873643755866,0.0,True,0.25,4,32,-7.486979166666667e-07,5.208333333333334e-07,30,128,15000.0,1920000.0,1,1.0,15000.0,exponential_tdl,,,,,,,,,,,,,,,,,,,,,,,,,,,,
water_filling,Water-filling,ok,ok,0.0001680489986028988,False,,none,660.5636220463549,9908454.330695324,1.0000000000009837,3.357142857145668,2951454.4814812425,305507003728.9608,8.059714243274656e+18,8.059714243274656e+18,8.059511815542089e+18,1.2407387778474151e-19,0.052799630729058,-13.757926153856516,-9.819133747525056,0.008031677394602534,5.1911844736615795e-08,128,2770.0382662417896,305499330616.6638,305499330616.96436,9.908454330695324,2.9514544814812425,305507003728.9608,8.059714243274656e+18,8.059511815542089e+18,8.059714243274656e+18,0.002511599375076526,2770.0382662417896,9.370439618768943e+18,355190624027.6477,26381438.54281344,1.8740879237537886e+19,710381250000.0,0.5,0.048967814805899595,False,False,False,False,-0.13990035223118802,False,False,True,-13.261873643755866,-13.98902700182603,-13.757926153856516,-13.757926153856516,0.4960525101006503,True,0.25,4,32,-7.486979166666667e-07,5.208333333333334e-07,30,128,15000.0,1920000.0,1,1.0,15000.0,exponential_tdl,0.008108089809474963,,,,,,,,,,,,,,,,,,,,,,,,,,,
conventional_s2,Conventional $S_2$,ok,optimal,0.011830228999315295,False,,conventional_s2,657.9421088870083,9869131.633305125,0.9999999992240296,3.357142854925799,2939741.339521656,355190623903.323,9.370439615489077e+18,9.370439615489077e+18,9.370237196765716e+18,1.0671857896048203e-19,0.04896781481446952,-10.802968483599212,-6.213534091508213,0.01172981789078536,2.01002043679833e-06,128,2769.9766252671943,355182951408.43585,355182951132.8244,9.869131633305125,2.939741339521656,355190623903.323,9.370439615489077e+18,9.370237196765716e+18,9.370439615489077e+18,0.002160183851205609,2769.9766252671943,9.370439618768943e+18,355190624027.6477,26381438.54281344,1.8740879237537886e+19,710381250000.0,0.5,0.048967814805899595,True,False,True,True,-2.1602188527118166e-05,True,False,True,-13.261873643755866,-11.225063251310674,-10.781667997500508,-10.781667997500508,-2.4802056462553583,False,0.25,4,32,-6.998697916666667e-07,5.208333333333334e-07,30,128,15000.0,1920000.0,1,1.0,15000.0,exponential_tdl,,known_amplitude_linear,355190624027.6477,,,,,,,,,,,,,,,,,,,,,,,,,
exact_efim,Exact EFIM,ok,optimal,0.015392437002446968,False,,exact_efim,657.9415857105721,9869123.785658581,0.9999999986214834,3.3571428532042384,2939739.0034323256,355194028800.2564,9.37052944156827e+18,9.37052944156827e+18,9.370439595838487e+18,1.0671755595408898e-19,0.04896758011068996,-10.802665095181379,-6.2129025389889385,0.011765189694383817,2.0102567215462122e-06,128,1845.4381057863916,355190623648.095,355190623158.4588,9.869123785658582,2.9397390034323254,355194028800.2564,9.37052944156827e+18,9.370439595838487e+18,9.37052944156827e+18,0.0009588116695439489,1845.4381057863916,9.370439618768943e+18,355190624027.6477,26381438.54281344,1.8740879237537886e+19,710381250000.0,0.5,0.048967814805899595,True,True,True,True,-2.447105739849218e-09,False,False,True,-13.261873643755866,-11.22500710574988,-10.781420663976784,-10.781420663976784,-2.4804529797790824,False,0.25,4,32,-6.998697916666667e-07,5.208333333333334e-07,30,128,15000.0,1920000.0,1,1.0,15000.0,exponential_tdl,,unknown_amplitude_exact,,9.370439618768943e+18,355190624027.6477,quad_over_lin,1e-12,,,,,,,,,,,,,,,,,,,,,
exact_efim_cutting_plane_psl,Exact EFIM+cutting-plane PSL,ok,optimal,3.139456965000136,False,,exact_efim,655.9942000377198,9839913.000565797,0.9999999991696327,3.3571428547703794,2931037.9171335036,355192503926.1999,9.370489213197062e+18,9.370489213197062e+18,9.370439592391682e+18,1.0671801410236253e-19,0.04896768522173758,-13.030014946612871,-5.431880657399927,0.017376314391832775,4.7335121138998995e-06,128,1371.4584920178636,355190623322.7448,355190623027.80615,9.839913000565797,2.9310379171335037,355192503926.1999,9.370489213197064e+18,9.370439592391682e+18,9.370489213197062e+18,0.0005295433808323671,1371.4584920178636,9.370439618768943e+18,355190624027.6477,26381438.54281344,1.8740879237537886e+19,710381250000.0,0.5,0.048967814805899595,True,True,True,True,-2.8149438157806897e-09,False,False,True,-13.261873643755866,-13.261873621035745,-13.030014946612871,-13.030014946612871,-0.23185869714299479,True,0.25,4,32,-6.8359375e-07,5.208333333333334e-07,30,128,15000.0,1920000.0,1,1.0,15000.0,exponential_tdl,,unknown_amplitude_exact,,9.370439618768943e+18,355190624027.6477,quad_over_lin,1e-12,-13.261873643755866,0.2172232553411155,505.0,5.208333333333334e-07,-5.434746377029205,-0.23185869714299479,505.0,4033.0,1.0,505.0,True,1.0,dense_psl_satisfied,False,3.139456965000136,0.0,505.0,-13.030014946612871,-13.261873621035745,,0.0
uniform,Uniform,ok,ok,1.4818000636296347e-05,False,,none,669.8043086503174,10047064.62975476,1.0,3.357142857142857,2992742.6556716305,307181250000.0,8.103883268379611e+18,8.103883268379611e+18,8.103883268379611e+18,1.2339763134322048e-19,0.05265554581750531,-13.261873643755866,-9.681440266323808,0.0078125,0.0,128,0.0,307181250000.0,307181250000.0,10.04706462975476,2.9927426556716306,307181250000.0,8.103883268379611e+18,8.103883268379611e+18,8.103883268379611e+18,0.0,0.0,9.370439618768943e+18,355190624027.6477,26381438.54281344,1.8740879237537886e+19,710381250000.0,0.5,0.048967814805899595,False,False,False,False,-0.13516509383961303,False,False,True,-13.261873643755866,-13.46286042717158,-13.261873643755866,-13.261873643755866,0.0,True,0.25,4,32,-7.486979166666667e-07,5.208333333333334e-07,31,128,15000.0,1920000.0,1,1.0,15000.0,exponential_tdl,,,,,,,,,,,,,,,,,,,,,,,,,,,,
water_filling,Water-filling,ok,ok,0.00025959100094041787,False,,none,669.8234764975375,10047352.147463063,1.0000000000002,3.3571428571434287,2992828.299243807,304408979833.5558,8.030746793359489e+18,8.030746793359489e+18,8.030701892942789e+18,1.2452142070110911e-19,0.05289477094165069,-13.506714162127885,-9.908527642702685,0.007939892777201418,1.353479688412402e-08,128,-1304.5957191062953,304407277863.5046,304407277863.5655,10.047352147463062,2.992828299243807,304408979833.5558,8.030746793359487e+18,8.030701892942789e+18,8.030746793359489e+18,0.0005591063677607607,1304.5957191062953,9.370439618768943e+18,355190624027.6477,26381438.54281344,1.8740879237537886e+19,710381250000.0,0.5,0.048967814805899595,False,False,False,False,-0.14297490622987064,False,False,True,-13.261873643755866,-13.690790506580043,-13.506714162127885,-13.506714162127885,0.24484051837201903,True,0.25,4,32,-7.486979166666667e-07,5.208333333333334e-07,31,128,15000.0,1920000.0,1,1.0,15000.0,exponential_tdl,0.008053567449899532,,,,,,,,,,,,,,,,,,,,,,,,,,,
conventional_s2,Conventional $S_2$,ok,optimal,0.01285631300197565,False,,conventional_s2,667.0524682555426,10005787.023833139,0.9999999990383355,3.3571428543952444,2980447.201027905,355190623786.807,9.370439612415218e+18,9.370439612415218e+18,9.370394705224147e+18,1.0671857899548977e-19,0.04896781482250116,-10.604358747393633,-6.233531398660946,0.011621687251283196,1.925735215770216e-06,128,-1304.694131749634,355188921901.6038,355188921560.03125,10.00578702383314,2.9804472010279053,355190623786.807,9.370439612415218e+18,9.370394705224147e+18,9.370439612415218e+18,0.0004792431617746185,1304.694131749634,9.370439618768943e+18,355190624027.6477,26381438.54281344,1.8740879237537886e+19,710381250000.0,0.5,0.048967814805899595,True,False,True,True,-4.793109675046451e-06,True,False,True,-13.261873643755866,-11.060014386763248,-10.593737332958176,-10.593737332958176,-2.6681363107976903,False,0.25,4,32,-6.998697916666667e-07,5.208333333333334e-07,31,128,15000.0,1920000.0,1,1.0,15000.0,exponential_tdl,,known_amplitude_linear,355190624027.6477,,,,,,,,,,,,,,,,,,,,,,,,,
exact_efim,Exact EFIM,ok,optimal,0.0129412370006321,False,,exact_efim,667.0523496980265,10005785.245470399,0.9999999994533497,3.3571428555809995,2980446.670250129,355191363050.2888,9.37045911524933e+18,9.37045911524933e+18,9.370439592946885e+18,1.0671835688100026e-19,0.04896776386386325,-10.604280966287371,-6.233337612037974,0.011638906030163486,1.925885353877219e-06,128,-860.2333625071059,355190623243.0163,355190623048.85126,10.005785245470399,2.980446670250129,355191363050.2888,9.37045911524933e+18,9.370439592946885e+18,9.37045911524933e+18,0.00020833880395249501,860.2333625071059,9.370439618768943e+18,355190624027.6477,26381438.54281344,1.8740879237537886e+19,710381250000.0,0.5,0.048967814805899595,True,True,True,True,-2.755693387563007e-09,False,False,True,-13.261873643755866,-11.060010509707665,-10.593676213500549,-10.593676213500549,-2.668197430255317,False,0.25,4,32,-6.998697916666667e-07,5.208333333333334e-07,31,128,15000.0,1920000.0,1,1.0,15000.0,exponential_tdl,,unknown_amplitude_exact,,9.370439618768943e+18,355190624027.6477,quad_over_lin,1e-12,,,,,,,,,,,,,,,,,,,,,
exact_efim_cutting_plane_psl,Exact EFIM+cutting-plane PSL,ok,optimal,2.8735863889996835,False,,exact_efim,664.7219755399516,9970829.633099275,0.9999999993943312,3.357142855412375,2970034.360326471,355191101116.8597,9.370452205068669e+18,9.370452205068669e+18,9.370439620588737e+18,1.0671843557977699e-19,0.048967781919343666,-13.02907104203431,-5.422291865688256,0.017530562287715813,4.765630107237493e-06,128,-690.6665130356326,355190624311.7556,355190624096.62775,9.970829633099275,2.970034360326471,355191101116.8597,9.370452205068667e+18,9.370439620588737e+18,9.370452205068669e+18,0.00013429960109725332,690.6665130356326,9.370439618768943e+18,355190624027.6477,26381438.54281344,1.8740879237537886e+19,710381250000.0,0.5,0.048967814805899595,True,True,True,True,1.942057664354363e-10,False,False,True,-13.261873643755866,-13.261873635238368,-13.02907104203431,-13.02907104203431,-0.23280260172155565,True,0.25,4,32,-6.8359375e-07,5.208333333333334e-07,31,128,15000.0,1920000.0,1,1.0,15000.0,exponential_tdl,,unknown_amplitude_exact,,9.370439618768943e+18,355190624027.6477,quad_over_lin,1e-12,-13.261873643755866,0.2172232553411155,505.0,5.208333333333334e-07,-5.425140748139299,-0.23280260172155565,505.0,4033.0,1.0,505.0,True,1.0,dense_psl_satisfied,False,2.8735863889996835,0.0,505.0,-13.02907104203431,-13.261873635238368,,0.0
uniform,Uniform,ok,ok,1.5280998923117295e-05,False,,none,468.76936317499235,7031540.4476248855,1.0,3.357142857142857,2094501.4099308169,307181250000.0,8.103883268379611e+18,8.103883268379611e+18,8.103883268379611e+18,1.2339763134322048e-19,0.05265554581750531,-13.261873643755866,-9.681440266323808,0.0078125,0.0,128,0.0,307181250000.0,307181250000.0,7.031540447624885,2.094501409930817,307181250000.0,8.103883268379611e+18,8.103883268379611e+18,8.103883268379611e+18,0.0,0.0,9.370439618768943e+18,355190624027.6477,26381438.54281344,1.8740879237537886e+19,710381250000.0,0.5,0.048967814805899595,False,False,False,False,-0.13516509383961303,False,False,True,-13.261873643755866,-13.46286042717158,-13.261873643755866,-13.261873643755866,0.0,True,0.25,4,32,-7.486979166666667e-07,5.208333333333334e-07,32,128,15000.0,1920000.0,1,1.0,15000.0,exponential_tdl,,,,,,,,,,,,,,,,,,,,,,,,,,,,
water_filling,Water-filling,ok,ok,0.0002158960014639888,False,,none,477.9840067804204,7169760.1017063055,1.0000000000006664,3.357142857144761,2135673.221783646,270272750214.9872,7.130183949593853e+18,7.130183949593853e+18,6.90546836917422e+18,1.4024883608465132e-19,0.056135854795062,-15.54281232287103,-9.61521131657122,0.00897883244616629,5.796453890260209e-06,119,-92292.70093419094,261754807569.07913,261754807569.25354,7.169760101706306,2.135673221783646,270272750214.9872,7.130183949593853e+18,6.90546836917422e+18,7.130183949593853e+18,3.151609860394041,92292.70093419094,9.370439618768943e+18,355190624027.6477,26381438.54281344,1.8740879237537886e+19,710381250000.0,0.5,0.048967814805899595,False,False,False,False,-0.2630582288431162,False,False,True,-13.261873643755866,-15.844710916525111,-15.525862677523603,-15.525862677523603,2.2639890337677375,True,0.25,4,32,-8.300781250000001e-07,5.208333333333334e-07,32,128,15000.0,1920000.0,1,1.0,15000.0,exponential_tdl,0.009237908784370086,,,,,,,,,,,,,,,,,,,,,,,,,,,
conventional_s2,Conventional $S_2$,ok,optimal,0.016742250001698267,False,,conventional_s2,472.0110896163924,7080166.3442458855,0.999999996441006,3.357142846974303,2108985.7259505764,355190622823.89355,9.370439587012176e+18,9.370439587012176e+18,9.07386581577038e+18,1.0671857928480134e-19,0.048967814888876464,-11.58832883022082,-4.46826213942367,0.016645336260157337,9.947469177127279e-06,128,-106027.16127933019,343948865159.06177,343948863934.9498,7.080166344245885,2.108985725950576,355190622823.89355,9.370439587012176e+18,9.07386581577038e+18,9.370439587012176e+18,3.1649931520060095,106027.16127933019,9.370439618768943e+18,355190624027.6477,26381438.54281344,1.8740879237537886e+19,710381250000.0,0.5,0.048967814805899595,True,False,False,False,-0.031649934801834374,True,True,True,-13.261873643755866,-12.104667098256115,-11.58832883022082,-11.58832883022082,-1.6735448135350453,False,0.25,4,32,-7.161458333333333e-07,5.208333333333334e-07,32,128,15000.0,1920000.0,1,1.0,15000.0,exponential_tdl,,known_amplitude_linear,355190624027.6477,,,,,,,,,,,,,,,,,,,,,,,,,
exact_efim,Exact EFIM,ok,optimal,0.014639586002886062,False,,exact_efim,471.2342460602306,7068513.690903459,0.9999999961249408,3.35714284607126,2105514.723383153,358106947907.50183,9.447376437976254e+18,9.447376437976254e+18,9.370439505659513e+18,1.0584949235009126e-19,0.04876801703378652,-11.68623947692176,-4.077741314066523,0.01942004167609889,1.0128936117935266e-05,128,-54003.03860541215,355190621116.56976,355190619740.1851,7.068513690903459,2.105514723383153,358106947907.50183,9.447376437976252e+18,9.370439505659513e+18,9.447376437976254e+18,0.8143735228700433,54003.03860541215,9.370439618768943e+18,355190624027.6477,26381438.54281344,1.8740879237537886e+19,710381250000.0,0.5,0.048967814805899595,True,True,True,True,-1.2070877661432489e-08,False,False,True,-13.261873643755866,-12.04591510432228,-11.651006935972323,-11.651006935972323,-1.6108667077835435,False,0.25,4,32,-6.998697916666667e-07,5.208333333333334e-07,32,128,15000.0,1920000.0,1,1.0,15000.0,exponential_tdl,,unknown_amplitude_exact,,9.370439618768943e+18,355190624027.6477,quad_over_lin,1e-12,,,,,,,,,,,,,,,,,,,,,
exact_efim_cutting_plane_psl,Exact EFIM+cutting-plane PSL,ok,optimal,5.953557863002061,False,,exact_efim,470.5940025503154,7058910.038254731,0.999999999166067,3.3571428547601916,2102654.055440535,357011056566.36804,9.418465247910531e+18,9.418465247910531e+18,9.370439601607795e+18,1.061744109765493e-19,0.048842809530806296,-13.261873616691574,-3.580408726142532,0.02473921568687282,1.2768384698387565e-05,124,-42666.534787105054,355190623673.3521,355190623377.1469,7.058910038254731,2.1026540554405346,357011056566.36804,9.418465247910531e+18,9.370439601607795e+18,9.418465247910531e+18,0.5099094707961128,42666.534787105054,9.370439618768943e+18,355190624027.6477,26381438.54281344,1.8740879237537886e+19,710381250000.0,0.5,0.048967814805899595,True,True,True,True,-1.831413371644411e-09,False,False,True,-13.261873643755866,-13.497087623332241,-13.261873616691574,-13.261873616691574,-2.706429214072159e-08,True,0.25,4,32,-6.8359375e-07,5.208333333333334e-07,32,128,15000.0,1920000.0,1,1.0,15000.0,exponential_tdl,,unknown_amplitude_exact,,9.370439618768943e+18,355190624027.6477,quad_over_lin,1e-12,-13.261873643755866,0.2172232553411155,507.0,5.208333333333334e-07,-3.5832079424368652,-2.706429214072159e-08,505.0,4033.0,2.0,507.0,True,2.0,dense_psl_satisfied,False,5.953557863002061,2.0,507.0,-12.999197096448324,-13.261873617023829,-6.8359375e-07,1.0
uniform,Uniform,ok,ok,1.5639998309779912e-05,False,,none,393.75465680463196,5906319.852069479,1.0,3.357142857142857,1759329.3176377174,307181250000.0,8.103883268379611e+18,8.103883268379611e+18,8.103883268379611e+18,1.2339763134322048e-19,0.05265554581750531,-13.261873643755866,-9.681440266323808,0.0078125,0.0,128,0.0,307181250000.0,307181250000.0,5.90631985206948,1.7593293176377174,307181250000.0,8.103883268379611e+18,8.103883268379611e+18,8.103883268379611e+18,0.0,0.0,9.370439618768943e+18,355190624027.6477,26381438.54281344,1.8740879237537886e+19,710381250000.0,0.5,0.048967814805899595,False,False,False,False,-0.13516509383961303,False,False,True,-13.261873643755866,-13.46286042717158,-13.261873643755866,-13.261873643755866,0.0,True,0.25,4,32,-7.486979166666667e-07,5.208333333333334e-07,33,128,15000.0,1920000.0,1,1.0,15000.0,exponential_tdl,,,,,,,,,,,,,,,,,,,,,,,,,,,,
water_filling,Water-filling,ok,ok,0.0002190040031564422,False,,none,394.7502131883665,5921253.197825498,1.0000000000004559,3.3571428571441597,1763777.5482877619,322754945108.844,8.514739748778093e+18,8.514739748778093e+18,8.506986937452322e+18,1.174434016193513e-19,0.051369462089324025,-12.611382957854797,-8.15144851265369,0.008980507530599095,9.737546205110078e-07,128,-17142.745229979664,322461071394.6769,322461071394.82385,5.921253197825498,1.7637775482877618,322754945108.844,8.514739748778093e+18,8.506986937452322e+18,8.514739748778093e+18,0.091051653421155,17142.745229979664,9.370439618768943e+18,355190624027.6477,26381438.54281344,1.8740879237537886e+19,710381250000.0,0.5,0.048967814805899595,False,False,False,False,-0.09214644311747444,False,False,True,-13.261873643755866,-13.101538106058438,-12.610442962432549,-12.610442962432549,-0.6514306813233173,False,0.25,4,32,-7.32421875e-07,5.208333333333334e-07,33,128,15000.0,1920000.0,1,1.0,15000.0,exponential_tdl,0.009199306612974637,,,,,,,,,,,,,,,,,,,,,,,,,,,
conventional_s2,Conventional $S_2$,ok,optimal,0.014229446001991164,False,,conventional_s2,393.8586096124858,5907879.1441872865,0.999999997019343,3.3571428486266943,1759793.7920943762,355190623174.0355,9.370439596249426e+18,9.370439596249426e+18,9.362685987715527e+18,1.0671857917959963e-19,0.04896781486474057,-10.699004828694537,-6.024746921913656,0.011235852134639368,2.68419777107092e-06,128,-17143.626612241427,354896720299.317,354896719241.4916,5.907879144187286,1.7597937920943763,355190623174.0355,9.370439596249426e+18,9.362685987715527e+18,9.370439596249426e+18,0.0827454086252548,17143.626612241427,9.370439618768943e+18,355190624027.6477,26381438.54281344,1.8740879237537886e+19,710381250000.0,0.5,0.048967814805899595,True,False,True,True,-0.0008274564875148402,True,False,True,-13.261873643755866,-11.082620130295586,-10.670677156347342,-10.670677156347342,-2.5911964874085243,False,0.25,4,32,-6.998697916666667e-07,5.208333333333334e-07,33,128,15000.0,1920000.0,1,1.0,15000.0,exponential_tdl,,known_amplitude_linear,355190624027.6477,,,,,,,,,,,,,,,,,,,,,,,,,
exact_efim,Exact EFIM,ok,optimal,0.01718521300063003,False,,exact_efim,393.8463749299775,5907695.623949663,0.9999999961077303,3.3571428460220867,1759739.127856818,355364681874.4055,9.375031515156079e+18,9.375031515156079e+18,9.370439534578326e+18,1.0666630809542956e-19,0.04895582110370131,-10.688801755088722,-6.007851819514395,0.011373559499103205,2.6843015719735633e-06,128,-13193.219422020917,355190622218.8631,355190620836.3654,5.907695623949663,1.759739127856818,355364681874.4055,9.375031515156079e+18,9.370439534578326e+18,9.375031515156079e+18,0.04898096150748395,13193.219422020917,9.370439618768943e+18,355190624027.6477,26381438.54281344,1.8740879237537886e+19,710381250000.0,0.5,0.048967814805899595,True,True,True,True,-8.9847030689325e-09,False,False,True,-13.261873643755866,-11.077770176909343,-10.661723780426236,-10.661723780426236,-2.60014986332963,False,0.25,4,32,-6.998697916666667e-07,5.208333333333334e-07,33,128,15000.0,1920000.0,1,1.0,15000.0,exponential_tdl,,unknown_amplitude_exact,,9.370439618768943e+18,355190624027.6477,quad_over_lin,1e-12,,,,,,,,,,,,,,,,,,,,,
exact_efim_cutting_plane_psl,Exact EFIM+cutting-plane PSL,ok,optimal,2.9112939149999875,False,,exact_efim,391.7996970972614,5876995.456458921,0.9999999992997334,3.3571428551420954,1750594.3923289403,355235436842.75446,9.371621845296611e+18,9.371621845296611e+18,9.370439602674047e+18,1.067051164150286e-19,0.04896472607288893,-13.033640343761144,-5.323822257086163,0.018180399334782396,5.132462972918742e-06,128,-6694.2830252555905,355190623666.29175,355190623417.5636,5.87699545645892,1.7505943923289404,355235436842.75446,9.371621845296611e+18,9.370439602674047e+18,9.371621845296611e+18,0.01261513366715379,6694.2830252555905,9.370439618768943e+18,355190624027.6477,26381438.54281344,1.8740879237537886e+19,710381250000.0,0.5,0.048967814805899595,True,True,True,True,-1.7176244426955172e-09,False,False,True,-13.261873643755866,-13.261873620998871,-13.033640343761144,-13.033640343761144,-0.22823329999472186,True,0.25,4,32,-6.8359375e-07,5.208333333333334e-07,33,128,15000.0,1920000.0,1,1.0,15000.0,exponential_tdl,,unknown_amplitude_exact,,9.370439618768943e+18,355190624027.6477,quad_over_lin,1e-12,-13.261873643755866,0.2172232553411155,505.0,5.208333333333334e-07,-5.326888479617229,-0.22823329999472186,505.0,4033.0,1.0,505.0,True,1.0,dense_psl_satisfied,False,2.9112939149999875,0.0,505.0,-13.033640343761144,-13.261873620998871,,0.0
uniform,Uniform,ok,ok,1.5544999769190326e-05,False,,none,582.0240832314587,8730361.24847188,1.0,3.357142857142857,2600533.137842688,307181250000.0,8.103883268379611e+18,8.103883268379611e+18,8.103883268379611e+18,1.2339763134322048e-19,0.05265554581750531,-13.261873643755866,-9.681440266323808,0.0078125,0.0,128,0.0,307181250000.0,307181250000.0,8.73036124847188,2.600533137842688,307181250000.0,8.103883268379611e+18,8.103883268379611e+18,8.103883268379611e+18,0.0,0.0,9.370439618768943e+18,355190624027.6477,26381438.54281344,1.8740879237537886e+19,710381250000.0,0.5,0.048967814805899595,False,False,False,False,-0.13516509383961303,False,False,True,-13.261873643755866,-13.46286042717158,-13.261873643755866,-13.261873643755866,0.0,True,0.25,4,32,-7.486979166666667e-07,5.208333333333334e-07,34,128,15000.0,1920000.0,1,1.0,15000.0,exponential_tdl,,,,,,,,,,,,,,,,,,,,,,,,,,,,
water_filling,Water-filling,ok,ok,0.00023606000104337,False,,none,582.0879150093567,8731318.72514035,1.0000000000006242,3.3571428571446407,2600818.343657446,301569253833.0594,7.955830736398963e+18,7.955830736398963e+18,7.955593085637118e+18,1.256939762965129e-19,0.05314322913893024,-13.78713438568958,-10.143112924279142,0.00810365854281514,4.70396680118637e-08,128,3001.375746477931,301560245576.4996,301560245576.6878,8.73131872514035,2.600818343657446,301569253833.0594,7.955830736398963e+18,7.955593085637118e+18,7.955830736398963e+18,0.002987126922616048,3001.375746477931,9.370439618768943e+18,355190624027.6477,26381438.54281344,1.8740879237537886e+19,710381250000.0,0.5,0.048967814805899595,False,False,False,False,-0.15099041141014288,False,False,True,-13.261873643755866,-13.948787286693724,-13.78713438568958,-13.78713438568958,0.5252607419337139,True,0.25,4,32,-7.486979166666667e-07,5.208333333333334e-07,34,128,15000.0,1920000.0,1,1.0,15000.0,exponential_tdl,0.008227144706498438,,,,,,,,,,,,,,,,,,,,,,,,,,,
conventional_s2,Conventional $S_2$,ok,optimal,0.012035223997372668,False,,conventional_s2,579.1334720989249,8687002.081483874,0.9999999982932881,3.357142852266538,2587617.645051637,355190623541.2613,9.37043960593737e+18,9.37043960593737e+18,9.370201559448263e+18,1.0671857906926506e-19,0.04896781483942706,-10.687590071397695,-6.22214524596889,0.011809358732869547,1.969810046444116e-06,128,3003.873599610018,355181600890.86694,355181600284.67426,8.687002081483875,2.5876176450516373,355190623541.2613,9.37043960593737e+18,9.370201559448263e+18,9.37043960593737e+18,0.0025403983069865704,3003.873599610018,9.370439618768943e+18,355190624027.6477,26381438.54281344,1.8740879237537886e+19,710381250000.0,0.5,0.048967814805899595,True,False,True,True,-2.5405352402422654e-05,True,False,True,-13.261873643755866,-11.134173458008005,-10.673923026322004,-10.673923026322004,-2.5879506174338616,False,0.25,4,32,-6.998697916666667e-07,5.208333333333334e-07,34,128,15000.0,1920000.0,1,1.0,15000.0,exponential_tdl,,known_amplitude_linear,355190624027.6477,,,,,,,,,,,,,,,,,,,,,,,,,
exact_efim,Exact EFIM,ok,optimal,0.014826417998847319,False,,exact_efim,579.1328516715791,8686992.775073687,0.9999999980667374,3.35714285161925,2587614.873428365,355194381512.5831,9.370538746626843e+18,9.370538746626843e+18,9.370439627707515e+18,1.067174499822622e-19,0.04896755579798359,-10.687667855591982,-6.222371809684306,0.011769346902097405,1.968511915891118e-06,128,1938.3359157208884,355190625053.14496,355190624366.4682,8.686992775073687,2.587614873428365,355194381512.5831,9.370538746626843e+18,9.370439627707515e+18,9.370538746626843e+18,0.0010577718315654403,1938.3359157208884,9.370439618768943e+18,355190624027.6477,26381438.54281344,1.8740879237537886e+19,710381250000.0,0.5,0.048967814805899595,True,True,True,True,9.539116775371015e-10,False,False,True,-13.261873643755866,-11.13389423353918,-10.673907164155343,-10.673907164155343,-2.5879664796005226,False,0.25,4,32,-6.998697916666667e-07,5.208333333333334e-07,34,128,15000.0,1920000.0,1,1.0,15000.0,exponential_tdl,,unknown_amplitude_exact,,9.370439618768943e+18,355190624027.6477,quad_over_lin,1e-12,,,,,,,,,,,,,,,,,,,,,
exact_efim_cutting_plane_psl,Exact EFIM+cutting-plane PSL,ok,optimal,2.7104977759991016,False,,exact_efim,577.0705417532126,8656058.12629819,0.9999999991728905,3.3571428547796875,2578400.294754881,355191956355.5366,9.37047476749526e+18,9.37047476749526e+18,9.37043959515491e+18,1.0671817862087913e-19,0.048967722966479624,-13.02856731995309,-5.421704134759803,0.017612719545598586,4.767336334661399e-06,128,1154.6527574381419,355190623426.32904,355190623132.5475,8.65605812629819,2.5784002947548808,355191956355.5366,9.370474767495262e+18,9.37043959515491e+18,9.37047476749526e+18,0.00037535281000898113,1154.6527574381419,9.370439618768943e+18,355190624027.6477,26381438.54281344,1.8740879237537886e+19,710381250000.0,0.5,0.048967814805899595,True,True,True,True,-2.5200561425849442e-09,False,False,True,-13.261873643755866,-13.261873623403218,-13.02856731995309,-13.02856731995309,-0.2333063238027755,True,0.25,4,32,-6.8359375e-07,5.208333333333334e-07,34,128,15000.0,1920000.0,1,1.0,15000.0,exponential_tdl,,unknown_amplitude_exact,,9.370439618768943e+18,355190624027.6477,quad_over_lin,1e-12,-13.261873643755866,0.2172232553411155,505.0,5.208333333333334e-07,-5.42454707918747,-0.2333063238027755,505.0,4033.0,1.0,505.0,True,1.0,dense_psl_satisfied,False,2.7104977759991016,0.0,505.0,-13.02856731995309,-13.261873623403218,,0.0
uniform,Uniform,ok,ok,1.5231998986564577e-05,False,,none,532.8697113561118,7993045.670341677,1.0,3.357142857142857,2380907.22095284,307181250000.0,8.103883268379611e+18,8.103883268379611e+18,8.103883268379611e+18,1.2339763134322048e-19,0.05265554581750531,-13.261873643755866,-9.681440266323808,0.0078125,0.0,128,0.0,307181250000.0,307181250000.0,7.993045670341677,2.38090722095284,307181250000.0,8.103883268379611e+18,8.103883268379611e+18,8.103883268379611e+18,0.0,0.0,9.370439618768943e+18,355190624027.6477,26381438.54281344,1.8740879237537886e+19,710381250000.0,0.5,0.048967814805899595,False,False,False,False,-0.13516509383961303,False,False,True,-13.261873643755866,-13.46286042717158,-13.261873643755866,-13.261873643755866,0.0,True,0.25,4,32,-7.486979166666667e-07,5.208333333333334e-07,35,128,15000.0,1920000.0,1,1.0,15000.0,exponential_tdl,,,,,,,,,,,,,,,,,,,,,,,,,,,,
water_filling,Water-filling,ok,ok,0.00024754900005063973,False,,none,532.9610312863433,7994415.46929515,0.999999999999746,3.3571428571421316,2381315.246173538,309211344112.82214,8.157440071453155e+18,8.157440071453155e+18,8.154248483502968e+18,1.2258747735082794e-19,0.05248240898561606,-13.515883467252689,-9.52251188900767,0.008136322894996882,6.999876265274285e-08,128,10999.024557649633,309090365571.6809,309090365571.6024,7.9944154692951495,2.381315246173538,309211344112.82214,8.157440071453155e+18,8.154248483502968e+18,8.157440071453155e+18,0.0391248715556788,10999.024557649633,9.370439618768943e+18,355190624027.6477,26381438.54281344,1.8740879237537886e+19,710381250000.0,0.5,0.048967814805899595,False,False,False,False,-0.12979018965449077,False,False,True,-13.261873643755866,-13.783667828481201,-13.509796311759278,-13.509796311759278,0.24792266800341167,True,0.25,4,32,-7.32421875e-07,5.208333333333334e-07,35,128,15000.0,1920000.0,1,1.0,15000.0,exponential_tdl,0.008335346779027801,,,,,,,,,,,,,,,,,,,,,,,,,,,
conventional_s2,Conventional $S_2$,ok,optimal,0.012219738997373497,False,,conventional_s2,530.8235922077456,7962353.883116184,0.9999999982502539,3.357142852143583,2371764.989992043,355190623510.4829,9.37043960512539e+18,9.37043960512539e+18,9.367248017551165e+18,1.0671857907851257e-19,0.04896781484154867,-10.762669024566154,-6.220943448296174,0.011555154221590678,2.008170472193405e-06,128,10999.023919438961,355069645604.79596,355069644983.5142,7.962353883116184,2.371764989992043,355190623510.4829,9.37043960512539e+18,9.367248017551165e+18,9.37043960512539e+18,0.03406016909259176,10999.023919438961,9.370439618768943e+18,355190624027.6477,26381438.54281344,1.8740879237537886e+19,710381250000.0,0.5,0.048967814805899595,True,False,True,True,-0.00034060314645055744,True,False,True,-13.261873643755866,-11.186165141685686,-10.742308814159928,-10.742308814159928,-2.5195648295959376,False,0.25,4,32,-6.998697916666667e-07,5.208333333333334e-07,35,128,15000.0,1920000.0,1,1.0,15000.0,exponential_tdl,,known_amplitude_linear,355190624027.6477,,,,,,,,,,,,,,,,,,,,,,,,,
exact_efim,Exact EFIM,ok,optimal,0.014981994001573185,False,,exact_efim,530.816067045595,7962241.005683925,0.9999999967379876,3.357142847822822,2371731.3699795664,355247845132.18274,9.371949193821585e+18,9.371949193821585e+18,9.3704395303771e+18,1.0670138936084346e-19,0.0489638709321658,-10.759477010116647,-6.21624807633665,0.011685353844324902,2.0035829153744264e-06,128,7564.684742493795,355190621835.7523,355190620677.1161,7.962241005683925,2.3717313699795666,355247845132.18274,9.371949193821585e+18,9.3704395303771e+18,9.371949193821585e+18,0.016108318699394813,7564.684742493795,9.370439618768943e+18,355190624027.6477,26381438.54281344,1.8740879237537886e+19,710381250000.0,0.5,0.048967814805899595,True,True,True,True,-9.433051962999856e-09,False,False,True,-13.261873643755866,-11.183436582023544,-10.739176420823389,-10.739176420823389,-2.522697222932477,False,0.25,4,32,-6.998697916666667e-07,5.208333333333334e-07,35,128,15000.0,1920000.0,1,1.0,15000.0,exponential_tdl,,unknown_amplitude_exact,,9.370439618768943e+18,355190624027.6477,quad_over_lin,1e-12,,,,,,,,,,,,,,,,,,,,,
exact_efim_cutting_plane_psl,Exact EFIM+cutting-plane PSL,ok,optimal,2.9974839860005886,False,,exact_efim,528.8649123204514,7932973.684806771,0.9999999993071278,3.3571428551632225,2363013.439420967,355215630161.98206,9.371099316565078e+18,9.371099316565078e+18,9.370439599517604e+18,1.0671106624943381e-19,0.04896609118058288,-13.031318735866627,-5.4298978649025536,0.017401270184914844,4.744569232626871e-06,128,5000.686361105465,355190623544.0189,355190623297.91724,7.932973684806771,2.3630134394209668,355215630161.98206,9.371099316565078e+18,9.370439599517604e+18,9.371099316565078e+18,0.0070399109558897666,5000.686361105465,9.370439618768943e+18,355190624027.6477,26381438.54281344,1.8740879237537886e+19,710381250000.0,0.5,0.048967814805899595,True,True,True,True,-2.054475568621099e-09,False,False,True,-13.261873643755866,-13.261873622467736,-13.031318735866627,-13.031318735866627,-0.23055490788923905,True,0.25,4,32,-6.8359375e-07,5.208333333333334e-07,35,128,15000.0,1920000.0,1,1.0,15000.0,exponential_tdl,,unknown_amplitude_exact,,9.370439618768943e+18,355190624027.6477,quad_over_lin,1e-12,-13.261873643755866,0.2172232553411155,505.0,5.208333333333334e-07,-5.432805812445048,-0.23055490788923905,505.0,4033.0,1.0,505.0,True,1.0,dense_psl_satisfied,False,2.9974839860005886,0.0,505.0,-13.031318735866627,-13.261873622467736,,0.0
uniform,Uniform,ok,ok,1.5138000890146941e-05,False,,none,522.2598798785159,7833898.198177738,1.0,3.357142857142857,2333501.5909465603,307181250000.0,8.103883268379611e+18,8.103883268379611e+18,8.103883268379611e+18,1.2339763134322048e-19,0.05265554581750531,-13.261873643755866,-9.681440266323808,0.0078125,0.0,128,0.0,307181250000.0,307181250000.0,7.833898198177738,2.33350159094656,307181250000.0,8.103883268379611e+18,8.103883268379611e+18,8.103883268379611e+18,0.0,0.0,9.370439618768943e+18,355190624027.6477,26381438.54281344,1.8740879237537886e+19,710381250000.0,0.5,0.048967814805899595,False,False,False,False,-0.13516509383961303,False,False,True,-13.261873643755866,-13.46286042717158,-13.261873643755866,-13.261873643755866,0.0,True,0.25,4,32,-7.486979166666667e-07,5.208333333333334e-07,36,128,15000.0,1920000.0,1,1.0,15000.0,exponential_tdl,,,,,,,,,,,,,,,,,,,,,,,,,,,,
water_filling,Water-filling,ok,ok,0.0002379079996899236,False,,none,522.7424303557996,7841136.455336994,0.9999999999992739,3.357142857140783,2335657.6675486327,320507610961.89136,8.455451841095097e+18,8.455451841095097e+18,8.454641729503824e+18,1.1826689085257521e-19,0.05154924359941034,-11.540859952074358,-8.422661856690986,0.008316983440416427,4.0927409839735184e-07,128,-5541.447032773518,320476903326.907,320476903326.6743,7.8411364553369935,2.3356576675486327,320507610961.89136,8.455451841095095e+18,8.454641729503824e+18,8.455451841095097e+18,0.009580937914354574,5541.447032773518,9.370439618768943e+18,355190624027.6477,26381438.54281344,1.8740879237537886e+19,710381250000.0,0.5,0.048967814805899595,False,False,False,False,-0.09773264932317377,False,False,True,-13.261873643755866,-11.73618362917633,-11.540859952074358,-11.540859952074358,-1.7210136916815078,False,0.25,4,32,-7.486979166666667e-07,5.208333333333334e-07,36,128,15000.0,1920000.0,1,1.0,15000.0,exponential_tdl,0.00850089115470411,,,,,,,,,,,,,,,,,,,,,,,,,,,
conventional_s2,Conventional $S_2$,ok,optimal,0.012785992003045976,False,,conventional_s2,521.5556501164306,7823334.751746459,0.9999999985767297,3.357142853076371,2330355.03525786,355190623641.69476,9.370439608586949e+18,9.370439608586949e+18,9.36962947877347e+18,1.0671857903908938e-19,0.048967814832504,-9.770816488640566,-6.141938165954514,0.010751835119865674,2.0791644951664902e-06,128,-5541.509359502088,355159915821.24554,355159915315.757,7.823334751746459,2.33035503525786,355190623641.69476,9.370439608586949e+18,9.36962947877347e+18,9.370439608586949e+18,0.008645590253172665,5541.509359502088,9.370439618768943e+18,355190624027.6477,26381438.54281344,1.8740879237537886e+19,710381250000.0,0.5,0.048967814805899595,True,False,True,True,-8.645698904576619e-05,True,False,True,-13.261873643755866,-10.328925276636467,-9.770816488640566,-9.770816488640566,-3.4910571551153,False,0.25,4,32,-7.161458333333333e-07,5.208333333333334e-07,36,128,15000.0,1920000.0,1,1.0,15000.0,exponential_tdl,,known_amplitude_linear,355190624027.6477,,,,,,,,,,,,,,,,,,,,,,,,,
exact_efim,Exact EFIM,ok,optimal,0.015885019998677308,False,,exact_efim,521.5540978180818,7823311.467271227,0.9999999992844935,3.357142855098553,2330348.098053029,355208115730.233,9.370901075045704e+18,9.370901075045704e+18,9.370439609094742e+18,1.0671332372326029e-19,0.048966609116953025,-9.770059084829299,-6.141164501208466,0.010708760435207918,2.0777381529468727e-06,128,-4182.352125606804,355190623915.08417,355190623660.94293,7.823311467271227,2.3303480980530287,355208115730.233,9.370901075045704e+18,9.370439609094742e+18,9.370901075045704e+18,0.004924456541223421,4182.352125606804,9.370439618768943e+18,355190624027.6477,26381438.54281344,1.8740879237537886e+19,710381250000.0,0.5,0.048967814805899595,True,True,True,True,-1.0324169923279398e-09,False,False,True,-13.261873643755866,-10.328505171348805,-9.770059084829299,-9.770059084829299,-3.491814558926567,False,0.25,4,32,-7.161458333333333e-07,5.208333333333334e-07,36,128,15000.0,1920000.0,1,1.0,15000.0,exponential_tdl,,unknown_amplitude_exact,,9.370439618768943e+18,355190624027.6477,quad_over_lin,1e-12,,,,,,,,,,,,,,,,,,,,,
exact_efim_cutting_plane_psl,Exact EFIM+cutting-plane PSL,ok,optimal,2.763420192000922,False,,exact_efim,517.541756989463,7763126.354841945,0.9999999995182606,3.357142855766459,2312420.6172839697,355196202497.984,9.370586786841283e+18,9.370586786841283e+18,9.370439605095438e+18,1.0671690287360206e-19,0.048967430276767594,-13.022407725354107,-5.363838336455055,0.018092298232077843,4.969331801488512e-06,128,-2361.988280914003,355190623680.45685,355190623509.34753,7.763126354841945,2.3124206172839696,355196202497.984,9.370586786841283e+18,9.370439605095438e+18,9.370586786841283e+18,0.0015706780076025237,2361.988280914003,9.370439618768943e+18,355190624027.6477,26381438.54281344,1.8740879237537886e+19,710381250000.0,0.5,0.048967814805899595,True,True,True,True,-1.4592169977395767e-09,False,False,True,-13.261873643755866,-13.261873632762754,-13.022407725354107,-13.022407725354107,-0.23946591840175913,True,0.25,4,32,-6.8359375e-07,5.208333333333334e-07,36,128,15000.0,1920000.0,1,1.0,15000.0,exponential_tdl,,unknown_amplitude_exact,,9.370439618768943e+18,355190624027.6477,quad_over_lin,1e-12,-13.261873643755866,0.2172232553411155,505.0,5.208333333333334e-07,-5.366633146731683,-0.23946591840175913,505.0,4033.0,1.0,505.0,True,1.0,dense_psl_satisfied,False,2.763420192000922,0.0,505.0,-13.022407725354107,-13.261873632762754,,0.0
uniform,Uniform,ok,ok,1.5199999324977398e-05,False,,none,611.6743165393038,9175114.748089558,1.0,3.357142857142857,2733012.903686251,307181250000.0,8.103883268379611e+18,8.103883268379611e+18,8.103883268379611e+18,1.2339763134322048e-19,0.05265554581750531,-13.261873643755866,-9.681440266323808,0.0078125,0.0,128,0.0,307181250000.0,307181250000.0,9.175114748089557,2.733012903686251,307181250000.0,8.103883268379611e+18,8.103883268379611e+18,8.103883268379611e+18,0.0,0.0,9.370439618768943e+18,355190624027.6477,26381438.54281344,1.8740879237537886e+19,710381250000.0,0.5,0.048967814805899595,False,False,False,False,-0.13516509383961303,False,False,True,-13.261873643755866,-13.46286042717158,-13.261873643755866,-13.261873643755866,0.0,True,0.25,4,32,-7.486979166666667e-07,5.208333333333334e-07,37,128,15000.0,1920000.0,1,1.0,15000.0,exponential_tdl,,,,,,,,,,,,,,,,,,,,,,,,,,,,
water_filling,Water-filling,ok,ok,0.00022266399901127443,False,,none,611.8355759301562,9177533.638952343,1.0000000000007945,3.3571428571451274,2733733.424366934,309750180053.0707,8.171655338695479e+18,8.171655338695479e+18,8.162743107826224e+18,1.2237422634122497e-19,0.0524367403802161,-13.129255118221405,-9.44378991869446,0.00816937003327345,1.2111486288804508e-07,128,-18379.935266127148,309412358032.43756,309412358032.6834,9.177533638952342,2.733733424366934,309750180053.0707,8.171655338695481e+18,8.162743107826224e+18,8.171655338695479e+18,0.10906273575994842,18379.935266127148,9.370439618768943e+18,355190624027.6477,26381438.54281344,1.8740879237537886e+19,710381250000.0,0.5,0.048967814805899595,False,False,False,False,-0.12888365541822702,False,False,True,-13.261873643755866,-13.369564418113173,-13.129255118221405,-13.129255118221405,-0.13261852553446118,True,0.25,4,32,-7.486979166666667e-07,5.208333333333334e-07,37,128,15000.0,1920000.0,1,1.0,15000.0,exponential_tdl,0.00825187209689467,,,,,,,,,,,,,,,,,,,,,,,,,,,
conventional_s2,Conventional $S_2$,ok,optimal,0.01221573800285114,False,,conventional_s2,609.705286927519,9145579.303912785,0.9999999993763252,3.3571428553609293,2724215.113249786,355190623876.51715,9.3704396147819e+18,9.3704396147819e+18,9.361527387418374e+18,1.0671857896853596e-19,0.04896781481631729,-10.52338853229054,-6.226212909225416,0.01154703875220943,2.009907958866283e-06,128,-18379.931656884713,354852802210.32886,354852801989.0161,9.145579303912784,2.724215113249786,355190623876.51715,9.3704396147819e+18,9.361527387418374e+18,9.3704396147819e+18,0.09511002396800665,18379.931656884713,9.370439618768943e+18,355190624027.6477,26381438.54281344,1.8740879237537886e+19,710381250000.0,0.5,0.048967814805899595,True,False,True,True,-0.0009511006647668702,True,False,True,-13.261873643755866,-10.974400985999251,-10.51284819194424,-10.51284819194424,-2.749025451811626,False,0.25,4,32,-6.998697916666667e-07,5.208333333333334e-07,37,128,15000.0,1920000.0,1,1.0,15000.0,exponential_tdl,,known_amplitude_linear,355190624027.6477,,,,,,,,,,,,,,,,,,,,,,,,,
exact_efim,Exact EFIM,ok,optimal,0.016377047999412753,False,,exact_efim,609.6840033913309,9145260.050869962,0.9999999988528647,3.357142853865328,2724120.017812273,355351413414.97076,9.374681474108944e+18,9.374681474108944e+18,9.370439600960926e+18,1.0667029090660909e-19,0.04895673507539024,-10.514587602558759,-6.214519742542704,0.011354681107195515,1.9941153642215062e-06,128,-12680.302146566954,355190623760.0787,355190623352.62695,9.145260050869963,2.724120017812273,355351413414.97076,9.374681474108942e+18,9.370439600960926e+18,9.374681474108944e+18,0.04524818426880871,12680.302146566954,9.370439618768943e+18,355190624027.6477,26381438.54281344,1.8740879237537886e+19,710381250000.0,0.5,0.048967814805899595,True,True,True,True,-1.9004463112200876e-09,False,False,True,-13.261873643755866,-10.966847118151776,-10.50424442159822,-10.50424442159822,-2.7576292221576466,False,0.25,4,32,-6.998697916666667e-07,5.208333333333334e-07,37,128,15000.0,1920000.0,1,1.0,15000.0,exponential_tdl,,unknown_amplitude_exact,,9.370439618768943e+18,355190624027.6477,quad_over_lin,1e-12,,,,,,,,,,,,,,,,,,,,,
exact_efim_cutting_plane_psl,Exact EFIM+cutting-plane PSL,ok,optimal,2.7311612729972694,False,,exact_efim,607.212251837658,9108183.77756487,0.9999999993330835,3.3571428552373814,2713076.020389021,355256720417.78064,9.372183336623137e+18,9.372183336623137e+18,9.370439508476058e+18,1.0669872366798013e-19,0.048963259302564247,-13.032382873227084,-5.390728563146686,0.017889807712909024,4.8859028135979265e-06,128,-8130.225758070796,355190620083.83,355190619846.9475,9.10818377756487,2.7130760203890207,355256720417.78064,9.372183336623137e+18,9.370439508476058e+18,9.372183336623137e+18,0.018606423758964593,8130.225758070796,9.370439618768943e+18,355190624027.6477,26381438.54281344,1.8740879237537886e+19,710381250000.0,0.5,0.048967814805899595,True,True,True,True,-1.1770300006318156e-08,False,False,True,-13.261873643755866,-13.261873636827428,-13.032382873227084,-13.032382873227084,-0.2294907705287823,True,0.25,4,32,-6.8359375e-07,5.208333333333334e-07,37,128,15000.0,1920000.0,1,1.0,15000.0,exponential_tdl,,unknown_amplitude_exact,,9.370439618768943e+18,355190624027.6477,quad_over_lin,1e-12,-13.261873643755866,0.2172232553411155,505.0,5.208333333333334e-07,-5.39368564862852,-0.2294907705287823,505.0,4033.0,1.0,505.0,True,1.0,dense_psl_satisfied,False,2.7311612729972694,0.0,505.0,-13.032382873227084,-13.261873636827428,,0.0
uniform,Uniform,ok,ok,1.5125999198062345e-05,False,,none,436.8441787404233,6552662.681106349,1.0,3.357142857142857,1951856.9688401893,307181250000.0,8.103883268379611e+18,8.103883268379611e+18,8.103883268379611e+18,1.2339763134322048e-19,0.05265554581750531,-13.261873643755866,-9.681440266323808,0.0078125,0.0,128,0.0,307181250000.0,307181250000.0,6.55266268110635,1.9518569688401892,307181250000.0,8.103883268379611e+18,8.103883268379611e+18,8.103883268379611e+18,0.0,0.0,9.370439618768943e+18,355190624027.6477,26381438.54281344,1.8740879237537886e+19,710381250000.0,0.5,0.048967814805899595,False,False,False,False,-0.13516509383961303,False,False,True,-13.261873643755866,-13.46286042717158,-13.261873643755866,-13.261873643755866,0.0,True,0.25,4,32,-7.486979166666667e-07,5.208333333333334e-07,38,128,15000.0,1920000.0,1,1.0,15000.0,exponential_tdl,,,,,,,,,,,,,,,,,,,,,,,,,,,,
water_filling,Water-filling,ok,ok,0.00018196599921793677,False,,none,445.0821491944581,6676232.237916872,1.0000000000004885,3.357142857144253,1988664.9219318584,301320365722.21497,7.949264709998683e+18,7.949264709998683e+18,7.7511936057384e+18,1.257977984733843e-19,0.053165172540781964,-14.942441418845767,-7.779489255772556,0.00908658064323162,5.908385719818988e-06,119,-86648.55503408914,293812393632.57214,293812393632.7157,6.676232237916872,1.9886649219318584,301320365722.21497,7.949264709998683e+18,7.7511936057384e+18,7.949264709998683e+18,2.4916908857135818,86648.55503408914,9.370439618768943e+18,355190624027.6477,26381438.54281344,1.8740879237537886e+19,710381250000.0,0.5,0.048967814805899595,False,False,False,False,-0.17280363343756058,False,False,True,-13.261873643755866,-15.237144198231068,-14.929521363408082,-14.929521363408082,1.6676477196522157,True,0.25,4,32,-1.7740885416666667e-06,5.208333333333334e-07,38,128,15000.0,1920000.0,1,1.0,15000.0,exponential_tdl,0.009391599046908655,,,,,,,,,,,,,,,,,,,,,,,,,,,
conventional_s2,Conventional $S_2$,ok,optimal,0.012601843998709228,False,,conventional_s2,442.7713391592785,6641570.087389178,0.9999999972597711,3.357142849313632,1978340.0306445246,355190623184.9249,9.3704395965367e+18,9.3704395965367e+18,9.168473148464e+18,1.067185791763279e-19,0.04896781486398995,-12.142747694181947,-4.884196113304389,0.013143877864544101,8.399104652736735e-06,128,-87496.43893526548,347534997331.8759,347534996379.5505,6.641570087389177,1.9783400306445247,355190623184.9249,9.370439596536703e+18,9.168473148464e+18,9.3704395965367e+18,2.1553572379608252,87496.43893526548,9.370439618768943e+18,355190624027.6477,26381438.54281344,1.8740879237537886e+19,710381250000.0,0.5,0.048967814805899595,True,False,False,False,-0.021553574701063682,True,True,True,-13.261873643755866,-12.243383991266661,-12.142747694181947,-12.142747694181947,-1.1191259495739185,False,0.25,4,32,-6.8359375e-07,5.208333333333334e-07,38,128,15000.0,1920000.0,1,1.0,15000.0,exponential_tdl,,known_amplitude_linear,355190624027.6477,,,,,,,,,,,,,,,,,,,,,,,,,
exact_efim,Exact EFIM,ok,optimal,0.015703569999459432,False,,exact_efim,442.34325619763086,6635148.842964463,0.999999997748378,3.3571428507096517,1976427.318712961,358431728885.99115,9.455944627400145e+18,9.455944627400145e+18,9.370439628157557e+18,1.0575358035646027e-19,0.04874591726886695,-11.988642087585948,-4.5692795012039715,0.014560235000519752,8.473522833053842e-06,128,-56930.699185603735,355190625183.28217,355190624383.52716,6.635148842964463,1.9764273187129608,358431728885.99115,9.455944627400145e+18,9.370439628157557e+18,9.455944627400145e+18,0.9042459808280121,56930.699185603735,9.370439618768943e+18,355190624027.6477,26381438.54281344,1.8740879237537886e+19,710381250000.0,0.5,0.048967814805899595,True,True,True,True,1.0019395048653486e-09,False,False,True,-13.261873643755866,-12.111416295546496,-11.988642087585948,-11.988642087585948,-1.2732315561699181,False,0.25,4,32,-6.8359375e-07,5.208333333333334e-07,38,128,15000.0,1920000.0,1,1.0,15000.0,exponential_tdl,,unknown_amplitude_exact,,9.370439618768943e+18,355190624027.6477,quad_over_lin,1e-12,,,,,,,,,,,,,,,,,,,,,
exact_efim_cutting_plane_psl,Exact EFIM+cutting-plane PSL,ok,optimal,3.0285465119995933,False,,exact_efim,441.5654673832138,6623482.010748207,0.9999999991511841,3.357142854717669,1972952.08973323,356626531235.89526,9.408320916536508e+18,9.408320916536508e+18,9.370439589018388e+18,1.0628889138362115e-19,0.048869134321477554,-13.108079590942074,-4.380314762593567,0.018281074514641654,9.063426056458225e-06,125,-37893.38117896237,355190623201.4314,355190622899.93994,6.623482010748207,1.97295208973323,356626531235.89526,9.408320916536508e+18,9.370439589018388e+18,9.408320916536508e+18,0.4026364306040829,37893.38117896237,9.370439618768943e+18,355190624027.6477,26381438.54281344,1.8740879237537886e+19,710381250000.0,0.5,0.048967814805899595,True,True,True,True,-3.1749369116481783e-09,False,False,True,-13.261873643755866,-13.261873613793249,-13.108079590942074,-13.108079590942074,-0.153794052813792,True,0.25,4,32,-1.7252604166666668e-06,5.208333333333334e-07,38,128,15000.0,1920000.0,1,1.0,15000.0,exponential_tdl,,unknown_amplitude_exact,,9.370439618768943e+18,355190624027.6477,quad_over_lin,1e-12,-13.261873643755866,0.2172232553411155,505.0,5.208333333333334e-07,-4.385219262523953,-0.153794052813792,505.0,4033.0,1.0,505.0,True,1.0,dense_psl_satisfied,False,3.0285465119995933,0.0,505.0,-13.108079590942074,-13.261873613793249,,0.0
uniform,Uniform,ok,ok,1.536300260340795e-05,False,,none,307.2528646636016,4608792.969954024,1.0,3.357142857142857,1372831.9484969433,307181250000.0,8.103883268379611e+18,8.103883268379611e+18,8.103883268379611e+18,1.2339763134322048e-19,0.05265554581750531,-13.261873643755866,-9.681440266323808,0.0078125,0.0,128,0.0,307181250000.0,307181250000.0,4.608792969954024,1.3728319484969433,307181250000.0,8.103883268379611e+18,8.103883268379611e+18,8.103883268379611e+18,0.0,0.0,9.370439618768943e+18,355190624027.6477,26381438.54281344,1.8740879237537886e+19,710381250000.0,0.5,0.048967814805899595,False,False,False,False,-0.13516509383961303,False,False,True,-13.261873643755866,-13.46286042717158,-13.261873643755866,-13.261873643755866,0.0,True,0.25,4,32,-7.486979166666667e-07,5.208333333333334e-07,39,128,15000.0,1920000.0,1,1.0,15000.0,exponential_tdl,,,,,,,,,,,,,,,,,,,,,,,,,,,,
water_filling,Water-filling,ok,ok,0.00022277799871517345,False,,none,329.2496205720191,4938744.308580287,1.0000000000004134,3.3571428571440385,1471115.3259595677,373553139086.9784,9.85486918129816e+18,9.85486918129816e+18,9.58634314754471e+18,1.0147268133175485e-19,0.047749109375784554,-8.174107805962507,-2.9244055496544523,0.011435914905877882,1.819226064983179e-05,103,-100889.03357897096,363374541990.32526,363374541990.47546,4.9387443085802865,1.4711153259595677,373553139086.9784,9.854869181298162e+18,9.58634314754471e+18,9.85486918129816e+18,2.724805665234393,100889.03357897096,9.370439618768943e+18,355190624027.6477,26381438.54281344,1.8740879237537886e+19,710381250000.0,0.5,0.048967814805899595,False,True,True,True,0.023040917775438447,False,False,True,-13.261873643755866,-8.24488672152587,-8.174107805962507,-8.174107805962507,-5.087765837793359,False,0.25,4,32,-6.8359375e-07,5.208333333333334e-07,39,128,15000.0,1920000.0,1,1.0,15000.0,exponential_tdl,0.011682451792800263,,,,,,,,,,,,,,,,,,,,,,,,,,,
conventional_s2,Conventional $S_2$,ok,optimal,0.011801565000496339,False,,conventional_s2,329.2496204205271,4938744.306307906,0.9999999990048685,3.3571428542996244,1471115.3265291236,373553126899.50415,9.85486885977506e+18,9.85486885977506e+18,9.586342835696267e+18,1.0147268464238349e-19,0.04774911015471129,-8.174107974260282,-2.924405866543977,0.011435915090203329,1.8192260070997918e-05,128,-100889.03181173746,363374530531.3289,363374530169.72345,4.938744306307906,1.4711153265291237,373553126899.50415,9.854868859775058e+18,9.586342835696267e+18,9.85486885977506e+18,2.7248056559620406,100889.03181173746,9.370439618768943e+18,355190624027.6477,26381438.54281344,1.8740879237537886e+19,710381250000.0,0.5,0.048967814805899595,True,True,True,True,0.023040884495415893,False,False,True,-13.261873643755866,-8.24488693647092,-8.174107974260282,-8.174107974260282,-5.0877656694955835,False,0.25,4,32,-6.8359375e-07,5.208333333333334e-07,39,128,15000.0,1920000.0,1,1.0,15000.0,exponential_tdl,,known_amplitude_linear,355190624027.6477,,,,,,,,,,,,,,,,,,,,,,,,,
exact_efim,Exact EFIM,ok,optimal,0.015105627000593813,False,,exact_efim,329.2496201652878,4938744.302479317,0.9999999974626672,3.357142849893335,1471115.3273195492,373553438219.9426,9.854877072856072e+18,9.854877072856072e+18,9.586354281860657e+18,1.0147260007477566e-19,0.04774909025758884,-8.17410083287279,-2.9243913003435287,0.01143592723883954,1.8192287312713617e-05,128,-100888.42453008883,363374964963.6086,363374964041.60535,4.938744302479318,1.4711153273195492,373553438219.9426,9.854877072856072e+18,9.586354281860657e+18,9.854877072856072e+18,2.724770578164032,100888.42453008883,9.370439618768943e+18,355190624027.6477,26381438.54281344,1.8740879237537886e+19,710381250000.0,0.5,0.048967814805899595,True,True,True,True,0.023042106013813703,False,False,True,-13.261873643755866,-8.244880024590989,-8.17410083287279,-8.17410083287279,-5.0877728108830755,False,0.25,4,32,-6.8359375e-07,5.208333333333334e-07,39,128,15000.0,1920000.0,1,1.0,15000.0,exponential_tdl,,unknown_amplitude_exact,,9.370439618768943e+18,355190624027.6477,quad_over_lin,1e-12,,,,,,,,,,,,,,,,,,,,,
exact_efim_cutting_plane_psl,Exact EFIM+cutting-plane PSL,ok,optimal,6.032925597999565,False,,exact_efim,314.20624150278115,4713093.622541717,0.9999999990353352,3.357142854386672,1403900.2291437397,356113211521.3693,9.394778804034929e+18,9.394778804034929e+18,9.370439585000507e+18,1.0644210160334097e-19,0.04890434286738582,-13.103004005797434,-3.4670043510408437,0.024567567363595177,1.351353253126277e-05,128,-30374.146483794757,355190623090.2802,355190622747.6403,4.7130936225417175,1.4039002291437397,356113211521.3693,9.394778804034927e+18,9.370439585000507e+18,9.394778804034929e+18,0.2590717625407837,30374.146483794757,9.370439618768943e+18,355190624027.6477,26381438.54281344,1.8740879237537886e+19,710381250000.0,0.5,0.048967814805899595,True,True,True,True,-3.60371947164165e-09,False,False,True,-13.261873643755866,-13.261873605281401,-13.103004005797434,-13.103004005797434,-0.158869637958432,True,0.25,4,32,-6.8359375e-07,5.208333333333334e-07,39,128,15000.0,1920000.0,1,1.0,15000.0,exponential_tdl,,unknown_amplitude_exact,,9.370439618768943e+18,355190624027.6477,quad_over_lin,1e-12,-13.261873643755866,0.2172232553411155,507.0,5.208333333333334e-07,-3.4714224155495437,-0.158869637958432,505.0,4033.0,2.0,507.0,True,2.0,dense_psl_satisfied,False,6.032925597999565,2.0,507.0,-12.991808083883594,-13.26187362368511,-1.7415364583333334e-06,1.0
uniform,Uniform,ok,ok,2.284199945279397e-05,False,,none,891.9945007842073,13379917.511763109,1.0,3.357142857142857,3985507.3439294365,1228781250000.0,3.2417017029436477e+19,3.2417017029436477e+19,3.2417017029436477e+19,3.084799564043612e-20,0.026327170297761177,-13.263225225631206,-9.680684807413924,0.00390625,0.0,256,0.0,1228781250000.0,1228781250000.0,13.379917511763109,3.9855073439294366,1228781250000.0,3.2417017029436477e+19,3.2417017029436477e+19,3.2417017029436477e+19,0.0,0.0,3.748250036102182e+19,1420790617622.7988,26381438.54281344,7.496500072204363e+19,2841581250000.0,0.5,0.02448366509845419,False,False,False,False,-0.13514262076424743,False,False,True,-13.263225225631206,-13.464332099663313,-13.263225225631206,-13.263225225631206,0.0,True,0.25,4,32,-3.7434895833333334e-07,2.604166666666667e-07,0,256,15000.0,3840000.0,1,1.0,15000.0,exponential_tdl,,,,,,,,,,,,,,,,,,,,,,,,,,,,
water_filling,Water-filling,ok,ok,0.00021982999896863475,False,,none,895.3006258288232,13429509.387432348,1.000000000000092,3.35714285714312,4000279.3920008116,1166138965970.108,3.076442346312041e+19,3.076442346312041e+19,3.028521926263904e+19,3.25050785105326e-20,0.027025038226886938,-13.27079563413854,-10.007217814958292,0.004459958502033844,4.3982054180961186e-07,256,134775.5371676786,1147974520551.1646,1147974520551.27,13.429509387432349,4.000279392000811,1166138965970.108,3.0764423463120413e+19,3.028521926263904e+19,3.076442346312041e+19,1.5576570159223937,134775.5371676786,3.748250036102182e+19,1420790617622.7988,26381438.54281344,7.496500072204363e+19,2841581250000.0,0.5,0.02448366509845419,False,False,False,False,-0.19201710208925274,False,False,True,-13.263225225631206,-13.27079563413854,-13.258892083032707,-13.258892083032707,-0.004333142598499151,True,0.25,4,32,-3.824869791666667e-07,2.604166666666667e-07,0,256,15000.0,3840000.0,1,1.0,15000.0,exponential_tdl,0.004531717475838122,,,,,,,,,,,,,,,,,,,,,,,,,,,
conventional_s2,Conventional $S_2$,ok,optimal,0.02968227699966519,False,,conventional_s2,888.473122816387,13327096.842245804,0.9999999974597175,3.3571428498849074,3969773.5360598955,1420790614214.7822,3.748250027111344e+19,3.748250027111344e+19,3.700329716004269e+19,2.6679116728258067e-20,0.024483665127818383,-10.053993888062474,-5.962058462448145,0.007002903244309981,8.131641252157506e-07,256,134775.38414114492,1402626213653.5986,1402626210090.5317,13.327096842245805,3.9697735360598956,1420790614214.7822,3.748250027111344e+19,3.700329716004269e+19,3.748250027111344e+19,1.278471573680081,134775.38414114492,3.748250036102182e+19,1420790617622.7988,26381438.54281344,7.496500072204363e+19,2841581250000.0,0.5,0.02448366509845419,True,False,False,True,-0.012784718104810567,True,True,True,-13.263225225631206,-10.595040053278089,-10.053993888062474,-10.053993888062474,-3.209231337568733,False,0.25,4,32,-3.5807291666666667e-07,2.604166666666667e-07,0,256,15000.0,3840000.0,1,1.0,15000.0,exponential_tdl,,known_amplitude_linear,1420790617622.7988,,,,,,,,,,,,,,,,,,,,,,,,,
exact_efim,Exact EFIM,ok,optimal,0.034285825000551995,False,,exact_efim,887.905635376082,13318584.53064123,0.9999999985759596,3.3571428530741705,3967237.9501054785,1427228655932.876,3.76523450730354e+19,3.76523450730354e+19,3.748250019764255e+19,2.6558770723583603e-20,0.02442838140805922,-10.000101829861697,-5.965563792898756,0.006518999683012339,6.698163186513646e-07,256,80237.425882241,1420790613453.099,1420790611429.836,13.31858453064123,3.9672379501054786,1427228655932.876,3.7652345073035395e+19,3.748250019764255e+19,3.76523450730354e+19,0.4510871104134382,80237.425882241,3.748250036102182e+19,1420790617622.7988,26381438.54281344,7.496500072204363e+19,2841581250000.0,0.5,0.02448366509845419,True,True,True,True,-4.35881448575663e-09,False,False,True,-13.263225225631206,-10.509943483158391,-10.000101829861697,-10.000101829861697,-3.26312339576951,False,0.25,4,32,-3.5807291666666667e-07,2.604166666666667e-07,0,256,15000.0,3840000.0,1,1.0,15000.0,exponential_tdl,,unknown_amplitude_exact,,3.748250036102182e+19,1420790617622.7988,quad_over_lin,1e-12,,,,,,,,,,,,,,,,,,,,,
uniform,Uniform,ok,ok,2.012000186368823e-05,False,,none,812.2258345919342,12183387.518879013,1.0,3.357142857142857,3629094.154559706,1228781250000.0,3.2417017029436477e+19,3.2417017029436477e+19,3.2417017029436477e+19,3.084799564043612e-20,0.026327170297761177,-13.263225225631206,-9.680684807413924,0.00390625,0.0,256,0.0,1228781250000.0,1228781250000.0,12.183387518879012,3.6290941545597057,1228781250000.0,3.2417017029436477e+19,3.2417017029436477e+19,3.2417017029436477e+19,0.0,0.0,3.748250036102182e+19,1420790617622.7988,26381438.54281344,7.496500072204363e+19,2841581250000.0,0.5,0.02448366509845419,False,False,False,False,-0.13514262076424743,False,False,True,-13.263225225631206,-13.464332099663313,-13.263225225631206,-13.263225225631206,0.0,True,0.25,4,32,-3.7434895833333334e-07,2.604166666666667e-07,1,256,15000.0,3840000.0,1,1.0,15000.0,exponential_tdl,,,,,,,,,,,,,,,,,,,,,,,,,,,,
water_filling,Water-filling,ok,ok,0.0002515320011298172,False,,none,824.0194608163995,12360291.912245993,0.9999999999996685,3.35714285714191,3681789.080244526,1365573725602.5774,3.6025799317665178e+19,3.6025799317665178e+19,3.573635340743863e+19,2.7757885152867437e-20,0.024973757742839497,-10.765475649118692,-5.851373741837565,0.00475940361246263,1.3285236638755687e-06,243,-104745.28242635865,1354602151412.4524,1354602151412.0034,12.360291912245993,3.681789080244526,1365573725602.5774,3.6025799317665178e+19,3.573635340743863e+19,3.6025799317665178e+19,0.8034406334035661,104745.28242635865,3.748250036102182e+19,1420790617622.7988,26381438.54281344,7.496500072204363e+19,2841581250000.0,0.5,0.02448366509845419,False,False,False,False,-0.04658565828759413,False,False,True,-13.263225225631206,-11.228643404035514,-10.76464021621086,-10.76464021621086,-2.4985850094203457,False,0.25,4,32,-3.4993489583333333e-07,2.604166666666667e-07,1,256,15000.0,3840000.0,1,1.0,15000.0,exponential_tdl,0.004831626697224733,,,,,,,,,,,,,,,,,,,,,,,,,,,
conventional_s2,Conventional $S_2$,ok,optimal,0.035219299999880604,False,,conventional_s2,823.7151283096813,12355726.924645219,0.9999999969010065,3.35714284828859,3680429.3064097473,1420790614555.6924,3.748250028010714e+19,3.748250028010714e+19,3.719937982012702e+19,2.667911672185657e-20,0.024483665124881027,-10.060522973546986,-5.190523479591583,0.005215160724228822,1.5181471945606331e-06,256,-103594.4267691373,1410058813701.0872,1410058809331.324,12.35572692464522,3.6804293064097475,1420790614555.6924,3.748250028010714e+19,3.719937982012702e+19,3.748250028010714e+19,0.7553403798155346,103594.4267691373,3.748250036102182e+19,1420790617622.7988,26381438.54281344,7.496500072204363e+19,2841581250000.0,0.5,0.02448366509845419,True,False,True,True,-0.007553405940581698,True,False,True,-13.263225225631206,-10.373475286280605,-10.026049357773022,-10.026049357773022,-3.237175867858184,False,0.25,4,32,-3.4993489583333333e-07,2.604166666666667e-07,1,256,15000.0,3840000.0,1,1.0,15000.0,exponential_tdl,,known_amplitude_linear,1420790617622.7988,,,,,,,,,,,,,,,,,,,,,,,,,
exact_efim,Exact EFIM,ok,optimal,0.037674226998205995,False,,exact_efim,823.6035942946496,12354053.914419744,0.9999999988069304,3.357142853734087,3679930.9569679354,1429101301738.6992,3.770174816327418e+19,3.770174816327418e+19,3.748250018464369e+19,2.6523969012506282e-20,0.024412371100860367,-9.963247253003756,-5.071800285547479,0.005200546694032196,1.5373868366134193e-06,256,-91162.99036070406,1420790612632.2107,1420790610937.1086,12.354053914419744,3.6799309569679353,1429101301738.6992,3.770174816327418e+19,3.748250018464369e+19,3.770174816327418e+19,0.5815326591249705,91162.99036070406,3.748250036102182e+19,1420790617622.7988,26381438.54281344,7.496500072204363e+19,2841581250000.0,0.5,0.02448366509845419,True,True,True,True,-4.705612609542351e-09,False,False,True,-13.263225225631206,-10.272955131439618,-9.927861025291598,-9.927861025291598,-3.3353642003396082,False,0.25,4,32,-3.4993489583333333e-07,2.604166666666667e-07,1,256,15000.0,3840000.0,1,1.0,15000.0,exponential_tdl,,unknown_amplitude_exact,,3.748250036102182e+19,1420790617622.7988,quad_over_lin,1e-12,,,,,,,,,,,,,,,,,,,,,
uniform,Uniform,ok,ok,1.8786999135045335e-05,False,,none,970.7770941365533,14561656.412048299,1.0,3.357142857142857,4337514.67592928,1228781250000.0,3.2417017029436477e+19,3.2417017029436477e+19,3.2417017029436477e+19,3.084799564043612e-20,0.026327170297761177,-13.263225225631206,-9.680684807413924,0.00390625,0.0,256,0.0,1228781250000.0,1228781250000.0,14.561656412048299,4.33751467592928,1228781250000.0,3.2417017029436477e+19,3.2417017029436477e+19,3.2417017029436477e+19,0.0,0.0,3.748250036102182e+19,1420790617622.7988,26381438.54281344,7.496500072204363e+19,2841581250000.0,0.5,0.02448366509845419,False,False,False,False,-0.13514262076424743,False,False,True,-13.263225225631206,-13.464332099663313,-13.263225225631206,-13.263225225631206,0.0,True,0.25,4,32,-3.7434895833333334e-07,2.604166666666667e-07,2,256,15000.0,3840000.0,1,1.0,15000.0,exponential_tdl,,,,,,,,,,,,,,,,,,,,,,,,,,,,
water_filling,Water-filling,ok,ok,0.00025127999833785,False,,none,971.1554814748042,14567332.222122064,0.9999999999998168,3.357142857142334,4339205.34276044,1215173745834.0347,3.2058031494560977e+19,3.2058031494560977e+19,3.205391267651923e+19,3.119343120520865e-20,0.026474165632863637,-13.58272017179398,-9.856733273783792,0.004163844402705895,3.862653618844552e-08,256,12495.023191781836,1215017620229.694,1215017620229.4714,14.567332222122063,4.33920534276044,1215173745834.0347,3.2058031494560985e+19,3.205391267651923e+19,3.2058031494560977e+19,0.012848006723195759,12495.023191781836,3.748250036102182e+19,1420790617622.7988,26381438.54281344,7.496500072204363e+19,2841581250000.0,0.5,0.02448366509845419,False,False,False,False,-0.14482992415702856,False,False,True,-13.263225225631206,-13.772601201728666,-13.58272017179398,-13.58272017179398,0.31949494616277363,True,0.25,4,32,-3.7434895833333334e-07,2.604166666666667e-07,2,256,15000.0,3840000.0,1,1.0,15000.0,exponential_tdl,0.004261516104846931,,,,,,,,,,,,,,,,,,,,,,,,,,,
conventional_s2,Conventional $S_2$,ok,optimal,0.028691779003565898,False,,conventional_s2,966.0727411660877,14491091.117491314,0.9999999968697383,3.3571428481992522,4316495.237986145,1420790613621.762,3.748250025546871e+19,3.748250025546871e+19,3.7478381443068396e+19,2.6679116739393598e-20,0.024483665132927972,-10.610860702117023,-6.189205152307148,0.005863873687169042,5.131862282777671e-07,256,12495.014654291666,1420634492677.9976,1420634488231.0398,14.491091117491314,4.316495237986144,1420790613621.762,3.748250025546871e+19,3.7478381443068396e+19,3.748250025546871e+19,0.010988627685559435,12495.014654291666,3.748250036102182e+19,1420790617622.7988,26381438.54281344,7.496500072204363e+19,2841581250000.0,0.5,0.02448366509845419,True,False,True,True,-0.00010988909260985665,True,False,True,-13.263225225631206,-11.0591013558548,-10.597997731326924,-10.597997731326924,-2.6652274943042826,False,0.25,4,32,-3.4993489583333333e-07,2.604166666666667e-07,2,256,15000.0,3840000.0,1,1.0,15000.0,exponential_tdl,,known_amplitude_linear,1420790617622.7988,,,,,,,,,,,,,,,,,,,,,,,,,
exact_efim,Exact EFIM,ok,optimal,0.02968023500216077,False,,exact_efim,966.0678046374051,14491017.069561075,0.9999999967350841,3.357142847814526,4316473.181650466,1420858352329.267,3.7484287300017725e+19,3.7484287300017725e+19,3.7482500081933795e+19,2.6677844825917956e-20,0.024483081502759706,-10.609897687829651,-6.188438032190336,0.005823844380625495,5.123975470569781e-07,256,8230.75243482113,1420790611682.607,1420790607043.845,14.491017069561076,4.3164731816504665,1420858352329.267,3.7484287300017725e+19,3.7482500081933795e+19,3.7484287300017725e+19,0.004767912671316194,8230.75243482113,3.748250036102182e+19,1420790617622.7988,26381438.54281344,7.496500072204363e+19,2841581250000.0,0.5,0.02448366509845419,True,True,True,True,-7.4458218853036976e-09,False,False,True,-13.263225225631206,-11.058268590557134,-10.597063583378274,-10.597063583378274,-2.6661616422529324,False,0.25,4,32,-3.4993489583333333e-07,2.604166666666667e-07,2,256,15000.0,3840000.0,1,1.0,15000.0,exponential_tdl,,unknown_amplitude_exact,,3.748250036102182e+19,1420790617622.7988,quad_over_lin,1e-12,,,,,,,,,,,,,,,,,,,,,
uniform,Uniform,ok,ok,2.1095002011861652e-05,False,,none,1017.8501290226455,15267751.935339684,1.0,3.357142857142857,4547841.002016076,1228781250000.0,3.2417017029436477e+19,3.2417017029436477e+19,3.2417017029436477e+19,3.084799564043612e-20,0.026327170297761177,-13.263225225631206,-9.680684807413924,0.00390625,0.0,256,0.0,1228781250000.0,1228781250000.0,15.267751935339684,4.547841002016076,1228781250000.0,3.2417017029436477e+19,3.2417017029436477e+19,3.2417017029436477e+19,0.0,0.0,3.748250036102182e+19,1420790617622.7988,26381438.54281344,7.496500072204363e+19,2841581250000.0,0.5,0.02448366509845419,False,False,False,False,-0.13514262076424743,False,False,True,-13.263225225631206,-13.464332099663313,-13.263225225631206,-13.263225225631206,0.0,True,0.25,4,32,-3.7434895833333334e-07,2.604166666666667e-07,3,256,15000.0,3840000.0,1,1.0,15000.0,exponential_tdl,,,,,,,,,,,,,,,,,,,,,,,,,,,,
water_filling,Water-filling,ok,ok,0.00021204799850238487,False,,none,1018.3560888836647,15275341.33325497,0.9999999999993786,3.3571428571410817,4550101.673737929,1207828440842.4697,3.1864251782347792e+19,3.1864251782347792e+19,3.1860799440450675e+19,3.1383131379660437e-20,0.02655454379783606,-13.93002823933861,-10.00806807570914,0.004130097938908062,5.186598657737229e-08,256,-11439.51633401628,1207697578309.2642,1207697578308.5137,15.275341333254971,4.550101673737929,1207828440842.4697,3.1864251782347792e+19,3.1860799440450675e+19,3.1864251782347792e+19,0.01083452993247508,11439.51633401628,3.748250036102182e+19,1420790617622.7988,26381438.54281344,7.496500072204363e+19,2841581250000.0,0.5,0.02448366509845419,False,False,False,False,-0.14998201471151504,False,False,True,-13.263225225631206,-14.10139177625931,-13.93002823933861,-13.93002823933861,0.666803013707403,True,0.25,4,32,-3.7434895833333334e-07,2.604166666666667e-07,3,256,15000.0,3840000.0,1,1.0,15000.0,exponential_tdl,0.004236325869121274,,,,,,,,,,,,,,,,,,,,,,,,,,,
conventional_s2,Conventional $S_2$,ok,optimal,0.0569205370011332,False,,conventional_s2,1012.852453881733,15192786.808225995,0.9999999989167037,3.357142854047725,4525510.968324738,1420790616200.92,3.74825003235106e+19,3.74825003235106e+19,3.74790479057314e+19,2.6679116690963062e-20,0.0244836651107054,-10.795939494612615,-6.156707716655271,0.00611304323599241,5.437540325844026e-07,256,-11439.642059146445,1420659752329.616,1420659750790.6204,15.192786808225994,4.525510968324737,1420790616200.92,3.748250032351061e+19,3.74790479057314e+19,3.74825003235106e+19,0.009210745679712307,11439.642059146445,3.748250036102182e+19,1420790617622.7988,26381438.54281344,7.496500072204363e+19,2841581250000.0,0.5,0.02448366509845419,True,False,True,True,-9.210845747108366e-05,True,False,True,-13.263225225631206,-11.23361831640458,-10.779287895761875,-10.779287895761875,-2.483937329869331,False,0.25,4,32,-3.4993489583333333e-07,2.604166666666667e-07,3,256,15000.0,3840000.0,1,1.0,15000.0,exponential_tdl,,known_amplitude_linear,1420790617622.7988,,,,,,,,,,,,,,,,,,,,,,,,,
exact_efim,Exact EFIM,ok,optimal,0.03428635200179997,False,,exact_efim,1012.8481981720086,15192722.972580127,0.9999999962419535,3.3571428464055817,4525491.963753237,1420845739150.0684,3.748395454620587e+19,3.748395454620587e+19,3.748249990936419e+19,2.6678081651372086e-20,0.0244831901735325,-10.796191498573815,-6.157672938280278,0.006074507568609063,5.425270679481809e-07,256,-7425.540233374331,1420790605841.9153,1420790600502.518,15.192722972580128,4.525491963753238,1420845739150.0684,3.748395454620586e+19,3.748249990936419e+19,3.748395454620587e+19,0.003880692043545695,7425.540233374331,3.748250036102182e+19,1420790617622.7988,26381438.54281344,7.496500072204363e+19,2841581250000.0,0.5,0.02448366509845419,True,True,True,True,-1.204982659496431e-08,False,False,True,-13.263225225631206,-11.232365744609776,-10.779146774116075,-10.779146774116075,-2.4840784515151313,False,0.25,4,32,-3.4993489583333333e-07,2.604166666666667e-07,3,256,15000.0,3840000.0,1,1.0,15000.0,exponential_tdl,,unknown_amplitude_exact,,3.748250036102182e+19,1420790617622.7988,quad_over_lin,1e-12,,,,,,,,,,,,,,,,,,,,,
uniform,Uniform,ok,ok,1.793000046745874e-05,False,,none,1032.7569291291125,15491353.936936688,1.0,3.357142857142857,4614445.8535556095,1228781250000.0,3.2417017029436477e+19,3.2417017029436477e+19,3.2417017029436477e+19,3.084799564043612e-20,0.026327170297761177,-13.263225225631206,-9.680684807413924,0.00390625,0.0,256,0.0,1228781250000.0,1228781250000.0,15.491353936936688,4.614445853555609,1228781250000.0,3.2417017029436477e+19,3.2417017029436477e+19,3.2417017029436477e+19,0.0,0.0,3.748250036102182e+19,1420790617622.7988,26381438.54281344,7.496500072204363e+19,2841581250000.0,0.5,0.02448366509845419,False,False,False,False,-0.13514262076424743,False,False,True,-13.263225225631206,-13.464332099663313,-13.263225225631206,-13.263225225631206,0.0,True,0.25,4,32,-3.7434895833333334e-07,2.604166666666667e-07,4,256,15000.0,3840000.0,1,1.0,15000.0,exponential_tdl,,,,,,,,,,,,,,,,,,,,,,,,,,,,
water_filling,Water-filling,ok,ok,0.00021212799765635282,False,,none,1032.9215182365288,15493822.77354793,0.9999999999994159,3.3571428571411883,4615181.251697422,1251769128263.8518,3.302347032708396e+19,3.302347032708396e+19,3.3022799407021687e+19,3.0281493437709884e-20,0.026084309961654496,-12.71154081707332,-9.179332437962241,0.004066797349079887,1.5902476015342303e-08,256,5042.967306543204,1251743696745.3281,1251743696744.597,15.493822773547931,4.615181251697422,1251769128263.8518,3.302347032708396e+19,3.3022799407021687e+19,3.302347032708396e+19,0.002031646146290197,5042.967306543204,3.748250036102182e+19,1420790617622.7988,26381438.54281344,7.496500072204363e+19,2841581250000.0,0.5,0.02448366509845419,False,False,False,False,-0.11898088203949672,False,False,True,-13.263225225631206,-12.94903532673682,-12.71154081707332,-12.71154081707332,-0.551684408557886,False,0.25,4,32,-3.7434895833333334e-07,2.604166666666667e-07,4,256,15000.0,3840000.0,1,1.0,15000.0,exponential_tdl,0.004187226828389724,,,,,,,,,,,,,,,,,,,,,,,,,,,
conventional_s2,Conventional $S_2$,ok,optimal,0.029993185002240352,False,,conventional_s2,1029.3284861007678,15439927.291511517,0.999999997037385,3.357142848678243,4599127.289918702,1420790614156.544,3.748250026957702e+19,3.748250026957702e+19,3.748182908021085e+19,2.667911672935165e-20,0.02448366512832018,-10.344450464615512,-6.230964504990828,0.005527580697336503,4.738290153956012e-07,256,5043.979323166859,1420765176638.387,1420765172429.2068,15.439927291511516,4.599127289918702,1420790614156.544,3.748250026957703e+19,3.748182908021085e+19,3.748250026957702e+19,0.0017906739447538305,5043.979323166859,3.748250036102182e+19,1420790617622.7988,26381438.54281344,7.496500072204363e+19,2841581250000.0,0.5,0.02448366509845419,True,False,True,True,-1.7909179070271077e-05,True,False,True,-13.263225225631206,-10.83374640940816,-10.344450464615512,-10.344450464615512,-2.918774761015694,False,0.25,4,32,-3.5807291666666667e-07,2.604166666666667e-07,4,256,15000.0,3840000.0,1,1.0,15000.0,exponential_tdl,,known_amplitude_linear,1420790617622.7988,,,,,,,,,,,,,,,,,,,,,,,,,
exact_efim,Exact EFIM,ok,optimal,0.030491860998154152,False,,exact_efim,1029.3277390040757,15439916.085061137,0.9999999970888284,3.357142848825224,4599123.951625734,1420803403303.662,3.748283766567574e+19,3.748283766567574e+19,3.748250019645018e+19,2.6678876581314246e-20,0.024483554935066407,-10.344237700153592,-6.230611394324878,0.005529601263257347,4.7380420224804954e-07,256,3576.579240082809,1420790615520.804,1420790611384.6387,15.439916085061137,4.599123951625733,1420803403303.662,3.748283766567574e+19,3.748250019645018e+19,3.748283766567574e+19,0.0009003299818654008,3576.579240082809,3.748250036102182e+19,1420790617622.7988,26381438.54281344,7.496500072204363e+19,2841581250000.0,0.5,0.02448366509845419,True,True,True,True,-4.390625868789122e-09,False,False,True,-13.263225225631206,-10.833654981279947,-10.344237700153592,-10.344237700153592,-2.9189875254776148,False,0.25,4,32,-3.5807291666666667e-07,2.604166666666667e-07,4,256,15000.0,3840000.0,1,1.0,15000.0,exponential_tdl,,unknown_amplitude_exact,,3.748250036102182e+19,1420790617622.7988,quad_over_lin,1e-12,,,,,,,,,,,,,,,,,,,,,
uniform,Uniform,ok,ok,2.0617000700440258e-05,False,,none,1054.9664688452644,15824497.032678967,1.0,3.357142857142857,4713679.967180969,1228781250000.0,3.2417017029436477e+19,3.2417017029436477e+19,3.2417017029436477e+19,3.084799564043612e-20,0.026327170297761177,-13.263225225631206,-9.680684807413924,0.00390625,0.0,256,0.0,1228781250000.0,1228781250000.0,15.824497032678968,4.713679967180969,1228781250000.0,3.2417017029436477e+19,3.2417017029436477e+19,3.2417017029436477e+19,0.0,0.0,3.748250036102182e+19,1420790617622.7988,26381438.54281344,7.496500072204363e+19,2841581250000.0,0.5,0.02448366509845419,False,False,False,False,-0.13514262076424743,False,False,True,-13.263225225631206,-13.464332099663313,-13.263225225631206,-13.263225225631206,0.0,True,0.25,4,32,-3.7434895833333334e-07,2.604166666666667e-07,5,256,15000.0,3840000.0,1,1.0,15000.0,exponential_tdl,,,,,,,,,,,,,,,,,,,,,,,,,,,,
water_filling,Water-filling,ok,ok,0.0002715700029511936,False,,none,1057.017844469419,15855267.667041287,0.9999999999999467,3.357142857142705,4722845.688055065,1247914984305.4106,3.292179246510919e+19,3.292179246510919e+19,3.2902292022616994e+19,3.0375016823880685e-20,0.026124559170769144,-13.23148204266202,-8.77450929544175,0.004209750295847691,2.429566276827449e-07,256,27187.733013256904,1247175811479.077,1247175811479.0105,15.855267667041288,4.722845688055066,1247914984305.4106,3.292179246510919e+19,3.2902292022616994e+19,3.292179246510919e+19,0.059232626877353534,27187.733013256904,3.748250036102182e+19,1420790617622.7988,26381438.54281344,7.496500072204363e+19,2841581250000.0,0.5,0.02448366509845419,False,False,False,False,-0.12219591260693477,False,False,True,-13.263225225631206,-13.535474220792576,-13.203918930109866,-13.203918930109866,-0.05930629552134015,True,0.25,4,32,-3.662109375e-07,2.604166666666667e-07,5,256,15000.0,3840000.0,1,1.0,15000.0,exponential_tdl,0.004297418609581582,,,,,,,,,,,,,,,,,,,,,,,,,,,
conventional_s2,Conventional $S_2$,ok,optimal,0.028796317001251737,False,,conventional_s2,1053.4487389378069,15801731.084067103,0.9999999992123457,3.3571428548924165,4706898.623941187,1420790616600.263,3.7482500334045856e+19,3.7482500334045856e+19,3.746299982444825e+19,2.6679116683464328e-20,0.024483665107264574,-10.688124897672289,-5.940081041621016,0.005765913387596912,7.191675576781337e-07,256,27187.77980348066,1420051442348.7122,1420051441230.2026,15.801731084067102,4.7068986239411865,1420790616600.263,3.748250033404585e+19,3.746299982444825e+19,3.7482500334045856e+19,0.05202563709415435,27187.77980348066,3.748250036102182e+19,1420790617622.7988,26381438.54281344,7.496500072204363e+19,2841581250000.0,0.5,0.02448366509845419,True,False,True,True,-0.0005202570902619306,True,False,True,-13.263225225631206,-11.090784746246749,-10.664049936459447,-10.664049936459447,-2.599175289171759,False,0.25,4,32,-3.4993489583333333e-07,2.604166666666667e-07,5,256,15000.0,3840000.0,1,1.0,15000.0,exponential_tdl,,known_amplitude_linear,1420790617622.7988,,,,,,,,,,,,,,,,,,,,,,,,,
exact_efim,Exact EFIM,ok,optimal,0.03147290899869404,False,,exact_efim,1053.427768145319,15801416.522179786,0.9999999982803047,3.357142852229442,4706804.928389102,1421157423187.2026,3.74921772194763e+19,3.74921772194763e+19,3.748250015839387e+19,2.6672230693514476e-20,0.024480505235931732,-10.680999295287222,-5.928892732253188,0.005698585459772513,7.189572341968429e-07,256,19152.369193801438,1420790612385.4246,1420790609942.0977,15.801416522179785,4.7068049283891025,1421157423187.2026,3.74921772194763e+19,3.748250015839387e+19,3.74921772194763e+19,0.025810880562584355,19152.369193801438,3.748250036102182e+19,1420790617622.7988,26381438.54281344,7.496500072204363e+19,2841581250000.0,0.5,0.02448366509845419,True,True,True,True,-5.405934678645759e-09,False,False,True,-13.263225225631206,-11.08890702473635,-10.65818351201473,-10.65818351201473,-2.605041713616476,False,0.25,4,32,-3.4993489583333333e-07,2.604166666666667e-07,5,256,15000.0,3840000.0,1,1.0,15000.0,exponential_tdl,,unknown_amplitude_exact,,3.748250036102182e+19,1420790617622.7988,quad_over_lin,1e-12,,,,,,,,,,,,,,,,,,,,,
uniform,Uniform,ok,ok,2.1667001419700682e-05,False,,none,675.5095507513738,10132643.261270607,1.0,3.357142857142857,3018234.16293167,1228781250000.0,3.2417017029436477e+19,3.2417017029436477e+19,3.2417017029436477e+19,3.084799564043612e-20,0.026327170297761177,-13.263225225631206,-9.680684807413924,0.00390625,0.0,256,0.0,1228781250000.0,1228781250000.0,10.132643261270607,3.01823416293167,1228781250000.0,3.2417017029436477e+19,3.2417017029436477e+19,3.2417017029436477e+19,0.0,0.0,3.748250036102182e+19,1420790617622.7988,26381438.54281344,7.496500072204363e+19,2841581250000.0,0.5,0.02448366509845419,False,False,False,False,-0.13514262076424743,False,False,True,-13.263225225631206,-13.464332099663313,-13.263225225631206,-13.263225225631206,0.0,True,0.25,4,32,-3.7434895833333334e-07,2.604166666666667e-07,6,256,15000.0,3840000.0,1,1.0,15000.0,exponential_tdl,,,,,,,,,,,,,,,,,,,,,,,,,,,,
water_filling,Water-filling,ok,ok,0.00022008999803801998,False,,none,689.3912497681246,10340868.746521868,0.9999999999992817,3.357142857140805,3080258.7755615884,1097122344483.125,2.894366570492896e+19,2.894366570492896e+19,2.7986200375446827e+19,3.4549873889322356e-20,0.027862106023563808,-15.549269966780892,-9.776015590954906,0.004568050480665053,1.2884812135242755e-06,241,190507.59381074118,1060829201184.3547,1060829201183.5928,10.340868746521867,3.0802587755615884,1097122344483.125,2.8943665704928956e+19,2.7986200375446827e+19,2.894366570492896e+19,3.308030638700619,190507.59381074118,3.748250036102182e+19,1420790617622.7988,26381438.54281344,7.496500072204363e+19,2841581250000.0,0.5,0.02448366509845419,False,False,False,False,-0.253352895193999,False,False,True,-13.263225225631206,-15.715406345790349,-15.549269966780892,-15.549269966780892,2.286044741149686,True,0.25,4,32,-4.069010416666667e-07,2.604166666666667e-07,6,256,15000.0,3840000.0,1,1.0,15000.0,exponential_tdl,0.004950179375329551,,,,,,,,,,,,,,,,,,,,,,,,,,,
conventional_s2,Conventional $S_2$,ok,optimal,0.029410030001599807,False,,conventional_s2,679.9413969191068,10199120.9537866,0.9999999961856119,3.3571428462446056,3038036.038649837,1420790612212.487,3.748250021829001e+19,3.748250021829001e+19,3.6302567634990096e+19,2.6679116765856474e-20,0.024483665145070582,-11.39502821637745,-4.804479692666858,0.0077608742580876165,2.153474730885741e-06,250,211484.89853843383,1376064755322.122,1376064750073.277,10.1991209537866,3.038036038649837,1420790612212.487,3.748250021829001e+19,3.6302567634990096e+19,3.748250021829001e+19,3.147955916569712,211484.89853843383,3.748250036102182e+19,1420790617622.7988,26381438.54281344,7.496500072204363e+19,2841581250000.0,0.5,0.02448366509845419,True,False,False,False,-0.031479562853782735,True,True,True,-13.263225225631206,-11.844466793530628,-11.393957375089807,-11.393957375089807,-1.8692678505413998,False,0.25,4,32,-3.4993489583333333e-07,2.604166666666667e-07,6,256,15000.0,3840000.0,1,1.0,15000.0,exponential_tdl,,known_amplitude_linear,1420790617622.7988,,,,,,,,,,,,,,,,,,,,,,,,,
exact_efim,Exact EFIM,ok,optimal,0.03134063200195669,False,,exact_efim,678.5998600619298,10178997.900928946,0.999999997134406,3.357142848955446,3032041.9353308356,1433252492467.7249,3.781126254637147e+19,3.781126254637147e+19,3.748250002464525e+19,2.644714650227844e-20,0.024376992165633386,-11.395849947655435,-4.477580705885095,0.00847290811321025,2.0937097129735827e-06,255,111632.82506117263,1420790608943.706,1420790604872.297,10.178997900928946,3.0320419353308354,1433252492467.7249,3.781126254637146e+19,3.748250002464525e+19,3.781126254637147e+19,0.8694830576551901,111632.82506117263,3.748250036102182e+19,1420790617622.7988,26381438.54281344,7.496500072204363e+19,2841581250000.0,0.5,0.02448366509845419,True,True,True,True,-8.974229750313006e-09,False,False,True,-13.263225225631206,-11.7368212641955,-11.357684467289248,-11.357684467289248,-1.9055407583419584,False,0.25,4,32,-3.4993489583333333e-07,2.604166666666667e-07,6,256,15000.0,3840000.0,1,1.0,15000.0,exponential_tdl,,unknown_amplitude_exact,,3.748250036102182e+19,1420790617622.7988,quad_over_lin,1e-12,,,,,,,,,,,,,,,,,,,,,
uniform,Uniform,ok,ok,2.009899981203489e-05,False,,none,1177.5229373716552,17662844.06057483,1.0,3.357142857142857,5261272.69889463,1228781250000.0,3.2417017029436477e+19,3.2417017029436477e+19,3.2417017029436477e+19,3.084799564043612e-20,0.026327170297761177,-13.263225225631206,-9.680684807413924,0.00390625,0.0,256,0.0,1228781250000.0,1228781250000.0,17.66284406057483,5.26127269889463,1228781250000.0,3.2417017029436477e+19,3.2417017029436477e+19,3.2417017029436477e+19,0.0,0.0,3.748250036102182e+19,1420790617622.7988,26381438.54281344,7.496500072204363e+19,2841581250000.0,0.5,0.02448366509845419,False,False,False,False,-0.13514262076424743,False,False,True,-13.263225225631206,-13.464332099663313,-13.263225225631206,-13.263225225631206,0.0,True,0.25,4,32,-3.7434895833333334e-07,2.604166666666667e-07,7,256,15000.0,3840000.0,1,1.0,15000.0,exponential_tdl,,,,,,,,,,,,,,,,,,,,,,,,,,,,
water_filling,Water-filling,ok,ok,0.00026694799817050807,False,,none,1178.105402395219,17671581.035928287,1.0000000000003952,3.3571428571439865,5263875.202189634,1260529268811.6353,3.3254575436571718e+19,3.3254575436571718e+19,3.324686965629253e+19,3.0071049979493954e-20,0.025993514527244996,-12.429815524387216,-8.915212122751484,0.004099153002216084,5.8426972078889316e-08,256,-17090.669430115322,1260237177829.5676,1260237177830.0657,17.671581035928288,5.263875202189634,1260529268811.6353,3.3254575436571718e+19,3.324686965629253e+19,3.3254575436571718e+19,0.023172090390650643,17090.669430115322,3.748250036102182e+19,1420790617622.7988,26381438.54281344,7.496500072204363e+19,2841581250000.0,0.5,0.02448366509845419,False,False,False,False,-0.11300288571820934,False,False,True,-13.263225225631206,-12.672343856627883,-12.425402923690124,-12.425402923690124,-0.8378223019410829,False,0.25,4,32,-3.662109375e-07,2.604166666666667e-07,7,256,15000.0,3840000.0,1,1.0,15000.0,exponential_tdl,0.004153705637300196,,,,,,,,,,,,,,,,,,,,,,,,,,,
conventional_s2,Conventional $S_2$,ok,optimal,0.030782772999373265,False,,conventional_s2,1174.8152697362416,17622229.046043623,0.9999999988952188,3.35714285398634,5249174.614395282,1420790616314.796,3.748250032651482e+19,3.748250032651482e+19,3.747479460358711e+19,2.6679116688824732e-20,0.02448366510972422,-10.223460370980966,-6.185644790217026,0.005520892456301617,5.058378938764634e-07,256,-17090.60583944011,1420498529076.4995,1420498527507.1594,17.622229046043625,5.249174614395282,1420790616314.796,3.748250032651482e+19,3.747479460358711e+19,3.748250032651482e+19,0.02055818811601328,17090.60583944011,3.748250036102182e+19,1420790617622.7988,26381438.54281344,7.496500072204363e+19,2841581250000.0,0.5,0.02448366509845419,True,False,True,True,-0.00020558280158708975,True,False,True,-13.263225225631206,-10.725493292290565,-10.223460370980966,-10.223460370980966,-3.0397648546502403,False,0.25,4,32,-3.5807291666666667e-07,2.604166666666667e-07,7,256,15000.0,3840000.0,1,1.0,15000.0,exponential_tdl,,known_amplitude_linear,1420790617622.7988,,,,,,,,,,,,,,,,,,,,,,,,,
exact_efim,Exact EFIM,ok,optimal,0.03687152999918908,False,,exact_efim,1174.8068254721811,17622102.382082716,0.9999999983236832,3.357142852353381,5249136.887258014,1420942740894.6548,3.748651359176922e+19,3.748651359176922e+19,3.748249994457406e+19,2.6676260451693926e-20,0.024482354477404777,-10.221340577596486,-6.182629010424584,0.005480923466351672,5.052354891950087e-07,256,-12334.466252980534,1420790604218.859,1420790601837.1638,17.622102382082716,5.249136887258014,1420942740894.6548,3.748651359176922e+19,3.748249994457406e+19,3.748651359176922e+19,0.010706909793931432,12334.466252980534,3.748250036102182e+19,1420790617622.7988,26381438.54281344,7.496500072204363e+19,2841581250000.0,0.5,0.02448366509845419,True,True,True,True,-1.1110458329217158e-08,False,False,True,-13.263225225631206,-10.723903168980796,-10.221340577596486,-10.221340577596486,-3.0418846480347206,False,0.25,4,32,-3.5807291666666667e-07,2.604166666666667e-07,7,256,15000.0,3840000.0,1,1.0,15000.0,exponential_tdl,,unknown_amplitude_exact,,3.748250036102182e+19,1420790617622.7988,quad_over_lin,1e-12,,,,,,,,,,,,,,,,,,,,,
uniform,Uniform,ok,ok,2.049799877568148e-05,False,,none,1079.0859724940042,16186289.587410063,1.0,3.357142857142857,4821447.962207252,1228781250000.0,3.2417017029436477e+19,3.2417017029436477e+19,3.2417017029436477e+19,3.084799564043612e-20,0.026327170297761177,-13.263225225631206,-9.680684807413924,0.00390625,0.0,256,0.0,1228781250000.0,1228781250000.0,16.186289587410062,4.821447962207253,1228781250000.0,3.2417017029436477e+19,3.2417017029436477e+19,3.2417017029436477e+19,0.0,0.0,3.748250036102182e+19,1420790617622.7988,26381438.54281344,7.496500072204363e+19,2841581250000.0,0.5,0.02448366509845419,False,False,False,False,-0.13514262076424743,False,False,True,-13.263225225631206,-13.464332099663313,-13.263225225631206,-13.263225225631206,0.0,True,0.25,4,32,-3.7434895833333334e-07,2.604166666666667e-07,8,256,15000.0,3840000.0,1,1.0,15000.0,exponential_tdl,,,,,,,,,,,,,,,,,,,,,,,,,,,,
water_filling,Water-filling,ok,ok,0.00020663000032072887,False,,none,1100.3106000189887,16504659.00028483,1.0000000000009774,3.35714285714565,4916281.4043360725,1268343987083.2168,3.346073894638285e+19,3.346073894638285e+19,3.268309456201404e+19,2.9885771548631664e-20,0.025913313156502273,-12.12888870311282,-6.616416023845248,0.004615615666462248,1.8012056366216734e-06,235,171688.53047823292,1238867035584.202,1238867035585.4128,16.50465900028483,4.916281404336073,1268343987083.2168,3.346073894638285e+19,3.268309456201404e+19,3.346073894638285e+19,2.324050241732251,171688.53047823292,3.748250036102182e+19,1420790617622.7988,26381438.54281344,7.496500072204363e+19,2841581250000.0,0.5,0.02448366509845419,False,False,False,False,-0.12804390723087128,False,False,True,-13.263225225631206,-12.364734965101222,-12.105599140068914,-12.105599140068914,-1.157626085562292,False,0.25,4,32,-6.266276041666667e-07,2.604166666666667e-07,8,256,15000.0,3840000.0,1,1.0,15000.0,exponential_tdl,0.004672740373155803,,,,,,,,,,,,,,,,,,,,,,,,,,,
conventional_s2,Conventional $S_2$,ok,optimal,0.03038058000311139,False,,conventional_s2,1097.9009455283876,16468514.182925815,0.9999999991287456,3.357142854653559,4905514.866636584,1420790616640.6924,3.748250033511244e+19,3.748250033511244e+19,3.674360328154951e+19,2.667911668270516e-20,0.024483665106916228,-10.820753942317813,-4.876812030799879,0.005962403041091795,2.151606934274227e-06,256,167356.5563453133,1392782400926.8003,1392782399713.3325,16.468514182925816,4.905514866636584,1420790616640.6924,3.748250033511244e+19,3.674360328154951e+19,3.748250033511244e+19,1.971312070851243,167356.5563453133,3.748250036102182e+19,1420790617622.7988,26381438.54281344,7.496500072204363e+19,2841581250000.0,0.5,0.02448366509845419,True,False,False,True,-0.019713121386125295,True,True,True,-13.263225225631206,-11.194095449258963,-10.820753942317813,-10.820753942317813,-2.4424712833133935,False,0.25,4,32,-6.184895833333334e-07,2.604166666666667e-07,8,256,15000.0,3840000.0,1,1.0,15000.0,exponential_tdl,,known_amplitude_linear,1420790617622.7988,,,,,,,,,,,,,,,,,,,,,,,,,
exact_efim,Exact EFIM,ok,optimal,0.03357810500165215,False,,exact_efim,1097.2406525995648,16458609.788993472,0.9999999993389631,3.3571428552541804,4902564.620756162,1435462716135.1323,3.786957142621905e+19,3.786957142621905e+19,3.748250034635236e+19,2.6406425062092164e-20,0.02435821795435835,-10.638292823222512,-4.590209892470301,0.0062768268106376405,2.1614106090164926e-06,256,121128.44041794828,1420790618005.9417,1420790617066.7466,16.45860978899347,4.902564620756162,1435462716135.1323,3.786957142621905e+19,3.748250034635236e+19,3.786957142621905e+19,1.0221163464202774,121128.44041794828,3.748250036102182e+19,1420790617622.7988,26381438.54281344,7.496500072204363e+19,2841581250000.0,0.5,0.02448366509845419,True,True,True,True,-3.913681109506456e-10,False,False,True,-13.263225225631206,-11.053602852354427,-10.638292823222512,-10.638292823222512,-2.624932402408694,False,0.25,4,32,-6.184895833333334e-07,2.604166666666667e-07,8,256,15000.0,3840000.0,1,1.0,15000.0,exponential_tdl,,unknown_amplitude_exact,,3.748250036102182e+19,1420790617622.7988,quad_over_lin,1e-12,,,,,,,,,,,,,,,,,,,,,
uniform,Uniform,ok,ok,1.9679002434713766e-05,False,,none,769.5885930566376,11543828.895849563,1.0,3.357142857142857,3438587.3306785934,1228781250000.0,3.2417017029436477e+19,3.2417017029436477e+19,3.2417017029436477e+19,3.084799564043612e-20,0.026327170297761177,-13.263225225631206,-9.680684807413924,0.00390625,0.0,256,0.0,1228781250000.0,1228781250000.0,11.543828895849563,3.4385873306785935,1228781250000.0,3.2417017029436477e+19,3.2417017029436477e+19,3.2417017029436477e+19,0.0,0.0,3.748250036102182e+19,1420790617622.7988,26381438.54281344,7.496500072204363e+19,2841581250000.0,0.5,0.02448366509845419,False,False,False,False,-0.13514262076424743,False,False,True,-13.263225225631206,-13.464332099663313,-13.263225225631206,-13.263225225631206,0.0,True,0.25,4,32,-3.7434895833333334e-07,2.604166666666667e-07,9,256,15000.0,3840000.0,1,1.0,15000.0,exponential_tdl,,,,,,,,,,,,,,,,,,,,,,,,,,,,
water_filling,Water-filling,ok,ok,0.00020780900013050996,False,,none,774.0338282547086,11610507.42382063,1.0000000000003069,3.3571428571437343,3458449.0198605605,1143647015485.7686,3.017105345370982e+19,3.017105345370982e+19,2.992656909957815e+19,3.314435147364867e-20,0.027289493185480296,-15.185645511000578,-9.87868165357906,0.004517307067659072,6.515537539280431e-07,256,-96266.74755449411,1134379728800.6968,1134379728801.045,11.61050742382063,3.4584490198605606,1143647015485.7686,3.017105345370981e+19,2.992656909957815e+19,3.017105345370982e+19,0.8103275363148028,96266.74755449411,3.748250036102182e+19,1420790617622.7988,26381438.54281344,7.496500072204363e+19,2841581250000.0,0.5,0.02448366509845419,False,False,False,False,-0.20158557163121127,False,False,True,-13.263225225631206,-15.185645511000578,-15.185645511000578,-15.185645511000578,1.9224202853693715,True,0.25,4,32,-3.90625e-07,2.604166666666667e-07,9,256,15000.0,3840000.0,1,1.0,15000.0,exponential_tdl,0.004714467036741422,,,,,,,,,,,,,,,,,,,,,,,,,,,
conventional_s2,Conventional $S_2$,ok,optimal,0.026658481001504697,False,,conventional_s2,766.5849050559909,11498773.575839864,0.9999999976879741,3.357142850537069,3425166.6037983205,1420790614436.9482,3.74825002769745e+19,3.74825002769745e+19,3.723801597322787e+19,2.6679116724086304e-20,0.02448366512590415,-11.231106661190191,-5.4918596582984405,0.007179760263545171,1.145499945451189e-06,256,-96266.73774613386,1411523332925.57,1411523329662.0916,11.498773575839865,3.4251666037983206,1420790614436.9482,3.748250027697449e+19,3.723801597322787e+19,3.74825002769745e+19,0.6522625276863303,96266.73774613386,3.748250036102182e+19,1420790617622.7988,26381438.54281344,7.496500072204363e+19,2841581250000.0,0.5,0.02448366509845419,True,False,True,True,-0.006522627504545688,True,False,True,-13.263225225631206,-11.699805039885284,-11.222648762332287,-11.222648762332287,-2.040576463298919,False,0.25,4,32,-3.4993489583333333e-07,2.604166666666667e-07,9,256,15000.0,3840000.0,1,1.0,15000.0,exponential_tdl,,known_amplitude_linear,1420790617622.7988,,,,,,,,,,,,,,,,,,,,,,,,,
exact_efim,Exact EFIM,ok,optimal,0.03910505100066075,False,,exact_efim,766.3070081845583,11494605.122768374,0.9999999987370721,3.357142853534492,3423924.9338664687,1423853797479.162,3.756331145214804e+19,3.756331145214804e+19,3.748250018767412e+19,2.6621721071474265e-20,0.02445731469309057,-11.227500833454219,-5.49053352454277,0.007314985026245669,1.078273206648197e-06,256,-55346.06066426102,1420790612846.3345,1420790611051.9785,11.494605122768375,3.4239249338664686,1423853797479.162,3.756331145214805e+19,3.748250018767412e+19,3.756331145214804e+19,0.21513349422579311,55346.06066426102,3.748250036102182e+19,1420790617622.7988,26381438.54281344,7.496500072204363e+19,2841581250000.0,0.5,0.02448366509845419,True,True,True,True,-4.624763531417581e-09,False,False,True,-13.263225225631206,-11.649460028391578,-11.205644258206753,-11.205644258206753,-2.057580967424453,False,0.25,4,32,-3.4993489583333333e-07,2.604166666666667e-07,9,256,15000.0,3840000.0,1,1.0,15000.0,exponential_tdl,,unknown_amplitude_exact,,3.748250036102182e+19,1420790617622.7988,quad_over_lin,1e-12,,,,,,,,,,,,,,,,,,,,,
uniform,Uniform,ok,ok,1.7178001144202426e-05,False,,none,1020.4370151153561,15306555.226730341,1.0,3.357142857142857,4559399.429238825,1228781250000.0,3.2417017029436477e+19,3.2417017029436477e+19,3.2417017029436477e+19,3.084799564043612e-20,0.026327170297761177,-13.263225225631206,-9.680684807413924,0.00390625,0.0,256,0.0,1228781250000.0,1228781250000.0,15.30655522673034,4.559399429238825,1228781250000.0,3.2417017029436477e+19,3.2417017029436477e+19,3.2417017029436477e+19,0.0,0.0,3.748250036102182e+19,1420790617622.7988,26381438.54281344,7.496500072204363e+19,2841581250000.0,0.5,0.02448366509845419,False,False,False,False,-0.13514262076424743,False,False,True,-13.263225225631206,-13.464332099663313,-13.263225225631206,-13.263225225631206,0.0,True,0.25,4,32,-3.7434895833333334e-07,2.604166666666667e-07,10,256,15000.0,3840000.0,1,1.0,15000.0,exponential_tdl,,,,,,,,,,,,,,,,,,,,,,,,,,,,
water_filling,Water-filling,ok,ok,0.00021222400027909316,False,,none,1021.5655872126517,15323483.808189776,1.000000000000576,3.357142857144503,4564441.985415993,1181802844337.5671,3.117765910761365e+19,3.117765910761365e+19,3.108548085544307e+19,3.2074248953341014e-20,0.026845342869345694,-13.619549638800903,-10.332836788595227,0.004129081752312081,1.2831031241758394e-07,256,59110.54966648119,1178308787255.013,1178308787255.6917,15.323483808189776,4.564441985415994,1181802844337.5671,3.1177659107613643e+19,3.108548085544307e+19,3.117765910761365e+19,0.2956548208203028,59110.54966648119,3.748250036102182e+19,1420790617622.7988,26381438.54281344,7.496500072204363e+19,2841581250000.0,0.5,0.02448366509845419,False,False,False,False,-0.17066682969290461,False,False,True,-13.263225225631206,-13.672274495104244,-13.605370324310556,-13.605370324310556,0.3421450986793495,True,0.25,4,32,-3.824869791666667e-07,2.604166666666667e-07,10,256,15000.0,3840000.0,1,1.0,15000.0,exponential_tdl,0.004255651983655554,,,,,,,,,,,,,,,,,,,,,,,,,,,
conventional_s2,Conventional $S_2$,ok,optimal,0.030620602999988478,False,,conventional_s2,1014.7464064211704,15221196.096317556,0.999999998154999,3.357142851871426,4533973.312405387,1420790615159.6345,3.748250029603999e+19,3.748250029603999e+19,3.739032429926908e+19,2.6679116710515964e-20,0.02448366511967734,-10.377272861327056,-6.153646572009935,0.006471492278724787,5.537863951546188e-07,256,59109.82656384817,1417296646184.5864,1417296643569.6726,15.221196096317556,4.533973312405387,1420790615159.6345,3.748250029604e+19,3.739032429926908e+19,3.748250029603999e+19,0.24591741757592558,59109.82656384817,3.748250036102182e+19,1420790617622.7988,26381438.54281344,7.496500072204363e+19,2841581250000.0,0.5,0.02448366509845419,True,False,True,True,-0.0024591759051536487,True,False,True,-13.263225225631206,-10.868144085631382,-10.377272861327056,-10.377272861327056,-2.885952364304151,False,0.25,4,32,-3.5807291666666667e-07,2.604166666666667e-07,10,256,15000.0,3840000.0,1,1.0,15000.0,exponential_tdl,,known_amplitude_linear,1420790617622.7988,,,,,,,,,,,,,,,,,,,,,,,,,
exact_efim,Exact EFIM,ok,optimal,0.035348802997759776,False,,exact_efim,1014.6276376818956,15219414.565228434,0.9999999980102053,3.3571428514577297,4533442.644128146,1422110810784.9653,3.7517328955794145e+19,3.7517328955794145e+19,3.748250022475849e+19,2.66543495454668e-20,0.024472297955979546,-10.368578564872031,-6.159860967763979,0.006252935464322613,5.246472210769965e-07,256,36334.533572269305,1420790615284.7595,1420790612457.678,15.219414565228435,4.5334426441281455,1422110810784.9653,3.751732895579415e+19,3.748250022475849e+19,3.7517328955794145e+19,0.0928337171249428,36334.533572269305,3.748250036102182e+19,1420790617622.7988,26381438.54281344,7.496500072204363e+19,2841581250000.0,0.5,0.02448366509845419,True,True,True,True,-3.63538521794295e-09,False,False,True,-13.263225225631206,-10.848917424374111,-10.366298729580452,-10.366298729580452,-2.896926496050755,False,0.25,4,32,-3.4993489583333333e-07,2.604166666666667e-07,10,256,15000.0,3840000.0,1,1.0,15000.0,exponential_tdl,,unknown_amplitude_exact,,3.748250036102182e+19,1420790617622.7988,quad_over_lin,1e-12,,,,,,,,,,,,,,,,,,,,,
uniform,Uniform,ok,ok,1.6949001292232424e-05,False,,none,1258.6735025751136,18880102.538626704,1.0,3.357142857142857,5623860.330654763,1228781250000.0,3.2417017029436477e+19,3.2417017029436477e+19,3.2417017029436477e+19,3.084799564043612e-20,0.026327170297761177,-13.263225225631206,-9.680684807413924,0.00390625,0.0,256,0.0,1228781250000.0,1228781250000.0,18.880102538626705,5.623860330654763,1228781250000.0,3.2417017029436477e+19,3.2417017029436477e+19,3.2417017029436477e+19,0.0,0.0,3.748250036102182e+19,1420790617622.7988,26381438.54281344,7.496500072204363e+19,2841581250000.0,0.5,0.02448366509845419,False,False,False,False,-0.13514262076424743,False,False,True,-13.263225225631206,-13.464332099663313,-13.263225225631206,-13.263225225631206,0.0,True,0.25,4,32,-3.7434895833333334e-07,2.604166666666667e-07,11,256,15000.0,3840000.0,1,1.0,15000.0,exponential_tdl,,,,,,,,,,,,,,,,,,,,,,,,,,,,
water_filling,Water-filling,ok,ok,0.00020514000061666593,False,,none,1259.1908609381644,18887862.914072465,1.0000000000005396,3.357142857144399,5626171.931848789,1214209415916.7163,3.2032591084112253e+19,3.2032591084112253e+19,3.198642277943572e+19,3.121820515156474e-20,0.026484676489829554,-13.966588355924483,-9.941513983737206,0.004067995210149665,5.0301672011798915e-08,256,-41833.35798341903,1212459386075.892,1212459386076.5464,18.887862914072464,5.626171931848789,1214209415916.7163,3.2032591084112253e+19,3.198642277943572e+19,3.2032591084112253e+19,0.1441291606891929,41833.35798341903,3.748250036102182e+19,1420790617622.7988,26381438.54281344,7.496500072204363e+19,2841581250000.0,0.5,0.02448366509845419,False,False,False,False,-0.14663049499497868,False,False,True,-13.263225225631206,-14.183361617378157,-13.966588355924483,-13.966588355924483,0.7033631302932761,True,0.25,4,32,-3.7434895833333334e-07,2.604166666666667e-07,11,256,15000.0,3840000.0,1,1.0,15000.0,exponential_tdl,0.0041155400290334414,,,,,,,,,,,,,,,,,,,,,,,,,,,
conventional_s2,Conventional $S_2$,ok,optimal,0.02819465400170884,False,,conventional_s2,1253.7031465942537,18805547.198913805,0.9999999987277712,3.357142853507918,5601652.363188438,1420790616398.9116,3.748250032873391e+19,3.748250032873391e+19,3.743633218723739e+19,2.6679116687245238e-20,0.02448366510899946,-10.866309303343527,-6.188963115903818,0.005928683330155129,5.444167406838202e-07,256,-41833.28408081885,1419040594549.4958,1419040592744.1516,18.805547198913803,5.601652363188438,1420790616398.9116,3.748250032873391e+19,3.743633218723739e+19,3.748250032873391e+19,0.12317252342188156,41833.28408081885,3.748250036102182e+19,1420790617622.7988,26381438.54281344,7.496500072204363e+19,2841581250000.0,0.5,0.02448366509845419,True,False,True,True,-0.0012317260945706517,True,False,True,-13.263225225631206,-11.272770649644045,-10.841386761987607,-10.841386761987607,-2.4218384636435992,False,0.25,4,32,-3.4993489583333333e-07,2.604166666666667e-07,11,256,15000.0,3840000.0,1,1.0,15000.0,exponential_tdl,,known_amplitude_linear,1420790617622.7988,,,,,,,,,,,,,,,,,,,,,,,,,
exact_efim,Exact EFIM,ok,optimal,0.0316037470001902,False,,exact_efim,1253.6439802397083,18804659.703595623,0.9999999990099713,3.357142854314204,5601388.001535322,1421542055859.669,3.750232438268653e+19,3.750232438268653e+19,3.748250030305099e+19,2.6665013874757694e-20,0.02447719311472803,-10.856300007582064,-6.174574617342731,0.006017810709177575,5.389134775377503e-07,256,-27412.41388538655,1420790616832.0127,1420790615425.3892,18.804659703595622,5.601388001535321,1421542055859.669,3.750232438268653e+19,3.748250030305099e+19,3.750232438268653e+19,0.05286093585359201,27412.41388538655,3.748250036102182e+19,1420790617622.7988,26381438.54281344,7.496500072204363e+19,2841581250000.0,0.5,0.02448366509845419,True,True,True,True,-1.5466104637001235e-09,False,False,True,-13.263225225631206,-11.263117613434922,-10.831224693926409,-10.831224693926409,-2.432000531704798,False,0.25,4,32,-3.4993489583333333e-07,2.604166666666667e-07,11,256,15000.0,3840000.0,1,1.0,15000.0,exponential_tdl,,unknown_amplitude_exact,,3.748250036102182e+19,1420790617622.7988,quad_over_lin,1e-12,,,,,,,,,,,,,,,,,,,,,
uniform,Uniform,ok,ok,1.6428999515483156e-05,False,,none,852.1884811568871,12782827.217353307,1.0,3.357142857142857,3807650.660488219,1228781250000.0,3.2417017029436477e+19,3.2417017029436477e+19,3.2417017029436477e+19,3.084799564043612e-20,0.026327170297761177,-13.263225225631206,-9.680684807413924,0.00390625,0.0,256,0.0,1228781250000.0,1228781250000.0,12.782827217353306,3.807650660488219,1228781250000.0,3.2417017029436477e+19,3.2417017029436477e+19,3.2417017029436477e+19,0.0,0.0,3.748250036102182e+19,1420790617622.7988,26381438.54281344,7.496500072204363e+19,2841581250000.0,0.5,0.02448366509845419,False,False,False,False,-0.13514262076424743,False,False,True,-13.263225225631206,-13.464332099663313,-13.263225225631206,-13.263225225631206,0.0,True,0.25,4,32,-3.7434895833333334e-07,2.604166666666667e-07,12,256,15000.0,3840000.0,1,1.0,15000.0,exponential_tdl,,,,,,,,,,,,,,,,,,,,,,,,,,,,
water_filling,Water-filling,ok,ok,0.00020086199947400019,False,,none,852.6536075263834,12789804.112895751,0.9999999999999113,3.357142857142604,3809728.8846926386,1188111375832.4424,3.13440872435411e+19,3.13440872435411e+19,3.1337738613698785e+19,3.190394386762896e-20,0.02677397746561027,-14.412443139828158,-10.489834972800281,0.004192363510908679,4.969432494464285e-08,256,-15512.82047067274,1187870728233.5925,1187870728233.487,12.789804112895752,3.8097288846926385,1188111375832.4424,3.13440872435411e+19,3.1337738613698785e+19,3.13440872435411e+19,0.020254633012551492,15512.82047067274,3.748250036102182e+19,1420790617622.7988,26381438.54281344,7.496500072204363e+19,2841581250000.0,0.5,0.02448366509845419,False,False,False,False,-0.16393681553093484,False,False,True,-13.263225225631206,-14.54569826184456,-14.412443139828158,-14.412443139828158,1.1492179141969512,True,0.25,4,32,-3.7434895833333334e-07,2.604166666666667e-07,12,256,15000.0,3840000.0,1,1.0,15000.0,exponential_tdl,0.004391042794212039,,,,,,,,,,,,,,,,,,,,,,,,,,,
conventional_s2,Conventional $S_2$,ok,optimal,0.026144719999138033,False,,conventional_s2,846.5588361305236,12698382.541957853,0.9999999963693207,3.357142846769488,3782496.9390793885,1420790612672.206,3.748250023041807e+19,3.748250023041807e+19,3.747615160399906e+19,2.667911675722402e-20,0.024483665141109542,-10.905844129057854,-6.173965762872915,0.006158845400594417,5.367099782848983e-07,256,-15512.816316424109,1420549970360.574,1420549965203.0127,12.698382541957853,3.7824969390793886,1420790612672.206,3.7482500230418055e+19,3.747615160399906e+19,3.748250023041807e+19,0.01693757454806978,15512.816316424109,3.748250036102182e+19,1420790617622.7988,26381438.54281344,7.496500072204363e+19,2841581250000.0,0.5,0.02448366509845419,True,False,True,True,-0.00016937922928308334,True,False,True,-13.263225225631206,-11.326344066318406,-10.883683604933506,-10.883683604933506,-2.379541620697701,False,0.25,4,32,-3.4993489583333333e-07,2.604166666666667e-07,12,256,15000.0,3840000.0,1,1.0,15000.0,exponential_tdl,,known_amplitude_linear,1420790617622.7988,,,,,,,,,,,,,,,,,,,,,,,,,
exact_efim,Exact EFIM,ok,optimal,0.038252870002907,False,,exact_efim,846.5512019220653,12698268.028830979,0.9999999989291586,3.3571428540833104,3782462.8205457535,1420884828787.511,3.748498578707371e+19,3.748498578707371e+19,3.748250032595712e+19,2.6677347716771423e-20,0.024482853395494535,-10.904920557405624,-6.172931635861822,0.006218335876190627,5.355009531226282e-07,256,-9706.312067688123,1420790617815.098,1420790616293.6565,12.698268028830979,3.7824628205457533,1420884828787.511,3.748498578707372e+19,3.748250032595712e+19,3.748498578707371e+19,0.006630551044362462,9706.312067688123,3.748250036102182e+19,1420790617622.7988,26381438.54281344,7.496500072204363e+19,2841581250000.0,0.5,0.02448366509845419,True,True,True,True,-9.35495028300297e-10,False,False,True,-13.263225225631206,-11.324977063746456,-10.88261813370281,-10.88261813370281,-2.380607091928397,False,0.25,4,32,-3.4993489583333333e-07,2.604166666666667e-07,12,256,15000.0,3840000.0,1,1.0,15000.0,exponential_tdl,,unknown_amplitude_exact,,3.748250036102182e+19,1420790617622.7988,quad_over_lin,1e-12,,,,,,,,,,,,,,,,,,,,,
uniform,Uniform,ok,ok,1.6540001524845138e-05,False,,none,570.4259724159191,8556389.586238787,1.0,3.357142857142857,2548711.791645596,1228781250000.0,3.2417017029436477e+19,3.2417017029436477e+19,3.2417017029436477e+19,3.084799564043612e-20,0.026327170297761177,-13.263225225631206,-9.680684807413924,0.00390625,0.0,256,0.0,1228781250000.0,1228781250000.0,8.556389586238787,2.5487117916455957,1228781250000.0,3.2417017029436477e+19,3.2417017029436477e+19,3.2417017029436477e+19,0.0,0.0,3.748250036102182e+19,1420790617622.7988,26381438.54281344,7.496500072204363e+19,2841581250000.0,0.5,0.02448366509845419,False,False,False,False,-0.13514262076424743,False,False,True,-13.263225225631206,-13.464332099663313,-13.263225225631206,-13.263225225631206,0.0,True,0.25,4,32,-3.7434895833333334e-07,2.604166666666667e-07,13,256,15000.0,3840000.0,1,1.0,15000.0,exponential_tdl,,,,,,,,,,,,,,,,,,,,,,,,,,,,
water_filling,Water-filling,ok,ok,0.00024684399977559224,False,,none,593.7436316793181,8906154.475189772,0.9999999999997922,3.3571428571422635,2652897.0777165713,1252934226124.4204,3.305420728468891e+19,3.305420728468891e+19,3.303179807487032e+19,3.025333481414971e-20,0.02607217930010642,-11.080181494099154,-5.407441124291256,0.005132713438241232,2.4333497662172465e-06,230,-29144.998332779865,1252084795196.863,1252084795196.6028,8.906154475189771,2.6528970777165712,1252934226124.4204,3.3054207284688912e+19,3.303179807487032e+19,3.305420728468891e+19,0.06779533275622478,29144.998332779865,3.748250036102182e+19,1420790617622.7988,26381438.54281344,7.496500072204363e+19,2841581250000.0,0.5,0.02448366509845419,False,False,False,False,-0.11874080553014005,False,False,True,-13.263225225631206,-11.353712017024819,-11.074861086023581,-11.074861086023581,-2.188364139607625,False,0.25,4,32,-6.266276041666667e-07,2.604166666666667e-07,13,256,15000.0,3840000.0,1,1.0,15000.0,exponential_tdl,0.005513045165317492,,,,,,,,,,,,,,,,,,,,,,,,,,,
conventional_s2,Conventional $S_2$,ok,optimal,0.029289291000168305,False,,conventional_s2,591.6096038100446,8874144.05715067,0.9999999972625364,3.3571428493215327,2643362.065735184,1420790613826.4758,3.748250026086936e+19,3.748250026086936e+19,3.746477282743194e+19,2.6679116735549547e-20,0.024483665131164112,-9.869556253743394,-3.918306407426333,0.006641121041527677,2.713638740336959e-06,241,-25922.309740848737,1420118651573.538,1420118647686.015,8.87414405715067,2.643362065735184,1420790613826.4758,3.748250026086936e+19,3.746477282743194e+19,3.748250026086936e+19,0.04729522660986544,25922.309740848737,3.748250036102182e+19,1420790617622.7988,26381438.54281344,7.496500072204363e+19,2841581250000.0,0.5,0.02448366509845419,True,False,True,True,-0.0004729549368140807,True,False,True,-13.263225225631206,-10.297602984666659,-9.869556253743394,-9.869556253743394,-3.393668971887813,False,0.25,4,32,-6.184895833333334e-07,2.604166666666667e-07,13,256,15000.0,3840000.0,1,1.0,15000.0,exponential_tdl,,known_amplitude_linear,1420790617622.7988,,,,,,,,,,,,,,,,,,,,,,,,,
exact_efim,Exact EFIM,ok,optimal,0.03758755899980315,False,,exact_efim,591.5974228270261,8873961.342405392,0.9999999989906805,3.357142854259087,2643307.636178578,1421143103598.8274,3.7491799448135614e+19,3.7491799448135614e+19,3.748250036186925e+19,2.6672499445734866e-20,0.024480628569702366,-9.865104581215595,-3.9075848472047916,0.006705165156383226,2.7155068705451273e-06,242,-18774.609030868218,1420790619088.953,1420790617654.9211,8.873961342405392,2.643307636178578,1421143103598.8274,3.7491799448135614e+19,3.748250036186925e+19,3.7491799448135614e+19,0.02480298732855412,18774.609030868218,3.748250036102182e+19,1420790617622.7988,26381438.54281344,7.496500072204363e+19,2841581250000.0,0.5,0.02448366509845419,True,True,True,True,2.260867401688189e-11,False,False,True,-13.263225225631206,-10.288373844715622,-9.865104581215595,-9.865104581215595,-3.398120644415611,False,0.25,4,32,-6.184895833333334e-07,2.604166666666667e-07,13,256,15000.0,3840000.0,1,1.0,15000.0,exponential_tdl,,unknown_amplitude_exact,,3.748250036102182e+19,1420790617622.7988,quad_over_lin,1e-12,,,,,,,,,,,,,,,,,,,,,
uniform,Uniform,ok,ok,1.5825000446056947e-05,False,,none,884.3532207641207,13265298.31146181,1.0,3.357142857142857,3951365.454477986,1228781250000.0,3.2417017029436477e+19,3.2417017029436477e+19,3.2417017029436477e+19,3.084799564043612e-20,0.026327170297761177,-13.263225225631206,-9.680684807413924,0.00390625,0.0,256,0.0,1228781250000.0,1228781250000.0,13.26529831146181,3.951365454477986,1228781250000.0,3.2417017029436477e+19,3.2417017029436477e+19,3.2417017029436477e+19,0.0,0.0,3.748250036102182e+19,1420790617622.7988,26381438.54281344,7.496500072204363e+19,2841581250000.0,0.5,0.02448366509845419,False,False,False,False,-0.13514262076424743,False,False,True,-13.263225225631206,-13.464332099663313,-13.263225225631206,-13.263225225631206,0.0,True,0.25,4,32,-3.7434895833333334e-07,2.604166666666667e-07,14,256,15000.0,3840000.0,1,1.0,15000.0,exponential_tdl,,,,,,,,,,,,,,,,,,,,,,,,,,,,
water_filling,Water-filling,ok,ok,0.0002577090017439332,False,,none,886.8639706102929,13302959.559154393,1.000000000000428,3.3571428571440807,3962583.698470077,1181400084202.23,3.1167033715855753e+19,3.1167033715855753e+19,3.0725063238467527e+19,3.2085183630781816e-20,0.026849918504944725,-15.069859430198914,-10.4296879484237,0.004395655332182223,2.936672469110929e-07,256,129433.70817786024,1164646999389.0527,1164646999389.5513,13.302959559154393,3.962583698470077,1181400084202.23,3.1167033715855753e+19,3.0725063238467527e+19,3.1167033715855753e+19,1.4180703926385552,129433.70817786024,3.748250036102182e+19,1420790617622.7988,26381438.54281344,7.496500072204363e+19,2841581250000.0,0.5,0.02448366509845419,False,False,False,False,-0.180282453344051,False,False,True,-13.263225225631206,-15.277281511212927,-15.069859430198914,-15.069859430198914,1.8066342045677075,True,0.25,4,32,-3.7434895833333334e-07,2.604166666666667e-07,14,256,15000.0,3840000.0,1,1.0,15000.0,exponential_tdl,0.004515531913373004,,,,,,,,,,,,,,,,,,,,,,,,,,,
conventional_s2,Conventional $S_2$,ok,optimal,0.026769333002448548,False,,conventional_s2,880.7635453399641,13211453.180099461,0.9999999985832851,3.3571428530951004,3935326.483923444,1420790615726.8696,3.748250031100448e+19,3.748250031100448e+19,3.7040529260991414e+19,2.6679116699864608e-20,0.02448366511478992,-11.174885686874301,-6.103642299114193,0.006598959234916674,7.84611156099988e-07,256,129433.79211785799,1404037511197.716,1404037509208.5952,13.211453180099461,3.935326483923444,1420790615726.8696,3.748250031100448e+19,3.7040529260991414e+19,3.748250031100448e+19,1.1791397221260265,129433.79211785799,3.748250036102182e+19,1420790617622.7988,26381438.54281344,7.496500072204363e+19,2841581250000.0,0.5,0.02448366509845419,True,False,False,True,-0.011791398539943985,True,True,True,-13.263225225631206,-11.486120495303958,-11.148685468724794,-11.148685468724794,-2.114539756906412,False,0.25,4,32,-3.4993489583333333e-07,2.604166666666667e-07,14,256,15000.0,3840000.0,1,1.0,15000.0,exponential_tdl,,known_amplitude_linear,1420790617622.7988,,,,,,,,,,,,,,,,,,,,,,,,,
exact_efim,Exact EFIM,ok,optimal,0.03006216699941433,False,,exact_efim,880.2497828378798,13203746.742568197,0.9999999972969208,3.3571428494197737,3933030.953642692,1427092107514.7974,3.764874272933575e+19,3.764874272933575e+19,3.748250008225054e+19,2.6561311945771937e-20,0.024429550070205256,-11.088338700539335,-6.012880821548859,0.006172605009513533,7.041925765401263e-07,256,79381.99087941732,1420790610896.3604,1420790607055.8508,13.203746742568196,3.933030953642692,1427092107514.7974,3.7648742729335734e+19,3.748250008225054e+19,3.764874272933575e+19,0.441562280792118,79381.99087941732,3.748250036102182e+19,1420790617622.7988,26381438.54281344,7.496500072204363e+19,2841581250000.0,0.5,0.02448366509845419,True,True,True,True,-7.43737144371231e-09,False,False,True,-13.263225225631206,-11.402792211689865,-11.063141822778586,-11.063141822778586,-2.20008340285262,False,0.25,4,32,-3.4993489583333333e-07,2.604166666666667e-07,14,256,15000.0,3840000.0,1,1.0,15000.0,exponential_tdl,,unknown_amplitude_exact,,3.748250036102182e+19,1420790617622.7988,quad_over_lin,1e-12,,,,,,,,,,,,,,,,,,,,,
uniform,Uniform,ok,ok,1.673600127105601e-05,False,,none,1246.9251956630922,18703877.93494638,1.0,3.357142857142857,5571367.895515943,1228781250000.0,3.2417017029436477e+19,3.2417017029436477e+19,3.2417017029436477e+19,3.084799564043612e-20,0.026327170297761177,-13.263225225631206,-9.680684807413924,0.00390625,0.0,256,0.0,1228781250000.0,1228781250000.0,18.70387793494638,5.571367895515943,1228781250000.0,3.2417017029436477e+19,3.2417017029436477e+19,3.2417017029436477e+19,0.0,0.0,3.748250036102182e+19,1420790617622.7988,26381438.54281344,7.496500072204363e+19,2841581250000.0,0.5,0.02448366509845419,False,False,False,False,-0.13514262076424743,False,False,True,-13.263225225631206,-13.464332099663313,-13.263225225631206,-13.263225225631206,0.0,True,0.25,4,32,-3.7434895833333334e-07,2.604166666666667e-07,15,256,15000.0,3840000.0,1,1.0,15000.0,exponential_tdl,,,,,,,,,,,,,,,,,,,,,,,,,,,,
water_filling,Water-filling,ok,ok,0.0002007729999604635,False,,none,1247.076608274052,18706149.12411078,0.999999999999004,3.3571428571400115,5572044.419952615,1238291588977.15,3.266791345268348e+19,3.266791345268348e+19,3.266570602816112e+19,3.061107656748294e-20,0.02622587633985495,-13.208043405401508,-9.46290711545718,0.003997133217822357,1.4207367399145189e-08,256,-9147.316261701153,1238207915583.5916,1238207915582.3584,18.70614912411078,5.572044419952615,1238291588977.15,3.266791345268348e+19,3.266570602816112e+19,3.266791345268348e+19,0.006757164107098958,9147.316261701153,3.748250036102182e+19,1420790617622.7988,26381438.54281344,7.496500072204363e+19,2841581250000.0,0.5,0.02448366509845419,False,False,False,False,-0.1285078179541539,False,False,True,-13.263225225631206,-13.449955868582716,-13.208043405401508,-13.208043405401508,-0.05518182022969853,True,0.25,4,32,-3.7434895833333334e-07,2.604166666666667e-07,15,256,15000.0,3840000.0,1,1.0,15000.0,exponential_tdl,0.004070083161470766,,,,,,,,,,,,,,,,,,,,,,,,,,,
conventional_s2,Conventional $S_2$,ok,optimal,0.028002440001728246,False,,conventional_s2,1242.6682644647858,18640023.96697179,0.99999999935983,3.3571428553138003,5552347.567654954,1420790616996.8435,3.748250034450821e+19,3.748250034450821e+19,3.748029250419988e+19,2.6679116676017482e-20,0.024483665103847557,-10.575659892220752,-6.224045062065455,0.005703974832874114,4.877499342669408e-07,256,-9148.177708954921,1420706928750.9963,1420706927841.5024,18.64002396697179,5.552347567654954,1420790616996.8435,3.748250034450821e+19,3.748029250419988e+19,3.748250034450821e+19,0.005890322918796371,9148.177708954921,3.748250036102182e+19,1420790617622.7988,26381438.54281344,7.496500072204363e+19,2841581250000.0,0.5,0.02448366509845419,True,False,True,True,-5.8903669730424014e-05,True,False,True,-13.263225225631206,-11.028338630221334,-10.564379316254911,-10.564379316254911,-2.6988459093762955,False,0.25,4,32,-3.4993489583333333e-07,2.604166666666667e-07,15,256,15000.0,3840000.0,1,1.0,15000.0,exponential_tdl,,known_amplitude_linear,1420790617622.7988,,,,,,,,,,,,,,,,,,,,,,,,,
exact_efim,Exact EFIM,ok,optimal,0.030989523998869117,False,,exact_efim,1242.6655578863165,18639983.368294746,0.9999999992891053,3.3571428551117295,5552335.474766201,1420830291024.1968,3.748354700242258e+19,3.748354700242258e+19,3.748250032330287e+19,2.6678371711603744e-20,0.024483323271193028,-10.574943537458761,-6.2229376693615315,0.00567797089991986,4.8764410440946e-07,256,-6298.796010288079,1420790617203.0781,1420790616193.0457,18.639983368294747,5.552335474766202,1420830291024.1968,3.748354700242258e+19,3.748250032330287e+19,3.748354700242258e+19,0.0027923694618567033,6298.796010288079,3.748250036102182e+19,1420790617622.7988,26381438.54281344,7.496500072204363e+19,2841581250000.0,0.5,0.02448366509845419,True,True,True,True,-1.0063082645154608e-09,False,False,True,-13.263225225631206,-11.028002332829027,-10.563750610459632,-10.563750610459632,-2.6994746151715745,False,0.25,4,32,-3.4993489583333333e-07,2.604166666666667e-07,15,256,15000.0,3840000.0,1,1.0,15000.0,exponential_tdl,,unknown_amplitude_exact,,3.748250036102182e+19,1420790617622.7988,quad_over_lin,1e-12,,,,,,,,,,,,,,,,,,,,,
uniform,Uniform,ok,ok,1.7432001186534762e-05,False,,none,1054.923282441106,15823849.236616591,1.0,3.357142857142857,4713487.006651751,1228781250000.0,3.2417017029436477e+19,3.2417017029436477e+19,3.2417017029436477e+19,3.084799564043612e-20,0.026327170297761177,-13.263225225631206,-9.680684807413924,0.00390625,0.0,256,0.0,1228781250000.0,1228781250000.0,15.82384923661659,4.713487006651751,1228781250000.0,3.2417017029436477e+19,3.2417017029436477e+19,3.2417017029436477e+19,0.0,0.0,3.748250036102182e+19,1420790617622.7988,26381438.54281344,7.496500072204363e+19,2841581250000.0,0.5,0.02448366509845419,False,False,False,False,-0.13514262076424743,False,False,True,-13.263225225631206,-13.464332099663313,-13.263225225631206,-13.263225225631206,0.0,True,0.25,4,32,-3.7434895833333334e-07,2.604166666666667e-07,16,256,15000.0,3840000.0,1,1.0,15000.0,exponential_tdl,,,,,,,,,,,,,,,,,,,,,,,,,,,,
water_filling,Water-filling,ok,ok,0.00020478999795159325,False,,none,1055.167515743321,15827512.736149816,0.9999999999995325,3.3571428571415214,4714578.261833736,1208144755248.4316,3.1872596611408884e+19,3.1872596611408884e+19,3.1851732945995612e+19,3.1374914701554226e-20,0.02655106733751384,-13.386143328860785,-10.033643074347678,0.00401505697717852,2.497277727334538e-08,256,28121.991202477177,1207353908859.8042,1207353908859.2397,15.827512736149815,4.7145782618337355,1208144755248.4316,3.1872596611408884e+19,3.1851732945995612e+19,3.1872596611408884e+19,0.06545957227031621,28121.991202477177,3.748250036102182e+19,1420790617622.7988,26381438.54281344,7.496500072204363e+19,2841581250000.0,0.5,0.02448366509845419,False,False,False,False,-0.15022390077481756,False,False,True,-13.263225225631206,-13.522462260756553,-13.386143328860785,-13.386143328860785,0.12291810322957808,True,0.25,4,32,-3.7434895833333334e-07,2.604166666666667e-07,16,256,15000.0,3840000.0,1,1.0,15000.0,exponential_tdl,0.004170341012050594,,,,,,,,,,,,,,,,,,,,,,,,,,,
conventional_s2,Conventional $S_2$,ok,optimal,0.02679857300245203,False,,conventional_s2,1049.5102060252093,15742653.09037814,0.9999999962836403,3.357142846524687,4689300.935369768,1420790612660.5576,3.748250023011076e+19,3.748250023011076e+19,3.746164632831661e+19,2.667911675744276e-20,0.02448366514120991,-10.435222632556165,-6.227674703691413,0.006045482078431506,4.853282091118135e-07,256,28115.41032714862,1420000141642.8625,1420000136365.6313,15.74265309037814,4.6893009353697686,1420790612660.5576,3.748250023011076e+19,3.746164632831661e+19,3.748250023011076e+19,0.055636368081432894,28115.41032714862,3.748250036102182e+19,1420790617622.7988,26381438.54281344,7.496500072204363e+19,2841581250000.0,0.5,0.02448366509845419,True,False,True,True,-0.0005563671714626195,True,False,True,-13.263225225631206,-10.914907472982067,-10.432411409401865,-10.432411409401865,-2.830813816229341,False,0.25,4,32,-3.4993489583333333e-07,2.604166666666667e-07,16,256,15000.0,3840000.0,1,1.0,15000.0,exponential_tdl,,known_amplitude_linear,1420790617622.7988,,,,,,,,,,,,,,,,,,,,,,,,,
exact_efim,Exact EFIM,ok,optimal,0.029129129001375986,False,,exact_efim,1049.483753369544,15742256.300543161,0.999999997251283,3.3571428492893802,4689182.738790929,1421123249327.3145,3.749127566389188e+19,3.749127566389188e+19,3.748250001760872e+19,2.667287208269382e-20,0.024480799576456727,-10.432102115906263,-6.226808014597448,0.00595227722222145,4.80073231558717e-07,256,18238.550453745047,1420790608510.9263,1420790604605.575,15.742256300543161,4.6891827387909295,1421123249327.3145,3.749127566389188e+19,3.748250001760872e+19,3.749127566389188e+19,0.02340716907537368,18238.550453745047,3.748250036102182e+19,1420790617622.7988,26381438.54281344,7.496500072204363e+19,2841581250000.0,0.5,0.02448366509845419,True,True,True,True,-9.161958064172167e-09,False,False,True,-13.263225225631206,-10.9100916276747,-10.428824014549933,-10.428824014549933,-2.834401211081273,False,0.25,4,32,-3.4993489583333333e-07,2.604166666666667e-07,16,256,15000.0,3840000.0,1,1.0,15000.0,exponential_tdl,,unknown_amplitude_exact,,3.748250036102182e+19,1420790617622.7988,quad_over_lin,1e-12,,,,,,,,,,,,,,,,,,,,,
uniform,Uniform,ok,ok,1.6611997125437483e-05,False,,none,738.0474932861894,11070712.39929284,1.0,3.357142857142857,3297659.0125553138,1228781250000.0,3.2417017029436477e+19,3.2417017029436477e+19,3.2417017029436477e+19,3.084799564043612e-20,0.026327170297761177,-13.263225225631206,-9.680684807413924,0.00390625,0.0,256,0.0,1228781250000.0,1228781250000.0,11.07071239929284,3.2976590125553136,1228781250000.0,3.2417017029436477e+19,3.2417017029436477e+19,3.2417017029436477e+19,0.0,0.0,3.748250036102182e+19,1420790617622.7988,26381438.54281344,7.496500072204363e+19,2841581250000.0,0.5,0.02448366509845419,False,False,False,False,-0.13514262076424743,False,False,True,-13.263225225631206,-13.464332099663313,-13.263225225631206,-13.263225225631206,0.0,True,0.25,4,32,-3.7434895833333334e-07,2.604166666666667e-07,17,256,15000.0,3840000.0,1,1.0,15000.0,exponential_tdl,,,,,,,,,,,,,,,,,,,,,,,,,,,,
water_filling,Water-filling,ok,ok,0.00020488500013016164,False,,none,744.0220041293991,11160330.061940987,0.9999999999992796,3.357142857140799,3324353.6354738213,1174056950830.994,3.097331129411081e+19,3.097331129411081e+19,3.0433335164701557e+19,3.22858602525374e-20,0.026933753963169136,-15.671474810934942,-8.922333293661884,0.004624743742776548,9.321775255226401e-07,253,143066.53012514373,1153588918789.791,1153588918788.96,11.160330061940988,3.3243536354738215,1174056950830.994,3.0973311294110806e+19,3.0433335164701557e+19,3.097331129411081e+19,1.7433593853813205,143066.53012514373,3.748250036102182e+19,1420790617622.7988,26381438.54281344,7.496500072204363e+19,2841581250000.0,0.5,0.02448366509845419,False,False,False,False,-0.18806550065829417,False,False,True,-13.263225225631206,-15.671474810934942,-15.64239740690347,-15.64239740690347,2.3791721812722635,True,0.25,4,32,-3.824869791666667e-07,2.604166666666667e-07,17,256,15000.0,3840000.0,1,1.0,15000.0,exponential_tdl,0.004838775226319874,,,,,,,,,,,,,,,,,,,,,,,,,,,
conventional_s2,Conventional $S_2$,ok,optimal,0.02714628600006108,False,,conventional_s2,738.3482196735903,11075223.295103854,0.9999999985280934,3.35714285293741,3299002.687780572,1420790615595.2014,3.748250030753088e+19,3.748250030753088e+19,3.693678406048346e+19,2.667911670233703e-20,0.0244836651159244,-11.589872076653462,-5.281199759896671,0.006867416041229783,1.485769605391862e-06,256,143824.94133292287,1400105003937.0537,1400105001876.23,11.075223295103854,3.2990026877805723,1420790615595.2014,3.748250030753088e+19,3.693678406048346e+19,3.748250030753088e+19,1.4559227441339555,143824.94133292287,3.748250036102182e+19,1420790617622.7988,26381438.54281344,7.496500072204363e+19,2841581250000.0,0.5,0.02448366509845419,True,False,False,True,-0.014559228847653077,True,True,True,-13.263225225631206,-11.931307759356262,-11.551628703716519,-11.551628703716519,-1.7115965219146876,False,0.25,4,32,-3.4993489583333333e-07,2.604166666666667e-07,17,256,15000.0,3840000.0,1,1.0,15000.0,exponential_tdl,,known_amplitude_linear,1420790617622.7988,,,,,,,,,,,,,,,,,,,,,,,,,
exact_efim,Exact EFIM,ok,optimal,0.02939796999999089,False,,exact_efim,737.7808176040173,11066712.26406026,0.9999999977565073,3.357142850732878,3296467.489205695,1428408038276.257,3.768345887584579e+19,3.768345887584579e+19,3.7482500192504275e+19,2.653684215386546e-20,0.02441829453151267,-11.489146921015706,-5.179881381126932,0.007523949523973533,1.3933789205743576e-06,256,87277.87267274332,1420790614422.6006,1420790611235.0671,11.06671226406026,3.2964674892056953,1428408038276.257,3.768345887584578e+19,3.7482500192504275e+19,3.768345887584579e+19,0.5332808859282355,87277.87267274332,3.748250036102182e+19,1420790617622.7988,26381438.54281344,7.496500072204363e+19,2841581250000.0,0.5,0.02448366509845419,True,True,True,True,-4.495899160004864e-09,False,False,True,-13.263225225631206,-11.814548823626046,-11.4592211480321,-11.4592211480321,-1.8040040775991066,False,0.25,4,32,-3.4993489583333333e-07,2.604166666666667e-07,17,256,15000.0,3840000.0,1,1.0,15000.0,exponential_tdl,,unknown_amplitude_exact,,3.748250036102182e+19,1420790617622.7988,quad_over_lin,1e-12,,,,,,,,,,,,,,,,,,,,,
uniform,Uniform,ok,ok,1.7950998881133273e-05,False,,none,710.7985435987663,10661978.153981494,1.0,3.357142857142857,3175908.38629236,1228781250000.0,3.2417017029436477e+19,3.2417017029436477e+19,3.2417017029436477e+19,3.084799564043612e-20,0.026327170297761177,-13.263225225631206,-9.680684807413924,0.00390625,0.0,256,0.0,1228781250000.0,1228781250000.0,10.661978153981494,3.1759083862923596,1228781250000.0,3.2417017029436477e+19,3.2417017029436477e+19,3.2417017029436477e+19,0.0,0.0,3.748250036102182e+19,1420790617622.7988,26381438.54281344,7.496500072204363e+19,2841581250000.0,0.5,0.02448366509845419,False,False,False,False,-0.13514262076424743,False,False,True,-13.263225225631206,-13.464332099663313,-13.263225225631206,-13.263225225631206,0.0,True,0.25,4,32,-3.7434895833333334e-07,2.604166666666667e-07,18,256,15000.0,3840000.0,1,1.0,15000.0,exponential_tdl,,,,,,,,,,,,,,,,,,,,,,,,,,,,
water_filling,Water-filling,ok,ok,0.0002398590004304424,False,,none,738.4100387159713,11076150.580739569,0.9999999999990342,3.357142857140098,3299278.8963932213,1209552223021.799,3.190972763597297e+19,3.190972763597297e+19,2.900620094260312e+19,3.133840599982635e-20,0.026535615069987018,-11.635485727121434,-6.730978304095455,0.005211104833428794,3.3144401739300154e-06,233,331752.0955835754,1099492770098.8734,1099492770097.8115,11.076150580739569,3.299278896393221,1209552223021.799,3.190972763597297e+19,2.900620094260312e+19,3.190972763597297e+19,9.09918983481576,331752.0955835754,3.748250036102182e+19,1420790617622.7988,26381438.54281344,7.496500072204363e+19,2841581250000.0,0.5,0.02448366509845419,False,False,False,False,-0.2261401810652213,False,False,True,-13.263225225631206,-11.635485727121434,-11.635485727121434,-11.635485727121434,-1.6277394985097722,False,0.25,4,32,-2.604166666666667e-07,2.604166666666667e-07,18,256,15000.0,3840000.0,1,1.0,15000.0,exponential_tdl,0.005403188660754472,,,,,,,,,,,,,,,,,,,,,,,,,,,
conventional_s2,Conventional $S_2$,ok,optimal,0.029230072999780532,False,,conventional_s2,734.9395999038079,11024093.998557119,0.9999999979060001,3.3571428511600008,3283772.686273371,1420790614828.859,3.748250028731366e+19,3.748250028731366e+19,3.4713616127730794e+19,2.667911671672715e-20,0.024483665122527372,-10.860355276137225,-4.566609272195239,0.006876206915067002,3.6477201490069016e-06,248,323968.77757055225,1315834848963.4363,1315834846208.0784,11.024093998557118,3.283772686273371,1420790614828.859,3.748250028731366e+19,3.4713616127730794e+19,3.748250028731366e+19,7.3871383668608175,323968.77757055225,3.748250036102182e+19,1420790617622.7988,26381438.54281344,7.496500072204363e+19,2841581250000.0,0.5,0.02448366509845419,True,False,False,False,-0.073871385489811,True,True,True,-13.263225225631206,-10.998977878074188,-10.860355276137225,-10.860355276137225,-2.402869949493981,False,0.25,4,32,-6.022135416666667e-07,2.604166666666667e-07,18,256,15000.0,3840000.0,1,1.0,15000.0,exponential_tdl,,known_amplitude_linear,1420790617622.7988,,,,,,,,,,,,,,,,,,,,,,,,,
exact_efim,Exact EFIM,ok,optimal,0.02999004000230343,False,,exact_efim,732.6197819864378,10989296.729796568,0.9999999989572625,3.3571428541636075,3273407.539440088,1461926626715.342,3.8567727456793354e+19,3.8567727456793354e+19,3.7482500219072135e+19,2.5928413882313386e-20,0.024136743904864606,-10.434690995625042,-3.800826201916474,0.008498302707146528,3.4498055182117357e-06,250,202820.1531310484,1420790613723.6458,1420790612242.1343,10.989296729796568,3.273407539440088,1461926626715.342,3.856772745679336e+19,3.7482500219072135e+19,3.8567727456793354e+19,2.8138220975995467,202820.1531310484,3.748250036102182e+19,1420790617622.7988,26381438.54281344,7.496500072204363e+19,2841581250000.0,0.5,0.02448366509845419,True,True,True,True,-3.787092117568922e-09,False,False,True,-13.263225225631206,-10.62036280563084,-10.434690995625042,-10.434690995625042,-2.8285342300061647,False,0.25,4,32,-6.022135416666667e-07,2.604166666666667e-07,18,256,15000.0,3840000.0,1,1.0,15000.0,exponential_tdl,,unknown_amplitude_exact,,3.748250036102182e+19,1420790617622.7988,quad_over_lin,1e-12,,,,,,,,,,,,,,,,,,,,,
uniform,Uniform,ok,ok,1.73720000020694e-05,False,,none,665.1994854515192,9977992.281772789,1.0,3.357142857142857,2972167.913719554,1228781250000.0,3.2417017029436477e+19,3.2417017029436477e+19,3.2417017029436477e+19,3.084799564043612e-20,0.026327170297761177,-13.263225225631206,-9.680684807413924,0.00390625,0.0,256,0.0,1228781250000.0,1228781250000.0,9.977992281772789,2.972167913719554,1228781250000.0,3.2417017029436477e+19,3.2417017029436477e+19,3.2417017029436477e+19,0.0,0.0,3.748250036102182e+19,1420790617622.7988,26381438.54281344,7.496500072204363e+19,2841581250000.0,0.5,0.02448366509845419,False,False,False,False,-0.13514262076424743,False,False,True,-13.263225225631206,-13.464332099663313,-13.263225225631206,-13.263225225631206,0.0,True,0.25,4,32,-3.7434895833333334e-07,2.604166666666667e-07,19,256,15000.0,3840000.0,1,1.0,15000.0,exponential_tdl,,,,,,,,,,,,,,,,,,,,,,,,,,,,
water_filling,Water-filling,ok,ok,0.00020800499987672083,False,,none,686.2071166116098,10293106.749174146,0.9999999999993543,3.3571428571410125,3066031.797628026,1203447593012.7876,3.1748678714563617e+19,3.1748678714563617e+19,3.1747036906874053e+19,3.1497373764448483e-20,0.02660283245605966,-10.01210009014494,-6.231854735807323,0.00485454638061258,1.862567744037501e-06,235,7888.81744245148,1203385359572.9243,1203385359572.1472,10.293106749174147,3.066031797628026,1203447593012.7876,3.1748678714563617e+19,3.1747036906874053e+19,3.1748678714563617e+19,0.005171263044754795,7888.81744245148,3.748250036102182e+19,1420790617622.7988,26381438.54281344,7.496500072204363e+19,2841581250000.0,0.5,0.02448366509845419,False,False,False,False,-0.15301709861682794,False,False,True,-13.263225225631206,-10.01210009014494,-10.01210009014494,-10.01210009014494,-3.251125135486266,False,0.25,4,32,-3.90625e-07,2.604166666666667e-07,19,256,15000.0,3840000.0,1,1.0,15000.0,exponential_tdl,0.005118647800215774,,,,,,,,,,,,,,,,,,,,,,,,,,,
conventional_s2,Conventional $S_2$,ok,optimal,0.034750453000015114,False,,conventional_s2,681.3226555865986,10219839.833798978,0.9999999982221329,3.357142852063237,3044207.6146739055,1420790615012.0503,3.748250029214651e+19,3.748250029214651e+19,3.743336605966954e+19,2.6679116713287244e-20,0.024483665120948954,-8.046759464245126,-4.0339364068112875,0.007055654110157957,2.38675997093802e-06,248,43156.16569785312,1418928162900.2866,1418928160377.6208,10.219839833798979,3.0442076146739057,1420790615012.0503,3.748250029214651e+19,3.743336605966954e+19,3.748250029214651e+19,0.13108579228710074,43156.16569785312,3.748250036102182e+19,1420790617622.7988,26381438.54281344,7.496500072204363e+19,2841581250000.0,0.5,0.02448366509845419,True,False,True,True,-0.0013108597579945599,True,False,True,-13.263225225631206,-8.261484935201151,-8.023543473029179,-8.023543473029179,-5.239681752602028,False,0.25,4,32,-3.662109375e-07,2.604166666666667e-07,19,256,15000.0,3840000.0,1,1.0,15000.0,exponential_tdl,,known_amplitude_linear,1420790617622.7988,,,,,,,,,,,,,,,,,,,,,,,,,
exact_efim,Exact EFIM,ok,optimal,0.035280496998893796,False,,exact_efim,681.2716940510301,10219075.41076545,0.9999999976320442,3.357142850377269,3043979.9157241853,1421512062720.8733,3.750153312053868e+19,3.750153312053868e+19,3.74825002459465e+19,2.6665576492186773e-20,0.024477451341160708,-8.031165526606447,-4.019126146818882,0.006921261230449328,2.3986831726794894e-06,248,26859.81127564555,1420790616625.1877,1420790613260.8184,10.21907541076545,3.043979915724185,1421512062720.8733,3.750153312053868e+19,3.74825002459465e+19,3.750153312053868e+19,0.05075225733040346,26859.81127564555,3.748250036102182e+19,1420790617622.7988,26381438.54281344,7.496500072204363e+19,2841581250000.0,0.5,0.02448366509845419,True,True,True,True,-3.070107827696234e-09,False,False,True,-13.263225225631206,-8.250303448019324,-8.005649691611724,-8.005649691611724,-5.257575534019482,False,0.25,4,32,-3.662109375e-07,2.604166666666667e-07,19,256,15000.0,3840000.0,1,1.0,15000.0,exponential_tdl,,unknown_amplitude_exact,,3.748250036102182e+19,1420790617622.7988,quad_over_lin,1e-12,,,,,,,,,,,,,,,,,,,,,
