method,label,status,solver_status,solve_time_s,solver_inaccurate,error,optimizer_model,rate_spectral_efficiency,rate_bps,tx_power_w,system_power_w,energy_efficiency_bit_per_j,sensing_surrogate,delay_fim_per_s2,delay_fim_known_amplitude_per_s2,delay_fim_unknown_amplitude_per_s2,delay_crb_s2,range_rmse_bound_m,psl_db,isl_db,peak_power_w,power_variance_w2,num_active_subcarriers,spectral_centroid_hz,power_weighted_spectral_variance_hz2,unknown_amplitude_kernel_w_hz2,rate_mbps,ee_mbit_per_j,optimizer_claimed_sensing_metric,optimizer_claimed_known_fim,independently_evaluated_unknown_fim,independently_evaluated_known_fim,fim_mismatch_percent,centroid_magnitude_hz,gamma_unknown_fim,gamma_conventional_s,c_beta,j_max,s_max,fim_fraction,max_range_rmse_m_target,optimizer_claimed_sensing_satisfied,physical_sensing_satisfied,false_sensing_feasibility,psl_requirement_applicable,requested_psl_max_db,optimization_grid_psl_db,validation_grid_psl_db,dense_psl_db,psl_margin_db,dense_psl_satisfied,psl_tolerance_db,optimization_oversampling,validation_oversampling,worst_delay_s,mainlobe_exclusion_s,realization,asymmetry,channel_kind,water_level_w,sensing_model,min_sensing_surrogate,min_unknown_fim,gamma_fim_kernel,unknown_fim_representation,s0_epsilon_w
uniform,Uniform,ok,ok,1.4556000678567216e-05,False,,none,312.196958549927,4682954.378248905,1.0,3.357142857142857,1394922.580754993,76781250000.0,2.0255998281153943e+18,2.0255998281153943e+18,2.0255998281153943e+18,4.936809265680052e-19,0.10532073506634214,-13.256466474732292,-9.684463547443015,0.015625,0.0,64,0.0,76781250000.0,76781250000.0,4.682954378248905,1.394922580754993,76781250000.0,2.0255998281153943e+18,2.0255998281153943e+18,2.0255998281153943e+18,0.0,0.0,2.3424244139706967e+18,88790624899.74777,26381438.54281344,4.684848827941393e+18,177581250000.0,0.5,0.09793950717362658,False,False,False,True,-13.256466474732292,-13.456972739469613,-13.256466474732292,-13.256466474732292,0.0,True,0.25,4,32,-1.4973958333333334e-06,1.0416666666666667e-06,0,0.0,controlled_tilt,,,,,,,
water_filling,Water-filling,ok,ok,0.00019801699818344787,False,,none,313.10656658923915,4696598.498838588,0.9999999999997353,3.357142857142101,1398986.786888405,76891741199.80115,2.02851474491247e+18,2.02851474491247e+18,2.0274963317876214e+18,4.929715214089557e-19,0.10524503644306306,-13.625583467515973,-8.493605103818652,0.01702954689046976,7.59352924971431e-06,64,6213.163141043968,76853137803.60426,76853137803.58392,4.696598498838588,1.398986786888405,76891741199.80115,2.02851474491247e+18,2.0274963317876214e+18,2.02851474491247e+18,0.05020486675794828,6213.163141043968,2.3424244139706967e+18,88790624899.74777,26381438.54281344,4.684848827941393e+18,177581250000.0,0.5,0.09793950717362658,False,False,False,True,-13.256466474732292,-13.887002424002278,-13.624189882133198,-13.624189882133198,0.3677234074009057,True,0.25,4,32,-1.46484375e-06,1.0416666666666667e-06,0,0.0,controlled_tilt,0.017107712529699406,,,,,,
conventional_s2,Conventional $S_2$,ok,optimal,0.007901851000497118,False,,conventional_s2,312.0185032293097,4680277.548439646,0.9999999997333295,3.357142856380942,1394125.2275111899,88790624894.1547,2.342424413823144e+18,2.342424413823144e+18,2.341405908073114e+18,4.269081188271381e-19,0.09793950717671125,-10.76164285388675,-5.612547353368173,0.023529543557872953,1.5366111570546257e-05,64,6213.445680590116,88752018010.60689,88752017986.93935,4.680277548439646,1.39412522751119,88790624894.1547,2.342424413823143e+18,2.341405908073114e+18,2.342424413823144e+18,0.04348083737598555,6213.445680590116,2.3424244139706967e+18,88790624899.74777,26381438.54281344,4.684848827941393e+18,177581250000.0,0.5,0.09793950717362658,True,False,True,True,-13.256466474732292,-11.178553410429142,-10.73935374480693,-10.73935374480693,-2.517112729925362,False,0.25,4,32,-1.3997395833333333e-06,1.0416666666666667e-06,0,0.0,controlled_tilt,,known_amplitude_linear,88790624899.74777,,,,
exact_efim,Exact EFIM,ok,optimal,0.009346835002361331,False,,exact_efim,312.0138355994119,4680207.5339911785,0.9999999992884724,3.357142855109921,1394104.372671367,88808448658.14532,2.3428946303574636e+18,2.3428946303574636e+18,2.342424410190737e+18,4.268224388082816e-19,0.09792967850452966,-10.757865443522011,-5.607154670741058,0.02372880404614883,1.5342201382698335e-05,64,4221.836293756022,88790624819.64372,88790624756.46674,4.680207533991179,1.3941043726713669,88808448658.14532,2.3428946303574636e+18,2.342424410190737e+18,2.3428946303574636e+18,0.02007005183391081,4221.836293756022,2.3424244139706967e+18,88790624899.74777,26381438.54281344,4.684848827941393e+18,177581250000.0,0.5,0.09793950717362658,True,True,False,True,-13.256466474732292,-11.175180494194652,-10.73559017690864,-10.73559017690864,-2.5208762978236514,False,0.25,4,32,-1.3997395833333333e-06,1.0416666666666667e-06,0,0.0,controlled_tilt,,unknown_amplitude_exact,,2.3424244139706967e+18,88790624899.74777,quad_over_lin,1e-12
uniform,Uniform,ok,ok,1.3227003364590928e-05,False,,none,317.6870416019281,4765305.624028922,1.0,3.357142857142857,1419452.7390724448,76781250000.0,2.0255998281153943e+18,2.0255998281153943e+18,2.0255998281153943e+18,4.936809265680052e-19,0.10532073506634214,-13.256466474732292,-9.684463547443015,0.015625,0.0,64,0.0,76781250000.0,76781250000.0,4.765305624028922,1.419452739072445,76781250000.0,2.0255998281153943e+18,2.0255998281153943e+18,2.0255998281153943e+18,0.0,0.0,2.3424244139706967e+18,88790624899.74777,26381438.54281344,4.684848827941393e+18,177581250000.0,0.5,0.09793950717362658,False,False,False,True,-13.256466474732292,-13.456972739469613,-13.256466474732292,-13.256466474732292,0.0,True,0.25,4,32,-1.4973958333333334e-06,1.0416666666666667e-06,1,0.0,controlled_tilt,,,,,,,
water_filling,Water-filling,ok,ok,0.0001621629999135621,False,,none,318.55300801677856,4778295.120251679,1.0000000000003126,3.3571428571437507,1423321.950712887,77661374116.02048,2.0488187683922365e+18,2.0488187683922365e+18,2.0488019277653796e+18,4.880861184148205e-19,0.10472224293277808,-12.82624733786971,-8.359969102876134,0.01667718991134137,6.77977878906168e-06,63,-798.968928078138,77660735764.64816,77660735764.67244,4.778295120251679,1.4233219507128871,77661374116.02048,2.0488187683922365e+18,2.0488019277653796e+18,2.0488187683922365e+18,0.0008219676194285986,798.968928078138,2.3424244139706967e+18,88790624899.74777,26381438.54281344,4.684848827941393e+18,177581250000.0,0.5,0.09793950717362658,False,False,False,True,-13.256466474732292,-13.025363231737781,-12.82624733786971,-12.82624733786971,-0.43021913686258273,False,0.25,4,32,-1.4973958333333334e-06,1.0416666666666667e-06,1,0.0,controlled_tilt,0.016769805152808244,,,,,,
conventional_s2,Conventional $S_2$,ok,optimal,0.00777811299849418,False,,conventional_s2,317.5403731100565,4763105.596650848,0.9999999990896933,3.357142854541981,1418797.4128675214,88790624871.48117,2.342424413224983e+18,2.342424413224983e+18,2.342412623649602e+18,4.2690811893615323e-19,0.09793950718921617,-10.396254399638583,-5.759229922516643,0.022741685445062144,1.3199932365289096e-05,64,-668.4975891085892,88790178063.28123,88790177982.45494,4.763105596650848,1.4187974128675214,88790624871.48117,2.342424413224983e+18,2.342412623649602e+18,2.342424413224983e+18,0.0005033065448955277,668.4975891085892,2.3424244139706967e+18,88790624899.74777,26381438.54281344,4.684848827941393e+18,177581250000.0,0.5,0.09793950717362658,True,False,True,True,-13.256466474732292,-10.891190346698192,-10.396254399638583,-10.396254399638583,-2.8602120750937097,False,0.25,4,32,-1.4322916666666667e-06,1.0416666666666667e-06,1,0.0,controlled_tilt,,known_amplitude_linear,88790624899.74777,,,,
exact_efim,Exact EFIM,ok,optimal,0.009091913998418022,False,,exact_efim,317.5403186260013,4763104.779390019,0.999999998974571,3.3571428542130604,1418797.169567134,88790839496.8935,2.342430075352108e+18,2.342430075352108e+18,2.342424407168139e+18,4.269070870129101e-19,0.09793938881934865,-10.396257964265466,-5.759262911944145,0.022771576327106215,1.3199454380842238e-05,64,-463.52454076585354,88790624732.9423,88790624641.89383,4.763104779390019,1.418797169567134,88790839496.8935,2.342430075352108e+18,2.342424407168139e+18,2.342430075352108e+18,0.00024197879069785992,463.52454076585354,2.3424244139706967e+18,88790624899.74777,26381438.54281344,4.684848827941393e+18,177581250000.0,0.5,0.09793950717362658,True,True,False,True,-13.256466474732292,-10.8910782002597,-10.396257964265466,-10.396257964265466,-2.8602085104668262,False,0.25,4,32,-1.4322916666666667e-06,1.0416666666666667e-06,1,0.0,controlled_tilt,,unknown_amplitude_exact,,2.3424244139706967e+18,88790624899.74777,quad_over_lin,1e-12
uniform,Uniform,ok,ok,1.2745000276481733e-05,False,,none,321.0042207858605,4815063.311787908,1.0,3.357142857142857,1434274.1779793769,76781250000.0,2.0255998281153943e+18,2.0255998281153943e+18,2.0255998281153943e+18,4.936809265680052e-19,0.10532073506634214,-13.256466474732292,-9.684463547443015,0.015625,0.0,64,0.0,76781250000.0,76781250000.0,4.815063311787908,1.4342741779793768,76781250000.0,2.0255998281153943e+18,2.0255998281153943e+18,2.0255998281153943e+18,0.0,0.0,2.3424244139706967e+18,88790624899.74777,26381438.54281344,4.684848827941393e+18,177581250000.0,0.5,0.09793950717362658,False,False,False,True,-13.256466474732292,-13.456972739469613,-13.256466474732292,-13.256466474732292,0.0,True,0.25,4,32,-1.4973958333333334e-06,1.0416666666666667e-06,2,0.0,controlled_tilt,,,,,,,
water_filling,Water-filling,ok,ok,0.00018691600052989088,False,,none,322.38195776783425,4835729.366517514,1.0000000000004758,3.357142857144217,1440430.0240684634,75563007599.67987,1.9934608411010993e+18,1.9934608411010993e+18,1.9924971733029476e+18,5.016401523330874e-19,0.10616634174394542,-12.869554744357199,-8.96585681509547,0.016702576435435674,6.071246710583551e-06,63,-6043.860570455307,75526479349.04881,75526479349.08475,4.835729366517514,1.4404300240684633,75563007599.67987,1.9934608411010993e+18,1.9924971733029476e+18,1.9934608411010993e+18,0.04834144610632997,6043.860570455307,2.3424244139706967e+18,88790624899.74777,26381438.54281344,4.684848827941393e+18,177581250000.0,0.5,0.09793950717362658,False,False,False,True,-13.256466474732292,-12.977628656064045,-12.869554744357199,-12.869554744357199,-0.3869117303750933,False,0.25,4,32,-1.4973958333333334e-06,1.0416666666666667e-06,2,0.0,controlled_tilt,0.016746049321160004,,,,,,
conventional_s2,Conventional $S_2$,ok,optimal,0.008107907000521664,False,,conventional_s2,320.8862920113211,4813294.380169816,0.9999999997821182,3.357142856520338,1433747.2624441048,88790624891.09952,2.3424244137425434e+18,2.3424244137425434e+18,2.3396632341662397e+18,4.269081188418276e-19,0.09793950717839627,-9.919496898170047,-5.393776194219462,0.025329497051949985,1.771989260407642e-05,64,-10230.52897140766,88685961187.41057,88685961168.08751,4.8132943801698165,1.4337472624441048,88790624891.09952,2.3424244137425434e+18,2.3396632341662397e+18,2.3424244137425434e+18,0.11787699787042512,10230.52897140766,2.3424244139706967e+18,88790624899.74777,26381438.54281344,4.684848827941393e+18,177581250000.0,0.5,0.09793950717362658,True,False,True,True,-13.256466474732292,-10.456418861398635,-9.919496898170047,-9.919496898170047,-3.336969576562245,False,0.25,4,32,-1.4322916666666667e-06,1.0416666666666667e-06,2,0.0,controlled_tilt,,known_amplitude_linear,88790624899.74777,,,,
exact_efim,Exact EFIM,ok,optimal,0.00920323199898121,False,,exact_efim,320.8715069549133,4813072.604323699,0.9999999992961788,3.3571428551319396,1433681.2021466808,88833757573.9782,2.3435623159650934e+18,2.3435623159650934e+18,2.3424244092909783e+18,4.2670083623878114e-19,0.09791572732979817,-9.90224200661858,-5.371834920965862,0.024827603006431945,1.784972388053047e-05,64,-6567.560555299452,88790624784.85374,88790624722.36102,4.8130726043236995,1.4336812021466807,88833757573.9782,2.3435623159650934e+18,2.3424244092909783e+18,2.3435623159650934e+18,0.048554572940659145,6567.560555299452,2.3424244139706967e+18,88790624899.74777,26381438.54281344,4.684848827941393e+18,177581250000.0,0.5,0.09793950717362658,True,True,False,True,-13.256466474732292,-10.433104653119953,-9.90224200661858,-9.90224200661858,-3.3542244681137117,False,0.25,4,32,-1.4322916666666667e-06,1.0416666666666667e-06,2,0.0,controlled_tilt,,unknown_amplitude_exact,,2.3424244139706967e+18,88790624899.74777,quad_over_lin,1e-12
uniform,Uniform,ok,ok,1.4086999726714566e-05,False,,none,308.3084868091165,4624627.302136748,1.0,3.357142857142857,1377548.5580832867,76781250000.0,2.0255998281153943e+18,2.0255998281153943e+18,2.0255998281153943e+18,4.936809265680052e-19,0.10532073506634214,-13.256466474732292,-9.684463547443015,0.015625,0.0,64,0.0,76781250000.0,76781250000.0,4.624627302136748,1.3775485580832867,76781250000.0,2.0255998281153943e+18,2.0255998281153943e+18,2.0255998281153943e+18,0.0,0.0,2.3424244139706967e+18,88790624899.74777,26381438.54281344,4.684848827941393e+18,177581250000.0,0.5,0.09793950717362658,False,False,False,True,-13.256466474732292,-13.456972739469613,-13.256466474732292,-13.256466474732292,0.0,True,0.25,4,32,-1.4973958333333334e-06,1.0416666666666667e-06,3,0.0,controlled_tilt,,,,,,,
water_filling,Water-filling,ok,ok,0.00019258700194768608,False,,none,308.8606113345872,4632909.170018808,0.9999999999996807,3.357142857141945,1380015.4974527857,77078801918.45842,2.0334496757655014e+18,2.0334496757655014e+18,2.0328024423128627e+18,4.917751405003645e-19,0.10511725052277679,-13.695526940710067,-8.891916624968426,0.016686018750716514,4.523219523715669e-06,64,-4953.147274888862,77054268250.55629,77054268250.5317,4.632909170018808,1.3800154974527856,77078801918.45842,2.0334496757655014e+18,2.0328024423128627e+18,2.0334496757655014e+18,0.03182933221079425,4953.147274888862,2.3424244139706967e+18,88790624899.74777,26381438.54281344,4.684848827941393e+18,177581250000.0,0.5,0.09793950717362658,False,False,False,True,-13.256466474732292,-13.964456812365299,-13.690828949015843,-13.690828949015843,0.43436247428355124,True,0.25,4,32,-1.46484375e-06,1.0416666666666667e-06,3,0.0,controlled_tilt,0.01677057997820037,,,,,,
conventional_s2,Conventional $S_2$,ok,optimal,0.007530241997301346,False,,conventional_s2,307.7639314495709,4616458.971743564,0.9999999990980479,3.3571428545658515,1375115.4394472642,88790624870.8595,2.3424244132085827e+18,2.3424244132085827e+18,2.3417774007775944e+18,4.2690811893914223e-19,0.09793950718955903,-10.8463258188908,-5.849014716563369,0.02333211051437642,1.2371953956566893e-05,64,-4952.301487817957,88766099660.91815,88766099580.85538,4.6164589717435645,1.3751154394472642,88790624870.8595,2.342424413208582e+18,2.3417774007775944e+18,2.3424244132085827e+18,0.02762148598434516,4952.301487817957,2.3424244139706967e+18,88790624899.74777,26381438.54281344,4.684848827941393e+18,177581250000.0,0.5,0.09793950717362658,True,False,True,True,-13.256466474732292,-11.261474811167535,-10.8227795281609,-10.8227795281609,-2.4336869465713917,False,0.25,4,32,-1.3997395833333333e-06,1.0416666666666667e-06,3,0.0,controlled_tilt,,known_amplitude_linear,88790624899.74777,,,,
exact_efim,Exact EFIM,ok,optimal,0.008861277001415147,False,,exact_efim,307.7608799839711,4616413.199759566,0.9999999991520192,3.3571428547200552,1375101.8051760918,88802066771.59773,2.342726267009721e+18,2.342726267009721e+18,2.3424244092060237e+18,4.268531130085505e-19,0.09793319736896763,-10.844284820870836,-5.846703242955622,0.023391594181278005,1.2349392166531806e-05,64,-3382.6103036971367,88790624794.4335,88790624719.14076,4.616413199759566,1.375101805176092,88802066771.59773,2.342726267009721e+18,2.3424244092060237e+18,2.342726267009721e+18,0.012884894319405328,3382.6103036971367,2.3424244139706967e+18,88790624899.74777,26381438.54281344,4.684848827941393e+18,177581250000.0,0.5,0.09793950717362658,True,True,False,True,-13.256466474732292,-11.258564404604126,-10.820470697882945,-10.820470697882945,-2.4359957768493476,False,0.25,4,32,-1.3997395833333333e-06,1.0416666666666667e-06,3,0.0,controlled_tilt,,unknown_amplitude_exact,,2.3424244139706967e+18,88790624899.74777,quad_over_lin,1e-12
uniform,Uniform,ok,ok,1.2508000509114936e-05,False,,none,315.8676863267606,4738015.294901408,1.0,3.357142857142857,1411323.7048642493,76781250000.0,2.0255998281153943e+18,2.0255998281153943e+18,2.0255998281153943e+18,4.936809265680052e-19,0.10532073506634214,-13.256466474732292,-9.684463547443015,0.015625,0.0,64,0.0,76781250000.0,76781250000.0,4.738015294901408,1.4113237048642493,76781250000.0,2.0255998281153943e+18,2.0255998281153943e+18,2.0255998281153943e+18,0.0,0.0,2.3424244139706967e+18,88790624899.74777,26381438.54281344,4.684848827941393e+18,177581250000.0,0.5,0.09793950717362658,False,False,False,True,-13.256466474732292,-13.456972739469613,-13.256466474732292,-13.256466474732292,0.0,True,0.25,4,32,-1.4973958333333334e-06,1.0416666666666667e-06,4,0.0,controlled_tilt,,,,,,,
water_filling,Water-filling,ok,ok,0.0001667989999987185,False,,none,317.4631720565078,4761947.580847617,1.0000000000007152,3.357142857144901,1418452.4708899162,75867268522.27924,2.001487681931634e+18,2.001487681931634e+18,2.0001371280389266e+18,4.996283559611524e-19,0.105953241144838,-12.398467180712567,-8.636632449034098,0.016913343666664176,7.626260306892953e-06,63,7154.9519714747075,75816075184.51086,75816075184.5651,4.761947580847617,1.4184524708899162,75867268522.27924,2.0014876819316342e+18,2.0001371280389266e+18,2.001487681931634e+18,0.06747750210502967,7154.9519714747075,2.3424244139706967e+18,88790624899.74777,26381438.54281344,4.684848827941393e+18,177581250000.0,0.5,0.09793950717362658,False,False,False,True,-13.256466474732292,-12.453979503498779,-12.390048442973747,-12.390048442973747,-0.8664180317585455,False,0.25,4,32,-1.5299479166666667e-06,1.0416666666666667e-06,4,0.0,controlled_tilt,0.016960438247452553,,,,,,
conventional_s2,Conventional $S_2$,ok,optimal,0.0076555380001082085,False,,conventional_s2,316.1377779574274,4742066.669361411,0.9999999994866218,3.3571428556760625,1412530.4978737498,88790624883.90793,2.3424244135528187e+18,2.3424244135528187e+18,2.3410317176271867e+18,4.26908118876405e-19,0.09793950718236258,-9.882049669775437,-5.735578044998949,0.024493787536347345,1.3281490504419337e-05,64,7265.724326215593,88737834179.50655,88737834133.95047,4.742066669361411,1.4125304978737498,88790624883.90793,2.3424244135528187e+18,2.3410317176271867e+18,2.3424244135528187e+18,0.05945531977783908,7265.724326215593,2.3424244139706967e+18,88790624899.74777,26381438.54281344,4.684848827941393e+18,177581250000.0,0.5,0.09793950717362658,True,False,True,True,-13.256466474732292,-10.453713809486532,-9.882049669775437,-9.882049669775437,-3.374416804956855,False,0.25,4,32,-1.4322916666666667e-06,1.0416666666666667e-06,4,0.0,controlled_tilt,,known_amplitude_linear,88790624899.74777,,,,
exact_efim,Exact EFIM,ok,optimal,0.00894367900036741,False,,exact_efim,316.1309233241373,4741963.84986206,0.9999999994474583,3.3571428555641667,1412499.8708359029,88813054015.28467,2.343016126303803e+18,2.343016126303803e+18,2.342424410652752e+18,4.2680030614110116e-19,0.09792713942400924,-9.88008247740497,-5.738379093306765,0.024759569470254317,1.3160411023476039e-05,64,4735.951996952357,88790624823.04015,88790624773.97963,4.74196384986206,1.412499870835903,88813054015.28467,2.343016126303803e+18,2.342424410652752e+18,2.343016126303803e+18,0.02525444210170512,4735.951996952357,2.3424244139706967e+18,88790624899.74777,26381438.54281344,4.684848827941393e+18,177581250000.0,0.5,0.09793950717362658,True,True,False,True,-13.256466474732292,-10.448381463197695,-9.88008247740497,-9.88008247740497,-3.3763839973273218,False,0.25,4,32,-1.4322916666666667e-06,1.0416666666666667e-06,4,0.0,controlled_tilt,,unknown_amplitude_exact,,2.3424244139706967e+18,88790624899.74777,quad_over_lin,1e-12
uniform,Uniform,ok,ok,1.3136999768903479e-05,False,,none,296.31834148063047,4444775.122209457,1.0,3.357142857142857,1323975.5683177104,76781250000.0,2.0255998281153943e+18,2.0255998281153943e+18,2.0255998281153943e+18,4.936809265680052e-19,0.10532073506634214,-13.256466474732292,-9.684463547443015,0.015625,0.0,64,0.0,76781250000.0,76781250000.0,4.444775122209457,1.3239755683177103,76781250000.0,2.0255998281153943e+18,2.0255998281153943e+18,2.0255998281153943e+18,0.0,0.0,2.3424244139706967e+18,88790624899.74777,26381438.54281344,4.684848827941393e+18,177581250000.0,0.5,0.09793950717362658,False,False,False,True,-13.256466474732292,-13.456972739469613,-13.256466474732292,-13.256466474732292,0.0,True,0.25,4,32,-1.4973958333333334e-06,1.0416666666666667e-06,5,0.0,controlled_tilt,,,,,,,
water_filling,Water-filling,ok,ok,0.00019530899953679182,False,,none,296.81963623156093,4452294.543473414,0.9999999999994353,3.357142857141244,1326215.3959288883,74987749176.17975,1.9782846963552952e+18,1.9782846963552952e+18,1.9782644112816197e+18,5.054884172345649e-19,0.10657278414082115,-13.21942843509662,-9.487715283806002,0.016876398605999647,4.026972887939933e-06,64,876.8777654702002,74986980261.60652,74986980261.56418,4.452294543473414,1.3262153959288883,74987749176.17975,1.9782846963552952e+18,1.9782644112816197e+18,1.9782846963552952e+18,0.0010253869785725143,876.8777654702002,2.3424244139706967e+18,88790624899.74777,26381438.54281344,4.684848827941393e+18,177581250000.0,0.5,0.09793950717362658,False,False,False,True,-13.256466474732292,-13.326937319882198,-13.21942843509662,-13.21942843509662,-0.03703803963567154,True,0.25,4,32,-1.4973958333333334e-06,1.0416666666666667e-06,5,0.0,controlled_tilt,0.01693804732331077,,,,,,
conventional_s2,Conventional $S_2$,ok,optimal,0.00792970199836418,False,,conventional_s2,295.3400567431619,4430100.851147428,0.9999999992622006,3.357142855034859,1319604.5096810241,88790624868.62299,2.34242441314958e+18,2.34242441314958e+18,2.3424040869974036e+18,4.269081189498955e-19,0.09793950719079252,-10.24465378164765,-5.931330527570809,0.02382815284059939,1.0984755136623366e-05,64,877.7651820048666,88789854462.41791,88789854396.90881,4.4301008511474285,1.319604509681024,88790624868.62299,2.34242441314958e+18,2.3424040869974036e+18,2.34242441314958e+18,0.000867739939100013,877.7651820048666,2.3424244139706967e+18,88790624899.74777,26381438.54281344,4.684848827941393e+18,177581250000.0,0.5,0.09793950717362658,True,False,True,True,-13.256466474732292,-10.737805769272653,-10.24465378164765,-10.24465378164765,-3.011812693084643,False,0.25,4,32,-1.4322916666666667e-06,1.0416666666666667e-06,5,0.0,controlled_tilt,,known_amplitude_linear,88790624899.74777,,,,
exact_efim,Exact EFIM,ok,optimal,0.008781846998317633,False,,exact_efim,295.3399549158661,4430099.323737991,0.9999999995855395,3.3571428559586844,1319604.0543448685,88790938268.00061,2.3424326810760003e+18,2.3424326810760003e+18,2.342424414926636e+18,4.2690661212114253e-19,0.09793933434540827,-10.244760832049662,-5.932316806850286,0.023781134224811745,1.0975208844644519e-05,64,559.7606789118283,88790624972.78328,88790624935.98308,4.430099323737991,1.3196040543448686,88790938268.00061,2.3424326810760003e+18,2.342424414926636e+18,2.3424326810760003e+18,0.0003528873820368204,559.7606789118283,2.3424244139706967e+18,88790624899.74777,26381438.54281344,4.684848827941393e+18,177581250000.0,0.5,0.09793950717362658,True,True,False,True,-13.256466474732292,-10.73755939141952,-10.244760832049662,-10.244760832049662,-3.01170564268263,False,0.25,4,32,-1.4322916666666667e-06,1.0416666666666667e-06,5,0.0,controlled_tilt,,unknown_amplitude_exact,,2.3424244139706967e+18,88790624899.74777,quad_over_lin,1e-12
uniform,Uniform,ok,ok,1.239500124938786e-05,False,,none,324.8733490837279,4873100.236255918,1.0,3.357142857142857,1451561.7725017627,76781250000.0,2.0255998281153943e+18,2.0255998281153943e+18,2.0255998281153943e+18,4.936809265680052e-19,0.10532073506634214,-13.256466474732292,-9.684463547443015,0.015625,0.0,64,0.0,76781250000.0,76781250000.0,4.873100236255918,1.4515617725017627,76781250000.0,2.0255998281153943e+18,2.0255998281153943e+18,2.0255998281153943e+18,0.0,0.0,2.3424244139706967e+18,88790624899.74777,26381438.54281344,4.684848827941393e+18,177581250000.0,0.5,0.09793950717362658,False,False,False,True,-13.256466474732292,-13.456972739469613,-13.256466474732292,-13.256466474732292,0.0,True,0.25,4,32,-1.4973958333333334e-06,1.0416666666666667e-06,6,0.0,controlled_tilt,,,,,,,
water_filling,Water-filling,ok,ok,0.00021360699975048192,False,,none,325.4302878418905,4881454.317628358,1.0000000000009246,3.357142857145499,1454050.2222711325,75249666827.05118,1.9851944607650378e+18,1.9851944607650378e+18,1.982061088428946e+18,5.037289896601002e-19,0.10638715126095818,-13.70657948580141,-9.40645770570815,0.01667893518994923,4.681390127309457e-06,64,10898.249989399676,75130894974.15016,75130894974.21962,4.881454317628357,1.4540502222711325,75249666827.05118,1.9851944607650378e+18,1.982061088428946e+18,1.9851944607650378e+18,0.15783704810884827,10898.249989399676,2.3424244139706967e+18,88790624899.74777,26381438.54281344,4.684848827941393e+18,177581250000.0,0.5,0.09793950717362658,False,False,False,True,-13.256466474732292,-13.850296446833292,-13.70657948580141,-13.70657948580141,0.45011301106911716,True,0.25,4,32,-1.4973958333333334e-06,1.0416666666666667e-06,6,0.0,controlled_tilt,0.016738721247534734,,,,,,
conventional_s2,Conventional $S_2$,ok,optimal,0.007847037999454187,False,,conventional_s2,323.97153709482325,4859573.056422349,0.999999999325448,3.357142855215566,1447532.4006163897,88790624881.02533,2.3424244134767713e+18,2.3424244134767713e+18,2.3392904090673336e+18,4.269081188902647e-19,0.09793950718395239,-10.60409285063253,-5.867360706772865,0.023986301798754963,1.2327784046800936e-05,64,10899.34915162989,88671829128.99008,88671829069.17633,4.859573056422349,1.4475324006163897,88790624881.02533,2.3424244134767713e+18,2.3392904090673336e+18,2.3424244134767713e+18,0.13379319270268417,10899.34915162989,2.3424244139706967e+18,88790624899.74777,26381438.54281344,4.684848827941393e+18,177581250000.0,0.5,0.09793950717362658,True,False,True,True,-13.256466474732292,-11.05748019792075,-10.593677955369266,-10.593677955369266,-2.6627885193630263,False,0.25,4,32,-1.3997395833333333e-06,1.0416666666666667e-06,6,0.0,controlled_tilt,,known_amplitude_linear,88790624899.74777,,,,
exact_efim,Exact EFIM,ok,optimal,0.009303602997533744,False,,exact_efim,323.9555820476903,4859333.730715355,0.9999999993480566,3.357142855280162,1447461.1120800313,88839674729.63106,2.3437184190432973e+18,2.3437184190432973e+18,2.3424244106035743e+18,4.266724158818527e-19,0.09791246644298726,-10.595065664747338,-5.855984800023707,0.02461343819966769,1.2202652372538686e-05,64,7003.5674871809015,88790624830.002,88790624772.11554,4.859333730715355,1.4474611120800314,88839674729.63106,2.343718419043298e+18,2.3424244106035743e+18,2.3437184190432973e+18,0.05521177071481226,7003.5674871809015,2.3424244139706967e+18,88790624899.74777,26381438.54281344,4.684848827941393e+18,177581250000.0,0.5,0.09793950717362658,True,True,False,True,-13.256466474732292,-11.047201066996708,-10.58410498864819,-10.58410498864819,-2.6723614860841014,False,0.25,4,32,-1.3997395833333333e-06,1.0416666666666667e-06,6,0.0,controlled_tilt,,unknown_amplitude_exact,,2.3424244139706967e+18,88790624899.74777,quad_over_lin,1e-12
uniform,Uniform,ok,ok,1.2775999493896961e-05,False,,none,338.57968270990483,5078695.240648572,1.0,3.357142857142857,1512802.8376400003,76781250000.0,2.0255998281153943e+18,2.0255998281153943e+18,2.0255998281153943e+18,4.936809265680052e-19,0.10532073506634214,-13.256466474732292,-9.684463547443015,0.015625,0.0,64,0.0,76781250000.0,76781250000.0,5.078695240648572,1.5128028376400002,76781250000.0,2.0255998281153943e+18,2.0255998281153943e+18,2.0255998281153943e+18,0.0,0.0,2.3424244139706967e+18,88790624899.74777,26381438.54281344,4.684848827941393e+18,177581250000.0,0.5,0.09793950717362658,False,False,False,True,-13.256466474732292,-13.456972739469613,-13.256466474732292,-13.256466474732292,0.0,True,0.25,4,32,-1.4973958333333334e-06,1.0416666666666667e-06,7,0.0,controlled_tilt,,,,,,,
water_filling,Water-filling,ok,ok,0.00018683899907045998,False,,none,338.9665599302668,5084498.398954002,0.99999999999937,3.3571428571410573,1514531.4379871106,76890966530.9659,2.0284943080342024e+18,2.0284943080342024e+18,2.0269544032792788e+18,4.929764880479709e-19,0.10524556660836155,-13.316941948148717,-9.175761569760283,0.016504911106018486,3.0152154718300074e-06,64,-7640.076256420379,76832595765.81041,76832595765.76201,5.084498398954002,1.5145314379871107,76890966530.9659,2.0284943080342019e+18,2.0269544032792788e+18,2.0284943080342024e+18,0.07591368380105683,7640.076256420379,2.3424244139706967e+18,88790624899.74777,26381438.54281344,4.684848827941393e+18,177581250000.0,0.5,0.09793950717362658,False,False,False,True,-13.256466474732292,-13.525333707291601,-13.316941948148717,-13.316941948148717,0.06047547341642456,True,0.25,4,32,-1.4973958333333334e-06,1.0416666666666667e-06,7,0.0,controlled_tilt,0.016555300567054645,,,,,,
conventional_s2,Conventional $S_2$,ok,optimal,0.008041616001719376,False,,conventional_s2,337.80668403139697,5067100.260470955,0.9999999994295057,3.3571428555128735,1509349.0144901355,88790624895.98004,2.3424244138712986e+18,2.3424244138712986e+18,2.340883463888129e+18,4.2690811881836187e-19,0.09793950717570456,-10.577180787850258,-5.987160333835247,0.02336936747269267,1.074608351731183e-05,64,-7642.668714025698,88732214561.56224,88732214510.94101,5.067100260470955,1.5093490144901356,88790624895.98004,2.3424244138712986e+18,2.340883463888129e+18,2.3424244138712986e+18,0.0657844058508093,7642.668714025698,2.3424244139706967e+18,88790624899.74777,26381438.54281344,4.684848827941393e+18,177581250000.0,0.5,0.09793950717362658,True,False,True,True,-13.256466474732292,-11.036764697483592,-10.5685823906574,-10.5685823906574,-2.6878840840748914,False,0.25,4,32,-1.3997395833333333e-06,1.0416666666666667e-06,7,0.0,controlled_tilt,,known_amplitude_linear,88790624899.74777,,,,
exact_efim,Exact EFIM,ok,optimal,0.009301435999077512,False,,exact_efim,337.7991826084635,5066987.739126953,0.9999999995112067,3.357142855746305,1509315.4973890868,88817442111.60376,2.343131890597165e+18,2.343131890597165e+18,2.342424411872837e+18,4.267792197327579e-19,0.09792472031005174,-10.571498252731779,-5.979189582287972,0.023742557885012616,1.0704677962869312e-05,64,-5178.541434553972,88790624863.62775,88790624820.22748,5.0669877391269535,1.5093154973890868,88817442111.60376,2.343131890597165e+18,2.342424411872837e+18,2.343131890597165e+18,0.030193721794620345,5178.541434553972,2.3424244139706967e+18,88790624899.74777,26381438.54281344,4.684848827941393e+18,177581250000.0,0.5,0.09793950717362658,True,True,False,True,-13.256466474732292,-11.031512915510206,-10.562901295429214,-10.562901295429214,-2.6935651793030786,False,0.25,4,32,-1.3997395833333333e-06,1.0416666666666667e-06,7,0.0,controlled_tilt,,unknown_amplitude_exact,,2.3424244139706967e+18,88790624899.74777,quad_over_lin,1e-12
uniform,Uniform,ok,ok,1.3268003385746852e-05,False,,none,304.222726426848,4563340.89640272,1.0,3.357142857142857,1359293.032971023,76781250000.0,2.0255998281153943e+18,2.0255998281153943e+18,2.0255998281153943e+18,4.936809265680052e-19,0.10532073506634214,-13.256466474732292,-9.684463547443015,0.015625,0.0,64,0.0,76781250000.0,76781250000.0,4.56334089640272,1.359293032971023,76781250000.0,2.0255998281153943e+18,2.0255998281153943e+18,2.0255998281153943e+18,0.0,0.0,2.3424244139706967e+18,88790624899.74777,26381438.54281344,4.684848827941393e+18,177581250000.0,0.5,0.09793950717362658,False,False,False,True,-13.256466474732292,-13.456972739469613,-13.256466474732292,-13.256466474732292,0.0,True,0.25,4,32,-1.4973958333333334e-06,1.0416666666666667e-06,0,0.5,controlled_tilt,,,,,,,
water_filling,Water-filling,ok,ok,0.00018303199976799078,False,,none,305.926313050103,4588894.695751545,1.0000000000005382,3.357142857144395,1366904.8029891958,73697204104.08333,1.9442382608490522e+18,1.9442382608490522e+18,1.9439380935149066e+18,5.143402535259739e-19,0.10750185655248898,-13.884575519261448,-9.002293583675714,0.0170891747477242,9.635744835734443e-06,63,3373.125326325131,73685826129.57657,73685826129.61623,4.588894695751545,1.3669048029891957,73697204104.08333,1.9442382608490527e+18,1.9439380935149066e+18,1.9442382608490522e+18,0.01543881427446307,3373.125326325131,2.3424244139706967e+18,88790624899.74777,26381438.54281344,4.684848827941393e+18,177581250000.0,0.5,0.09793950717362658,False,False,False,True,-13.256466474732292,-13.953417734607985,-13.877604807095054,-13.877604807095054,0.6211383323627615,True,0.25,4,32,-1.5299479166666667e-06,1.0416666666666667e-06,0,0.5,controlled_tilt,0.01718277737837636,,,,,,
conventional_s2,Conventional $S_2$,ok,optimal,0.00784235900209751,False,,conventional_s2,304.1893966499473,4562840.94974921,0.9999999989855882,3.357142854244538,1359144.1138646428,88790624849.38423,2.342424412642034e+18,2.342424412642034e+18,2.3417957105176013e+18,4.2690811904239596e-19,0.09793950720140304,-10.53195508416466,-5.341785922492889,0.02638964377453031,1.8739610926110283e-05,64,4881.7240629327625,88766793709.62787,88766793619.58179,4.5628409497492095,1.3591441138646427,88790624849.38423,2.3424244126420337e+18,2.3417957105176013e+18,2.342424412642034e+18,0.0268398041379606,4881.7240629327625,2.3424244139706967e+18,88790624899.74777,26381438.54281344,4.684848827941393e+18,177581250000.0,0.5,0.09793950717362658,True,False,True,True,-13.256466474732292,-11.001858527956221,-10.525695881867891,-10.525695881867891,-2.730770592864401,False,0.25,4,32,-1.3997395833333333e-06,1.0416666666666667e-06,0,0.5,controlled_tilt,,known_amplitude_linear,88790624899.74777,,,,
exact_efim,Exact EFIM,ok,optimal,0.009377843998663593,False,,exact_efim,304.18614397829145,4562792.159674372,0.9999999996368019,3.357142856105148,1359129.5798975858,88799644091.30077,2.342662353218358e+18,2.342662353218358e+18,2.3424243753006776e+18,4.268647586478677e-19,0.09793453329329406,-10.533536661620964,-5.336646926069173,0.026719546438684974,1.8778877189330174e-05,64,3003.4409200614355,88790623466.19234,88790623433.94374,4.5627921596743715,1.3591295798975858,88799644091.30077,2.342662353218358e+18,2.3424243753006776e+18,2.342662353218358e+18,0.010158438639404997,3003.4409200614355,2.3424244139706967e+18,88790624899.74777,26381438.54281344,4.684848827941393e+18,177581250000.0,0.5,0.09793950717362658,True,True,False,True,-13.256466474732292,-11.000266434375515,-10.526447042019647,-10.526447042019647,-2.730019432712645,False,0.25,4,32,-1.3997395833333333e-06,1.0416666666666667e-06,0,0.5,controlled_tilt,,unknown_amplitude_exact,,2.3424244139706967e+18,88790624899.74777,quad_over_lin,1e-12
uniform,Uniform,ok,ok,1.2918000720674172e-05,False,,none,324.25673727554636,4863851.059133195,1.0,3.357142857142857,1448806.6984652071,76781250000.0,2.0255998281153943e+18,2.0255998281153943e+18,2.0255998281153943e+18,4.936809265680052e-19,0.10532073506634214,-13.256466474732292,-9.684463547443015,0.015625,0.0,64,0.0,76781250000.0,76781250000.0,4.863851059133196,1.448806698465207,76781250000.0,2.0255998281153943e+18,2.0255998281153943e+18,2.0255998281153943e+18,0.0,0.0,2.3424244139706967e+18,88790624899.74777,26381438.54281344,4.684848827941393e+18,177581250000.0,0.5,0.09793950717362658,False,False,False,True,-13.256466474732292,-13.456972739469613,-13.256466474732292,-13.256466474732292,0.0,True,0.25,4,32,-1.4973958333333334e-06,1.0416666666666667e-06,1,0.5,controlled_tilt,,,,,,,
water_filling,Water-filling,ok,ok,0.00019434700152487494,False,,none,325.1283386649352,4876925.079974028,0.9999999999995619,3.3571428571416058,1452701.0876523796,77403866541.41412,2.0420253481384502e+18,2.0420253481384502e+18,2.0391258238563748e+18,4.897098857815939e-19,0.10489629353852582,-13.179228293767924,-8.416341930780014,0.016864790200774134,7.271131669152112e-06,64,-10483.689225090502,77293958801.67975,77293958801.64589,4.876925079974028,1.4527010876523796,77403866541.41412,2.0420253481384502e+18,2.0391258238563748e+18,2.0420253481384502e+18,0.14199257049960984,10483.689225090502,2.3424244139706967e+18,88790624899.74777,26381438.54281344,4.684848827941393e+18,177581250000.0,0.5,0.09793950717362658,False,False,False,True,-13.256466474732292,-13.419797993373539,-13.179228293767924,-13.179228293767924,-0.0772381809643683,True,0.25,4,32,-1.4973958333333334e-06,1.0416666666666667e-06,1,0.5,controlled_tilt,0.016946410471743854,,,,,,
conventional_s2,Conventional $S_2$,ok,optimal,0.0076414270006353036,False,,conventional_s2,324.1109273368966,4861663.91005345,0.9999999995115514,3.35714285574729,1448155.2078519631,88790624892.11078,2.3424244137692216e+18,2.3424244137692216e+18,2.3395250419127025e+18,4.2690811883696544e-19,0.09793950717783853,-10.54172508609291,-5.659508459640838,0.02333495197715538,1.4872518142628432e-05,64,-10483.413664659001,88680722973.41608,88680722930.1001,4.8616639100534496,1.448155207851963,88790624892.11078,2.3424244137692216e+18,2.3395250419127025e+18,2.3424244137692216e+18,0.12377653850754382,10483.413664659001,2.3424244139706967e+18,88790624899.74777,26381438.54281344,4.684848827941393e+18,177581250000.0,0.5,0.09793950717362658,True,False,True,True,-13.256466474732292,-10.99233959330257,-10.530929398430116,-10.530929398430116,-2.7255370763021762,False,0.25,4,32,-1.3997395833333333e-06,1.0416666666666667e-06,1,0.5,controlled_tilt,,known_amplitude_linear,88790624899.74777,,,,
exact_efim,Exact EFIM,ok,optimal,0.008735303999856114,False,,exact_efim,324.0977118750535,4861465.678125802,0.9999999994605491,3.3571428556015688,1448096.1601065597,88842937793.21916,2.3438045033548083e+18,2.3438045033548083e+18,2.3424244115468723e+18,4.266567448644494e-19,0.09791066833980823,-10.530964748295446,-5.64732753779373,0.022914808007595086,1.4779070480978623e-05,64,-7232.771624744733,88790624855.76985,88790624807.87167,4.8614656781258025,1.4480961601065598,88842937793.21916,2.343804503354809e+18,2.3424244115468723e+18,2.3438045033548083e+18,0.05888254783880666,7232.771624744733,2.3424244139706967e+18,88790624899.74777,26381438.54281344,4.684848827941393e+18,177581250000.0,0.5,0.09793950717362658,True,True,False,True,-13.256466474732292,-10.981714924372463,-10.520055669184734,-10.520055669184734,-2.7364108055475587,False,0.25,4,32,-1.3997395833333333e-06,1.0416666666666667e-06,1,0.5,controlled_tilt,,unknown_amplitude_exact,,2.3424244139706967e+18,88790624899.74777,quad_over_lin,1e-12
uniform,Uniform,ok,ok,1.2497999705374241e-05,False,,none,325.17436905322336,4877615.53579835,1.0,3.357142857142857,1452906.7553441895,76781250000.0,2.0255998281153943e+18,2.0255998281153943e+18,2.0255998281153943e+18,4.936809265680052e-19,0.10532073506634214,-13.256466474732292,-9.684463547443015,0.015625,0.0,64,0.0,76781250000.0,76781250000.0,4.87761553579835,1.4529067553441894,76781250000.0,2.0255998281153943e+18,2.0255998281153943e+18,2.0255998281153943e+18,0.0,0.0,2.3424244139706967e+18,88790624899.74777,26381438.54281344,4.684848827941393e+18,177581250000.0,0.5,0.09793950717362658,False,False,False,True,-13.256466474732292,-13.456972739469613,-13.256466474732292,-13.256466474732292,0.0,True,0.25,4,32,-1.4973958333333334e-06,1.0416666666666667e-06,2,0.5,controlled_tilt,,,,,,,
water_filling,Water-filling,ok,ok,0.00019600700034061447,False,,none,326.54011146959925,4898101.6720439885,0.9999999999995206,3.3571428571414876,1459009.008694549,74622429015.2711,1.9686470249818324e+18,1.9686470249818324e+18,1.9685490174589358e+18,5.079630768289854e-19,0.1068333335044754,-13.67391112714824,-9.378674805294743,0.016667894139551026,5.634386600593713e-06,63,1927.4382339565127,74618713997.16115,74618713997.12538,4.898101672043988,1.459009008694549,74622429015.2711,1.968647024981833e+18,1.9685490174589358e+18,1.9686470249818324e+18,0.004978420288296448,1927.4382339565127,2.3424244139706967e+18,88790624899.74777,26381438.54281344,4.684848827941393e+18,177581250000.0,0.5,0.09793950717362658,False,False,False,True,-13.256466474732292,-13.761716833028224,-13.67391112714824,-13.67391112714824,0.4174446524159485,True,0.25,4,32,-1.4973958333333334e-06,1.0416666666666667e-06,2,0.5,controlled_tilt,0.016722791334171334,,,,,,
conventional_s2,Conventional $S_2$,ok,optimal,0.007655452998733381,False,,conventional_s2,324.89548876273795,4873432.331441069,0.9999999992281035,3.3571428549374387,1451660.6954254517,88790624869.74329,2.342424413179135e+18,2.342424413179135e+18,2.341950593927805e+18,4.2690811894450907e-19,0.09793950719017464,-10.494585600277235,-5.534249568169321,0.025484018521566943,1.6176555007527525e-05,64,4237.962549746862,88772664611.70741,88772664543.1841,4.8734323314410695,1.4516606954254518,88790624869.74329,2.342424413179135e+18,2.341950593927805e+18,2.342424413179135e+18,0.020227728530500637,4237.962549746862,2.3424244139706967e+18,88790624899.74777,26381438.54281344,4.684848827941393e+18,177581250000.0,0.5,0.09793950717362658,True,False,True,True,-13.256466474732292,-10.985754316928515,-10.494585600277235,-10.494585600277235,-2.7618808744550574,False,0.25,4,32,-1.4322916666666667e-06,1.0416666666666667e-06,2,0.5,controlled_tilt,,known_amplitude_linear,88790624899.74777,,,,
exact_efim,Exact EFIM,ok,optimal,0.008939440998801729,False,,exact_efim,324.8929565747646,4873394.348621469,0.9999999992261517,3.3571428549318623,1451649.3813964855,88797752733.51463,2.3426124564791603e+18,2.3426124564791603e+18,2.342424413941869e+18,4.26873850702115e-19,0.09793557627157928,-10.493750924404114,-5.527068349056432,0.025568246861648436,1.6244524874273868e-05,64,2669.800529083255,88790624967.36554,88790624898.65506,4.873394348621469,1.4516493813964855,88797752733.51463,2.3426124564791603e+18,2.342424413941869e+18,2.3426124564791603e+18,0.008027044198931792,2669.800529083255,2.3424244139706967e+18,88790624899.74777,26381438.54281344,4.684848827941393e+18,177581250000.0,0.5,0.09793950717362658,True,True,False,True,-13.256466474732292,-10.983328048817206,-10.493565221850057,-10.493565221850057,-2.7629012528822354,False,0.25,4,32,-1.3997395833333333e-06,1.0416666666666667e-06,2,0.5,controlled_tilt,,unknown_amplitude_exact,,2.3424244139706967e+18,88790624899.74777,quad_over_lin,1e-12
uniform,Uniform,ok,ok,1.3357999705476686e-05,False,,none,314.8012328142137,4722018.492213205,1.0,3.357142857142857,1406558.6998081887,76781250000.0,2.0255998281153943e+18,2.0255998281153943e+18,2.0255998281153943e+18,4.936809265680052e-19,0.10532073506634214,-13.256466474732292,-9.684463547443015,0.015625,0.0,64,0.0,76781250000.0,76781250000.0,4.722018492213206,1.4065586998081887,76781250000.0,2.0255998281153943e+18,2.0255998281153943e+18,2.0255998281153943e+18,0.0,0.0,2.3424244139706967e+18,88790624899.74777,26381438.54281344,4.684848827941393e+18,177581250000.0,0.5,0.09793950717362658,False,False,False,True,-13.256466474732292,-13.456972739469613,-13.256466474732292,-13.256466474732292,0.0,True,0.25,4,32,-1.4973958333333334e-06,1.0416666666666667e-06,3,0.5,controlled_tilt,,,,,,,
water_filling,Water-filling,ok,ok,0.00016707900067558512,False,,none,315.52756920431386,4732913.538064708,1.0000000000001172,3.3571428571431925,1409804.0326148786,77146715401.13406,2.0352413311349373e+18,2.0352413311349373e+18,2.0331734443060726e+18,4.9134222300917865e-19,0.10507097214044891,-12.837877931996626,-8.589326989298355,0.016805558067435562,6.18826658898051e-06,63,-8853.482778675181,77068331243.81273,77068331243.82176,4.732913538064708,1.4098040326148786,77146715401.13406,2.0352413311349373e+18,2.0331734443060726e+18,2.0352413311349373e+18,0.10160401114258161,8853.482778675181,2.3424244139706967e+18,88790624899.74777,26381438.54281344,4.684848827941393e+18,177581250000.0,0.5,0.09793950717362658,False,False,False,True,-13.256466474732292,-12.998161717277096,-12.837877931996626,-12.837877931996626,-0.4185885427356659,False,0.25,4,32,-1.4973958333333334e-06,1.0416666666666667e-06,3,0.5,controlled_tilt,0.016861090769510992,,,,,,
conventional_s2,Conventional $S_2$,ok,optimal,0.010753736998594832,False,,conventional_s2,314.45292966736247,4716793.945010437,0.9999999997638608,3.357142856468174,1405002.451987599,88790624893.36795,2.3424244138023875e+18,2.3424244138023875e+18,2.340332650201811e+18,4.2690811883092095e-19,0.09793950717714518,-10.291966324253712,-5.7243463173694975,0.023287467976105418,1.3784368878612655e-05,64,-8904.449271917154,88711335697.49875,88711335676.55052,4.716793945010437,1.405002451987599,88790624893.36795,2.3424244138023875e+18,2.340332650201811e+18,2.3424244138023875e+18,0.08929908637611127,8904.449271917154,2.3424244139706967e+18,88790624899.74777,26381438.54281344,4.684848827941393e+18,177581250000.0,0.5,0.09793950717362658,True,False,True,True,-13.256466474732292,-10.809225191474203,-10.291966324253712,-10.291966324253712,-2.96450015047858,False,0.25,4,32,-1.4322916666666667e-06,1.0416666666666667e-06,3,0.5,controlled_tilt,,known_amplitude_linear,88790624899.74777,,,,
exact_efim,Exact EFIM,ok,optimal,0.01117084300130955,False,,exact_efim,314.4431885769063,4716647.8286535945,0.9999999992950972,3.357142855128849,1404958.9285269086,88827713144.92204,2.343402855231422e+18,2.343402855231422e+18,2.3424244101118367e+18,4.2672987180483967e-19,0.09791905869215374,-10.285868481610636,-5.718648328105777,0.022913901692878314,1.3695409123832623e-05,64,-6090.023930344425,88790624816.06477,88790624753.47601,4.716647828653595,1.4049589285269086,88827713144.92204,2.3434028552314225e+18,2.3424244101118367e+18,2.343402855231422e+18,0.04175317604486976,6090.023930344425,2.3424244139706967e+18,88790624899.74777,26381438.54281344,4.684848827941393e+18,177581250000.0,0.5,0.09793950717362658,True,True,False,True,-13.256466474732292,-10.800600227543972,-10.285868481610636,-10.285868481610636,-2.9705979931216557,False,0.25,4,32,-1.4322916666666667e-06,1.0416666666666667e-06,3,0.5,controlled_tilt,,unknown_amplitude_exact,,2.3424244139706967e+18,88790624899.74777,quad_over_lin,1e-12
uniform,Uniform,ok,ok,1.3584998669102788e-05,False,,none,302.1835621638959,4532753.432458438,1.0,3.357142857142857,1350181.8734982582,76781250000.0,2.0255998281153943e+18,2.0255998281153943e+18,2.0255998281153943e+18,4.936809265680052e-19,0.10532073506634214,-13.256466474732292,-9.684463547443015,0.015625,0.0,64,0.0,76781250000.0,76781250000.0,4.5327534324584375,1.3501818734982582,76781250000.0,2.0255998281153943e+18,2.0255998281153943e+18,2.0255998281153943e+18,0.0,0.0,2.3424244139706967e+18,88790624899.74777,26381438.54281344,4.684848827941393e+18,177581250000.0,0.5,0.09793950717362658,False,False,False,True,-13.256466474732292,-13.456972739469613,-13.256466474732292,-13.256466474732292,0.0,True,0.25,4,32,-1.4973958333333334e-06,1.0416666666666667e-06,4,0.5,controlled_tilt,,,,,,,
water_filling,Water-filling,ok,ok,0.00018314300177735277,False,,none,304.7260192397425,4570890.288596138,1.0000000000000515,3.3571428571430046,1361541.788092407,79808239791.4996,2.105456173269565e+18,2.105456173269565e+18,2.105140358335099e+18,4.749564548983696e-19,0.10330411094365864,-12.409650914424198,-7.426273407119527,0.01725971865302283,1.0634108727515825e-05,62,-3459.928268179884,79796268687.87454,79796268687.87865,4.570890288596138,1.361541788092407,79808239791.4996,2.105456173269565e+18,2.105140358335099e+18,2.105456173269565e+18,0.014999834167795508,3459.928268179884,2.3424244139706967e+18,88790624899.74777,26381438.54281344,4.684848827941393e+18,177581250000.0,0.5,0.09793950717362658,False,False,False,True,-13.256466474732292,-12.697400684886093,-12.382857535468737,-12.382857535468737,-0.8736089392635549,False,0.25,4,32,-1.46484375e-06,1.0416666666666667e-06,4,0.5,controlled_tilt,0.017318312273929236,,,,,,
conventional_s2,Conventional $S_2$,ok,optimal,0.00791283099897555,False,,conventional_s2,304.09880253294205,4561482.0379941305,0.9999999992763463,3.3571428550752755,1358739.3313031509,88790624897.05185,2.342424413899575e+18,2.342424413899575e+18,2.342128718504815e+18,4.269081188132085e-19,0.09793950717511342,-10.388322552840446,-5.502664908916247,0.0220026946274505,1.6526580017641993e-05,64,-3347.904367091411,88779416497.65433,88779416433.40877,4.56148203799413,1.3587393313031508,88790624897.05185,2.3424244138995743e+18,2.342128718504815e+18,2.342424413899575e+18,0.012623476471858406,3347.904367091411,2.3424244139706967e+18,88790624899.74777,26381438.54281344,4.684848827941393e+18,177581250000.0,0.5,0.09793950717362658,True,False,True,True,-13.256466474732292,-10.874022659633546,-10.38775586645073,-10.38775586645073,-2.868710608281562,False,0.25,4,32,-1.3997395833333333e-06,1.0416666666666667e-06,4,0.5,controlled_tilt,,known_amplitude_linear,88790624899.74777,,,,
exact_efim,Exact EFIM,ok,optimal,0.009476854997046757,False,,exact_efim,304.09765968357556,4561464.895253633,0.999999999409059,3.3571428554544545,1358734.2248014496,88796860225.96829,2.342588910846178e+18,2.342588910846178e+18,2.3424244113727724e+18,4.268781412607239e-19,0.09793606845126344,-10.387415596921553,-5.499507771818574,0.02193108366857088,1.6539908151605463e-05,64,-2497.0832384302894,88790624853.74234,88790624801.27232,4.561464895253633,1.3587342248014496,88796860225.96829,2.342588910846178e+18,2.3424244113727724e+18,2.342588910846178e+18,0.0070221229445682105,2497.0832384302894,2.3424244139706967e+18,88790624899.74777,26381438.54281344,4.684848827941393e+18,177581250000.0,0.5,0.09793950717362658,True,True,False,True,-13.256466474732292,-10.873438467214847,-10.386908035657076,-10.386908035657076,-2.8695584390752167,False,0.25,4,32,-1.3997395833333333e-06,1.0416666666666667e-06,4,0.5,controlled_tilt,,unknown_amplitude_exact,,2.3424244139706967e+18,88790624899.74777,quad_over_lin,1e-12
uniform,Uniform,ok,ok,1.2565997167257592e-05,False,,none,328.9999429531702,4934999.144297553,1.0,3.357142857142857,1469999.7451099094,76781250000.0,2.0255998281153943e+18,2.0255998281153943e+18,2.0255998281153943e+18,4.936809265680052e-19,0.10532073506634214,-13.256466474732292,-9.684463547443015,0.015625,0.0,64,0.0,76781250000.0,76781250000.0,4.934999144297553,1.4699997451099094,76781250000.0,2.0255998281153943e+18,2.0255998281153943e+18,2.0255998281153943e+18,0.0,0.0,2.3424244139706967e+18,88790624899.74777,26381438.54281344,4.684848827941393e+18,177581250000.0,0.5,0.09793950717362658,False,False,False,True,-13.256466474732292,-13.456972739469613,-13.256466474732292,-13.256466474732292,0.0,True,0.25,4,32,-1.4973958333333334e-06,1.0416666666666667e-06,5,0.5,controlled_tilt,,,,,,,
water_filling,Water-filling,ok,ok,0.00019350199727341533,False,,none,329.63444032615274,4944516.604892291,1.0000000000003153,3.3571428571437583,1472834.7333717765,75197811288.3258,1.9838264370570499e+18,1.9838264370570499e+18,1.98375263915187e+18,5.040763553304953e-19,0.10642382661228439,-13.589399561166214,-9.27036193569757,0.016755589237671835,5.238109009203832e-06,64,-1672.525625147454,75195013946.33531,75195013946.35902,4.944516604892291,1.4728347333717766,75197811288.3258,1.9838264370570499e+18,1.98375263915187e+18,1.9838264370570499e+18,0.003719977907411149,1672.525625147454,2.3424244139706967e+18,88790624899.74777,26381438.54281344,4.684848827941393e+18,177581250000.0,0.5,0.09793950717362658,False,False,False,True,-13.256466474732292,-13.717108522741759,-13.589399561166214,-13.589399561166214,0.33293308643392194,True,0.25,4,32,-1.4973958333333334e-06,1.0416666666666667e-06,5,0.5,controlled_tilt,0.01679494160951528,,,,,,
conventional_s2,Conventional $S_2$,ok,optimal,0.0075763800014101434,False,,conventional_s2,328.1743635089198,4922615.452633797,0.9999999995698767,3.3571428559139336,1466310.9864276794,88790624891.02672,2.3424244137406223e+18,2.3424244137406223e+18,2.342350648932601e+18,4.2690811884217768e-19,0.09793950717843641,-10.530196190154115,-5.795298392225906,0.024454603191921876,1.2833219374038502e-05,64,-1672.1505331991727,88787828841.81195,88787828803.62224,4.9226154526337975,1.4663109864276793,88790624891.02672,2.3424244137406223e+18,2.342350648932601e+18,2.3424244137406223e+18,0.003149079542921465,1672.1505331991727,2.3424244139706967e+18,88790624899.74777,26381438.54281344,4.684848827941393e+18,177581250000.0,0.5,0.09793950717362658,True,False,True,True,-13.256466474732292,-11.003384266054352,-10.52503788303933,-10.52503788303933,-2.7314285916929624,False,0.25,4,32,-1.3997395833333333e-06,1.0416666666666667e-06,5,0.5,controlled_tilt,,known_amplitude_linear,88790624899.74777,,,,
exact_efim,Exact EFIM,ok,optimal,0.00909466200027964,False,,exact_efim,328.1739896031631,4922609.844047446,0.9999999996371581,3.3571428561061665,1466309.3157009738,88791780039.83917,2.3424548882280264e+18,2.3424548882280264e+18,2.342424414793648e+18,4.269025649225886e-19,0.09793887009765415,-10.530441736840682,-5.795947565152055,0.02447290074658378,1.2824100339327348e-05,64,-1074.7599255099215,88790624963.15906,88790624930.94211,4.922609844047446,1.466309315700974,88791780039.83917,2.3424548882280264e+18,2.342424414793648e+18,2.3424548882280264e+18,0.0013009187298070844,1074.7599255099215,2.3424244139706967e+18,88790624899.74777,26381438.54281344,4.684848827941393e+18,177581250000.0,0.5,0.09793950717362658,True,True,False,True,-13.256466474732292,-11.002900096936441,-10.525098998001383,-10.525098998001383,-2.7313674767309095,False,0.25,4,32,-1.3997395833333333e-06,1.0416666666666667e-06,5,0.5,controlled_tilt,,unknown_amplitude_exact,,2.3424244139706967e+18,88790624899.74777,quad_over_lin,1e-12
uniform,Uniform,ok,ok,1.254699964192696e-05,False,,none,316.39452259476536,4745917.838921481,1.0,3.357142857142857,1413677.654146824,76781250000.0,2.0255998281153943e+18,2.0255998281153943e+18,2.0255998281153943e+18,4.936809265680052e-19,0.10532073506634214,-13.256466474732292,-9.684463547443015,0.015625,0.0,64,0.0,76781250000.0,76781250000.0,4.745917838921481,1.4136776541468241,76781250000.0,2.0255998281153943e+18,2.0255998281153943e+18,2.0255998281153943e+18,0.0,0.0,2.3424244139706967e+18,88790624899.74777,26381438.54281344,4.684848827941393e+18,177581250000.0,0.5,0.09793950717362658,False,False,False,True,-13.256466474732292,-13.456972739469613,-13.256466474732292,-13.256466474732292,0.0,True,0.25,4,32,-1.4973958333333334e-06,1.0416666666666667e-06,6,0.5,controlled_tilt,,,,,,,
water_filling,Water-filling,ok,ok,0.00019097399854217656,False,,none,319.1600276275802,4787400.414413703,1.000000000000974,3.3571428571456403,1426034.1659943887,79295122169.03595,2.0919193922473055e+18,2.0919193922473055e+18,2.090053672479519e+18,4.780298914508942e-19,0.10363781169685246,-12.201896151113235,-6.741690363521816,0.017546498809335318,1.809588196769888e-05,62,-8409.573484005086,79224401242.77582,79224401242.853,4.787400414413702,1.4260341659943887,79295122169.03595,2.0919193922473055e+18,2.090053672479519e+18,2.0919193922473055e+18,0.08918698180727662,8409.573484005086,2.3424244139706967e+18,88790624899.74777,26381438.54281344,4.684848827941393e+18,177581250000.0,0.5,0.09793950717362658,False,False,False,True,-13.256466474732292,-12.458643634455642,-12.189719205731821,-12.189719205731821,-1.0667472690004711,False,0.25,4,32,-1.46484375e-06,1.0416666666666667e-06,6,0.5,controlled_tilt,0.017605705065990164,,,,,,
conventional_s2,Conventional $S_2$,ok,optimal,0.007572965998406289,False,,conventional_s2,318.47086786953525,4777063.018043029,0.9999999993718104,3.35714285534803,1422954.9423054857,88790624901.81653,2.3424244140252733e+18,2.3424244140252733e+18,2.340717830907768e+18,4.269081187902999e-19,0.09793950717248562,-10.149410180948134,-5.05725963087392,0.02251051051822354,2.2644322023515528e-05,64,-8042.933649515621,88725936175.90337,88725936120.16666,4.777063018043029,1.4229549423054857,88790624901.81653,2.3424244140252733e+18,2.340717830907768e+18,2.3424244140252733e+18,0.07285541882535737,8042.933649515621,2.3424244139706967e+18,88790624899.74777,26381438.54281344,4.684848827941393e+18,177581250000.0,0.5,0.09793950717362658,True,False,True,True,-13.256466474732292,-10.655649713762362,-10.149410180948134,-10.149410180948134,-3.107056293784158,False,0.25,4,32,-1.4322916666666667e-06,1.0416666666666667e-06,6,0.5,controlled_tilt,,known_amplitude_linear,88790624899.74777,,,,
exact_efim,Exact EFIM,ok,optimal,0.009453304999624379,False,,exact_efim,318.464153573345,4776962.303600175,0.9999999998073885,3.3571428565925387,1422924.941731177,88824997028.07065,2.343331200161632e+18,2.343331200161632e+18,2.3424244152316493e+18,4.267429204762112e-19,0.0979205557795794,-10.143691237540423,-5.0497557927755246,0.02242246132975237,2.2617997551585017e-05,64,-5862.770721470145,88790624964.64684,88790624947.54474,4.776962303600175,1.4229249417311771,88824997028.07065,2.343331200161632e+18,2.3424244152316493e+18,2.343331200161632e+18,0.038696404926475185,5862.770721470145,2.3424244139706967e+18,88790624899.74777,26381438.54281344,4.684848827941393e+18,177581250000.0,0.5,0.09793950717362658,True,True,False,True,-13.256466474732292,-10.648212303948979,-10.143691237540423,-10.143691237540423,-3.112775237191869,False,0.25,4,32,-1.4322916666666667e-06,1.0416666666666667e-06,6,0.5,controlled_tilt,,unknown_amplitude_exact,,2.3424244139706967e+18,88790624899.74777,quad_over_lin,1e-12
uniform,Uniform,ok,ok,1.2570999388117343e-05,False,,none,319.78183574775005,4796727.536216251,1.0,3.357142857142857,1428812.45759633,76781250000.0,2.0255998281153943e+18,2.0255998281153943e+18,2.0255998281153943e+18,4.936809265680052e-19,0.10532073506634214,-13.256466474732292,-9.684463547443015,0.015625,0.0,64,0.0,76781250000.0,76781250000.0,4.796727536216251,1.42881245759633,76781250000.0,2.0255998281153943e+18,2.0255998281153943e+18,2.0255998281153943e+18,0.0,0.0,2.3424244139706967e+18,88790624899.74777,26381438.54281344,4.684848827941393e+18,177581250000.0,0.5,0.09793950717362658,False,False,False,True,-13.256466474732292,-13.456972739469613,-13.256466474732292,-13.256466474732292,0.0,True,0.25,4,32,-1.4973958333333334e-06,1.0416666666666667e-06,7,0.5,controlled_tilt,,,,,,,
water_filling,Water-filling,ok,ok,0.0001965809969988186,False,,none,320.18880038617885,4802832.005792683,1.0000000000000635,3.357142857143039,1430630.810236041,78196736199.1424,2.0629423902862697e+18,2.0629423902862697e+18,2.062935546579126e+18,4.847445109028141e-19,0.10436314478039528,-12.872019577104156,-8.777679137581572,0.01656686859209877,2.9424093670761006e-06,64,509.3267332651598,78196476785.41621,78196476785.42117,4.802832005792683,1.430630810236041,78196736199.1424,2.06294239028627e+18,2.062935546579126e+18,2.0629423902862697e+18,0.0003317449472125256,509.3267332651598,2.3424244139706967e+18,88790624899.74777,26381438.54281344,4.684848827941393e+18,177581250000.0,0.5,0.09793950717362658,False,False,False,True,-13.256466474732292,-13.124781802691707,-12.86706058102644,-12.86706058102644,-0.38940589370585244,False,0.25,4,32,-1.46484375e-06,1.0416666666666667e-06,7,0.5,controlled_tilt,0.01666645628544793,,,,,,
conventional_s2,Conventional $S_2$,ok,optimal,0.0075704709997808095,False,,conventional_s2,319.2756199757681,4789134.299636521,0.9999999993165751,3.3571428551902147,1426550.6432746577,88790624885.53969,2.3424244135958666e+18,2.3424244135958666e+18,2.3424175373916216e+18,4.269081188685595e-19,0.09793950718146262,-10.447635919384021,-5.992470854842155,0.022528456176556612,1.0369404065935857e-05,64,510.5345612948175,88790364300.68314,88790364240.00159,4.789134299636522,1.4265506432746577,88790624885.53969,2.3424244135958666e+18,2.3424175373916216e+18,2.3424244135958666e+18,0.00029355074191855383,510.5345612948175,2.3424244139706967e+18,88790624899.74777,26381438.54281344,4.684848827941393e+18,177581250000.0,0.5,0.09793950717362658,True,False,True,True,-13.256466474732292,-10.92179445755307,-10.44301522000713,-10.44301522000713,-2.8134512547251624,False,0.25,4,32,-1.3997395833333333e-06,1.0416666666666667e-06,7,0.5,controlled_tilt,,known_amplitude_linear,88790624899.74777,,,,
exact_efim,Exact EFIM,ok,optimal,0.008935456000472186,False,,exact_efim,319.2755891832892,4789133.837749338,0.9999999994759552,3.3571428556455865,1426550.50549774,88790754870.89664,2.342427842796572e+18,2.342427842796572e+18,2.3424244172420265e+18,4.2690749389578735e-19,0.09793943549209318,-10.44764524946541,-5.992479524328297,0.022508511059770517,1.0368963571447866e-05,64,360.34309723919915,88790625070.27925,88790625023.74898,4.789133837749338,1.42655050549774,88790754870.89664,2.3424278427965727e+18,2.3424244172420265e+18,2.342427842796572e+18,0.00014623949062927407,360.34309723919915,2.3424244139706967e+18,88790624899.74777,26381438.54281344,4.684848827941393e+18,177581250000.0,0.5,0.09793950717362658,True,True,False,True,-13.256466474732292,-10.921784350869377,-10.443019996063423,-10.443019996063423,-2.813446478668869,False,0.25,4,32,-1.3997395833333333e-06,1.0416666666666667e-06,7,0.5,controlled_tilt,,unknown_amplitude_exact,,2.3424244139706967e+18,88790624899.74777,quad_over_lin,1e-12
uniform,Uniform,ok,ok,1.2653003068407997e-05,False,,none,326.1800147845909,4892700.2217688635,1.0,3.357142857142857,1457400.0660588103,76781250000.0,2.0255998281153943e+18,2.0255998281153943e+18,2.0255998281153943e+18,4.936809265680052e-19,0.10532073506634214,-13.256466474732292,-9.684463547443015,0.015625,0.0,64,0.0,76781250000.0,76781250000.0,4.892700221768863,1.4574000660588102,76781250000.0,2.0255998281153943e+18,2.0255998281153943e+18,2.0255998281153943e+18,0.0,0.0,2.3424244139706967e+18,88790624899.74777,26381438.54281344,4.684848827941393e+18,177581250000.0,0.5,0.09793950717362658,False,False,False,True,-13.256466474732292,-13.456972739469613,-13.256466474732292,-13.256466474732292,0.0,True,0.25,4,32,-1.4973958333333334e-06,1.0416666666666667e-06,0,1.0,controlled_tilt,,,,,,,
water_filling,Water-filling,ok,ok,0.00018453100346960127,False,,none,326.70065168914317,4900509.7753371475,1.0000000000003606,3.3571428571438875,1459726.3160574257,76798012007.11288,2.026042033975897e+18,2.026042033975897e+18,2.025503334065077e+18,4.935731752996279e-19,0.10530924073723488,-13.475394754800954,-9.023971540875223,0.01660160869651861,4.046645284968425e-06,64,-4518.8113942286545,76777592350.6686,76777592350.69627,4.900509775337148,1.4597263160574256,76798012007.11288,2.026042033975897e+18,2.025503334065077e+18,2.026042033975897e+18,0.026588782551710113,4518.8113942286545,2.3424244139706967e+18,88790624899.74777,26381438.54281344,4.684848827941393e+18,177581250000.0,0.5,0.09793950717362658,False,False,False,True,-13.256466474732292,-13.71970242763217,-13.475394754800954,-13.475394754800954,0.2189282800686616,True,0.25,4,32,-1.4973958333333334e-06,1.0416666666666667e-06,0,1.0,controlled_tilt,0.016661999040960107,,,,,,
conventional_s2,Conventional $S_2$,ok,optimal,0.007648286999028642,False,,conventional_s2,325.5377145010465,4883065.717515697,0.9999999993035145,3.357142855152899,1454530.2145902577,88790624883.06497,2.3424244135305805e+18,2.3424244135305805e+18,2.341886328607533e+18,4.2690811888045794e-19,0.09793950718282747,-10.655920087222446,-5.899549633395838,0.023079854234927085,1.1694823536837957e-05,64,-4516.231288312231,88770228599.85683,88770228538.02965,4.883065717515697,1.4545302145902577,88790624883.06497,2.3424244135305805e+18,2.341886328607533e+18,2.3424244135305805e+18,0.022971282229611173,4516.231288312231,2.3424244139706967e+18,88790624899.74777,26381438.54281344,4.684848827941393e+18,177581250000.0,0.5,0.09793950717362658,True,False,True,True,-13.256466474732292,-11.08458822972949,-10.637644183815482,-10.637644183815482,-2.6188222909168104,False,0.25,4,32,-1.3997395833333333e-06,1.0416666666666667e-06,0,1.0,controlled_tilt,,known_amplitude_linear,88790624899.74777,,,,
exact_efim,Exact EFIM,ok,optimal,0.009352212000521831,False,,exact_efim,325.53511151372436,4883026.672705865,0.9999999991721534,3.3571428547775812,1454518.5843839755,88799970711.88446,2.3426709699392133e+18,2.3426709699392133e+18,2.34242440985476e+18,4.26863188570586e-19,0.09793435318364094,-10.653427019936235,-5.894778530514092,0.02329572875917948,1.1696105263689868e-05,64,-3057.1176229909715,88790624817.23642,88790624743.7314,4.883026672705865,1.4545185843839754,88799970711.88446,2.3426709699392133e+18,2.34242440985476e+18,2.3426709699392133e+18,0.010524742382400105,3057.1176229909715,2.3424244139706967e+18,88790624899.74777,26381438.54281344,4.684848827941393e+18,177581250000.0,0.5,0.09793950717362658,True,True,False,True,-13.256466474732292,-11.083049097448537,-10.63532373300201,-10.63532373300201,-2.6211427417302815,False,0.25,4,32,-1.3997395833333333e-06,1.0416666666666667e-06,0,1.0,controlled_tilt,,unknown_amplitude_exact,,2.3424244139706967e+18,88790624899.74777,quad_over_lin,1e-12
uniform,Uniform,ok,ok,1.2788001185981557e-05,False,,none,304.9885511571199,4574828.267356798,1.0,3.357142857142857,1362714.8030424505,76781250000.0,2.0255998281153943e+18,2.0255998281153943e+18,2.0255998281153943e+18,4.936809265680052e-19,0.10532073506634214,-13.256466474732292,-9.684463547443015,0.015625,0.0,64,0.0,76781250000.0,76781250000.0,4.574828267356798,1.3627148030424505,76781250000.0,2.0255998281153943e+18,2.0255998281153943e+18,2.0255998281153943e+18,0.0,0.0,2.3424244139706967e+18,88790624899.74777,26381438.54281344,4.684848827941393e+18,177581250000.0,0.5,0.09793950717362658,False,False,False,True,-13.256466474732292,-13.456972739469613,-13.256466474732292,-13.256466474732292,0.0,True,0.25,4,32,-1.4973958333333334e-06,1.0416666666666667e-06,1,1.0,controlled_tilt,,,,,,,
water_filling,Water-filling,ok,ok,0.00018824200014933012,False,,none,306.7565184807752,4601347.777211628,1.0000000000002904,3.357142857143687,1370614.2315095076,76494639363.0372,2.0180386272106437e+18,2.0180386272106437e+18,2.0173356360369065e+18,4.955306536338264e-19,0.10551785881738712,-12.814602285167611,-8.112533699544779,0.01724106342093279,1.0704127634700983e-05,63,-5162.091514367031,76467992174.2123,76467992174.2345,4.601347777211628,1.3706142315095076,76494639363.0372,2.0180386272106437e+18,2.0173356360369065e+18,2.0180386272106437e+18,0.03483536758208135,5162.091514367031,2.3424244139706967e+18,88790624899.74777,26381438.54281344,4.684848827941393e+18,177581250000.0,0.5,0.09793950717362658,False,False,False,True,-13.256466474732292,-12.951725757883905,-12.814602285167611,-12.814602285167611,-0.4418641895646811,False,0.25,4,32,-1.4973958333333334e-06,1.0416666666666667e-06,1,1.0,controlled_tilt,0.017312359125211237,,,,,,
conventional_s2,Conventional $S_2$,ok,optimal,0.007655346998944879,False,,conventional_s2,305.614442782154,4584216.64173231,0.9999999992067421,3.357142854876406,1365511.3410123498,88790624878.9472,2.3424244134219474e+18,2.3424244134219474e+18,2.341810061951185e+18,4.2690811890025636e-19,0.0979395071850985,-10.171271680123867,-5.444913031163229,0.024310493021453272,1.721139156438423e-05,64,-4825.687722878779,88767337687.38232,88767337616.96693,4.58421664173231,1.3655113410123498,88790624878.9472,2.3424244134219474e+18,2.341810061951185e+18,2.3424244134219474e+18,0.026227163072682302,4825.687722878779,2.3424244139706967e+18,88790624899.74777,26381438.54281344,4.684848827941393e+18,177581250000.0,0.5,0.09793950717362658,True,False,True,True,-13.256466474732292,-10.692601682192617,-10.171271680123867,-10.171271680123867,-3.085194794608425,False,0.25,4,32,-1.4322916666666667e-06,1.0416666666666667e-06,1,1.0,controlled_tilt,,known_amplitude_linear,88790624899.74777,,,,
exact_efim,Exact EFIM,ok,optimal,0.009248256999853766,False,,exact_efim,305.61162120159463,4584174.318023919,0.9999999992381505,3.3571428549661446,1365498.733913767,88801090178.51038,2.342700503079206e+18,2.342700503079206e+18,2.3424244099222354e+18,4.268578073405529e-19,0.09793373587936446,-10.16875786556177,-5.441506438328862,0.024090647046422595,1.7199751537522653e-05,64,-3235.032029098286,88790624813.93416,88790624746.28906,4.584174318023919,1.365498733913767,88801090178.51038,2.3427005030792054e+18,2.3424244099222354e+18,2.342700503079206e+18,0.011785251960615702,3235.032029098286,2.3424244139706967e+18,88790624899.74777,26381438.54281344,4.684848827941393e+18,177581250000.0,0.5,0.09793950717362658,True,True,False,True,-13.256466474732292,-10.691004904723076,-10.16875786556177,-10.16875786556177,-3.087708609170523,False,0.25,4,32,-1.4322916666666667e-06,1.0416666666666667e-06,1,1.0,controlled_tilt,,unknown_amplitude_exact,,2.3424244139706967e+18,88790624899.74777,quad_over_lin,1e-12
uniform,Uniform,ok,ok,1.3404998753685504e-05,False,,none,306.6633439121986,4599950.15868298,1.0,3.357142857142857,1370197.9196076961,76781250000.0,2.0255998281153943e+18,2.0255998281153943e+18,2.0255998281153943e+18,4.936809265680052e-19,0.10532073506634214,-13.256466474732292,-9.684463547443015,0.015625,0.0,64,0.0,76781250000.0,76781250000.0,4.599950158682979,1.370197919607696,76781250000.0,2.0255998281153943e+18,2.0255998281153943e+18,2.0255998281153943e+18,0.0,0.0,2.3424244139706967e+18,88790624899.74777,26381438.54281344,4.684848827941393e+18,177581250000.0,0.5,0.09793950717362658,False,False,False,True,-13.256466474732292,-13.456972739469613,-13.256466474732292,-13.256466474732292,0.0,True,0.25,4,32,-1.4973958333333334e-06,1.0416666666666667e-06,2,1.0,controlled_tilt,,,,,,,
water_filling,Water-filling,ok,ok,0.00017767800090950914,False,,none,307.5211401574287,4612817.10236143,1.0000000000004285,3.3571428571440816,1374030.6262348185,76605959800.99756,2.020975420503254e+18,2.020975420503254e+18,2.018388013873671e+18,4.94810570111231e-19,0.10544116397085937,-13.047983289603177,-8.60303261608083,0.017019166820489314,7.07263962344542e-06,64,-9903.372316652732,76507883017.72249,76507883017.75528,4.61281710236143,1.3740306262348185,76605959800.99756,2.020975420503254e+18,2.018388013873671e+18,2.020975420503254e+18,0.12802761494935944,9903.372316652732,2.3424244139706967e+18,88790624899.74777,26381438.54281344,4.684848827941393e+18,177581250000.0,0.5,0.09793950717362658,False,False,False,True,-13.256466474732292,-13.219223948195204,-13.047983289603177,-13.047983289603177,-0.2084831851291149,True,0.25,4,32,-1.4973958333333334e-06,1.0416666666666667e-06,2,1.0,controlled_tilt,0.017080637423857535,,,,,,
conventional_s2,Conventional $S_2$,ok,optimal,0.00792936900325003,False,,conventional_s2,306.3781990067372,4595672.985101058,0.999999999163823,3.3571428547537803,1368923.8688766237,88790624874.31668,2.342424413299788e+18,2.342424413299788e+18,2.3398363548502784e+18,4.2690811892252e-19,0.09793950718765233,-10.343775992162609,-5.671749486655856,0.023833780068204007,1.4468308943207308e-05,64,-9904.619671876595,88692523457.71683,88692523383.55418,4.595672985101058,1.3689238688766237,88790624874.31668,2.342424413299788e+18,2.3398363548502784e+18,2.342424413299788e+18,0.11048631643415814,9904.619671876595,2.3424244139706967e+18,88790624899.74777,26381438.54281344,4.684848827941393e+18,177581250000.0,0.5,0.09793950717362658,True,False,True,True,-13.256466474732292,-10.833806715069338,-10.343775992162609,-10.343775992162609,-2.9126904825696833,False,0.25,4,32,-1.4322916666666667e-06,1.0416666666666667e-06,2,1.0,controlled_tilt,,known_amplitude_linear,88790624899.74777,,,,
exact_efim,Exact EFIM,ok,optimal,0.009521741998469224,False,,exact_efim,306.3661499415878,4595492.249123817,0.999999999147857,3.357142854708163,1368870.032646646,88835005202.65324,2.343595230204309e+18,2.343595230204309e+18,2.3424244090725043e+18,4.26694843508801e-19,0.09791503974668943,-10.33622318917278,-5.666962054162006,0.023400487712696393,1.4330438979903758e-05,64,-6661.86825233199,88790624789.74194,88790624714.07964,4.595492249123818,1.368870032646646,88835005202.65324,2.3435952302043085e+18,2.3424244090725043e+18,2.343595230204309e+18,0.049958333961219174,6661.86825233199,2.3424244139706967e+18,88790624899.74777,26381438.54281344,4.684848827941393e+18,177581250000.0,0.5,0.09793950717362658,True,True,False,True,-13.256466474732292,-10.82382480907144,-10.33622318917278,-10.33622318917278,-2.920243285559513,False,0.25,4,32,-1.4322916666666667e-06,1.0416666666666667e-06,2,1.0,controlled_tilt,,unknown_amplitude_exact,,2.3424244139706967e+18,88790624899.74777,quad_over_lin,1e-12
uniform,Uniform,ok,ok,1.2764001439791173e-05,False,,none,307.8082450216678,4617123.675325017,1.0,3.357142857142857,1375313.4352031967,76781250000.0,2.0255998281153943e+18,2.0255998281153943e+18,2.0255998281153943e+18,4.936809265680052e-19,0.10532073506634214,-13.256466474732292,-9.684463547443015,0.015625,0.0,64,0.0,76781250000.0,76781250000.0,4.6171236753250176,1.3753134352031968,76781250000.0,2.0255998281153943e+18,2.0255998281153943e+18,2.0255998281153943e+18,0.0,0.0,2.3424244139706967e+18,88790624899.74777,26381438.54281344,4.684848827941393e+18,177581250000.0,0.5,0.09793950717362658,False,False,False,True,-13.256466474732292,-13.456972739469613,-13.256466474732292,-13.256466474732292,0.0,True,0.25,4,32,-1.4973958333333334e-06,1.0416666666666667e-06,3,1.0,controlled_tilt,,,,,,,
water_filling,Water-filling,ok,ok,0.00019411600078456104,False,,none,309.7498337018121,4646247.505527182,1.000000000000671,3.3571428571447743,1383988.6186668808,73241983594.34319,1.932228888947915e+18,1.932228888947915e+18,1.9317381540040899e+18,5.175370297586705e-19,0.10783541691898767,-14.071256544231623,-8.98485279364304,0.017270123712387543,1.0639552663256128e-05,63,-4312.948330684472,73223382070.99089,73223382071.04002,4.646247505527182,1.3839886186668808,73241983594.34319,1.932228888947915e+18,1.9317381540040899e+18,1.932228888947915e+18,0.02539735052260572,4312.948330684472,2.3424244139706967e+18,88790624899.74777,26381438.54281344,4.684848827941393e+18,177581250000.0,0.5,0.09793950717362658,False,False,False,True,-13.256466474732292,-14.132416694812429,-14.059731545606358,-14.059731545606358,0.8032650708740654,True,0.25,4,32,-1.5299479166666667e-06,1.0416666666666667e-06,3,1.0,controlled_tilt,0.017329098543821267,,,,,,
conventional_s2,Conventional $S_2$,ok,optimal,0.01473473299847683,False,,conventional_s2,307.8936493378294,4618404.740067441,0.999999999328311,3.3571428552237457,1375695.0297426754,88790624872.36934,2.3424244132484137e+18,2.3424244132484137e+18,2.3409367896707087e+18,4.2690811893188297e-19,0.09793950718872634,-10.500026552957147,-5.161711249373583,0.027300508099916545,2.1323410881132502e-05,64,-7509.262566092287,88734235907.7225,88734235848.1207,4.618404740067441,1.3756950297426753,88790624872.36934,2.342424413248414e+18,2.3409367896707087e+18,2.3424244132484137e+18,0.06350785832367423,7509.262566092287,2.3424244139706967e+18,88790624899.74777,26381438.54281344,4.684848827941393e+18,177581250000.0,0.5,0.09793950717362658,True,False,True,True,-13.256466474732292,-10.963240866413503,-10.492215844438022,-10.492215844438022,-2.7642506302942706,False,0.25,4,32,-1.3997395833333333e-06,1.0416666666666667e-06,3,1.0,controlled_tilt,,known_amplitude_linear,88790624899.74777,,,,
exact_efim,Exact EFIM,ok,optimal,0.013073237001663074,False,,exact_efim,307.88583794868356,4618287.569230254,0.9999999992920132,3.357142855120038,1375660.1278336493,88811063086.5086,2.342963602738654e+18,2.342963602738654e+18,2.34242440957743e+18,4.2680987396949546e-19,0.09792823706241378,-10.493862981158799,-5.140190643407979,0.027879224584620176,2.150632991577274e-05,64,-4520.879704657371,88790624796.08168,88790624733.21909,4.618287569230254,1.3756601278336493,88811063086.5086,2.342963602738654e+18,2.34242440957743e+18,2.342963602738654e+18,0.023013296518731123,4520.879704657371,2.3424244139706967e+18,88790624899.74777,26381438.54281344,4.684848827941393e+18,177581250000.0,0.5,0.09793950717362658,True,True,False,True,-13.256466474732292,-10.956372391236815,-10.485814921128036,-10.485814921128036,-2.7706515536042566,False,0.25,4,32,-1.3997395833333333e-06,1.0416666666666667e-06,3,1.0,controlled_tilt,,unknown_amplitude_exact,,2.3424244139706967e+18,88790624899.74777,quad_over_lin,1e-12
uniform,Uniform,ok,ok,1.44260011438746e-05,False,,none,306.83916025967744,4602587.403895162,1.0,3.357142857142857,1370983.4820113247,76781250000.0,2.0255998281153943e+18,2.0255998281153943e+18,2.0255998281153943e+18,4.936809265680052e-19,0.10532073506634214,-13.256466474732292,-9.684463547443015,0.015625,0.0,64,0.0,76781250000.0,76781250000.0,4.602587403895162,1.3709834820113247,76781250000.0,2.0255998281153943e+18,2.0255998281153943e+18,2.0255998281153943e+18,0.0,0.0,2.3424244139706967e+18,88790624899.74777,26381438.54281344,4.684848827941393e+18,177581250000.0,0.5,0.09793950717362658,False,False,False,True,-13.256466474732292,-13.456972739469613,-13.256466474732292,-13.256466474732292,0.0,True,0.25,4,32,-1.4973958333333334e-06,1.0416666666666667e-06,4,1.0,controlled_tilt,,,,,,,
water_filling,Water-filling,ok,ok,0.0001654679981584195,False,,none,308.5378546551825,4628067.819827737,1.0000000000005254,3.3571428571443582,1378573.3931395607,75996129399.54428,2.004887217245775e+18,2.004887217245775e+18,1.995643878018316e+18,4.987811740222253e-19,0.10586337459302259,-13.15555960473613,-8.166259309035775,0.01737222991641118,1.1993182453689886e-05,63,-18718.248527657863,75645756571.5612,75645756571.60094,4.628067819827737,1.3785733931395607,75996129399.54428,2.004887217245775e+18,1.995643878018316e+18,2.004887217245775e+18,0.4610403591757725,18718.248527657863,2.3424244139706967e+18,88790624899.74777,26381438.54281344,4.684848827941393e+18,177581250000.0,0.5,0.09793950717362658,False,False,False,True,-13.256466474732292,-13.288260985626417,-13.15555960473613,-13.15555960473613,-0.10090686999616238,True,0.25,4,32,-1.4973958333333334e-06,1.0416666666666667e-06,4,1.0,controlled_tilt,0.017434854805564837,,,,,,
conventional_s2,Conventional $S_2$,ok,optimal,0.007783056997141102,False,,conventional_s2,307.31047917229466,4609657.18758442,0.9999999992613011,3.357142855032289,1373089.37588838,88790624880.32715,2.3424244134583526e+18,2.3424244134583526e+18,2.331842084365985e+18,4.269081188936215e-19,0.09793950718433744,-10.351498791679116,-5.2251101405420375,0.024921383441875045,2.1229355087547012e-05,64,-20028.17581327885,88389497119.50908,88389497054.21585,4.6096571875844194,1.37308937588838,88790624880.32715,2.3424244134583526e+18,2.331842084365985e+18,2.3424244134583526e+18,0.45176822063360134,20028.17581327885,2.3424244139706967e+18,88790624899.74777,26381438.54281344,4.684848827941393e+18,177581250000.0,0.5,0.09793950717362658,True,False,True,True,-13.256466474732292,-10.848376749809209,-10.351498791679116,-10.351498791679116,-2.904967683053176,False,0.25,4,32,-1.4322916666666667e-06,1.0416666666666667e-06,4,1.0,controlled_tilt,,known_amplitude_linear,88790624899.74777,,,,
exact_efim,Exact EFIM,ok,optimal,0.009357865998026682,False,,exact_efim,307.26084149249823,4608912.6223874735,0.9999999993292368,3.357142855226391,1372867.5904310509,88965406026.2509,2.3470353915179827e+18,2.3470353915179827e+18,2.34242440990318e+18,4.2606941659845786e-19,0.0978432540685916,-10.326864895461778,-5.177405822895328,0.024903956317881306,2.1067459606344126e-05,64,-13220.487162029083,88790624805.12424,88790624745.56676,4.608912622387473,1.3728675904310508,88965406026.2509,2.3470353915179827e+18,2.34242440990318e+18,2.3470353915179827e+18,0.19645982465653056,13220.487162029083,2.3424244139706967e+18,88790624899.74777,26381438.54281344,4.684848827941393e+18,177581250000.0,0.5,0.09793950717362658,True,True,False,True,-13.256466474732292,-10.812380266835026,-10.326864895461778,-10.326864895461778,-2.929601579270514,False,0.25,4,32,-1.4322916666666667e-06,1.0416666666666667e-06,4,1.0,controlled_tilt,,unknown_amplitude_exact,,2.3424244139706967e+18,88790624899.74777,quad_over_lin,1e-12
uniform,Uniform,ok,ok,1.3109998690197244e-05,False,,none,307.8420674113345,4617631.0111700175,1.0,3.357142857142857,1375464.5565187286,76781250000.0,2.0255998281153943e+18,2.0255998281153943e+18,2.0255998281153943e+18,4.936809265680052e-19,0.10532073506634214,-13.256466474732292,-9.684463547443015,0.015625,0.0,64,0.0,76781250000.0,76781250000.0,4.617631011170017,1.3754645565187287,76781250000.0,2.0255998281153943e+18,2.0255998281153943e+18,2.0255998281153943e+18,0.0,0.0,2.3424244139706967e+18,88790624899.74777,26381438.54281344,4.684848827941393e+18,177581250000.0,0.5,0.09793950717362658,False,False,False,True,-13.256466474732292,-13.456972739469613,-13.256466474732292,-13.256466474732292,0.0,True,0.25,4,32,-1.4973958333333334e-06,1.0416666666666667e-06,5,1.0,controlled_tilt,,,,,,,
water_filling,Water-filling,ok,ok,0.0008794850000413135,False,,none,309.12049766187147,4636807.464928072,0.9999999999999983,3.3571428571428528,1381176.691680704,76686967383.00597,2.0231125170495107e+18,2.0231125170495107e+18,2.0229113244341463e+18,4.942878814562381e-19,0.10538545834763498,-13.377990528755955,-8.593418020606256,0.01691291732868905,7.044307797228526e-06,63,2761.5746119058613,76679341088.66896,76679341088.66884,4.636807464928072,1.381176691680704,76686967383.00597,2.0231125170495107e+18,2.0229113244341463e+18,2.0231125170495107e+18,0.009944707161308533,2761.5746119058613,2.3424244139706967e+18,88790624899.74777,26381438.54281344,4.684848827941393e+18,177581250000.0,0.5,0.09793950717362658,False,False,False,True,-13.256466474732292,-13.571490629537164,-13.377990528755955,-13.377990528755955,0.12152405402366284,True,0.25,4,32,-1.4973958333333334e-06,1.0416666666666667e-06,5,1.0,controlled_tilt,0.01693907548148523,,,,,,
conventional_s2,Conventional $S_2$,ok,optimal,0.008136324999213684,False,,conventional_s2,307.957708035797,4619365.620536955,0.9999999995792224,3.3571428559406353,1375981.249163333,88790624890.18883,2.3424244137185183e+18,2.3424244137185183e+18,2.3421779141837916e+18,4.2690811884620614e-19,0.09793950717889852,-10.609731073564937,-5.725512822294805,0.02345492847675137,1.3756261553382827e-05,64,3056.7422189405347,88781281254.55688,88781281217.1997,4.619365620536955,1.3759812491633332,88790624890.18883,2.342424413718518e+18,2.3421779141837916e+18,2.3424244137185183e+18,0.010523265266662179,3056.7422189405347,2.3424244139706967e+18,88790624899.74777,26381438.54281344,4.684848827941393e+18,177581250000.0,0.5,0.09793950717362658,True,False,True,True,-13.256466474732292,-11.075043440543537,-10.601968223969191,-10.601968223969191,-2.654498250763101,False,0.25,4,32,-1.3997395833333333e-06,1.0416666666666667e-06,5,1.0,controlled_tilt,,known_amplitude_linear,88790624899.74777,,,,
exact_efim,Exact EFIM,ok,optimal,0.009726264001074014,False,,exact_efim,307.9565329796768,4619347.994695152,0.9999999995697285,3.3571428559135104,1375975.998923699,88794846543.09113,2.3425357869951094e+18,2.3425357869951094e+18,2.3424244120027704e+18,4.2688782197122855e-19,0.09793717893837894,-10.609573163397261,-5.725601694165439,0.023314978872862168,1.3738479982895812e-05,64,2054.681955994209,88790624863.35672,88790624825.15265,4.619347994695152,1.3759759989236988,88794846543.09113,2.342535786995109e+18,2.3424244120027704e+18,2.3425357869951094e+18,0.004754462790163407,2054.681955994209,2.3424244139706967e+18,88790624899.74777,26381438.54281344,4.684848827941393e+18,177581250000.0,0.5,0.09793950717362658,True,True,False,True,-13.256466474732292,-11.074047447877645,-10.601574248830195,-10.601574248830195,-2.6548922259020973,False,0.25,4,32,-1.3997395833333333e-06,1.0416666666666667e-06,5,1.0,controlled_tilt,,unknown_amplitude_exact,,2.3424244139706967e+18,88790624899.74777,quad_over_lin,1e-12
uniform,Uniform,ok,ok,1.2657998013310134e-05,False,,none,321.089707453076,4816345.611796141,1.0,3.357142857142857,1434656.1396839567,76781250000.0,2.0255998281153943e+18,2.0255998281153943e+18,2.0255998281153943e+18,4.936809265680052e-19,0.10532073506634214,-13.256466474732292,-9.684463547443015,0.015625,0.0,64,0.0,76781250000.0,76781250000.0,4.816345611796141,1.4346561396839568,76781250000.0,2.0255998281153943e+18,2.0255998281153943e+18,2.0255998281153943e+18,0.0,0.0,2.3424244139706967e+18,88790624899.74777,26381438.54281344,4.684848827941393e+18,177581250000.0,0.5,0.09793950717362658,False,False,False,True,-13.256466474732292,-13.456972739469613,-13.256466474732292,-13.256466474732292,0.0,True,0.25,4,32,-1.4973958333333334e-06,1.0416666666666667e-06,6,1.0,controlled_tilt,,,,,,,
water_filling,Water-filling,ok,ok,0.0001991460012504831,False,,none,321.60770735050374,4824115.610257556,0.9999999999995983,3.3571428571417097,1436970.6073112525,75905324232.5466,2.0024916463132557e+18,2.0024916463132557e+18,2.0022221440589903e+18,4.993778634937522e-19,0.1059266775842537,-13.380067446553682,-9.278824822216869,0.01673570129991297,3.907597557330336e-06,64,-3196.1854081421766,75895108631.41386,75895108631.38338,4.8241156102575555,1.4369706073112525,75905324232.5466,2.0024916463132557e+18,2.0022221440589903e+18,2.0024916463132557e+18,0.013458345994177744,3196.1854081421766,2.3424244139706967e+18,88790624899.74777,26381438.54281344,4.684848827941393e+18,177581250000.0,0.5,0.09793950717362658,False,False,False,True,-13.256466474732292,-13.53809715797722,-13.380067446553682,-13.380067446553682,0.1236009718213893,True,0.25,4,32,-1.4973958333333334e-06,1.0416666666666667e-06,6,1.0,controlled_tilt,0.01679754099318402,,,,,,
conventional_s2,Conventional $S_2$,ok,optimal,0.007766018999973312,False,,conventional_s2,320.2917260782157,4804375.891173235,0.9999999994727591,3.3571428556364546,1431090.691629925,88790624886.48088,2.342424413620697e+18,2.342424413620697e+18,2.342154478590562e+18,4.2690811886403414e-19,0.09793950718094353,-10.479540337806945,-5.906339830112586,0.02414088517905934,1.1493163692659576e-05,64,-3198.7506510804724,88780392927.56714,88780392880.75848,4.804375891173235,1.431090691629925,88790624886.48088,2.342424413620697e+18,2.342154478590562e+18,2.342424413620697e+18,0.011523745593056557,3198.7506510804724,2.3424244139706967e+18,88790624899.74777,26381438.54281344,4.684848827941393e+18,177581250000.0,0.5,0.09793950717362658,True,False,True,True,-13.256466474732292,-10.953684136325013,-10.4751156149925,-10.4751156149925,-2.781350859739792,False,0.25,4,32,-1.3997395833333333e-06,1.0416666666666667e-06,6,1.0,controlled_tilt,,known_amplitude_linear,88790624899.74777,,,,
exact_efim,Exact EFIM,ok,optimal,0.009042780999152455,False,,exact_efim,320.29039548193504,4804355.932229025,0.9999999993097971,3.357142855170849,1431084.7466109768,88795043098.23927,2.3425409724026696e+18,2.3425409724026696e+18,2.342424410423444e+18,4.268868770198422e-19,0.09793707054230923,-10.4782494809717,-5.904012801491605,0.0243044972105901,1.1492720171627583e-05,64,-2101.983100478941,88790624826.57117,88790624765.28763,4.804355932229026,1.4310847466109768,88795043098.23927,2.34254097240267e+18,2.342424410423444e+18,2.3425409724026696e+18,0.004975877929086811,2101.983100478941,2.3424244139706967e+18,88790624899.74777,26381438.54281344,4.684848827941393e+18,177581250000.0,0.5,0.09793950717362658,True,True,False,True,-13.256466474732292,-10.952969961725499,-10.47394295564121,-10.47394295564121,-2.7825235190910824,False,0.25,4,32,-1.3997395833333333e-06,1.0416666666666667e-06,6,1.0,controlled_tilt,,unknown_amplitude_exact,,2.3424244139706967e+18,88790624899.74777,quad_over_lin,1e-12
uniform,Uniform,ok,ok,1.2987999070901424e-05,False,,none,312.1684015448138,4682526.023172206,1.0,3.357142857142857,1394794.9856257634,76781250000.0,2.0255998281153943e+18,2.0255998281153943e+18,2.0255998281153943e+18,4.936809265680052e-19,0.10532073506634214,-13.256466474732292,-9.684463547443015,0.015625,0.0,64,0.0,76781250000.0,76781250000.0,4.682526023172207,1.3947949856257633,76781250000.0,2.0255998281153943e+18,2.0255998281153943e+18,2.0255998281153943e+18,0.0,0.0,2.3424244139706967e+18,88790624899.74777,26381438.54281344,4.684848827941393e+18,177581250000.0,0.5,0.09793950717362658,False,False,False,True,-13.256466474732292,-13.456972739469613,-13.256466474732292,-13.256466474732292,0.0,True,0.25,4,32,-1.4973958333333334e-06,1.0416666666666667e-06,7,1.0,controlled_tilt,,,,,,,
water_filling,Water-filling,ok,ok,0.00019086800239165314,False,,none,313.2567333474379,4698851.000211569,1.0000000000006375,3.357142857144679,1399657.744743112,77265276557.37433,2.0383691449918548e+18,2.0383691449918548e+18,2.0372289822386447e+18,4.905882736975966e-19,0.1049903271274633,-13.512077098013243,-8.56399940356467,0.01687276739609623,6.4383933168046965e-06,63,-6574.067940390491,77222058188.0402,77222058188.08943,4.698851000211569,1.399657744743112,77265276557.37433,2.0383691449918548e+18,2.0372289822386447e+18,2.0383691449918548e+18,0.05593504768316477,6574.067940390491,2.3424244139706967e+18,88790624899.74777,26381438.54281344,4.684848827941393e+18,177581250000.0,0.5,0.09793950717362658,False,False,False,True,-13.256466474732292,-13.76300076352123,-13.512077098013243,-13.512077098013243,0.2556106232809512,True,0.25,4,32,-1.4973958333333334e-06,1.0416666666666667e-06,7,1.0,controlled_tilt,0.01692056456753535,,,,,,
conventional_s2,Conventional $S_2$,ok,optimal,0.007923831999505637,False,,conventional_s2,312.2119854066972,4683179.7811004575,0.9999999992783987,3.3571428550811393,1394989.7228866268,88790624883.85443,2.342424413551407e+18,2.342424413551407e+18,2.3412906445256013e+18,4.2690811887666227e-19,0.09793950718239208,-10.751768900269532,-5.703536684647491,0.02323734872978839,1.4214042971449808e-05,64,-6555.609222193274,88747648935.65176,88747648871.61134,4.683179781100457,1.3949897228866268,88790624883.85443,2.342424413551407e+18,2.3412906445256013e+18,2.342424413551407e+18,0.04840152020473903,6555.609222193274,2.3424244139706967e+18,88790624899.74777,26381438.54281344,4.684848827941393e+18,177581250000.0,0.5,0.09793950717362658,True,False,True,True,-13.256466474732292,-11.186590006316411,-10.734812827158372,-10.734812827158372,-2.5216536475739204,False,0.25,4,32,-1.3997395833333333e-06,1.0416666666666667e-06,7,1.0,controlled_tilt,,known_amplitude_linear,88790624899.74777,,,,
exact_efim,Exact EFIM,ok,optimal,0.009506302001682343,False,,exact_efim,312.20675205041897,4683101.2807562845,0.9999999993323025,3.3571428552351503,1394966.3397413744,88811096579.41803,2.3429644863297853e+18,2.3429644863297853e+18,2.3424244105000023e+18,4.2680971300870344e-19,0.09792821859680527,-10.749726136539229,-5.694870931844881,0.023485544336693604,1.4228935935924828e-05,64,-4524.578570661611,88790624827.47488,88790624768.1896,4.683101280756285,1.3949663397413743,88811096579.41803,2.3429644863297853e+18,2.3424244105000023e+18,2.3429644863297853e+18,0.023050960991263667,4524.578570661611,2.3424244139706967e+18,88790624899.74777,26381438.54281344,4.684848827941393e+18,177581250000.0,0.5,0.09793950717362658,True,True,False,True,-13.256466474732292,-11.183402997461545,-10.732362503950593,-10.732362503950593,-2.524103970781699,False,0.25,4,32,-1.3997395833333333e-06,1.0416666666666667e-06,7,1.0,controlled_tilt,,unknown_amplitude_exact,,2.3424244139706967e+18,88790624899.74777,quad_over_lin,1e-12
uniform,Uniform,ok,ok,1.3050997949903831e-05,False,,none,320.3147661922031,4804721.492883046,1.0,3.357142857142857,1431193.6361779287,76781250000.0,2.0255998281153943e+18,2.0255998281153943e+18,2.0255998281153943e+18,4.936809265680052e-19,0.10532073506634214,-13.256466474732292,-9.684463547443015,0.015625,0.0,64,0.0,76781250000.0,76781250000.0,4.804721492883046,1.4311936361779287,76781250000.0,2.0255998281153943e+18,2.0255998281153943e+18,2.0255998281153943e+18,0.0,0.0,2.3424244139706967e+18,88790624899.74777,26381438.54281344,4.684848827941393e+18,177581250000.0,0.5,0.09793950717362658,False,False,False,True,-13.256466474732292,-13.456972739469613,-13.256466474732292,-13.256466474732292,0.0,True,0.25,4,32,-1.4973958333333334e-06,1.0416666666666667e-06,0,1.5,controlled_tilt,,,,,,,
water_filling,Water-filling,ok,ok,0.00019397199866943993,False,,none,320.64927428033934,4809739.11420509,1.0000000000000244,3.357142857142927,1432688.2467844652,77535926757.668,2.0455092866175025e+18,2.0455092866175025e+18,2.0445685217200154e+18,4.888758054252695e-19,0.10480692509146208,-12.721546802703433,-9.048519809509196,0.016617757385235524,2.30099445636499e-06,64,-5971.608334379781,77500266651.56688,77500266651.56877,4.80973911420509,1.432688246784465,77535926757.668,2.0455092866175025e+18,2.0445685217200154e+18,2.0455092866175025e+18,0.045991719697482905,5971.608334379781,2.3424244139706967e+18,88790624899.74777,26381438.54281344,4.684848827941393e+18,177581250000.0,0.5,0.09793950717362658,False,False,False,True,-13.256466474732292,-12.900996078445626,-12.721546802703433,-12.721546802703433,-0.5349196720288596,False,0.25,4,32,-1.4973958333333334e-06,1.0416666666666667e-06,0,1.5,controlled_tilt,0.01668604010620478,,,,,,
conventional_s2,Conventional $S_2$,ok,optimal,0.008114037998893764,False,,conventional_s2,319.62427694331984,4794364.154149798,0.9999999992971524,3.3571428551347213,1428108.4723031248,88790624886.1445,2.3424244136118226e+18,2.3424244136118226e+18,2.3414841931606124e+18,4.2690811886565154e-19,0.09793950718112907,-10.26341029393482,-6.047251050072538,0.023010889566067727,9.728646053300833e-06,64,-5969.880120180867,88754985479.90144,88754985417.52022,4.794364154149798,1.4281084723031248,88790624886.1445,2.3424244136118226e+18,2.3414841931606124e+18,2.3424244136118226e+18,0.04013877441451776,5969.880120180867,2.3424244139706967e+18,88790624899.74777,26381438.54281344,4.684848827941393e+18,177581250000.0,0.5,0.09793950717362658,True,False,True,True,-13.256466474732292,-10.779290775789336,-10.26341029393482,-10.26341029393482,-2.9930561807974723,False,0.25,4,32,-1.4322916666666667e-06,1.0416666666666667e-06,0,1.5,controlled_tilt,,known_amplitude_linear,88790624899.74777,,,,
exact_efim,Exact EFIM,ok,optimal,0.00921054200080107,False,,exact_efim,319.6198953441198,4794298.430161797,0.999999999176138,3.357142854788966,1428088.8950920657,88807737348.69327,2.342875864990869e+18,2.342875864990869e+18,2.342424409967849e+18,4.2682585746125193e-19,0.09793007068976348,-10.26103784458249,-6.045500874599257,0.02276496752332455,9.683231746534247e-06,64,-4136.737928521746,88790624821.16931,88790624748.0181,4.794298430161797,1.4280888950920656,88807737348.69327,2.342875864990869e+18,2.342424409967849e+18,2.342875864990869e+18,0.01926926773057144,4136.737928521746,2.3424244139706967e+18,88790624899.74777,26381438.54281344,4.684848827941393e+18,177581250000.0,0.5,0.09793950717362658,True,True,False,True,-13.256466474732292,-10.775146241763352,-10.26103784458249,-10.26103784458249,-2.995428630149803,False,0.25,4,32,-1.4322916666666667e-06,1.0416666666666667e-06,0,1.5,controlled_tilt,,unknown_amplitude_exact,,2.3424244139706967e+18,88790624899.74777,quad_over_lin,1e-12
uniform,Uniform,ok,ok,1.2723001418635249e-05,False,,none,331.7058100549723,4975587.150824584,1.0,3.357142857142857,1482089.7896073228,76781250000.0,2.0255998281153943e+18,2.0255998281153943e+18,2.0255998281153943e+18,4.936809265680052e-19,0.10532073506634214,-13.256466474732292,-9.684463547443015,0.015625,0.0,64,0.0,76781250000.0,76781250000.0,4.975587150824584,1.4820897896073228,76781250000.0,2.0255998281153943e+18,2.0255998281153943e+18,2.0255998281153943e+18,0.0,0.0,2.3424244139706967e+18,88790624899.74777,26381438.54281344,4.684848827941393e+18,177581250000.0,0.5,0.09793950717362658,False,False,False,True,-13.256466474732292,-13.456972739469613,-13.256466474732292,-13.256466474732292,0.0,True,0.25,4,32,-1.4973958333333334e-06,1.0416666666666667e-06,1,1.5,controlled_tilt,,,,,,,
water_filling,Water-filling,ok,ok,0.00019688400061568245,False,,none,332.1537817959612,4982306.726939418,1.0000000000007985,3.3571428571451385,1484091.3654703076,75195597773.65361,1.9837680413557622e+18,1.9837680413557622e+18,1.982498270842834e+18,5.040911937045685e-19,0.10642539298701288,-13.82054766764151,-9.635658708886732,0.016621656508638335,3.3712774318447165e-06,64,-6937.665909260478,75147466565.32506,75147466565.38506,4.982306726939418,1.4840913654703076,75195597773.65361,1.9837680413557617e+18,1.982498270842834e+18,1.9837680413557622e+18,0.06400801335928669,6937.665909260478,2.3424244139706967e+18,88790624899.74777,26381438.54281344,4.684848827941393e+18,177581250000.0,0.5,0.09793950717362658,False,False,False,True,-13.256466474732292,-13.976024374251983,-13.82054766764151,-13.82054766764151,0.5640811929092173,True,0.25,4,32,-1.4973958333333334e-06,1.0416666666666667e-06,1,1.5,controlled_tilt,0.016674881392557774,,,,,,
conventional_s2,Conventional $S_2$,ok,optimal,0.0077863600017735735,False,,conventional_s2,330.67280895440257,4960092.134316038,0.9999999992858911,3.357142855102546,1477474.2536729283,88790624883.67427,2.3424244135466547e+18,2.3424244135466547e+18,2.3411541824976563e+18,4.269081188775284e-19,0.09793950718249143,-10.671876191020807,-5.959990997880004,0.024683138638856576,1.108439778053761e-05,64,-6938.923916911348,88742476281.95576,88742476218.58397,4.960092134316039,1.4774742536729284,88790624883.67427,2.342424413546654e+18,2.3411541824976563e+18,2.3424244135466547e+18,0.05422719476677365,6938.923916911348,2.3424244139706967e+18,88790624899.74777,26381438.54281344,4.684848827941393e+18,177581250000.0,0.5,0.09793950717362658,True,False,True,True,-13.256466474732292,-11.11407775823185,-10.657666648832429,-10.657666648832429,-2.5987998258998637,False,0.25,4,32,-1.3997395833333333e-06,1.0416666666666667e-06,1,1.5,controlled_tilt,,known_amplitude_linear,88790624899.74777,,,,
exact_efim,Exact EFIM,ok,optimal,0.009406828998180572,False,,exact_efim,330.66628870243346,4959994.3305365015,0.999999999483947,3.35714285566842,1477445.120383162,88810437843.51646,2.3429471079290824e+18,2.3429471079290824e+18,2.342424422213821e+18,4.268128787951574e-19,0.09792858177885522,-10.667093462818238,-5.953428647815451,0.02488664262260202,1.1045533169547378e-05,64,-4451.13820496158,88790625258.02768,88790625212.20702,4.959994330536501,1.477445120383162,88810437843.51646,2.3429471079290824e+18,2.342424422213821e+18,2.3429471079290824e+18,0.022308899483584114,4451.13820496158,2.3424244139706967e+18,88790624899.74777,26381438.54281344,4.684848827941393e+18,177581250000.0,0.5,0.09793950717362658,True,True,False,True,-13.256466474732292,-11.110270148038717,-10.65302594470536,-10.65302594470536,-2.6034405300269317,False,0.25,4,32,-1.3997395833333333e-06,1.0416666666666667e-06,1,1.5,controlled_tilt,,unknown_amplitude_exact,,2.3424244139706967e+18,88790624899.74777,quad_over_lin,1e-12
uniform,Uniform,ok,ok,1.2730000889860094e-05,False,,none,322.60849111620564,4839127.366743085,1.0,3.357142857142857,1441442.194349004,76781250000.0,2.0255998281153943e+18,2.0255998281153943e+18,2.0255998281153943e+18,4.936809265680052e-19,0.10532073506634214,-13.256466474732292,-9.684463547443015,0.015625,0.0,64,0.0,76781250000.0,76781250000.0,4.839127366743085,1.441442194349004,76781250000.0,2.0255998281153943e+18,2.0255998281153943e+18,2.0255998281153943e+18,0.0,0.0,2.3424244139706967e+18,88790624899.74777,26381438.54281344,4.684848827941393e+18,177581250000.0,0.5,0.09793950717362658,False,False,False,True,-13.256466474732292,-13.456972739469613,-13.256466474732292,-13.256466474732292,0.0,True,0.25,4,32,-1.4973958333333334e-06,1.0416666666666667e-06,2,1.5,controlled_tilt,,,,,,,
water_filling,Water-filling,ok,ok,0.00019701500059454702,False,,none,322.8990034711278,4843485.052066917,0.999999999999854,3.35714285714244,1442740.2282754309,75828686854.6046,2.0004698420369966e+18,2.0004698420369966e+18,1.999625123123958e+18,4.998825670782124e-19,0.1059801922438573,-13.518495049805123,-9.651249799083894,0.01660581887694512,1.9690771126286762e-06,64,-5658.572340158081,75796667413.68686,75796667413.6758,4.843485052066916,1.442740228275431,75828686854.6046,2.0004698420369966e+18,1.999625123123958e+18,2.0004698420369966e+18,0.04222602587092487,5658.572340158081,2.3424244139706967e+18,88790624899.74777,26381438.54281344,4.684848827941393e+18,177581250000.0,0.5,0.09793950717362658,False,False,False,True,-13.256466474732292,-13.67769031956062,-13.518495049805123,-13.518495049805123,0.26202857507283106,True,0.25,4,32,-1.4973958333333334e-06,1.0416666666666667e-06,2,1.5,controlled_tilt,0.016658797590143833,,,,,,
conventional_s2,Conventional $S_2$,ok,optimal,0.007783762001054129,False,,conventional_s2,321.54621801071926,4823193.270160789,0.9999999997505273,3.3571428564300785,1436695.868012504,88790624893.46573,2.3424244138049674e+18,2.3424244138049674e+18,2.341579721589013e+18,4.269081188304508e-19,0.09793950717709125,-10.565076338056267,-6.068803854713359,0.024005168519117957,9.63517774990914e-06,64,-5658.48292142865,88758606486.64447,88758606464.50162,4.823193270160789,1.436695868012504,88790624893.46573,2.3424244138049674e+18,2.341579721589013e+18,2.3424244138049674e+18,0.036060596490383144,5658.48292142865,2.3424244139706967e+18,88790624899.74777,26381438.54281344,4.684848827941393e+18,177581250000.0,0.5,0.09793950717362658,True,False,True,True,-13.256466474732292,-11.033100170221337,-10.558284323885461,-10.558284323885461,-2.698182150846831,False,0.25,4,32,-1.3997395833333333e-06,1.0416666666666667e-06,2,1.5,controlled_tilt,,known_amplitude_linear,88790624899.74777,,,,
exact_efim,Exact EFIM,ok,optimal,0.00904418099889881,False,,exact_efim,321.54197071235694,4823129.560685354,0.9999999996430817,3.3571428561230907,1436676.8908533193,88804367562.89209,2.3427869651938534e+18,2.3427869651938534e+18,2.3424243902722304e+18,4.2684205386863044e-19,0.09793192870778805,-10.563099730644014,-6.067725833256453,0.02430524991142379,9.586746482189355e-06,64,-3707.2309679857335,88790624033.138,88790624001.447,4.823129560685354,1.4366768908533194,88804367562.89209,2.342786965193853e+18,2.3424243902722304e+18,2.3427869651938534e+18,0.01547622242268361,3707.2309679857335,2.3424244139706967e+18,88790624899.74777,26381438.54281344,4.684848827941393e+18,177581250000.0,0.5,0.09793950717362658,True,True,False,True,-13.256466474732292,-11.029783824390265,-10.555935506386662,-10.555935506386662,-2.70053096834563,False,0.25,4,32,-1.3997395833333333e-06,1.0416666666666667e-06,2,1.5,controlled_tilt,,unknown_amplitude_exact,,2.3424244139706967e+18,88790624899.74777,quad_over_lin,1e-12
uniform,Uniform,ok,ok,1.2713000614894554e-05,False,,none,322.65619726322006,4839842.958948301,1.0,3.357142857142857,1441655.349473962,76781250000.0,2.0255998281153943e+18,2.0255998281153943e+18,2.0255998281153943e+18,4.936809265680052e-19,0.10532073506634214,-13.256466474732292,-9.684463547443015,0.015625,0.0,64,0.0,76781250000.0,76781250000.0,4.839842958948301,1.4416553494739621,76781250000.0,2.0255998281153943e+18,2.0255998281153943e+18,2.0255998281153943e+18,0.0,0.0,2.3424244139706967e+18,88790624899.74777,26381438.54281344,4.684848827941393e+18,177581250000.0,0.5,0.09793950717362658,False,False,False,True,-13.256466474732292,-13.456972739469613,-13.256466474732292,-13.256466474732292,0.0,True,0.25,4,32,-1.4973958333333334e-06,1.0416666666666667e-06,3,1.5,controlled_tilt,,,,,,,
water_filling,Water-filling,ok,ok,0.00017824599854066037,False,,none,323.70793601916296,4855619.040287444,1.0000000000001144,3.357142857143184,1446354.6077450553,76641346554.15216,2.0219089739568317e+18,2.0219089739568317e+18,2.0178473157501604e+18,4.945821067518296e-19,0.1054168190747772,-12.91453143158601,-8.341895394967441,0.017078930171635417,9.01124578178837e-06,64,-12408.019017635395,76487387618.2014,76487387618.21014,4.855619040287444,1.4463546077450553,76641346554.15216,2.0219089739568317e+18,2.0178473157501604e+18,2.0219089739568317e+18,0.20088234727613793,12408.019017635395,2.3424244139706967e+18,88790624899.74777,26381438.54281344,4.684848827941393e+18,177581250000.0,0.5,0.09793950717362658,False,False,False,True,-13.256466474732292,-13.043901949091675,-12.91453143158601,-12.91453143158601,-0.3419350431462824,False,0.25,4,32,-1.4973958333333334e-06,1.0416666666666667e-06,3,1.5,controlled_tilt,0.017122067572019423,,,,,,
conventional_s2,Conventional $S_2$,ok,optimal,0.00802592000036384,False,,conventional_s2,322.5767730996555,4838651.596494832,0.9999999993612361,3.3571428553178175,1441300.4763351846,88790624890.66713,2.342424413731136e+18,2.342424413731136e+18,2.338363835212015e+18,4.269081188439066e-19,0.09793950717863474,-10.279409652752754,-5.522333574037863,0.02381516128934457,1.652299514515542e-05,64,-12406.369735347102,88636706937.37325,88636706880.75531,4.838651596494832,1.4413004763351847,88790624890.66713,2.342424413731136e+18,2.338363835212015e+18,2.342424413731136e+18,0.17334939370158778,12406.369735347102,2.3424244139706967e+18,88790624899.74777,26381438.54281344,4.684848827941393e+18,177581250000.0,0.5,0.09793950717362658,True,False,True,True,-13.256466474732292,-10.802565277223328,-10.279409652752754,-10.279409652752754,-2.977056821979538,False,0.25,4,32,-1.4322916666666667e-06,1.0416666666666667e-06,3,1.5,controlled_tilt,,known_amplitude_linear,88790624899.74777,,,,
exact_efim,Exact EFIM,ok,optimal,0.009327675998065388,False,,exact_efim,322.5579630546897,4838369.445820346,0.9999999993462436,3.357142855274982,1441216.4314717662,88860374624.41513,2.344264512045387e+18,2.344264512045387e+18,2.3424244119140915e+18,4.2657302316430715e-19,0.09790106149556571,-10.269178767647382,-5.51338561672928,0.023282129187389602,1.6334237309561782e-05,64,-8351.634730366895,88790624879.8387,88790624821.79126,4.838369445820345,1.4412164314717661,88860374624.41513,2.344264512045387e+18,2.3424244119140915e+18,2.344264512045387e+18,0.07849370759316457,8351.634730366895,2.3424244139706967e+18,88790624899.74777,26381438.54281344,4.684848827941393e+18,177581250000.0,0.5,0.09793950717362658,True,True,False,True,-13.256466474732292,-10.785682524736842,-10.269178767647382,-10.269178767647382,-2.98728770708491,False,0.25,4,32,-1.4322916666666667e-06,1.0416666666666667e-06,3,1.5,controlled_tilt,,unknown_amplitude_exact,,2.3424244139706967e+18,88790624899.74777,quad_over_lin,1e-12
uniform,Uniform,ok,ok,1.3013002899242565e-05,False,,none,319.716863389138,4795752.95083707,1.0,3.357142857142857,1428522.1555684889,76781250000.0,2.0255998281153943e+18,2.0255998281153943e+18,2.0255998281153943e+18,4.936809265680052e-19,0.10532073506634214,-13.256466474732292,-9.684463547443015,0.015625,0.0,64,0.0,76781250000.0,76781250000.0,4.79575295083707,1.4285221555684888,76781250000.0,2.0255998281153943e+18,2.0255998281153943e+18,2.0255998281153943e+18,0.0,0.0,2.3424244139706967e+18,88790624899.74777,26381438.54281344,4.684848827941393e+18,177581250000.0,0.5,0.09793950717362658,False,False,False,True,-13.256466474732292,-13.456972739469613,-13.256466474732292,-13.256466474732292,0.0,True,0.25,4,32,-1.4973958333333334e-06,1.0416666666666667e-06,4,1.5,controlled_tilt,,,,,,,
water_filling,Water-filling,ok,ok,0.00018102299873135053,False,,none,322.3083936412204,4834625.904618306,1.0000000000005347,3.357142857144385,1440101.3332899038,78261120758.28586,2.064640947576419e+18,2.064640947576419e+18,2.063134165352271e+18,4.843457169508582e-19,0.10432020674449662,-12.850962430804412,-7.514117777927866,0.017234587168184663,1.2695674825805206e-05,62,-7557.462612930378,78204005517.09818,78204005517.13998,4.834625904618306,1.4401013332899038,78261120758.28586,2.0646409475764193e+18,2.063134165352271e+18,2.064640947576419e+18,0.07298035166437564,7557.462612930378,2.3424244139706967e+18,88790624899.74777,26381438.54281344,4.684848827941393e+18,177581250000.0,0.5,0.09793950717362658,False,False,False,True,-13.256466474732292,-13.102900094838096,-12.845847278081447,-12.845847278081447,-0.41061919665084545,False,0.25,4,32,-1.46484375e-06,1.0416666666666667e-06,4,1.5,controlled_tilt,0.017273689131511304,,,,,,
conventional_s2,Conventional $S_2$,ok,optimal,0.007968265999807045,False,,conventional_s2,321.4394433408045,4821591.650112067,0.9999999994080091,3.3571428554514546,1436218.7901186827,88790624897.40132,2.3424244139087944e+18,2.3424244139087944e+18,2.340803942310319e+18,4.2690811881152823e-19,0.09793950717492068,-10.493573499553193,-5.389126049398207,0.023097802548517333,1.8157801760742543e-05,64,-7837.390304505319,88729200263.17941,88729200210.65253,4.821591650112067,1.4362187901186827,88790624897.40132,2.342424413908794e+18,2.340803942310319e+18,2.3424244139087944e+18,0.06917924816925851,7837.390304505319,2.3424244139706967e+18,88790624899.74777,26381438.54281344,4.684848827941393e+18,177581250000.0,0.5,0.09793950717362658,True,False,True,True,-13.256466474732292,-10.95902325836164,-10.48640641052934,-10.48640641052934,-2.7700600642029514,False,0.25,4,32,-1.3997395833333333e-06,1.0416666666666667e-06,4,1.5,controlled_tilt,,known_amplitude_linear,88790624899.74777,,,,
exact_efim,Exact EFIM,ok,optimal,0.009264333999453811,False,,exact_efim,321.4324616810774,4821486.925216162,0.9999999994606533,3.3571428556018668,1436187.5954044762,88821096139.35,2.343228289105586e+18,2.343228289105586e+18,2.342424411503437e+18,4.2676166238232874e-19,0.09792270601761004,-10.488785331999903,-5.386577158717572,0.022800853237429943,1.8069183058749256e-05,64,-5520.084523015287,88790624854.11414,88790624806.2252,4.821486925216162,1.4361875954044763,88821096139.35,2.343228289105586e+18,2.342424411503437e+18,2.343228289105586e+18,0.034306414184518796,5520.084523015287,2.3424244139706967e+18,88790624899.74777,26381438.54281344,4.684848827941393e+18,177581250000.0,0.5,0.09793950717362658,True,True,False,True,-13.256466474732292,-10.951750778594205,-10.480912136207568,-10.480912136207568,-2.7755543385247243,False,0.25,4,32,-1.3997395833333333e-06,1.0416666666666667e-06,4,1.5,controlled_tilt,,unknown_amplitude_exact,,2.3424244139706967e+18,88790624899.74777,quad_over_lin,1e-12
uniform,Uniform,ok,ok,1.339799928246066e-05,False,,none,306.87580139052744,4603137.020857912,1.0,3.357142857142857,1371147.1977023566,76781250000.0,2.0255998281153943e+18,2.0255998281153943e+18,2.0255998281153943e+18,4.936809265680052e-19,0.10532073506634214,-13.256466474732292,-9.684463547443015,0.015625,0.0,64,0.0,76781250000.0,76781250000.0,4.603137020857911,1.3711471977023566,76781250000.0,2.0255998281153943e+18,2.0255998281153943e+18,2.0255998281153943e+18,0.0,0.0,2.3424244139706967e+18,88790624899.74777,26381438.54281344,4.684848827941393e+18,177581250000.0,0.5,0.09793950717362658,False,False,False,True,-13.256466474732292,-13.456972739469613,-13.256466474732292,-13.256466474732292,0.0,True,0.25,4,32,-1.4973958333333334e-06,1.0416666666666667e-06,5,1.5,controlled_tilt,,,,,,,
water_filling,Water-filling,ok,ok,0.00019081900245510042,False,,none,308.91798317116394,4633769.747567459,0.999999999999613,3.3571428571417514,1380271.8397014,74667202331.3826,1.9698282094691863e+18,1.9698282094691863e+18,1.9651171090459195e+18,5.0765848270061685e-19,0.10680129802077015,-13.08789836585143,-8.517862939081875,0.017329680094238856,1.1112928190356582e-05,62,-13363.245415521447,74488626003.37604,74488626003.34721,4.633769747567459,1.3802718397014,74667202331.3826,1.9698282094691863e+18,1.9651171090459195e+18,1.9698282094691863e+18,0.23916300927258657,13363.245415521447,2.3424244139706967e+18,88790624899.74777,26381438.54281344,4.684848827941393e+18,177581250000.0,0.5,0.09793950717362658,False,False,False,True,-13.256466474732292,-13.136564769927304,-13.073702058252756,-13.073702058252756,-0.1827644164795359,True,0.25,4,32,-1.5299479166666667e-06,1.0416666666666667e-06,5,1.5,controlled_tilt,0.017399020797699498,,,,,,
conventional_s2,Conventional $S_2$,ok,optimal,0.007762764998915372,False,,conventional_s2,307.3391871706557,4610087.807559836,0.9999999993023808,3.3571428551496596,1373217.6456203621,88790624875.5759,2.342424413333008e+18,2.342424413333008e+18,2.334571470376855e+18,4.2690811891646566e-19,0.09793950718695785,-10.073438846105523,-5.194380141698526,0.02665999409054416,2.0997445162271482e-05,64,-17253.093855870233,88492955689.91849,88492955628.1841,4.610087807559836,1.3732176456203622,88790624875.5759,2.342424413333008e+18,2.334571470376855e+18,2.342424413333008e+18,0.3352485105369514,17253.093855870233,2.3424244139706967e+18,88790624899.74777,26381438.54281344,4.684848827941393e+18,177581250000.0,0.5,0.09793950717362658,True,False,True,True,-13.256466474732292,-10.620233911062538,-10.073438846105523,-10.073438846105523,-3.1830276286267694,False,0.25,4,32,-1.4322916666666667e-06,1.0416666666666667e-06,5,1.5,controlled_tilt,,known_amplitude_linear,88790624899.74777,,,,
exact_efim,Exact EFIM,ok,optimal,0.009296686999732628,False,,exact_efim,307.2988154447904,4609482.231671857,0.9999999991882018,3.357142854823434,1373037.2614466203,88905895413.22711,2.3454654159378504e+18,2.3454654159378504e+18,2.3424244090968264e+18,4.263546131206301e-19,0.0978759950805736,-10.050313808231738,-5.160931809033729,0.02585085574955474,2.0937794616104296e-05,64,-10736.419250341583,88790624787.08165,88790624715.00159,4.609482231671857,1.3730372614466204,88905895413.22711,2.3454654159378504e+18,2.3424244090968264e+18,2.3454654159378504e+18,0.12965472952019771,10736.419250341583,2.3424244139706967e+18,88790624899.74777,26381438.54281344,4.684848827941393e+18,177581250000.0,0.5,0.09793950717362658,True,True,False,True,-13.256466474732292,-10.580489588233604,-10.050313808231738,-10.050313808231738,-3.2061526665005537,False,0.25,4,32,-1.4322916666666667e-06,1.0416666666666667e-06,5,1.5,controlled_tilt,,unknown_amplitude_exact,,2.3424244139706967e+18,88790624899.74777,quad_over_lin,1e-12
uniform,Uniform,ok,ok,1.2246997357578948e-05,False,,none,324.11122636053153,4861668.395407973,1.0,3.357142857142857,1448156.5433130132,76781250000.0,2.0255998281153943e+18,2.0255998281153943e+18,2.0255998281153943e+18,4.936809265680052e-19,0.10532073506634214,-13.256466474732292,-9.684463547443015,0.015625,0.0,64,0.0,76781250000.0,76781250000.0,4.861668395407973,1.4481565433130132,76781250000.0,2.0255998281153943e+18,2.0255998281153943e+18,2.0255998281153943e+18,0.0,0.0,2.3424244139706967e+18,88790624899.74777,26381438.54281344,4.684848827941393e+18,177581250000.0,0.5,0.09793950717362658,False,False,False,True,-13.256466474732292,-13.456972739469613,-13.256466474732292,-13.256466474732292,0.0,True,0.25,4,32,-1.4973958333333334e-06,1.0416666666666667e-06,6,1.5,controlled_tilt,,,,,,,
water_filling,Water-filling,ok,ok,0.00018207899847766384,False,,none,324.77166204312107,4871574.930646816,1.0000000000003046,3.3571428571437276,1451107.4261497392,74851924185.09589,1.974701437700438e+18,1.974701437700438e+18,1.9735188873308536e+18,5.064056676661517e-19,0.10666943287050766,-12.949320707076975,-9.373644176004724,0.01683073064006635,4.87113521447158e-06,64,-6695.1542533820675,74807099094.5965,74807099094.6193,4.871574930646816,1.4511074261497392,74851924185.09589,1.974701437700438e+18,1.9735188873308536e+18,1.974701437700438e+18,0.059885020945823444,6695.1542533820675,2.3424244139706967e+18,88790624899.74777,26381438.54281344,4.684848827941393e+18,177581250000.0,0.5,0.09793950717362658,False,False,False,True,-13.256466474732292,-13.008575249594754,-12.94079427388539,-12.94079427388539,-0.31567220084690284,False,0.25,4,32,-1.5299479166666667e-06,1.0416666666666667e-06,6,1.5,controlled_tilt,0.016901401422895472,,,,,,
conventional_s2,Conventional $S_2$,ok,optimal,0.007913674002338666,False,,conventional_s2,323.2574241223979,4848861.361835968,0.9999999992057669,3.35714285487362,1444341.6832253044,88790624877.12866,2.342424413373972e+18,2.342424413373972e+18,2.341242987901761e+18,4.2690811890899993e-19,0.09793950718610146,-10.05515684648179,-5.876992689895123,0.024665516401587022,1.1636738277362974e-05,64,-6691.969126033848,88745842496.86533,88745842426.38043,4.848861361835968,1.4443416832253044,88790624877.12866,2.342424413373972e+18,2.341242987901761e+18,2.342424413373972e+18,0.05043601259727511,6691.969126033848,2.3424244139706967e+18,88790624899.74777,26381438.54281344,4.684848827941393e+18,177581250000.0,0.5,0.09793950717362658,True,False,True,True,-13.256466474732292,-10.58742845310248,-10.05515684648179,-10.05515684648179,-3.2013096282505025,False,0.25,4,32,-1.4322916666666667e-06,1.0416666666666667e-06,6,1.5,controlled_tilt,,known_amplitude_linear,88790624899.74777,,,,
exact_efim,Exact EFIM,ok,optimal,0.009238325001206249,False,,exact_efim,323.25143102704124,4848771.465405619,0.9999999992317552,3.357142854947872,1444314.9055332374,88808709998.1135,2.3429015248817725e+18,2.3429015248817725e+18,2.3424244097470556e+18,4.268211827855044e-19,0.09792953441417021,-10.052717122484765,-5.874029314093276,0.02505270528574793,1.1580196879936884e-05,64,-4252.676625205427,88790624807.86176,88790624739.64882,4.848771465405619,1.4443149055332374,88808709998.1135,2.3429015248817725e+18,2.3424244097470556e+18,2.3429015248817725e+18,0.020364284612474446,4252.676625205427,2.3424244139706967e+18,88790624899.74777,26381438.54281344,4.684848827941393e+18,177581250000.0,0.5,0.09793950717362658,True,True,False,True,-13.256466474732292,-10.583499704667865,-10.052717122484765,-10.052717122484765,-3.2037493522475273,False,0.25,4,32,-1.4322916666666667e-06,1.0416666666666667e-06,6,1.5,controlled_tilt,,unknown_amplitude_exact,,2.3424244139706967e+18,88790624899.74777,quad_over_lin,1e-12
uniform,Uniform,ok,ok,1.26329978229478e-05,False,,none,323.099877128825,4846498.156932375,1.0,3.357142857142857,1443637.7488734734,76781250000.0,2.0255998281153943e+18,2.0255998281153943e+18,2.0255998281153943e+18,4.936809265680052e-19,0.10532073506634214,-13.256466474732292,-9.684463547443015,0.015625,0.0,64,0.0,76781250000.0,76781250000.0,4.846498156932375,1.4436377488734733,76781250000.0,2.0255998281153943e+18,2.0255998281153943e+18,2.0255998281153943e+18,0.0,0.0,2.3424244139706967e+18,88790624899.74777,26381438.54281344,4.684848827941393e+18,177581250000.0,0.5,0.09793950717362658,False,False,False,True,-13.256466474732292,-13.456972739469613,-13.256466474732292,-13.256466474732292,0.0,True,0.25,4,32,-1.4973958333333334e-06,1.0416666666666667e-06,7,1.5,controlled_tilt,,,,,,,
water_filling,Water-filling,ok,ok,0.00018481200095266104,False,,none,324.36375522731566,4865456.328409735,0.9999999999993106,3.3571428571408877,1449284.8637824734,73152091594.41934,1.929857408676433e+18,1.929857408676433e+18,1.926873114062452e+18,5.181729984319602e-19,0.10790165265443216,-14.529244527245579,-9.168800517797163,0.0169656223454453,1.0160659460151005e-05,63,-10635.835481198292,73038970598.08665,73038970598.0363,4.865456328409735,1.4492848637824733,73152091594.41934,1.9298574086764334e+18,1.926873114062452e+18,1.929857408676433e+18,0.15463808883308466,10635.835481198292,2.3424244139706967e+18,88790624899.74777,26381438.54281344,4.684848827941393e+18,177581250000.0,0.5,0.09793950717362658,False,False,False,True,-13.256466474732292,-14.581953327324399,-14.512829823825225,-14.512829823825225,1.2563633490929327,True,0.25,4,32,-1.5299479166666667e-06,1.0416666666666667e-06,7,1.5,controlled_tilt,0.017040937033578202,,,,,,
conventional_s2,Conventional $S_2$,ok,optimal,0.00782229999822448,False,,conventional_s2,322.4836280505578,4837254.420758367,0.9999999991874513,3.35714285482129,1440884.296541461,88790624872.88812,2.3424244132621005e+18,2.3424244132621005e+18,2.3400668946571924e+18,4.2690811892938855e-19,0.0979395071884402,-10.87653907797449,-5.318661709739791,0.026438964838564998,1.94799976995967e-05,64,-9453.188716025821,88701262168.13403,88701262096.05994,4.8372544207583665,1.440884296541461,88790624872.88812,2.3424244132621005e+18,2.3400668946571924e+18,2.3424244132621005e+18,0.10064438329623243,9453.188716025821,2.3424244139706967e+18,88790624899.74777,26381438.54281344,4.684848827941393e+18,177581250000.0,0.5,0.09793950717362658,True,False,True,True,-13.256466474732292,-11.312630322556267,-10.85927785867147,-10.85927785867147,-2.397188616060822,False,0.25,4,32,-1.3997395833333333e-06,1.0416666666666667e-06,7,1.5,controlled_tilt,,known_amplitude_linear,88790624899.74777,,,,
exact_efim,Exact EFIM,ok,optimal,0.009436981999897398,False,,exact_efim,322.4711124854043,4837066.687281065,0.9999999991087514,3.357142854596433,1440828.376027667,88823307332.99754,2.343286623574905e+18,2.343286623574905e+18,2.342424414078563e+18,4.267510384514574e-19,0.0979214871516413,-10.868831026649657,-5.329285617570484,0.026774460632961097,1.9145703781741656e-05,64,-5716.854833751463,88790624982.97101,88790624903.83649,4.837066687281065,1.440828376027667,88823307332.99754,2.343286623574905e+18,2.342424414078563e+18,2.343286623574905e+18,0.03679487979266634,5716.854833751463,2.3424244139706967e+18,88790624899.74777,26381438.54281344,4.684848827941393e+18,177581250000.0,0.5,0.09793950717362658,True,True,False,True,-13.256466474732292,-11.30261129065195,-10.850877739793873,-10.850877739793873,-2.4055887349384193,False,0.25,4,32,-1.3997395833333333e-06,1.0416666666666667e-06,7,1.5,controlled_tilt,,unknown_amplitude_exact,,2.3424244139706967e+18,88790624899.74777,quad_over_lin,1e-12
uniform,Uniform,ok,ok,1.3935001334175467e-05,False,,none,284.9957308849232,4274935.963273848,1.0,3.357142857142857,1273385.180549657,76781250000.0,2.0255998281153943e+18,2.0255998281153943e+18,2.0255998281153943e+18,4.936809265680052e-19,0.10532073506634214,-13.256466474732292,-9.684463547443015,0.015625,0.0,64,0.0,76781250000.0,76781250000.0,4.274935963273848,1.273385180549657,76781250000.0,2.0255998281153943e+18,2.0255998281153943e+18,2.0255998281153943e+18,0.0,0.0,2.3424244139706967e+18,88790624899.74777,26381438.54281344,4.684848827941393e+18,177581250000.0,0.5,0.09793950717362658,False,False,False,True,-13.256466474732292,-13.456972739469613,-13.256466474732292,-13.256466474732292,0.0,True,0.25,4,32,-1.4973958333333334e-06,1.0416666666666667e-06,0,2.0,controlled_tilt,,,,,,,
water_filling,Water-filling,ok,ok,0.0001952519996848423,False,,none,287.22470184420774,4308370.527663116,0.999999999999218,3.357142857140623,1283344.4124962504,75286451757.23325,1.9861649001399373e+18,1.9861649001399373e+18,1.9732401060003008e+18,5.034828678774577e-19,0.10636115772570949,-13.08883490629283,-8.318398278074945,0.017652816642697213,1.228785954827627e-05,62,-22134.13633360072,74796531766.0577,74796531765.9992,4.308370527663116,1.2833444124962503,75286451757.23325,1.9861649001399378e+18,1.9732401060003008e+18,1.9861649001399373e+18,0.6507412420149934,22134.13633360072,2.3424244139706967e+18,88790624899.74777,26381438.54281344,4.684848827941393e+18,177581250000.0,0.5,0.09793950717362658,False,False,False,True,-13.256466474732292,-13.162378702780869,-13.087463215792104,-13.087463215792104,-0.16900325894018842,True,0.25,4,32,-1.5299479166666667e-06,1.0416666666666667e-06,0,2.0,controlled_tilt,0.01768952752435334,,,,,,
conventional_s2,Conventional $S_2$,ok,optimal,0.008116691002214793,False,,conventional_s2,285.82231966403356,4287334.7949605035,0.999999999332675,3.3571428552362144,1277078.4502880021,88790624873.96378,2.342424413290477e+18,2.342424413290477e+18,2.322932786585373e+18,4.269081189242169e-19,0.09793950718784697,-10.112835655443103,-4.951138808489565,0.026623662769281478,2.57740555370132e-05,64,-27181.58679357386,88051786272.59938,88051786213.84023,4.287334794960503,1.2770784502880022,88790624873.96378,2.3424244132904776e+18,2.322932786585373e+18,2.342424413290477e+18,0.8321133691448926,27181.58679357386,2.3424244139706967e+18,88790624899.74777,26381438.54281344,4.684848827941393e+18,177581250000.0,0.5,0.09793950717362658,True,False,True,True,-13.256466474732292,-10.65628974902699,-10.112835655443103,-10.112835655443103,-3.1436308192891893,False,0.25,4,32,-1.4322916666666667e-06,1.0416666666666667e-06,0,2.0,controlled_tilt,,known_amplitude_linear,88790624899.74777,,,,
exact_efim,Exact EFIM,ok,optimal,0.009041111999977147,False,,exact_efim,285.7260262797147,4285890.394195721,0.9999999993575902,3.357142855307401,1276648.2032243689,89088631497.70781,2.350286256720132e+18,2.350286256720132e+18,2.342424356582122e+18,4.254800865812484e-19,0.09777556331521267,-10.050440318329596,-4.841198151438817,0.02651420416524323,2.5898013579177677e-05,64,-17262.930617093432,88790622781.44864,88790622724.40868,4.285890394195721,1.276648203224369,89088631497.70781,2.350286256720132e+18,2.342424356582122e+18,2.350286256720132e+18,0.3345081951413671,17262.930617093432,2.3424244139706967e+18,88790624899.74777,26381438.54281344,4.684848827941393e+18,177581250000.0,0.5,0.09793950717362658,True,True,False,True,-13.256466474732292,-10.573438495218925,-10.050440318329596,-10.050440318329596,-3.2060261564026966,False,0.25,4,32,-1.4322916666666667e-06,1.0416666666666667e-06,0,2.0,controlled_tilt,,unknown_amplitude_exact,,2.3424244139706967e+18,88790624899.74777,quad_over_lin,1e-12
uniform,Uniform,ok,ok,1.3024000509176403e-05,False,,none,325.27884908815344,4879182.736322301,1.0,3.357142857142857,1453373.5810321749,76781250000.0,2.0255998281153943e+18,2.0255998281153943e+18,2.0255998281153943e+18,4.936809265680052e-19,0.10532073506634214,-13.256466474732292,-9.684463547443015,0.015625,0.0,64,0.0,76781250000.0,76781250000.0,4.879182736322301,1.4533735810321748,76781250000.0,2.0255998281153943e+18,2.0255998281153943e+18,2.0255998281153943e+18,0.0,0.0,2.3424244139706967e+18,88790624899.74777,26381438.54281344,4.684848827941393e+18,177581250000.0,0.5,0.09793950717362658,False,False,False,True,-13.256466474732292,-13.456972739469613,-13.256466474732292,-13.256466474732292,0.0,True,0.25,4,32,-1.4973958333333334e-06,1.0416666666666667e-06,1,2.0,controlled_tilt,,,,,,,
water_filling,Water-filling,ok,ok,0.00018773400006466545,False,,none,325.82412956875885,4887361.943531383,1.0000000000008282,3.3571428571452238,1455809.940625343,75613027984.15665,1.994780450800061e+18,1.994780450800061e+18,1.9928234482308562e+18,5.013083016724586e-19,0.106131219755532,-13.45767175451796,-9.341307070359152,0.0167311914917363,4.118934227156187e-06,64,-8612.841622322847,75538846943.2828,75538846943.34537,4.887361943531383,1.455809940625343,75613027984.15665,1.9947804508000612e+18,1.9928234482308562e+18,1.994780450800061e+18,0.09810616343366645,8612.841622322847,2.3424244139706967e+18,88790624899.74777,26381438.54281344,4.684848827941393e+18,177581250000.0,0.5,0.09793950717362658,False,False,False,True,-13.256466474732292,-13.606261807510005,-13.45767175451796,-13.45767175451796,0.20120527978566827,True,0.25,4,32,-1.4973958333333334e-06,1.0416666666666667e-06,1,2.0,controlled_tilt,0.016783026008416475,,,,,,
conventional_s2,Conventional $S_2$,ok,optimal,0.0077419520021067,False,,conventional_s2,324.44734343901507,4866710.151585226,0.9999999997022588,3.3571428562921684,1449658.343392725,88790624893.40446,2.342424413803351e+18,2.342424413803351e+18,2.340467564999722e+18,4.2690811883074536e-19,0.09793950717712505,-10.490623225967246,-5.902029672967974,0.024302608838816932,1.1622943262924854e-05,64,-8612.503252931274,88716449707.55933,88716449681.14479,4.866710151585226,1.449658343392725,88790624893.40446,2.342424413803351e+18,2.340467564999722e+18,2.342424413803351e+18,0.08353946415934749,8612.503252931274,2.3424244139706967e+18,88790624899.74777,26381438.54281344,4.684848827941393e+18,177581250000.0,0.5,0.09793950717362658,True,False,True,True,-13.256466474732292,-10.963919078023977,-10.485583313221552,-10.485583313221552,-2.7708831615107403,False,0.25,4,32,-1.3997395833333333e-06,1.0416666666666667e-06,1,2.0,controlled_tilt,,known_amplitude_linear,88790624899.74777,,,,
exact_efim,Exact EFIM,ok,optimal,0.009085287001653342,False,,exact_efim,324.43755560656734,4866563.33409851,0.9999999994325944,3.3571428555216984,1449614.6108570197,88822033598.18593,2.3432530206182523e+18,2.3432530206182523e+18,2.342424410989802e+18,4.2675715819035043e-19,0.09792218926098731,-10.48615152949222,-5.90158493610916,0.023876049299014115,1.149112988442712e-05,64,-5604.35647046795,88790624837.13597,88790624786.75568,4.866563334098511,1.4496146108570196,88822033598.18593,2.3432530206182523e+18,2.342424410989802e+18,2.3432530206182523e+18,0.03536150902866139,5604.35647046795,2.3424244139706967e+18,88790624899.74777,26381438.54281344,4.684848827941393e+18,177581250000.0,0.5,0.09793950717362658,True,True,False,True,-13.256466474732292,-10.956317137924032,-10.480283587984205,-10.480283587984205,-2.776182886748087,False,0.25,4,32,-1.3997395833333333e-06,1.0416666666666667e-06,1,2.0,controlled_tilt,,unknown_amplitude_exact,,2.3424244139706967e+18,88790624899.74777,quad_over_lin,1e-12
uniform,Uniform,ok,ok,1.3230001059127972e-05,False,,none,293.50803722359797,4402620.55835397,1.0,3.357142857142857,1311418.889722459,76781250000.0,2.0255998281153943e+18,2.0255998281153943e+18,2.0255998281153943e+18,4.936809265680052e-19,0.10532073506634214,-13.256466474732292,-9.684463547443015,0.015625,0.0,64,0.0,76781250000.0,76781250000.0,4.40262055835397,1.311418889722459,76781250000.0,2.0255998281153943e+18,2.0255998281153943e+18,2.0255998281153943e+18,0.0,0.0,2.3424244139706967e+18,88790624899.74777,26381438.54281344,4.684848827941393e+18,177581250000.0,0.5,0.09793950717362658,False,False,False,True,-13.256466474732292,-13.456972739469613,-13.256466474732292,-13.256466474732292,0.0,True,0.25,4,32,-1.4973958333333334e-06,1.0416666666666667e-06,2,2.0,controlled_tilt,,,,,,,
water_filling,Water-filling,ok,ok,0.00018898200141848065,False,,none,294.733990885558,4421009.86328337,1.000000000000416,3.3571428571440456,1316896.555020112,77759338793.33723,2.0514032175062351e+18,2.0514032175062351e+18,2.0447870126531236e+18,4.874712057903655e-19,0.10465625527042949,-12.64751438299867,-7.9592128647893325,0.017399239284792152,1.0342525458174917e-05,63,-15836.355234376486,77508548646.19553,77508548646.22777,4.42100986328337,1.3168965550201122,77759338793.33723,2.0514032175062351e+18,2.0447870126531236e+18,2.0514032175062351e+18,0.32252093575023566,15836.355234376486,2.3424244139706967e+18,88790624899.74777,26381438.54281344,4.684848827941393e+18,177581250000.0,0.5,0.09793950717362658,False,False,False,True,-13.256466474732292,-12.819759581609757,-12.64751438299867,-12.64751438299867,-0.608952091733622,False,0.25,4,32,-1.4973958333333334e-06,1.0416666666666667e-06,2,2.0,controlled_tilt,0.017477762559032294,,,,,,
conventional_s2,Conventional $S_2$,ok,optimal,0.007871771998907207,False,,conventional_s2,293.8164068255489,4407246.102383234,0.9999999992502681,3.3571428550007663,1312796.712185853,88790624884.82196,2.3424244135769324e+18,2.3424244135769324e+18,2.3359454108365916e+18,4.269081188720103e-19,0.09793950718185845,-10.277748688756404,-5.533875199721665,0.023525061034165372,1.6777382127458544e-05,64,-15671.29353391919,88545035510.36487,88545035443.97983,4.407246102383233,1.312796712185853,88790624884.82196,2.3424244135769324e+18,2.3359454108365916e+18,2.3424244135769324e+18,0.2765938872045463,15671.29353391919,2.3424244139706967e+18,88790624899.74777,26381438.54281344,4.684848827941393e+18,177581250000.0,0.5,0.09793950717362658,True,False,True,True,-13.256466474732292,-10.790566339726064,-10.277748688756404,-10.277748688756404,-2.9787177859758884,False,0.25,4,32,-1.4322916666666667e-06,1.0416666666666667e-06,2,2.0,controlled_tilt,,known_amplitude_linear,88790624899.74777,,,,
exact_efim,Exact EFIM,ok,optimal,0.00908863999939058,False,,exact_efim,293.78861990608357,4406829.298591253,0.9999999992403552,3.3571428549724436,1312672.5578758328,88908853171.94394,2.345543445867663e+18,2.345543445867663e+18,2.342424410064667e+18,4.263404294479313e-19,0.09787436703131304,-10.255731671427204,-5.508903385226903,0.02418077446989653,1.6568696597282686e-05,64,-10873.289306632883,88790624819.13736,88790624751.68802,4.406829298591253,1.3126725578758327,88908853171.94394,2.345543445867663e+18,2.342424410064667e+18,2.345543445867663e+18,0.1329771063712665,10873.289306632883,2.3424244139706967e+18,88790624899.74777,26381438.54281344,4.684848827941393e+18,177581250000.0,0.5,0.09793950717362658,True,True,False,True,-13.256466474732292,-10.765143186528636,-10.255731671427204,-10.255731671427204,-3.000734803305088,False,0.25,4,32,-1.4322916666666667e-06,1.0416666666666667e-06,2,2.0,controlled_tilt,,unknown_amplitude_exact,,2.3424244139706967e+18,88790624899.74777,quad_over_lin,1e-12
uniform,Uniform,ok,ok,1.2032000086037442e-05,False,,none,318.5044756581557,4777567.134872335,1.0,3.357142857142857,1423105.1040045253,76781250000.0,2.0255998281153943e+18,2.0255998281153943e+18,2.0255998281153943e+18,4.936809265680052e-19,0.10532073506634214,-13.256466474732292,-9.684463547443015,0.015625,0.0,64,0.0,76781250000.0,76781250000.0,4.777567134872335,1.4231051040045253,76781250000.0,2.0255998281153943e+18,2.0255998281153943e+18,2.0255998281153943e+18,0.0,0.0,2.3424244139706967e+18,88790624899.74777,26381438.54281344,4.684848827941393e+18,177581250000.0,0.5,0.09793950717362658,False,False,False,True,-13.256466474732292,-13.456972739469613,-13.256466474732292,-13.256466474732292,0.0,True,0.25,4,32,-1.4973958333333334e-06,1.0416666666666667e-06,3,2.0,controlled_tilt,,,,,,,
water_filling,Water-filling,ok,ok,0.00018690499928197823,False,,none,319.74340726232913,4796151.108934937,0.999999999999064,3.357142857140183,1428640.755854098,75615362762.17447,1.9948420456028495e+18,1.9948420456028495e+18,1.9905616792323825e+18,5.012928227597067e-19,0.10612958123431987,-14.24167066107616,-9.287315723922546,0.016707479559299816,5.200391056921121e-06,63,-12737.70641935451,75453113597.41959,75453113597.34895,4.796151108934937,1.4286407558540979,75615362762.17447,1.9948420456028495e+18,1.9905616792323825e+18,1.9948420456028495e+18,0.2145716940297159,12737.70641935451,2.3424244139706967e+18,88790624899.74777,26381438.54281344,4.684848827941393e+18,177581250000.0,0.5,0.09793950717362658,False,False,False,True,-13.256466474732292,-14.467113971066896,-14.24167066107616,-14.24167066107616,0.9852041863438679,True,0.25,4,32,-1.4973958333333334e-06,1.0416666666666667e-06,3,2.0,controlled_tilt,0.01677519541842001,,,,,,
conventional_s2,Conventional $S_2$,ok,optimal,0.0077706529991701245,False,,conventional_s2,318.36572406324734,4775485.86094871,0.9999999998024356,3.3571428565783874,1422485.150309005,88790624894.02274,2.3424244138196613e+18,2.3424244138196613e+18,2.3380977327979556e+18,4.269081188277728e-19,0.09793950717678407,-10.996091334234615,-5.813246246175975,0.02439872379348346,1.3375037727291844e-05,64,-12806.433618643692,88626620169.53587,88626620152.02641,4.775485860948709,1.422485150309005,88790624894.02274,2.342424413819662e+18,2.3380977327979556e+18,2.3424244138196613e+18,0.18470952557442183,12806.433618643692,2.3424244139706967e+18,88790624899.74777,26381438.54281344,4.684848827941393e+18,177581250000.0,0.5,0.09793950717362658,True,False,True,True,-13.256466474732292,-11.380532820987955,-10.964480649079746,-10.964480649079746,-2.291985825652546,False,0.25,4,32,-1.3997395833333333e-06,1.0416666666666667e-06,3,2.0,controlled_tilt,,known_amplitude_linear,88790624899.74777,,,,
exact_efim,Exact EFIM,ok,optimal,0.009025037998071639,False,,exact_efim,318.34395331340966,4775159.299701145,0.999999999356684,3.357142855304812,1422387.8772854854,88860594953.42165,2.3442703246415314e+18,2.3442703246415314e+18,2.3424244119632993e+18,4.2657196548052223e-19,0.09790094012311149,-10.984980015312917,-5.7872167474938045,0.024620051865858722,1.3325252148792606e-05,64,-8364.814989595108,88790624880.77693,88790624823.65651,4.775159299701145,1.4223878772854854,88860594953.42165,2.3442703246415314e+18,2.3424244119632993e+18,2.3442703246415314e+18,0.07874145992588663,8364.814989595108,2.3424244139706967e+18,88790624899.74777,26381438.54281344,4.684848827941393e+18,177581250000.0,0.5,0.09793950717362658,True,True,False,True,-13.256466474732292,-11.368747011314515,-10.952831588504297,-10.952831588504297,-2.3036348862279947,False,0.25,4,32,-1.3997395833333333e-06,1.0416666666666667e-06,3,2.0,controlled_tilt,,unknown_amplitude_exact,,2.3424244139706967e+18,88790624899.74777,quad_over_lin,1e-12
uniform,Uniform,ok,ok,1.3712997315451503e-05,False,,none,312.80984646145737,4692147.696921861,1.0,3.357142857142857,1397661.016104384,76781250000.0,2.0255998281153943e+18,2.0255998281153943e+18,2.0255998281153943e+18,4.936809265680052e-19,0.10532073506634214,-13.256466474732292,-9.684463547443015,0.015625,0.0,64,0.0,76781250000.0,76781250000.0,4.692147696921861,1.397661016104384,76781250000.0,2.0255998281153943e+18,2.0255998281153943e+18,2.0255998281153943e+18,0.0,0.0,2.3424244139706967e+18,88790624899.74777,26381438.54281344,4.684848827941393e+18,177581250000.0,0.5,0.09793950717362658,False,False,False,True,-13.256466474732292,-13.456972739469613,-13.256466474732292,-13.256466474732292,0.0,True,0.25,4,32,-1.4973958333333334e-06,1.0416666666666667e-06,4,2.0,controlled_tilt,,,,,,,
water_filling,Water-filling,ok,ok,0.00019356299890205264,False,,none,314.6116301204623,4719174.451806935,0.9999999999998659,3.357142857142474,1405711.5388362687,73482243891.26492,1.9385673012054339e+18,1.9385673012054339e+18,1.929878427271955e+18,5.158448713016995e-19,0.10765898122163678,-14.16843371642117,-9.463465250839821,0.016936539355559093,8.050192758990946e-06,63,-18148.15631855536,73152888313.51205,73152888313.50224,4.719174451806935,1.4057115388362686,73482243891.26492,1.9385673012054339e+18,1.929878427271955e+18,1.9385673012054339e+18,0.4482111055972121,18148.15631855536,2.3424244139706967e+18,88790624899.74777,26381438.54281344,4.684848827941393e+18,177581250000.0,0.5,0.09793950717362658,False,False,False,True,-13.256466474732292,-14.197612161674577,-14.142135368826548,-14.142135368826548,0.8856688940942554,True,0.25,4,32,-1.5299479166666667e-06,1.0416666666666667e-06,4,2.0,controlled_tilt,0.01698528694302044,,,,,,
conventional_s2,Conventional $S_2$,ok,optimal,0.008189298001525458,False,,conventional_s2,312.7865953443355,4691798.930165033,0.9999999994422014,3.357142855549147,1397557.1287977165,88790624876.16797,2.3424244133486275e+18,2.3424244133486275e+18,2.3322125997402353e+18,4.26908118913619e-19,0.0979395071866313,-10.705412369991645,-5.500726795813172,0.025967209135309265,1.7632910870532317e-05,64,-19674.43199645348,88403541651.31218,88403541602.00081,4.6917989301650325,1.3975571287977164,88790624876.16797,2.3424244133486275e+18,2.3322125997402353e+18,2.3424244133486275e+18,0.43595061382552064,19674.43199645348,2.3424244139706967e+18,88790624899.74777,26381438.54281344,4.684848827941393e+18,177581250000.0,0.5,0.09793950717362658,True,False,True,True,-13.256466474732292,-11.175186230391672,-10.699789721776504,-10.699789721776504,-2.556676752955788,False,0.25,4,32,-1.3997395833333333e-06,1.0416666666666667e-06,4,2.0,controlled_tilt,,known_amplitude_linear,88790624899.74777,,,,
exact_efim,Exact EFIM,ok,optimal,0.009389883001858834,False,,exact_efim,312.7322858721574,4690984.28808236,0.9999999992712922,3.357142855060835,1397314.4696570723,88933531667.8685,2.346194500091225e+18,2.346194500091225e+18,2.342424409329397e+18,4.262221226591051e-19,0.09786078632834372,-10.691846219420738,-5.454231530431249,0.027428604745150464,1.745439242158479e-05,64,-11954.369249581201,88790624788.51973,88790624723.8173,4.69098428808236,1.3973144696570723,88933531667.8685,2.3461945000912256e+18,2.342424409329397e+18,2.346194500091225e+18,0.16068960871237448,11954.369249581201,2.3424244139706967e+18,88790624899.74777,26381438.54281344,4.684848827941393e+18,177581250000.0,0.5,0.09793950717362658,True,True,False,True,-13.256466474732292,-11.147008124907154,-10.681781020699235,-10.681781020699235,-2.574685454033057,False,0.25,4,32,-1.3997395833333333e-06,1.0416666666666667e-06,4,2.0,controlled_tilt,,unknown_amplitude_exact,,2.3424244139706967e+18,88790624899.74777,quad_over_lin,1e-12
uniform,Uniform,ok,ok,1.2297998182475567e-05,False,,none,298.71146262789017,4480671.939418352,1.0,3.357142857142857,1334668.2372735518,76781250000.0,2.0255998281153943e+18,2.0255998281153943e+18,2.0255998281153943e+18,4.936809265680052e-19,0.10532073506634214,-13.256466474732292,-9.684463547443015,0.015625,0.0,64,0.0,76781250000.0,76781250000.0,4.480671939418352,1.3346682372735517,76781250000.0,2.0255998281153943e+18,2.0255998281153943e+18,2.0255998281153943e+18,0.0,0.0,2.3424244139706967e+18,88790624899.74777,26381438.54281344,4.684848827941393e+18,177581250000.0,0.5,0.09793950717362658,False,False,False,True,-13.256466474732292,-13.456972739469613,-13.256466474732292,-13.256466474732292,0.0,True,0.25,4,32,-1.4973958333333334e-06,1.0416666666666667e-06,5,2.0,controlled_tilt,,,,,,,
water_filling,Water-filling,ok,ok,0.0002219460002379492,False,,none,301.18439762175433,4517765.964326315,0.9999999999991652,3.3571428571404724,1345717.5212896455,75434724843.38162,1.9900765574497144e+18,1.9900765574497144e+18,1.9866222275604488e+18,5.024932313566375e-19,0.10625657555675974,-13.321512842910009,-7.807289420394426,0.017651955855283678,1.5474684516365524e-05,61,-11442.8095182309,75303786953.77408,75303786953.71121,4.517765964326315,1.3457175212896455,75434724843.38162,1.9900765574497144e+18,1.9866222275604488e+18,1.9900765574497144e+18,0.17357773882289193,11442.8095182309,2.3424244139706967e+18,88790624899.74777,26381438.54281344,4.684848827941393e+18,177581250000.0,0.5,0.09793950717362658,False,False,False,True,-13.256466474732292,-13.424593071490616,-13.321512842910009,-13.321512842910009,0.06504636817771647,True,0.25,4,32,-1.4973958333333334e-06,1.0416666666666667e-06,5,2.0,controlled_tilt,0.017708729706845006,,,,,,
conventional_s2,Conventional $S_2$,ok,optimal,0.008031416000449099,False,,conventional_s2,299.8695929414158,4498043.894121237,0.9999999992341656,3.357142854954759,1339842.862951941,88790624877.86438,2.3424244133933814e+18,2.3424244133933814e+18,2.3381165830389484e+18,4.2690811890546253e-19,0.0979395071856957,-10.448395767730998,-5.140058972891196,0.02546005136383625,2.186326152440401e-05,64,-12778.50536290006,88627334746.55362,88627334678.67976,4.4980438941212375,1.339842862951941,88790624877.86438,2.3424244133933814e+18,2.3381165830389484e+18,2.3424244133933814e+18,0.18390477531748542,12778.50536290006,2.3424244139706967e+18,88790624899.74777,26381438.54281344,4.684848827941393e+18,177581250000.0,0.5,0.09793950717362658,True,False,True,True,-13.256466474732292,-10.941922049990962,-10.448395767730998,-10.448395767730998,-2.808070707001294,False,0.25,4,32,-1.4322916666666667e-06,1.0416666666666667e-06,5,2.0,controlled_tilt,,known_amplitude_linear,88790624899.74777,,,,
exact_efim,Exact EFIM,ok,optimal,0.009527788999548648,False,,exact_efim,299.84931774332574,4497739.766149886,0.999999999219124,3.3571428549117828,1339752.2716584175,88859124620.86766,2.344231535153621e+18,2.344231535153621e+18,2.342424408502181e+18,4.265790238737952e-19,0.0979017500925124,-10.443564615588281,-5.126191264735882,0.024837897296985607,2.173733126521885e-05,64,-8276.468356725138,88790624761.79575,88790624692.46127,4.497739766149886,1.3397522716584176,88859124620.86766,2.3442315351536205e+18,2.342424408502181e+18,2.344231535153621e+18,0.07708823229876499,8276.468356725138,2.3424244139706967e+18,88790624899.74777,26381438.54281344,4.684848827941393e+18,177581250000.0,0.5,0.09793950717362658,True,True,False,True,-13.256466474732292,-10.928831407369238,-10.442700692443218,-10.442700692443218,-2.8137657822890745,False,0.25,4,32,-1.3997395833333333e-06,1.0416666666666667e-06,5,2.0,controlled_tilt,,unknown_amplitude_exact,,2.3424244139706967e+18,88790624899.74777,quad_over_lin,1e-12
uniform,Uniform,ok,ok,1.3212000339990482e-05,False,,none,297.4764240321175,4462146.360481762,1.0,3.357142857142857,1329149.9797179718,76781250000.0,2.0255998281153943e+18,2.0255998281153943e+18,2.0255998281153943e+18,4.936809265680052e-19,0.10532073506634214,-13.256466474732292,-9.684463547443015,0.015625,0.0,64,0.0,76781250000.0,76781250000.0,4.462146360481762,1.3291499797179718,76781250000.0,2.0255998281153943e+18,2.0255998281153943e+18,2.0255998281153943e+18,0.0,0.0,2.3424244139706967e+18,88790624899.74777,26381438.54281344,4.684848827941393e+18,177581250000.0,0.5,0.09793950717362658,False,False,False,True,-13.256466474732292,-13.456972739469613,-13.256466474732292,-13.256466474732292,0.0,True,0.25,4,32,-1.4973958333333334e-06,1.0416666666666667e-06,6,2.0,controlled_tilt,,,,,,,
water_filling,Water-filling,ok,ok,0.00018983900008606724,False,,none,300.7925077924553,4511887.616886829,0.9999999999992419,3.3571428571406914,1343966.5241799224,73668889768.57544,1.9434912879469706e+18,1.9434912879469706e+18,1.9208921496954757e+18,5.1453793809200015e-19,0.10752251351655955,-14.59236122962743,-8.64157260473875,0.017506618559428647,1.4589276254043047e-05,61,-29268.246417892773,72812259520.25279,72812259520.1976,4.511887616886829,1.3439665241799224,73668889768.57544,1.9434912879469706e+18,1.9208921496954757e+18,1.9434912879469706e+18,1.162811399858024,29268.246417892773,2.3424244139706967e+18,88790624899.74777,26381438.54281344,4.684848827941393e+18,177581250000.0,0.5,0.09793950717362658,False,False,False,True,-13.256466474732292,-14.75730548529567,-14.59236122962743,-14.59236122962743,1.335894754895138,True,0.25,4,32,-1.4973958333333334e-06,1.0416666666666667e-06,6,2.0,controlled_tilt,0.01755916362436004,,,,,,
conventional_s2,Conventional $S_2$,ok,optimal,0.007926332000351977,False,,conventional_s2,299.0485216381059,4485727.824571589,0.9999999993283927,3.3571428552239793,1336174.2463808004,88790624872.4233,2.342424413249837e+18,2.342424413249837e+18,2.314380737200766e+18,4.269081189316236e-19,0.09793950718869658,-10.764560845644608,-5.075195791960649,0.027526026587319317,2.5423409170327622e-05,64,-32603.801044012376,87727617089.53818,87727617030.61967,4.485727824571589,1.3361742463808004,88790624872.4233,2.3424244132498376e+18,2.314380737200766e+18,2.342424413249837e+18,1.197207299003677,32603.801044012376,2.3424244139706967e+18,88790624899.74777,26381438.54281344,4.684848827941393e+18,177581250000.0,0.5,0.09793950717362658,True,False,True,True,-13.256466474732292,-11.13781068580436,-10.734355616109543,-10.734355616109543,-2.5221108586227494,False,0.25,4,32,-1.3997395833333333e-06,1.0416666666666667e-06,6,2.0,controlled_tilt,,known_amplitude_linear,88790624899.74777,,,,
exact_efim,Exact EFIM,ok,optimal,0.009530888997687725,False,,exact_efim,298.90227159745706,4483534.073961856,0.9999999995244446,3.3571428557841276,1335520.7885291604,89179860500.37207,2.3526930090472417e+18,2.3526930090472417e+18,2.342424411073502e+18,4.2504482996911057e-19,0.0977255394114108,-10.677941647304356,-4.912797394161741,0.025802072936611617,2.5445910063630508e-05,64,-19729.057520034596,88790624832.1532,88790624789.92834,4.483534073961856,1.3355207885291605,89179860500.37207,2.3526930090472417e+18,2.342424411073502e+18,2.3526930090472417e+18,0.43646144797692676,19729.057520034596,2.3424244139706967e+18,88790624899.74777,26381438.54281344,4.684848827941393e+18,177581250000.0,0.5,0.09793950717362658,True,True,False,True,-13.256466474732292,-11.040233378967182,-10.643290078497007,-10.643290078497007,-2.6131763962352856,False,0.25,4,32,-1.3997395833333333e-06,1.0416666666666667e-06,6,2.0,controlled_tilt,,unknown_amplitude_exact,,2.3424244139706967e+18,88790624899.74777,quad_over_lin,1e-12
uniform,Uniform,ok,ok,1.2848999176640064e-05,False,,none,299.3178578777058,4489767.868165587,1.0,3.357142857142857,1337377.6628578345,76781250000.0,2.0255998281153943e+18,2.0255998281153943e+18,2.0255998281153943e+18,4.936809265680052e-19,0.10532073506634214,-13.256466474732292,-9.684463547443015,0.015625,0.0,64,0.0,76781250000.0,76781250000.0,4.489767868165587,1.3373776628578344,76781250000.0,2.0255998281153943e+18,2.0255998281153943e+18,2.0255998281153943e+18,0.0,0.0,2.3424244139706967e+18,88790624899.74777,26381438.54281344,4.684848827941393e+18,177581250000.0,0.5,0.09793950717362658,False,False,False,True,-13.256466474732292,-13.456972739469613,-13.256466474732292,-13.256466474732292,0.0,True,0.25,4,32,-1.4973958333333334e-06,1.0416666666666667e-06,7,2.0,controlled_tilt,,,,,,,
water_filling,Water-filling,ok,ok,0.00018893300148192793,False,,none,302.11302801734223,4531695.420260133,1.0000000000000167,3.3571428571429047,1349866.7209285311,76106221364.74477,2.0077916016597688e+18,2.0077916016597688e+18,1.98752682496609e+18,4.980596587680396e-19,0.10578677819530044,-13.754632469336945,-7.803648334956735,0.0177770610463277,1.6488591505563807e-05,62,-27715.43341853651,75338076115.16617,75338076115.16742,4.531695420260133,1.349866720928531,76106221364.74477,2.007791601659769e+18,1.98752682496609e+18,2.0077916016597688e+18,1.0093067765064208,27715.43341853651,2.3424244139706967e+18,88790624899.74777,26381438.54281344,4.684848827941393e+18,177581250000.0,0.5,0.09793950717362658,False,False,False,True,-13.256466474732292,-13.953947241731528,-13.754632469336945,-13.754632469336945,0.49816599460465305,True,0.25,4,32,-1.4973958333333334e-06,1.0416666666666667e-06,7,2.0,controlled_tilt,0.017800893009555965,,,,,,
conventional_s2,Conventional $S_2$,ok,optimal,0.008130823000101373,False,,conventional_s2,300.94642511287753,4514196.376693163,0.9999999997662914,3.3571428564751185,1344654.2401335016,88790624896.8137,2.342424413893292e+18,2.342424413893292e+18,2.321650715627011e+18,4.2690811881435357e-19,0.09793950717524477,-10.805085022277733,-5.150638808520483,0.02513360582645074,2.4006930590684393e-05,64,-28061.292650299994,88003188772.35907,88003188751.79196,4.514196376693163,1.3446542401335015,88790624896.8137,2.3424244138932915e+18,2.321650715627011e+18,2.342424413893292e+18,0.8868460447675003,28061.292650299994,2.3424244139706967e+18,88790624899.74777,26381438.54281344,4.684848827941393e+18,177581250000.0,0.5,0.09793950717362658,True,False,True,True,-13.256466474732292,-11.194798000918142,-10.780728069043871,-10.780728069043871,-2.4757384056884213,False,0.25,4,32,-1.3997395833333333e-06,1.0416666666666667e-06,7,2.0,controlled_tilt,,known_amplitude_linear,88790624899.74777,,,,
exact_efim,Exact EFIM,ok,optimal,0.00949207200028468,False,,exact_efim,300.85254141928317,4512788.121289248,0.9999999995438131,3.3571428558394665,1344234.7600548584,89131348406.23076,2.3514131902170696e+18,2.3514131902170696e+18,2.342424411573379e+18,4.2527617186143516e-19,0.09775213064862495,-10.746929332571565,-5.0583610600352005,0.025668416218370623,2.3550639885710543e-05,64,-18458.69977841857,88790624849.38152,88790624808.8764,4.512788121289248,1.3442347600548583,89131348406.23076,2.3514131902170696e+18,2.342424411573379e+18,2.3514131902170696e+18,0.38227133712985173,18458.69977841857,2.3424244139706967e+18,88790624899.74777,26381438.54281344,4.684848827941393e+18,177581250000.0,0.5,0.09793950717362658,True,True,False,True,-13.256466474732292,-11.129658719898831,-10.719321148272483,-10.719321148272483,-2.537145326459809,False,0.25,4,32,-1.3997395833333333e-06,1.0416666666666667e-06,7,2.0,controlled_tilt,,unknown_amplitude_exact,,2.3424244139706967e+18,88790624899.74777,quad_over_lin,1e-12
uniform,Uniform,ok,ok,1.3146000128472224e-05,False,,none,299.1234421745953,4486851.632618929,1.0,3.357142857142857,1336508.9969503193,76781250000.0,2.0255998281153943e+18,2.0255998281153943e+18,2.0255998281153943e+18,4.936809265680052e-19,0.10532073506634214,-13.256466474732292,-9.684463547443015,0.015625,0.0,64,0.0,76781250000.0,76781250000.0,4.486851632618929,1.3365089969503192,76781250000.0,2.0255998281153943e+18,2.0255998281153943e+18,2.0255998281153943e+18,0.0,0.0,2.3424244139706967e+18,88790624899.74777,26381438.54281344,4.684848827941393e+18,177581250000.0,0.5,0.09793950717362658,False,False,False,True,-13.256466474732292,-13.456972739469613,-13.256466474732292,-13.256466474732292,0.0,True,0.25,4,32,-1.4973958333333334e-06,1.0416666666666667e-06,0,3.0,controlled_tilt,,,,,,,
water_filling,Water-filling,ok,ok,0.00016747699919505976,False,,none,300.28506114451966,4504275.917167795,0.999999999999396,3.357142857141132,1341699.2093698198,74651918926.95348,1.969425011274515e+18,1.969425011274515e+18,1.9554814633580751e+18,5.077624150578088e-19,0.10681223011681751,-14.204083459553319,-9.331755768935619,0.017279699130378745,7.392199296135756e-06,63,-22989.917355513702,74123382626.98521,74123382626.94044,4.504275917167795,1.34169920936982,74651918926.95348,1.9694250112745144e+18,1.9554814633580751e+18,1.969425011274515e+18,0.7080009564525754,22989.917355513702,2.3424244139706967e+18,88790624899.74777,26381438.54281344,4.684848827941393e+18,177581250000.0,0.5,0.09793950717362658,False,False,False,True,-13.256466474732292,-14.385277228832276,-14.204083459553319,-14.204083459553319,0.9476169848210265,True,0.25,4,32,-1.4973958333333334e-06,1.0416666666666667e-06,0,3.0,controlled_tilt,0.01730912067695508,,,,,,
conventional_s2,Conventional $S_2$,ok,optimal,0.008335369999258546,False,,conventional_s2,298.7913412595598,4481870.118893397,0.9999999995817348,3.357142855947814,1335025.1422732624,88790624888.80276,2.342424413681951e+18,2.342424413681951e+18,2.32891561752568e+18,4.2690811885287054e-19,0.09793950717966297,-10.796449719192243,-5.810819202916954,0.0256632412818029,1.421318919688522e-05,64,-22628.673051179634,88278568081.88362,88278568044.95976,4.481870118893397,1.3350251422732624,88790624888.80276,2.342424413681951e+18,2.32891561752568e+18,2.342424413681951e+18,0.5767014755040585,22628.673051179634,2.3424244139706967e+18,88790624899.74777,26381438.54281344,4.684848827941393e+18,177581250000.0,0.5,0.09793950717362658,True,False,True,True,-13.256466474732292,-11.182958207470122,-10.768236610472073,-10.768236610472073,-2.4882298642602194,False,0.25,4,32,-1.3997395833333333e-06,1.0416666666666667e-06,0,3.0,controlled_tilt,,known_amplitude_linear,88790624899.74777,,,,
exact_efim,Exact EFIM,ok,optimal,0.009552884999720845,False,,exact_efim,298.72480451320337,4480872.06769805,0.9999999996453058,3.3571428561294456,1334727.8503555213,88993813798.00241,2.347784829402583e+18,2.347784829402583e+18,2.3424244120026706e+18,4.259334107097284e-19,0.09782763651857336,-10.75717138831838,-5.767354845391377,0.02452722210148149,1.3620960043177343e-05,64,-14254.436955754883,88790624856.64241,88790624825.1489,4.4808720676980505,1.3347278503555213,88993813798.00241,2.347784829402583e+18,2.3424244120026706e+18,2.347784829402583e+18,0.2283180865972483,14254.436955754883,2.3424244139706967e+18,88790624899.74777,26381438.54281344,4.684848827941393e+18,177581250000.0,0.5,0.09793950717362658,True,True,False,True,-13.256466474732292,-11.141168441627126,-10.72748103891183,-10.72748103891183,-2.528985435820463,False,0.25,4,32,-1.3997395833333333e-06,1.0416666666666667e-06,0,3.0,controlled_tilt,,unknown_amplitude_exact,,2.3424244139706967e+18,88790624899.74777,quad_over_lin,1e-12
uniform,Uniform,ok,ok,1.2349999451544136e-05,False,,none,311.376479479815,4670647.192197225,1.0,3.357142857142857,1391256.6104417266,76781250000.0,2.0255998281153943e+18,2.0255998281153943e+18,2.0255998281153943e+18,4.936809265680052e-19,0.10532073506634214,-13.256466474732292,-9.684463547443015,0.015625,0.0,64,0.0,76781250000.0,76781250000.0,4.670647192197225,1.3912566104417265,76781250000.0,2.0255998281153943e+18,2.0255998281153943e+18,2.0255998281153943e+18,0.0,0.0,2.3424244139706967e+18,88790624899.74777,26381438.54281344,4.684848827941393e+18,177581250000.0,0.5,0.09793950717362658,False,False,False,True,-13.256466474732292,-13.456972739469613,-13.256466474732292,-13.256466474732292,0.0,True,0.25,4,32,-1.4973958333333334e-06,1.0416666666666667e-06,1,3.0,controlled_tilt,,,,,,,
water_filling,Water-filling,ok,ok,0.00018424299923935905,False,,none,312.7340639611187,4691010.959416781,0.9999999999992324,3.3571428571406643,1397322.4134442091,74941884797.89236,1.977074728078202e+18,1.977074728078202e+18,1.9766976971455224e+18,5.057977757735243e-19,0.10660539038552631,-13.075541568016169,-8.652034770699368,0.017095857305108098,9.52802984555053e-06,62,-3780.413057489191,74927593275.06465,74927593275.00714,4.691010959416781,1.397322413444209,74941884797.89236,1.977074728078202e+18,1.9766976971455224e+18,1.977074728078202e+18,0.019070140714719953,3780.413057489191,2.3424244139706967e+18,88790624899.74777,26381438.54281344,4.684848827941393e+18,177581250000.0,0.5,0.09793950717362658,False,False,False,True,-13.256466474732292,-13.149202319243123,-13.0740438445776,-13.0740438445776,-0.18242263015469184,True,0.25,4,32,-1.5299479166666667e-06,1.0416666666666667e-06,1,3.0,controlled_tilt,0.017127015729170587,,,,,,
conventional_s2,Conventional $S_2$,ok,optimal,0.008177753999916604,False,,conventional_s2,311.18697194507524,4667804.579176129,0.9999999995982299,3.357142855994943,1390409.875123634,88790624888.30234,2.3424244136687493e+18,2.3424244136687493e+18,2.342359918978441e+18,4.269081188552766e-19,0.09793950717993898,-10.178775828326952,-5.401319370994915,0.025608843397078848,1.7787196595553697e-05,64,-1563.5534935674868,88788180224.44852,88788180188.77608,4.667804579176129,1.390409875123634,88790624888.30234,2.3424244136687493e+18,2.342359918978441e+18,2.3424244136687493e+18,0.0027533306915582902,1563.5534935674868,2.3424244139706967e+18,88790624899.74777,26381438.54281344,4.684848827941393e+18,177581250000.0,0.5,0.09793950717362658,True,False,True,True,-13.256466474732292,-10.694479348115202,-10.178775828326952,-10.178775828326952,-3.0776906464053404,False,0.25,4,32,-1.4322916666666667e-06,1.0416666666666667e-06,1,3.0,controlled_tilt,,known_amplitude_linear,88790624899.74777,,,,
exact_efim,Exact EFIM,ok,optimal,0.00937741799862124,False,,exact_efim,311.18664525384054,4667799.678807608,0.999999999538228,3.357142855823509,1390408.415510395,88791570996.85242,2.342449373373318e+18,2.342449373373318e+18,2.342424411257027e+18,4.2690356998406266e-19,0.09793898538687387,-10.177900845767343,-5.399635168165031,0.02551708844525701,1.7796168369926254e-05,64,-972.728105857349,88790624837.88596,88790624796.88493,4.667799678807608,1.390408415510395,88791570996.85242,2.342449373373318e+18,2.342424411257027e+18,2.342449373373318e+18,0.0010656416559015965,972.728105857349,2.3424244139706967e+18,88790624899.74777,26381438.54281344,4.684848827941393e+18,177581250000.0,0.5,0.09793950717362658,True,True,False,True,-13.256466474732292,-10.694480320135431,-10.177900845767343,-10.177900845767343,-3.078565628964949,False,0.25,4,32,-1.4322916666666667e-06,1.0416666666666667e-06,1,3.0,controlled_tilt,,unknown_amplitude_exact,,2.3424244139706967e+18,88790624899.74777,quad_over_lin,1e-12
uniform,Uniform,ok,ok,1.2755001080222428e-05,False,,none,289.23080092427506,4338462.013864126,1.0,3.357142857142857,1292307.8339169738,76781250000.0,2.0255998281153943e+18,2.0255998281153943e+18,2.0255998281153943e+18,4.936809265680052e-19,0.10532073506634214,-13.256466474732292,-9.684463547443015,0.015625,0.0,64,0.0,76781250000.0,76781250000.0,4.338462013864126,1.2923078339169738,76781250000.0,2.0255998281153943e+18,2.0255998281153943e+18,2.0255998281153943e+18,0.0,0.0,2.3424244139706967e+18,88790624899.74777,26381438.54281344,4.684848827941393e+18,177581250000.0,0.5,0.09793950717362658,False,False,False,True,-13.256466474732292,-13.456972739469613,-13.256466474732292,-13.256466474732292,0.0,True,0.25,4,32,-1.4973958333333334e-06,1.0416666666666667e-06,2,3.0,controlled_tilt,,,,,,,
water_filling,Water-filling,ok,ok,0.00019730200074263848,False,,none,291.38426400720454,4370763.960108068,1.0000000000002403,3.3571428571435438,1301929.69024469,74878924403.23712,1.9754137422959736e+18,1.9754137422959736e+18,1.946840693444541e+18,5.062230653704602e-19,0.10665019943695929,-14.319560836873018,-8.425685380995436,0.01782187301835769,1.4686497590330914e-05,62,-32910.088879894894,73795850453.13655,73795850453.15428,4.370763960108068,1.30192969024469,74878924403.23712,1.9754137422959736e+18,1.946840693444541e+18,1.9754137422959736e+18,1.446433637655217,32910.088879894894,2.3424244139706967e+18,88790624899.74777,26381438.54281344,4.684848827941393e+18,177581250000.0,0.5,0.09793950717362658,False,False,False,True,-13.256466474732292,-14.566747901014184,-14.319560836873018,-14.319560836873018,1.0630943621407258,True,0.25,4,32,-1.4973958333333334e-06,1.0416666666666667e-06,2,3.0,controlled_tilt,0.017872763912432782,,,,,,
conventional_s2,Conventional $S_2$,ok,optimal,0.007853751001675846,False,,conventional_s2,290.01253353532354,4350188.003029853,0.9999999998065059,3.357142856590017,1295800.6819669602,88790624894.71973,2.34242441383805e+18,2.34242441383805e+18,2.3150854412514596e+18,4.2690811882442147e-19,0.09793950717639964,-10.865811393893326,-5.443659419180675,0.025672979472939138,2.061144624027595e-05,64,-32191.547774929095,87754329163.75465,87754329146.7747,4.350188003029853,1.2958006819669603,88790624894.71973,2.3424244138380493e+18,2.3150854412514596e+18,2.34242441383805e+18,1.1671229357533655,32191.547774929095,2.3424244139706967e+18,88790624899.74777,26381438.54281344,4.684848827941393e+18,177581250000.0,0.5,0.09793950717362658,True,False,True,True,-13.256466474732292,-11.193513551056052,-10.829011393150427,-10.829011393150427,-2.427455081581865,False,0.25,4,32,-1.3997395833333333e-06,1.0416666666666667e-06,2,3.0,controlled_tilt,,known_amplitude_linear,88790624899.74777,,,,
exact_efim,Exact EFIM,ok,optimal,0.009563732000970049,False,,exact_efim,289.8852300256465,4348278.450384697,0.999999999336211,3.3571428552463174,1295231.879569706,89204617055.65747,2.3533461225890355e+18,2.3533461225890355e+18,2.3424244101377444e+18,4.249268691933209e-19,0.09771197780619317,-10.779705471195562,-5.349206909332642,0.02417188462885164,1.9535151807194208e-05,64,-20346.80076754708,88790624813.39627,88790624754.45802,4.348278450384697,1.295231879569706,89204617055.65747,2.353346122589035e+18,2.3424244101377444e+18,2.3533461225890355e+18,0.46409290781568524,20346.80076754708,2.3424244139706967e+18,88790624899.74777,26381438.54281344,4.684848827941393e+18,177581250000.0,0.5,0.09793950717362658,True,True,False,True,-13.256466474732292,-11.109258746423329,-10.744099602825258,-10.744099602825258,-2.512366871907034,False,0.25,4,32,-1.3997395833333333e-06,1.0416666666666667e-06,2,3.0,controlled_tilt,,unknown_amplitude_exact,,2.3424244139706967e+18,88790624899.74777,quad_over_lin,1e-12
uniform,Uniform,ok,ok,1.3541997759602964e-05,False,,none,298.09637139809894,4471445.570971484,1.0,3.357142857142857,1331919.957310655,76781250000.0,2.0255998281153943e+18,2.0255998281153943e+18,2.0255998281153943e+18,4.936809265680052e-19,0.10532073506634214,-13.256466474732292,-9.684463547443015,0.015625,0.0,64,0.0,76781250000.0,76781250000.0,4.471445570971484,1.3319199573106548,76781250000.0,2.0255998281153943e+18,2.0255998281153943e+18,2.0255998281153943e+18,0.0,0.0,2.3424244139706967e+18,88790624899.74777,26381438.54281344,4.684848827941393e+18,177581250000.0,0.5,0.09793950717362658,False,False,False,True,-13.256466474732292,-13.456972739469613,-13.256466474732292,-13.256466474732292,0.0,True,0.25,4,32,-1.4973958333333334e-06,1.0416666666666667e-06,3,3.0,controlled_tilt,,,,,,,
water_filling,Water-filling,ok,ok,0.0001907499972730875,False,,none,300.5054561832304,4507581.842748457,0.9999999999994807,3.357142857141374,1342683.9531597078,70469086190.33896,1.859075866498651e+18,1.859075866498651e+18,1.8193082959147643e+18,5.379016628747817e-19,0.10993656183907334,-14.944868116170223,-9.666164165295882,0.01775355989956358,1.5232028124719378e-05,63,-38825.34232626213,68961678983.62411,68961678983.5883,4.507581842748457,1.342683953159708,70469086190.33896,1.8590758664986504e+18,1.8193082959147643e+18,1.859075866498651e+18,2.139104234556285,38825.34232626213,2.3424244139706967e+18,88790624899.74777,26381438.54281344,4.684848827941393e+18,177581250000.0,0.5,0.09793950717362658,False,False,False,True,-13.256466474732292,-14.944868116170223,-14.944868116170223,-14.944868116170223,1.688401641437931,True,0.25,4,32,-1.5625e-06,1.0416666666666667e-06,3,3.0,controlled_tilt,0.01781823006042513,,,,,,
conventional_s2,Conventional $S_2$,ok,optimal,0.008211340998968808,False,,conventional_s2,298.154596957394,4472318.95436091,0.9999999994244583,3.3571428554984526,1332180.1147174838,88790624874.47195,2.3424244133038843e+18,2.3424244133038843e+18,2.2989228069131988e+18,4.269081189217734e-19,0.0979395071875667,-10.88846043212823,-5.280062515380263,0.029465352709874187,2.388491356451148e-05,64,-40607.2342429925,87141677452.7094,87141677402.55573,4.47231895436091,1.3321801147174837,88790624874.47195,2.3424244133038843e+18,2.2989228069131988e+18,2.3424244133038843e+18,1.857118895432292,40607.2342429925,2.3424244139706967e+18,88790624899.74777,26381438.54281344,4.684848827941393e+18,177581250000.0,0.5,0.09793950717362658,True,False,True,True,-13.256466474732292,-11.32780380847478,-10.878405428203614,-10.878405428203614,-2.3780610465286784,False,0.25,4,32,-1.3997395833333333e-06,1.0416666666666667e-06,3,3.0,controlled_tilt,,known_amplitude_linear,88790624899.74777,,,,
exact_efim,Exact EFIM,ok,optimal,0.00934567500007688,False,,exact_efim,297.92804742450863,4468920.7113676295,0.9999999991482236,3.3571428547092106,1331167.8724361937,89290111249.69006,2.3556015824146734e+18,2.3556015824146734e+18,2.3424244084718013e+18,4.245200068913703e-19,0.09766518758890096,-10.838541800133157,-5.185838464372141,0.026734630010439995,2.1660023475207034e-05,64,-22349.195931974136,88790624766.9395,88790624691.30974,4.4689207113676295,1.3311678724361937,89290111249.69006,2.3556015824146734e+18,2.3424244084718013e+18,2.3556015824146734e+18,0.5593973973036834,22349.195931974136,2.3424244139706967e+18,88790624899.74777,26381438.54281344,4.684848827941393e+18,177581250000.0,0.5,0.09793950717362658,True,True,False,True,-13.256466474732292,-11.231666600623642,-10.813033838186175,-10.813033838186175,-2.4434326365461168,False,0.25,4,32,-1.3997395833333333e-06,1.0416666666666667e-06,3,3.0,controlled_tilt,,unknown_amplitude_exact,,2.3424244139706967e+18,88790624899.74777,quad_over_lin,1e-12
uniform,Uniform,ok,ok,1.2623997463379055e-05,False,,none,308.18188953644665,4622728.3430467,1.0,3.357142857142857,1376982.9106947617,76781250000.0,2.0255998281153943e+18,2.0255998281153943e+18,2.0255998281153943e+18,4.936809265680052e-19,0.10532073506634214,-13.256466474732292,-9.684463547443015,0.015625,0.0,64,0.0,76781250000.0,76781250000.0,4.6227283430467,1.3769829106947618,76781250000.0,2.0255998281153943e+18,2.0255998281153943e+18,2.0255998281153943e+18,0.0,0.0,2.3424244139706967e+18,88790624899.74777,26381438.54281344,4.684848827941393e+18,177581250000.0,0.5,0.09793950717362658,False,False,False,True,-13.256466474732292,-13.456972739469613,-13.256466474732292,-13.256466474732292,0.0,True,0.25,4,32,-1.4973958333333334e-06,1.0416666666666667e-06,4,3.0,controlled_tilt,,,,,,,
water_filling,Water-filling,ok,ok,0.00018993900084751658,False,,none,311.3320622150161,4669980.9332252415,0.9999999999994362,3.3571428571412465,1391058.1503230797,73484863329.44386,1.9386364057527677e+18,1.9386364057527677e+18,1.917269860243867e+18,5.158264835182967e-19,0.1076570624009023,-14.295931764811625,-8.410716954176907,0.017678483121618314,1.6191936231171766e-05,61,-28458.887536269445,72674955049.68326,72674955049.64229,4.669980933225242,1.3910581503230797,73484863329.44386,1.9386364057527683e+18,1.917269860243867e+18,1.9386364057527677e+18,1.1021430034789987,28458.887536269445,2.3424244139706967e+18,88790624899.74777,26381438.54281344,4.684848827941393e+18,177581250000.0,0.5,0.09793950717362658,False,False,False,True,-13.256466474732292,-14.344511068423223,-14.278916835293163,-14.278916835293163,1.022450360560871,True,0.25,4,32,-1.5299479166666667e-06,1.0416666666666667e-06,4,3.0,controlled_tilt,0.017744277217263668,,,,,,
conventional_s2,Conventional $S_2$,ok,optimal,0.007966511999256909,False,,conventional_s2,309.6394157974347,4644591.23696152,0.9999999993628699,3.3571428553224854,1383495.2628238285,88790624883.23376,2.3424244135350333e+18,2.3424244135350333e+18,2.3192471471260636e+18,4.269081188796464e-19,0.09793950718273438,-10.792218837072994,-5.096288565328212,0.02718615201210623,2.454457904168358e-05,64,-29640.25051072534,87912080489.46638,87912080433.45496,4.64459123696152,1.3834952628238284,88790624883.23376,2.3424244135350333e+18,2.3192471471260636e+18,2.3424244135350333e+18,0.9894563203425684,29640.25051072534,2.3424244139706967e+18,88790624899.74777,26381438.54281344,4.684848827941393e+18,177581250000.0,0.5,0.09793950717362658,True,False,True,True,-13.256466474732292,-11.228447202940728,-10.778595818610285,-10.778595818610285,-2.4778706561220076,False,0.25,4,32,-1.3997395833333333e-06,1.0416666666666667e-06,4,3.0,controlled_tilt,,known_amplitude_linear,88790624899.74777,,,,
exact_efim,Exact EFIM,ok,optimal,0.009567609999066917,False,,exact_efim,309.5237971963406,4642856.957945108,0.9999999993220239,3.3571428552057827,1382978.6691220547,89117160364.30716,2.3510388892610186e+18,2.3510388892610186e+18,2.3424244105495654e+18,4.253438786435052e-19,0.09775991173211732,-10.76392767946073,-5.000332295353013,0.025590906578675868,2.4080994522106073e-05,64,-18070.295915126262,88790624830.26624,88790624770.06831,4.642856957945108,1.3829786691220547,89117160364.30716,2.351038889261019e+18,2.3424244105495654e+18,2.3510388892610186e+18,0.3664115787621402,18070.295915126262,2.3424244139706967e+18,88790624899.74777,26381438.54281344,4.684848827941393e+18,177581250000.0,0.5,0.09793950717362658,True,True,False,True,-13.256466474732292,-11.172963157537119,-10.741686574486973,-10.741686574486973,-2.514779900245319,False,0.25,4,32,-1.3997395833333333e-06,1.0416666666666667e-06,4,3.0,controlled_tilt,,unknown_amplitude_exact,,2.3424244139706967e+18,88790624899.74777,quad_over_lin,1e-12
uniform,Uniform,ok,ok,1.2662996596191078e-05,False,,none,289.2665799654189,4338998.699481283,1.0,3.357142857142857,1292467.6977178291,76781250000.0,2.0255998281153943e+18,2.0255998281153943e+18,2.0255998281153943e+18,4.936809265680052e-19,0.10532073506634214,-13.256466474732292,-9.684463547443015,0.015625,0.0,64,0.0,76781250000.0,76781250000.0,4.338998699481284,1.292467697717829,76781250000.0,2.0255998281153943e+18,2.0255998281153943e+18,2.0255998281153943e+18,0.0,0.0,2.3424244139706967e+18,88790624899.74777,26381438.54281344,4.684848827941393e+18,177581250000.0,0.5,0.09793950717362658,False,False,False,True,-13.256466474732292,-13.456972739469613,-13.256466474732292,-13.256466474732292,0.0,True,0.25,4,32,-1.4973958333333334e-06,1.0416666666666667e-06,5,3.0,controlled_tilt,,,,,,,
water_filling,Water-filling,ok,ok,0.0001925590004248079,False,,none,291.94132432302615,4379119.864845392,1.0000000000008906,3.357142857145402,1304418.6831444472,75574730429.88557,1.993770106225719e+18,1.993770106225719e+18,1.9747150102102262e+18,5.015623400498452e-19,0.10615810738930342,-14.336461570908888,-8.287626498706167,0.017676788309269862,1.3821143990967882e-05,62,-26875.486467262905,74852438656.96623,74852438657.0329,4.379119864845392,1.304418683144447,75574730429.88557,1.993770106225719e+18,1.9747150102102262e+18,1.993770106225719e+18,0.9557318547405081,26875.486467262905,2.3424244139706967e+18,88790624899.74777,26381438.54281344,4.684848827941393e+18,177581250000.0,0.5,0.09793950717362658,False,False,False,True,-13.256466474732292,-14.596828598322777,-14.336023565224167,-14.336023565224167,1.0795570904918748,True,0.25,4,32,-1.46484375e-06,1.0416666666666667e-06,5,3.0,controlled_tilt,0.017742639998271432,,,,,,
conventional_s2,Conventional $S_2$,ok,optimal,0.008021563000511378,False,,conventional_s2,290.6896703081718,4360345.054622577,0.9999999996926858,3.357142856264817,1298826.1868230207,88790624890.9085,2.342424413737504e+18,2.342424413737504e+18,2.323579615447332e+18,4.2690811884274607e-19,0.09793950717850161,-11.010071819997444,-5.339173838476245,0.02455571736559206,2.1417746423372765e-05,64,-26726.772074986417,88076304572.64684,88076304545.57974,4.360345054622576,1.2988261868230206,88790624890.9085,2.342424413737504e+18,2.323579615447332e+18,2.342424413737504e+18,0.8044997388028284,26726.772074986417,2.3424244139706967e+18,88790624899.74777,26381438.54281344,4.684848827941393e+18,177581250000.0,0.5,0.09793950717362658,True,False,True,True,-13.256466474732292,-11.340881186217644,-10.972939657452015,-10.972939657452015,-2.2835268172802774,False,0.25,4,32,-1.3997395833333333e-06,1.0416666666666667e-06,5,3.0,controlled_tilt,,known_amplitude_linear,88790624899.74777,,,,
exact_efim,Exact EFIM,ok,optimal,0.009437317003175849,False,,exact_efim,290.60308431221705,4359046.264683256,0.9999999993657449,3.3571428553307,1298439.3135852607,89093617960.43211,2.350417806780039e+18,2.350417806780039e+18,2.342424410178854e+18,4.2545627297214556e-19,0.09777282708654038,-10.952142355188306,-5.241315897402541,0.02619555512254735,2.1106309521990535e-05,64,-17406.699991898433,88790624812.33223,88790624756.01633,4.359046264683256,1.2984393135852605,89093617960.43211,2.350417806780039e+18,2.342424410178854e+18,2.350417806780039e+18,0.3400840726328505,17406.699991898433,2.3424244139706967e+18,88790624899.74777,26381438.54281344,4.684848827941393e+18,177581250000.0,0.5,0.09793950717362658,True,True,False,True,-13.256466474732292,-11.285318765381476,-10.915607869535773,-10.915607869535773,-2.3408586051965194,False,0.25,4,32,-1.3997395833333333e-06,1.0416666666666667e-06,5,3.0,controlled_tilt,,unknown_amplitude_exact,,2.3424244139706967e+18,88790624899.74777,quad_over_lin,1e-12
uniform,Uniform,ok,ok,1.296399932471104e-05,False,,none,302.83825923961336,4542573.888594201,1.0,3.357142857142857,1353107.1157514642,76781250000.0,2.0255998281153943e+18,2.0255998281153943e+18,2.0255998281153943e+18,4.936809265680052e-19,0.10532073506634214,-13.256466474732292,-9.684463547443015,0.015625,0.0,64,0.0,76781250000.0,76781250000.0,4.542573888594201,1.3531071157514643,76781250000.0,2.0255998281153943e+18,2.0255998281153943e+18,2.0255998281153943e+18,0.0,0.0,2.3424244139706967e+18,88790624899.74777,26381438.54281344,4.684848827941393e+18,177581250000.0,0.5,0.09793950717362658,False,False,False,True,-13.256466474732292,-13.456972739469613,-13.256466474732292,-13.256466474732292,0.0,True,0.25,4,32,-1.4973958333333334e-06,1.0416666666666667e-06,6,3.0,controlled_tilt,,,,,,,
water_filling,Water-filling,ok,ok,0.0001853220019256696,False,,none,304.6211296654734,4569316.944982101,0.9999999999995295,3.357142857141513,1361073.1325484049,74371044922.82104,1.962015150996221e+18,1.962015150996221e+18,1.9448237438126246e+18,5.096800600608238e-19,0.10701373667414824,-12.84171638633654,-8.561854767780119,0.017535575803636398,1.2156046245370192e-05,63,-25527.39372097743,73719397092.67024,73719397092.63556,4.569316944982101,1.361073132548405,74371044922.82104,1.962015150996221e+18,1.9448237438126246e+18,1.962015150996221e+18,0.8762117445865433,25527.39372097743,2.3424244139706967e+18,88790624899.74777,26381438.54281344,4.684848827941393e+18,177581250000.0,0.5,0.09793950717362658,False,False,False,True,-13.256466474732292,-12.859825733831814,-12.81307398087442,-12.81307398087442,-0.44339249385787305,False,0.25,4,32,-1.5299479166666667e-06,1.0416666666666667e-06,6,3.0,controlled_tilt,0.017573909952765282,,,,,,
conventional_s2,Conventional $S_2$,ok,optimal,0.007535723998444155,False,,conventional_s2,303.0920781215499,4546381.171823248,0.999999999817742,3.3571428566221204,1354241.2003276239,88790624894.09875,2.3424244138216673e+18,2.3424244138216673e+18,2.3254570222891633e+18,4.269081188274072e-19,0.09793950717674213,-9.972843879299758,-5.536811954480721,0.026209863206233034,1.7198462367035474e-05,64,-25360.528756024873,88147468491.4964,88147468475.43082,4.546381171823248,1.3542412003276239,88790624894.09875,2.3424244138216673e+18,2.3254570222891633e+18,2.3424244138216673e+18,0.7243517200549388,25360.528756024873,2.3424244139706967e+18,88790624899.74777,26381438.54281344,4.684848827941393e+18,177581250000.0,0.5,0.09793950717362658,True,False,True,True,-13.256466474732292,-10.516213625713153,-9.972843879299758,-9.972843879299758,-3.2836225954325347,False,0.25,4,32,-1.4322916666666667e-06,1.0416666666666667e-06,6,3.0,controlled_tilt,,known_amplitude_linear,88790624899.74777,,,,
exact_efim,Exact EFIM,ok,optimal,0.009609731001546606,False,,exact_efim,303.00952502483784,4545142.875372567,0.9999999994060778,3.357142855445937,1353872.3465399942,89037324057.21785,2.3489326926320573e+18,2.3489326926320573e+18,2.3424244081498644e+18,4.257252679639222e-19,0.09780373066781431,-9.936859796345534,-5.532250153374453,0.024906215109592508,1.59672157835544e-05,64,-15706.666681946917,88790624731.84131,88790624679.10658,4.545142875372568,1.3538723465399942,89037324057.21785,2.3489326926320573e+18,2.3424244081498644e+18,2.3489326926320573e+18,0.27707411551670075,15706.666681946917,2.3424244139706967e+18,88790624899.74777,26381438.54281344,4.684848827941393e+18,177581250000.0,0.5,0.09793950717362658,True,True,False,True,-13.256466474732292,-10.463639377709256,-9.936859796345534,-9.936859796345534,-3.3196066783867586,False,0.25,4,32,-1.4322916666666667e-06,1.0416666666666667e-06,6,3.0,controlled_tilt,,unknown_amplitude_exact,,2.3424244139706967e+18,88790624899.74777,quad_over_lin,1e-12
uniform,Uniform,ok,ok,1.2604999938048422e-05,False,,none,290.66626956992445,4359994.043548867,1.0,3.357142857142857,1298721.6299932795,76781250000.0,2.0255998281153943e+18,2.0255998281153943e+18,2.0255998281153943e+18,4.936809265680052e-19,0.10532073506634214,-13.256466474732292,-9.684463547443015,0.015625,0.0,64,0.0,76781250000.0,76781250000.0,4.359994043548867,1.2987216299932796,76781250000.0,2.0255998281153943e+18,2.0255998281153943e+18,2.0255998281153943e+18,0.0,0.0,2.3424244139706967e+18,88790624899.74777,26381438.54281344,4.684848827941393e+18,177581250000.0,0.5,0.09793950717362658,False,False,False,True,-13.256466474732292,-13.456972739469613,-13.256466474732292,-13.256466474732292,0.0,True,0.25,4,32,-1.4973958333333334e-06,1.0416666666666667e-06,7,3.0,controlled_tilt,,,,,,,
water_filling,Water-filling,ok,ok,0.00019639899983303621,False,,none,292.10236463272963,4381535.469490944,1.0000000000002567,3.357142857143591,1305138.2249544642,75300089934.41591,1.9865246948731185e+18,1.9865246948731185e+18,1.978154630604582e+18,5.033916782312495e-19,0.10635152534676609,-13.43372864720974,-8.512302478325632,0.017629751955739785,1.0609186052913974e-05,63,-17812.10143608326,74982818976.82727,74982818976.84651,4.381535469490944,1.3051382249544643,75300089934.41591,1.9865246948731182e+18,1.978154630604582e+18,1.9865246948731185e+18,0.4213420699042043,17812.10143608326,2.3424244139706967e+18,88790624899.74777,26381438.54281344,4.684848827941393e+18,177581250000.0,0.5,0.09793950717362658,False,False,False,True,-13.256466474732292,-13.512453268605098,-13.43372864720974,-13.43372864720974,0.17726217247744813,True,0.25,4,32,-1.4973958333333334e-06,1.0416666666666667e-06,7,3.0,controlled_tilt,0.0176659583634389,,,,,,
conventional_s2,Conventional $S_2$,ok,optimal,0.007923744000436272,False,,conventional_s2,290.7832819258208,4361749.228887312,0.9999999994087423,3.3571428554535494,1299244.4518117001,88790624884.30722,2.3424244135633526e+18,2.3424244135633526e+18,2.333705363018753e+18,4.269081188744852e-19,0.09793950718214235,-10.479173214704513,-5.504713861388218,0.025451967986194958,1.7165764303060595e-05,64,-18179.64344093089,88460125501.16599,88460125448.86325,4.361749228887312,1.2992444518117001,88790624884.30722,2.3424244135633526e+18,2.333705363018753e+18,2.3424244135633526e+18,0.3722233466366551,18179.64344093089,2.3424244139706967e+18,88790624899.74777,26381438.54281344,4.684848827941393e+18,177581250000.0,0.5,0.09793950717362658,True,False,True,True,-13.256466474732292,-10.989468282806742,-10.479173214704513,-10.479173214704513,-2.777293260027779,False,0.25,4,32,-1.4322916666666667e-06,1.0416666666666667e-06,7,3.0,controlled_tilt,,known_amplitude_linear,88790624899.74777,,,,
exact_efim,Exact EFIM,ok,optimal,0.009197392999340082,False,,exact_efim,290.7427033978523,4361140.550967785,0.99999999979345,3.3571428565527146,1299063.1430698263,88927266968.23651,2.346029228302895e+18,2.346029228302895e+18,2.3424244193899576e+18,4.262521489228822e-19,0.09786423328930463,-10.464410466426193,-5.504216986809239,0.02458641707404839,1.6556634334230927e-05,64,-11689.39104904501,88790625123.50694,88790625105.16724,4.361140550967785,1.2990631430698263,88927266968.23651,2.346029228302895e+18,2.3424244193899576e+18,2.346029228302895e+18,0.15365575455959563,11689.39104904501,2.3424244139706967e+18,88790624899.74777,26381438.54281344,4.684848827941393e+18,177581250000.0,0.5,0.09793950717362658,True,True,False,True,-13.256466474732292,-10.955310366869648,-10.464410466426193,-10.464410466426193,-2.7920560083060995,False,0.25,4,32,-1.4322916666666667e-06,1.0416666666666667e-06,7,3.0,controlled_tilt,,unknown_amplitude_exact,,2.3424244139706967e+18,88790624899.74777,quad_over_lin,1e-12
uniform,Uniform,ok,ok,1.2902000889880583e-05,False,,none,284.92447001254504,4273867.050188175,1.0,3.357142857142857,1273066.7809071161,76781250000.0,2.0255998281153943e+18,2.0255998281153943e+18,2.0255998281153943e+18,4.936809265680052e-19,0.10532073506634214,-13.256466474732292,-9.684463547443015,0.015625,0.0,64,0.0,76781250000.0,76781250000.0,4.2738670501881755,1.2730667809071161,76781250000.0,2.0255998281153943e+18,2.0255998281153943e+18,2.0255998281153943e+18,0.0,0.0,2.3424244139706967e+18,88790624899.74777,26381438.54281344,4.684848827941393e+18,177581250000.0,0.5,0.09793950717362658,False,False,False,True,-13.256466474732292,-13.456972739469613,-13.256466474732292,-13.256466474732292,0.0,True,0.25,4,32,-1.4973958333333334e-06,1.0416666666666667e-06,0,4.0,controlled_tilt,,,,,,,
water_filling,Water-filling,ok,ok,0.00019927100220229477,False,,none,287.4700573807809,4312050.860711713,0.999999999999749,3.35714285714214,1284440.6819144017,69885834195.6133,1.8436888398448218e+18,1.8436888398448218e+18,1.8028773031978703e+18,5.423908733342266e-19,0.11039436198338226,-15.447201016737278,-9.741015545836802,0.017968703915829696,1.6191060163311207e-05,63,-39331.656439819235,68338854997.330864,68338854997.31371,4.312050860711714,1.2844406819144016,69885834195.6133,1.843688839844822e+18,1.8028773031978703e+18,1.8436888398448218e+18,2.213580500405178,39331.656439819235,2.3424244139706967e+18,88790624899.74777,26381438.54281344,4.684848827941393e+18,177581250000.0,0.5,0.09793950717362658,False,False,False,True,-13.256466474732292,-15.447201016737278,-15.447201016737278,-15.447201016737278,2.1907345420049857,True,0.25,4,32,-1.5625e-06,1.0416666666666667e-06,0,4.0,controlled_tilt,0.018019548043086267,,,,,,
conventional_s2,Conventional $S_2$,ok,optimal,0.008211763997678645,False,,conventional_s2,284.93024682647155,4273953.702397074,0.9999999995095175,3.3571428557414786,1273092.592734813,88790624874.46356,2.342424413303662e+18,2.342424413303662e+18,2.290497204854557e+18,4.269081189218139e-19,0.09793950718757133,-10.930524015521021,-5.012223525289096,0.03112176240526567,2.8333936247185256e-05,64,-44365.79329548642,86822301303.27599,86822301260.69116,4.2739537023970735,1.273092592734813,88790624874.46356,2.3424244133036626e+18,2.290497204854557e+18,2.342424413303662e+18,2.2168146879868402,44365.79329548642,2.3424244139706967e+18,88790624899.74777,26381438.54281344,4.684848827941393e+18,177581250000.0,0.5,0.09793950717362658,True,False,True,True,-13.256466474732292,-11.379696448351096,-10.922367817277836,-10.922367817277836,-2.334098657454456,False,0.25,4,32,-1.3997395833333333e-06,1.0416666666666667e-06,0,4.0,controlled_tilt,,known_amplitude_linear,88790624899.74777,,,,
exact_efim,Exact EFIM,ok,optimal,0.009124658001383068,False,,exact_efim,284.6548010472174,4269822.015708261,0.9999999992683272,3.3571428550523637,1271861.8778114708,89344950323.1287,2.357048316060339e+18,2.357048316060339e+18,2.3424244089287516e+18,4.2425944058348293e-19,0.09763521001057847,-10.830445658522166,-4.854391313294349,0.030436020144404576,2.6440109065044286e-05,64,-23544.120601620016,88790624773.59633,88790624708.63065,4.269822015708261,1.2718618778114708,89344950323.1287,2.357048316060339e+18,2.3424244089287516e+18,2.357048316060339e+18,0.6204330658792155,23544.120601620016,2.3424244139706967e+18,88790624899.74777,26381438.54281344,4.684848827941393e+18,177581250000.0,0.5,0.09793950717362658,True,True,False,True,-13.256466474732292,-11.222473927372402,-10.803827655255615,-10.803827655255615,-2.452638819476677,False,0.25,4,32,-1.3997395833333333e-06,1.0416666666666667e-06,0,4.0,controlled_tilt,,unknown_amplitude_exact,,2.3424244139706967e+18,88790624899.74777,quad_over_lin,1e-12
uniform,Uniform,ok,ok,1.3235003279987723e-05,False,,none,289.25269482568046,4338790.422385207,1.0,3.357142857142857,1292405.6577317638,76781250000.0,2.0255998281153943e+18,2.0255998281153943e+18,2.0255998281153943e+18,4.936809265680052e-19,0.10532073506634214,-13.256466474732292,-9.684463547443015,0.015625,0.0,64,0.0,76781250000.0,76781250000.0,4.338790422385207,1.2924056577317637,76781250000.0,2.0255998281153943e+18,2.0255998281153943e+18,2.0255998281153943e+18,0.0,0.0,2.3424244139706967e+18,88790624899.74777,26381438.54281344,4.684848827941393e+18,177581250000.0,0.5,0.09793950717362658,False,False,False,True,-13.256466474732292,-13.456972739469613,-13.256466474732292,-13.256466474732292,0.0,True,0.25,4,32,-1.4973958333333334e-06,1.0416666666666667e-06,1,4.0,controlled_tilt,,,,,,,
water_filling,Water-filling,ok,ok,0.0001836019982874859,False,,none,292.80182787978686,4392027.418196803,0.9999999999997695,3.3571428571421986,1308263.4862716447,67719255886.582924,1.786531387336945e+18,1.786531387336945e+18,1.7375642665515533e+18,5.597438741284186e-19,0.1121464116277384,-14.666204211348422,-9.916254619095163,0.017957677397479863,1.923470852021879e-05,61,-43082.71338318751,65863135694.14065,65863135694.125465,4.392027418196803,1.3082634862716447,67719255886.582924,1.7865313873369446e+18,1.7375642665515533e+18,1.786531387336945e+18,2.740904589332932,43082.71338318751,2.3424244139706967e+18,88790624899.74777,26381438.54281344,4.684848827941393e+18,177581250000.0,0.5,0.09793950717362658,False,False,False,True,-13.256466474732292,-14.75295269722215,-14.666204211348422,-14.666204211348422,1.4097377366161297,True,0.25,4,32,-1.6276041666666668e-06,1.0416666666666667e-06,1,4.0,controlled_tilt,0.01800631317782031,,,,,,
conventional_s2,Conventional $S_2$,ok,optimal,0.007858846998715308,False,,conventional_s2,289.53351593246794,4343002.738987019,0.9999999996017356,3.357142856004959,1293660.390775043,88790624876.40918,2.342424413354991e+18,2.342424413354991e+18,2.2621169454283812e+18,4.269081189124592e-19,0.09793950718649827,-10.421038215473612,-4.566354075438241,0.034844179362538474,3.674821433023415e-05,64,-55173.270695900785,85746535112.48819,85746535078.3384,4.343002738987019,1.293660390775043,88790624876.40918,2.342424413354991e+18,2.2621169454283812e+18,2.342424413354991e+18,3.428391006717169,55173.270695900785,2.3424244139706967e+18,88790624899.74777,26381438.54281344,4.684848827941393e+18,177581250000.0,0.5,0.09793950717362658,True,False,True,True,-13.256466474732292,-10.938101831284344,-10.421038215473612,-10.421038215473612,-2.8354282592586806,False,0.25,4,32,-1.4322916666666667e-06,1.0416666666666667e-06,1,4.0,controlled_tilt,,known_amplitude_linear,88790624899.74777,,,,
exact_efim,Exact EFIM,ok,optimal,0.00942241099983221,False,,exact_efim,289.07422476271614,4336113.371440742,0.9999999992273388,3.357142854935254,1291608.2391508385,89524380600.38913,2.3617819448926054e+18,2.3617819448926054e+18,2.34242440834649e+18,4.2340911368321593e-19,0.09753731768497075,-10.351243540666813,-4.29080944747861,0.03030339436207626,3.512591038679334e-05,64,-27087.92931171237,88790624755.16483,88790624686.55975,4.336113371440742,1.2916082391508386,89524380600.38913,2.3617819448926054e+18,2.34242440834649e+18,2.3617819448926054e+18,0.819615739208126,27087.92931171237,2.3424244139706967e+18,88790624899.74777,26381438.54281344,4.684848827941393e+18,177581250000.0,0.5,0.09793950717362658,True,True,False,True,-13.256466474732292,-10.833763271973352,-10.351243540666813,-10.351243540666813,-2.9052229340654794,False,0.25,4,32,-1.4322916666666667e-06,1.0416666666666667e-06,1,4.0,controlled_tilt,,unknown_amplitude_exact,,2.3424244139706967e+18,88790624899.74777,quad_over_lin,1e-12
uniform,Uniform,ok,ok,1.1851003364427015e-05,False,,none,295.02953982825784,4425443.097423867,1.0,3.357142857142857,1318217.0928496625,76781250000.0,2.0255998281153943e+18,2.0255998281153943e+18,2.0255998281153943e+18,4.936809265680052e-19,0.10532073506634214,-13.256466474732292,-9.684463547443015,0.015625,0.0,64,0.0,76781250000.0,76781250000.0,4.425443097423868,1.3182170928496626,76781250000.0,2.0255998281153943e+18,2.0255998281153943e+18,2.0255998281153943e+18,0.0,0.0,2.3424244139706967e+18,88790624899.74777,26381438.54281344,4.684848827941393e+18,177581250000.0,0.5,0.09793950717362658,False,False,False,True,-13.256466474732292,-13.456972739469613,-13.256466474732292,-13.256466474732292,0.0,True,0.25,4,32,-1.4973958333333334e-06,1.0416666666666667e-06,2,4.0,controlled_tilt,,,,,,,
water_filling,Water-filling,ok,ok,0.00018387400268693455,False,,none,299.4547435803357,4491821.153705035,0.9999999999997621,3.3571428571421777,1337989.2798273026,66253506598.608505,1.747862812577075e+18,1.747862812577075e+18,1.6997239424332618e+18,5.721272818463281e-19,0.11338015230365567,-16.956669308283022,-8.96123656203343,0.01864345591382103,2.9733424840004398e-05,60,-42716.79984013878,64428781610.04179,64428781610.02646,4.491821153705035,1.3379892798273025,66253506598.608505,1.747862812577075e+18,1.6997239424332618e+18,1.747862812577075e+18,2.754156092653316,42716.79984013878,2.3424244139706967e+18,88790624899.74777,26381438.54281344,4.684848827941393e+18,177581250000.0,0.5,0.09793950717362658,False,False,False,True,-13.256466474732292,-17.02679869683126,-16.950275003521384,-16.950275003521384,3.6938085287890914,True,0.25,4,32,-1.5950520833333334e-06,1.0416666666666667e-06,2,4.0,controlled_tilt,0.018688673373822427,,,,,,
conventional_s2,Conventional $S_2$,ok,optimal,0.007862891998229316,False,,conventional_s2,295.9674471335303,4439511.707002955,0.9999999995649722,3.357142855899921,1322407.7430011218,88790624879.65852,2.3424244134407137e+18,2.3424244134407137e+18,2.259138601673649e+18,4.269081188968362e-19,0.09793950718470619,-11.160852417348586,-4.027102363452972,0.03370897859064978,4.810752213318416e-05,64,-56187.05570811158,85633639689.13847,85633639651.88547,4.439511707002954,1.3224077430011218,88790624879.65852,2.342424413440713e+18,2.259138601673649e+18,2.3424244134407137e+18,3.5555389232273633,56187.05570811158,2.3424244139706967e+18,88790624899.74777,26381438.54281344,4.684848827941393e+18,177581250000.0,0.5,0.09793950717362658,True,False,True,True,-13.256466474732292,-11.5685836061205,-11.14412213668819,-11.14412213668819,-2.1123443380441014,False,0.25,4,32,-1.3997395833333333e-06,1.0416666666666667e-06,2,4.0,controlled_tilt,,known_amplitude_linear,88790624899.74777,,,,
exact_efim,Exact EFIM,ok,optimal,0.00949737799965078,False,,exact_efim,295.50946774662725,4432642.016199409,0.9999999993824544,3.3571428553784415,1320361.4523278098,89495546287.24545,2.361021254232481e+18,2.361021254232481e+18,2.342424409599192e+18,4.235455306500743e-19,0.09755302905376488,-11.000322882482983,-3.5799861614039385,0.03838160615354185,4.942963784827286e-05,64,-26550.35882312681,88790624788.87625,88790624734.04399,4.432642016199409,1.3203614523278098,89495546287.24545,2.3610212542324813e+18,2.342424409599192e+18,2.361021254232481e+18,0.787661042862325,26550.35882312681,2.3424244139706967e+18,88790624899.74777,26381438.54281344,4.684848827941393e+18,177581250000.0,0.5,0.09793950717362658,True,True,False,True,-13.256466474732292,-11.334062382233496,-10.96436761147923,-10.96436761147923,-2.292098863253063,False,0.25,4,32,-1.3997395833333333e-06,1.0416666666666667e-06,2,4.0,controlled_tilt,,unknown_amplitude_exact,,2.3424244139706967e+18,88790624899.74777,quad_over_lin,1e-12
uniform,Uniform,ok,ok,1.2598000466823578e-05,False,,none,294.70725937071404,4420608.890560711,1.0,3.357142857142857,1316777.116337233,76781250000.0,2.0255998281153943e+18,2.0255998281153943e+18,2.0255998281153943e+18,4.936809265680052e-19,0.10532073506634214,-13.256466474732292,-9.684463547443015,0.015625,0.0,64,0.0,76781250000.0,76781250000.0,4.420608890560711,1.316777116337233,76781250000.0,2.0255998281153943e+18,2.0255998281153943e+18,2.0255998281153943e+18,0.0,0.0,2.3424244139706967e+18,88790624899.74777,26381438.54281344,4.684848827941393e+18,177581250000.0,0.5,0.09793950717362658,False,False,False,True,-13.256466474732292,-13.456972739469613,-13.256466474732292,-13.256466474732292,0.0,True,0.25,4,32,-1.4973958333333334e-06,1.0416666666666667e-06,3,4.0,controlled_tilt,,,,,,,
water_filling,Water-filling,ok,ok,0.00019489099940983579,False,,none,299.49233486360583,4492385.022954088,0.999999999999043,3.357142857140123,1338157.240881031,68630820334.25516,1.8105797687910234e+18,1.8105797687910234e+18,1.751383356017842e+18,5.523092753144641e-19,0.11139914962122167,-13.314846221607013,-8.205775953953939,0.018464204655792054,2.896947583961491e-05,59,-47369.462655434596,66386954342.05622,66386954341.99269,4.492385022954088,1.338157240881031,68630820334.25516,1.8105797687910234e+18,1.751383356017842e+18,1.8105797687910234e+18,3.2694727839971724,47369.462655434596,2.3424244139706967e+18,88790624899.74777,26381438.54281344,4.684848827941393e+18,177581250000.0,0.5,0.09793950717362658,False,False,False,True,-13.256466474732292,-13.393514142450442,-13.314846221607013,-13.314846221607013,0.058379746874720695,True,0.25,4,32,-1.6276041666666668e-06,1.0416666666666667e-06,3,4.0,controlled_tilt,0.01849974760742913,,,,,,
conventional_s2,Conventional $S_2$,ok,optimal,0.008195415000955109,False,,conventional_s2,296.5680638431264,4448520.957646896,0.9999999993668782,3.357142855333938,1325091.3498003045,88790624872.84653,2.342424413261003e+18,2.342424413261003e+18,2.2589913077406226e+18,4.269081189295886e-19,0.09793950718846314,-9.845177332608767,-4.481455811998989,0.03302764633055756,3.806667660768184e-05,64,-56236.718112849965,85628056464.95766,85628056410.74467,4.448520957646896,1.3250913498003045,88790624872.84653,2.342424413261003e+18,2.2589913077406226e+18,2.342424413261003e+18,3.561827013415937,56236.718112849965,2.3424244139706967e+18,88790624899.74777,26381438.54281344,4.684848827941393e+18,177581250000.0,0.5,0.09793950717362658,True,False,True,True,-13.256466474732292,-10.259933565707712,-9.845177332608767,-9.845177332608767,-3.4112891421235254,False,0.25,4,32,-1.4322916666666667e-06,1.0416666666666667e-06,3,4.0,controlled_tilt,,known_amplitude_linear,88790624899.74777,,,,
exact_efim,Exact EFIM,ok,optimal,0.009570231999532552,False,,exact_efim,296.1456701471026,4442185.052206539,0.9999999995961845,3.357142855989099,1323204.0585588245,89555942171.13593,2.3626145845315773e+18,2.3626145845315773e+18,2.342424411134292e+18,4.2325989458761617e-19,0.09752012897502489,-9.895812136203672,-4.5795537312866905,0.028323797095686654,3.00491597109264e-05,64,-27664.370211743193,88790624828.08762,88790624792.23259,4.442185052206539,1.3232040585588245,89555942171.13593,2.362614584531577e+18,2.342424411134292e+18,2.3626145845315773e+18,0.85456906638407,27664.370211743193,2.3424244139706967e+18,88790624899.74777,26381438.54281344,4.684848827941393e+18,177581250000.0,0.5,0.09793950717362658,True,True,False,True,-13.256466474732292,-10.43548596689346,-9.895812136203672,-9.895812136203672,-3.3606543385286205,False,0.25,4,32,-1.4322916666666667e-06,1.0416666666666667e-06,3,4.0,controlled_tilt,,unknown_amplitude_exact,,2.3424244139706967e+18,88790624899.74777,quad_over_lin,1e-12
uniform,Uniform,ok,ok,1.2185999366920441e-05,False,,none,265.2788833905985,3979183.250858977,1.0,3.357142857142857,1185288.62791544,76781250000.0,2.0255998281153943e+18,2.0255998281153943e+18,2.0255998281153943e+18,4.936809265680052e-19,0.10532073506634214,-13.256466474732292,-9.684463547443015,0.015625,0.0,64,0.0,76781250000.0,76781250000.0,3.979183250858977,1.18528862791544,76781250000.0,2.0255998281153943e+18,2.0255998281153943e+18,2.0255998281153943e+18,0.0,0.0,2.3424244139706967e+18,88790624899.74777,26381438.54281344,4.684848827941393e+18,177581250000.0,0.5,0.09793950717362658,False,False,False,True,-13.256466474732292,-13.456972739469613,-13.256466474732292,-13.256466474732292,0.0,True,0.25,4,32,-1.4973958333333334e-06,1.0416666666666667e-06,4,4.0,controlled_tilt,,,,,,,
water_filling,Water-filling,ok,ok,0.00018491100126993842,False,,none,270.9236424139659,4063854.636209489,0.9999999999997358,3.3571428571421023,1210509.8916371411,70336688200.64491,1.8555830170703444e+18,1.8555830170703444e+18,1.757194236657839e+18,5.389141799642211e-19,0.11003998252198482,-16.331841129477322,-8.385617149908096,0.01932841878352985,3.135315193701429e-05,60,-61069.385776276584,66607218321.57181,66607218321.55421,4.063854636209489,1.210509891637141,70336688200.64491,1.855583017070345e+18,1.757194236657839e+18,1.8555830170703444e+18,5.3023108913685135,61069.385776276584,2.3424244139706967e+18,88790624899.74777,26381438.54281344,4.684848827941393e+18,177581250000.0,0.5,0.09793950717362658,False,False,False,True,-13.256466474732292,-16.331841129477322,-16.331841129477322,-16.331841129477322,3.07537465474503,True,0.25,4,32,-1.0416666666666667e-06,1.0416666666666667e-06,4,4.0,controlled_tilt,0.019371494791344597,,,,,,
conventional_s2,Conventional $S_2$,ok,optimal,0.008206868998968275,False,,conventional_s2,268.8403099231672,4032604.648847508,0.9999999997544249,3.357142856441214,1201201.3850141387,88790624890.46097,2.342424413725697e+18,2.342424413725697e+18,2.2344539260247168e+18,4.269081188448978e-19,0.09793950717874844,-11.334356951831472,-4.664414747809034,0.030731329815482423,4.1672853309215364e-05,64,-63973.96890778873,84697956214.45102,84697956193.6513,4.032604648847507,1.2012013850141388,88790624890.46097,2.342424413725697e+18,2.2344539260247168e+18,2.342424413725697e+18,4.609347779519164,63973.96890778873,2.3424244139706967e+18,88790624899.74777,26381438.54281344,4.684848827941393e+18,177581250000.0,0.5,0.09793950717362658,True,False,True,True,-13.256466474732292,-11.552105023506506,-11.334356951831472,-11.334356951831472,-1.9221095229008203,False,0.25,4,32,-1.3671875e-06,1.0416666666666667e-06,4,4.0,controlled_tilt,,known_amplitude_linear,88790624899.74777,,,,
exact_efim,Exact EFIM,ok,optimal,0.009585384999809321,False,,exact_efim,268.3362784184725,4025044.1762770875,0.9999999994144138,3.3571428554697538,1198949.3297013352,90017402890.63693,2.374788582143015e+18,2.374788582143015e+18,2.342424410253467e+18,4.2109011619787964e-19,0.09726984664423664,-11.102175584724597,-4.197964368239891,0.03405264395492915,3.975878605198075e-05,64,-35025.39268174968,88790624810.83913,88790624758.84456,4.025044176277087,1.1989493297013352,90017402890.63693,2.374788582143015e+18,2.342424410253467e+18,2.374788582143015e+18,1.3628232901617823,35025.39268174968,2.3424244139706967e+18,88790624899.74777,26381438.54281344,4.684848827941393e+18,177581250000.0,0.5,0.09793950717362658,True,True,False,True,-13.256466474732292,-11.329166474896468,-11.102175584724597,-11.102175584724597,-2.1542908900076956,False,0.25,4,32,-1.3671875e-06,1.0416666666666667e-06,4,4.0,controlled_tilt,,unknown_amplitude_exact,,2.3424244139706967e+18,88790624899.74777,quad_over_lin,1e-12
uniform,Uniform,ok,ok,1.2368000170681626e-05,False,,none,277.4785801489433,4162178.7022341494,1.0,3.357142857142857,1239797.9113037891,76781250000.0,2.0255998281153943e+18,2.0255998281153943e+18,2.0255998281153943e+18,4.936809265680052e-19,0.10532073506634214,-13.256466474732292,-9.684463547443015,0.015625,0.0,64,0.0,76781250000.0,76781250000.0,4.16217870223415,1.2397979113037891,76781250000.0,2.0255998281153943e+18,2.0255998281153943e+18,2.0255998281153943e+18,0.0,0.0,2.3424244139706967e+18,88790624899.74777,26381438.54281344,4.684848827941393e+18,177581250000.0,0.5,0.09793950717362658,False,False,False,True,-13.256466474732292,-13.456972739469613,-13.256466474732292,-13.256466474732292,0.0,True,0.25,4,32,-1.4973958333333334e-06,1.0416666666666667e-06,5,4.0,controlled_tilt,,,,,,,
water_filling,Water-filling,ok,ok,0.00018764000196824782,False,,none,282.3417601454421,4235126.402181631,0.9999999999996164,3.357142857141761,1261527.0134162167,69609512583.24081,1.8363990782099663e+18,1.8363990782099663e+18,1.7929685964783427e+18,5.445439457390449e-19,0.1106132554537144,-17.282742506294536,-8.01874176623375,0.018923350267122437,2.9995161631628647e-05,59,-40574.024455515704,67963261122.75073,67963261122.72466,4.235126402181631,1.2615270134162166,69609512583.24081,1.8363990782099663e+18,1.7929685964783427e+18,1.8363990782099663e+18,2.364980588748587,40574.024455515704,2.3424244139706967e+18,88790624899.74777,26381438.54281344,4.684848827941393e+18,177581250000.0,0.5,0.09793950717362658,False,False,False,True,-13.256466474732292,-17.282742506294536,-17.23589951551675,-17.23589951551675,3.979433040784457,True,0.25,4,32,-1.5299479166666667e-06,1.0416666666666667e-06,5,4.0,controlled_tilt,0.01897723713157517,,,,,,
conventional_s2,Conventional $S_2$,ok,optimal,0.007945657998789102,False,,conventional_s2,279.93860083705675,4199079.012555852,0.9999999996770511,3.3571428562201464,1250789.4934455226,88790624886.67267,2.3424244136257567e+18,2.3424244136257567e+18,2.285325102195751e+18,4.26908118863112e-19,0.09793950718083776,-11.61056816349721,-4.152689724447592,0.03239804746473383,4.37556667838172e-05,64,-46522.837904296415,86626250468.67805,86626250440.70221,4.199079012555852,1.2507894934455226,88790624886.67267,2.3424244136257567e+18,2.285325102195751e+18,2.3424244136257567e+18,2.437615963096275,46522.837904296415,2.3424244139706967e+18,88790624899.74777,26381438.54281344,4.684848827941393e+18,177581250000.0,0.5,0.09793950717362658,True,False,True,True,-13.256466474732292,-11.918458471376159,-11.5885635482598,-11.5885635482598,-1.6679029264724914,False,0.25,4,32,-1.3997395833333333e-06,1.0416666666666667e-06,5,4.0,controlled_tilt,,known_amplitude_linear,88790624899.74777,,,,
exact_efim,Exact EFIM,ok,optimal,0.009353477998956805,False,,exact_efim,279.6514709949349,4194772.064924024,0.9999999993919415,3.3571428554055474,1249506.5731771756,89416580286.84546,2.3589380175459574e+18,2.3589380175459574e+18,2.3424244093656264e+18,4.2391957421599263e-19,0.09759609529772824,-11.456405147737797,-3.9322759521811084,0.0315223115952339,4.2812694448765646e-05,64,-25019.103941498433,88790624779.18047,88790624725.19057,4.194772064924024,1.2495065731771755,89416580286.84546,2.3589380175459574e+18,2.3424244093656264e+18,2.3589380175459574e+18,0.7000441748575654,25019.103941498433,2.3424244139706967e+18,88790624899.74777,26381438.54281344,4.684848827941393e+18,177581250000.0,0.5,0.09793950717362658,True,True,False,True,-13.256466474732292,-11.75101823057217,-11.446074338048348,-11.446074338048348,-1.8103921366839444,False,0.25,4,32,-1.3997395833333333e-06,1.0416666666666667e-06,5,4.0,controlled_tilt,,unknown_amplitude_exact,,2.3424244139706967e+18,88790624899.74777,quad_over_lin,1e-12
uniform,Uniform,ok,ok,3.032400127267465e-05,False,,none,294.39667829073477,4415950.174361021,1.0,3.357142857142857,1315389.413639453,76781250000.0,2.0255998281153943e+18,2.0255998281153943e+18,2.0255998281153943e+18,4.936809265680052e-19,0.10532073506634214,-13.256466474732292,-9.684463547443015,0.015625,0.0,64,0.0,76781250000.0,76781250000.0,4.415950174361021,1.315389413639453,76781250000.0,2.0255998281153943e+18,2.0255998281153943e+18,2.0255998281153943e+18,0.0,0.0,2.3424244139706967e+18,88790624899.74777,26381438.54281344,4.684848827941393e+18,177581250000.0,0.5,0.09793950717362658,False,False,False,True,-13.256466474732292,-13.456972739469613,-13.256466474732292,-13.256466474732292,0.0,True,0.25,4,32,-1.4973958333333334e-06,1.0416666666666667e-06,6,4.0,controlled_tilt,,,,,,,
water_filling,Water-filling,ok,ok,0.000212879000173416,False,,none,298.4518081111031,4476777.121666547,1.0000000000000553,3.3571428571430153,1333508.0787942277,70580696539.60796,1.8620203080686323e+18,1.8620203080686323e+18,1.8172528149599434e+18,5.370510706390969e-19,0.10984960525452979,-14.372717810262316,-8.76850737033487,0.017966323034662907,2.0890996994144846e-05,60,-41193.82797500698,68883765076.36958,68883765076.3734,4.476777121666547,1.3335080787942277,70580696539.60796,1.8620203080686323e+18,1.8172528149599434e+18,1.8620203080686323e+18,2.404243010384976,41193.82797500698,2.3424244139706967e+18,88790624899.74777,26381438.54281344,4.684848827941393e+18,177581250000.0,0.5,0.09793950717362658,False,False,False,True,-13.256466474732292,-14.372717810262316,-14.372717810262316,-14.372717810262316,1.1162513355300234,True,0.25,4,32,-1.5625e-06,1.0416666666666667e-06,6,4.0,controlled_tilt,0.018011764679506485,,,,,,
conventional_s2,Conventional $S_2$,ok,optimal,0.007999470999493496,False,,conventional_s2,296.00329603738226,4440049.440560734,0.9999999995595655,3.357142855884473,1322567.918960648,88790624883.04532,2.342424413530062e+18,2.342424413530062e+18,2.2825517437024105e+18,4.2690811888055246e-19,0.09793950718283831,-10.460406323588966,-4.748409288990817,0.031061030614200673,3.285403966861496e-05,64,-47639.26755888646,86521125108.6046,86521125070.49771,4.440049440560734,1.3225679189606478,88790624883.04532,2.342424413530062e+18,2.2825517437024105e+18,2.342424413530062e+18,2.556012884847904,47639.26755888646,2.3424244139706967e+18,88790624899.74777,26381438.54281344,4.684848827941393e+18,177581250000.0,0.5,0.09793950717362658,True,False,True,True,-13.256466474732292,-10.974543986272645,-10.460406323588966,-10.460406323588966,-2.796060151143326,False,0.25,4,32,-1.4322916666666667e-06,1.0416666666666667e-06,6,4.0,controlled_tilt,,known_amplitude_linear,88790624899.74777,,,,
exact_efim,Exact EFIM,ok,optimal,0.009352976998343365,False,,exact_efim,295.6777168146326,4435165.752219489,0.9999999992722677,3.357142855063622,1321113.203607011,89453516113.29625,2.359912437781497e+18,2.359912437781497e+18,2.342424404512943e+18,4.237445355981422e-19,0.0975759442473218,-10.371810712797423,-4.4877316162636465,0.0337425446901667,3.214701746406915e-05,64,-25746.68080609965,88790624605.8633,88790624541.24748,4.435165752219489,1.3211132036070108,89453516113.29625,2.359912437781497e+18,2.342424404512943e+18,2.359912437781497e+18,0.741045853590816,25746.68080609965,2.3424244139706967e+18,88790624899.74777,26381438.54281344,4.684848827941393e+18,177581250000.0,0.5,0.09793950717362658,True,True,False,True,-13.256466474732292,-10.82340680274351,-10.364968550287125,-10.364968550287125,-2.891497924445167,False,0.25,4,32,-1.3997395833333333e-06,1.0416666666666667e-06,6,4.0,controlled_tilt,,unknown_amplitude_exact,,2.3424244139706967e+18,88790624899.74777,quad_over_lin,1e-12
uniform,Uniform,ok,ok,1.2076001439709216e-05,False,,none,276.9265624077546,4153898.436116319,1.0,3.357142857142857,1237331.4490559248,76781250000.0,2.0255998281153943e+18,2.0255998281153943e+18,2.0255998281153943e+18,4.936809265680052e-19,0.10532073506634214,-13.256466474732292,-9.684463547443015,0.015625,0.0,64,0.0,76781250000.0,76781250000.0,4.153898436116319,1.2373314490559248,76781250000.0,2.0255998281153943e+18,2.0255998281153943e+18,2.0255998281153943e+18,0.0,0.0,2.3424244139706967e+18,88790624899.74777,26381438.54281344,4.684848827941393e+18,177581250000.0,0.5,0.09793950717362658,False,False,False,True,-13.256466474732292,-13.456972739469613,-13.256466474732292,-13.256466474732292,0.0,True,0.25,4,32,-1.4973958333333334e-06,1.0416666666666667e-06,7,4.0,controlled_tilt,,,,,,,
water_filling,Water-filling,ok,ok,0.00019444999998086132,False,,none,283.38419668585607,4250762.950287841,1.0000000000006013,3.3571428571445754,1266184.7085957301,66804950257.04404,1.762410689561916e+18,1.762410689561916e+18,1.656137025466452e+18,5.674046383868512e-19,0.11291123252244148,-15.115080184127414,-8.680731297767215,0.01899021159553905,3.508162985644937e-05,58,-63469.28275741151,62776600403.26361,62776600403.30136,4.250762950287841,1.26618470859573,66804950257.04404,1.7624106895619162e+18,1.656137025466452e+18,1.762410689561916e+18,6.0300169946132405,63469.28275741151,2.3424244139706967e+18,88790624899.74777,26381438.54281344,4.684848827941393e+18,177581250000.0,0.5,0.09793950717362658,False,False,False,True,-13.256466474732292,-15.429058698913234,-15.115080184127414,-15.115080184127414,1.8586137093951223,True,0.25,4,32,-1.6927083333333335e-06,1.0416666666666667e-06,7,4.0,controlled_tilt,0.01902850374147636,,,,,,
conventional_s2,Conventional $S_2$,ok,optimal,0.008169595999788726,False,,conventional_s2,280.26745600676077,4204011.840101412,0.9999999995917553,3.357142855976444,1252258.8464227421,88790624882.62361,2.3424244135189366e+18,2.3424244135189366e+18,2.2025527178727747e+18,4.2690811888258003e-19,0.09793950718307089,-11.303110813983068,-4.10886956222067,0.035099558772378935,5.239664038158812e-05,64,-72814.13310188745,83488726939.49254,83488726905.4087,4.204011840101412,1.2522588464227422,88790624882.62361,2.3424244135189366e+18,2.2025527178727747e+18,2.3424244135189366e+18,5.971236247321975,72814.13310188745,2.3424244139706967e+18,88790624899.74777,26381438.54281344,4.684848827941393e+18,177581250000.0,0.5,0.09793950717362658,True,False,True,True,-13.256466474732292,-11.755124503779582,-11.303110813983068,-11.303110813983068,-1.9533556607492244,False,0.25,4,32,-1.4322916666666667e-06,1.0416666666666667e-06,7,4.0,controlled_tilt,,known_amplitude_linear,88790624899.74777,,,,
exact_efim,Exact EFIM,ok,optimal,0.009697856999991927,False,,exact_efim,279.5549370441014,4193324.055661521,0.9999999994880382,3.3571428556801095,1249075.251166818,90057097631.61203,2.375835786512522e+18,2.375835786512522e+18,2.3424244105816934e+18,4.2090451102594727e-19,0.09724840731835381,-11.380013498678196,-3.5552272641856013,0.03905212450081098,5.119190810698767e-05,64,-35587.538001023655,88790624816.74353,88790624771.28612,4.193324055661521,1.249075251166818,90057097631.61203,2.375835786512522e+18,2.3424244105816934e+18,2.375835786512522e+18,1.40629988488696,35587.538001023655,2.3424244139706967e+18,88790624899.74777,26381438.54281344,4.684848827941393e+18,177581250000.0,0.5,0.09793950717362658,True,True,False,True,-13.256466474732292,-11.703419349165747,-11.344143811636389,-11.344143811636389,-1.9123226630959032,False,0.25,4,32,-1.3997395833333333e-06,1.0416666666666667e-06,7,4.0,controlled_tilt,,unknown_amplitude_exact,,2.3424244139706967e+18,88790624899.74777,quad_over_lin,1e-12
uniform,Uniform,ok,ok,1.2545002391561866e-05,False,,none,270.71904675683004,4060785.7013524505,1.0,3.357142857142857,1209595.7408283895,76781250000.0,2.0255998281153943e+18,2.0255998281153943e+18,2.0255998281153943e+18,4.936809265680052e-19,0.10532073506634214,-13.256466474732292,-9.684463547443015,0.015625,0.0,64,0.0,76781250000.0,76781250000.0,4.060785701352451,1.2095957408283895,76781250000.0,2.0255998281153943e+18,2.0255998281153943e+18,2.0255998281153943e+18,0.0,0.0,2.3424244139706967e+18,88790624899.74777,26381438.54281344,4.684848827941393e+18,177581250000.0,0.5,0.09793950717362658,False,False,False,True,-13.256466474732292,-13.456972739469613,-13.256466474732292,-13.256466474732292,0.0,True,0.25,4,32,-1.4973958333333334e-06,1.0416666666666667e-06,0,5.0,controlled_tilt,,,,,,,
water_filling,Water-filling,ok,ok,0.0001840270015236456,False,,none,279.50877823326664,4192631.673499,1.0000000000005214,3.357142857144347,1248869.0091268073,64769295633.33545,1.708707192212154e+18,1.708707192212154e+18,1.5630072968071688e+18,5.852377777525264e-19,0.11467186703236215,-14.830320059836504,-7.927887361142776,0.020034962944328695,4.913493466795704e-05,55,-74315.66756458255,59246477187.73213,59246477187.76302,4.192631673499,1.2488690091268073,64769295633.33545,1.708707192212154e+18,1.5630072968071688e+18,1.708707192212154e+18,8.526908300558915,74315.66756458255,2.3424244139706967e+18,88790624899.74777,26381438.54281344,4.684848827941393e+18,177581250000.0,0.5,0.09793950717362658,False,False,False,True,-13.256466474732292,-14.90824399042321,-14.830320059836504,-14.830320059836504,1.573853585104212,True,0.25,4,32,-1.7578125000000002e-06,1.0416666666666667e-06,0,5.0,controlled_tilt,0.020067718853892545,,,,,,
conventional_s2,Conventional $S_2$,ok,optimal,0.008166979998350143,False,,conventional_s2,275.8060879667397,4137091.3195010955,0.999999999495428,3.357142855701223,1232325.074423132,88790624876.95668,2.3424244133694346e+18,2.3424244133694346e+18,2.0589456922442235e+18,4.2690811890982683e-19,0.09793950718619632,-10.865139622810258,-3.1759636891480874,0.042765407141908234,8.521360217399514e-05,64,-103659.95020085479,78045239646.11424,78045239606.7348,4.137091319501096,1.232325074423132,88790624876.95668,2.3424244133694346e+18,2.0589456922442235e+18,2.3424244133694346e+18,12.101936758652728,103659.95020085479,2.3424244139706967e+18,88790624899.74777,26381438.54281344,4.684848827941393e+18,177581250000.0,0.5,0.09793950717362658,True,False,True,True,-13.256466474732292,-10.981226419709177,-10.865139622810258,-10.865139622810258,-2.3913268519220345,False,0.25,4,32,-1.4973958333333334e-06,1.0416666666666667e-06,0,5.0,controlled_tilt,,known_amplitude_linear,88790624899.74777,,,,
exact_efim,Exact EFIM,ok,optimal,0.009495748996414477,False,,exact_efim,274.3121454174775,4114682.1812621625,0.9999999998385672,3.357142856681621,1225650.0116081845,90760886287.18713,2.3944027436767063e+18,2.3944027436767063e+18,2.3424244158536494e+18,4.176406841500933e-19,0.09687062606010709,-10.910876891896045,-1.9880937025556356,0.06147777866619178,9.024640778608043e-05,64,-44387.62571239043,88790624985.45564,88790624971.12193,4.114682181262163,1.2256500116081845,90760886287.18713,2.3944027436767063e+18,2.3424244158536494e+18,2.3944027436767063e+18,2.170826439299931,44387.62571239043,2.3424244139706967e+18,88790624899.74777,26381438.54281344,4.684848827941393e+18,177581250000.0,0.5,0.09793950717362658,True,True,False,True,-13.256466474732292,-11.260177232509534,-10.880980794623799,-10.880980794623799,-2.3754856801084934,False,0.25,4,32,-1.3997395833333333e-06,1.0416666666666667e-06,0,5.0,controlled_tilt,,unknown_amplitude_exact,,2.3424244139706967e+18,88790624899.74777,quad_over_lin,1e-12
uniform,Uniform,ok,ok,1.1585001630010083e-05,False,,none,267.0509253227342,4005763.879841013,1.0,3.357142857142857,1193206.2620803018,76781250000.0,2.0255998281153943e+18,2.0255998281153943e+18,2.0255998281153943e+18,4.936809265680052e-19,0.10532073506634214,-13.256466474732292,-9.684463547443015,0.015625,0.0,64,0.0,76781250000.0,76781250000.0,4.0057638798410125,1.1932062620803017,76781250000.0,2.0255998281153943e+18,2.0255998281153943e+18,2.0255998281153943e+18,0.0,0.0,2.3424244139706967e+18,88790624899.74777,26381438.54281344,4.684848827941393e+18,177581250000.0,0.5,0.09793950717362658,False,False,False,True,-13.256466474732292,-13.456972739469613,-13.256466474732292,-13.256466474732292,0.0,True,0.25,4,32,-1.4973958333333334e-06,1.0416666666666667e-06,1,5.0,controlled_tilt,,,,,,,
water_filling,Water-filling,ok,ok,0.00019336400146130472,False,,none,273.596061144854,4103940.91717281,1.0000000000005427,3.357142857144408,1222450.4859658042,65547816194.8782,1.7292456845608105e+18,1.7292456845608105e+18,1.588841269413983e+18,5.78286826983742e-19,0.11398884600553251,-15.462984929384284,-9.271184421951125,0.01928784389190932,3.66705610772759e-05,58,-72952.66234729505,60225725251.28418,60225725251.316864,4.10394091717281,1.2224504859658043,65547816194.8782,1.7292456845608105e+18,1.588841269413983e+18,1.7292456845608105e+18,8.119402372976694,72952.66234729505,2.3424244139706967e+18,88790624899.74777,26381438.54281344,4.684848827941393e+18,177581250000.0,0.5,0.09793950717362658,False,False,False,True,-13.256466474732292,-15.462984929384284,-15.462984929384284,-15.462984929384284,2.2065184546519916,True,0.25,4,32,-1.0416666666666667e-06,1.0416666666666667e-06,1,5.0,controlled_tilt,0.01935907512401837,,,,,,
conventional_s2,Conventional $S_2$,ok,optimal,0.008082443000603234,False,,conventional_s2,270.08204232652463,4051230.6348978695,0.9999999991937025,3.35714285483915,1206749.5516487262,88790624854.88484,2.3424244127871473e+18,2.3424244127871473e+18,2.13699209364187e+18,4.2690811901594904e-19,0.09793950719836937,-11.137541659000593,-4.1758110838050095,0.038702414644664375,5.743322466658731e-05,64,-88243.99228808357,81003622751.53716,81003622686.22414,4.05123063489787,1.2067495516487263,88790624854.88484,2.342424412787148e+18,2.13699209364187e+18,2.3424244127871473e+18,8.770072495139443,88243.99228808357,2.3424244139706967e+18,88790624899.74777,26381438.54281344,4.684848827941393e+18,177581250000.0,0.5,0.09793950717362658,True,False,True,True,-13.256466474732292,-11.609628241954814,-11.137541659000593,-11.137541659000593,-2.118924815731699,False,0.25,4,32,-1.4322916666666667e-06,1.0416666666666667e-06,1,5.0,controlled_tilt,,known_amplitude_linear,88790624899.74777,,,,
exact_efim,Exact EFIM,ok,optimal,0.009325872000772506,False,,exact_efim,269.0907124818612,4036360.687227918,0.9999999991800977,3.3571428548002795,1202320.2055451542,90298849747.97993,2.382213555113077e+18,2.382213555113077e+18,2.3424244084195005e+18,4.1977764665709524e-19,0.09711814118008776,-11.094533271590763,-3.789932811085863,0.04537818196339309,4.675197006500585e-05,64,-38835.87336328692,88790624762.1269,88790624689.32727,4.036360687227917,1.202320205545154,90298849747.97993,2.382213555113077e+18,2.3424244084195005e+18,2.382213555113077e+18,1.670259436152357,38835.87336328692,2.3424244139706967e+18,88790624899.74777,26381438.54281344,4.684848827941393e+18,177581250000.0,0.5,0.09793950717362658,True,True,False,True,-13.256466474732292,-11.374621501504262,-11.079945759407003,-11.079945759407003,-2.176520715325289,False,0.25,4,32,-1.3997395833333333e-06,1.0416666666666667e-06,1,5.0,controlled_tilt,,unknown_amplitude_exact,,2.3424244139706967e+18,88790624899.74777,quad_over_lin,1e-12
uniform,Uniform,ok,ok,1.2246000551385805e-05,False,,none,267.7684040688355,4016526.0610325322,1.0,3.357142857142857,1196412.0181799033,76781250000.0,2.0255998281153943e+18,2.0255998281153943e+18,2.0255998281153943e+18,4.936809265680052e-19,0.10532073506634214,-13.256466474732292,-9.684463547443015,0.015625,0.0,64,0.0,76781250000.0,76781250000.0,4.016526061032533,1.1964120181799032,76781250000.0,2.0255998281153943e+18,2.0255998281153943e+18,2.0255998281153943e+18,0.0,0.0,2.3424244139706967e+18,88790624899.74777,26381438.54281344,4.684848827941393e+18,177581250000.0,0.5,0.09793950717362658,False,False,False,True,-13.256466474732292,-13.456972739469613,-13.256466474732292,-13.256466474732292,0.0,True,0.25,4,32,-1.4973958333333334e-06,1.0416666666666667e-06,2,5.0,controlled_tilt,,,,,,,
water_filling,Water-filling,ok,ok,0.00021081000159028918,False,,none,275.0423681058892,4125635.5215883376,0.9999999999990374,3.357142857140107,1228912.7085592349,64035022467.095024,1.689336009803345e+18,1.689336009803345e+18,1.5690348221074294e+18,5.919485491322769e-19,0.11532744947305253,-15.02564658951436,-8.369256301490196,0.020086242533849375,4.569806611268134e-05,59,-67528.28510259918,59474953178.25874,59474953178.20149,4.125635521588338,1.2289127085592348,64035022467.095024,1.6893360098033452e+18,1.5690348221074294e+18,1.689336009803345e+18,7.121211351548692,67528.28510259918,2.3424244139706967e+18,88790624899.74777,26381438.54281344,4.684848827941393e+18,177581250000.0,0.5,0.09793950717362658,False,False,False,True,-13.256466474732292,-15.02564658951436,-15.02564658951436,-15.02564658951436,1.769180114782067,True,0.25,4,32,-1.0416666666666667e-06,1.0416666666666667e-06,2,5.0,controlled_tilt,0.02014179154478885,,,,,,
conventional_s2,Conventional $S_2$,ok,optimal,0.007776734000799479,False,,conventional_s2,271.1399507630755,4067099.2614461323,0.9999999998426182,3.357142856693195,1211476.3759121792,88790624891.79224,2.342424413760818e+18,2.342424413760818e+18,2.1196719093596636e+18,4.26908118838497e-19,0.09793950717801422,-11.428658365055394,-3.117490290160795,0.044773314960317244,8.06069479361194e-05,64,-91888.69021534952,80347093516.2738,80347093503.62863,4.067099261446132,1.2114763759121792,88790624891.79224,2.342424413760818e+18,2.1196719093596636e+18,2.342424413760818e+18,9.509485262046091,91888.69021534952,2.3424244139706967e+18,88790624899.74777,26381438.54281344,4.684848827941393e+18,177581250000.0,0.5,0.09793950717362658,True,False,True,True,-13.256466474732292,-11.954841834764622,-11.428658365055394,-11.428658365055394,-1.8278081096768979,False,0.25,4,32,-1.4322916666666667e-06,1.0416666666666667e-06,2,5.0,controlled_tilt,,known_amplitude_linear,88790624899.74777,,,,
exact_efim,Exact EFIM,ok,optimal,0.009575624000717653,False,,exact_efim,269.9302727082102,4048954.0906231534,0.9999999997320745,3.357142856377356,1206071.4315244602,90349695150.96095,2.383554929987006e+18,2.383554929987006e+18,2.342424400932967e+18,4.1954141161976556e-19,0.09709081011967857,-10.81743127756448,-2.350039663272085,0.05068451154782427,7.880128319767886e-05,64,-39485.069910432714,88790624429.33618,88790624405.5469,4.048954090623154,1.2060714315244603,90349695150.96095,2.383554929987006e+18,2.342424400932967e+18,2.383554929987006e+18,1.725596021999932,39485.069910432714,2.3424244139706967e+18,88790624899.74777,26381438.54281344,4.684848827941393e+18,177581250000.0,0.5,0.09793950717362658,True,True,False,True,-13.256466474732292,-11.131067372663901,-10.790682219952314,-10.790682219952314,-2.4657842547799778,False,0.25,4,32,-1.3997395833333333e-06,1.0416666666666667e-06,2,5.0,controlled_tilt,,unknown_amplitude_exact,,2.3424244139706967e+18,88790624899.74777,quad_over_lin,1e-12
uniform,Uniform,ok,ok,1.2767002772307023e-05,False,,none,280.4996281965425,4207494.422948138,1.0,3.357142857142857,1253296.2110909347,76781250000.0,2.0255998281153943e+18,2.0255998281153943e+18,2.0255998281153943e+18,4.936809265680052e-19,0.10532073506634214,-13.256466474732292,-9.684463547443015,0.015625,0.0,64,0.0,76781250000.0,76781250000.0,4.2074944229481375,1.2532962110909347,76781250000.0,2.0255998281153943e+18,2.0255998281153943e+18,2.0255998281153943e+18,0.0,0.0,2.3424244139706967e+18,88790624899.74777,26381438.54281344,4.684848827941393e+18,177581250000.0,0.5,0.09793950717362658,False,False,False,True,-13.256466474732292,-13.456972739469613,-13.256466474732292,-13.256466474732292,0.0,True,0.25,4,32,-1.4973958333333334e-06,1.0416666666666667e-06,3,5.0,controlled_tilt,,,,,,,
water_filling,Water-filling,ok,ok,0.00019234499995945953,False,,none,286.55032330014797,4298254.84950222,1.0000000000000895,3.357142857143113,1280331.231766521,66076996875.074005,1.7432062321534405e+18,1.7432062321534405e+18,1.6261284149828618e+18,5.736555902308053e-19,0.1135314859996184,-15.91157958776973,-9.39090501888916,0.019024159053123227,3.309069796511114e-05,58,-66617.46028798424,61639110859.84693,61639110859.85245,4.29825484950222,1.280331231766521,66076996875.074005,1.7432062321534405e+18,1.6261284149828618e+18,1.7432062321534405e+18,6.7162344311922615,66617.46028798424,2.3424244139706967e+18,88790624899.74777,26381438.54281344,4.684848827941393e+18,177581250000.0,0.5,0.09793950717362658,False,False,False,True,-13.256466474732292,-15.91157958776973,-15.91157958776973,-15.91157958776973,2.6551131130374372,True,0.25,4,32,-1.0416666666666667e-06,1.0416666666666667e-06,3,5.0,controlled_tilt,0.01908244335326919,,,,,,
conventional_s2,Conventional $S_2$,ok,optimal,0.007888143001764547,False,,conventional_s2,283.16420026198796,4247463.003929819,0.999999999343465,3.357142855267043,1265201.746558371,88790624869.08153,2.342424413161677e+18,2.342424413161677e+18,2.173248441415278e+18,4.269081189476908e-19,0.09793950719053962,-11.466439784366786,-4.206854238055727,0.037406097793125766,5.372795909440578e-05,64,-80079.26960906657,82377935506.2541,82377935452.1701,4.247463003929819,1.265201746558371,88790624869.08153,2.342424413161677e+18,2.173248441415278e+18,2.342424413161677e+18,7.222259586940277,80079.26960906657,2.3424244139706967e+18,88790624899.74777,26381438.54281344,4.684848827941393e+18,177581250000.0,0.5,0.09793950717362658,True,False,True,True,-13.256466474732292,-11.87395473751922,-11.464590502219476,-11.464590502219476,-1.7918759725128162,False,0.25,4,32,-1.3997395833333333e-06,1.0416666666666667e-06,3,5.0,controlled_tilt,,known_amplitude_linear,88790624899.74777,,,,
exact_efim,Exact EFIM,ok,optimal,0.009235294000973227,False,,exact_efim,282.26843538733124,4234026.530809969,0.9999999993908327,3.3571428554023792,1261199.3928100173,90217670767.66109,2.3800719368328274e+18,2.3800719368328274e+18,2.3424244097274383e+18,4.201553677956073e-19,0.09716182541003107,-11.373713152135425,-3.329804131240384,0.04358848283678971,5.63672356174009e-05,64,-37776.26278002081,88790624792.99356,88790624738.90521,4.2340265308099685,1.2611993928100174,90217670767.66109,2.3800719368328274e+18,2.3424244097274383e+18,2.3800719368328274e+18,1.5817810597559834,37776.26278002081,2.3424244139706967e+18,88790624899.74777,26381438.54281344,4.684848827941393e+18,177581250000.0,0.5,0.09793950717362658,True,True,False,True,-13.256466474732292,-11.643156548191339,-11.367302532137415,-11.367302532137415,-1.8891639425948767,False,0.25,4,32,-1.3997395833333333e-06,1.0416666666666667e-06,3,5.0,controlled_tilt,,unknown_amplitude_exact,,2.3424244139706967e+18,88790624899.74777,quad_over_lin,1e-12
uniform,Uniform,ok,ok,1.2241001968504861e-05,False,,none,262.02344544346715,3930351.681652007,1.0,3.357142857142857,1170743.0541091084,76781250000.0,2.0255998281153943e+18,2.0255998281153943e+18,2.0255998281153943e+18,4.936809265680052e-19,0.10532073506634214,-13.256466474732292,-9.684463547443015,0.015625,0.0,64,0.0,76781250000.0,76781250000.0,3.930351681652007,1.1707430541091084,76781250000.0,2.0255998281153943e+18,2.0255998281153943e+18,2.0255998281153943e+18,0.0,0.0,2.3424244139706967e+18,88790624899.74777,26381438.54281344,4.684848827941393e+18,177581250000.0,0.5,0.09793950717362658,False,False,False,True,-13.256466474732292,-13.456972739469613,-13.256466474732292,-13.256466474732292,0.0,True,0.25,4,32,-1.4973958333333334e-06,1.0416666666666667e-06,4,5.0,controlled_tilt,,,,,,,
water_filling,Water-filling,ok,ok,0.00019041999985347502,False,,none,269.206130098593,4038091.9514788953,1.0000000000005724,3.357142857144493,1202835.900439936,61295323603.42246,1.6170588126055516e+18,1.6170588126055516e+18,1.4669995839028662e+18,6.184066975206111e-19,0.11787665396105604,-13.902155891886185,-8.784167508789011,0.020209857059855507,5.04883954667835e-05,54,-75419.23419400217,55607262716.97763,55607262717.00946,4.038091951478895,1.202835900439936,61295323603.42246,1.6170588126055516e+18,1.4669995839028662e+18,1.6170588126055516e+18,9.279763205451781,75419.23419400217,2.3424244139706967e+18,88790624899.74777,26381438.54281344,4.684848827941393e+18,177581250000.0,0.5,0.09793950717362658,False,False,False,True,-13.256466474732292,-13.902155891886185,-13.902155891886185,-13.902155891886185,0.6456894171538927,True,0.25,4,32,-1.0416666666666667e-06,1.0416666666666667e-06,4,5.0,controlled_tilt,0.02026940524434332,,,,,,
conventional_s2,Conventional $S_2$,ok,optimal,0.007858091001253342,False,,conventional_s2,264.3065318966219,3964597.9784493283,0.9999999995865965,3.3571428559617043,1180944.0791025287,88790624879.35437,2.3424244134326897e+18,2.3424244134326897e+18,2.1193824183758643e+18,4.269081188982986e-19,0.09793950718487394,-10.747480439947982,-3.520140026488599,0.048373027552174735,7.306353188731788e-05,64,-91948.38042045654,80336120254.11574,80336120220.9045,3.964597978449328,1.1809440791025287,88790624879.35437,2.342424413432689e+18,2.1193824183758643e+18,2.3424244134326897e+18,9.521843854503292,91948.38042045654,2.3424244139706967e+18,88790624899.74777,26381438.54281344,4.684848827941393e+18,177581250000.0,0.5,0.09793950717362658,True,False,True,True,-13.256466474732292,-11.218981603158248,-10.747480439947982,-10.747480439947982,-2.5089860347843107,False,0.25,4,32,-1.4322916666666667e-06,1.0416666666666667e-06,4,5.0,controlled_tilt,,known_amplitude_linear,88790624899.74777,,,,
exact_efim,Exact EFIM,ok,optimal,0.008913104997191112,False,,exact_efim,263.3049593025527,3949574.38953829,0.9999999993505055,3.357142855287159,1176468.9677468182,89950027205.76018,2.3730111146531594e+18,2.3730111146531594e+18,2.342424405053896e+18,4.2140552727506315e-19,0.09730626906664111,-10.768620879957753,-3.0544490415276537,0.04633969597000867,6.243876381479305e-05,64,-34050.00212570726,88790624619.42155,88790624561.75253,3.9495743895382898,1.1764689677468183,89950027205.76018,2.373011114653159e+18,2.342424405053896e+18,2.3730111146531594e+18,1.2889408486286758,34050.00212570726,2.3424244139706967e+18,88790624899.74777,26381438.54281344,4.684848827941393e+18,177581250000.0,0.5,0.09793950717362658,True,True,False,True,-13.256466474732292,-11.05649400016063,-10.747482142946607,-10.747482142946607,-2.508984331785685,False,0.25,4,32,-1.3997395833333333e-06,1.0416666666666667e-06,4,5.0,controlled_tilt,,unknown_amplitude_exact,,2.3424244139706967e+18,88790624899.74777,quad_over_lin,1e-12
uniform,Uniform,ok,ok,1.252899892278947e-05,False,,none,268.1981721152321,4022972.5817284817,1.0,3.357142857142857,1198332.2583872073,76781250000.0,2.0255998281153943e+18,2.0255998281153943e+18,2.0255998281153943e+18,4.936809265680052e-19,0.10532073506634214,-13.256466474732292,-9.684463547443015,0.015625,0.0,64,0.0,76781250000.0,76781250000.0,4.022972581728482,1.1983322583872074,76781250000.0,2.0255998281153943e+18,2.0255998281153943e+18,2.0255998281153943e+18,0.0,0.0,2.3424244139706967e+18,88790624899.74777,26381438.54281344,4.684848827941393e+18,177581250000.0,0.5,0.09793950717362658,False,False,False,True,-13.256466474732292,-13.456972739469613,-13.256466474732292,-13.256466474732292,0.0,True,0.25,4,32,-1.4973958333333334e-06,1.0416666666666667e-06,5,5.0,controlled_tilt,,,,,,,
water_filling,Water-filling,ok,ok,0.00017888799993670546,False,,none,276.45342932913195,4146801.439936979,1.0000000000000884,3.35714285714311,1235217.4501939008,66090169477.22673,1.7435537443475817e+18,1.7435537443475817e+18,1.5445964290673935e+18,5.735412534554183e-19,0.11352017130914036,-14.55342934046972,-7.904824713037836,0.020248807203709564,5.161871535778618e-05,56,-86842.18045937346,58548605170.28251,58548605170.28768,4.146801439936979,1.2352174501939008,66090169477.22673,1.7435537443475817e+18,1.5445964290673935e+18,1.7435537443475817e+18,11.411022798992398,86842.18045937346,2.3424244139706967e+18,88790624899.74777,26381438.54281344,4.684848827941393e+18,177581250000.0,0.5,0.09793950717362658,False,False,False,True,-13.256466474732292,-14.55342934046972,-14.55342934046972,-14.55342934046972,1.2969628657374273,True,0.25,4,32,-1.0416666666666667e-06,1.0416666666666667e-06,5,5.0,controlled_tilt,0.020284618927802724,,,,,,
conventional_s2,Conventional $S_2$,ok,optimal,0.008081375999609008,False,,conventional_s2,273.1484681291138,4097227.0219367067,0.9999999996047171,3.3571428560134775,1220450.602689592,88790624885.49872,2.342424413594786e+18,2.342424413594786e+18,2.0281221640754563e+18,4.2690811886875647e-19,0.09793950718148521,-10.75908389218821,-3.7241834578998483,0.04101255709514491,7.733255305987048e-05,64,-109150.1930334379,76876860281.35938,76876860250.97127,4.097227021936707,1.220450602689592,88790624885.49872,2.342424413594786e+18,2.0281221640754563e+18,2.342424413594786e+18,13.417818209851548,109150.1930334379,2.3424244139706967e+18,88790624899.74777,26381438.54281344,4.684848827941393e+18,177581250000.0,0.5,0.09793950717362658,True,False,True,True,-13.256466474732292,-11.129021425016354,-10.75908389218821,-10.75908389218821,-2.4973825825440823,False,0.25,4,32,-1.4322916666666667e-06,1.0416666666666667e-06,5,5.0,controlled_tilt,,known_amplitude_linear,88790624899.74777,,,,
exact_efim,Exact EFIM,ok,optimal,0.009522925000055693,False,,exact_efim,271.62608651183285,4074391.2976774927,0.9999999994112911,3.357142855460832,1213648.4722566877,91098102951.27457,2.4032990043759416e+18,2.4032990043759416e+18,2.342424410574771e+18,4.160947090558411e-19,0.09669116746230322,-10.571446759880098,-2.6705327857167354,0.04706546239661953,7.269423565646845e-05,64,-48036.21739489146,88790624823.29555,88790624771.02373,4.074391297677493,1.2136484722566876,91098102951.27457,2.4032990043759416e+18,2.342424410574771e+18,2.4032990043759416e+18,2.532959639659052,48036.21739489146,2.3424244139706967e+18,88790624899.74777,26381438.54281344,4.684848827941393e+18,177581250000.0,0.5,0.09793950717362658,True,True,False,True,-13.256466474732292,-10.843185825870966,-10.553260592847348,-10.553260592847348,-2.7032058818849443,False,0.25,4,32,-1.3997395833333333e-06,1.0416666666666667e-06,5,5.0,controlled_tilt,,unknown_amplitude_exact,,2.3424244139706967e+18,88790624899.74777,quad_over_lin,1e-12
uniform,Uniform,ok,ok,1.2721000530291349e-05,False,,none,285.39581122397203,4280937.16835958,1.0,3.357142857142857,1275172.7735539177,76781250000.0,2.0255998281153943e+18,2.0255998281153943e+18,2.0255998281153943e+18,4.936809265680052e-19,0.10532073506634214,-13.256466474732292,-9.684463547443015,0.015625,0.0,64,0.0,76781250000.0,76781250000.0,4.28093716835958,1.2751727735539176,76781250000.0,2.0255998281153943e+18,2.0255998281153943e+18,2.0255998281153943e+18,0.0,0.0,2.3424244139706967e+18,88790624899.74777,26381438.54281344,4.684848827941393e+18,177581250000.0,0.5,0.09793950717362658,False,False,False,True,-13.256466474732292,-13.456972739469613,-13.256466474732292,-13.256466474732292,0.0,True,0.25,4,32,-1.4973958333333334e-06,1.0416666666666667e-06,6,5.0,controlled_tilt,,,,,,,
water_filling,Water-filling,ok,ok,0.00015225199967972003,False,,none,289.5507108258992,4343260.662388489,1.0000000000008011,3.3571428571451465,1293737.2185829228,69359158867.57361,1.8297943870461266e+18,1.8297943870461266e+18,1.7275972327760655e+18,5.465094914922762e-19,0.11081270636839306,-14.95281236681793,-8.456501592529364,0.019083881642103277,3.1314807200195024e-05,60,-62240.08323158778,65485330906.84307,65485330906.89553,4.343260662388489,1.2937372185829228,69359158867.57361,1.8297943870461268e+18,1.7275972327760655e+18,1.8297943870461266e+18,5.585171481208878,62240.08323158778,2.3424244139706967e+18,88790624899.74777,26381438.54281344,4.684848827941393e+18,177581250000.0,0.5,0.09793950717362658,False,False,False,True,-13.256466474732292,-14.95281236681793,-14.95281236681793,-14.95281236681793,1.6963458920856382,True,0.25,4,32,-1.5625e-06,1.0416666666666667e-06,6,5.0,controlled_tilt,0.019142750663900632,,,,,,
conventional_s2,Conventional $S_2$,ok,optimal,0.00791123700037133,False,,conventional_s2,287.017910245514,4305268.65368271,0.9999999994433706,3.3571428555524876,1282420.450640665,88790624880.73874,2.3424244134692106e+18,2.3424244134692106e+18,2.2017484391671388e+18,4.2690811889164263e-19,0.09793950718411044,-10.466958320243773,-4.364551093992236,0.03413292878909041,4.78502234984842e-05,64,-73023.17793294525,83458240414.73563,83458240368.28032,4.30526865368271,1.282420450640665,88790624880.73874,2.3424244134692106e+18,2.2017484391671388e+18,2.3424244134692106e+18,6.005571556254654,73023.17793294525,2.3424244139706967e+18,88790624899.74777,26381438.54281344,4.684848827941393e+18,177581250000.0,0.5,0.09793950717362658,True,False,True,True,-13.256466474732292,-10.879898204311777,-10.464196790924225,-10.464196790924225,-2.792269683808067,False,0.25,4,32,-1.3997395833333333e-06,1.0416666666666667e-06,6,5.0,controlled_tilt,,known_amplitude_linear,88790624899.74777,,,,
exact_efim,Exact EFIM,ok,optimal,0.009604275001038332,False,,exact_efim,286.3054463111706,4294581.694667559,0.9999999993981152,3.3571428554231866,1279237.1011945524,90155006537.94855,2.3784187643078333e+18,2.3784187643078333e+18,2.342424409962654e+18,4.204474060693932e-19,0.09719558678141318,-10.170248380241176,-3.8453358147330703,0.03978150495196382,4.475212652590917e-05,64,-36937.53904835276,88790624801.2629,88790624747.82117,4.294581694667559,1.2792371011945525,90155006537.94855,2.3784187643078333e+18,2.342424409962654e+18,2.3784187643078333e+18,1.513373291757316,36937.53904835276,2.3424244139706967e+18,88790624899.74777,26381438.54281344,4.684848827941393e+18,177581250000.0,0.5,0.09793950717362658,True,True,False,True,-13.256466474732292,-10.533208033022298,-10.144894688576345,-10.144894688576345,-3.111571786155947,False,0.25,4,32,-1.3997395833333333e-06,1.0416666666666667e-06,6,5.0,controlled_tilt,,unknown_amplitude_exact,,2.3424244139706967e+18,88790624899.74777,quad_over_lin,1e-12
uniform,Uniform,ok,ok,1.2889999197795987e-05,False,,none,260.3857878854391,3905786.8182815863,1.0,3.357142857142857,1163425.8607647277,76781250000.0,2.0255998281153943e+18,2.0255998281153943e+18,2.0255998281153943e+18,4.936809265680052e-19,0.10532073506634214,-13.256466474732292,-9.684463547443015,0.015625,0.0,64,0.0,76781250000.0,76781250000.0,3.9057868182815865,1.1634258607647276,76781250000.0,2.0255998281153943e+18,2.0255998281153943e+18,2.0255998281153943e+18,0.0,0.0,2.3424244139706967e+18,88790624899.74777,26381438.54281344,4.684848827941393e+18,177581250000.0,0.5,0.09793950717362658,False,False,False,True,-13.256466474732292,-13.456972739469613,-13.256466474732292,-13.256466474732292,0.0,True,0.25,4,32,-1.4973958333333334e-06,1.0416666666666667e-06,7,5.0,controlled_tilt,,,,,,,
water_filling,Water-filling,ok,ok,0.00019224000061512925,False,,none,267.25593569852936,4008839.0354779405,0.9999999999997734,3.3571428571422097,1194122.2658872763,63175186669.8709,1.6666523045619663e+18,1.6666523045619663e+18,1.4439919018156762e+18,6.000051704022468e-19,0.1161096199898921,-13.346236534291794,-9.06785319218921,0.020378017950262006,5.111571325569429e-05,58,-91869.69159923274,54735146435.34709,54735146435.33469,4.008839035477941,1.1941222658872763,63175186669.8709,1.666652304561966e+18,1.4439919018156762e+18,1.6666523045619663e+18,13.359739289162075,91869.69159923274,2.3424244139706967e+18,88790624899.74777,26381438.54281344,4.684848827941393e+18,177581250000.0,0.5,0.09793950717362658,False,False,False,True,-13.256466474732292,-13.346236534291794,-13.346236534291794,-13.346236534291794,0.0897700595595019,True,0.25,4,32,-1.0416666666666667e-06,1.0416666666666667e-06,7,5.0,controlled_tilt,0.020419228681695246,,,,,,
conventional_s2,Conventional $S_2$,ok,optimal,0.009198574000038207,False,,conventional_s2,263.31650178923945,3949747.526838592,0.9999999996064263,3.357142856018361,1176520.5403034508,88790624883.91653,2.3424244135530455e+18,2.3424244135530455e+18,1.989954604952346e+18,4.2690811887636365e-19,0.09793950718235783,-11.44599872893407,-3.759992913146633,0.04183398363840336,8.120955856737089e-05,64,-115587.72732734054,75430102210.16257,75430102180.47527,3.9497475268385918,1.1765205403034509,88790624883.91653,2.3424244135530455e+18,1.989954604952346e+18,2.3424244135530455e+18,15.047222295043651,115587.72732734054,2.3424244139706967e+18,88790624899.74777,26381438.54281344,4.684848827941393e+18,177581250000.0,0.5,0.09793950717362658,True,False,True,True,-13.256466474732292,-11.655453081076647,-11.435079561309799,-11.435079561309799,-1.8213869134224936,False,0.25,4,32,-1.46484375e-06,1.0416666666666667e-06,7,5.0,controlled_tilt,,known_amplitude_linear,88790624899.74777,,,,
exact_efim,Exact EFIM,ok,optimal,0.013484150997101096,False,,exact_efim,261.726291981553,3925894.379723295,0.9999999995785958,3.357142855938845,1169415.3475710212,90961082018.78252,2.3996841950663235e+18,2.3996841950663235e+18,2.3424244112928297e+18,4.1672150112751047e-19,0.09676396633423656,-11.320673139791744,-2.705512250622448,0.06156312460163686,7.269355730526412e-05,64,-46588.16610959374,88790624835.65881,88790624798.24207,3.925894379723295,1.1694153475710212,90961082018.78252,2.3996841950663235e+18,2.3424244112928297e+18,2.3996841950663235e+18,2.3861383048326985,46588.16610959374,2.3424244139706967e+18,88790624899.74777,26381438.54281344,4.684848827941393e+18,177581250000.0,0.5,0.09793950717362658,True,True,False,True,-13.256466474732292,-11.532433238675244,-11.320673139791744,-11.320673139791744,-1.9357933349405485,False,0.25,4,32,-1.3671875e-06,1.0416666666666667e-06,7,5.0,controlled_tilt,,unknown_amplitude_exact,,2.3424244139706967e+18,88790624899.74777,quad_over_lin,1e-12
uniform,Uniform,ok,ok,1.3393000699579716e-05,False,,none,256.1734161480945,3842601.242221417,1.0,3.357142857142857,1144604.6253425498,76781250000.0,2.0255998281153943e+18,2.0255998281153943e+18,2.0255998281153943e+18,4.936809265680052e-19,0.10532073506634214,-13.256466474732292,-9.684463547443015,0.015625,0.0,64,0.0,76781250000.0,76781250000.0,3.842601242221417,1.1446046253425497,76781250000.0,2.0255998281153943e+18,2.0255998281153943e+18,2.0255998281153943e+18,0.0,0.0,2.3424244139706967e+18,88790624899.74777,26381438.54281344,4.684848827941393e+18,177581250000.0,0.5,0.09793950717362658,False,False,False,True,-13.256466474732292,-13.456972739469613,-13.256466474732292,-13.256466474732292,0.0,True,0.25,4,32,-1.4973958333333334e-06,1.0416666666666667e-06,0,6.0,controlled_tilt,,,,,,,
water_filling,Water-filling,ok,ok,0.0001664890005486086,False,,none,264.8818451641863,3973227.6774627944,0.999999999999206,3.357142857140589,1183514.6273301428,64123294089.63597,1.6916647421884836e+18,1.6916647421884836e+18,1.4930254576885268e+18,5.911336774131225e-19,0.11524804270580728,-13.92296852177793,-8.434654277816767,0.020388706298624586,5.151264324248456e-05,56,-86772.74463054845,56593784878.96851,56593784878.92358,3.9732276774627944,1.1835146273301427,64123294089.63597,1.6916647421884836e+18,1.4930254576885268e+18,1.6916647421884836e+18,11.742237072517089,86772.74463054845,2.3424244139706967e+18,88790624899.74777,26381438.54281344,4.684848827941393e+18,177581250000.0,0.5,0.09793950717362658,False,False,False,True,-13.256466474732292,-13.92296852177793,-13.92296852177793,-13.92296852177793,0.666502047045638,True,0.25,4,32,-1.0416666666666667e-06,1.0416666666666667e-06,0,6.0,controlled_tilt,0.020440357553048266,,,,,,
conventional_s2,Conventional $S_2$,ok,optimal,0.008155210998666007,False,,conventional_s2,260.9781890963128,3914672.836444692,0.9999999995390052,3.3571428558257295,1166072.760249528,88790624877.08841,2.34242441337291e+18,2.34242441337291e+18,1.9690357680018225e+18,4.2690811890919344e-19,0.09793950718612365,-10.618597828290586,-3.607134069027645,0.043342163034843846,8.47323333274958e-05,64,-118968.31676395972,74637164524.37057,74637164489.96323,3.914672836444692,1.166072760249528,88790624877.08841,2.34242441337291e+18,1.9690357680018225e+18,2.34242441337291e+18,15.940264421742292,118968.31676395972,2.3424244139706967e+18,88790624899.74777,26381438.54281344,4.684848827941393e+18,177581250000.0,0.5,0.09793950717362658,True,False,True,True,-13.256466474732292,-10.892452477228003,-10.609227124139647,-10.609227124139647,-2.6472393505926455,False,0.25,4,32,-1.46484375e-06,1.0416666666666667e-06,0,6.0,controlled_tilt,,known_amplitude_linear,88790624899.74777,,,,
exact_efim,Exact EFIM,ok,optimal,0.009253078998881392,False,,exact_efim,259.0552672900832,3885829.009351248,0.9999999993087023,3.357142855167721,1157480.9821898728,91109386463.77084,2.403596679667409e+18,2.403596679667409e+18,2.3424244090205143e+18,4.1604317748449055e-19,0.0966851798806708,-10.09417000486646,-2.66228941663095,0.03957960586214283,7.165313277808605e-05,64,-48153.52275031235,88790624773.4897,88790624712.10895,3.885829009351248,1.1574809821898728,91109386463.77084,2.403596679667409e+18,2.3424244090205143e+18,2.403596679667409e+18,2.5450305853875257,48153.52275031235,2.3424244139706967e+18,88790624899.74777,26381438.54281344,4.684848827941393e+18,177581250000.0,0.5,0.09793950717362658,True,True,False,True,-13.256466474732292,-10.391168085555574,-10.064500106996299,-10.064500106996299,-3.1919663677359935,False,0.25,4,32,-1.3997395833333333e-06,1.0416666666666667e-06,0,6.0,controlled_tilt,,unknown_amplitude_exact,,2.3424244139706967e+18,88790624899.74777,quad_over_lin,1e-12
uniform,Uniform,ok,ok,1.2514003174146637e-05,False,,none,248.6809059008197,3730213.588512296,1.0,3.357142857142857,1111127.4518972796,76781250000.0,2.0255998281153943e+18,2.0255998281153943e+18,2.0255998281153943e+18,4.936809265680052e-19,0.10532073506634214,-13.256466474732292,-9.684463547443015,0.015625,0.0,64,0.0,76781250000.0,76781250000.0,3.730213588512296,1.1111274518972796,76781250000.0,2.0255998281153943e+18,2.0255998281153943e+18,2.0255998281153943e+18,0.0,0.0,2.3424244139706967e+18,88790624899.74777,26381438.54281344,4.684848827941393e+18,177581250000.0,0.5,0.09793950717362658,False,False,False,True,-13.256466474732292,-13.456972739469613,-13.256466474732292,-13.256466474732292,0.0,True,0.25,4,32,-1.4973958333333334e-06,1.0416666666666667e-06,1,6.0,controlled_tilt,,,,,,,
water_filling,Water-filling,ok,ok,0.00019182300093234517,False,,none,255.69272232607457,3835390.8348911186,1.0000000000006075,3.357142857144593,1142456.8444350616,63690123507.14496,1.6802370790879421e+18,1.6802370790879421e+18,1.465921205928858e+18,5.9515410798029465e-19,0.11563929227275876,-13.679693651966025,-9.206209996951458,0.02050437667026746,4.776435632903542e-05,57,-90131.7767508127,55566386326.84792,55566386326.88168,3.8353908348911188,1.1424568444350616,63690123507.14496,1.6802370790879421e+18,1.465921205928858e+18,1.6802370790879421e+18,12.755097231601264,90131.7767508127,2.3424244139706967e+18,88790624899.74777,26381438.54281344,4.684848827941393e+18,177581250000.0,0.5,0.09793950717362658,False,False,False,True,-13.256466474732292,-13.679693651966025,-13.679693651966025,-13.679693651966025,0.4232271772337324,True,0.25,4,32,-1.0416666666666667e-06,1.0416666666666667e-06,1,6.0,controlled_tilt,0.02053989963364869,,,,,,
conventional_s2,Conventional $S_2$,ok,optimal,0.00793267900007777,False,,conventional_s2,251.78344378385037,3776751.6567577557,0.9999999995473938,3.357142855849697,1124989.8556377802,88790624875.05861,2.342424413319361e+18,2.342424413319361e+18,1.9712928322472614e+18,4.269081189189528e-19,0.09793950718724315,-10.745503254439958,-3.8976131005440435,0.045134911835826325,7.791848089789177e-05,64,-118608.20115486838,74722719534.05208,74722719500.23212,3.7767516567577557,1.1249898556377802,88790624875.05861,2.342424413319361e+18,1.9712928322472614e+18,2.342424413319361e+18,15.843908514690686,118608.20115486838,2.3424244139706967e+18,88790624899.74777,26381438.54281344,4.684848827941393e+18,177581250000.0,0.5,0.09793950717362658,True,False,True,True,-13.256466474732292,-10.979549439416145,-10.727781800733204,-10.727781800733204,-2.528684673999088,False,0.25,4,32,-1.46484375e-06,1.0416666666666667e-06,1,6.0,controlled_tilt,,known_amplitude_linear,88790624899.74777,,,,
exact_efim,Exact EFIM,ok,optimal,0.009200814998621354,False,,exact_efim,250.09345085967294,3751401.762895094,0.9999999993964677,3.3571428554184792,1117438.8235639944,90940228869.99095,2.3991340590030546e+18,2.3991340590030546e+18,2.342424409419747e+18,4.1681705790777857e-19,0.09677505998195764,-10.732311294097785,-3.7138805199432197,0.03586917412419403,4.871952984986177e-05,64,-46363.82365644869,88790624780.83005,88790624727.24203,3.751401762895094,1.1174388235639943,90940228869.99095,2.3991340590030546e+18,2.342424409419747e+18,2.3991340590030546e+18,2.363754929429543,46363.82365644869,2.3424244139706967e+18,88790624899.74777,26381438.54281344,4.684848827941393e+18,177581250000.0,0.5,0.09793950717362658,True,True,False,True,-13.256466474732292,-10.99342355964427,-10.722695592655512,-10.722695592655512,-2.53377088207678,False,0.25,4,32,-1.3997395833333333e-06,1.0416666666666667e-06,1,6.0,controlled_tilt,,unknown_amplitude_exact,,2.3424244139706967e+18,88790624899.74777,quad_over_lin,1e-12
uniform,Uniform,ok,ok,1.2329001037869602e-05,False,,none,250.8512888006686,3762769.3320100293,1.0,3.357142857142857,1120824.9074072428,76781250000.0,2.0255998281153943e+18,2.0255998281153943e+18,2.0255998281153943e+18,4.936809265680052e-19,0.10532073506634214,-13.256466474732292,-9.684463547443015,0.015625,0.0,64,0.0,76781250000.0,76781250000.0,3.7627693320100293,1.1208249074072427,76781250000.0,2.0255998281153943e+18,2.0255998281153943e+18,2.0255998281153943e+18,0.0,0.0,2.3424244139706967e+18,88790624899.74777,26381438.54281344,4.684848827941393e+18,177581250000.0,0.5,0.09793950717362658,False,False,False,True,-13.256466474732292,-13.456972739469613,-13.256466474732292,-13.256466474732292,0.0,True,0.25,4,32,-1.4973958333333334e-06,1.0416666666666667e-06,2,6.0,controlled_tilt,,,,,,,
water_filling,Water-filling,ok,ok,0.0001871410022431519,False,,none,258.661756004416,3879926.34006624,1.000000000000475,3.3571428571442143,1155722.739593732,60797297181.90474,1.6039201591735846e+18,1.6039201591735846e+18,1.4052154754367324e+18,6.234724305200124e-19,0.11835846777158487,-13.626923759889518,-10.231916598986464,0.02023072998050156,4.51632136068385e-05,57,-86787.02781793062,53265308984.4056,53265308984.4309,3.8799263400662403,1.155722739593732,60797297181.90474,1.6039201591735846e+18,1.4052154754367324e+18,1.6039201591735846e+18,12.388689212512565,86787.02781793062,2.3424244139706967e+18,88790624899.74777,26381438.54281344,4.684848827941393e+18,177581250000.0,0.5,0.09793950717362658,False,False,False,True,-13.256466474732292,-13.626923759889518,-13.626923759889518,-13.626923759889518,0.37045728515722587,True,0.25,4,32,-1.0416666666666667e-06,1.0416666666666667e-06,2,6.0,controlled_tilt,0.02028393003942524,,,,,,
conventional_s2,Conventional $S_2$,ok,optimal,0.008198433999496046,False,,conventional_s2,253.56912536641786,3803536.880496268,0.9999999994737355,3.3571428556392444,1132968.4329956893,88790624872.90175,2.34242441326246e+18,2.34242441326246e+18,1.8614942343539156e+18,4.2690811892932307e-19,0.0979395071884327,-10.17199165738424,-3.405568886133656,0.05419001273200428,9.664106838654678e-05,64,-135018.03360219125,70560755521.82666,70560755484.69304,3.803536880496268,1.1329684329956893,88790624872.90175,2.34242441326246e+18,1.8614942343539156e+18,2.34242441326246e+18,20.531299801418943,135018.03360219125,2.3424244139706967e+18,88790624899.74777,26381438.54281344,4.684848827941393e+18,177581250000.0,0.5,0.09793950717362658,True,False,True,True,-13.256466474732292,-10.17199165738424,-10.17199165738424,-10.17199165738424,-3.0844748173480525,False,0.25,4,32,-1.5625e-06,1.0416666666666667e-06,2,6.0,controlled_tilt,,known_amplitude_linear,88790624899.74777,,,,
exact_efim,Exact EFIM,ok,optimal,0.009404525000718422,False,,exact_efim,251.08738283771024,3766310.7425656538,0.9999999997568267,3.3571428564480765,1121879.795890034,90962964754.95589,2.3997338643549737e+18,2.3997338643549737e+18,2.3424244108839716e+18,4.1671287589584052e-19,0.0967629649268897,-11.068570885177396,-3.3735724156751683,0.03805156728247873,5.538608017859068e-05,64,-46608.36805488938,88790624804.33562,88790624782.74411,3.7663107425656537,1.121879795890034,90962964754.95589,2.3997338643549737e+18,2.3424244108839716e+18,2.3997338643549737e+18,2.3881587171920153,46608.36805488938,2.3424244139706967e+18,88790624899.74777,26381438.54281344,4.684848827941393e+18,177581250000.0,0.5,0.09793950717362658,True,True,False,True,-13.256466474732292,-11.376316375099195,-11.03674821661018,-11.03674821661018,-2.2197182581221124,False,0.25,4,32,-1.3997395833333333e-06,1.0416666666666667e-06,2,6.0,controlled_tilt,,unknown_amplitude_exact,,2.3424244139706967e+18,88790624899.74777,quad_over_lin,1e-12
uniform,Uniform,ok,ok,1.3054999726591632e-05,False,,none,275.041909871506,4125628.64807259,1.0,3.357142857142857,1228910.6611280055,76781250000.0,2.0255998281153943e+18,2.0255998281153943e+18,2.0255998281153943e+18,4.936809265680052e-19,0.10532073506634214,-13.256466474732292,-9.684463547443015,0.015625,0.0,64,0.0,76781250000.0,76781250000.0,4.12562864807259,1.2289106611280054,76781250000.0,2.0255998281153943e+18,2.0255998281153943e+18,2.0255998281153943e+18,0.0,0.0,2.3424244139706967e+18,88790624899.74777,26381438.54281344,4.684848827941393e+18,177581250000.0,0.5,0.09793950717362658,False,False,False,True,-13.256466474732292,-13.456972739469613,-13.256466474732292,-13.256466474732292,0.0,True,0.25,4,32,-1.4973958333333334e-06,1.0416666666666667e-06,3,6.0,controlled_tilt,,,,,,,
water_filling,Water-filling,ok,ok,0.00019740599964279681,False,,none,283.79096298810884,4256864.4448216325,0.9999999999996749,3.3571428571419286,1268002.175053603,61780753169.698524,1.6298651428751283e+18,1.6298651428751283e+18,1.4196188462547963e+18,6.135476940355762e-19,0.11741264491277191,-13.956738583832598,-9.373750879887186,0.019920903699417958,4.8905113838813817e-05,55,-89271.93341959725,53811275073.245605,53811275073.22811,4.256864444821632,1.268002175053603,61780753169.698524,1.629865142875128e+18,1.4196188462547963e+18,1.6298651428751283e+18,12.89961304709245,89271.93341959725,2.3424244139706967e+18,88790624899.74777,26381438.54281344,4.684848827941393e+18,177581250000.0,0.5,0.09793950717362658,False,False,False,True,-13.256466474732292,-13.956738583832598,-13.956738583832598,-13.956738583832598,0.7002721091003057,True,0.25,4,32,-1.0416666666666667e-06,1.0416666666666667e-06,3,6.0,controlled_tilt,0.01997167538699895,,,,,,
conventional_s2,Conventional $S_2$,ok,optimal,0.007991375001438428,False,,conventional_s2,278.6255979177271,4179383.968765906,0.9999999992807114,3.357142855087747,1244922.8850753412,88790624865.81633,2.342424413075537e+18,2.342424413075537e+18,1.7820381135959068e+18,4.269081189633899e-19,0.09793950719234043,-9.634951488416085,-3.1657760378710096,0.05637151547018222,0.00010918152078950348,64,-145745.28639585455,67548936423.072754,67548936374.48557,4.179383968765906,1.244922885075341,88790624865.81633,2.3424244130755364e+18,1.7820381135959068e+18,2.342424413075537e+18,23.923346100370374,145745.28639585455,2.3424244139706967e+18,88790624899.74777,26381438.54281344,4.684848827941393e+18,177581250000.0,0.5,0.09793950717362658,True,False,True,True,-13.256466474732292,-9.634951488416085,-9.634951488416085,-9.634951488416085,-3.621514986316207,False,0.25,4,32,-1.5625e-06,1.0416666666666667e-06,3,6.0,controlled_tilt,,known_amplitude_linear,88790624899.74777,,,,
exact_efim,Exact EFIM,ok,optimal,0.009137748002103763,False,,exact_efim,275.79583489626623,4136937.5234439936,0.9999999993163924,3.357142855189693,1232279.2630193983,91116054572.67479,2.4037725939726556e+18,2.4037725939726556e+18,2.342424409154661e+18,4.160127303670289e-19,0.0966816419799812,-10.771146452956062,-3.336667333402791,0.0364475212183132,5.610827595906151e-05,64,-48222.71100913588,88790624777.89178,88790624717.19383,4.136937523443994,1.2322792630193984,91116054572.67479,2.4037725939726556e+18,2.342424409154661e+18,2.4037725939726556e+18,2.552162586919511,48222.71100913588,2.3424244139706967e+18,88790624899.74777,26381438.54281344,4.684848827941393e+18,177581250000.0,0.5,0.09793950717362658,True,True,False,True,-13.256466474732292,-11.122300681052113,-10.744050121338024,-10.744050121338024,-2.5124163533942685,False,0.25,4,32,-1.3997395833333333e-06,1.0416666666666667e-06,3,6.0,controlled_tilt,,unknown_amplitude_exact,,2.3424244139706967e+18,88790624899.74777,quad_over_lin,1e-12
uniform,Uniform,ok,ok,1.2853000953327864e-05,False,,none,238.9796826454383,3584695.2396815745,1.0,3.357142857142857,1067781.5607562137,76781250000.0,2.0255998281153943e+18,2.0255998281153943e+18,2.0255998281153943e+18,4.936809265680052e-19,0.10532073506634214,-13.256466474732292,-9.684463547443015,0.015625,0.0,64,0.0,76781250000.0,76781250000.0,3.5846952396815746,1.0677815607562138,76781250000.0,2.0255998281153943e+18,2.0255998281153943e+18,2.0255998281153943e+18,0.0,0.0,2.3424244139706967e+18,88790624899.74777,26381438.54281344,4.684848827941393e+18,177581250000.0,0.5,0.09793950717362658,False,False,False,True,-13.256466474732292,-13.456972739469613,-13.256466474732292,-13.256466474732292,0.0,True,0.25,4,32,-1.4973958333333334e-06,1.0416666666666667e-06,4,6.0,controlled_tilt,,,,,,,
water_filling,Water-filling,ok,ok,0.00019382299797143787,False,,none,251.6365508611372,3774548.262917058,1.0000000000002944,3.3571428571436988,1124333.5251239482,62188074904.12393,1.6406108761790246e+18,1.6406108761790246e+18,1.298856410858948e+18,6.095290568407028e-19,0.11702749638718989,-11.427769542264869,-8.030583805941946,0.02177163571409133,7.42990672561661e-05,50,-113817.19077615027,49233721987.93104,49233721987.94553,3.774548262917058,1.1243335251239481,62188074904.12393,1.6406108761790241e+18,1.298856410858948e+18,1.6406108761790246e+18,20.830927691764494,113817.19077615027,2.3424244139706967e+18,88790624899.74777,26381438.54281344,4.684848827941393e+18,177581250000.0,0.5,0.09793950717362658,False,False,False,True,-13.256466474732292,-11.427769542264869,-11.427769542264869,-11.427769542264869,-1.8286969324674232,False,0.25,4,32,-1.0416666666666667e-06,1.0416666666666667e-06,4,6.0,controlled_tilt,0.02185925162024626,,,,,,
conventional_s2,Conventional $S_2$,ok,optimal,0.007708736000495264,False,,conventional_s2,247.34651681102966,3710197.7521654447,0.9999999993129794,3.3571428551799416,1105165.2885252568,88790624858.61496,2.3424244128855537e+18,2.3424244128855537e+18,1.655048305368679e+18,4.269081189980144e-19,0.09793950719631213,-10.996409014329059,-3.400099702805874,0.053171211368911744,0.00012322147551041188,64,-161416.5198673287,62735332033.53623,62735331990.43577,3.7101977521654446,1.1051652885252568,88790624858.61496,2.3424244128855537e+18,1.655048305368679e+18,2.3424244128855537e+18,29.344644110420592,161416.5198673287,2.3424244139706967e+18,88790624899.74777,26381438.54281344,4.684848827941393e+18,177581250000.0,0.5,0.09793950717362658,True,False,True,True,-13.256466474732292,-11.00689374581716,-10.985682831860686,-10.985682831860686,-2.2707836428716064,False,0.25,4,32,-1.5299479166666667e-06,1.0416666666666667e-06,4,6.0,controlled_tilt,,known_amplitude_linear,88790624899.74777,,,,
exact_efim,Exact EFIM,ok,optimal,0.009363158998894505,False,,exact_efim,244.06821651948724,3661023.2477923087,0.9999999993529325,3.357142855294093,1090517.5637727205,92318651042.53561,2.435498818834093e+18,2.435498818834093e+18,2.3424244162110664e+18,4.1059350645824327e-19,0.0960498620880133,-10.985493129797206,-2.2397122492357484,0.0537454346304469,8.837283894908536e-05,64,-59397.18899197596,88790625042.12349,88790624984.66997,3.6610232477923086,1.0905175637727205,92318651042.53561,2.435498818834093e+18,2.3424244162110664e+18,2.435498818834093e+18,3.821574533449484,59397.18899197596,2.3424244139706967e+18,88790624899.74777,26381438.54281344,4.684848827941393e+18,177581250000.0,0.5,0.09793950717362658,True,True,False,True,-13.256466474732292,-11.058770446637054,-10.983202794557872,-10.983202794557872,-2.27326368017442,False,0.25,4,32,-1.3346354166666666e-06,1.0416666666666667e-06,4,6.0,controlled_tilt,,unknown_amplitude_exact,,2.3424244139706967e+18,88790624899.74777,quad_over_lin,1e-12
uniform,Uniform,ok,ok,1.2855998647864908e-05,False,,none,266.6838717032642,4000258.0755489627,1.0,3.357142857142857,1191566.2352699037,76781250000.0,2.0255998281153943e+18,2.0255998281153943e+18,2.0255998281153943e+18,4.936809265680052e-19,0.10532073506634214,-13.256466474732292,-9.684463547443015,0.015625,0.0,64,0.0,76781250000.0,76781250000.0,4.000258075548962,1.1915662352699037,76781250000.0,2.0255998281153943e+18,2.0255998281153943e+18,2.0255998281153943e+18,0.0,0.0,2.3424244139706967e+18,88790624899.74777,26381438.54281344,4.684848827941393e+18,177581250000.0,0.5,0.09793950717362658,False,False,False,True,-13.256466474732292,-13.456972739469613,-13.256466474732292,-13.256466474732292,0.0,True,0.25,4,32,-1.4973958333333334e-06,1.0416666666666667e-06,5,6.0,controlled_tilt,,,,,,,
water_filling,Water-filling,ok,ok,0.0002035530014836695,False,,none,274.85437062869636,4122815.5594304455,1.000000000000898,3.3571428571454227,1228072.719829407,65103095872.581406,1.7175133227093975e+18,1.7175133227093975e+18,1.5330741561579942e+18,5.822371138422893e-19,0.11437751323124397,-14.531355165476299,-9.001557447949114,0.01991676777452145,4.3313876671729294e-05,57,-83613.68016708245,58111848361.43979,58111848361.491974,4.122815559430445,1.228072719829407,65103095872.581406,1.7175133227093975e+18,1.5330741561579942e+18,1.7175133227093975e+18,10.738732801236635,83613.68016708245,2.3424244139706967e+18,88790624899.74777,26381438.54281344,4.684848827941393e+18,177581250000.0,0.5,0.09793950717362658,False,False,False,True,-13.256466474732292,-14.531355165476299,-14.531355165476299,-14.531355165476299,1.2748886907440067,True,0.25,4,32,-1.0416666666666667e-06,1.0416666666666667e-06,5,6.0,controlled_tilt,0.01994664073386524,,,,,,
conventional_s2,Conventional $S_2$,ok,optimal,0.007676607998291729,False,,conventional_s2,271.0030999687136,4065046.499530704,0.9999999996832272,3.3571428562377923,1210864.9150802684,88790624886.09996,2.3424244136106476e+18,2.3424244136106476e+18,1.9568944570801288e+18,4.2690811886586565e-19,0.09793950718115361,-10.405655766870796,-3.608713560158185,0.04590799727501352,8.465271431877007e-05,64,-120887.06348056604,74176942797.27202,74176942773.77478,4.0650464995307045,1.2108649150802684,88790624886.09996,2.3424244136106476e+18,1.9568944570801288e+18,2.3424244136106476e+18,16.45858685088827,120887.06348056604,2.3424244139706967e+18,88790624899.74777,26381438.54281344,4.684848827941393e+18,177581250000.0,0.5,0.09793950717362658,True,False,True,True,-13.256466474732292,-10.60632845518743,-10.383816071431621,-10.383816071431621,-2.8726504033006712,False,0.25,4,32,-1.46484375e-06,1.0416666666666667e-06,5,6.0,controlled_tilt,,known_amplitude_linear,88790624899.74777,,,,
exact_efim,Exact EFIM,ok,optimal,0.00984721900022123,False,,exact_efim,268.70771703202047,4030615.755480307,0.9999999993909316,3.357142855402662,1200608.9490632855,91236239381.18805,2.406943242112228e+18,2.406943242112228e+18,2.3424244097252797e+18,4.154647199418146e-19,0.09661794199709331,-9.443483897619009,-2.7387893730033133,0.04377196168681016,6.82050938487093e-05,64,-49453.15605554634,88790624792.90294,88790624738.82338,4.030615755480307,1.2006089490632854,91236239381.18805,2.406943242112228e+18,2.3424244097252797e+18,2.406943242112228e+18,2.680529862861627,49453.15605554634,2.3424244139706967e+18,88790624899.74777,26381438.54281344,4.684848827941393e+18,177581250000.0,0.5,0.09793950717362658,True,True,False,True,-13.256466474732292,-9.851197230944726,-9.431787562587612,-9.431787562587612,-3.8246789121446803,False,0.25,4,32,-1.3997395833333333e-06,1.0416666666666667e-06,5,6.0,controlled_tilt,,unknown_amplitude_exact,,2.3424244139706967e+18,88790624899.74777,quad_over_lin,1e-12
uniform,Uniform,ok,ok,1.1962998542003334e-05,False,,none,265.6472417762749,3984708.6266441233,1.0,3.357142857142857,1186934.484532292,76781250000.0,2.0255998281153943e+18,2.0255998281153943e+18,2.0255998281153943e+18,4.936809265680052e-19,0.10532073506634214,-13.256466474732292,-9.684463547443015,0.015625,0.0,64,0.0,76781250000.0,76781250000.0,3.984708626644123,1.186934484532292,76781250000.0,2.0255998281153943e+18,2.0255998281153943e+18,2.0255998281153943e+18,0.0,0.0,2.3424244139706967e+18,88790624899.74777,26381438.54281344,4.684848827941393e+18,177581250000.0,0.5,0.09793950717362658,False,False,False,True,-13.256466474732292,-13.456972739469613,-13.256466474732292,-13.256466474732292,0.0,True,0.25,4,32,-1.4973958333333334e-06,1.0416666666666667e-06,6,6.0,controlled_tilt,,,,,,,
water_filling,Water-filling,ok,ok,0.0001887559992610477,False,,none,275.7044091054971,4135566.136582457,1.0000000000004787,3.357142857144225,1231870.7640878896,64397415724.05113,1.6988964652400627e+18,1.6988964652400627e+18,1.4759955618190715e+18,5.886173880870927e-19,0.11500249191189443,-14.151222137260806,-8.135429392568343,0.020416702279237153,5.459851636844226e-05,54,-91919.29350305448,55948259205.919624,55948259205.94641,4.135566136582457,1.2318707640878896,64397415724.05113,1.6988964652400627e+18,1.4759955618190715e+18,1.6988964652400627e+18,13.120334757391717,91919.29350305448,2.3424244139706967e+18,88790624899.74777,26381438.54281344,4.684848827941393e+18,177581250000.0,0.5,0.09793950717362658,False,False,False,True,-13.256466474732292,-14.151222137260806,-14.151222137260806,-14.151222137260806,0.8947556625285138,True,0.25,4,32,-1.0416666666666667e-06,1.0416666666666667e-06,6,6.0,controlled_tilt,0.020447954660885004,,,,,,
conventional_s2,Conventional $S_2$,ok,optimal,0.008280496000224957,False,,conventional_s2,271.5843620570033,4073765.4308550498,0.999999999419114,3.357142855483183,1213462.0438333196,88790624874.10648,2.3424244132942423e+18,2.3424244132942423e+18,1.8379205515064924e+18,4.269081189235307e-19,0.09793950718776825,-9.689190408025134,-3.2911863453880357,0.05071538038731811,0.00010233854677400568,64,-138287.52723686144,69667184736.39801,69667184695.92932,4.07376543085505,1.2134620438333195,88790624874.10648,2.3424244132942423e+18,1.8379205515064924e+18,2.3424244132942423e+18,21.537679462546524,138287.52723686144,2.3424244139706967e+18,88790624899.74777,26381438.54281344,4.684848827941393e+18,177581250000.0,0.5,0.09793950717362658,True,False,True,True,-13.256466474732292,-9.711554106413239,-9.676272905931711,-9.676272905931711,-3.5801935688005813,False,0.25,4,32,-1.5299479166666667e-06,1.0416666666666667e-06,6,6.0,controlled_tilt,,known_amplitude_linear,88790624899.74777,,,,
exact_efim,Exact EFIM,ok,optimal,0.009432252001715824,False,,exact_efim,268.93954364007766,4034093.154601165,0.9999999994585347,3.3571428555958134,1201644.77000941,91449962843.90085,2.412581574508943e+18,2.412581574508943e+18,2.342424410312356e+18,4.1449375663226646e-19,0.0965049753027438,-10.1487389931097,-2.258096710267265,0.056898489431405345,8.320878107141182e-05,64,-51568.77043583672,88790624809.15381,88790624761.07677,4.034093154601165,1.2016447700094102,91449962843.90085,2.412581574508943e+18,2.342424410312356e+18,2.412581574508943e+18,2.9079706542510095,51568.77043583672,2.3424244139706967e+18,88790624899.74777,26381438.54281344,4.684848827941393e+18,177581250000.0,0.5,0.09793950717362658,True,True,False,True,-13.256466474732292,-10.522469060854206,-10.132834300036965,-10.132834300036965,-3.1236321746953273,False,0.25,4,32,-1.3997395833333333e-06,1.0416666666666667e-06,6,6.0,controlled_tilt,,unknown_amplitude_exact,,2.3424244139706967e+18,88790624899.74777,quad_over_lin,1e-12
uniform,Uniform,ok,ok,1.2881999282399192e-05,False,,none,244.83508246687484,3672526.2370031225,1.0,3.357142857142857,1093943.9854902918,76781250000.0,2.0255998281153943e+18,2.0255998281153943e+18,2.0255998281153943e+18,4.936809265680052e-19,0.10532073506634214,-13.256466474732292,-9.684463547443015,0.015625,0.0,64,0.0,76781250000.0,76781250000.0,3.6725262370031224,1.093943985490292,76781250000.0,2.0255998281153943e+18,2.0255998281153943e+18,2.0255998281153943e+18,0.0,0.0,2.3424244139706967e+18,88790624899.74777,26381438.54281344,4.684848827941393e+18,177581250000.0,0.5,0.09793950717362658,False,False,False,True,-13.256466474732292,-13.456972739469613,-13.256466474732292,-13.256466474732292,0.0,True,0.25,4,32,-1.4973958333333334e-06,1.0416666666666667e-06,7,6.0,controlled_tilt,,,,,,,
water_filling,Water-filling,ok,ok,0.00018235199968330562,False,,none,256.1109994997217,3841664.9924958255,0.9999999999998199,3.357142857142343,1144325.7424457404,59142042796.00236,1.5602521673191782e+18,1.5602521673191782e+18,1.3219983482291633e+18,6.409220387228801e-19,0.12000333344002861,-12.472189786953047,-8.551699752332823,0.021052530710132206,6.517356096678551e-05,51,-95032.18150179676,50110927275.02257,50110927275.01354,3.8416649924958257,1.1443257424457405,59142042796.00236,1.5602521673191785e+18,1.3219983482291633e+18,1.5602521673191782e+18,15.270212346468465,95032.18150179676,2.3424244139706967e+18,88790624899.74777,26381438.54281344,4.684848827941393e+18,177581250000.0,0.5,0.09793950717362658,False,False,False,True,-13.256466474732292,-12.472189786953047,-12.472189786953047,-12.472189786953047,-0.7842766877792453,False,0.25,4,32,-1.0416666666666667e-06,1.0416666666666667e-06,7,6.0,controlled_tilt,0.021081155709150416,,,,,,
conventional_s2,Conventional $S_2$,ok,optimal,0.007937840997328749,False,,conventional_s2,250.47275068572418,3757091.2602858627,0.9999999995282057,3.3571428557948737,1119133.5673430236,88790624874.00139,2.3424244132914703e+18,2.3424244132914703e+18,1.6283150823241352e+18,4.2690811892403586e-19,0.09793950718782621,-9.729854587552188,-2.3099404101105043,0.062499994289149936,0.00015020348107257613,64,-164525.46137963684,61721997473.70992,61721997444.589836,3.7570912602858626,1.1191335673430236,88790624874.00139,2.34242441329147e+18,1.6283150823241352e+18,2.3424244132914703e+18,30.48590711893668,164525.46137963684,2.3424244139706967e+18,88790624899.74777,26381438.54281344,4.684848827941393e+18,177581250000.0,0.5,0.09793950717362658,True,False,True,True,-13.256466474732292,-9.873320534968842,-9.719974727307367,-9.719974727307367,-3.5364917474249253,False,0.25,4,32,-1.6601562500000001e-06,1.0416666666666667e-06,7,6.0,controlled_tilt,,known_amplitude_linear,88790624899.74777,,,,
exact_efim,Exact EFIM,ok,optimal,0.009350137002911652,False,,exact_efim,247.60314602336467,3714047.19035047,0.9999999996372955,3.3571428561065586,1106311.9293820672,91236387929.021,2.406947161017753e+18,2.406947161017753e+18,2.34242441487821e+18,4.154640434969749e-19,0.09661786334211762,-12.405476218536009,-2.644986581763477,0.04373639091637921,7.47748779001578e-05,64,-49454.6559563464,88790624966.35225,88790624934.14749,3.71404719035047,1.1063119293820671,91236387929.021,2.406947161017753e+18,2.34242441487821e+18,2.406947161017753e+18,2.680688100866338,49454.6559563464,2.3424244139706967e+18,88790624899.74777,26381438.54281344,4.684848827941393e+18,177581250000.0,0.5,0.09793950717362658,True,True,False,True,-13.256466474732292,-12.576665062332289,-12.405476218536009,-12.405476218536009,-0.8509902561962832,False,0.25,4,32,-1.3671875e-06,1.0416666666666667e-06,7,6.0,controlled_tilt,,unknown_amplitude_exact,,2.3424244139706967e+18,88790624899.74777,quad_over_lin,1e-12
